hour,EUE,USE_hours,max_unserved_MW,objective_value,solver_status,solve_time_s,truncated,error_message
1,0.0,0,0.0,1629984.0116483057,optimal,0.9966507999997702,False,
2,0.0,0,0.0,1579824.5686812974,optimal,0.9081890000015846,False,
3,0.0,0,0.0,1550726.5365783568,optimal,0.9846820999955526,False,
4,0.0,0,0.0,1558154.2974834135,optimal,1.0044349000017974,False,
5,0.0,0,0.0,1577799.585655634,optimal,0.9809443999984069,False,
6,0.0,0,0.0,1605235.2972918248,optimal,1.0280977000002167,False,
7,0.0,0,0.0,1595652.949714228,optimal,1.1588167999943835,False,
8,0.0,0,0.0,1626695.7133609133,optimal,1.1759621000019251,False,
9,0.0,0,0.0,1641892.8899911481,optimal,1.1189966000019922,False,
10,0.0,0,0.0,1662820.7903425922,optimal,1.3245908999961102,False,
11,0.0,0,0.0,1708251.9030492061,optimal,1.272153600002639,False,
12,0.0,0,0.0,1719331.4349513866,optimal,1.3474271000013687,False,
13,0.0,0,0.0,1737751.1295619938,optimal,1.353733399999328,False,
14,0.0,0,0.0,1751238.6502456013,optimal,1.2973695999971824,False,
15,0.0,0,0.0,1758554.8722580748,optimal,1.3838794999974198,False,
16,0.0,0,0.0,1787432.796878927,optimal,1.285855399997672,False,
17,0.0,0,0.0,1831804.1093417678,optimal,1.2596336999995401,False,
18,0.0,0,0.0,1874945.9402696579,optimal,1.196531599998707,False,
19,0.0,0,0.0,1924887.0365212858,optimal,1.1466859000065597,False,
20,0.0,0,0.0,1964210.2741970357,optimal,1.1637294000029215,False,
21,0.0,0,0.0,2013918.2494873444,optimal,1.077067400001397,False,
22,0.0,0,0.0,2040614.6046169493,optimal,0.27579510000214214,False,
23,0.0,0,0.0,2069518.7513728214,optimal,0.29979760000423994,False,
24,0.0,0,0.0,2099598.9202655237,optimal,0.2095954000033089,False,
25,0.0,0,0.0,2129430.971535812,optimal,0.29537770000024466,False,
26,0.0,0,0.0,2154690.164789975,optimal,0.2734649999983958,False,
27,0.0,0,0.0,2169926.172373513,optimal,0.3146391000045696,False,
28,0.0,0,0.0,2178108.1733506536,optimal,0.2877745000005234,False,
29,0.0,0,0.0,2184571.636924968,optimal,0.24932110000372631,False,
30,0.0,0,0.0,2184173.3684478356,optimal,0.2867913000009139,False,
31,0.0,0,0.0,2183538.2226141794,optimal,0.27755639999668347,False,
32,0.0,0,0.0,2186180.8746888167,optimal,0.2240340999996988,False,
33,0.0,0,0.0,2201109.524555704,optimal,0.20969969999714522,False,
34,0.0,0,0.0,2223923.275366968,optimal,0.22627990000182763,False,
35,0.0,0,0.0,2240087.1031349157,optimal,0.18101649999880465,False,
36,0.0,0,0.0,2275070.0792166856,optimal,0.16708170000492828,False,
37,0.0,0,0.0,2300478.3442194997,optimal,0.14316739999776473,False,
38,0.0,0,0.0,2299255.086971053,optimal,0.14663410000503063,False,
39,0.0,0,0.0,2302870.1040102453,optimal,0.11175209999782965,False,
40,0.0,0,0.0,2296302.287157765,optimal,0.09851380000327481,False,
41,0.0,0,0.0,2303662.2541798386,optimal,0.08847959999548038,False,
42,0.0,0,0.0,2309907.8653700687,optimal,0.1562807000009343,False,
43,0.0,0,0.0,2313481.0787177556,optimal,0.08679619999747956,False,
44,0.0,0,0.0,2332043.492398869,optimal,0.08490840000013122,False,
45,0.0,0,0.0,2350055.1937890807,optimal,0.08531610000500223,False,
46,0.0,0,0.0,2369100.5152449133,optimal,0.16170400000555674,False,
47,0.0,0,0.0,2392279.060808092,optimal,0.15328649999719346,False,
48,0.0,0,0.0,2413607.6631068797,optimal,0.15947779999987688,False,
49,0.0,0,0.0,2433881.703345251,optimal,0.09015439999348018,False,
50,0.0,0,0.0,2451765.7383525954,optimal,0.15490940000017872,False,
51,0.0,0,0.0,2466239.4224169636,optimal,0.08674500000051921,False,
52,0.0,0,0.0,2472362.3843754567,optimal,0.08550130000367062,False,
53,0.0,0,0.0,2470994.549652849,optimal,0.08425790000183042,False,
54,0.0,0,0.0,2494206.3041139534,optimal,0.08207840000250144,False,
55,0.0,0,0.0,2505989.818769896,optimal,0.08202259999961825,False,
56,0.0,0,0.0,2514405.6408993755,optimal,0.15216179999697488,False,
57,0.0,0,0.0,2515197.74335715,optimal,0.1575760999985505,False,
58,0.0,0,0.0,2513833.687842196,optimal,0.08262570000078995,False,
59,0.0,0,0.0,2517278.8800930916,optimal,0.15187169999990147,False,
60,0.0,0,0.0,2518441.1900930917,optimal,0.08312319999822648,False,
61,0.0,0,0.0,2518080.583679461,optimal,0.0834339000066393,False,
62,0.0,0,0.0,2509795.810971475,optimal,0.08708979999937583,False,
63,0.0,0,0.0,2496623.121951298,optimal,0.08161199999449309,False,
64,0.0,0,0.0,2478903.0160359857,optimal,0.09261020000121789,False,
65,0.0,0,0.0,2474215.2097223112,optimal,0.08748299999570008,False,
66,0.0,0,0.0,2470596.2630402176,optimal,0.15203250000195112,False,
67,0.0,0,0.0,2473848.2580402186,optimal,0.08736329999373993,False,
68,0.0,0,0.0,2477076.059369934,optimal,0.08941549999872223,False,
69,0.0,0,0.0,2478655.3740816396,optimal,0.0922024000028614,False,
70,0.0,0,0.0,2477796.7853243626,optimal,0.09140710000065155,False,
71,0.0,0,0.0,2482719.765633604,optimal,0.084176699994714,False,
72,0.0,0,0.0,2490864.806808756,optimal,0.15257719999499386,False,
73,0.0,0,0.0,2499523.1456999625,optimal,0.08249349999823608,False,
74,0.0,0,0.0,2506880.3206999623,optimal,0.15051479999965522,False,
75,0.0,0,0.0,2513626.1895432537,optimal,0.0848420000038459,False,
76,0.0,0,0.0,2526107.051653528,optimal,0.08971089999977266,False,
77,0.0,0,0.0,2533352.7308221417,optimal,0.0880410000027041,False,
78,0.0,0,0.0,2539167.2284575542,optimal,0.08334279999689898,False,
79,0.0,0,0.0,2549305.8743116152,optimal,0.08796799999981886,False,
80,0.0,0,0.0,2556693.6841753926,optimal,0.09027420000347774,False,
81,0.0,0,0.0,2566164.296385902,optimal,0.15219950000027893,False,
82,0.0,0,0.0,2574740.4409000278,optimal,0.08797010000125738,False,
83,0.0,0,0.0,2585542.306989794,optimal,0.08495930000208318,False,
84,0.0,0,0.0,2583532.4328666846,optimal,0.15333620000455994,False,
85,0.0,0,0.0,2574695.739540492,optimal,0.15344610000465764,False,
86,0.0,0,0.0,2566419.0834972756,optimal,0.08235160000185715,False,
87,0.0,0,0.0,2570596.2270507924,optimal,0.08512310000514844,False,
88,0.0,0,0.0,2575964.8697498622,optimal,0.1526469000018551,False,
89,0.0,0,0.0,2583088.7338728835,optimal,0.08207519999996293,False,
90,0.0,0,0.0,2596195.294376272,optimal,0.08065340000030119,False,
91,0.0,0,0.0,2602097.8703862526,optimal,0.08209809999971185,False,
92,0.0,0,0.0,2610048.565386254,optimal,0.14968470000167144,False,
93,0.0,0,0.0,2616538.7159395963,optimal,0.07978359999833629,False,
94,0.0,0,0.0,2625515.7059395956,optimal,0.08237260000169044,False,
95,0.0,0,0.0,2633503.163526551,optimal,0.15562120000686264,False,
96,0.0,0,0.0,2641967.5064093485,optimal,0.15057810000143945,False,
97,0.0,0,0.0,2647542.1779274833,optimal,0.08443819999956759,False,
98,0.0,0,0.0,2644088.9809026127,optimal,0.1567557999951532,False,
99,0.0,0,0.0,2636308.9762173244,optimal,0.08517850000498584,False,
100,0.0,0,0.0,2629500.053307659,optimal,0.08535650000703754,False,
101,0.0,0,0.0,2617689.73904579,optimal,0.15029900000081398,False,
102,0.0,0,0.0,2594964.9271040456,optimal,0.08231379999779165,False,
103,0.0,0,0.0,2578149.404362238,optimal,0.15151830000104383,False,
104,0.0,0,0.0,2571229.8541648104,optimal,0.084276100002171,False,
105,0.0,0,0.0,2596537.7580731185,optimal,0.08121549999486888,False,
106,0.0,0,0.0,2589048.562548506,optimal,0.08104060000187019,False,
107,0.0,0,0.0,2589469.1926515903,optimal,0.08016429999406682,False,
108,0.0,0,0.0,2573290.1093412936,optimal,0.0779742999948212,False,
109,0.0,0,0.0,2554895.2174151205,optimal,0.08488289999513654,False,
110,0.0,0,0.0,2540513.5234465864,optimal,0.08362209999904735,False,
111,0.0,0,0.0,2521465.3753515603,optimal,0.08256180000171298,False,
112,0.0,0,0.0,2506294.3798253005,optimal,0.08615950000239536,False,
113,0.0,0,0.0,2554764.9914654684,optimal,0.0926571999953012,False,
114,0.0,0,0.0,2538938.4028336187,optimal,0.08284039999853121,False,
115,0.0,0,0.0,2602788.598193867,optimal,0.08127880000392906,False,
116,0.0,0,0.0,2601399.913031471,optimal,0.08866680000210181,False,
117,0.0,0,0.0,2664721.5842824513,optimal,0.08058599999640137,False,
118,0.0,0,0.0,2740522.6719500464,optimal,0.08019269999931566,False,
119,0.0,0,0.0,2759195.201231205,optimal,0.08223159999761265,False,
120,0.0,0,0.0,2814154.553696819,optimal,0.08115769999858458,False,
121,0.0,0,0.0,2834579.6626732964,optimal,0.07971700000052806,False,
122,0.0,0,0.0,2854618.970626821,optimal,0.08330239999486366,False,
123,0.0,0,0.0,2866654.4088089224,optimal,0.08378480000101263,False,
124,0.0,0,0.0,2893708.063249848,optimal,0.08567320000292966,False,
125,0.0,0,0.0,2918285.642021577,optimal,0.08872379999957047,False,
126,0.0,0,0.0,2917682.382022475,optimal,0.09495829999650596,False,
127,0.0,0,0.0,2920478.553088264,optimal,0.09735520000685938,False,
128,0.0,0,0.0,2916111.768273796,optimal,0.09954580000339774,False,
129,0.0,0,0.0,2910604.8639574903,optimal,0.08697480000409996,False,
130,0.0,0,0.0,2924211.365380442,optimal,0.10734870000305818,False,
131,0.0,0,0.0,3000038.2513767295,optimal,0.10771109999768669,False,
132,0.0,0,0.0,2999293.5269015008,optimal,0.10225630000059027,False,
133,0.0,0,0.0,3000616.0816078484,optimal,0.10057880000385921,False,
134,0.0,0,0.0,3001522.8040955067,optimal,0.11926439999660943,False,
135,0.0,0,0.0,2995365.7373996098,optimal,0.10808499999984633,False,
136,0.0,0,0.0,3010465.7878540633,optimal,0.10040180000214605,False,
137,0.0,0,0.0,3098121.1842208635,optimal,0.10304630000609905,False,
138,0.0,0,0.0,3114709.5963071045,optimal,0.09427549999963958,False,
139,0.0,0,0.0,3138625.5884114886,optimal,0.10516150000330526,False,
140,0.0,0,0.0,3231032.5550258216,optimal,0.11615290000190726,False,
141,0.0,0,0.0,3247547.548797788,optimal,0.09011160000227392,False,
142,0.0,0,0.0,3325191.304767195,optimal,0.09911960000317777,False,
143,0.0,0,0.0,3336965.48337623,optimal,0.11406900000292808,False,
144,0.0,0,0.0,3336362.2630924433,optimal,0.09670819999882951,False,
145,0.0,0,0.0,3340212.275347964,optimal,0.10131380000530044,False,
146,0.0,0,0.0,3384451.2291702526,optimal,0.11475149999751011,False,
147,0.0,0,0.0,3429278.0359851434,optimal,0.11322340000333497,False,
148,0.0,0,0.0,3475876.9292565724,optimal,0.12480949999735458,False,
149,0.0,0,0.0,3522177.9277639324,optimal,0.10599640000145882,False,
150,0.0,0,0.0,3569886.4659064566,optimal,0.0995215000002645,False,
151,0.0,0,0.0,3629496.8767501283,optimal,0.0997343000053661,False,
152,0.0,0,0.0,3702269.7308118585,optimal,0.1010145999971428,False,
153,0.0,0,0.0,3786252.331154704,optimal,0.11587429999781307,False,
154,0.0,0,0.0,3879186.940135224,optimal,0.108295599995472,False,
155,0.0,0,0.0,3976738.8610883825,optimal,0.09321300000010524,False,
156,0.0,0,0.0,3992314.856657616,optimal,0.10494060000200989,False,
157,0.0,0,0.0,4010733.7252679314,optimal,0.08401790000061737,False,
158,0.0,0,0.0,4021717.4600247527,optimal,0.10728999999992084,False,
159,0.0,0,0.0,4022395.5243442166,optimal,0.09753769999952056,False,
160,0.0,0,0.0,4037187.0220649587,optimal,0.09195370000088587,False,
161,0.0,0,0.0,4069853.8793990756,optimal,0.10348779999912949,False,
162,0.0,0,0.0,4194539.80550844,optimal,0.09999059999972815,False,
163,0.0,0,0.0,4317103.320942724,optimal,0.1071146000031149,False,
164,0.0,0,0.0,4409576.136752497,optimal,0.12167050000425661,False,
165,0.0,0,0.0,4458174.528721543,optimal,0.11409080000157701,False,
166,0.0,0,0.0,4483771.796261651,optimal,0.1087788000004366,False,
167,0.0,0,0.0,4561023.278477553,optimal,0.1838315999993938,False,
168,0.0,0,0.0,4625607.102212885,optimal,0.09654100000625476,False,
169,0.0,0,0.0,4673541.215121947,optimal,0.10140999999566702,False,
170,0.0,0,0.0,4706422.853032276,optimal,0.21447009999974398,False,
171,0.0,0,0.0,4722482.060913438,optimal,0.10283070000150474,False,
172,0.0,0,0.0,4704736.642826974,optimal,0.09375,False,
173,0.0,0,0.0,4732659.991805573,optimal,0.16807160000462318,False,
174,0.0,0,0.0,4764455.717888254,optimal,0.10459569999511587,False,
175,0.0,0,0.0,4802111.753569191,optimal,0.18387060000532074,False,
176,0.0,0,0.0,4843561.889673725,optimal,0.17792650000046706,False,
177,0.0,0,0.0,4897732.998222971,optimal,0.08895559999655234,False,
178,0.0,0,0.0,4947019.914019813,optimal,0.08781309999903897,False,
179,0.0,0,0.0,4979196.04414729,optimal,0.08629920000385027,False,
180,0.0,0,0.0,4920092.108617677,optimal,0.08666889999585692,False,
181,0.0,0,0.0,4887021.3903342355,optimal,0.08566550000250572,False,
182,0.0,0,0.0,4875229.442682201,optimal,0.16346800000610529,False,
183,0.0,0,0.0,4869898.198653992,optimal,0.17591099999845028,False,
184,0.0,0,0.0,4888327.20507997,optimal,0.08974770000349963,False,
185,0.0,0,0.0,4975046.731246067,optimal,0.17432159999589203,False,
186,0.0,0,0.0,4974069.838464209,optimal,0.0852115000016056,False,
187,0.0,0,0.0,5063335.900406699,optimal,0.0898654999982682,False,
188,0.0,0,0.0,5137747.407541698,optimal,0.09107159999985015,False,
189,0.0,0,0.0,5222688.990338132,optimal,0.09075739999389043,False,
190,0.0,0,0.0,5290922.2045810465,optimal,0.08449290000135079,False,
191,0.0,0,0.0,5358751.462375183,optimal,0.08087620000151219,False,
192,0.0,0,0.0,5382337.04923795,optimal,0.16962680000142427,False,
193,0.0,0,0.0,5388407.302085847,optimal,0.08944419999897946,False,
194,0.0,0,0.0,5372290.70032586,optimal,0.0840983000016422,False,
195,0.0,0,0.0,5326521.112479726,optimal,0.08564660000411095,False,
196,0.0,0,0.0,5305534.853220014,optimal,0.16497280000476167,False,
197,0.0,0,0.0,5287437.053751633,optimal,0.08368099999643164,False,
198,0.0,0,0.0,5267217.478959368,optimal,0.09079470000142464,False,
199,0.0,0,0.0,5245771.534746795,optimal,0.16565479999553645,False,
200,0.0,0,0.0,5221254.523908829,optimal,0.08234029999584891,False,
201,0.0,0,0.0,5197591.003345953,optimal,0.0797686999940197,False,
202,0.0,0,0.0,5175476.291911937,optimal,0.0870465999978478,False,
203,0.0,0,0.0,5151510.754654955,optimal,0.08831590000045253,False,
204,0.0,0,0.0,5088656.852122026,optimal,0.08116789999621687,False,
205,0.0,0,0.0,5058475.365920911,optimal,0.08775159999640891,False,
206,0.0,0,0.0,5038910.385346242,optimal,0.08783209999819519,False,
207,0.0,0,0.0,5033614.400443105,optimal,0.1598043999983929,False,
208,0.0,0,0.0,5029403.487776797,optimal,0.08699419999902602,False,
209,0.0,0,0.0,5010465.20686404,optimal,0.08451770000101533,False,
210,0.0,0,0.0,4982658.529627774,optimal,0.1622581999981776,False,
211,0.0,0,0.0,4969897.678543384,optimal,0.08063820000097621,False,
212,0.0,0,0.0,4966048.508604653,optimal,0.17087340000580298,False,
213,0.0,0,0.0,4964839.181662412,optimal,0.08394489999773214,False,
214,0.0,0,0.0,4966361.887046828,optimal,0.174169099998835,False,
215,0.0,0,0.0,4972638.622289429,optimal,0.08396599999832688,False,
216,0.0,0,0.0,4981507.565389211,optimal,0.08164470000338042,False,
217,0.0,0,0.0,4973785.615119405,optimal,0.16119810000236612,False,
218,0.0,0,0.0,4992907.255860626,optimal,0.08202339999843389,False,
219,0.0,0,0.0,5036804.123303443,optimal,0.08461279999755789,False,
220,0.0,0,0.0,5039831.795053765,optimal,0.08307310000236612,False,
221,0.0,0,0.0,5045484.644902965,optimal,0.16164900000148918,False,
222,0.0,0,0.0,5047428.023568443,optimal,0.16382480000174837,False,
223,0.0,0,0.0,5052786.15567431,optimal,0.08638050000445219,False,
224,0.0,0,0.0,5087764.039305579,optimal,0.16512340000190306,False,
225,0.0,0,0.0,5080013.190686306,optimal,0.08136959999683313,False,
226,0.0,0,0.0,5087455.881585082,optimal,0.1708435999971698,False,
227,0.0,0,0.0,5131565.076557413,optimal,0.08384450000448851,False,
228,0.0,0,0.0,5161534.735791199,optimal,0.0815885000047274,False,
229,0.0,0,0.0,5178503.392939029,optimal,0.17004109999834327,False,
230,0.0,0,0.0,5155722.419999011,optimal,0.08926149999751942,False,
231,0.0,0,0.0,5123347.244494412,optimal,0.08120210000197403,False,
232,0.0,0,0.0,5088853.445253214,optimal,0.09065179999743123,False,
233,0.0,0,0.0,5133632.884978598,optimal,0.10052379999979166,False,
234,0.0,0,0.0,5194787.923826665,optimal,0.08545150000281865,False,
235,0.0,0,0.0,5229760.279703546,optimal,0.11456950000138022,False,
236,0.0,0,0.0,5249360.437701991,optimal,0.10996660000091651,False,
237,0.0,0,0.0,5254026.844766365,optimal,0.1039055000001099,False,
238,0.0,0,0.0,5258674.389209973,optimal,0.10681859999749577,False,
239,0.0,0,0.0,5261082.070796411,optimal,0.09442349999881117,False,
240,0.0,0,0.0,5273156.804497739,optimal,0.09835420000308659,False,
241,0.0,0,0.0,5313595.836782487,optimal,0.08877090000169119,False,
242,0.0,0,0.0,5352866.822053494,optimal,0.1043675000037183,False,
243,0.0,0,0.0,5376728.657810956,optimal,0.10080549999838695,False,
244,0.0,0,0.0,5375419.063798187,optimal,0.10970809999707853,False,
245,0.0,0,0.0,5392062.534717723,optimal,0.0800128000046243,False,
246,0.0,0,0.0,5391291.207850849,optimal,0.09718539999448694,False,
247,0.0,0,0.0,5426052.390098,optimal,0.10952089999773307,False,
248,0.0,0,0.0,5430182.026187822,optimal,0.10531079999782378,False,
249,0.0,0,0.0,5435634.989257662,optimal,0.10176979999960167,False,
250,0.0,0,0.0,5496495.850926219,optimal,0.09689929999876767,False,
251,0.0,0,0.0,5555521.986023822,optimal,0.10139979999803472,False,
252,0.0,0,0.0,5572500.602650421,optimal,0.11018920000060461,False,
253,0.0,0,0.0,5550525.252093164,optimal,0.10285650000150781,False,
254,0.0,0,0.0,5495126.377758646,optimal,0.09394010000687558,False,
255,0.0,0,0.0,5450482.6212363,optimal,0.08820359999663197,False,
256,0.0,0,0.0,5399794.253430184,optimal,0.08820289999857778,False,
257,0.0,0,0.0,5351242.307417707,optimal,0.08564169999590376,False,
258,0.0,0,0.0,5302657.771177711,optimal,0.09255970000231173,False,
259,0.0,0,0.0,5255868.081856275,optimal,0.07637669999530772,False,
260,0.0,0,0.0,5265173.922363199,optimal,0.0851327999989735,False,
261,0.0,0,0.0,5213788.621813496,optimal,0.09246649999840884,False,
262,0.0,0,0.0,5171299.842656376,optimal,0.08415439999953378,False,
263,0.0,0,0.0,5175368.006338276,optimal,0.08982380000088597,False,
264,0.0,0,0.0,5166812.165252012,optimal,0.09007479999854695,False,
265,0.0,0,0.0,5132781.964306125,optimal,0.11987709999812068,False,
266,0.0,0,0.0,5091007.47321287,optimal,0.10791000000608619,False,
267,0.0,0,0.0,5034439.170581682,optimal,0.09348759999556933,False,
268,0.0,0,0.0,5006058.399511077,optimal,0.11917299999913666,False,
269,0.0,0,0.0,4999762.779296694,optimal,0.09471040000062203,False,
270,0.0,0,0.0,5027636.848543977,optimal,0.10352250000141794,False,
271,0.0,0,0.0,5022064.050201591,optimal,0.1131533000007039,False,
272,0.0,0,0.0,5014836.696485121,optimal,0.12218040000152541,False,
273,0.0,0,0.0,4936016.5159656415,optimal,0.10477070000342792,False,
274,0.0,0,0.0,4905795.566824785,optimal,0.09320939999452094,False,
275,0.0,0,0.0,4872497.4166659545,optimal,0.10783910000463948,False,
276,0.0,0,0.0,4848233.680101363,optimal,0.11397869999927934,False,
277,0.0,0,0.0,4815961.146688698,optimal,0.09052679999877,False,
278,0.0,0,0.0,4786837.221443292,optimal,0.10609939999994822,False,
279,0.0,0,0.0,4799710.751714746,optimal,0.09872870000253897,False,
280,0.0,0,0.0,4826004.817012759,optimal,0.09626550000393763,False,
281,0.0,0,0.0,4813449.616611745,optimal,0.10316989999409998,False,
282,0.0,0,0.0,4822264.942160284,optimal,0.09954840000136755,False,
283,0.0,0,0.0,4848316.003218977,optimal,0.10274360000039451,False,
284,0.0,0,0.0,4802703.017059792,optimal,0.09984990000521066,False,
285,0.0,0,0.0,4827509.77527996,optimal,0.09246850000636186,False,
286,0.0,0,0.0,4781568.458270415,optimal,0.10662419999425765,False,
287,0.0,0,0.0,4782368.077514073,optimal,0.09851609999896027,False,
288,0.0,0,0.0,4771850.861195469,optimal,0.1080772999994224,False,
289,0.0,0,0.0,4714325.212148888,optimal,0.09691450000536861,False,
290,0.0,0,0.0,4656676.259622078,optimal,0.08233430000109365,False,
291,0.0,0,0.0,4609045.143211042,optimal,0.0877628999951412,False,
292,0.0,0,0.0,4572585.737271817,optimal,0.08784120000200346,False,
293,0.0,0,0.0,4512524.753802541,optimal,0.07600800000363961,False,
294,0.0,0,0.0,4485051.255744568,optimal,0.0837346999978763,False,
295,0.0,0,0.0,4407203.878941031,optimal,0.08045770000171615,False,
296,0.0,0,0.0,4345537.747775831,optimal,0.08077290000073845,False,
297,0.0,0,0.0,4258279.305370774,optimal,0.08231969999906141,False,
298,0.0,0,0.0,4172249.9050445757,optimal,0.08145700000022771,False,
299,0.0,0,0.0,4098373.8087434033,optimal,0.09044010000070557,False,
300,0.0,0,0.0,4064137.8653901443,optimal,0.07914040000468958,False,
301,0.0,0,0.0,4046970.473884657,optimal,0.08424099999683676,False,
302,0.0,0,0.0,4033372.6799459346,optimal,0.08011570000235224,False,
303,0.0,0,0.0,4031474.3821354173,optimal,0.08285720000276342,False,
304,0.0,0,0.0,4038903.205818765,optimal,0.1015765000047395,False,
305,0.0,0,0.0,4022933.703634915,optimal,0.10071980000066105,False,
306,0.0,0,0.0,4012498.1873563584,optimal,0.09865970000100788,False,
307,0.0,0,0.0,4019170.236343798,optimal,0.09508659999846714,False,
308,0.0,0,0.0,4032484.8130952697,optimal,0.10351620000437833,False,
309,0.0,0,0.0,4022368.4019942074,optimal,0.08847879999666475,False,
310,0.0,0,0.0,4043933.3923827703,optimal,0.10645059999660589,False,
311,0.0,0,0.0,4019045.2831178093,optimal,0.09674210000230232,False,
312,0.0,0,0.0,4059890.813807594,optimal,0.1254079999998794,False,
313,0.0,0,0.0,4101307.840106059,optimal,0.09995539999363245,False,
314,0.0,0,0.0,4148646.036053622,optimal,0.1798248999984935,False,
315,0.0,0,0.0,4182754.022696497,optimal,0.10212250000040513,False,
316,0.0,0,0.0,4227405.85956212,optimal,0.09072699999524048,False,
317,0.0,0,0.0,4273159.952634627,optimal,0.1836442999992869,False,
318,0.0,0,0.0,4239569.4703164715,optimal,0.17584139999962645,False,
319,0.0,0,0.0,4219930.321612999,optimal,0.09503789999871515,False,
320,0.0,0,0.0,4204461.722946284,optimal,0.08589539999957196,False,
321,0.0,0,0.0,4262910.463444979,optimal,0.08408270000654738,False,
322,0.0,0,0.0,4252977.5149192205,optimal,0.18228520000411663,False,
323,0.0,0,0.0,4251814.071253787,optimal,0.0917808000012883,False,
324,0.0,0,0.0,4246898.009358456,optimal,0.1808006999999634,False,
325,0.0,0,0.0,4227321.431106973,optimal,0.10632069999701343,False,
326,0.0,0,0.0,4247660.340355787,optimal,0.09909750000224449,False,
327,0.0,0,0.0,4274199.684474002,optimal,0.09025729999848409,False,
328,0.0,0,0.0,4287986.174511904,optimal,0.08139469999878202,False,
329,0.0,0,0.0,4258299.475977674,optimal,0.17882229999668198,False,
330,0.0,0,0.0,4253017.989529013,optimal,0.0887566000019433,False,
331,0.0,0,0.0,4270005.541338898,optimal,0.17985849999968195,False,
332,0.0,0,0.0,4334559.578641005,optimal,0.17126009999628877,False,
333,0.0,0,0.0,4396301.338684618,optimal,0.08400809999875491,False,
334,0.0,0,0.0,4457411.62239312,optimal,0.08492670000123326,False,
335,0.0,0,0.0,4515328.533714864,optimal,0.08180259999789996,False,
336,0.0,0,0.0,4566149.333169639,optimal,0.08091419999982463,False,
337,0.0,0,0.0,4611300.802126249,optimal,0.08583740000176476,False,
338,0.0,0,0.0,4647732.470038716,optimal,0.08433969999896362,False,
339,0.0,0,0.0,4686198.646727287,optimal,0.16788139999698615,False,
340,0.0,0,0.0,4724217.168211669,optimal,0.08221469999989495,False,
341,0.0,0,0.0,4759483.440305874,optimal,0.08464870000170777,False,
342,0.0,0,0.0,4796777.891043887,optimal,0.08383060000051046,False,
343,0.0,0,0.0,4839828.160450697,optimal,0.1774775000012596,False,
344,0.0,0,0.0,4889038.813728755,optimal,0.09952939999493537,False,
345,0.0,0,0.0,4940270.375435794,optimal,0.08836230000451906,False,
346,0.0,0,0.0,4988601.697881278,optimal,0.17440900000656256,False,
347,0.0,0,0.0,5043151.2130733635,optimal,0.08352759999979753,False,
348,0.0,0,0.0,5063535.907099934,optimal,0.08947310000075959,False,
349,0.0,0,0.0,5035937.519884835,optimal,0.08039760000247043,False,
350,0.0,0,0.0,4953630.744372215,optimal,0.08697419999953127,False,
351,0.0,0,0.0,4868446.548375443,optimal,0.08477260000654496,False,
352,0.0,0,0.0,4780100.074718501,optimal,0.08358679999946617,False,
353,0.0,0,0.0,4677966.542071942,optimal,0.17931319999479456,False,
354,0.0,0,0.0,4622300.360958661,optimal,0.0953739000033238,False,
355,0.0,0,0.0,4596411.562288858,optimal,0.09266299999580951,False,
356,0.0,0,0.0,4605043.126865808,optimal,0.08814829999755602,False,
357,0.0,0,0.0,4588863.003923988,optimal,0.19274199999927077,False,
358,0.0,0,0.0,4679870.172884818,optimal,0.10415279999870108,False,
359,0.0,0,0.0,4607877.436147068,optimal,0.19748660000186646,False,
360,0.0,0,0.0,4523368.156038381,optimal,0.09386439999798313,False,
361,0.0,0,0.0,4409336.5199567275,optimal,0.17876399999659043,False,
362,0.0,0,0.0,4308571.322187992,optimal,0.09499009999854024,False,
363,0.0,0,0.0,4220573.92571868,optimal,0.10543899999902351,False,
364,0.0,0,0.0,4133449.3268699585,optimal,0.09054420000029495,False,
365,0.0,0,0.0,4146094.114896631,optimal,0.1908947999982047,False,
366,0.0,0,0.0,4183268.0067757624,optimal,0.09529579999798443,False,
367,0.0,0,0.0,4216350.905258255,optimal,0.18255969999881927,False,
368,0.0,0,0.0,4133063.906727725,optimal,0.10510770000109915,False,
369,0.0,0,0.0,4167201.9045767966,optimal,0.08474430000205757,False,
370,0.0,0,0.0,4203322.66296903,optimal,0.20329250000213506,False,
371,0.0,0,0.0,4239057.162601878,optimal,0.18813979999686126,False,
372,0.0,0,0.0,4252497.951348562,optimal,0.10940139999729581,False,
373,0.0,0,0.0,4184446.2797626806,optimal,0.18468289999873377,False,
374,0.0,0,0.0,4118471.915508751,optimal,0.08493330000055721,False,
375,0.0,0,0.0,4098859.2083129873,optimal,0.18345550000231015,False,
376,0.0,0,0.0,4151918.268655806,optimal,0.08825699999579228,False,
377,0.0,0,0.0,4198683.797363451,optimal,0.09703820000140695,False,
378,0.0,0,0.0,4228351.741203947,optimal,0.08312370000203373,False,
379,0.0,0,0.0,4144628.198450967,optimal,0.0865819000027841,False,
380,0.0,0,0.0,4115651.764921355,optimal,0.09468120000383351,False,
381,0.0,0,0.0,4036091.905163607,optimal,0.10156119999737712,False,
382,0.0,0,0.0,3973894.8480734597,optimal,0.09180550000019139,False,
383,0.0,0,0.0,3908810.5101647135,optimal,0.08615550000104122,False,
384,0.0,0,0.0,3851736.739083168,optimal,0.0857869000028586,False,
385,0.0,0,0.0,3808846.58511864,optimal,0.08409780000511091,False,
386,0.0,0,0.0,3735334.3531089546,optimal,0.09287780000158818,False,
387,0.0,0,0.0,3670476.8570777285,optimal,0.09369130000413861,False,
388,0.0,0,0.0,3589094.0682291277,optimal,0.08370909999939613,False,
389,0.0,0,0.0,3517408.0721717672,optimal,0.08209730000089621,False,
390,0.0,0,0.0,3439506.9643691843,optimal,0.08559390000300482,False,
391,0.0,0,0.0,3343502.898498195,optimal,0.0830433000010089,False,
392,0.0,0,0.0,3249164.201448621,optimal,0.0874446000016178,False,
393,0.0,0,0.0,3169752.0445750346,optimal,0.07731499999499647,False,
394,0.0,0,0.0,3101247.0987427104,optimal,0.08732469999813475,False,
395,0.0,0,0.0,3041721.2895449023,optimal,0.08314360000076704,False,
396,0.0,0,0.0,2971068.4724073317,optimal,0.08209720000013476,False,
397,0.0,0,0.0,2892340.6576964236,optimal,0.08079280000674771,False,
398,0.0,0,0.0,2865228.6826160317,optimal,0.0861665999982506,False,
399,0.0,0,0.0,2855453.3024546285,optimal,0.08684709999943152,False,
400,0.0,0,0.0,2823215.6665967675,optimal,0.09687090000079479,False,
401,0.0,0,0.0,2752518.961449799,optimal,0.07722449999710079,False,
402,0.0,0,0.0,2670003.526163757,optimal,0.09765350000088802,False,
403,0.0,0,0.0,2588868.6304452373,optimal,0.10201889999734703,False,
404,0.0,0,0.0,2526000.141626484,optimal,0.08491399999911664,False,
405,0.0,0,0.0,2473908.2930874717,optimal,0.1029670000061742,False,
406,0.0,0,0.0,2442606.108096814,optimal,0.10106800000357907,False,
407,0.0,0,0.0,2425032.780522773,optimal,0.10084110000025248,False,
408,0.0,0,0.0,2414876.84127102,optimal,0.09627180000097724,False,
409,0.0,0,0.0,2433975.7400375083,optimal,0.08320549999916693,False,
410,0.0,0,0.0,2436258.1819740213,optimal,0.09310210000694497,False,
411,0.0,0,0.0,2439930.520113762,optimal,0.08244440000271425,False,
412,0.0,0,0.0,2463561.192249627,optimal,0.09204529999988154,False,
413,0.0,0,0.0,2484407.455790997,optimal,0.09609020000061719,False,
414,0.0,0,0.0,2487320.4977138033,optimal,0.08973830000468297,False,
415,0.0,0,0.0,2492911.3147675884,optimal,0.09294499999668915,False,
416,0.0,0,0.0,2482242.3102978696,optimal,0.09462579999672016,False,
417,0.0,0,0.0,2472912.743220037,optimal,0.10081820000050357,False,
418,0.0,0,0.0,2465981.6572286966,optimal,0.09687190000113333,False,
419,0.0,0,0.0,2459055.916257703,optimal,0.10809309999604011,False,
420,0.0,0,0.0,2434249.6073348536,optimal,0.09410729999945033,False,
421,0.0,0,0.0,2412654.1518595805,optimal,0.1057444000034593,False,
422,0.0,0,0.0,2391409.0103326165,optimal,0.11139700000057928,False,
423,0.0,0,0.0,2379772.7909702333,optimal,0.1211120999942068,False,
424,0.0,0,0.0,2366231.058523237,optimal,0.09659349999856204,False,
425,0.0,0,0.0,2353054.280168325,optimal,0.1168552999952226,False,
426,0.0,0,0.0,2364874.418653446,optimal,0.0971064999976079,False,
427,0.0,0,0.0,2381080.4762903107,optimal,0.10411780000140425,False,
428,0.0,0,0.0,2398725.294195312,optimal,0.08986250000452856,False,
429,0.0,0,0.0,2398218.3291953118,optimal,0.0906537000046228,False,
430,0.0,0,0.0,2399207.529195312,optimal,0.11333829999784939,False,
431,0.0,0,0.0,2401742.354195312,optimal,0.10868140000093263,False,
432,0.0,0,0.0,2404277.179195311,optimal,0.09766289999970468,False,
433,0.0,0,0.0,2404418.7086123386,optimal,0.11994640000193613,False,
434,0.0,0,0.0,2404084.4121994954,optimal,0.09683539999969071,False,
435,0.0,0,0.0,2406115.9162622914,optimal,0.09425460000056773,False,
436,0.0,0,0.0,2403865.486262291,optimal,0.10961050000332762,False,
437,0.0,0,0.0,2404354.3531933306,optimal,0.11447169999883045,False,
438,0.0,0,0.0,2401384.137391609,optimal,0.1060490000018035,False,
439,0.0,0,0.0,2391962.007391608,optimal,0.09612729999935254,False,
440,0.0,0,0.0,2383294.3438173323,optimal,0.19640939999953844,False,
441,0.0,0,0.0,2373930.70182237,optimal,0.09472370000003139,False,
442,0.0,0,0.0,2366151.3195892232,optimal,0.19313449999754084,False,
443,0.0,0,0.0,2357427.822010838,optimal,0.09305339999991702,False,
444,0.0,0,0.0,2342798.6790534286,optimal,0.08471989999816287,False,
445,0.0,0,0.0,2270204.6012393367,optimal,0.09080579999863403,False,
446,0.0,0,0.0,2172650.781878746,optimal,0.18822830000135582,False,
447,0.0,0,0.0,2125806.4646255453,optimal,0.09249049999925774,False,
448,0.0,0,0.0,2105209.465744007,optimal,0.19003599999996368,False,
449,0.0,0,0.0,2081242.0435104663,optimal,0.09085359999880893,False,
450,0.0,0,0.0,2072845.520332161,optimal,0.17837029999645893,False,
451,0.0,0,0.0,2098937.7633361826,optimal,0.0861568000036641,False,
452,0.0,0,0.0,2140069.67154674,optimal,0.08422720000089612,False,
453,0.0,0,0.0,2173819.080178589,optimal,0.0889035000000149,False,
454,0.0,0,0.0,2217524.138117449,optimal,0.1824763000040548,False,
455,0.0,0,0.0,2246721.8836151767,optimal,0.08271879999665543,False,
456,0.0,0,0.0,2253481.6294287895,optimal,0.18937849999929313,False,
457,0.0,0,0.0,2254137.986665582,optimal,0.08605949999764562,False,
458,0.0,0,0.0,2260398.148736697,optimal,0.18005260000063572,False,
459,0.0,0,0.0,2257116.01525504,optimal,0.08616669999901205,False,
460,0.0,0,0.0,2246389.000316801,optimal,0.08774460000131512,False,
461,0.0,0,0.0,2236332.158898638,optimal,0.08624340000096709,False,
462,0.0,0,0.0,2218419.1968762074,optimal,0.08368169999448583,False,
463,0.0,0,0.0,2208909.2032104414,optimal,0.07919029999902705,False,
464,0.0,0,0.0,2208150.684798566,optimal,0.08389689999603434,False,
465,0.0,0,0.0,2217056.6727205417,optimal,0.1714540000029956,False,
466,0.0,0,0.0,2216970.557925719,optimal,0.08317519999400247,False,
467,0.0,0,0.0,2226533.509720891,optimal,0.0833829000039259,False,
468,0.0,0,0.0,2231416.9606801495,optimal,0.17338439999730326,False,
469,0.0,0,0.0,2195239.372682858,optimal,0.0870368999967468,False,
470,0.0,0,0.0,2140275.4931948488,optimal,0.08461440000246512,False,
471,0.0,0,0.0,2091760.2702315913,optimal,0.08996309999929508,False,
472,0.0,0,0.0,2056298.88599168,optimal,0.17515370000182884,False,
473,0.0,0,0.0,2036963.27205421,optimal,0.08527119999780552,False,
474,0.0,0,0.0,1986349.3471688866,optimal,0.08526130000245757,False,
475,0.0,0,0.0,1974024.5252556398,optimal,0.08628049999970244,False,
476,0.0,0,0.0,1956691.8958853069,optimal,0.0926675000009709,False,
477,0.0,0,0.0,1946041.8859650441,optimal,0.08353219999844441,False,
478,0.0,0,0.0,1941514.8128651346,optimal,0.08941970000159927,False,
479,0.0,0,0.0,1926513.4500606635,optimal,0.1767113999958383,False,
480,0.0,0,0.0,1897456.7740882835,optimal,0.08476800000062212,False,
481,0.0,0,0.0,1852817.8499925872,optimal,0.0899344999997993,False,
482,0.0,0,0.0,1808224.526675087,optimal,0.0908352000042214,False,
483,0.0,0,0.0,1761512.2873993593,optimal,0.18387419999635313,False,
484,0.0,0,0.0,1707810.3934575473,optimal,0.18334770000365097,False,
485,0.0,0,0.0,1657694.2819272943,optimal,0.08416679999936605,False,
486,0.0,0,0.0,1627701.4487067887,optimal,0.08729350000066916,False,
487,0.0,0,0.0,1601414.7464515555,optimal,0.18063529999926686,False,
488,0.0,0,0.0,1578646.412802461,optimal,0.08417300000292016,False,
489,0.0,0,0.0,1598396.4700869108,optimal,0.08350110000174027,False,
490,0.0,0,0.0,1632981.4816881646,optimal,0.182694300005096,False,
491,0.0,0,0.0,1655399.1189262378,optimal,0.08547900000121444,False,
492,0.0,0,0.0,1708019.7367324736,optimal,0.08577160000277217,False,
493,0.0,0,0.0,1774617.3800611307,optimal,0.17536850000033155,False,
494,0.0,0,0.0,1824118.13951711,optimal,0.08104950000415556,False,
495,0.0,0,0.0,1798126.296218676,optimal,0.181099000001268,False,
496,0.0,0,0.0,1787487.3335605874,optimal,0.08689240000239806,False,
497,0.0,0,0.0,1784116.5321988643,optimal,0.18290110000089044,False,
498,0.0,0,0.0,1770611.2137005897,optimal,0.08235350000177277,False,
499,0.0,0,0.0,1765525.0990776578,optimal,0.18042289999721106,False,
500,0.0,0,0.0,1747237.6933139025,optimal,0.08706600000004983,False,
501,0.0,0,0.0,1706806.0058546814,optimal,0.18629710000095656,False,
502,0.0,0,0.0,1684520.643603605,optimal,0.08685069999773987,False,
503,0.0,0,0.0,1675386.6673456184,optimal,0.09265700000105426,False,
504,0.0,0,0.0,1670426.042261689,optimal,0.08593220000329893,False,
505,0.0,0,0.0,1674400.8146402645,optimal,0.08436889999575214,False,
506,0.0,0,0.0,1664536.2267085526,optimal,0.0876611000057892,False,
507,0.0,0,0.0,1647000.0444194067,optimal,0.08333590000256663,False,
508,0.0,0,0.0,1605873.5816322262,optimal,0.081857699995453,False,
509,0.0,0,0.0,1557488.3206956456,optimal,0.08420359999581706,False,
510,0.0,0,0.0,1553196.7222131882,optimal,0.09066949999396456,False,
511,0.0,0,0.0,1554108.7345229413,optimal,0.09079679999558721,False,
512,0.0,0,0.0,1571915.8723260164,optimal,0.08242610000161221,False,
513,0.0,0,0.0,1566560.8195834365,optimal,0.08636120000301162,False,
514,0.0,0,0.0,1562213.1012649767,optimal,0.08439039999939268,False,
515,0.0,0,0.0,1557242.9205844342,optimal,0.08598429999983637,False,
516,0.0,0,0.0,1550559.8282711022,optimal,0.08486799999809591,False,
517,0.0,0,0.0,1558878.5095709234,optimal,0.08086010000261012,False,
518,0.0,0,0.0,1587756.2509474345,optimal,0.08022640000126557,False,
519,0.0,0,0.0,1650639.3351013944,optimal,0.0784782000046107,False,
520,0.0,0,0.0,1690263.3734736578,optimal,0.08320310000272002,False,
521,0.0,0,0.0,1706431.2492681523,optimal,0.09038589999545366,False,
522,0.0,0,0.0,1800645.7470404343,optimal,0.09230879999813624,False,
523,0.0,0,0.0,1880875.4739301675,optimal,0.09196009999868693,False,
524,0.0,0,0.0,1899458.783250693,optimal,0.09513509999669623,False,
525,0.0,0,0.0,1956696.2612403806,optimal,0.09052380000503035,False,
526,0.0,0,0.0,2008510.131409525,optimal,0.10385390000010375,False,
527,0.0,0,0.0,2062207.6466456875,optimal,0.09391999999934342,False,
528,0.0,0,0.0,2112708.620311365,optimal,0.09015519999957178,False,
529,0.0,0,0.0,2173714.8440698762,optimal,0.09109660000103759,False,
530,0.0,0,0.0,2228463.705560127,optimal,0.08606610000424553,False,
531,0.0,0,0.0,2277519.8416033355,optimal,0.07920210000156658,False,
532,0.0,0,0.0,2323611.130849054,optimal,0.08178659999975935,False,
533,0.0,0,0.0,2402268.4678550214,optimal,0.08277070000622189,False,
534,0.0,0,0.0,2451883.8055222523,optimal,0.08394170000246959,False,
535,0.0,0,0.0,2498793.1133913286,optimal,0.08677120000356808,False,
536,0.0,0,0.0,2586333.2958744876,optimal,0.08246569999755593,False,
537,0.0,0,0.0,2630800.689488566,optimal,0.0845816000000923,False,
538,0.0,0,0.0,2690758.72895192,optimal,0.10079409999889322,False,
539,0.0,0,0.0,2709391.1265161154,optimal,0.10000810000201454,False,
540,0.0,0,0.0,2664275.436942259,optimal,0.10484900000301423,False,
541,0.0,0,0.0,2617140.816774614,optimal,0.09804689999873517,False,
542,0.0,0,0.0,2622786.871731327,optimal,0.1079128999990644,False,
543,0.0,0,0.0,2614962.7787406943,optimal,0.10938810000516241,False,
544,0.0,0,0.0,2613806.5338649484,optimal,0.11535929999809014,False,
545,0.0,0,0.0,2623600.9163425392,optimal,0.10693929999979446,False,
546,0.0,0,0.0,2633553.9484791723,optimal,0.08407009999791626,False,
547,0.0,0,0.0,2650157.2197489277,optimal,0.09017199999652803,False,
548,0.0,0,0.0,2682240.631062026,optimal,0.11092939999798546,False,
549,0.0,0,0.0,2723041.2185628256,optimal,0.09532790000230307,False,
550,0.0,0,0.0,2779783.1582685076,optimal,0.10344950000580866,False,
551,0.0,0,0.0,2805161.3589675273,optimal,0.11019650000525871,False,
552,0.0,0,0.0,2832829.4364086324,optimal,0.09503349999431521,False,
553,0.0,0,0.0,2845408.3127081525,optimal,0.10318180000467692,False,
554,0.0,0,0.0,2857109.1646017632,optimal,0.1046107000001939,False,
555,0.0,0,0.0,2876729.573416593,optimal,0.10054150000360096,False,
556,0.0,0,0.0,2916414.1322988756,optimal,0.10399329999927431,False,
557,0.0,0,0.0,2958603.960720923,optimal,0.10584689999814145,False,
558,0.0,0,0.0,2967727.775142327,optimal,0.10112619999563321,False,
559,0.0,0,0.0,2973483.2305982127,optimal,0.11990620000142371,False,
560,0.0,0,0.0,2973830.3271465525,optimal,0.10998190000100294,False,
561,0.0,0,0.0,2983564.9752427554,optimal,0.1090907999969204,False,
562,0.0,0,0.0,3004296.131752784,optimal,0.1125192000035895,False,
563,0.0,0,0.0,3027805.0032112105,optimal,0.11165220000111731,False,
564,0.0,0,0.0,2982172.8088315446,optimal,0.11528030000044964,False,
565,0.0,0,0.0,2847095.777098741,optimal,0.10173189999477472,False,
566,0.0,0,0.0,2752717.465772724,optimal,0.09399490000214428,False,
567,0.0,0,0.0,2670522.0796626466,optimal,0.1056832000031136,False,
568,0.0,0,0.0,2648471.346591146,optimal,0.10525749999942491,False,
569,0.0,0,0.0,2554027.9452588,optimal,0.09541799999715295,False,
570,0.0,0,0.0,2519106.9472103897,optimal,0.1138652000008733,False,
571,0.0,0,0.0,2449405.205024549,optimal,0.10637490000226535,False,
572,0.0,0,0.0,2436443.9523925143,optimal,0.11456530000577914,False,
573,0.0,0,0.0,2449161.028626712,optimal,0.11373710000043502,False,
574,0.0,0,0.0,2480286.056366628,optimal,0.11082639999949606,False,
575,0.0,0,0.0,2420383.2798811565,optimal,0.10407309999573044,False,
576,0.0,0,0.0,2304600.200966719,optimal,0.0980280000003404,False,
577,0.0,0,0.0,2215129.6085341717,optimal,0.09604489999765065,False,
578,0.0,0,0.0,2095845.6436702153,optimal,0.09116589999757707,False,
579,0.0,0,0.0,1976878.5322310168,optimal,0.08748780000314582,False,
580,0.0,0,0.0,1834526.3899818102,optimal,0.09408599999733269,False,
581,0.0,0,0.0,1740085.9287421182,optimal,0.08225880000100005,False,
582,0.0,0,0.0,1699444.7665727276,optimal,0.08815440000034869,False,
583,0.0,0,0.0,1625964.3812247615,optimal,0.10881099999824073,False,
584,0.0,0,0.0,1629462.8243076582,optimal,0.0934317999999621,False,
585,0.0,0,0.0,1641911.035935624,optimal,0.09289089999947464,False,
586,0.0,0,0.0,1640305.638422603,optimal,0.09494850000191946,False,
587,0.0,0,0.0,1589509.3747202556,optimal,0.2139835000052699,False,
588,0.0,0,0.0,1569476.4777934644,optimal,0.10191699999995762,False,
589,0.0,0,0.0,1529179.2016286266,optimal,0.19866659999388503,False,
590,0.0,0,0.0,1522977.606894105,optimal,0.08647170000040205,False,
591,0.0,0,0.0,1505451.164692994,optimal,0.0950109000041266,False,
592,0.0,0,0.0,1501004.1530400598,optimal,0.08469039999909,False,
593,0.0,0,0.0,1455503.592994041,optimal,0.1986341000010725,False,
594,0.0,0,0.0,1406439.471489141,optimal,0.085053800001333,False,
595,0.0,0,0.0,1374978.6048233071,optimal,0.08413070000096923,False,
596,0.0,0,0.0,1362330.3649432946,optimal,0.2040772000036668,False,
597,0.0,0,0.0,1363773.1755005016,optimal,0.08606480000162264,False,
598,0.0,0,0.0,1366179.4260831499,optimal,0.1935899999953108,False,
599,0.0,0,0.0,1371943.4611922407,optimal,0.08934079999744426,False,
600,0.0,0,0.0,1378999.6708785715,optimal,0.08403150000231108,False,
601,0.0,0,0.0,1391585.9374411954,optimal,0.20623470000282396,False,
602,0.0,0,0.0,1347448.3759334162,optimal,0.08543729999655625,False,
603,0.0,0,0.0,1275028.5834653534,optimal,0.2034990000029211,False,
604,0.0,0,0.0,1189347.7506326372,optimal,0.08518719999847235,False,
605,0.0,0,0.0,1131136.1777170578,optimal,0.19735570000193547,False,
606,0.0,0,0.0,1073121.426231693,optimal,0.08444210000016028,False,
607,0.0,0,0.0,1022202.0407660252,optimal,0.08619249999901513,False,
608,0.0,0,0.0,958794.7605500553,optimal,0.08943039999576285,False,
609,0.0,0,0.0,922611.9375509911,optimal,0.08280769999691984,False,
610,0.0,0,0.0,857037.7775798296,optimal,0.08462819999840576,False,
611,0.0,0,0.0,859231.2402524059,optimal,0.08509420000336831,False,
612,0.0,0,0.0,876413.3085334416,optimal,0.1693124000012176,False,
613,0.0,0,0.0,904451.9866105317,optimal,0.0900986999986344,False,
614,0.0,0,0.0,933191.9411542205,optimal,0.08374090000143042,False,
615,0.0,0,0.0,936093.9153235581,optimal,0.17895299999509007,False,
616,0.0,0,0.0,959675.6197009883,optimal,0.08769050000410061,False,
617,0.0,0,0.0,1018193.4251797968,optimal,0.09096249999856809,False,
618,0.0,0,0.0,1057573.2062142119,optimal,0.17350790000637062,False,
619,0.0,0,0.0,1086423.2753673114,optimal,0.0885956000056467,False,
620,0.0,0,0.0,1119117.7834088127,optimal,0.09768829999666195,False,
621,0.0,0,0.0,1119018.994886626,optimal,0.08691909999470226,False,
622,0.0,0,0.0,1119721.7585097293,optimal,0.08670919999713078,False,
623,0.0,0,0.0,1158346.593673352,optimal,0.08438739999837708,False,
624,0.0,0,0.0,1217517.5228341206,optimal,0.09361739999440033,False,
625,0.0,0,0.0,1261849.9896133952,optimal,0.0846356999973068,False,
626,0.0,0,0.0,1320808.0519490598,optimal,0.18121169999358244,False,
627,0.0,0,0.0,1379155.5292410592,optimal,0.0924756000022171,False,
628,0.0,0,0.0,1436538.5365330589,optimal,0.1051588999980595,False,
629,0.0,0,0.0,1508080.1452225107,optimal,0.08512329999939539,False,
630,0.0,0,0.0,1519933.501394394,optimal,0.18164290000277106,False,
631,0.0,0,0.0,1522093.3112124333,optimal,0.09606490000442136,False,
632,0.0,0,0.0,1528332.2348411228,optimal,0.18799189999845112,False,
633,0.0,0,0.0,1538372.3860866544,optimal,0.08762540000316221,False,
634,0.0,0,0.0,1551679.7912858492,optimal,0.1875246999989031,False,
635,0.0,0,0.0,1601008.3059121144,optimal,0.08750760000111768,False,
636,0.0,0,0.0,1631648.595179102,optimal,0.09265130000130739,False,
637,0.0,0,0.0,1635572.4872669845,optimal,0.18642650000401773,False,
638,0.0,0,0.0,1625916.8191342046,optimal,0.08701080000173533,False,
639,0.0,0,0.0,1630665.5585798284,optimal,0.17383949999930337,False,
640,0.0,0,0.0,1618860.89962297,optimal,0.09842430000571767,False,
641,0.0,0,0.0,1634241.6667257326,optimal,0.09547480000037467,False,
642,0.0,0,0.0,1629735.0545657,optimal,0.09423160000005737,False,
643,0.0,0,0.0,1607821.8749027876,optimal,0.18671829999948386,False,
644,0.0,0,0.0,1549804.3975967295,optimal,0.18865560000267578,False,
645,0.0,0,0.0,1501636.3501371546,optimal,0.08825490000162972,False,
646,0.0,0,0.0,1465400.36771828,optimal,0.19814190000033705,False,
647,0.0,0,0.0,1449168.1104001396,optimal,0.09211360000335844,False,
648,0.0,0,0.0,1441410.2812208324,optimal,0.19868500000302447,False,
649,0.0,0,0.0,1433291.6728118618,optimal,0.0942600999987917,False,
650,0.0,0,0.0,1475626.6788183334,optimal,0.09280619999481132,False,
651,0.0,0,0.0,1547208.6376111372,optimal,0.08836359999986598,False,
652,0.0,0,0.0,1616201.956747947,optimal,0.08498040000267792,False,
653,0.0,0,0.0,1678196.8565512327,optimal,0.08689869999943767,False,
654,0.0,0,0.0,1744950.1864310112,optimal,0.08532360000390327,False,
655,0.0,0,0.0,1775173.686060873,optimal,0.08915490000072168,False,
656,0.0,0,0.0,1844496.6325005013,optimal,0.08591990000422811,False,
657,0.0,0,0.0,1853609.797976092,optimal,0.08447610000439454,False,
658,0.0,0,0.0,1905849.7788962175,optimal,0.08868490000168094,False,
659,0.0,0,0.0,1913148.1131651127,optimal,0.08462909999798285,False,
660,0.0,0,0.0,1887174.3021306533,optimal,0.09478359999775421,False,
661,0.0,0,0.0,1881405.2865534965,optimal,0.09301520000008168,False,
662,0.0,0,0.0,1900080.4332344912,optimal,0.09130060000461526,False,
663,0.0,0,0.0,1867735.1258197816,optimal,0.09442639999906532,False,
664,0.0,0,0.0,1795056.2146999363,optimal,0.08543630000349367,False,
665,0.0,0,0.0,1745912.208358836,optimal,0.08711780000157887,False,
666,0.0,0,0.0,1731265.5935690915,optimal,0.08825549999892246,False,
667,0.0,0,0.0,1724988.6166513131,optimal,0.08917420000216225,False,
668,0.0,0,0.0,1741115.7643741693,optimal,0.08589470000151778,False,
669,0.0,0,0.0,1767180.4412547282,optimal,0.09036460000061197,False,
670,0.0,0,0.0,1777441.5705663115,optimal,0.09006000000226777,False,
671,0.0,0,0.0,1772173.5842727912,optimal,0.08073529999819584,False,
672,0.0,0,0.0,1775595.6224338496,optimal,0.09160100000008242,False,
673,0.0,0,0.0,1703114.994367979,optimal,0.08679619999747956,False,
674,0.0,0,0.0,1620660.1513432183,optimal,0.09117490000062389,False,
675,0.0,0,0.0,1537540.3170340806,optimal,0.08418710000114515,False,
676,0.0,0,0.0,1454885.0702733865,optimal,0.0830188999971142,False,
677,0.0,0,0.0,1437109.3846999782,optimal,0.08261589999892749,False,
678,0.0,0,0.0,1418080.7842541253,optimal,0.08532230000128038,False,
679,0.0,0,0.0,1419055.1300572031,optimal,0.09730780000245431,False,
680,0.0,0,0.0,1429851.00444676,optimal,0.0903180000022985,False,
681,0.0,0,0.0,1440677.5581246377,optimal,0.09247540000069421,False,
682,0.0,0,0.0,1376661.4397986855,optimal,0.09246640000492334,False,
683,0.0,0,0.0,1315288.306948729,optimal,0.08908140000130516,False,
684,0.0,0,0.0,1283351.7491668959,optimal,0.09570660000463249,False,
685,0.0,0,0.0,1232412.8146151183,optimal,0.08754980000230717,False,
686,0.0,0,0.0,1170697.0276254665,optimal,0.0870980999970925,False,
687,0.0,0,0.0,1118946.2117171525,optimal,0.09068969999498222,False,
688,0.0,0,0.0,1078878.8825978541,optimal,0.08503919999930076,False,
689,0.0,0,0.0,1108693.1166699803,optimal,0.08246510000026319,False,
690,0.0,0,0.0,1147043.83986649,optimal,0.08442569999897387,False,
691,0.0,0,0.0,1212506.3185704886,optimal,0.08554619999631541,False,
692,0.0,0,0.0,1291012.2116675277,optimal,0.07563170000503305,False,
693,0.0,0,0.0,1364147.3975948456,optimal,0.07453269999678014,False,
694,0.0,0,0.0,1432822.6029470186,optimal,0.08583699999871897,False,
695,0.0,0,0.0,1481853.257573189,optimal,0.08213090000208467,False,
696,0.0,0,0.0,1534643.9436596513,optimal,0.08429420000175014,False,
697,0.0,0,0.0,1533389.114933936,optimal,0.08698069999809377,False,
698,0.0,0,0.0,1507177.6432427883,optimal,0.08318899999721907,False,
699,0.0,0,0.0,1449603.0003891892,optimal,0.07364480000251206,False,
700,0.0,0,0.0,1352131.045081799,optimal,0.08479110000189394,False,
701,0.0,0,0.0,1259625.1185145248,optimal,0.09169150000525406,False,
702,0.0,0,0.0,1201253.4763129842,optimal,0.08504299999913201,False,
703,0.0,0,0.0,1097343.6295219245,optimal,0.09099930000229506,False,
704,0.0,0,0.0,1048463.3717136899,optimal,0.09588029999576975,False,
705,0.0,0,0.0,976762.0321332415,optimal,0.086609199999657,False,
706,0.0,0,0.0,934141.5537227666,optimal,0.09258620000036899,False,
707,0.0,0,0.0,881509.492315134,optimal,0.09295369999745162,False,
708,0.0,0,0.0,824636.2382780146,optimal,0.0918249000023934,False,
709,0.0,0,0.0,768115.6692359524,optimal,0.0964460000031977,False,
710,0.0,0,0.0,715993.6885556524,optimal,0.09144370000285562,False,
711,0.0,0,0.0,715225.3445012154,optimal,0.08747199999925215,False,
712,0.0,0,0.0,727554.1355145463,optimal,0.0977093999972567,False,
713,0.0,0,0.0,734481.8271029129,optimal,0.18320659999881173,False,
714,0.0,0,0.0,719706.2587263186,optimal,0.1773682999992161,False,
715,0.0,0,0.0,710905.5083542551,optimal,0.09379929999704473,False,
716,0.0,0,0.0,694774.4054942545,optimal,0.09060799999861047,False,
717,0.0,0,0.0,686568.821232878,optimal,0.08482630000071367,False,
718,0.0,0,0.0,689397.9249001053,optimal,0.08850130000064382,False,
719,0.0,0,0.0,694731.0974251437,optimal,0.17410969999764347,False,
720,0.0,0,0.0,704993.0758961337,optimal,0.08531640000001062,False,
721,0.0,0,0.0,728788.8256879282,optimal,0.08925559999624966,False,
722,0.0,0,0.0,759006.3588920244,optimal,0.09489159999793628,False,
723,0.0,0,0.0,785571.2750342728,optimal,0.16780270000163,False,
724,0.0,0,0.0,811710.8028346077,optimal,0.08480100000451785,False,
725,0.0,0,0.0,843923.0712780053,optimal,0.16911439999967115,False,
726,0.0,0,0.0,882042.8865334434,optimal,0.08579190000455128,False,
727,0.0,0,0.0,899951.5294048855,optimal,0.17045810000126949,False,
728,0.0,0,0.0,902753.1413915288,optimal,0.09233780000067782,False,
729,0.0,0,0.0,909746.7885092845,optimal,0.17260589999932563,False,
730,0.0,0,0.0,894995.5169038454,optimal,0.10549310000351397,False,
731,0.0,0,0.0,897973.4887023806,optimal,0.18813560000126017,False,
732,0.0,0,0.0,874675.5200656143,optimal,0.10775999999896158,False,
733,0.0,0,0.0,930828.387544997,optimal,0.10855080000328599,False,
734,0.0,0,0.0,989931.2343196891,optimal,0.10198579999996582,False,
735,0.0,0,0.0,1012867.6499808286,optimal,0.09245549999468494,False,
736,0.0,0,0.0,1021149.9735638901,optimal,0.10222429999703309,False,
737,0.0,0,0.0,960573.6078404941,optimal,0.20517489999474492,False,
738,0.0,0,0.0,912421.6175982119,optimal,0.0853690000003553,False,
739,0.0,0,0.0,876518.381150468,optimal,0.09362590000091586,False,
740,0.0,0,0.0,853357.3693134588,optimal,0.11946600000374019,False,
741,0.0,0,0.0,837369.3639863742,optimal,0.19726860000082524,False,
742,0.0,0,0.0,844489.2905182042,optimal,0.09240819999831729,False,
743,0.0,0,0.0,861025.694481918,optimal,0.11149740000109887,False,
744,0.0,0,0.0,882962.9932805769,optimal,0.16169050000462448,False,
745,0.0,0,0.0,919623.732830597,optimal,0.09658499999932246,False,
746,0.0,0,0.0,939412.6846984569,optimal,0.09720160000142641,False,
747,0.0,0,0.0,988369.5460114385,optimal,0.10025039999891305,False,
748,0.0,0,0.0,1047294.0235788759,optimal,0.09434119999787072,False,
749,0.0,0,0.0,1101194.8864288991,optimal,0.10680760000104783,False,
750,0.0,0,0.0,1154958.2651328987,optimal,0.10152409999864176,False,
751,0.0,0,0.0,1239941.7158845274,optimal,0.10671800000272924,False,
752,0.0,0,0.0,1292764.2145885276,optimal,0.09620490000088466,False,
753,0.0,0,0.0,1348087.473292528,optimal,0.18175370000244584,False,
754,0.0,0,0.0,1460600.7312723105,optimal,0.10563209999963874,False,
755,0.0,0,0.0,1551228.888515824,optimal,0.09036660000128904,False,
756,0.0,0,0.0,1657273.9175025509,optimal,0.17078710000350839,False,
757,0.0,0,0.0,1737084.4996061495,optimal,0.0879858999978751,False,
758,0.0,0,0.0,1751469.1310840137,optimal,0.08823319999646628,False,
759,0.0,0,0.0,1784240.3180711619,optimal,0.1712388000014471,False,
760,0.0,0,0.0,1799392.4359540266,optimal,0.08579070000268985,False,
761,0.0,0,0.0,1811189.7326168134,optimal,0.17338200000085635,False,
762,0.0,0,0.0,1858608.4602758791,optimal,0.16938500000105705,False,
763,0.0,0,0.0,1906721.6127544658,optimal,0.08894349999900442,False,
764,0.0,0,0.0,1920492.2253842475,optimal,0.08942640000168467,False,
765,0.0,0,0.0,1930135.8764376722,optimal,0.1717955999993137,False,
766,0.0,0,0.0,1924574.5056414152,optimal,0.08513390000007348,False,
767,0.0,0,0.0,1936339.7177972558,optimal,0.09084019999863813,False,
768,0.0,0,0.0,1913639.426343181,optimal,0.0859171999982209,False,
769,0.0,0,0.0,1889355.160450654,optimal,0.16457819999777712,False,
770,0.0,0,0.0,1855643.9525909375,optimal,0.09299390000524,False,
771,0.0,0,0.0,1805883.4622429553,optimal,0.17843849999917438,False,
772,0.0,0,0.0,1746711.034972098,optimal,0.08543149999604793,False,
773,0.0,0,0.0,1683097.7865310677,optimal,0.1692791000023135,False,
774,0.0,0,0.0,1623845.289290532,optimal,0.17761450000398327,False,
775,0.0,0,0.0,1567030.513568225,optimal,0.09945440000592498,False,
776,0.0,0,0.0,1514771.2573772157,optimal,0.09418379999988247,False,
777,0.0,0,0.0,1453081.9722459489,optimal,0.08998370000335854,False,
778,0.0,0,0.0,1428492.5605039308,optimal,0.09298720000515459,False,
779,0.0,0,0.0,1392634.0641431825,optimal,0.08854100000462495,False,
780,0.0,0,0.0,1315665.422078138,optimal,0.10122440000122879,False,
781,0.0,0,0.0,1224616.295894754,optimal,0.09936870000092313,False,
782,0.0,0,0.0,1131112.3904160624,optimal,0.0897973000028287,False,
783,0.0,0,0.0,1036255.8722124809,optimal,0.09324970000307076,False,
784,0.0,0,0.0,1007122.8899705493,optimal,0.09256689999892842,False,
785,0.0,0,0.0,981416.6818463884,optimal,0.08909069999936037,False,
786,0.0,0,0.0,972672.895260341,optimal,0.09003880000091158,False,
787,0.0,0,0.0,970180.787974338,optimal,0.09409120000054827,False,
788,0.0,0,0.0,1005917.9576458938,optimal,0.09165219999704277,False,
789,0.0,0,0.0,1039721.2061424482,optimal,0.09043859999655979,False,
790,0.0,0,0.0,1039260.1488633226,optimal,0.08118409999588039,False,
791,0.0,0,0.0,1058215.7861441923,optimal,0.08992980000039097,False,
792,0.0,0,0.0,1068566.1907502399,optimal,0.08466729999781819,False,
793,0.0,0,0.0,1065204.7385822851,optimal,0.09117979999427916,False,
794,0.0,0,0.0,1052559.8158279378,optimal,0.09355900000082329,False,
795,0.0,0,0.0,1017089.5318037405,optimal,0.09296059999905992,False,
796,0.0,0,0.0,969784.7456286172,optimal,0.0942808000036166,False,
797,0.0,0,0.0,865698.3556435959,optimal,0.09035579999908805,False,
798,0.0,0,0.0,757354.5498045956,optimal,0.08358950000547338,False,
799,0.0,0,0.0,646209.7709724429,optimal,0.08790140000201063,False,
800,0.0,0,0.0,545925.3135644422,optimal,0.09992549999878975,False,
801,0.0,0,0.0,432232.7307322906,optimal,0.0788611000025412,False,
802,0.0,0,0.0,320660.84190013853,optimal,0.10507040000084089,False,
803,0.0,0,0.0,208464.70828098676,optimal,0.10272249999979977,False,
804,0.0,0,0.0,142408.52526272388,optimal,0.08640640000521671,False,
805,0.0,0,0.0,105174.99963231296,optimal,0.10052030000224477,False,
806,0.0,0,0.0,52767.56888860194,optimal,0.10403129999758676,False,
807,0.0,0,0.0,29768.250820956342,optimal,0.10170829999697162,False,
808,0.0,0,0.0,4338.284649240421,optimal,0.09132269999827258,False,
809,0.0,0,0.0,0.0,optimal,0.09592399999382906,False,
810,0.0,0,0.0,0.0,optimal,0.10551729999860981,False,
811,0.0,0,0.0,0.0,optimal,0.09258090000366792,False,
812,0.0,0,0.0,0.0,optimal,0.0974212000000989,False,
813,0.0,0,0.0,0.0,optimal,0.10157750000507804,False,
814,0.0,0,0.0,0.0,optimal,0.1178349000037997,False,
815,0.0,0,0.0,18082.477357002477,optimal,0.10051329999987502,False,
816,0.0,0,0.0,32131.846646476413,optimal,0.10023480000381824,False,
817,0.0,0,0.0,44460.992245565256,optimal,0.08859839999786345,False,
818,0.0,0,0.0,56825.40805604639,optimal,0.08811309999873629,False,
819,0.0,0,0.0,59769.63550441696,optimal,0.08527479999611387,False,
820,0.0,0,0.0,60413.3955044175,optimal,0.0891810000030091,False,
821,0.0,0,0.0,71737.72325401033,optimal,0.0893316000001505,False,
822,0.0,0,0.0,71985.32325401033,optimal,0.09474269999918761,False,
823,0.0,0,0.0,98496.17494939978,optimal,0.0847247999990941,False,
824,0.0,0,0.0,151312.32687984145,optimal,0.10842220000631642,False,
825,0.0,0,0.0,217827.10558384107,optimal,0.10314069999731146,False,
826,0.0,0,0.0,286941.684287841,optimal,0.08562560000427766,False,
827,0.0,0,0.0,355053.48299184185,optimal,0.0974382999993395,False,
828,0.0,0,0.0,421143.77279043203,optimal,0.09975259999919217,False,
829,0.0,0,0.0,423929.27279043343,optimal,0.08928129999549128,False,
830,0.0,0,0.0,426962.37279043416,optimal,0.10037819999706699,False,
831,0.0,0,0.0,437765.41858874745,optimal,0.1050145999979577,False,
832,0.0,0,0.0,456273.4870197478,optimal,0.10650429999805056,False,
833,0.0,0,0.0,457689.55252998136,optimal,0.10692629999539349,False,
834,0.0,0,0.0,434431.65342762595,optimal,0.08289109999896027,False,
835,0.0,0,0.0,417739.92790503934,optimal,0.09642240000539459,False,
836,0.0,0,0.0,394698.3675389603,optimal,0.09566880000056699,False,
837,0.0,0,0.0,379775.2696833622,optimal,0.11010349999560276,False,
838,0.0,0,0.0,338923.50263212255,optimal,0.1034358000033535,False,
839,0.0,0,0.0,300421.57423855516,optimal,0.08055940000485862,False,
840,0.0,0,0.0,288745.5001776091,optimal,0.08320919999823673,False,
841,0.0,0,0.0,299703.3278890132,optimal,0.10323159999825293,False,
842,0.0,0,0.0,270751.1348838816,optimal,0.10204420000081882,False,
843,0.0,0,0.0,223779.83857868632,optimal,0.11561639999854378,False,
844,0.0,0,0.0,191719.02337386413,optimal,0.09738799999468029,False,
845,0.0,0,0.0,222987.24615761882,optimal,0.09757559999707155,False,
846,0.0,0,0.0,268834.5754370203,optimal,0.11405290000402601,False,
847,0.0,0,0.0,317456.879709574,optimal,0.09720259999448899,False,
848,0.0,0,0.0,369756.04398212704,optimal,0.11000600000261329,False,
849,0.0,0,0.0,425282.67425468087,optimal,0.08481890000257408,False,
850,0.0,0,0.0,483301.39852723415,optimal,0.10008479999669362,False,
851,0.0,0,0.0,534982.8255597878,optimal,0.10795779999898514,False,
852,0.0,0,0.0,575467.6246862338,optimal,0.10147049999795854,False,
853,0.0,0,0.0,570583.9325197446,optimal,0.11036949999834178,False,
854,0.0,0,0.0,581863.2634013467,optimal,0.10708600000361912,False,
855,0.0,0,0.0,618726.934260748,optimal,0.09417060000123456,False,
856,0.0,0,0.0,636545.935750482,optimal,0.09223700000438839,False,
857,0.0,0,0.0,678259.8814400834,optimal,0.10015620000194758,False,
858,0.0,0,0.0,717922.186591552,optimal,0.12144100000296021,False,
859,0.0,0,0.0,755724.8998872314,optimal,0.08591149999847403,False,
860,0.0,0,0.0,752358.4979078365,optimal,0.1020901000010781,False,
861,0.0,0,0.0,772668.804972802,optimal,0.17531839999719523,False,
862,0.0,0,0.0,778802.3371722216,optimal,0.1742493999990984,False,
863,0.0,0,0.0,792779.624019693,optimal,0.08471709999867016,False,
864,0.0,0,0.0,808156.7826537369,optimal,0.08340429999952903,False,
865,0.0,0,0.0,799193.6519208973,optimal,0.08716960000310792,False,
866,0.0,0,0.0,729978.9869837833,optimal,0.1935250000024098,False,
867,0.0,0,0.0,696740.5984661784,optimal,0.1062311999994563,False,
868,0.0,0,0.0,711707.6642647535,optimal,0.09717589999490883,False,
869,0.0,0,0.0,733348.9972201133,optimal,0.11135289999947418,False,
870,0.0,0,0.0,722316.6674271972,optimal,0.18362049999996088,False,
871,0.0,0,0.0,681765.038231069,optimal,0.11216229999990901,False,
872,0.0,0,0.0,629517.4279233492,optimal,0.19465470000432106,False,
873,0.0,0,0.0,604318.5318612952,optimal,0.10687119999784045,False,
874,0.0,0,0.0,588673.1360172946,optimal,0.19299030000547646,False,
875,0.0,0,0.0,573089.6401732933,optimal,0.192378000007011,False,
876,0.0,0,0.0,528372.7904486101,optimal,0.11535050000384217,False,
877,0.0,0,0.0,509784.5318479488,optimal,0.09954719999950612,False,
878,0.0,0,0.0,480260.89183232834,optimal,0.19728980000218144,False,
879,0.0,0,0.0,447255.8033701038,optimal,0.10996199999499368,False,
880,0.0,0,0.0,428636.15578441106,optimal,0.09549780000088504,False,
881,0.0,0,0.0,446218.1503812066,optimal,0.10053140000673011,False,
882,0.0,0,0.0,484161.1048205207,optimal,0.09665580000000773,False,
883,0.0,0,0.0,554010.417222921,optimal,0.09033520000230055,False,
884,0.0,0,0.0,626323.3496253227,optimal,0.17440060000080848,False,
885,0.0,0,0.0,695834.0883293225,optimal,0.08501450000039767,False,
886,0.0,0,0.0,766137.1470333224,optimal,0.0914448999974411,False,
887,0.0,0,0.0,836489.7257373218,optimal,0.18904660000407603,False,
888,0.0,0,0.0,904490.1044413227,optimal,0.09189579999656416,False,
889,0.0,0,0.0,969135.5031453233,optimal,0.09361610000632936,False,
890,0.0,0,0.0,1029512.7860252109,optimal,0.0887704000051599,False,
891,0.0,0,0.0,1088716.2443456037,optimal,0.20339349999994738,False,
892,0.0,0,0.0,1113364.8243456047,optimal,0.10159790000034263,False,
893,0.0,0,0.0,1135113.3154934526,optimal,0.10017470000457251,False,
894,0.0,0,0.0,1153983.2348037595,optimal,0.08726059999753488,False,
895,0.0,0,0.0,1172340.127473169,optimal,0.09562480000022333,False,
896,0.0,0,0.0,1192829.0274731684,optimal,0.11205540000082692,False,
897,0.0,0,0.0,1207575.4472308098,optimal,0.09141660000022966,False,
898,0.0,0,0.0,1201411.8702422054,optimal,0.12361040000541834,False,
899,0.0,0,0.0,1200311.7869157125,optimal,0.18855790000088746,False,
900,0.0,0,0.0,1201623.8556250453,optimal,0.09824900000239722,False,
901,0.0,0,0.0,1200940.06173358,optimal,0.10597290000441717,False,
902,0.0,0,0.0,1188430.3877070441,optimal,0.10269250000419561,False,
903,0.0,0,0.0,1156408.5908194687,optimal,0.2039029999941704,False,
904,0.0,0,0.0,1137497.5216008923,optimal,0.10871000000042841,False,
905,0.0,0,0.0,1107359.5957576856,optimal,0.10182880000502337,False,
906,0.0,0,0.0,1131727.6859980903,optimal,0.18874590000632452,False,
907,0.0,0,0.0,1175245.7166991455,optimal,0.09614679999504006,False,
908,0.0,0,0.0,1188745.5754818963,optimal,0.18572179999318905,False,
909,0.0,0,0.0,1194201.0746650845,optimal,0.09715520000463584,False,
910,0.0,0,0.0,1207733.8905617031,optimal,0.1862639000028139,False,
911,0.0,0,0.0,1219281.2864427047,optimal,0.08819519999815384,False,
912,0.0,0,0.0,1226039.9225706249,optimal,0.0887732999981381,False,
913,0.0,0,0.0,1227515.1623659262,optimal,0.18272389999765437,False,
914,0.0,0,0.0,1176027.6411195141,optimal,0.08710509999946225,False,
915,0.0,0,0.0,1085535.3387940149,optimal,0.09433269999863114,False,
916,0.0,0,0.0,987954.5111801203,optimal,0.1811124000014388,False,
917,0.0,0,0.0,917297.4885076119,optimal,0.08963409999705618,False,
918,0.0,0,0.0,873462.9949566285,optimal,0.17953350000607315,False,
919,0.0,0,0.0,852872.157406007,optimal,0.08900900000298861,False,
920,0.0,0,0.0,809546.2078737163,optimal,0.18212489999859827,False,
921,0.0,0,0.0,764911.1657281162,optimal,0.1819270999985747,False,
922,0.0,0,0.0,732933.8553314707,optimal,0.09559849999641301,False,
923,0.0,0,0.0,689768.4446628316,optimal,0.09466770000290126,False,
924,0.0,0,0.0,622743.4500409254,optimal,0.08990349999658065,False,
925,0.0,0,0.0,571241.4632804701,optimal,0.08699269999488024,False,
926,0.0,0,0.0,555411.1017298974,optimal,0.0941841999956523,False,
927,0.0,0,0.0,559221.3809941447,optimal,0.0916780000043218,False,
928,0.0,0,0.0,578124.2095934175,optimal,0.09093929999653483,False,
929,0.0,0,0.0,561684.1961247437,optimal,0.10575490000337595,False,
930,0.0,0,0.0,526368.102807315,optimal,0.09507329999905778,False,
931,0.0,0,0.0,457353.16512630915,optimal,0.10967870000604307,False,
932,0.0,0,0.0,392927.8867445805,optimal,0.10194829999818467,False,
933,0.0,0,0.0,322325.7192953115,optimal,0.10180080000282032,False,
934,0.0,0,0.0,281046.80677878263,optimal,0.08622189999732655,False,
935,0.0,0,0.0,253219.38810367702,optimal,0.10275450000335695,False,
936,0.0,0,0.0,225239.37412631258,optimal,0.08847650000097929,False,
937,0.0,0,0.0,185177.6398004213,optimal,0.08568799999920884,False,
938,0.0,0,0.0,173469.31214293363,optimal,0.11213739999948302,False,
939,0.0,0,0.0,145268.5806139403,optimal,0.10087609999754932,False,
940,0.0,0,0.0,131012.95713234007,optimal,0.11018469999544322,False,
941,0.0,0,0.0,115689.49627195076,optimal,0.11175879999791505,False,
942,0.0,0,0.0,87290.53866774791,optimal,0.10471659999893745,False,
943,0.0,0,0.0,80720.47257894953,optimal,0.08015409999643452,False,
944,0.0,0,0.0,74290.44590558436,optimal,0.10929169999872101,False,
945,0.0,0,0.0,70799.03786784671,optimal,0.11304310000559781,False,
946,0.0,0,0.0,42722.901700088776,optimal,0.0988530999966315,False,
947,0.0,0,0.0,9247.409462757254,optimal,0.1024602000034065,False,
948,0.0,0,0.0,1273.7414347069948,optimal,0.10608409999986179,False,
949,0.0,0,0.0,0.0,optimal,0.10709900000074413,False,
950,0.0,0,0.0,0.0,optimal,0.09998469999845838,False,
951,0.0,0,0.0,0.0,optimal,0.0914383999988786,False,
952,0.0,0,0.0,0.0,optimal,0.09499920000234852,False,
953,0.0,0,0.0,0.0,optimal,0.10035779999452643,False,
954,0.0,0,0.0,0.0,optimal,0.08681119999528164,False,
955,0.0,0,0.0,0.0,optimal,0.09426199999870732,False,
956,0.0,0,0.0,0.0,optimal,0.08945629999652738,False,
957,0.0,0,0.0,2459.4282829632743,optimal,0.09082710000075167,False,
958,0.0,0,0.0,17167.70769962206,optimal,0.0934625000008964,False,
959,0.0,0,0.0,28415.476248435243,optimal,0.09163850000186358,False,
960,0.0,0,0.0,30115.84739529973,optimal,0.09156580000126269,False,
961,0.0,0,0.0,43552.3716846036,optimal,0.0977703999960795,False,
962,0.0,0,0.0,52665.32460999313,optimal,0.0844961000038893,False,
963,0.0,0,0.0,86938.69287919808,optimal,0.09335479999572271,False,
964,0.0,0,0.0,124851.85607189516,optimal,0.08902559999842197,False,
965,0.0,0,0.0,157941.69933589324,optimal,0.08370609999838052,False,
966,0.0,0,0.0,197581.9241530712,optimal,0.08749699999316363,False,
967,0.0,0,0.0,220934.90588345673,optimal,0.08206110000173794,False,
968,0.0,0,0.0,280469.1417452692,optimal,0.08540540000103647,False,
969,0.0,0,0.0,346718.32577944314,optimal,0.08507659999304451,False,
970,0.0,0,0.0,397474.0575995931,optimal,0.0867285999993328,False,
971,0.0,0,0.0,443686.2173491328,optimal,0.08801689999381779,False,
972,0.0,0,0.0,472283.0725178558,optimal,0.08303190000151517,False,
973,0.0,0,0.0,463629.7511088339,optimal,0.09229959999356652,False,
974,0.0,0,0.0,449236.6675399655,optimal,0.08528220000152942,False,
975,0.0,0,0.0,425355.8160157211,optimal,0.0899236999975983,False,
976,0.0,0,0.0,388506.3867868673,optimal,0.09042179999960354,False,
977,0.0,0,0.0,374875.7855702008,optimal,0.09082330000092043,False,
978,0.0,0,0.0,405374.0750663511,optimal,0.08160670000506798,False,
979,0.0,0,0.0,454089.6137446069,optimal,0.0890579000042635,False,
980,0.0,0,0.0,506361.9562668377,optimal,0.08890109999629203,False,
981,0.0,0,0.0,559017.5802296792,optimal,0.0851150999951642,False,
982,0.0,0,0.0,590154.1794138976,optimal,0.08771120000164956,False,
983,0.0,0,0.0,608196.0037532572,optimal,0.08834470000147121,False,
984,0.0,0,0.0,626580.1521715828,optimal,0.08472369999799412,False,
985,0.0,0,0.0,644438.1574109062,optimal,0.09141680000175256,False,
986,0.0,0,0.0,655961.0110972603,optimal,0.1655862999978126,False,
987,0.0,0,0.0,668481.3554366217,optimal,0.09614180000062333,False,
988,0.0,0,0.0,679426.1019167952,optimal,0.18368960000225343,False,
989,0.0,0,0.0,691921.4303494173,optimal,0.09182009999494767,False,
990,0.0,0,0.0,722730.4163453403,optimal,0.10023150000051828,False,
991,0.0,0,0.0,737597.0874307244,optimal,0.17404170000372687,False,
992,0.0,0,0.0,746575.3125029276,optimal,0.08647789999668021,False,
993,0.0,0,0.0,742731.9599935596,optimal,0.08599830000457587,False,
994,0.0,0,0.0,808610.7512677494,optimal,0.08827929999824846,False,
995,0.0,0,0.0,858397.9883633569,optimal,0.18842639999638777,False,
996,0.0,0,0.0,864613.5851871454,optimal,0.08532019999984186,False,
997,0.0,0,0.0,861101.9567130378,optimal,0.17845959999976913,False,
998,0.0,0,0.0,852393.1287815378,optimal,0.0883211999971536,False,
999,0.0,0,0.0,863465.582878346,optimal,0.08508399999846006,False,
1000,0.0,0,0.0,882388.3285531504,optimal,0.18185699999594362,False,
1001,0.0,0,0.0,904486.2906655534,optimal,0.17368849999911617,False,
1002,0.0,0,0.0,923449.2028299967,optimal,0.08690129999740748,False,
1003,0.0,0,0.0,927997.9924457454,optimal,0.08781009999802336,False,
1004,0.0,0,0.0,948441.0976727143,optimal,0.08416510000097333,False,
1005,0.0,0,0.0,975882.3512508332,optimal,0.19305329999770038,False,
1006,0.0,0,0.0,999013.4985863044,optimal,0.0853789999964647,False,
1007,0.0,0,0.0,1033458.4086028648,optimal,0.08675470000162022,False,
1008,0.0,0,0.0,1071735.2023280694,optimal,0.08769309999479447,False,
1009,0.0,0,0.0,1098177.7748997435,optimal,0.08700680000038119,False,
1010,0.0,0,0.0,1060530.7134782795,optimal,0.2079617999988841,False,
1011,0.0,0,0.0,1028609.987896781,optimal,0.09852569999929983,False,
1012,0.0,0,0.0,992958.0486334332,optimal,0.10505450000346173,False,
1013,0.0,0,0.0,992956.8281383113,optimal,0.19542509999882895,False,
1014,0.0,0,0.0,1004760.3935157757,optimal,0.08693199999834178,False,
1015,0.0,0,0.0,970826.2145140668,optimal,0.11342860000149813,False,
1016,0.0,0,0.0,952182.8788149332,optimal,0.11527870000281837,False,
1017,0.0,0,0.0,956722.438156857,optimal,0.18349080000189133,False,
1018,0.0,0,0.0,929494.1369171999,optimal,0.11138750000100117,False,
1019,0.0,0,0.0,898945.0113211921,optimal,0.09879479999653995,False,
1020,0.0,0,0.0,892688.1279643727,optimal,0.10054340000351658,False,
1021,0.0,0,0.0,897256.8369189305,optimal,0.1041414999999688,False,
1022,0.0,0,0.0,874253.0186328972,optimal,0.09609199999977136,False,
1023,0.0,0,0.0,864625.0139224853,optimal,0.11022170000069309,False,
1024,0.0,0,0.0,859296.0602912601,optimal,0.19913870000164025,False,
1025,0.0,0,0.0,842185.6801259511,optimal,0.09372019999864278,False,
1026,0.0,0,0.0,824609.1759797521,optimal,0.09184380000078818,False,
1027,0.0,0,0.0,808091.5879341033,optimal,0.083523300003435,False,
1028,0.0,0,0.0,772596.9816203885,optimal,0.18638459999783663,False,
1029,0.0,0,0.0,745003.9394536803,optimal,0.08953289999772096,False,
1030,0.0,0,0.0,732766.5153962986,optimal,0.08933410000463482,False,
1031,0.0,0,0.0,718467.5433552826,optimal,0.1876551000023028,False,
1032,0.0,0,0.0,695284.5257178604,optimal,0.0882121000031475,False,
1033,0.0,0,0.0,684327.9858395857,optimal,0.08963710000534775,False,
1034,0.0,0,0.0,673453.8792911979,optimal,0.18832839999959106,False,
1035,0.0,0,0.0,666583.5889566238,optimal,0.0896290999953635,False,
1036,0.0,0,0.0,657024.0805808028,optimal,0.08719260000361828,False,
1037,0.0,0,0.0,628504.0301012892,optimal,0.1954113000028883,False,
1038,0.0,0,0.0,617989.3944920732,optimal,0.08817940000153612,False,
1039,0.0,0,0.0,613207.6855570789,optimal,0.1797965000005206,False,
1040,0.0,0,0.0,603433.5085794283,optimal,0.0912532000002102,False,
1041,0.0,0,0.0,549462.1892794814,optimal,0.088722600004985,False,
1042,0.0,0,0.0,497331.56331810105,optimal,0.17586950000259094,False,
1043,0.0,0,0.0,477414.1506623679,optimal,0.17706229999748757,False,
1044,0.0,0,0.0,439575.2941713341,optimal,0.08692169999994803,False,
1045,0.0,0,0.0,403052.020245322,optimal,0.08989609999844106,False,
1046,0.0,0,0.0,354654.0720732097,optimal,0.1792487999991863,False,
1047,0.0,0,0.0,309590.6540139207,optimal,0.17457899999863002,False,
1048,0.0,0,0.0,273627.71123253426,optimal,0.08921349999582162,False,
1049,0.0,0,0.0,255132.76149295454,optimal,0.08752040000399575,False,
1050,0.0,0,0.0,254408.9417783106,optimal,0.08778170000005048,False,
1051,0.0,0,0.0,260544.20217966993,optimal,0.0876773999989382,False,
1052,0.0,0,0.0,268023.8436041628,optimal,0.08620900000096299,False,
1053,0.0,0,0.0,273119.61517690175,optimal,0.08457360000465997,False,
1054,0.0,0,0.0,273597.48128070135,optimal,0.08224659999541473,False,
1055,0.0,0,0.0,274170.07061440375,optimal,0.08183099999587284,False,
1056,0.0,0,0.0,280467.9362468001,optimal,0.08512490000430262,False,
1057,0.0,0,0.0,285092.3047337263,optimal,0.08691669999825535,False,
1058,0.0,0,0.0,284515.8751784769,optimal,0.09130410000216216,False,
1059,0.0,0,0.0,288653.9006166014,optimal,0.09800990000076126,False,
1060,0.0,0,0.0,253246.6535032222,optimal,0.09460689999832539,False,
1061,0.0,0,0.0,228462.95112291953,optimal,0.08302079999702983,False,
1062,0.0,0,0.0,201076.08349154695,optimal,0.10010490000422578,False,
1063,0.0,0,0.0,176446.99693275287,optimal,0.09572409999964293,False,
1064,0.0,0,0.0,155136.37101649115,optimal,0.09089140000287443,False,
1065,0.0,0,0.0,141684.7296514659,optimal,0.10032659999706084,False,
1066,0.0,0,0.0,150285.60729671043,optimal,0.08756939999875613,False,
1067,0.0,0,0.0,136357.6164883147,optimal,0.10030779999942752,False,
1068,0.0,0,0.0,130539.48253354117,optimal,0.09675840000272729,False,
1069,0.0,0,0.0,133680.27847848152,optimal,0.10411469999962719,False,
1070,0.0,0,0.0,146730.32540542562,optimal,0.11461740000231657,False,
1071,0.0,0,0.0,163869.46935489195,optimal,0.10425989999930607,False,
1072,0.0,0,0.0,178880.80198019804,optimal,0.11295310000423342,False,
1073,0.0,0,0.0,204488.75534733283,optimal,0.09366679999948246,False,
1074,0.0,0,0.0,262169.4728063783,optimal,0.0906914000006509,False,
1075,0.0,0,0.0,312981.1197745529,optimal,0.1245206000021426,False,
1076,0.0,0,0.0,402178.2117613264,optimal,0.1008023000031244,False,
1077,0.0,0,0.0,498587.201443586,optimal,0.09339970000291942,False,
1078,0.0,0,0.0,579601.1165800596,optimal,0.09729650000372203,False,
1079,0.0,0,0.0,614754.2758257628,optimal,0.10377579999476438,False,
1080,0.0,0,0.0,646069.879256792,optimal,0.09068420000403421,False,
1081,0.0,0,0.0,653166.6718096632,optimal,0.10258250000333646,False,
1082,0.0,0,0.0,689232.6922221348,optimal,0.09143169999879319,False,
1083,0.0,0,0.0,718304.9911981804,optimal,0.09161529999983031,False,
1084,0.0,0,0.0,739172.2786509435,optimal,0.09090129999822238,False,
1085,0.0,0,0.0,747490.3607581428,optimal,0.08374650000041584,False,
1086,0.0,0,0.0,743157.2728938257,optimal,0.09188200000062352,False,
1087,0.0,0,0.0,730689.8682462312,optimal,0.08783419999963371,False,
1088,0.0,0,0.0,706978.457174117,optimal,0.09206399999675341,False,
1089,0.0,0,0.0,715468.1499687877,optimal,0.09015139999974053,False,
1090,0.0,0,0.0,740501.1637702314,optimal,0.08554770000046119,False,
1091,0.0,0,0.0,734044.9146435376,optimal,0.08584179999888875,False,
1092,0.0,0,0.0,763744.850146745,optimal,0.09394800000154646,False,
1093,0.0,0,0.0,780459.0427025863,optimal,0.08889539999654517,False,
1094,0.0,0,0.0,795828.391781443,optimal,0.08871849999559345,False,
1095,0.0,0,0.0,812341.5746186988,optimal,0.09116079999512294,False,
1096,0.0,0,0.0,791040.6112226758,optimal,0.10242939999443479,False,
1097,0.0,0,0.0,771052.8472059321,optimal,0.09968769999977667,False,
1098,0.0,0,0.0,777024.1888491004,optimal,0.09043250000104308,False,
1099,0.0,0,0.0,802839.0302692887,optimal,0.09418169999844395,False,
1100,0.0,0,0.0,845227.9065689758,optimal,0.09898209999664687,False,
1101,0.0,0,0.0,892663.5589183634,optimal,0.08998600000631995,False,
1102,0.0,0,0.0,875437.7810627641,optimal,0.09050370000477415,False,
1103,0.0,0,0.0,873619.9016460285,optimal,0.08701370000198949,False,
1104,0.0,0,0.0,859558.7773554102,optimal,0.08280069999455009,False,
1105,0.0,0,0.0,835759.2194998111,optimal,0.08865390000573825,False,
1106,0.0,0,0.0,841741.3216956218,optimal,0.0910195999967982,False,
1107,0.0,0,0.0,862477.6019100212,optimal,0.08899019999807933,False,
1108,0.0,0,0.0,913129.0221994797,optimal,0.08180580000043847,False,
1109,0.0,0,0.0,950509.277324958,optimal,0.09113520000391873,False,
1110,0.0,0,0.0,964958.9094054577,optimal,0.08583159999398049,False,
1111,0.0,0,0.0,960199.0143721394,optimal,0.09059349999733968,False,
1112,0.0,0,0.0,974065.2262805548,optimal,0.09284190000471426,False,
1113,0.0,0,0.0,1016958.6374355515,optimal,0.08592289999796776,False,
1114,0.0,0,0.0,1038146.2999354018,optimal,0.08632240000588354,False,
1115,0.0,0,0.0,1076773.1938315425,optimal,0.08638050000445219,False,
1116,0.0,0,0.0,1079897.9721037282,optimal,0.08181229999900097,False,
1117,0.0,0,0.0,1035097.6947436122,optimal,0.08384940000541974,False,
1118,0.0,0,0.0,1003191.4824940426,optimal,0.08651740000641439,False,
1119,0.0,0,0.0,954409.5308119466,optimal,0.08224290000362089,False,
1120,0.0,0,0.0,891275.7766374298,optimal,0.08449880000262056,False,
1121,0.0,0,0.0,855731.9740181918,optimal,0.08438170000590617,False,
1122,0.0,0,0.0,845450.0743470264,optimal,0.08035930000187363,False,
1123,0.0,0,0.0,823705.2013336656,optimal,0.0941815999976825,False,
1124,0.0,0,0.0,799877.7213275578,optimal,0.08180670000001555,False,
1125,0.0,0,0.0,790739.6757604893,optimal,0.08693849999690428,False,
1126,0.0,0,0.0,726444.3444650575,optimal,0.08382649999839487,False,
1127,0.0,0,0.0,664967.0554523946,optimal,0.08384130000195,False,
1128,0.0,0,0.0,636726.9870038037,optimal,0.08980259999952978,False,
1129,0.0,0,0.0,612451.0349064835,optimal,0.0818758000023081,False,
1130,0.0,0,0.0,582909.1123292223,optimal,0.07998999999836087,False,
1131,0.0,0,0.0,547686.4835043931,optimal,0.08315739999670768,False,
1132,0.0,0,0.0,522945.19762463676,optimal,0.09158130000287201,False,
1133,0.0,0,0.0,508769.02109689655,optimal,0.08216410000022734,False,
1134,0.0,0,0.0,503507.5210968973,optimal,0.18015490000107093,False,
1135,0.0,0,0.0,496734.6131517954,optimal,0.0934246999968309,False,
1136,0.0,0,0.0,500067.7770098828,optimal,0.17821950000507059,False,
1137,0.0,0,0.0,492461.90779744415,optimal,0.09000960000412306,False,
1138,0.0,0,0.0,512850.15501074045,optimal,0.08858640000107698,False,
1139,0.0,0,0.0,490652.2154292065,optimal,0.20734729999821866,False,
1140,0.0,0,0.0,473131.184834838,optimal,0.08617499999672873,False,
1141,0.0,0,0.0,450597.72533137695,optimal,0.10383400000137044,False,
1142,0.0,0,0.0,453657.31492005644,optimal,0.18882669999584323,False,
1143,0.0,0,0.0,502873.69021155284,optimal,0.10179659999994328,False,
1144,0.0,0,0.0,550157.9597479737,optimal,0.10565349999524187,False,
1145,0.0,0,0.0,572618.6366273367,optimal,0.18765119999443414,False,
1146,0.0,0,0.0,621220.0799554375,optimal,0.11277120000158902,False,
1147,0.0,0,0.0,639912.1767646178,optimal,0.18761909999739146,False,
1148,0.0,0,0.0,691101.3852031855,optimal,0.2071192000003066,False,
1149,0.0,0,0.0,715143.8580415599,optimal,0.12574119999771938,False,
1150,0.0,0,0.0,803806.5765164824,optimal,0.09788750000006985,False,
1151,0.0,0,0.0,867462.6056894159,optimal,0.10904850000224542,False,
1152,0.0,0,0.0,939136.2551677951,optimal,0.18906090000382392,False,
1153,0.0,0,0.0,1036012.5179369042,optimal,0.10936049999872921,False,
1154,0.0,0,0.0,1092692.5342211884,optimal,0.09871709999424638,False,
1155,0.0,0,0.0,1053723.92492754,optimal,0.09074529999634251,False,
1156,0.0,0,0.0,1055905.0305086118,optimal,0.16902670000126818,False,
1157,0.0,0,0.0,1112113.7157958685,optimal,0.0903247000023839,False,
1158,0.0,0,0.0,1182685.9531600876,optimal,0.08235599999898113,False,
1159,0.0,0,0.0,1241257.9313007067,optimal,0.08337430000392487,False,
1160,0.0,0,0.0,1298271.8270214533,optimal,0.17646890000469284,False,
1161,0.0,0,0.0,1327678.8989994589,optimal,0.08348979999573203,False,
1162,0.0,0,0.0,1312628.9185058752,optimal,0.18298330000106944,False,
1163,0.0,0,0.0,1317556.2968070642,optimal,0.08903080000163754,False,
1164,0.0,0,0.0,1325876.094436813,optimal,0.09277970000403002,False,
1165,0.0,0,0.0,1339668.7713186925,optimal,0.09012890000303742,False,
1166,0.0,0,0.0,1358734.5057440784,optimal,0.08819629999925382,False,
1167,0.0,0,0.0,1373114.3197324744,optimal,0.09195380000164732,False,
1168,0.0,0,0.0,1425353.705201801,optimal,0.08544970000366447,False,
1169,0.0,0,0.0,1477212.0618698907,optimal,0.08639770000445424,False,
1170,0.0,0,0.0,1518378.4879443198,optimal,0.09202039999945555,False,
1171,0.0,0,0.0,1549275.5071908417,optimal,0.09134629999607569,False,
1172,0.0,0,0.0,1581613.0243061855,optimal,0.1794603999951505,False,
1173,0.0,0,0.0,1605684.2785439477,optimal,0.08118900000408757,False,
1174,0.0,0,0.0,1667649.4128807574,optimal,0.08287079999718117,False,
1175,0.0,0,0.0,1727720.721661729,optimal,0.17003330000443384,False,
1176,0.0,0,0.0,1774388.1022025049,optimal,0.09770220000064,False,
1177,0.0,0,0.0,1836831.2645967056,optimal,0.09683770000265213,False,
1178,0.0,0,0.0,1904131.8929466438,optimal,0.17739720000099624,False,
1179,0.0,0,0.0,1967603.8907721108,optimal,0.09528970000246773,False,
1180,0.0,0,0.0,2023141.609374213,optimal,0.09325090000493219,False,
1181,0.0,0,0.0,2040712.1209446234,optimal,0.16970910000236472,False,
1182,0.0,0,0.0,2047773.7004948226,optimal,0.09188949999952456,False,
1183,0.0,0,0.0,2059753.797758233,optimal,0.0906639999957406,False,
1184,0.0,0,0.0,2062410.7080898182,optimal,0.16966600000159815,False,
1185,0.0,0,0.0,2057050.3010443477,optimal,0.0836083000031067,False,
1186,0.0,0,0.0,2046460.6707655804,optimal,0.0860647000008612,False,
1187,0.0,0,0.0,2030280.7481576176,optimal,0.1680960999947274,False,
1188,0.0,0,0.0,2027078.0565505,optimal,0.09057239999674493,False,
1189,0.0,0,0.0,1988057.136923742,optimal,0.17532310000387952,False,
1190,0.0,0,0.0,1945432.3030599386,optimal,0.1753411999961827,False,
1191,0.0,0,0.0,1908164.5517619571,optimal,0.09108470000501256,False,
1192,0.0,0,0.0,1907818.8145628097,optimal,0.0895234999989043,False,
1193,0.0,0,0.0,1916150.2312551485,optimal,0.17216819999885047,False,
1194,0.0,0,0.0,1935278.9448762329,optimal,0.16832450000219978,False,
1195,0.0,0,0.0,1955258.0760102507,optimal,0.0894313000026159,False,
1196,0.0,0,0.0,1975697.4188702507,optimal,0.08591660000092816,False,
1197,0.0,0,0.0,1941176.544343452,optimal,0.08441140000650194,False,
1198,0.0,0,0.0,1932171.090750703,optimal,0.0869170999940252,False,
1199,0.0,0,0.0,1908771.1843700043,optimal,0.08768699999927776,False,
1200,0.0,0,0.0,1874232.3098736843,optimal,0.08658179999474669,False,
1201,0.0,0,0.0,1874391.0528181198,optimal,0.08906089999800315,False,
1202,0.0,0,0.0,1889466.6495015298,optimal,0.10444509999797447,False,
1203,0.0,0,0.0,1860186.9205583015,optimal,0.09059300000080839,False,
1204,0.0,0,0.0,1797085.0371782845,optimal,0.0863175999984378,False,
1205,0.0,0,0.0,1743576.4765601724,optimal,0.09882389999984298,False,
1206,0.0,0,0.0,1689812.737022985,optimal,0.09070380000048317,False,
1207,0.0,0,0.0,1634761.252894832,optimal,0.09403169999859529,False,
1208,0.0,0,0.0,1631717.2427384946,optimal,0.09502170000632759,False,
1209,0.0,0,0.0,1626628.6018086502,optimal,0.09885790000407724,False,
1210,0.0,0,0.0,1616821.0208021724,optimal,0.0915471999978763,False,
1211,0.0,0,0.0,1592661.7495546655,optimal,0.09049640000012005,False,
1212,0.0,0,0.0,1539491.3490244027,optimal,0.08649440000590403,False,
1213,0.0,0,0.0,1488227.1730525824,optimal,0.08503170000039972,False,
1214,0.0,0,0.0,1439314.7761429353,optimal,0.1056765000030282,False,
1215,0.0,0,0.0,1366781.60432071,optimal,0.09929039999406086,False,
1216,0.0,0,0.0,1298533.7944242004,optimal,0.09914299999945797,False,
1217,0.0,0,0.0,1242588.212336437,optimal,0.1077925999998115,False,
1218,0.0,0,0.0,1200537.1054287632,optimal,0.10232299999915995,False,
1219,0.0,0,0.0,1170619.4857895444,optimal,0.10032549999596085,False,
1220,0.0,0,0.0,1151877.0049067268,optimal,0.10580489999847487,False,
1221,0.0,0,0.0,1084310.8883225326,optimal,0.10093489999417216,False,
1222,0.0,0,0.0,1018564.5059266851,optimal,0.10298930000135442,False,
1223,0.0,0,0.0,977035.4533592558,optimal,0.09945600000355626,False,
1224,0.0,0,0.0,936712.4181504014,optimal,0.09581819999584695,False,
1225,0.0,0,0.0,882896.280407575,optimal,0.09536240000306861,False,
1226,0.0,0,0.0,811595.1410569255,optimal,0.09100139999645762,False,
1227,0.0,0,0.0,714106.1745996835,optimal,0.09375100000033854,False,
1228,0.0,0,0.0,621499.9253642939,optimal,0.09466699999757111,False,
1229,0.0,0,0.0,535578.1480679535,optimal,0.09482769999885932,False,
1230,0.0,0,0.0,459808.0385161046,optimal,0.09971590000350261,False,
1231,0.0,0,0.0,381635.44770442613,optimal,0.10152720000041882,False,
1232,0.0,0,0.0,336723.80569485016,optimal,0.09299869999813382,False,
1233,0.0,0,0.0,298187.04900155845,optimal,0.09714429999439744,False,
1234,0.0,0,0.0,258550.65261490218,optimal,0.11928829999669688,False,
1235,0.0,0,0.0,218284.39574105106,optimal,0.10260700000071665,False,
1236,0.0,0,0.0,194214.9491409054,optimal,0.0874130999945919,False,
1237,0.0,0,0.0,173550.13217743483,optimal,0.10658600000169827,False,
1238,0.0,0,0.0,158879.31292856517,optimal,0.11211580000235699,False,
1239,0.0,0,0.0,145047.0087853258,optimal,0.11231219999899622,False,
1240,0.0,0,0.0,127355.75022950525,optimal,0.09181179999723099,False,
1241,0.0,0,0.0,111382.36254839004,optimal,0.11637830000108806,False,
1242,0.0,0,0.0,98052.30766801798,optimal,0.10833009999623755,False,
1243,0.0,0,0.0,78067.2306366474,optimal,0.1265618999968865,False,
1244,0.0,0,0.0,54270.79149440764,optimal,0.1142418000017642,False,
1245,0.0,0,0.0,30474.352352168273,optimal,0.10913720000098692,False,
1246,0.0,0,0.0,20628.890779167446,optimal,0.1006310000011581,False,
1247,0.0,0,0.0,0.0,optimal,0.10416480000276351,False,
1248,0.0,0,0.0,0.0,optimal,0.08759039999858942,False,
1249,0.0,0,0.0,0.0,optimal,0.11109369999758201,False,
1250,0.0,0,0.0,0.0,optimal,0.1078341000029468,False,
1251,0.0,0,0.0,0.0,optimal,0.08982470000046305,False,
1252,0.0,0,0.0,0.0,optimal,0.10228110000025481,False,
1253,0.0,0,0.0,0.0,optimal,0.10023460000229534,False,
1254,0.0,0,0.0,0.0,optimal,0.09140640000259737,False,
1255,0.0,0,0.0,0.0,optimal,0.10553520000394201,False,
1256,0.0,0,0.0,0.0,optimal,0.08448760000464972,False,
1257,0.0,0,0.0,0.0,optimal,0.09250919999612961,False,
1258,0.0,0,0.0,0.0,optimal,0.0888349000015296,False,
1259,0.0,0,0.0,0.0,optimal,0.162756999998237,False,
1260,0.0,0,0.0,0.0,optimal,0.08670559999882244,False,
1261,0.0,0,0.0,0.0,optimal,0.08771429999615066,False,
1262,0.0,0,0.0,0.0,optimal,0.1772424000009778,False,
1263,0.0,0,0.0,1864.0966115312228,optimal,0.09754980000434443,False,
1264,0.0,0,0.0,25516.824785891135,optimal,0.08317099999840138,False,
1265,0.0,0,0.0,52559.86695197016,optimal,0.17272630000661593,False,
1266,0.0,0,0.0,83556.72047718466,optimal,0.09312459999637213,False,
1267,0.0,0,0.0,107712.47721835981,optimal,0.0822833999991417,False,
1268,0.0,0,0.0,131581.44276565942,optimal,0.17405159999907482,False,
1269,0.0,0,0.0,146811.29828249387,optimal,0.09202600000571692,False,
1270,0.0,0,0.0,141754.83848225945,optimal,0.08966549999604467,False,
1271,0.0,0,0.0,132547.336411848,optimal,0.17625759999646107,False,
1272,0.0,0,0.0,141431.56092192073,optimal,0.08895019999908982,False,
1273,0.0,0,0.0,156443.2043052706,optimal,0.17207849999977043,False,
1274,0.0,0,0.0,189420.93694339856,optimal,0.08942999999999302,False,
1275,0.0,0,0.0,228757.61041112087,optimal,0.17422009999427246,False,
1276,0.0,0,0.0,263906.5178511225,optimal,0.08567190000030678,False,
1277,0.0,0,0.0,308859.57979789545,optimal,0.0875125999955344,False,
1278,0.0,0,0.0,337414.17415636027,optimal,0.16871639999590116,False,
1279,0.0,0,0.0,397693.02300850133,optimal,0.08735290000186069,False,
1280,0.0,0,0.0,456582.64256673784,optimal,0.0884920999960741,False,
1281,0.0,0,0.0,530035.509454532,optimal,0.08371869999973569,False,
1282,0.0,0,0.0,615920.7001001217,optimal,0.08562339999480173,False,
1283,0.0,0,0.0,693808.3096538497,optimal,0.16568699999334058,False,
1284,0.0,0,0.0,738332.9858487004,optimal,0.09038800000416813,False,
1285,0.0,0,0.0,744212.321323811,optimal,0.09597380000195699,False,
1286,0.0,0,0.0,743652.9099120972,optimal,0.1682658999998239,False,
1287,0.0,0,0.0,747227.8004315539,optimal,0.08451659999991534,False,
1288,0.0,0,0.0,754693.6736978097,optimal,0.09535999999934575,False,
1289,0.0,0,0.0,769504.0487721695,optimal,0.16936030000215396,False,
1290,0.0,0,0.0,838238.0942340915,optimal,0.09128200000122888,False,
1291,0.0,0,0.0,950645.0593860039,optimal,0.09050869999919087,False,
1292,0.0,0,0.0,1075190.9423625574,optimal,0.08607710000069346,False,
1293,0.0,0,0.0,1201075.1033391126,optimal,0.0874610999962897,False,
1294,0.0,0,0.0,1260831.6761084155,optimal,0.09795360000134679,False,
1295,0.0,0,0.0,1349205.238095802,optimal,0.09065209999971557,False,
1296,0.0,0,0.0,1428626.5848848466,optimal,0.10013309999339981,False,
1297,0.0,0,0.0,1488261.7263205869,optimal,0.18027119999896968,False,
1298,0.0,0,0.0,1507086.7180724884,optimal,0.1014800999982981,False,
1299,0.0,0,0.0,1515826.9762324595,optimal,0.08435979999921983,False,
1300,0.0,0,0.0,1559057.12845319,optimal,0.09486579999793321,False,
1301,0.0,0,0.0,1607356.902809912,optimal,0.1698233999995864,False,
1302,0.0,0,0.0,1672644.4129456088,optimal,0.08914109999750508,False,
1303,0.0,0,0.0,1741966.0459450958,optimal,0.09393120000459021,False,
1304,0.0,0,0.0,1753346.2744421484,optimal,0.1771876999991946,False,
1305,0.0,0,0.0,1776502.284585211,optimal,0.09725690000050236,False,
1306,0.0,0,0.0,1777550.1624656816,optimal,0.08554980000189971,False,
1307,0.0,0,0.0,1775812.5957761134,optimal,0.1800641000008909,False,
1308,0.0,0,0.0,1761471.1908074168,optimal,0.09679010000400012,False,
1309,0.0,0,0.0,1728312.5647076976,optimal,0.09596429999510292,False,
1310,0.0,0,0.0,1693168.7060036976,optimal,0.18521399999735877,False,
1311,0.0,0,0.0,1657591.5472996982,optimal,0.09994399999413872,False,
1312,0.0,0,0.0,1622411.7363437433,optimal,0.17609889999584993,False,
1313,0.0,0,0.0,1606183.6505409456,optimal,0.09797339999931864,False,
1314,0.0,0,0.0,1599779.9310933875,optimal,0.18694659999891883,False,
1315,0.0,0,0.0,1625084.853296164,optimal,0.08648610000091139,False,
1316,0.0,0,0.0,1659592.1129068478,optimal,0.09312839999620337,False,
1317,0.0,0,0.0,1684721.5628497752,optimal,0.1819132999953581,False,
1318,0.0,0,0.0,1717034.1649297355,optimal,0.09432019999803742,False,
1319,0.0,0,0.0,1747675.083871295,optimal,0.1760802999997395,False,
1320,0.0,0,0.0,1769723.6610603337,optimal,0.17056819999561412,False,
1321,0.0,0,0.0,1775189.176316717,optimal,0.09004570000251988,False,
1322,0.0,0,0.0,1722316.2118537892,optimal,0.09090419999847654,False,
1323,0.0,0,0.0,1680215.5225340507,optimal,0.0921916000006604,False,
1324,0.0,0,0.0,1626311.5231402928,optimal,0.0830950000017765,False,
1325,0.0,0,0.0,1626218.2521109441,optimal,0.08497720000013942,False,
1326,0.0,0,0.0,1589564.397218322,optimal,0.08609579999756534,False,
1327,0.0,0,0.0,1547760.6893615394,optimal,0.10123839999869233,False,
1328,0.0,0,0.0,1509339.4817215016,optimal,0.09797869999601971,False,
1329,0.0,0,0.0,1486660.637029598,optimal,0.09894879999774275,False,
1330,0.0,0,0.0,1464318.619194356,optimal,0.10284909999609226,False,
1331,0.0,0,0.0,1430168.1584644595,optimal,0.10385849999875063,False,
1332,0.0,0,0.0,1402025.4035802945,optimal,0.09460910000052536,False,
1333,0.0,0,0.0,1431431.142320295,optimal,0.10582189999695402,False,
1334,0.0,0,0.0,1416177.659738646,optimal,0.10422139999718638,False,
1335,0.0,0,0.0,1399623.9922814271,optimal,0.09897349999664584,False,
1336,0.0,0,0.0,1404138.3321981803,optimal,0.10551729999860981,False,
1337,0.0,0,0.0,1357399.994343615,optimal,0.09676190000027418,False,
1338,0.0,0,0.0,1329942.6449788937,optimal,0.09957040000153938,False,
1339,0.0,0,0.0,1281880.754584512,optimal,0.09302179999940563,False,
1340,0.0,0,0.0,1222557.4620623402,optimal,0.11507839999831049,False,
1341,0.0,0,0.0,1188633.9362015622,optimal,0.09535580000374466,False,
1342,0.0,0,0.0,1117178.8940237868,optimal,0.09964079999917885,False,
1343,0.0,0,0.0,1050813.5485909635,optimal,0.10486539999692468,False,
1344,0.0,0,0.0,999894.1264618257,optimal,0.12446679999993648,False,
1345,0.0,0,0.0,964108.1780102745,optimal,0.0856777000008151,False,
1346,0.0,0,0.0,927991.2006212744,optimal,0.09573799999634502,False,
1347,0.0,0,0.0,886099.7227638768,optimal,0.10740339999756543,False,
1348,0.0,0,0.0,838340.2214762535,optimal,0.09169019999535521,False,
1349,0.0,0,0.0,813486.5018278937,optimal,0.1077238999932888,False,
1350,0.0,0,0.0,752244.9263987327,optimal,0.09133039999869652,False,
1351,0.0,0,0.0,700173.6033685852,optimal,0.10199740000098245,False,
1352,0.0,0,0.0,643356.4358255609,optimal,0.09111910000501666,False,
1353,0.0,0,0.0,579109.4281703231,optimal,0.08564170000317972,False,
1354,0.0,0,0.0,471247.85339765245,optimal,0.10222289999364875,False,
1355,0.0,0,0.0,386356.7459991268,optimal,0.11093100000289269,False,
1356,0.0,0,0.0,332284.29270761326,optimal,0.10420159999921452,False,
1357,0.0,0,0.0,296496.0115021734,optimal,0.10608219999994617,False,
1358,0.0,0,0.0,259235.89039803814,optimal,0.11236590000044089,False,
1359,0.0,0,0.0,224287.41171961307,optimal,0.12224060000153258,False,
1360,0.0,0,0.0,197431.6853464906,optimal,0.13013930000306573,False,
1361,0.0,0,0.0,187921.64838633183,optimal,0.12805999999545747,False,
1362,0.0,0,0.0,179608.39773022046,optimal,0.12825639999937266,False,
1363,0.0,0,0.0,155389.76898514645,optimal,0.12778489999618614,False,
1364,0.0,0,0.0,141626.3580970882,optimal,0.1217739999992773,False,
1365,0.0,0,0.0,139404.39963275843,optimal,0.10828819999733241,False,
1366,0.0,0,0.0,132133.9179591659,optimal,0.10947879999730503,False,
1367,0.0,0,0.0,138000.08524828334,optimal,0.09321379999892088,False,
1368,0.0,0,0.0,145666.36306873366,optimal,0.11155959999450715,False,
1369,0.0,0,0.0,143176.41205479848,optimal,0.09070939999946859,False,
1370,0.0,0,0.0,161599.0035413844,optimal,0.10117129999707686,False,
1371,0.0,0,0.0,188344.41204444898,optimal,0.10069810000277357,False,
1372,0.0,0,0.0,220570.46475613833,optimal,0.11000420000345912,False,
1373,0.0,0,0.0,247757.73836849525,optimal,0.09605730000475887,False,
1374,0.0,0,0.0,270780.251184572,optimal,0.09330400000180816,False,
1375,0.0,0,0.0,301441.0025887523,optimal,0.092619700000796,False,
1376,0.0,0,0.0,313259.7513449239,optimal,0.08614939999824855,False,
1377,0.0,0,0.0,326751.03404003126,optimal,0.0870712000032654,False,
1378,0.0,0,0.0,347296.19206689304,optimal,0.10394549999909941,False,
1379,0.0,0,0.0,341214.770037507,optimal,0.08557689999724971,False,
1380,0.0,0,0.0,301636.3419530642,optimal,0.09154870000202209,False,
1381,0.0,0,0.0,253463.34217931292,optimal,0.08805690000008326,False,
1382,0.0,0,0.0,232993.40387922892,optimal,0.10009140000329353,False,
1383,0.0,0,0.0,213426.29576721977,optimal,0.10151499999483349,False,
1384,0.0,0,0.0,199872.39912391038,optimal,0.09974150000198279,False,
1385,0.0,0,0.0,207208.16497515125,optimal,0.11223929999687243,False,
1386,0.0,0,0.0,223034.61522077833,optimal,0.10405779999564402,False,
1387,0.0,0,0.0,244917.25661146193,optimal,0.09297280000464525,False,
1388,0.0,0,0.0,280929.74668142485,optimal,0.08722430000489112,False,
1389,0.0,0,0.0,363283.46149317344,optimal,0.08374609999737004,False,
1390,0.0,0,0.0,470109.1546561244,optimal,0.08772029999818187,False,
1391,0.0,0,0.0,528225.8021204617,optimal,0.08293950000370387,False,
1392,0.0,0,0.0,577243.9379741598,optimal,0.0871188999954029,False,
1393,0.0,0,0.0,647335.250974205,optimal,0.08515819999593077,False,
1394,0.0,0,0.0,746214.6014989036,optimal,0.08772110000427347,False,
1395,0.0,0,0.0,837274.6165929617,optimal,0.08747609999409178,False,
1396,0.0,0,0.0,906234.0735624927,optimal,0.10010060000058729,False,
1397,0.0,0,0.0,937242.8483698413,optimal,0.08706160000292584,False,
1398,0.0,0,0.0,1030294.4334495043,optimal,0.09033790000103181,False,
1399,0.0,0,0.0,1111917.8265438175,optimal,0.09301910000067437,False,
1400,0.0,0,0.0,1219415.7093524998,optimal,0.08578519999718992,False,
1401,0.0,0,0.0,1301082.77558144,optimal,0.08505410000361735,False,
1402,0.0,0,0.0,1354552.9417813425,optimal,0.09091730000363896,False,
1403,0.0,0,0.0,1357012.7130060839,optimal,0.09362529999634717,False,
1404,0.0,0,0.0,1299042.9868251388,optimal,0.08676500000001397,False,
1405,0.0,0,0.0,1222948.4841221513,optimal,0.09684549999656156,False,
1406,0.0,0,0.0,1156626.6073578305,optimal,0.09519079999881797,False,
1407,0.0,0,0.0,1107687.423613454,optimal,0.09555919999547768,False,
1408,0.0,0,0.0,1055123.2730794994,optimal,0.19259519999468466,False,
1409,0.0,0,0.0,1032817.7884202567,optimal,0.1804338000001735,False,
1410,0.0,0,0.0,1025869.8900977671,optimal,0.08757270000205608,False,
1411,0.0,0,0.0,1064234.953784367,optimal,0.08799039999576053,False,
1412,0.0,0,0.0,1037574.137445284,optimal,0.1768064999996568,False,
1413,0.0,0,0.0,1010982.4552387538,optimal,0.08403540000290377,False,
1414,0.0,0,0.0,982067.9468550232,optimal,0.08587809999880847,False,
1415,0.0,0,0.0,939151.0223660847,optimal,0.17693109999527223,False,
1416,0.0,0,0.0,894024.3581836717,optimal,0.08392479999747593,False,
1417,0.0,0,0.0,834265.3060569636,optimal,0.0868657999963034,False,
1418,0.0,0,0.0,773511.2709119716,optimal,0.18740610000531888,False,
1419,0.0,0,0.0,703223.2292938203,optimal,0.0836838999966858,False,
1420,0.0,0,0.0,637414.3685237337,optimal,0.17863900000520516,False,
1421,0.0,0,0.0,570633.0398824866,optimal,0.09330639999825507,False,
1422,0.0,0,0.0,493819.7386757355,optimal,0.18383660000108648,False,
1423,0.0,0,0.0,430422.1300327548,optimal,0.08779560000402853,False,
1424,0.0,0,0.0,372002.7639353991,optimal,0.08569249999709427,False,
1425,0.0,0,0.0,318612.0032401192,optimal,0.08566129999962868,False,
1426,0.0,0,0.0,280663.143668282,optimal,0.18060110000078566,False,
1427,0.0,0,0.0,258248.17532648292,optimal,0.08514329999889014,False,
1428,0.0,0,0.0,252219.436658662,optimal,0.08623799999622861,False,
1429,0.0,0,0.0,198525.35090230094,optimal,0.1759161999943899,False,
1430,0.0,0,0.0,178740.39978391468,optimal,0.09226100000523729,False,
1431,0.0,0,0.0,178121.12747736383,optimal,0.08801850000600098,False,
1432,0.0,0,0.0,164724.56812219956,optimal,0.08806750000076136,False,
1433,0.0,0,0.0,161112.66220741963,optimal,0.16843379999772878,False,
1434,0.0,0,0.0,148086.96502911378,optimal,0.08354440000402974,False,
1435,0.0,0,0.0,154777.4115030276,optimal,0.0847968000016408,False,
1436,0.0,0,0.0,131469.41551678692,optimal,0.17174299999896903,False,
1437,0.0,0,0.0,111480.81348917281,optimal,0.08323250000103144,False,
1438,0.0,0,0.0,78485.35193965645,optimal,0.08755569999630097,False,
1439,0.0,0,0.0,30995.578602337606,optimal,0.08365639999829,False,
1440,0.0,0,0.0,0.0,optimal,0.08752059999824269,False,
1441,0.0,0,0.0,0.0,optimal,0.08676679999916814,False,
1442,0.0,0,0.0,0.0,optimal,0.089078500001051,False,
1443,0.0,0,0.0,0.0,optimal,0.08276750000368338,False,
1444,0.0,0,0.0,0.0,optimal,0.17629699999815784,False,
1445,0.0,0,0.0,0.0,optimal,0.08740219999890542,False,
1446,0.0,0,0.0,0.0,optimal,0.08527370000228984,False,
1447,0.0,0,0.0,0.0,optimal,0.08504560000437777,False,
1448,0.0,0,0.0,0.0,optimal,0.18798209999658866,False,
1449,0.0,0,0.0,0.0,optimal,0.09718649999558693,False,
1450,0.0,0,0.0,0.0,optimal,0.18408389999967767,False,
1451,0.0,0,0.0,0.0,optimal,0.10156779999670107,False,
1452,0.0,0,0.0,0.0,optimal,0.1007882999983849,False,
1453,0.0,0,0.0,0.0,optimal,0.0933456999991904,False,
1454,0.0,0,0.0,0.0,optimal,0.1925794000053429,False,
1455,0.0,0,0.0,0.0,optimal,0.09740349999628961,False,
1456,0.0,0,0.0,0.0,optimal,0.09387550000246847,False,
1457,0.0,0,0.0,0.0,optimal,0.1836981999949785,False,
1458,0.0,0,0.0,0.0,optimal,0.09394040000188397,False,
1459,0.0,0,0.0,0.0,optimal,0.17993009999918286,False,
1460,0.0,0,0.0,0.0,optimal,0.09011390000523534,False,
1461,0.0,0,0.0,0.0,optimal,0.1856843999994453,False,
1462,0.0,0,0.0,0.0,optimal,0.0871432000058121,False,
1463,0.0,0,0.0,0.0,optimal,0.18025889999989886,False,
1464,0.0,0,0.0,0.0,optimal,0.08710379999683937,False,
1465,0.0,0,0.0,0.0,optimal,0.17899040000338573,False,
1466,0.0,0,0.0,20172.02647018674,optimal,0.08876749999762978,False,
1467,0.0,0,0.0,43928.34397526447,optimal,0.17709969999850728,False,
1468,0.0,0,0.0,64086.668001795035,optimal,0.08846599999378668,False,
1469,0.0,0,0.0,102143.41082430689,optimal,0.08618520000163699,False,
1470,0.0,0,0.0,140075.6626967097,optimal,0.08833169999707025,False,
1471,0.0,0,0.0,183986.1495383301,optimal,0.08425450000504497,False,
1472,0.0,0,0.0,279701.046193307,optimal,0.08503880000353092,False,
1473,0.0,0,0.0,390493.82380186266,optimal,0.08592309999949066,False,
1474,0.0,0,0.0,479637.54194251855,optimal,0.08458529999916209,False,
1475,0.0,0,0.0,527416.8288463613,optimal,0.08397749999858206,False,
1476,0.0,0,0.0,594997.6011851016,optimal,0.08633100000588456,False,
1477,0.0,0,0.0,634700.4776472346,optimal,0.08526490000076592,False,
1478,0.0,0,0.0,659888.4553818189,optimal,0.08762730000307783,False,
1479,0.0,0,0.0,689022.9546759053,optimal,0.08781240000098478,False,
1480,0.0,0,0.0,726909.7269491869,optimal,0.08696779999445425,False,
1481,0.0,0,0.0,768604.3083531405,optimal,0.0883241999981692,False,
1482,0.0,0,0.0,815767.6300826395,optimal,0.09420379999937722,False,
1483,0.0,0,0.0,877423.0427926334,optimal,0.0940894000013941,False,
1484,0.0,0,0.0,944179.6037718205,optimal,0.08906959999876563,False,
1485,0.0,0,0.0,1002239.1805307647,optimal,0.09408799999800976,False,
1486,0.0,0,0.0,1024558.1539026051,optimal,0.07906760000332724,False,
1487,0.0,0,0.0,1041426.0782504923,optimal,0.0975207999945269,False,
1488,0.0,0,0.0,1055610.7120263143,optimal,0.0946819000018877,False,
1489,0.0,0,0.0,1072442.4030424054,optimal,0.09618990000308258,False,
1490,0.0,0,0.0,1074898.1787403577,optimal,0.08988120000140043,False,
1491,0.0,0,0.0,1105215.1477007822,optimal,0.08868489999440499,False,
1492,0.0,0,0.0,1114108.2421740834,optimal,0.08926049999718089,False,
1493,0.0,0,0.0,1126918.6901486823,optimal,0.08955219999916153,False,
1494,0.0,0,0.0,1141208.973855226,optimal,0.08871540000109235,False,
1495,0.0,0,0.0,1170454.797304475,optimal,0.09186690000205999,False,
1496,0.0,0,0.0,1177305.9032197045,optimal,0.09137599999667145,False,
1497,0.0,0,0.0,1196109.3707950257,optimal,0.08224980000522919,False,
1498,0.0,0,0.0,1142623.7623719403,optimal,0.09296850000100676,False,
1499,0.0,0,0.0,1092782.5760226054,optimal,0.08167839999805437,False,
1500,0.0,0,0.0,1067877.8761685437,optimal,0.08322279999993043,False,
1501,0.0,0,0.0,1048680.2727702933,optimal,0.08490989999700105,False,
1502,0.0,0,0.0,1016569.8996418257,optimal,0.08251809999637771,False,
1503,0.0,0,0.0,990491.3628878148,optimal,0.08692509999673348,False,
1504,0.0,0,0.0,954793.4517614272,optimal,0.09143089999997756,False,
1505,0.0,0,0.0,929720.4970162902,optimal,0.08831210000062129,False,
1506,0.0,0,0.0,897635.255977769,optimal,0.08668439999746624,False,
1507,0.0,0,0.0,851086.5471492159,optimal,0.08968370000366122,False,
1508,0.0,0,0.0,797859.7007400768,optimal,0.0868313999962993,False,
1509,0.0,0,0.0,761309.0081116807,optimal,0.08389739999984158,False,
1510,0.0,0,0.0,715141.6658749024,optimal,0.08464480000111507,False,
1511,0.0,0,0.0,686041.3667560973,optimal,0.09075830000074347,False,
1512,0.0,0,0.0,641230.6364268165,optimal,0.0855987000031746,False,
1513,0.0,0,0.0,606719.8053979278,optimal,0.07898820000264095,False,
1514,0.0,0,0.0,577974.8401303047,optimal,0.08970250000129454,False,
1515,0.0,0,0.0,551778.0603156276,optimal,0.08699709999928018,False,
1516,0.0,0,0.0,518487.5775471578,optimal,0.09025869999459246,False,
1517,0.0,0,0.0,492422.555661654,optimal,0.08813460000237683,False,
1518,0.0,0,0.0,464920.2871199975,optimal,0.09218130000226665,False,
1519,0.0,0,0.0,423299.41860937345,optimal,0.09120960000291234,False,
1520,0.0,0,0.0,390592.86892469646,optimal,0.09344360000250163,False,
1521,0.0,0,0.0,356635.1004445683,optimal,0.09071689999836963,False,
1522,0.0,0,0.0,327785.6642906569,optimal,0.09670119999645976,False,
1523,0.0,0,0.0,312514.2872401641,optimal,0.09291429999575485,False,
1524,0.0,0,0.0,290198.61052509677,optimal,0.09988879999582423,False,
1525,0.0,0,0.0,260043.08713093295,optimal,0.09488789999886649,False,
1526,0.0,0,0.0,246863.64523809706,optimal,0.09190230000240263,False,
1527,0.0,0,0.0,218250.55026365945,optimal,0.09891150000476046,False,
1528,0.0,0,0.0,196086.9622551428,optimal,0.08768440000130795,False,
1529,0.0,0,0.0,153291.56912316216,optimal,0.09367430000565946,False,
1530,0.0,0,0.0,121585.52474032331,optimal,0.0919897999992827,False,
1531,0.0,0,0.0,78596.3917469546,optimal,0.09059739999793237,False,
1532,0.0,0,0.0,54879.21530216597,optimal,0.09477830000105314,False,
1533,0.0,0,0.0,42363.05176753425,optimal,0.08596419999958016,False,
1534,0.0,0,0.0,18455.8600590472,optimal,0.17492289999790955,False,
1535,0.0,0,0.0,4009.442639186912,optimal,0.16847710000001825,False,
1536,0.0,0,0.0,0.0,optimal,0.08996920000208775,False,
1537,0.0,0,0.0,0.0,optimal,0.08969579999393318,False,
1538,0.0,0,0.0,0.0,optimal,0.18148820000351407,False,
1539,0.0,0,0.0,0.0,optimal,0.09463970000069821,False,
1540,0.0,0,0.0,0.0,optimal,0.08943700000236277,False,
1541,0.0,0,0.0,0.0,optimal,0.18835110000509303,False,
1542,0.0,0,0.0,0.0,optimal,0.09343900000385474,False,
1543,0.0,0,0.0,0.0,optimal,0.0940307999990182,False,
1544,0.0,0,0.0,0.0,optimal,0.16521999999531545,False,
1545,0.0,0,0.0,19513.743292272957,optimal,0.10637309999583522,False,
1546,0.0,0,0.0,18033.415433394257,optimal,0.17408029999933206,False,
1547,0.0,0,0.0,0.0,optimal,0.10043859999859706,False,
1548,0.0,0,0.0,0.0,optimal,0.18077400000038324,False,
1549,0.0,0,0.0,0.0,optimal,0.10197729999345029,False,
1550,0.0,0,0.0,0.0,optimal,0.09977870000147959,False,
1551,0.0,0,0.0,0.0,optimal,0.0921952999997302,False,
1552,0.0,0,0.0,0.0,optimal,0.17779840000002878,False,
1553,0.0,0,0.0,0.0,optimal,0.09202319999894826,False,
1554,0.0,0,0.0,0.0,optimal,0.10233830000652233,False,
1555,0.0,0,0.0,0.0,optimal,0.17504449999978533,False,
1556,0.0,0,0.0,0.0,optimal,0.09619540000130655,False,
1557,0.0,0,0.0,0.0,optimal,0.09162400000059279,False,
1558,0.0,0,0.0,0.0,optimal,0.089427800005069,False,
1559,0.0,0,0.0,0.0,optimal,0.17407989999628626,False,
1560,0.0,0,0.0,0.0,optimal,0.09554560000105994,False,
1561,0.0,0,0.0,0.0,optimal,0.09561509999912232,False,
1562,0.0,0,0.0,0.0,optimal,0.18082760000106646,False,
1563,0.0,0,0.0,0.0,optimal,0.09442049999779556,False,
1564,0.0,0,0.0,0.0,optimal,0.09691759999986971,False,
1565,0.0,0,0.0,0.0,optimal,0.09017180000228109,False,
1566,0.0,0,0.0,0.0,optimal,0.09484759999759262,False,
1567,0.0,0,0.0,0.0,optimal,0.09946770000533434,False,
1568,0.0,0,0.0,0.0,optimal,0.10713839999516495,False,
1569,0.0,0,0.0,0.0,optimal,0.0888450999991619,False,
1570,0.0,0,0.0,0.0,optimal,0.1757893999965745,False,
1571,0.0,0,0.0,0.0,optimal,0.11728199999924982,False,
1572,0.0,0,0.0,0.0,optimal,0.11709659999905853,False,
1573,0.0,0,0.0,0.0,optimal,0.1884282000028179,False,
1574,0.0,0,0.0,0.0,optimal,0.10478039999725297,False,
1575,0.0,0,0.0,0.0,optimal,0.11336750000191387,False,
1576,0.0,0,0.0,0.0,optimal,0.19757660000323085,False,
1577,0.0,0,0.0,0.0,optimal,0.1019352999937837,False,
1578,0.0,0,0.0,0.0,optimal,0.10174839999672258,False,
1579,0.0,0,0.0,0.0,optimal,0.10312119999434799,False,
1580,0.0,0,0.0,0.0,optimal,0.2087699999974575,False,
1581,0.0,0,0.0,0.0,optimal,0.09925880000082543,False,
1582,0.0,0,0.0,0.0,optimal,0.10297180000634398,False,
1583,0.0,0,0.0,0.0,optimal,0.1981515999941621,False,
1584,0.0,0,0.0,0.0,optimal,0.1155808999974397,False,
1585,0.0,0,0.0,0.0,optimal,0.21023820000118576,False,
1586,0.0,0,0.0,0.0,optimal,0.11475440000504022,False,
1587,0.0,0,0.0,0.0,optimal,0.1151497999962885,False,
1588,0.0,0,0.0,0.0,optimal,0.18609799999831012,False,
1589,0.0,0,0.0,0.0,optimal,0.0968360000042594,False,
1590,0.0,0,0.0,0.0,optimal,0.1890994999994291,False,
1591,0.0,0,0.0,0.0,optimal,0.1865793000033591,False,
1592,0.0,0,0.0,0.0,optimal,0.08797950000007404,False,
1593,0.0,0,0.0,0.0,optimal,0.08627120000164723,False,
1594,0.0,0,0.0,0.0,optimal,0.17042750000109663,False,
1595,0.0,0,0.0,0.0,optimal,0.0849339999986114,False,
1596,0.0,0,0.0,0.0,optimal,0.08672060000390047,False,
1597,0.0,0,0.0,0.0,optimal,0.08616630000324221,False,
1598,0.0,0,0.0,0.0,optimal,0.08236870000109775,False,
1599,0.0,0,0.0,0.0,optimal,0.09069309999904362,False,
1600,0.0,0,0.0,0.0,optimal,0.09217209999769693,False,
1601,0.0,0,0.0,0.0,optimal,0.08186329999443842,False,
1602,0.0,0,0.0,0.0,optimal,0.0934930000003078,False,
1603,0.0,0,0.0,1890.0985064708116,optimal,0.09388510000280803,False,
1604,0.0,0,0.0,35401.90547995922,optimal,0.11684950000199024,False,
1605,0.0,0,0.0,76530.94009164139,optimal,0.11025269999663578,False,
1606,0.0,0,0.0,119006.81107984774,optimal,0.1072825000010198,False,
1607,0.0,0,0.0,175098.65384280408,optimal,0.10210109999752603,False,
1608,0.0,0,0.0,233048.89412904374,optimal,0.09175549999781651,False,
1609,0.0,0,0.0,272469.6736967608,optimal,0.09328829999867594,False,
1610,0.0,0,0.0,307486.28105395456,optimal,0.09025300000212155,False,
1611,0.0,0,0.0,335798.4184694653,optimal,0.09677020000526682,False,
1612,0.0,0,0.0,359160.2538572467,optimal,0.09991009999794187,False,
1613,0.0,0,0.0,373949.35179189534,optimal,0.09860810000100173,False,
1614,0.0,0,0.0,413253.2539992071,optimal,0.09888150000188034,False,
1615,0.0,0,0.0,444011.37092364713,optimal,0.09960950000095181,False,
1616,0.0,0,0.0,446912.20547064126,optimal,0.104278400001931,False,
1617,0.0,0,0.0,464745.68736563355,optimal,0.08482350000122096,False,
1618,0.0,0,0.0,481724.71782807074,optimal,0.11270800000056624,False,
1619,0.0,0,0.0,504264.22739730356,optimal,0.1110393999988446,False,
1620,0.0,0,0.0,534148.2051442314,optimal,0.09551920000376413,False,
1621,0.0,0,0.0,562338.0966969752,optimal,0.1152970999974059,False,
1622,0.0,0,0.0,581341.1652670292,optimal,0.08894499999587424,False,
1623,0.0,0,0.0,597425.711658364,optimal,0.08938050000142539,False,
1624,0.0,0,0.0,610607.6970525938,optimal,0.10948619999544462,False,
1625,0.0,0,0.0,625085.9819885289,optimal,0.11838159999751952,False,
1626,0.0,0,0.0,625241.0148027588,optimal,0.10290369999711402,False,
1627,0.0,0,0.0,620332.0192507232,optimal,0.108299800005625,False,
1628,0.0,0,0.0,603741.8789333202,optimal,0.11524490000010701,False,
1629,0.0,0,0.0,579157.2136770837,optimal,0.10583369999949355,False,
1630,0.0,0,0.0,559362.3001034238,optimal,0.09737840000161668,False,
1631,0.0,0,0.0,533071.5448200406,optimal,0.10253519999969285,False,
1632,0.0,0,0.0,504678.93557198293,optimal,0.0877046999958111,False,
1633,0.0,0,0.0,497126.91031671676,optimal,0.10448249999899417,False,
1634,0.0,0,0.0,497227.97664745664,optimal,0.11693930000183173,False,
1635,0.0,0,0.0,496199.94289556326,optimal,0.10921190000226488,False,
1636,0.0,0,0.0,496181.29715757124,optimal,0.11263009999674978,False,
1637,0.0,0,0.0,471224.188631214,optimal,0.09503689999837661,False,
1638,0.0,0,0.0,467148.78493225324,optimal,0.10093849999975646,False,
1639,0.0,0,0.0,471791.099450367,optimal,0.09425029999692924,False,
1640,0.0,0,0.0,491991.0674985542,optimal,0.0985755000001518,False,
1641,0.0,0,0.0,496641.35984384484,optimal,0.0901921000040602,False,
1642,0.0,0,0.0,503145.59393922624,optimal,0.09069430000090506,False,
1643,0.0,0,0.0,477269.4295739288,optimal,0.10461809999833349,False,
1644,0.0,0,0.0,445932.925438074,optimal,0.1094946000011987,False,
1645,0.0,0,0.0,417889.53711979877,optimal,0.10768020000250544,False,
1646,0.0,0,0.0,402989.3089133986,optimal,0.0922467999989749,False,
1647,0.0,0,0.0,383208.84774207196,optimal,0.0941032000046107,False,
1648,0.0,0,0.0,358059.80474724906,optimal,0.10252059999766061,False,
1649,0.0,0,0.0,330287.1810323764,optimal,0.09846860000106972,False,
1650,0.0,0,0.0,305099.5887662337,optimal,0.09667009999975562,False,
1651,0.0,0,0.0,287668.0754208061,optimal,0.11602120000316063,False,
1652,0.0,0,0.0,296396.3874731604,optimal,0.11288339999737218,False,
1653,0.0,0,0.0,277433.82580163894,optimal,0.10885000000416767,False,
1654,0.0,0,0.0,262400.6765218468,optimal,0.10203180000098655,False,
1655,0.0,0,0.0,228185.74179009377,optimal,0.1085495000006631,False,
1656,0.0,0,0.0,218543.00757757903,optimal,0.10865309999644523,False,
1657,0.0,0,0.0,214263.88505935494,optimal,0.11189079999894602,False,
1658,0.0,0,0.0,213596.47895037674,optimal,0.10688369999843417,False,
1659,0.0,0,0.0,227095.13547290798,optimal,0.11336009999649832,False,
1660,0.0,0,0.0,241694.63935554415,optimal,0.10594049999781419,False,
1661,0.0,0,0.0,248018.1918570146,optimal,0.09810909999941941,False,
1662,0.0,0,0.0,264926.92075122497,optimal,0.09514800000033574,False,
1663,0.0,0,0.0,286538.9020662254,optimal,0.11626300000352785,False,
1664,0.0,0,0.0,308769.8433812247,optimal,0.11556759999803035,False,
1665,0.0,0,0.0,324253.9331598357,optimal,0.11813580000307411,False,
1666,0.0,0,0.0,308339.4614161394,optimal,0.10477060000266647,False,
1667,0.0,0,0.0,291740.4566624432,optimal,0.10555980000208365,False,
1668,0.0,0,0.0,272275.9056415044,optimal,0.09781219999422319,False,
1669,0.0,0,0.0,252293.79312514586,optimal,0.09306300000025658,False,
1670,0.0,0,0.0,232456.8885929113,optimal,0.09557130000030156,False,
1671,0.0,0,0.0,208982.450815149,optimal,0.10759169999801088,False,
1672,0.0,0,0.0,190916.32515062715,optimal,0.10201889999734703,False,
1673,0.0,0,0.0,176434.93110131487,optimal,0.10305410000000848,False,
1674,0.0,0,0.0,165969.86899203958,optimal,0.1059772000007797,False,
1675,0.0,0,0.0,170704.15239524073,optimal,0.09536080000543734,False,
1676,0.0,0,0.0,176588.3302975765,optimal,0.09741070000018226,False,
1677,0.0,0,0.0,187392.59457754667,optimal,0.08994269999675453,False,
1678,0.0,0,0.0,201365.48720122004,optimal,0.08699389999674167,False,
1679,0.0,0,0.0,213597.80984435361,optimal,0.08192630000121426,False,
1680,0.0,0,0.0,224179.57248748827,optimal,0.18122199999925215,False,
1681,0.0,0,0.0,241103.12182705817,optimal,0.09800600000016857,False,
1682,0.0,0,0.0,260016.55104872203,optimal,0.09205759999895236,False,
1683,0.0,0,0.0,278620.5002703852,optimal,0.18212079999648267,False,
1684,0.0,0,0.0,297069.7094920482,optimal,0.09795070000109263,False,
1685,0.0,0,0.0,315828.39871371246,optimal,0.18393689999356866,False,
1686,0.0,0,0.0,333876.9231583267,optimal,0.0858723999990616,False,
1687,0.0,0,0.0,348818.49691439973,optimal,0.09673250000196276,False,
1688,0.0,0,0.0,363189.9334654028,optimal,0.18868959999963408,False,
1689,0.0,0,0.0,367847.0081019699,optimal,0.08780149999802234,False,
1690,0.0,0,0.0,369849.50097583834,optimal,0.08754300000146031,False,
1691,0.0,0,0.0,367539.43732565566,optimal,0.18446759999642381,False,
1692,0.0,0,0.0,360052.5923095055,optimal,0.08232609999686247,False,
1693,0.0,0,0.0,344567.41198623,optimal,0.18512419999751728,False,
1694,0.0,0,0.0,336455.93912303087,optimal,0.0860307000039029,False,
1695,0.0,0,0.0,333480.9666842308,optimal,0.08689199999935227,False,
1696,0.0,0,0.0,332463.32435859245,optimal,0.1968099000005168,False,
1697,0.0,0,0.0,327565.9769371389,optimal,0.08542899999883957,False,
1698,0.0,0,0.0,320419.6514202452,optimal,0.08356629999616416,False,
1699,0.0,0,0.0,310714.914568189,optimal,0.17473510000127135,False,
1700,0.0,0,0.0,302125.26736180653,optimal,0.0811868000018876,False,
1701,0.0,0,0.0,299093.5676752377,optimal,0.08619739999994636,False,
1702,0.0,0,0.0,310822.5902213137,optimal,0.17356860000290908,False,
1703,0.0,0,0.0,320499.4879900978,optimal,0.08519700000033481,False,
1704,0.0,0,0.0,330694.4006332316,optimal,0.08626270000240766,False,
1705,0.0,0,0.0,347121.71196275274,optimal,0.08578600000328152,False,
1706,0.0,0,0.0,367985.2178922255,optimal,0.17984200000501005,False,
1707,0.0,0,0.0,388207.2240384909,optimal,0.08369890000176383,False,
1708,0.0,0,0.0,407476.384304582,optimal,0.0874720000065281,False,
1709,0.0,0,0.0,425825.3538306654,optimal,0.08682989999942947,False,
1710,0.0,0,0.0,444996.6830523286,optimal,0.18272579999757,False,
1711,0.0,0,0.0,465715.4122739921,optimal,0.08951830000296468,False,
1712,0.0,0,0.0,488136.28149565513,optimal,0.08895889999985229,False,
1713,0.0,0,0.0,508162.50537431857,optimal,0.09266720000596251,False,
1714,0.0,0,0.0,525261.9535877969,optimal,0.08849719999852823,False,
1715,0.0,0,0.0,529969.8332799884,optimal,0.1859217000019271,False,
1716,0.0,0,0.0,536765.1425010065,optimal,0.08705499999632593,False,
1717,0.0,0,0.0,537132.5804127795,optimal,0.08755540000129258,False,
1718,0.0,0,0.0,561310.4215655129,optimal,0.09036249999917345,False,
1719,0.0,0,0.0,593636.45549861,optimal,0.17394059999787714,False,
1720,0.0,0,0.0,597621.2879291711,optimal,0.08889150000322843,False,
1721,0.0,0,0.0,605306.1027869371,optimal,0.08707750000030501,False,
1722,0.0,0,0.0,619950.8507969206,optimal,0.08891030000086175,False,
1723,0.0,0,0.0,644267.0078798013,optimal,0.08628930000122637,False,
1724,0.0,0,0.0,688824.454012137,optimal,0.1691523999979836,False,
1725,0.0,0,0.0,747338.7489461269,optimal,0.08264890000282321,False,
1726,0.0,0,0.0,806265.640457244,optimal,0.08793149999837624,False,
1727,0.0,0,0.0,832368.8277410762,optimal,0.17673700000159442,False,
1728,0.0,0,0.0,883546.6907952362,optimal,0.08323530000052415,False,
1729,0.0,0,0.0,902653.5450168975,optimal,0.1734675000043353,False,
1730,0.0,0,0.0,948699.1980710569,optimal,0.08910770000511548,False,
1731,0.0,0,0.0,965459.16229272,optimal,0.09263739999732934,False,
1732,0.0,0,0.0,1010163.7353468788,optimal,0.16637250000349013,False,
1733,0.0,0,0.0,1026421.9964285366,optimal,0.17688439999619732,False,
1734,0.0,0,0.0,1073770.0444826963,optimal,0.08314919999975245,False,
1735,0.0,0,0.0,1124586.8475368544,optimal,0.08254549999401206,False,
1736,0.0,0,0.0,1179594.525591013,optimal,0.0942226000042865,False,
1737,0.0,0,0.0,1233326.7852777052,optimal,0.1987163000012515,False,
1738,0.0,0,0.0,1217290.2904997116,optimal,0.17822750000050291,False,
1739,0.0,0,0.0,1209131.8191709532,optimal,0.10827419999986887,False,
1740,0.0,0,0.0,1196671.1913078777,optimal,0.12357540000084555,False,
1741,0.0,0,0.0,1182392.3123906658,optimal,0.22603389999858337,False,
1742,0.0,0,0.0,1159262.281504575,optimal,0.08530310000060126,False,
1743,0.0,0,0.0,1132449.2181869668,optimal,0.12060339999879943,False,
1744,0.0,0,0.0,1144687.8764779407,optimal,0.09736029999476159,False,
1745,0.0,0,0.0,1159857.695009714,optimal,0.0905579999962356,False,
1746,0.0,0,0.0,1180269.2165483292,optimal,0.10047089999716263,False,
1747,0.0,0,0.0,1241745.5120283142,optimal,0.11134180000226479,False,
1748,0.0,0,0.0,1301659.3740934937,optimal,0.10148889999982202,False,
1749,0.0,0,0.0,1357655.575691544,optimal,0.11723009999695932,False,
1750,0.0,0,0.0,1381013.1452830457,optimal,0.08898409999528667,False,
1751,0.0,0,0.0,1412848.0159130793,optimal,0.10705830000370042,False,
1752,0.0,0,0.0,1456449.2461914984,optimal,0.10066489999735495,False,
1753,0.0,0,0.0,1465106.3823628097,optimal,0.0899104999989504,False,
1754,0.0,0,0.0,1479384.608845089,optimal,0.10113000000274042,False,
1755,0.0,0,0.0,1493712.930762083,optimal,0.10930350000126055,False,
1756,0.0,0,0.0,1508406.8674226461,optimal,0.11696400000073481,False,
1757,0.0,0,0.0,1552556.9554768032,optimal,0.11102309999841964,False,
1758,0.0,0,0.0,1598447.8685309617,optimal,0.1143030999955954,False,
1759,0.0,0,0.0,1647407.791585121,optimal,0.10186479999538278,False,
1760,0.0,0,0.0,1700210.4246392818,optimal,0.10939769999822602,False,
1761,0.0,0,0.0,1716508.1916824016,optimal,0.10304809999797726,False,
1762,0.0,0,0.0,1717512.7559155992,optimal,0.09527259999595117,False,
1763,0.0,0,0.0,1702838.645857635,optimal,0.09924480000336189,False,
1764,0.0,0,0.0,1671694.4529461432,optimal,0.09874739999941085,False,
1765,0.0,0,0.0,1627367.378561476,optimal,0.11732630000187783,False,
1766,0.0,0,0.0,1541032.1855980828,optimal,0.11072549999516923,False,
1767,0.0,0,0.0,1453422.4501827664,optimal,0.11128199999802746,False,
1768,0.0,0,0.0,1409541.827769933,optimal,0.11572480000177165,False,
1769,0.0,0,0.0,1377865.3179589063,optimal,0.11469280000164872,False,
1770,0.0,0,0.0,1379349.7805269165,optimal,0.1171840000024531,False,
1771,0.0,0,0.0,1404769.2712210845,optimal,0.10600279999925988,False,
1772,0.0,0,0.0,1436587.6227021138,optimal,0.09014900000329362,False,
1773,0.0,0,0.0,1423997.431496952,optimal,0.11342069999955129,False,
1774,0.0,0,0.0,1443609.3558220088,optimal,0.08877320000465261,False,
1775,0.0,0,0.0,1419441.591528461,optimal,0.10647530000278493,False,
1776,0.0,0,0.0,1408391.2690666206,optimal,0.11871270000119694,False,
1777,0.0,0,0.0,1366727.0727722838,optimal,0.09915560000081314,False,
1778,0.0,0,0.0,1324366.5464779467,optimal,0.09910230000241427,False,
1779,0.0,0,0.0,1309292.984016107,optimal,0.1045107999962056,False,
1780,0.0,0,0.0,1265733.2227217704,optimal,0.1005001999947126,False,
1781,0.0,0,0.0,1250466.2352599287,optimal,0.09600630000204546,False,
1782,0.0,0,0.0,1206804.5158255908,optimal,0.09656130000075791,False,
1783,0.0,0,0.0,1193471.7783637494,optimal,0.0952943000011146,False,
1784,0.0,0,0.0,1176268.8931628286,optimal,0.0919149000037578,False,
1785,0.0,0,0.0,1159498.2455409896,optimal,0.08408230000350159,False,
1786,0.0,0,0.0,1081205.0386164535,optimal,0.08872289999999339,False,
1787,0.0,0,0.0,995070.4581662964,optimal,0.08963329999824055,False,
1788,0.0,0,0.0,910569.5359661315,optimal,0.08493650000309572,False,
1789,0.0,0,0.0,833259.6620505259,optimal,0.08718689999659546,False,
1790,0.0,0,0.0,765511.9347868672,optimal,0.08170300000347197,False,
1791,0.0,0,0.0,704284.2302197227,optimal,0.08958700000221143,False,
1792,0.0,0,0.0,622431.4147140024,optimal,0.08175679999840213,False,
1793,0.0,0,0.0,568181.2254241293,optimal,0.08099349999974947,False,
1794,0.0,0,0.0,518206.6798690057,optimal,0.08229239999491256,False,
1795,0.0,0,0.0,519638.76450150914,optimal,0.0818111000044155,False,
1796,0.0,0,0.0,537946.6680467362,optimal,0.08449069999915082,False,
1797,0.0,0,0.0,554017.2329933764,optimal,0.08525809999991907,False,
1798,0.0,0,0.0,574069.693136475,optimal,0.08030190000135917,False,
1799,0.0,0,0.0,616276.3800301733,optimal,0.08312319999822648,False,
1800,0.0,0,0.0,634665.0914757227,optimal,0.08490630000596866,False,
1801,0.0,0,0.0,681505.9827232573,optimal,0.08522749999974621,False,
1802,0.0,0,0.0,723100.8215653022,optimal,0.08671889999823179,False,
1803,0.0,0,0.0,738042.5907869654,optimal,0.08105800000339514,False,
1804,0.0,0,0.0,779678.153841125,optimal,0.08841949999623466,False,
1805,0.0,0,0.0,790181.9918298309,optimal,0.0885372999982792,False,
1806,0.0,0,0.0,830118.2252952815,optimal,0.1782974999950966,False,
1807,0.0,0,0.0,869939.5955920707,optimal,0.17417059999570483,False,
1808,0.0,0,0.0,912778.6684418183,optimal,0.0922629999986384,False,
1809,0.0,0,0.0,890290.4722079576,optimal,0.09035639999638079,False,
1810,0.0,0,0.0,880972.1577895726,optimal,0.08672669999941718,False,
1811,0.0,0,0.0,875563.8291518,optimal,0.17003840000688797,False,
1812,0.0,0,0.0,865808.5619233736,optimal,0.08886020000500139,False,
1813,0.0,0,0.0,910102.7907468969,optimal,0.08374100000219187,False,
1814,0.0,0,0.0,938467.4602247336,optimal,0.17469359999813605,False,
1815,0.0,0,0.0,914847.5599684345,optimal,0.08199099999910686,False,
1816,0.0,0,0.0,910177.628306679,optimal,0.08747420000145212,False,
1817,0.0,0,0.0,917406.9229328517,optimal,0.08715860000665998,False,
1818,0.0,0,0.0,913008.6906395112,optimal,0.1732754000040586,False,
1819,0.0,0,0.0,939586.568407521,optimal,0.1778081000011298,False,
1820,0.0,0,0.0,1015679.9445785198,optimal,0.08638860000064597,False,
1821,0.0,0,0.0,1197504.9163543265,optimal,0.08714989999862155,False,
1822,0.0,0,0.0,1369494.5525800798,optimal,0.08903419999842299,False,
1823,0.0,0,0.0,1543462.017985082,optimal,0.09003120000124909,False,
1824,0.0,0,0.0,1705281.6680048252,optimal,0.192161799997848,False,
1825,0.0,0,0.0,1851373.6713043358,optimal,0.08173230000102194,False,
1826,0.0,0,0.0,1968318.2333638086,optimal,0.20180960000288906,False,
1827,0.0,0,0.0,1967527.6639487655,optimal,0.09740639999654377,False,
1828,0.0,0,0.0,2071149.6370354178,optimal,0.17816210000455612,False,
1829,0.0,0,0.0,2177775.7738992274,optimal,0.09669460000441177,False,
1830,0.0,0,0.0,2299594.015831053,optimal,0.09032139999908395,False,
1831,0.0,0,0.0,2440178.9912659405,optimal,0.0899658000053023,False,
1832,0.0,0,0.0,2630799.313671141,optimal,0.08372859999508364,False,
1833,0.0,0,0.0,2798361.740095526,optimal,0.17270450000069104,False,
1834,0.0,0,0.0,2862712.8252233197,optimal,0.08275449999928242,False,
1835,0.0,0,0.0,2915004.6006740304,optimal,0.16921929999807617,False,
1836,0.0,0,0.0,2943917.870925878,optimal,0.0828308999989531,False,
1837,0.0,0,0.0,2945198.439987543,optimal,0.08041879999655066,False,
1838,0.0,0,0.0,2932675.2257449804,optimal,0.0819848000028287,False,
1839,0.0,0,0.0,2936759.9564741952,optimal,0.08138949999556644,False,
1840,0.0,0,0.0,2942738.6031526513,optimal,0.17203449999942677,False,
1841,0.0,0,0.0,2983016.9469023654,optimal,0.08141239999531535,False,
1842,0.0,0,0.0,3050429.7751900274,optimal,0.0822009000039543,False,
1843,0.0,0,0.0,3133732.6254175054,optimal,0.08315089999814518,False,
1844,0.0,0,0.0,3256858.3231623545,optimal,0.0819195000003674,False,
1845,0.0,0,0.0,3301999.6752486946,optimal,0.1648267999989912,False,
1846,0.0,0,0.0,3416342.683273649,optimal,0.08463430000119843,False,
1847,0.0,0,0.0,3448650.344386062,optimal,0.08176169999933336,False,
1848,0.0,0,0.0,3534542.577144525,optimal,0.08618550000392133,False,
1849,0.0,0,0.0,3645324.2002347526,optimal,0.08542389999638544,False,
1850,0.0,0,0.0,3661294.162672515,optimal,0.17018950000056066,False,
1851,0.0,0,0.0,3758006.123342243,optimal,0.08309880000160774,False,
1852,0.0,0,0.0,3856548.4403051864,optimal,0.08379889999923762,False,
1853,0.0,0,0.0,3962490.1907417844,optimal,0.17046519999712473,False,
1854,0.0,0,0.0,4073915.915090073,optimal,0.08870110000134446,False,
1855,0.0,0,0.0,4205193.835725186,optimal,0.16771880000305828,False,
1856,0.0,0,0.0,4347941.973968906,optimal,0.08513959999982035,False,
1857,0.0,0,0.0,4484426.583809893,optimal,0.17098989999794867,False,
1858,0.0,0,0.0,4534579.667890577,optimal,0.09088689999771304,False,
1859,0.0,0,0.0,4529832.277970085,optimal,0.08400509999773931,False,
1860,0.0,0,0.0,4487921.8166155275,optimal,0.17552040000009583,False,
1861,0.0,0,0.0,4452852.188988546,optimal,0.08488740000029793,False,
1862,0.0,0,0.0,4408867.0420085555,optimal,0.17515979999734554,False,
1863,0.0,0,0.0,4329203.35613248,optimal,0.09753859999909764,False,
1864,0.0,0,0.0,4248607.039403897,optimal,0.09524600000440842,False,
1865,0.0,0,0.0,4217126.005850974,optimal,0.17733990000124322,False,
1866,0.0,0,0.0,4168071.4204598498,optimal,0.1666473999939626,False,
1867,0.0,0,0.0,4161000.915300309,optimal,0.08675029999722028,False,
1868,0.0,0,0.0,4083291.086790775,optimal,0.09250930000416702,False,
1869,0.0,0,0.0,4075056.6796192033,optimal,0.08798089999618242,False,
1870,0.0,0,0.0,4036263.802485721,optimal,0.09801980000338517,False,
1871,0.0,0,0.0,3967147.7793589905,optimal,0.09517540000524605,False,
1872,0.0,0,0.0,3869554.6200662865,optimal,0.09776639999472536,False,
1873,0.0,0,0.0,3796452.0641536494,optimal,0.09834050000063144,False,
1874,0.0,0,0.0,3752323.054685791,optimal,0.09980160000122851,False,
1875,0.0,0,0.0,3703723.397393663,optimal,0.11026719999790657,False,
1876,0.0,0,0.0,3659033.943171466,optimal,0.08696729999792296,False,
1877,0.0,0,0.0,3605274.2667108243,optimal,0.09174399999756133,False,
1878,0.0,0,0.0,3556843.449512505,optimal,0.0888106999991578,False,
1879,0.0,0,0.0,3497686.407978206,optimal,0.09695900000224356,False,
1880,0.0,0,0.0,3398130.338994345,optimal,0.0939686999990954,False,
1881,0.0,0,0.0,3285614.2079364927,optimal,0.09200779999810038,False,
1882,0.0,0,0.0,3239435.3395637986,optimal,0.0937701000002562,False,
1883,0.0,0,0.0,3137392.597929013,optimal,0.08313540000381181,False,
1884,0.0,0,0.0,3027296.1049397504,optimal,0.08104179999645567,False,
1885,0.0,0,0.0,2943903.905165102,optimal,0.0862840000045253,False,
1886,0.0,0,0.0,2855557.4315081597,optimal,0.08629890000156593,False,
1887,0.0,0,0.0,2770214.969580755,optimal,0.08553870000469033,False,
1888,0.0,0,0.0,2689399.8184359684,optimal,0.08840240000427002,False,
1889,0.0,0,0.0,2642364.2965457314,optimal,0.08923630000208504,False,
1890,0.0,0,0.0,2646361.442854423,optimal,0.08090879999508616,False,
1891,0.0,0,0.0,2651093.6770399585,optimal,0.08191559999977471,False,
1892,0.0,0,0.0,2643297.568936496,optimal,0.08954670000093756,False,
1893,0.0,0,0.0,2645730.978830648,optimal,0.104493699996965,False,
1894,0.0,0,0.0,2664696.649031855,optimal,0.11155060000601225,False,
1895,0.0,0,0.0,2706774.2771364516,optimal,0.09506700000201818,False,
1896,0.0,0,0.0,2821595.5557870967,optimal,0.08326149999629706,False,
1897,0.0,0,0.0,2840505.6824720264,optimal,0.10746280000603292,False,
1898,0.0,0,0.0,2859156.536040676,optimal,0.09424700000090525,False,
1899,0.0,0,0.0,2876523.4908186244,optimal,0.11392450000130339,False,
1900,0.0,0,0.0,2960056.355770665,optimal,0.09357549999549519,False,
1901,0.0,0,0.0,2960112.9253167654,optimal,0.11222489999636309,False,
1902,0.0,0,0.0,2950429.4914370007,optimal,0.1006134999988717,False,
1903,0.0,0,0.0,2945684.6970241545,optimal,0.11357899999711663,False,
1904,0.0,0,0.0,2930399.5483997567,optimal,0.12467900000046939,False,
1905,0.0,0,0.0,2918420.9942429364,optimal,0.10805350000009639,False,
1906,0.0,0,0.0,2915330.119139028,optimal,0.11988910000218311,False,
1907,0.0,0,0.0,2923194.4205935933,optimal,0.1180610000010347,False,
1908,0.0,0,0.0,2937643.6583661954,optimal,0.10981960000208346,False,
1909,0.0,0,0.0,2925751.3679799805,optimal,0.1026925999976811,False,
1910,0.0,0,0.0,2963429.5375623247,optimal,0.09794400000100723,False,
1911,0.0,0,0.0,2987821.6867325557,optimal,0.09182760000112467,False,
1912,0.0,0,0.0,2973679.367705242,optimal,0.09253660000103991,False,
1913,0.0,0,0.0,2963134.411796879,optimal,0.09182340000552358,False,
1914,0.0,0,0.0,2940221.0543011716,optimal,0.09342249999463093,False,
1915,0.0,0,0.0,2925972.7545083584,optimal,0.0970320000051288,False,
1916,0.0,0,0.0,2903356.7635018444,optimal,0.085252800003218,False,
1917,0.0,0,0.0,2915260.001840804,optimal,0.096288500004448,False,
1918,0.0,0,0.0,2929317.7158430256,optimal,0.09223050000582589,False,
1919,0.0,0,0.0,2955436.5216827355,optimal,0.09872519999771612,False,
1920,0.0,0,0.0,2977094.9754774496,optimal,0.09435870000015711,False,
1921,0.0,0,0.0,2929009.5317252027,optimal,0.088359200002742,False,
1922,0.0,0,0.0,2845566.5025539543,optimal,0.09035099999891827,False,
1923,0.0,0,0.0,2748666.7307459824,optimal,0.09976969999843277,False,
1924,0.0,0,0.0,2658622.0672780722,optimal,0.09828700000070967,False,
1925,0.0,0,0.0,2572498.1233746703,optimal,0.09754640000028303,False,
1926,0.0,0,0.0,2507826.8422180163,optimal,0.09182500000315486,False,
1927,0.0,0,0.0,2512022.70178432,optimal,0.08760220000112895,False,
1928,0.0,0,0.0,2510502.573534246,optimal,0.11058529999718303,False,
1929,0.0,0,0.0,2415193.224533138,optimal,0.10023440000077244,False,
1930,0.0,0,0.0,2377518.854602596,optimal,0.10453830000187736,False,
1931,0.0,0,0.0,2348714.310476117,optimal,0.10981929999979911,False,
1932,0.0,0,0.0,2327008.992672098,optimal,0.11140180000074906,False,
1933,0.0,0,0.0,2269207.0942366575,optimal,0.11707420000311686,False,
1934,0.0,0,0.0,2200579.3440060876,optimal,0.11019590000069002,False,
1935,0.0,0,0.0,2112321.503928428,optimal,0.12316889999783598,False,
1936,0.0,0,0.0,2030390.6134254795,optimal,0.13398839999717893,False,
1937,0.0,0,0.0,1974191.6529545847,optimal,0.1316783000002033,False,
1938,0.0,0,0.0,1937085.974650068,optimal,0.12755289999768138,False,
1939,0.0,0,0.0,2017245.5045246254,optimal,0.12579359999654116,False,
1940,0.0,0,0.0,2100182.5276343077,optimal,0.11207880000438308,False,
1941,0.0,0,0.0,2209387.093882559,optimal,0.10012140000617364,False,
1942,0.0,0,0.0,2329536.0409801295,optimal,0.10084939999796916,False,
1943,0.0,0,0.0,2348268.448048235,optimal,0.09538340000290191,False,
1944,0.0,0,0.0,2360486.7760064946,optimal,0.0874145000052522,False,
1945,0.0,0,0.0,2377571.1559121762,optimal,0.10035019999486394,False,
1946,0.0,0,0.0,2388320.0655264906,optimal,0.08840040000359295,False,
1947,0.0,0,0.0,2350253.371636269,optimal,0.10518849999789381,False,
1948,0.0,0,0.0,2349709.208077183,optimal,0.09960610000416636,False,
1949,0.0,0,0.0,2352458.9265727527,optimal,0.08170240000617923,False,
1950,0.0,0,0.0,2466821.165259893,optimal,0.17118470000423258,False,
1951,0.0,0,0.0,2584544.375519771,optimal,0.09672649999993155,False,
1952,0.0,0,0.0,2728481.86937948,optimal,0.09283670000149868,False,
1953,0.0,0,0.0,2692449.81721545,optimal,0.09359280000353465,False,
1954,0.0,0,0.0,2640948.0345551735,optimal,0.10377100000187056,False,
1955,0.0,0,0.0,2571784.804561151,optimal,0.0918424000046798,False,
1956,0.0,0,0.0,2476045.8589866115,optimal,0.18662159999803407,False,
1957,0.0,0,0.0,2356282.065392409,optimal,0.09834240000054706,False,
1958,0.0,0,0.0,2228397.894483112,optimal,0.17897710000397637,False,
1959,0.0,0,0.0,2116753.8749757777,optimal,0.09093239999492653,False,
1960,0.0,0,0.0,2075955.4047433212,optimal,0.08426830000098562,False,
1961,0.0,0,0.0,2064096.8635176923,optimal,0.0916365000011865,False,
1962,0.0,0,0.0,2061171.457885375,optimal,0.19408820000535343,False,
1963,0.0,0,0.0,2066823.233019502,optimal,0.09165859999484383,False,
1964,0.0,0,0.0,2114999.3026833017,optimal,0.10758519999944838,False,
1965,0.0,0,0.0,2275700.352390821,optimal,0.1802899000031175,False,
1966,0.0,0,0.0,2393299.5241323565,optimal,0.19130820000282256,False,
1967,0.0,0,0.0,2417337.443399993,optimal,0.10274680000293301,False,
1968,0.0,0,0.0,2438279.471912137,optimal,0.09437559999787482,False,
1969,0.0,0,0.0,2464076.4735197397,optimal,0.09126549999928102,False,
1970,0.0,0,0.0,2481565.7553961454,optimal,0.18822770000406308,False,
1971,0.0,0,0.0,2541720.90246105,optimal,0.08956159999797819,False,
1972,0.0,0,0.0,2555003.666272655,optimal,0.09382740000000922,False,
1973,0.0,0,0.0,2694707.6925192587,optimal,0.09264469999470748,False,
1974,0.0,0,0.0,2806935.6362506775,optimal,0.08470859999943059,False,
1975,0.0,0,0.0,2900790.6232194817,optimal,0.1832483999969554,False,
1976,0.0,0,0.0,2918388.4869785653,optimal,0.1768104000002495,False,
1977,0.0,0,0.0,2978847.9036649005,optimal,0.08403459999681218,False,
1978,0.0,0,0.0,2999522.637789814,optimal,0.175264799996512,False,
1979,0.0,0,0.0,2995776.8781635407,optimal,0.09125119999953313,False,
1980,0.0,0,0.0,2962842.6054672017,optimal,0.08383909999975003,False,
1981,0.0,0,0.0,2893876.5180278705,optimal,0.08474990000104299,False,
1982,0.0,0,0.0,2814467.2357182615,optimal,0.08397279999917373,False,
1983,0.0,0,0.0,2740170.821246623,optimal,0.17365330000029644,False,
1984,0.0,0,0.0,2702757.120968954,optimal,0.08032290000119247,False,
1985,0.0,0,0.0,2696469.8880210826,optimal,0.08122220000223024,False,
1986,0.0,0,0.0,2691546.9528256278,optimal,0.08000470000115456,False,
1987,0.0,0,0.0,2681075.3530991394,optimal,0.08546059999935096,False,
1988,0.0,0,0.0,2808639.6327763116,optimal,0.17153200000029756,False,
1989,0.0,0,0.0,2894866.9532241425,optimal,0.088070499994501,False,
1990,0.0,0,0.0,2983748.1615686417,optimal,0.09480900000198744,False,
1991,0.0,0,0.0,3041640.2012742795,optimal,0.08943320000253152,False,
1992,0.0,0,0.0,3048308.2362894425,optimal,0.0938354000027175,False,
1993,0.0,0,0.0,3053627.1391804917,optimal,0.09029029999510385,False,
1994,0.0,0,0.0,3121779.4648096263,optimal,0.09064609999768436,False,
1995,0.0,0,0.0,3189308.529362114,optimal,0.19112239999958547,False,
1996,0.0,0,0.0,3236472.1630098284,optimal,0.18521730000065872,False,
1997,0.0,0,0.0,3288385.81903556,optimal,0.09612300000299001,False,
1998,0.0,0,0.0,3298044.9102305705,optimal,0.09613079999689944,False,
1999,0.0,0,0.0,3411646.8408923866,optimal,0.0953940999970655,False,
2000,0.0,0,0.0,3502690.071386869,optimal,0.1939663000011933,False,
2001,0.0,0,0.0,3538071.4928579936,optimal,0.19032460000016727,False,
2002,0.0,0,0.0,3598364.3287561163,optimal,0.10105679999833228,False,
2003,0.0,0,0.0,3660404.890281267,optimal,0.09666569999535568,False,
2004,0.0,0,0.0,3688840.3315863484,optimal,0.17535969999880763,False,
2005,0.0,0,0.0,3712900.8694260456,optimal,0.0914113000035286,False,
2006,0.0,0,0.0,3720149.115696339,optimal,0.17732950000208803,False,
2007,0.0,0,0.0,3616347.481336071,optimal,0.08515080000506714,False,
2008,0.0,0,0.0,3506137.1522308094,optimal,0.08862339999905089,False,
2009,0.0,0,0.0,3419028.77253907,optimal,0.17724469999666326,False,
2010,0.0,0,0.0,3390109.612379386,optimal,0.09233949999907054,False,
2011,0.0,0,0.0,3390546.703991354,optimal,0.18200310000247555,False,
2012,0.0,0,0.0,3385887.9334364715,optimal,0.0857804000042961,False,
2013,0.0,0,0.0,3383804.2990546366,optimal,0.18136369999410817,False,
2014,0.0,0,0.0,3526686.681706273,optimal,0.0881706000000122,False,
2015,0.0,0,0.0,3600664.998975667,optimal,0.09081929999956628,False,
2016,0.0,0,0.0,3701142.414838695,optimal,0.08590649999678135,False,
2017,0.0,0,0.0,3790916.0516807204,optimal,0.08909770000173012,False,
2018,0.0,0,0.0,3860369.5103374715,optimal,0.09145419999549631,False,
2019,0.0,0,0.0,3812520.8021266945,optimal,0.0965859000061755,False,
2020,0.0,0,0.0,3760629.9614806036,optimal,0.09337490000325488,False,
2021,0.0,0,0.0,3830469.2522074394,optimal,0.0862489999999525,False,
2022,0.0,0,0.0,3877488.347625264,optimal,0.08201639999606414,False,
2023,0.0,0,0.0,3844411.9192382284,optimal,0.08366609999939101,False,
2024,0.0,0,0.0,3824007.083038115,optimal,0.08855570000014268,False,
2025,0.0,0,0.0,3721615.943096622,optimal,0.08278579999750946,False,
2026,0.0,0,0.0,3608366.3495087097,optimal,0.08698879999428755,False,
2027,0.0,0,0.0,3510962.0820549694,optimal,0.08573269999760669,False,
2028,0.0,0,0.0,3428149.59430332,optimal,0.08940990000701277,False,
2029,0.0,0,0.0,3343439.7399555743,optimal,0.08603139999468112,False,
2030,0.0,0,0.0,3257306.860660751,optimal,0.0846765999958734,False,
2031,0.0,0,0.0,3168644.1592377936,optimal,0.08979399999952875,False,
2032,0.0,0,0.0,3078375.6230815547,optimal,0.09097810000093887,False,
2033,0.0,0,0.0,2993118.220356949,optimal,0.0888145999997505,False,
2034,0.0,0,0.0,2967378.4945178027,optimal,0.09215099999710219,False,
2035,0.0,0,0.0,2890918.3438518173,optimal,0.09456310000678059,False,
2036,0.0,0,0.0,2883328.8774674144,optimal,0.0903976000045077,False,
2037,0.0,0,0.0,2980528.4370660824,optimal,0.09571660000074189,False,
2038,0.0,0,0.0,3055708.0454435563,optimal,0.09807450000516837,False,
2039,0.0,0,0.0,3081347.8468047315,optimal,0.09792680000100518,False,
2040,0.0,0,0.0,3043469.9371286295,optimal,0.09750899999926332,False,
2041,0.0,0,0.0,2880073.706422899,optimal,0.10014809999847785,False,
2042,0.0,0,0.0,2715612.136887081,optimal,0.10336609999649227,False,
2043,0.0,0,0.0,2675803.1422069683,optimal,0.09401090000028489,False,
2044,0.0,0,0.0,2633490.115398722,optimal,0.10237970000162022,False,
2045,0.0,0,0.0,2586653.4876322597,optimal,0.10727179999958025,False,
2046,0.0,0,0.0,2645737.0541706905,optimal,0.10176990000036312,False,
2047,0.0,0,0.0,2723795.212978403,optimal,0.10368069999822183,False,
2048,0.0,0,0.0,2682747.1440796773,optimal,0.09608129999833182,False,
2049,0.0,0,0.0,2545600.550154732,optimal,0.09850120000191964,False,
2050,0.0,0,0.0,2449421.234980718,optimal,0.09960860000137473,False,
2051,0.0,0,0.0,2358070.5975466184,optimal,0.09497199999896111,False,
2052,0.0,0,0.0,2285873.2490649074,optimal,0.09851499999786029,False,
2053,0.0,0,0.0,2219358.85955966,optimal,0.09406139999919105,False,
2054,0.0,0,0.0,2195170.923565571,optimal,0.08929969999735476,False,
2055,0.0,0,0.0,2133623.133992398,optimal,0.09288189999642782,False,
2056,0.0,0,0.0,2084890.898434271,optimal,0.08550749999994878,False,
2057,0.0,0,0.0,2069322.082128185,optimal,0.09170479999738745,False,
2058,0.0,0,0.0,2073371.0406477568,optimal,0.10433280000142986,False,
2059,0.0,0,0.0,2080059.8745653566,optimal,0.08080129999871133,False,
2060,0.0,0,0.0,2181864.388640355,optimal,0.08425310000166064,False,
2061,0.0,0,0.0,2323405.2154248767,optimal,0.10579799999686657,False,
2062,0.0,0,0.0,2465849.1680765143,optimal,0.0916471000018646,False,
2063,0.0,0,0.0,2594161.2892666315,optimal,0.09359430000040447,False,
2064,0.0,0,0.0,2584776.161351172,optimal,0.10944069999823114,False,
2065,0.0,0,0.0,2687943.6742699635,optimal,0.08326849999866681,False,
2066,0.0,0,0.0,2729756.937722321,optimal,0.10196020000148565,False,
2067,0.0,0,0.0,2782768.994231556,optimal,0.10621660000470001,False,
2068,0.0,0,0.0,2831309.169740865,optimal,0.09368450000329176,False,
2069,0.0,0,0.0,2945461.249555509,optimal,0.08618769999884535,False,
2070,0.0,0,0.0,3062586.8971675504,optimal,0.08990489999996498,False,
2071,0.0,0,0.0,3189936.239498835,optimal,0.10451879999891389,False,
2072,0.0,0,0.0,3271855.5136375166,optimal,0.11904019999929005,False,
2073,0.0,0,0.0,3220019.98323746,optimal,0.12038190000021132,False,
2074,0.0,0,0.0,3177463.43031755,optimal,0.09234899999864865,False,
2075,0.0,0,0.0,3091423.944694726,optimal,0.1881714999981341,False,
2076,0.0,0,0.0,3001875.432969466,optimal,0.09805779999442166,False,
2077,0.0,0,0.0,2917262.5107704056,optimal,0.09749600000213832,False,
2078,0.0,0,0.0,2828757.9232304553,optimal,0.10981770000216784,False,
2079,0.0,0,0.0,2746055.7472620383,optimal,0.18619630000466714,False,
2080,0.0,0,0.0,2667715.7220709077,optimal,0.10119470000063302,False,
2081,0.0,0,0.0,2673039.4232818484,optimal,0.08616640000400366,False,
2082,0.0,0,0.0,2608086.9505201085,optimal,0.08397800000238931,False,
2083,0.0,0,0.0,2520847.274044228,optimal,0.10133499999938067,False,
2084,0.0,0,0.0,2442867.497848225,optimal,0.08802400000422494,False,
2085,0.0,0,0.0,2386621.4386525685,optimal,0.19010059999709483,False,
2086,0.0,0,0.0,2335041.320158704,optimal,0.0928053000025102,False,
2087,0.0,0,0.0,2377627.1461688057,optimal,0.08445930000016233,False,
2088,0.0,0,0.0,2530607.793338507,optimal,0.1804855000009411,False,
2089,0.0,0,0.0,2560828.4808514444,optimal,0.08605800000077579,False,
2090,0.0,0,0.0,2657946.4496340356,optimal,0.08740440000110539,False,
2091,0.0,0,0.0,2820120.738082705,optimal,0.17917039999883855,False,
2092,0.0,0,0.0,2969941.3016403634,optimal,0.08745720000297297,False,
2093,0.0,0,0.0,3019868.9222981734,optimal,0.17755100000067614,False,
2094,0.0,0,0.0,3070885.9737276747,optimal,0.08787280000251485,False,
2095,0.0,0,0.0,3219200.48513954,optimal,0.08544789999723434,False,
2096,0.0,0,0.0,3226163.7575249597,optimal,0.08587470000202302,False,
2097,0.0,0,0.0,3202565.8690663106,optimal,0.18074799999885727,False,
2098,0.0,0,0.0,3114124.3222560626,optimal,0.08984379999310477,False,
2099,0.0,0,0.0,3038753.640715707,optimal,0.18004230000224197,False,
2100,0.0,0,0.0,2974010.681544845,optimal,0.08907680000265827,False,
2101,0.0,0,0.0,2900026.975744753,optimal,0.08637150000140537,False,
2102,0.0,0,0.0,2822150.418633227,optimal,0.17779219999647466,False,
2103,0.0,0,0.0,2741913.6854047673,optimal,0.09012849999999162,False,
2104,0.0,0,0.0,2667538.2750811735,optimal,0.08649700000387384,False,
2105,0.0,0,0.0,2598525.9709080923,optimal,0.1672919000047841,False,
2106,0.0,0,0.0,2628378.3302419204,optimal,0.08381159999407828,False,
2107,0.0,0,0.0,2652972.773678458,optimal,0.08641029999853345,False,
2108,0.0,0,0.0,2726948.838665849,optimal,0.08634470000106376,False,
2109,0.0,0,0.0,2784065.6242471277,optimal,0.1776761000000988,False,
2110,0.0,0,0.0,2844874.607845142,optimal,0.08573920000344515,False,
2111,0.0,0,0.0,2899268.610347565,optimal,0.09259359999850858,False,
2112,0.0,0,0.0,2968995.0611383426,optimal,0.09458820000145352,False,
2113,0.0,0,0.0,2924451.193458086,optimal,0.0900298999986262,False,
2114,0.0,0,0.0,2864956.2141567715,optimal,0.09528700000373647,False,
2115,0.0,0,0.0,2800366.7799426373,optimal,0.1803543999994872,False,
2116,0.0,0,0.0,2841548.351690559,optimal,0.08870600000227569,False,
2117,0.0,0,0.0,2873357.5152028594,optimal,0.09767760000249837,False,
2118,0.0,0,0.0,2900877.3507562433,optimal,0.09020590000000084,False,
2119,0.0,0,0.0,2982139.7301410194,optimal,0.09215350000158651,False,
2120,0.0,0,0.0,3002759.4920946024,optimal,0.0970517999958247,False,
2121,0.0,0,0.0,2926364.606324236,optimal,0.17639810000400757,False,
2122,0.0,0,0.0,2866545.4956937525,optimal,0.10255639999377308,False,
2123,0.0,0,0.0,2804300.5361081604,optimal,0.08551369999622693,False,
2124,0.0,0,0.0,2736271.992216774,optimal,0.1707239000024856,False,
2125,0.0,0,0.0,2656909.487427758,optimal,0.08641640000132611,False,
2126,0.0,0,0.0,2574679.5518503166,optimal,0.17323210000176914,False,
2127,0.0,0,0.0,2461620.104357316,optimal,0.18052159999933792,False,
2128,0.0,0,0.0,2368034.2247156664,optimal,0.09019390000321437,False,
2129,0.0,0,0.0,2289879.247046926,optimal,0.08836989999690559,False,
2130,0.0,0,0.0,2224295.5661730384,optimal,0.17519000000174856,False,
2131,0.0,0,0.0,2165867.066912403,optimal,0.0881461999961175,False,
2132,0.0,0,0.0,2072241.6273098174,optimal,0.17772530000365805,False,
2133,0.0,0,0.0,2005111.1901890293,optimal,0.08705529999861028,False,
2134,0.0,0,0.0,1957045.9773637895,optimal,0.18620150000060676,False,
2135,0.0,0,0.0,1983813.0245767282,optimal,0.08540460000222083,False,
2136,0.0,0,0.0,1942633.7034457051,optimal,0.1775869999983115,False,
2137,0.0,0,0.0,1877036.488764713,optimal,0.0876429999989341,False,
2138,0.0,0,0.0,1822256.0130206437,optimal,0.08757679999689572,False,
2139,0.0,0,0.0,1815290.147060298,optimal,0.09126110000215704,False,
2140,0.0,0,0.0,1814449.6856535692,optimal,0.18424029999732738,False,
2141,0.0,0,0.0,1825802.4661643005,optimal,0.08524920000490965,False,
2142,0.0,0,0.0,1849701.9194641865,optimal,0.08693009999842616,False,
2143,0.0,0,0.0,1885182.6799611687,optimal,0.08923689999937778,False,
2144,0.0,0,0.0,1908698.2829983851,optimal,0.09262789999775123,False,
2145,0.0,0,0.0,1917675.1029170526,optimal,0.08951150000211783,False,
2146,0.0,0,0.0,1901770.6986386017,optimal,0.0923592999970424,False,
2147,0.0,0,0.0,1865362.8510802821,optimal,0.08220979999896372,False,
2148,0.0,0,0.0,1816398.3134411047,optimal,0.08642929999768967,False,
2149,0.0,0,0.0,1764081.823988774,optimal,0.08515160000388278,False,
2150,0.0,0,0.0,1693703.0644001395,optimal,0.08400450000044657,False,
2151,0.0,0,0.0,1625246.7253964075,optimal,0.08301090000168188,False,
2152,0.0,0,0.0,1564782.322143682,optimal,0.0858654000039678,False,
2153,0.0,0,0.0,1498124.8945353853,optimal,0.0883453999995254,False,
2154,0.0,0,0.0,1460589.881281978,optimal,0.08273380000173347,False,
2155,0.0,0,0.0,1425971.9893306748,optimal,0.08960059999662917,False,
2156,0.0,0,0.0,1422773.008176904,optimal,0.08900469999935012,False,
2157,0.0,0,0.0,1450699.789711908,optimal,0.08773729999666102,False,
2158,0.0,0,0.0,1465242.4046296028,optimal,0.08831639999698382,False,
2159,0.0,0,0.0,1448026.1601036205,optimal,0.08963249999942491,False,
2160,0.0,0,0.0,1403465.1246615518,optimal,0.0831737999978941,False,
2161,0.0,0,0.0,1361085.9063524576,optimal,0.0878831000009086,False,
2162,0.0,0,0.0,1320059.3997499142,optimal,0.09443949999695178,False,
2163,0.0,0,0.0,1248945.3583491738,optimal,0.09654210000007879,False,
2164,0.0,0,0.0,1172835.480523318,optimal,0.08765829999902053,False,
2165,0.0,0,0.0,1091675.9167589138,optimal,0.08460000000195578,False,
2166,0.0,0,0.0,1012296.1307030065,optimal,0.09136710000166204,False,
2167,0.0,0,0.0,955534.0132062478,optimal,0.08621160000620876,False,
2168,0.0,0,0.0,889406.1784775506,optimal,0.08619129999715369,False,
2169,0.0,0,0.0,799570.6451227613,optimal,0.09186390000104439,False,
2170,0.0,0,0.0,721562.1250612944,optimal,0.08869289999711327,False,
2171,0.0,0,0.0,652807.7364460259,optimal,0.08921019999979762,False,
2172,0.0,0,0.0,598898.337831439,optimal,0.08514629999990575,False,
2173,0.0,0,0.0,548350.2278482689,optimal,0.08445409999694675,False,
2174,0.0,0,0.0,515220.9097809709,optimal,0.08690280000155326,False,
2175,0.0,0,0.0,488982.76682338415,optimal,0.08706730000267271,False,
2176,0.0,0,0.0,427980.3564084858,optimal,0.0818063999977312,False,
2177,0.0,0,0.0,350143.58318562125,optimal,0.08507950000057463,False,
2178,0.0,0,0.0,285013.199573416,optimal,0.08357950000208803,False,
2179,0.0,0,0.0,248158.5846562021,optimal,0.09129209999809973,False,
2180,0.0,0,0.0,195955.15451954608,optimal,0.09964300000137882,False,
2181,0.0,0,0.0,156093.21425574285,optimal,0.08965800000441959,False,
2182,0.0,0,0.0,111105.21809153256,optimal,0.10112569999910193,False,
2183,0.0,0,0.0,79459.82949977402,optimal,0.10255120000510942,False,
2184,0.0,0,0.0,53260.74201752739,optimal,0.085616200005461,False,
2185,0.0,0,0.0,27000.155769967678,optimal,0.09537260000070091,False,
2186,0.0,0,0.0,11376.4195420097,optimal,0.0856359999961569,False,
2187,0.0,0,0.0,0.0,optimal,0.08229480000591138,False,
2188,0.0,0,0.0,0.0,optimal,0.08382500000152504,False,
2189,0.0,0,0.0,0.0,optimal,0.08352770000055898,False,
2190,0.0,0,0.0,0.0,optimal,0.08469709999917541,False,
2191,0.0,0,0.0,0.0,optimal,0.08218499999929918,False,
2192,0.0,0,0.0,0.0,optimal,0.08377540000219597,False,
2193,0.0,0,0.0,0.0,optimal,0.08262870000180556,False,
2194,0.0,0,0.0,0.0,optimal,0.08171900000161259,False,
2195,0.0,0,0.0,0.0,optimal,0.08100340000237338,False,
2196,0.0,0,0.0,0.0,optimal,0.08113109999976587,False,
2197,0.0,0,0.0,0.0,optimal,0.0814408000005642,False,
2198,0.0,0,0.0,0.0,optimal,0.08153239999955986,False,
2199,0.0,0,0.0,0.0,optimal,0.08159180000075139,False,
2200,0.0,0,0.0,0.0,optimal,0.08199669999885373,False,
2201,0.0,0,0.0,0.0,optimal,0.08558159999665804,False,
2202,0.0,0,0.0,0.0,optimal,0.0849850000013248,False,
2203,0.0,0,0.0,0.0,optimal,0.08386919999611564,False,
2204,0.0,0,0.0,0.0,optimal,0.08579009999812115,False,
2205,0.0,0,0.0,0.0,optimal,0.08227780000015628,False,
2206,0.0,0,0.0,0.0,optimal,0.08477149999816902,False,
2207,0.0,0,0.0,28240.10568592933,optimal,0.08620019999943906,False,
2208,0.0,0,0.0,62743.21373426224,optimal,0.08259859999816399,False,
2209,0.0,0,0.0,138631.4074944925,optimal,0.08611889999883715,False,
2210,0.0,0,0.0,210224.43130298113,optimal,0.08563420000427868,False,
2211,0.0,0,0.0,287825.4629987198,optimal,0.08657919999677688,False,
2212,0.0,0,0.0,312797.55945851444,optimal,0.08815799999865703,False,
2213,0.0,0,0.0,401430.20657893724,optimal,0.08860229999845615,False,
2214,0.0,0,0.0,443434.137841493,optimal,0.08455289999983506,False,
2215,0.0,0,0.0,530264.423646474,optimal,0.08553589999792166,False,
2216,0.0,0,0.0,598588.4357380706,optimal,0.08668249999755062,False,
2217,0.0,0,0.0,656797.0529458491,optimal,0.08251469999959227,False,
2218,0.0,0,0.0,661690.2010735518,optimal,0.0833762000038405,False,
2219,0.0,0,0.0,660651.8010735514,optimal,0.08187760000146227,False,
2220,0.0,0,0.0,660327.3010735522,optimal,0.08393339999747695,False,
2221,0.0,0,0.0,659353.8010735527,optimal,0.1873383999991347,False,
2222,0.0,0,0.0,631985.2991136194,optimal,0.08401430000230903,False,
2223,0.0,0,0.0,630622.3991136178,optimal,0.08144909999828087,False,
2224,0.0,0,0.0,628415.7991136173,optimal,0.0845608000017819,False,
2225,0.0,0,0.0,625819.7991136166,optimal,0.08077420000336133,False,
2226,0.0,0,0.0,626486.2148020787,optimal,0.1841537000000244,False,
2227,0.0,0,0.0,621731.0991136178,optimal,0.08558809999522055,False,
2228,0.0,0,0.0,680305.3398652562,optimal,0.08154369999829214,False,
2229,0.0,0,0.0,665007.9139212074,optimal,0.08287660000496544,False,
2230,0.0,0,0.0,713494.641509132,optimal,0.0816728999998304,False,
2231,0.0,0,0.0,684678.2516477613,optimal,0.08341939999809256,False,
2232,0.0,0,0.0,645878.5360192837,optimal,0.080758700001752,False,
2233,0.0,0,0.0,637137.8894984795,optimal,0.18770780000340892,False,
2234,0.0,0,0.0,637413.1235537155,optimal,0.078532700004871,False,
2235,0.0,0,0.0,631755.655756524,optimal,0.17929890000232263,False,
2236,0.0,0,0.0,611716.3689673538,optimal,0.08215809999819612,False,
2237,0.0,0,0.0,611635.0457345292,optimal,0.08536820000153966,False,
2238,0.0,0,0.0,611006.8027709603,optimal,0.19940520000091055,False,
2239,0.0,0,0.0,609279.2568070611,optimal,0.0878452000033576,False,
2240,0.0,0,0.0,579756.3354431717,optimal,0.19299470000260044,False,
2241,0.0,0,0.0,524814.5343181352,optimal,0.08432330000505317,False,
2242,0.0,0,0.0,487463.3015766199,optimal,0.08199109999986831,False,
2243,0.0,0,0.0,479418.36215081846,optimal,0.08278160000190837,False,
2244,0.0,0,0.0,467996.32762752,optimal,0.18873180000082357,False,
2245,0.0,0,0.0,441575.84251133265,optimal,0.19711029999598395,False,
2246,0.0,0,0.0,397451.563118648,optimal,0.08800420000625309,False,
2247,0.0,0,0.0,369677.62589205336,optimal,0.08260689999588067,False,
2248,0.0,0,0.0,347051.1733321429,optimal,0.08636990000377409,False,
2249,0.0,0,0.0,334493.92134169315,optimal,0.18861000000470085,False,
2250,0.0,0,0.0,317104.77994565526,optimal,0.0831529999995837,False,
2251,0.0,0,0.0,300066.32666926144,optimal,0.08638090000022203,False,
2252,0.0,0,0.0,308534.6609673759,optimal,0.18584689999988768,False,
2253,0.0,0,0.0,311944.63161779585,optimal,0.08401179999782471,False,
2254,0.0,0,0.0,312580.2514247879,optimal,0.08417159999953583,False,
2255,0.0,0,0.0,304929.0219713495,optimal,0.18571109999902546,False,
2256,0.0,0,0.0,269378.2397078061,optimal,0.08450979999906849,False,
2257,0.0,0,0.0,228052.420077987,optimal,0.08211640000081388,False,
2258,0.0,0,0.0,166117.72059783697,optimal,0.0858109000037075,False,
2259,0.0,0,0.0,117876.21774367771,optimal,0.08093789999838918,False,
2260,0.0,0,0.0,62645.67026715285,optimal,0.07963429999654181,False,
2261,0.0,0,0.0,8152.750057607642,optimal,0.08319240000128048,False,
2262,0.0,0,0.0,0.0,optimal,0.18440469999768538,False,
2263,0.0,0,0.0,0.0,optimal,0.07988110000587767,False,
2264,0.0,0,0.0,0.0,optimal,0.08359729999938281,False,
2265,0.0,0,0.0,0.0,optimal,0.08594659999653231,False,
2266,0.0,0,0.0,0.0,optimal,0.08571899999515153,False,
2267,0.0,0,0.0,0.0,optimal,0.08365480000065872,False,
2268,0.0,0,0.0,0.0,optimal,0.18521440000040457,False,
2269,0.0,0,0.0,0.0,optimal,0.08557390000351006,False,
2270,0.0,0,0.0,0.0,optimal,0.2005905999976676,False,
2271,0.0,0,0.0,0.0,optimal,0.08891199999925448,False,
2272,0.0,0,0.0,0.0,optimal,0.08985009999742033,False,
2273,0.0,0,0.0,0.0,optimal,0.20051539999985835,False,
2274,0.0,0,0.0,0.0,optimal,0.20957230000203708,False,
2275,0.0,0,0.0,0.0,optimal,0.0888561000028858,False,
2276,0.0,0,0.0,0.0,optimal,0.08996720000141067,False,
2277,0.0,0,0.0,0.0,optimal,0.20043989999976475,False,
2278,0.0,0,0.0,0.0,optimal,0.09029419999569654,False,
2279,0.0,0,0.0,0.0,optimal,0.08937100000184728,False,
2280,0.0,0,0.0,0.0,optimal,0.19555110000510467,False,
2281,0.0,0,0.0,4782.583749948759,optimal,0.20048970000061672,False,
2282,0.0,0,0.0,43318.004959872545,optimal,0.08916280000266852,False,
2283,0.0,0,0.0,80737.9947276597,optimal,0.1976442000013776,False,
2284,0.0,0,0.0,136517.10450482595,optimal,0.08871319999889238,False,
2285,0.0,0,0.0,222788.95116664522,optimal,0.08722619999753078,False,
2286,0.0,0,0.0,283521.295570012,optimal,0.08964060000289464,False,
2287,0.0,0,0.0,353298.7681040182,optimal,0.19422859999758657,False,
2288,0.0,0,0.0,415933.75550801907,optimal,0.08417449999978999,False,
2289,0.0,0,0.0,514790.4403440122,optimal,0.0856359999961569,False,
2290,0.0,0,0.0,528530.8248690655,optimal,0.08958209999400424,False,
2291,0.0,0,0.0,510754.777416311,optimal,0.08575389999896288,False,
2292,0.0,0,0.0,466535.71465153503,optimal,0.08590759999788133,False,
2293,0.0,0,0.0,443790.923906686,optimal,0.08688009999605129,False,
2294,0.0,0,0.0,412583.83673067315,optimal,0.07998969999607652,False,
2295,0.0,0,0.0,375148.5421711826,optimal,0.08413989999826299,False,
2296,0.0,0,0.0,355629.69388818275,optimal,0.08155640000040876,False,
2297,0.0,0,0.0,325401.78324728645,optimal,0.08996810000098776,False,
2298,0.0,0,0.0,319029.04762683803,optimal,0.0847386000023107,False,
2299,0.0,0,0.0,307257.15396874433,optimal,0.09368979999999283,False,
2300,0.0,0,0.0,322360.37317803904,optimal,0.09019909999915399,False,
2301,0.0,0,0.0,339168.1601590948,optimal,0.09502990000328282,False,
2302,0.0,0,0.0,351334.30132928386,optimal,0.10332709999784129,False,
2303,0.0,0,0.0,375023.9531792874,optimal,0.0851016000015079,False,
2304,0.0,0,0.0,458233.4577851447,optimal,0.09088830000109738,False,
2305,0.0,0,0.0,551662.2077520061,optimal,0.085773099999642,False,
2306,0.0,0,0.0,607160.2935604843,optimal,0.09862869999778923,False,
2307,0.0,0,0.0,620752.8909941269,optimal,0.10281519999989541,False,
2308,0.0,0,0.0,652158.2952141988,optimal,0.0984905000004801,False,
2309,0.0,0,0.0,683134.8402381435,optimal,0.10377859999425709,False,
2310,0.0,0,0.0,714562.7199615606,optimal,0.11597729999630246,False,
2311,0.0,0,0.0,750371.8831089126,optimal,0.11388930000248365,False,
2312,0.0,0,0.0,750106.071579155,optimal,0.11175460000231396,False,
2313,0.0,0,0.0,716806.709149844,optimal,0.12197490000107791,False,
2314,0.0,0,0.0,688178.3175948716,optimal,0.11878710000019055,False,
2315,0.0,0,0.0,645824.6319087882,optimal,0.104716499998176,False,
2316,0.0,0,0.0,618485.2270770319,optimal,0.1065904999995837,False,
2317,0.0,0,0.0,599469.3956798419,optimal,0.10613040000316687,False,
2318,0.0,0,0.0,584104.1473968423,optimal,0.09671379999781493,False,
2319,0.0,0,0.0,568089.8991138426,optimal,0.09628069999598665,False,
2320,0.0,0,0.0,551954.0547808127,optimal,0.0966610999967088,False,
2321,0.0,0,0.0,540107.2187754132,optimal,0.11887790000037057,False,
2322,0.0,0,0.0,530105.3149651706,optimal,0.09822820000408683,False,
2323,0.0,0,0.0,519262.3922418022,optimal,0.10868879999907222,False,
2324,0.0,0,0.0,494908.86818190786,optimal,0.09060070000123233,False,
2325,0.0,0,0.0,468908.41069632286,optimal,0.0947697999945376,False,
2326,0.0,0,0.0,445159.93817919336,optimal,0.09879440000077011,False,
2327,0.0,0,0.0,421489.34566206357,optimal,0.09499169999617152,False,
2328,0.0,0,0.0,380490.486243934,optimal,0.10114629999588942,False,
2329,0.0,0,0.0,339696.91455170594,optimal,0.09358070000598673,False,
2330,0.0,0,0.0,324750.3884781059,optimal,0.11662320000323234,False,
2331,0.0,0,0.0,306581.52583596617,optimal,0.09066120000352385,False,
2332,0.0,0,0.0,289110.4867873398,optimal,0.09074300000065705,False,
2333,0.0,0,0.0,264115.54249446,optimal,0.11545140000089305,False,
2334,0.0,0,0.0,224149.09133371175,optimal,0.10838689999945927,False,
2335,0.0,0,0.0,211344.61879595555,optimal,0.10896019999927375,False,
2336,0.0,0,0.0,221806.92440760593,optimal,0.09794770000007702,False,
2337,0.0,0,0.0,219211.81727458886,optimal,0.10573419999855105,False,
2338,0.0,0,0.0,228116.8137491538,optimal,0.11503439999796683,False,
2339,0.0,0,0.0,232846.71574863637,optimal,0.11547669999708887,False,
2340,0.0,0,0.0,231497.2675279676,optimal,0.10567140000057407,False,
2341,0.0,0,0.0,231844.6484325804,optimal,0.09392210000078194,False,
2342,0.0,0,0.0,244267.72211011514,optimal,0.11934379999729572,False,
2343,0.0,0,0.0,246134.59839474934,optimal,0.11972680000326363,False,
2344,0.0,0,0.0,250325.66305192295,optimal,0.13185140000132378,False,
2345,0.0,0,0.0,241756.5034918644,optimal,0.10956099999748403,False,
2346,0.0,0,0.0,243135.03986693278,optimal,0.20399860000179615,False,
2347,0.0,0,0.0,255962.44502405357,optimal,0.09583399999974063,False,
2348,0.0,0,0.0,279533.344140305,optimal,0.10913630000140984,False,
2349,0.0,0,0.0,299635.4494400813,optimal,0.10296459999517538,False,
2350,0.0,0,0.0,311846.932301285,optimal,0.12505680000322172,False,
2351,0.0,0,0.0,287092.81853520963,optimal,0.09370830000261776,False,
2352,0.0,0,0.0,271704.97246161103,optimal,0.18712219999724766,False,
2353,0.0,0,0.0,238170.31126876207,optimal,0.09578930000134278,False,
2354,0.0,0,0.0,228112.10531146152,optimal,0.0981300999992527,False,
2355,0.0,0,0.0,220312.57677851568,optimal,0.08639549999497831,False,
2356,0.0,0,0.0,225039.90086562966,optimal,0.09063379999861354,False,
2357,0.0,0,0.0,222731.0243760913,optimal,0.10644730000058189,False,
2358,0.0,0,0.0,199124.1597027512,optimal,0.2042476999995415,False,
2359,0.0,0,0.0,187979.36965720062,optimal,0.09592240000347374,False,
2360,0.0,0,0.0,188429.95105844035,optimal,0.1005901000025915,False,
2361,0.0,0,0.0,195283.02466122663,optimal,0.19716309999785153,False,
2362,0.0,0,0.0,207505.1625626754,optimal,0.09314579999772832,False,
2363,0.0,0,0.0,195639.50571333533,optimal,0.09204260000115028,False,
2364,0.0,0,0.0,182180.3394233307,optimal,0.19398550000187242,False,
2365,0.0,0,0.0,171026.29021542854,optimal,0.1863420000008773,False,
2366,0.0,0,0.0,167781.46318219387,optimal,0.08547289999842178,False,
2367,0.0,0,0.0,152531.22163836393,optimal,0.08568289999675471,False,
2368,0.0,0,0.0,148613.39385019103,optimal,0.09276610000233632,False,
2369,0.0,0,0.0,136501.9982142055,optimal,0.09368410000024596,False,
2370,0.0,0,0.0,132746.17642321598,optimal,0.08959389999654377,False,
2371,0.0,0,0.0,135818.65280113832,optimal,0.18925280000257771,False,
2372,0.0,0,0.0,146879.61235891996,optimal,0.19425430000410415,False,
2373,0.0,0,0.0,152946.65988310287,optimal,0.09145900000294205,False,
2374,0.0,0,0.0,156175.61477531318,optimal,0.08911800000350922,False,
2375,0.0,0,0.0,157239.8055830238,optimal,0.09165520000533434,False,
2376,0.0,0,0.0,159198.00000583826,optimal,0.18587149999802932,False,
2377,0.0,0,0.0,171726.1534416028,optimal,0.08519539999542758,False,
2378,0.0,0,0.0,183545.69462967542,optimal,0.17542089999915333,False,
2379,0.0,0,0.0,196056.42566617765,optimal,0.08146000000124332,False,
2380,0.0,0,0.0,186509.82080969005,optimal,0.0832315000006929,False,
2381,0.0,0,0.0,185155.02582573215,optimal,0.09010039999702713,False,
2382,0.0,0,0.0,192359.01479882924,optimal,0.17858159999741474,False,
2383,0.0,0,0.0,204932.5131837637,optimal,0.08536460000323132,False,
2384,0.0,0,0.0,208780.12186351517,optimal,0.08881919999839738,False,
2385,0.0,0,0.0,193521.20149060333,optimal,0.0843617999998969,False,
2386,0.0,0,0.0,184363.29778674257,optimal,0.08395580000069458,False,
2387,0.0,0,0.0,169567.2701552031,optimal,0.09103280000272207,False,
2388,0.0,0,0.0,152112.12098392518,optimal,0.19406399999570567,False,
2389,0.0,0,0.0,129402.90180437382,optimal,0.09336430000257678,False,
2390,0.0,0,0.0,108474.72949300628,optimal,0.09739319999789586,False,
2391,0.0,0,0.0,79847.53016563773,optimal,0.11369089999789139,False,
2392,0.0,0,0.0,58037.77466881731,optimal,0.19709750000038184,False,
2393,0.0,0,0.0,58687.82881429665,optimal,0.1049665999962599,False,
2394,0.0,0,0.0,66999.18311672294,optimal,0.11419469999964349,False,
2395,0.0,0,0.0,79317.9788428973,optimal,0.10872920000110753,False,
2396,0.0,0,0.0,101015.43810823103,optimal,0.11832370000047376,False,
2397,0.0,0,0.0,115832.3732139258,optimal,0.2128210000009858,False,
2398,0.0,0,0.0,133378.16741097454,optimal,0.20386470000084955,False,
2399,0.0,0,0.0,150145.1616080226,optimal,0.11246709999977611,False,
2400,0.0,0,0.0,165302.63580507162,optimal,0.1997555999987526,False,
2401,0.0,0,0.0,185866.50439768797,optimal,0.08943079999880865,False,
2402,0.0,0,0.0,203242.98443324782,optimal,0.09445059999416117,False,
2403,0.0,0,0.0,217960.8917880328,optimal,0.1925271000000066,False,
2404,0.0,0,0.0,231478.70454646746,optimal,0.08896599999570753,False,
2405,0.0,0,0.0,252231.25368373535,optimal,0.19390949999797158,False,
2406,0.0,0,0.0,276369.8933838905,optimal,0.0951232999941567,False,
2407,0.0,0,0.0,307461.651459401,optimal,0.19825399999535875,False,
2408,0.0,0,0.0,314756.9155056094,optimal,0.0932323999950313,False,
2409,0.0,0,0.0,293604.47078047745,optimal,0.09305580000363989,False,
2410,0.0,0,0.0,255101.84691430326,optimal,0.08786139999574516,False,
2411,0.0,0,0.0,242660.484211334,optimal,0.09017250000033528,False,
2412,0.0,0,0.0,239925.7984202774,optimal,0.1875902000028873,False,
2413,0.0,0,0.0,213052.44460199453,optimal,0.1836877000023378,False,
2414,0.0,0,0.0,183495.27120818436,optimal,0.08655120000184979,False,
2415,0.0,0,0.0,172216.40242106188,optimal,0.08697000000393018,False,
2416,0.0,0,0.0,165869.78528991283,optimal,0.08685790000163252,False,
2417,0.0,0,0.0,165535.77681053805,optimal,0.08590860000549583,False,
2418,0.0,0,0.0,169472.89437209445,optimal,0.08527120000508148,False,
2419,0.0,0,0.0,171276.24868582134,optimal,0.0851020000045537,False,
2420,0.0,0,0.0,177606.39818542448,optimal,0.08180020000145305,False,
2421,0.0,0,0.0,184079.74003934144,optimal,0.08235209999838844,False,
2422,0.0,0,0.0,198060.51829456305,optimal,0.08170489999611164,False,
2423,0.0,0,0.0,219909.30469395567,optimal,0.08577779999905033,False,
2424,0.0,0,0.0,241471.3199055393,optimal,0.0864718000011635,False,
2425,0.0,0,0.0,249949.6225480078,optimal,0.08855469999980414,False,
2426,0.0,0,0.0,257468.87482788012,optimal,0.09137270000064746,False,
2427,0.0,0,0.0,268972.05172930355,optimal,0.09524880000390112,False,
2428,0.0,0,0.0,300949.07034531265,optimal,0.08853280000039376,False,
2429,0.0,0,0.0,321561.14152394305,optimal,0.09146409999812022,False,
2430,0.0,0,0.0,341207.4393576904,optimal,0.0871573000040371,False,
2431,0.0,0,0.0,355900.57630051736,optimal,0.0922359000032884,False,
2432,0.0,0,0.0,360923.78356339515,optimal,0.09843659999751253,False,
2433,0.0,0,0.0,375833.7843059546,optimal,0.09385199999815086,False,
2434,0.0,0,0.0,375423.0930565986,optimal,0.0936096000004909,False,
2435,0.0,0,0.0,361176.9255268147,optimal,0.08714319999853615,False,
2436,0.0,0,0.0,346827.5505513318,optimal,0.09788529999786988,False,
2437,0.0,0,0.0,332480.9497519094,optimal,0.09534859999985201,False,
2438,0.0,0,0.0,322549.8471646674,optimal,0.0972022999994806,False,
2439,0.0,0,0.0,315189.6682934867,optimal,0.09992130000318866,False,
2440,0.0,0,0.0,297930.16602426517,optimal,0.10177370000019437,False,
2441,0.0,0,0.0,287465.99652862514,optimal,0.09925949999887962,False,
2442,0.0,0,0.0,277721.8911907048,optimal,0.09160110000084387,False,
2443,0.0,0,0.0,275322.9972976015,optimal,0.09033710000221618,False,
2444,0.0,0,0.0,280809.38626546453,optimal,0.08951150000211783,False,
2445,0.0,0,0.0,296352.917845746,optimal,0.0882385999939288,False,
2446,0.0,0,0.0,310699.9687222696,optimal,0.08858229999896139,False,
2447,0.0,0,0.0,320795.33975711593,optimal,0.08960300000035204,False,
2448,0.0,0,0.0,323365.8855686455,optimal,0.08731470000202535,False,
2449,0.0,0,0.0,329701.6236367779,optimal,0.09048539999639615,False,
2450,0.0,0,0.0,342322.1715113695,optimal,0.08648359999642707,False,
2451,0.0,0,0.0,352415.31374824233,optimal,0.09468319999723462,False,
2452,0.0,0,0.0,356655.7252567128,optimal,0.08852270000352291,False,
2453,0.0,0,0.0,357622.06966534455,optimal,0.08818459999747574,False,
2454,0.0,0,0.0,354567.12168166385,optimal,0.08660119999694871,False,
2455,0.0,0,0.0,356856.8083295301,optimal,0.08713749999878928,False,
2456,0.0,0,0.0,369408.9127607351,optimal,0.09301720000075875,False,
2457,0.0,0,0.0,389198.6453565463,optimal,0.08577550000336487,False,
2458,0.0,0,0.0,416707.4960582351,optimal,0.08655580000049667,False,
2459,0.0,0,0.0,421543.02578617923,optimal,0.08785660000285134,False,
2460,0.0,0,0.0,408464.3293427618,optimal,0.08492539999861037,False,
2461,0.0,0,0.0,441567.57481556846,optimal,0.08591169999999693,False,
2462,0.0,0,0.0,461292.10169108084,optimal,0.08725150000100257,False,
2463,0.0,0,0.0,463668.823337042,optimal,0.08404519999749027,False,
2464,0.0,0,0.0,470685.00394204527,optimal,0.09182410000357777,False,
2465,0.0,0,0.0,472992.5046052097,optimal,0.09791100000438746,False,
2466,0.0,0,0.0,470327.0620847088,optimal,0.09494110000377987,False,
2467,0.0,0,0.0,483297.44758250925,optimal,0.09535689999756869,False,
2468,0.0,0,0.0,497394.53602075507,optimal,0.08691830000316259,False,
2469,0.0,0,0.0,509844.5981898496,optimal,0.09487420000368729,False,
2470,0.0,0,0.0,521295.8081064272,optimal,0.09988870000233874,False,
2471,0.0,0,0.0,528347.5605878254,optimal,0.08911840000655502,False,
2472,0.0,0,0.0,542698.0418615565,optimal,0.09815930000331718,False,
2473,0.0,0,0.0,561994.7451021649,optimal,0.09627349999936996,False,
2474,0.0,0,0.0,574158.5912345392,optimal,0.10062990000005811,False,
2475,0.0,0,0.0,567433.1118896788,optimal,0.10310690000187606,False,
2476,0.0,0,0.0,558184.3492275996,optimal,0.09814330000517657,False,
2477,0.0,0,0.0,565844.8624363954,optimal,0.10316210000019055,False,
2478,0.0,0,0.0,577625.1265119934,optimal,0.09756579999520909,False,
2479,0.0,0,0.0,587163.1177384015,optimal,0.10009989999525715,False,
2480,0.0,0,0.0,588748.341647783,optimal,0.10001529999863124,False,
2481,0.0,0,0.0,592759.5406230143,optimal,0.0949724999954924,False,
2482,0.0,0,0.0,596819.5419489372,optimal,0.09517950000008568,False,
2483,0.0,0,0.0,592602.460964923,optimal,0.08853719999751775,False,
2484,0.0,0,0.0,584551.1210933557,optimal,0.08671809999941615,False,
2485,0.0,0,0.0,574099.7409642576,optimal,0.08929139999963809,False,
2486,0.0,0,0.0,568971.9779611613,optimal,0.08665439999458613,False,
2487,0.0,0,0.0,567589.1335097034,optimal,0.08275880000292091,False,
2488,0.0,0,0.0,548194.8392557498,optimal,0.08693559999665013,False,
2489,0.0,0,0.0,532821.0725687825,optimal,0.08713680000073509,False,
2490,0.0,0,0.0,523988.3637740639,optimal,0.0881770999985747,False,
2491,0.0,0,0.0,520415.08938283654,optimal,0.08925189999717986,False,
2492,0.0,0,0.0,518533.0781815305,optimal,0.08834439999918686,False,
2493,0.0,0,0.0,526170.0840915353,optimal,0.19627520000358345,False,
2494,0.0,0,0.0,533193.5921991202,optimal,0.09161820000008447,False,
2495,0.0,0,0.0,543769.7059782314,optimal,0.08888510000542738,False,
2496,0.0,0,0.0,552266.042338719,optimal,0.09190600000147242,False,
2497,0.0,0,0.0,551773.9271480849,optimal,0.08976170000096317,False,
2498,0.0,0,0.0,570362.4004543383,optimal,0.08616809999512043,False,
2499,0.0,0,0.0,596701.828123066,optimal,0.19311089999973774,False,
2500,0.0,0,0.0,609019.9273201156,optimal,0.08610229999612784,False,
2501,0.0,0,0.0,620975.6016403561,optimal,0.08924529999785591,False,
2502,0.0,0,0.0,649843.8643171607,optimal,0.09104600000136998,False,
2503,0.0,0,0.0,662672.591928089,optimal,0.08794900000066264,False,
2504,0.0,0,0.0,663858.1819121441,optimal,0.08805170000414364,False,
2505,0.0,0,0.0,657002.7410342046,optimal,0.08583750000252621,False,
2506,0.0,0,0.0,655410.8785846588,optimal,0.1957825999998022,False,
2507,0.0,0,0.0,677419.0090166919,optimal,0.08613180000247667,False,
2508,0.0,0,0.0,652125.8151141268,optimal,0.19984419999673264,False,
2509,0.0,0,0.0,619599.8407858065,optimal,0.08794070000294596,False,
2510,0.0,0,0.0,609736.204316412,optimal,0.08566440000140574,False,
2511,0.0,0,0.0,597165.0784238996,optimal,0.20260070000222186,False,
2512,0.0,0,0.0,584873.7453927452,optimal,0.08570670000335667,False,
2513,0.0,0,0.0,562543.297042172,optimal,0.203467899998941,False,
2514,0.0,0,0.0,548037.3306305817,optimal,0.08709010000166018,False,
2515,0.0,0,0.0,541496.45464526,optimal,0.08616800000163494,False,
2516,0.0,0,0.0,564284.4015841236,optimal,0.2016686999995727,False,
2517,0.0,0,0.0,596357.0338479886,optimal,0.08818940000492148,False,
2518,0.0,0,0.0,607276.8082470888,optimal,0.08656850000261329,False,
2519,0.0,0,0.0,623722.8662198153,optimal,0.09018280000600498,False,
2520,0.0,0,0.0,642267.5583400814,optimal,0.08606069999950705,False,
2521,0.0,0,0.0,664262.1043996038,optimal,0.20438329999888083,False,
2522,0.0,0,0.0,668796.3497824837,optimal,0.2043751000019256,False,
2523,0.0,0,0.0,697824.7481214552,optimal,0.08766430000105174,False,
2524,0.0,0,0.0,700850.3080693464,optimal,0.2045161999994889,False,
2525,0.0,0,0.0,725262.2373999286,optimal,0.08721920000243699,False,
2526,0.0,0,0.0,746134.3023591123,optimal,0.08668619999662042,False,
2527,0.0,0,0.0,790742.6102963741,optimal,0.08744659999501891,False,
2528,0.0,0,0.0,819126.7665054221,optimal,0.19572180000250228,False,
2529,0.0,0,0.0,837913.2736866405,optimal,0.08993729999929201,False,
2530,0.0,0,0.0,844718.819112351,optimal,0.08579989999998361,False,
2531,0.0,0,0.0,846707.7770144872,optimal,0.08751250000204891,False,
2532,0.0,0,0.0,850770.5094907606,optimal,0.08836809999775141,False,
2533,0.0,0,0.0,848256.643548691,optimal,0.08514550000109011,False,
2534,0.0,0,0.0,855269.4639862361,optimal,0.08554330000333721,False,
2535,0.0,0,0.0,875556.4658963962,optimal,0.195233599995845,False,
2536,0.0,0,0.0,899315.9799243051,optimal,0.08734009999898262,False,
2537,0.0,0,0.0,921429.891416118,optimal,0.08838729999843054,False,
2538,0.0,0,0.0,947606.4478217398,optimal,0.20013469999685185,False,
2539,0.0,0,0.0,987427.6030775562,optimal,0.08638580000115326,False,
2540,0.0,0,0.0,1026743.6024179425,optimal,0.08861610000167275,False,
2541,0.0,0,0.0,1061775.0613437875,optimal,0.08828750000247965,False,
2542,0.0,0,0.0,1074687.5198500878,optimal,0.08737069999915548,False,
2543,0.0,0,0.0,1103414.7168981081,optimal,0.20158229999651667,False,
2544,0.0,0,0.0,1126722.7359015127,optimal,0.08899229999951785,False,
2545,0.0,0,0.0,1141929.9226495058,optimal,0.2073619000002509,False,
2546,0.0,0,0.0,1154863.8778387003,optimal,0.08646109999972396,False,
2547,0.0,0,0.0,1185397.9033313214,optimal,0.20973850000154926,False,
2548,0.0,0,0.0,1196959.91752837,optimal,0.09238799999729963,False,
2549,0.0,0,0.0,1228869.8230209923,optimal,0.0920135000051232,False,
2550,0.0,0,0.0,1256555.4431164672,optimal,0.21225379999668803,False,
2551,0.0,0,0.0,1279014.8526418235,optimal,0.20921339999767952,False,
2552,0.0,0,0.0,1286256.0973433023,optimal,0.09010470000066562,False,
2553,0.0,0,0.0,1323032.9919890715,optimal,0.09334510000189766,False,
2554,0.0,0,0.0,1348234.7220964178,optimal,0.21293690000311472,False,
2555,0.0,0,0.0,1363662.9040803504,optimal,0.09659970000211615,False,
2556,0.0,0,0.0,1369680.8687429824,optimal,0.08894729999883566,False,
2557,0.0,0,0.0,1368277.5907966292,optimal,0.09227169999940088,False,
2558,0.0,0,0.0,1365744.6466269002,optimal,0.20515750000049593,False,
2559,0.0,0,0.0,1338088.1313725007,optimal,0.092489900001965,False,
2560,0.0,0,0.0,1315790.459891965,optimal,0.08897910000086995,False,
2561,0.0,0,0.0,1307253.885286621,optimal,0.1972548000048846,False,
2562,0.0,0,0.0,1315345.6693002966,optimal,0.09090940000169212,False,
2563,0.0,0,0.0,1326629.1947371096,optimal,0.08924099999421742,False,
2564,0.0,0,0.0,1361728.6376352466,optimal,0.08581089999643154,False,
2565,0.0,0,0.0,1410799.3118593534,optimal,0.08757679999689572,False,
2566,0.0,0,0.0,1456763.956191399,optimal,0.08660100000270177,False,
2567,0.0,0,0.0,1495150.88168402,optimal,0.08896220000315225,False,
2568,0.0,0,0.0,1525557.209596914,optimal,0.08738590000575641,False,
2569,0.0,0,0.0,1556185.8937844601,optimal,0.08707960000174353,False,
2570,0.0,0,0.0,1590969.8192267935,optimal,0.08629110000038054,False,
2571,0.0,0,0.0,1618123.4186192348,optimal,0.08787030000530649,False,
2572,0.0,0,0.0,1641239.4833941765,optimal,0.08752570000069682,False,
2573,0.0,0,0.0,1659958.1770866907,optimal,0.08401710000180174,False,
2574,0.0,0,0.0,1677536.6314082863,optimal,0.08515470000565983,False,
2575,0.0,0,0.0,1707257.2340556397,optimal,0.08393459999933839,False,
2576,0.0,0,0.0,1705622.8035510585,optimal,0.08212990000174614,False,
2577,0.0,0,0.0,1701299.5118244889,optimal,0.08365100000082748,False,
2578,0.0,0,0.0,1697831.8257041192,optimal,0.08213209999667015,False,
2579,0.0,0,0.0,1687855.7571514724,optimal,0.08937159999914002,False,
2580,0.0,0,0.0,1672544.9690082623,optimal,0.09072290000040084,False,
2581,0.0,0,0.0,1673366.5133055607,optimal,0.09020579999923939,False,
2582,0.0,0,0.0,1631674.0800965545,optimal,0.0806421000015689,False,
2583,0.0,0,0.0,1573460.1220220972,optimal,0.0861908000006224,False,
2584,0.0,0,0.0,1533520.6197381725,optimal,0.08816460000525694,False,
2585,0.0,0,0.0,1508165.836355985,optimal,0.0857795999982045,False,
2586,0.0,0,0.0,1490966.1539680674,optimal,0.09081290000176523,False,
2587,0.0,0,0.0,1489919.054157074,optimal,0.10634589999972377,False,
2588,0.0,0,0.0,1515264.8366624091,optimal,0.089006000001973,False,
2589,0.0,0,0.0,1533161.7292335606,optimal,0.08858480000344571,False,
2590,0.0,0,0.0,1561564.5161109683,optimal,0.10612050000054296,False,
2591,0.0,0,0.0,1598618.7575558173,optimal,0.11529840000002878,False,
2592,0.0,0,0.0,1629983.4534284014,optimal,0.11246600000595208,False,
2593,0.0,0,0.0,1642051.6192793667,optimal,0.11322559999825899,False,
2594,0.0,0,0.0,1672407.9003949324,optimal,0.10596780000196304,False,
2595,0.0,0,0.0,1682970.45459198,optimal,0.10620660000131465,False,
2596,0.0,0,0.0,1692640.990343826,optimal,0.10939990000042599,False,
2597,0.0,0,0.0,1722509.26369969,optimal,0.10614459999487735,False,
2598,0.0,0,0.0,1753388.8758990585,optimal,0.09750570000323933,False,
2599,0.0,0,0.0,1781114.01532673,optimal,0.08288330000505084,False,
2600,0.0,0,0.0,1790690.2543762848,optimal,0.10700219999853289,False,
2601,0.0,0,0.0,1805824.1212941248,optimal,0.10820779999630759,False,
2602,0.0,0,0.0,1825042.1573391974,optimal,0.11370030000398401,False,
2603,0.0,0,0.0,1834597.0322082683,optimal,0.08940900000015972,False,
2604,0.0,0,0.0,1830634.1702357389,optimal,0.11095880000357283,False,
2605,0.0,0,0.0,1823736.7595909962,optimal,0.10647050000261515,False,
2606,0.0,0,0.0,1815639.9565647985,optimal,0.09494780000386527,False,
2607,0.0,0,0.0,1839858.656762483,optimal,0.10334169999987353,False,
2608,0.0,0,0.0,1839291.6926244942,optimal,0.11252279999462189,False,
2609,0.0,0,0.0,1842744.4345470371,optimal,0.09718789999897126,False,
2610,0.0,0,0.0,1849618.6131662002,optimal,0.11377580000407761,False,
2611,0.0,0,0.0,1851913.5256867665,optimal,0.10714549999829615,False,
2612,0.0,0,0.0,1858137.6157670845,optimal,0.12035779999860097,False,
2613,0.0,0,0.0,1867704.1219808774,optimal,0.12167269999918062,False,
2614,0.0,0,0.0,1907244.7150294136,optimal,0.11366659999475814,False,
2615,0.0,0,0.0,1945813.3605220339,optimal,0.1142896000019391,False,
2616,0.0,0,0.0,1960054.2032296048,optimal,0.10436540000227978,False,
2617,0.0,0,0.0,1963318.7014847598,optimal,0.11764099999709288,False,
2618,0.0,0,0.0,1979059.490798367,optimal,0.11429259999567876,False,
2619,0.0,0,0.0,1980501.6903648998,optimal,0.2100804000001517,False,
2620,0.0,0,0.0,2002674.6228011586,optimal,0.09935189999669092,False,
2621,0.0,0,0.0,2032468.7882937808,optimal,0.12450069999613333,False,
2622,0.0,0,0.0,2064261.8737864026,optimal,0.10097749999840744,False,
2623,0.0,0,0.0,2093299.8828890247,optimal,0.18291290000342997,False,
2624,0.0,0,0.0,2109319.3060517795,optimal,0.10166909999679774,False,
2625,0.0,0,0.0,2108957.4153888253,optimal,0.09042040000349516,False,
2626,0.0,0,0.0,2105570.478331312,optimal,0.0897257999968133,False,
2627,0.0,0,0.0,2094819.8995020648,optimal,0.0877020000043558,False,
2628,0.0,0,0.0,2076311.7811235327,optimal,0.08996109999861801,False,
2629,0.0,0,0.0,2076662.3115465231,optimal,0.0913460000010673,False,
2630,0.0,0,0.0,2088662.2982378176,optimal,0.08629959999962011,False,
2631,0.0,0,0.0,2093302.3040204193,optimal,0.1845197000002372,False,
2632,0.0,0,0.0,2086106.2615942576,optimal,0.08531000000220956,False,
2633,0.0,0,0.0,2082007.2558692053,optimal,0.08472570000594715,False,
2634,0.0,0,0.0,2087543.3201010036,optimal,0.08488220000435831,False,
2635,0.0,0,0.0,2087180.2320345913,optimal,0.19258090000221273,False,
2636,0.0,0,0.0,2096962.9990406132,optimal,0.08528220000152942,False,
2637,0.0,0,0.0,2133557.8428974957,optimal,0.19417760000214912,False,
2638,0.0,0,0.0,2218022.918388076,optimal,0.08440220000193221,False,
2639,0.0,0,0.0,2303334.6650278023,optimal,0.18438500000047497,False,
2640,0.0,0,0.0,2322069.673886681,optimal,0.08671209999738494,False,
2641,0.0,0,0.0,2396915.0018937816,optimal,0.0876946999997017,False,
2642,0.0,0,0.0,2472028.1283337763,optimal,0.17428839999774937,False,
2643,0.0,0,0.0,2545347.7281776704,optimal,0.08522359999915352,False,
2644,0.0,0,0.0,2618749.8787007453,optimal,0.08708250000199769,False,
2645,0.0,0,0.0,2693223.493510374,optimal,0.08360060000268277,False,
2646,0.0,0,0.0,2766888.6078921724,optimal,0.18122679999942193,False,
2647,0.0,0,0.0,2745162.6220244835,optimal,0.08270379999885336,False,
2648,0.0,0,0.0,2713239.4743490713,optimal,0.1726725000044098,False,
2649,0.0,0,0.0,2691600.2750987043,optimal,0.08618869999918388,False,
2650,0.0,0,0.0,2675195.004225461,optimal,0.08286889999726554,False,
2651,0.0,0,0.0,2643721.1055658315,optimal,0.17679520000092452,False,
2652,0.0,0,0.0,2612322.522953507,optimal,0.08523830000194721,False,
2653,0.0,0,0.0,2575892.158727301,optimal,0.08327540000027511,False,
2654,0.0,0,0.0,2478946.5482626217,optimal,0.17543809999915538,False,
2655,0.0,0,0.0,2457320.606367599,optimal,0.08578400000260444,False,
2656,0.0,0,0.0,2414730.8379067285,optimal,0.0848688000041875,False,
2657,0.0,0,0.0,2376504.467539793,optimal,0.08317400000669295,False,
2658,0.0,0,0.0,2344884.3754059933,optimal,0.08584349999728147,False,
2659,0.0,0,0.0,2318694.528462865,optimal,0.08160020000650547,False,
2660,0.0,0,0.0,2333444.2388117886,optimal,0.17500290000316454,False,
2661,0.0,0,0.0,2373496.6669674413,optimal,0.08430049999878975,False,
2662,0.0,0,0.0,2336190.353533519,optimal,0.08292380000057165,False,
2663,0.0,0,0.0,2298369.599266149,optimal,0.08556920000410173,False,
2664,0.0,0,0.0,2278633.4060707223,optimal,0.08235879999847384,False,
2665,0.0,0,0.0,2249850.3142315308,optimal,0.17251419999956852,False,
2666,0.0,0,0.0,2222188.813538629,optimal,0.08498900000267895,False,
2667,0.0,0,0.0,2218818.4462977834,optimal,0.08312350000051083,False,
2668,0.0,0,0.0,2195457.1378789926,optimal,0.08438249999744585,False,
2669,0.0,0,0.0,2215755.1973801116,optimal,0.08899620000011055,False,
2670,0.0,0,0.0,2242264.4893826265,optimal,0.18386610000015935,False,
2671,0.0,0,0.0,2284992.884496026,optimal,0.08233560000371654,False,
2672,0.0,0,0.0,2286655.076605127,optimal,0.18745460000354797,False,
2673,0.0,0,0.0,2246183.21923054,optimal,0.18853759999910835,False,
2674,0.0,0,0.0,2202225.484839702,optimal,0.08645969999633962,False,
2675,0.0,0,0.0,2163041.3435649946,optimal,0.0900275000021793,False,
2676,0.0,0,0.0,2127502.8843171215,optimal,0.1855680000007851,False,
2677,0.0,0,0.0,2078758.941398155,optimal,0.18980800000281306,False,
2678,0.0,0,0.0,2032113.7758748336,optimal,0.08664449999923818,False,
2679,0.0,0,0.0,1990983.615277851,optimal,0.08826399999816203,False,
2680,0.0,0,0.0,1969895.6346999696,optimal,0.18247169999813195,False,
2681,0.0,0,0.0,1949225.7447461323,optimal,0.08387829999992391,False,
2682,0.0,0,0.0,1945259.9452037653,optimal,0.0856123999983538,False,
2683,0.0,0,0.0,1931263.4850005195,optimal,0.08418089999759104,False,
2684,0.0,0,0.0,1972133.9355631121,optimal,0.08581430000049295,False,
2685,0.0,0,0.0,1960837.3543630568,optimal,0.17900599999848055,False,
2686,0.0,0,0.0,1945246.2551199892,optimal,0.0818301999970572,False,
2687,0.0,0,0.0,2001172.5207571227,optimal,0.08462739999959012,False,
2688,0.0,0,0.0,2074489.394168998,optimal,0.17945309999777237,False,
2689,0.0,0,0.0,2154932.6932863053,optimal,0.08449690000270493,False,
2690,0.0,0,0.0,2167357.0447618496,optimal,0.08426280000276165,False,
2691,0.0,0,0.0,2178803.735459503,optimal,0.0841945000065607,False,
2692,0.0,0,0.0,2209028.315461221,optimal,0.08740250000118976,False,
2693,0.0,0,0.0,2269004.1508540846,optimal,0.08342979999724776,False,
2694,0.0,0,0.0,2351522.7112255655,optimal,0.08020250000117812,False,
2695,0.0,0,0.0,2446672.309929694,optimal,0.08947919999627629,False,
2696,0.0,0,0.0,2475130.6849332605,optimal,0.09013180000329157,False,
2697,0.0,0,0.0,2499115.9156669104,optimal,0.08539030000247294,False,
2698,0.0,0,0.0,2494000.0521110715,optimal,0.08461009999882663,False,
2699,0.0,0,0.0,2501989.789901671,optimal,0.0827625000019907,False,
2700,0.0,0,0.0,2513215.8755952693,optimal,0.08146900000429014,False,
2701,0.0,0,0.0,2525232.5307039097,optimal,0.07918989999598125,False,
2702,0.0,0,0.0,2540569.5773557248,optimal,0.09014469999965513,False,
2703,0.0,0,0.0,2534697.031621138,optimal,0.08672870000009425,False,
2704,0.0,0,0.0,2549085.394974903,optimal,0.08251600000221515,False,
2705,0.0,0,0.0,2560943.936200536,optimal,0.0868207999956212,False,
2706,0.0,0,0.0,2571379.452479091,optimal,0.07906879999791272,False,
2707,0.0,0,0.0,2581498.74099163,optimal,0.08196899999893503,False,
2708,0.0,0,0.0,2680673.7993762186,optimal,0.09058830000140006,False,
2709,0.0,0,0.0,2724385.3822248317,optimal,0.09415240000089398,False,
2710,0.0,0,0.0,2763189.8534649853,optimal,0.10290529999474529,False,
2711,0.0,0,0.0,2771886.11703045,optimal,0.09758819999842672,False,
2712,0.0,0,0.0,2795961.6517885337,optimal,0.09820399999443907,False,
2713,0.0,0,0.0,2858234.2633074587,optimal,0.09971740000037244,False,
2714,0.0,0,0.0,2912660.4725109152,optimal,0.08507279999321327,False,
2715,0.0,0,0.0,2984742.8325479636,optimal,0.08926120000251103,False,
2716,0.0,0,0.0,3076557.1290326198,optimal,0.09402009999757865,False,
2717,0.0,0,0.0,3124503.8478785143,optimal,0.08927930000209017,False,
2718,0.0,0,0.0,3268543.2707003052,optimal,0.10509019999881275,False,
2719,0.0,0,0.0,3290560.934697767,optimal,0.11169040000095265,False,
2720,0.0,0,0.0,3394024.3630470107,optimal,0.09950810000009369,False,
2721,0.0,0,0.0,3453076.7347986614,optimal,0.09025710000423715,False,
2722,0.0,0,0.0,3463334.568940541,optimal,0.1134191999954055,False,
2723,0.0,0,0.0,3451590.576933818,optimal,0.10172639999655075,False,
2724,0.0,0,0.0,3453806.2056554295,optimal,0.11041549999936251,False,
2725,0.0,0,0.0,3459285.717677553,optimal,0.10180390000459738,False,
2726,0.0,0,0.0,3465611.9835857255,optimal,0.11388359999546083,False,
2727,0.0,0,0.0,3458735.8637959,optimal,0.12344740000116872,False,
2728,0.0,0,0.0,3458622.756606308,optimal,0.10532880000391742,False,
2729,0.0,0,0.0,3465533.80024027,optimal,0.11885780000011437,False,
2730,0.0,0,0.0,3465694.39216909,optimal,0.11812929999723565,False,
2731,0.0,0,0.0,3461017.295210246,optimal,0.11559290000150213,False,
2732,0.0,0,0.0,3498527.1560756215,optimal,0.11043049999716459,False,
2733,0.0,0,0.0,3530781.9650492547,optimal,0.08778920000622747,False,
2734,0.0,0,0.0,3527419.2496860004,optimal,0.09425460000056773,False,
2735,0.0,0,0.0,3535037.3105541966,optimal,0.09232109999720706,False,
2736,0.0,0,0.0,3521819.21004191,optimal,0.09150090000184719,False,
2737,0.0,0,0.0,3535676.714621286,optimal,0.09082270000362769,False,
2738,0.0,0,0.0,3608538.71106969,optimal,0.08715110000048298,False,
2739,0.0,0,0.0,3655028.670122859,optimal,0.08215550000022631,False,
2740,0.0,0,0.0,3662422.8803113573,optimal,0.0921336000028532,False,
2741,0.0,0,0.0,3699374.982458262,optimal,0.09237890000076732,False,
2742,0.0,0,0.0,3687162.4167646635,optimal,0.0896606000023894,False,
2743,0.0,0,0.0,3678822.3877392933,optimal,0.08797390000108862,False,
2744,0.0,0,0.0,3667857.1537517793,optimal,0.08875059999991208,False,
2745,0.0,0,0.0,3659393.001214881,optimal,0.08735729999898467,False,
2746,0.0,0,0.0,3644550.420036124,optimal,0.08524040000338573,False,
2747,0.0,0,0.0,3599506.6591196433,optimal,0.08808270000008633,False,
2748,0.0,0,0.0,3532044.688822168,optimal,0.08275899999716785,False,
2749,0.0,0,0.0,3460360.28192948,optimal,0.08487360000435729,False,
2750,0.0,0,0.0,3449975.8266182323,optimal,0.08707639999920502,False,
2751,0.0,0,0.0,3366320.2786366614,optimal,0.08552960000088206,False,
2752,0.0,0,0.0,3267063.9470521407,optimal,0.08660349999991013,False,
2753,0.0,0,0.0,3170337.437595753,optimal,0.08645579999574693,False,
2754,0.0,0,0.0,3062880.952320363,optimal,0.09385699999984354,False,
2755,0.0,0,0.0,2938542.013309974,optimal,0.09365550000075018,False,
2756,0.0,0,0.0,2791947.0085699353,optimal,0.08755589999782387,False,
2757,0.0,0,0.0,2644529.9519625986,optimal,0.09453329999814741,False,
2758,0.0,0,0.0,2504549.829091857,optimal,0.093835499996203,False,
2759,0.0,0,0.0,2477406.241123436,optimal,0.1075457999977516,False,
2760,0.0,0,0.0,2344243.462221032,optimal,0.09727720000228146,False,
2761,0.0,0,0.0,2234397.0546287736,optimal,0.09481620000588009,False,
2762,0.0,0,0.0,2117758.534330562,optimal,0.09194060000299942,False,
2763,0.0,0,0.0,2104722.058289506,optimal,0.09885009999561589,False,
2764,0.0,0,0.0,2007202.6977634064,optimal,0.0871091000008164,False,
2765,0.0,0,0.0,1870597.2786196526,optimal,0.08851439999853028,False,
2766,0.0,0,0.0,1779600.5587663287,optimal,0.20099710000067716,False,
2767,0.0,0,0.0,1640076.2985291833,optimal,0.09615080000367016,False,
2768,0.0,0,0.0,1502528.8398784972,optimal,0.11174910000409,False,
2769,0.0,0,0.0,1435301.5740208589,optimal,0.11198609999701148,False,
2770,0.0,0,0.0,1378367.3167006224,optimal,0.2067657000006875,False,
2771,0.0,0,0.0,1316107.598017672,optimal,0.11484110000310466,False,
2772,0.0,0,0.0,1244855.9732922234,optimal,0.11177970000426285,False,
2773,0.0,0,0.0,1162448.0880446783,optimal,0.11788470000465168,False,
2774,0.0,0,0.0,1076789.5503988834,optimal,0.09175439999671653,False,
2775,0.0,0,0.0,1030246.1379546394,optimal,0.11211400000320282,False,
2776,0.0,0,0.0,1038983.3440674638,optimal,0.10039229999529198,False,
2777,0.0,0,0.0,1046461.9782343542,optimal,0.08844809999573044,False,
2778,0.0,0,0.0,1066025.9751277368,optimal,0.19499999999970896,False,
2779,0.0,0,0.0,1100318.808434366,optimal,0.11051710000174353,False,
2780,0.0,0,0.0,1157496.3422107738,optimal,0.08084450000023935,False,
2781,0.0,0,0.0,1163354.5320498024,optimal,0.09060689999751048,False,
2782,0.0,0,0.0,1177359.080406197,optimal,0.1950146000017412,False,
2783,0.0,0,0.0,1246750.1426443947,optimal,0.09383820000221021,False,
2784,0.0,0,0.0,1278924.4698571865,optimal,0.08311230000254,False,
2785,0.0,0,0.0,1298423.222287555,optimal,0.19078439999429975,False,
2786,0.0,0,0.0,1319139.894797268,optimal,0.19322849999298342,False,
2787,0.0,0,0.0,1398671.6867883182,optimal,0.08815090000280179,False,
2788,0.0,0,0.0,1490689.8634487588,optimal,0.08556279999902472,False,
2789,0.0,0,0.0,1504559.6719020659,optimal,0.08892650000052527,False,
2790,0.0,0,0.0,1507906.624939472,optimal,0.18902349999552825,False,
2791,0.0,0,0.0,1601328.8799863071,optimal,0.08439000000362284,False,
2792,0.0,0,0.0,1581513.3820083283,optimal,0.08403810000163503,False,
2793,0.0,0,0.0,1517305.362233487,optimal,0.08657900000252994,False,
2794,0.0,0,0.0,1404844.9479900154,optimal,0.19610260000627022,False,
2795,0.0,0,0.0,1309351.0497958171,optimal,0.19062750000011874,False,
2796,0.0,0,0.0,1291820.397619319,optimal,0.092362299998058,False,
2797,0.0,0,0.0,1300681.5222655863,optimal,0.08608770000137156,False,
2798,0.0,0,0.0,1307269.5237585835,optimal,0.19053169999824604,False,
2799,0.0,0,0.0,1303618.4872767925,optimal,0.08538560000306461,False,
2800,0.0,0,0.0,1278612.1362784596,optimal,0.08491450000292389,False,
2801,0.0,0,0.0,1273480.7396466741,optimal,0.18286629999784054,False,
2802,0.0,0,0.0,1300300.9946316842,optimal,0.08536409999942407,False,
2803,0.0,0,0.0,1323442.9272225795,optimal,0.08232700000371551,False,
2804,0.0,0,0.0,1397254.4492534262,optimal,0.08710900000005495,False,
2805,0.0,0,0.0,1442914.128701059,optimal,0.08475139999791281,False,
2806,0.0,0,0.0,1479915.9023165617,optimal,0.08396720000018831,False,
2807,0.0,0,0.0,1550760.3668096643,optimal,0.19053239999630023,False,
2808,0.0,0,0.0,1626922.989616962,optimal,0.08555860000342363,False,
2809,0.0,0,0.0,1652651.3657844523,optimal,0.08532670000568032,False,
2810,0.0,0,0.0,1680804.6193213942,optimal,0.08891910000238568,False,
2811,0.0,0,0.0,1710863.6644082472,optimal,0.08588850000523962,False,
2812,0.0,0,0.0,1734705.8850219618,optimal,0.18187029999535298,False,
2813,0.0,0,0.0,1821538.0313000137,optimal,0.08848530000250321,False,
2814,0.0,0,0.0,1894746.2998196213,optimal,0.08950809999805642,False,
2815,0.0,0,0.0,1991357.9042417586,optimal,0.08586999999533873,False,
2816,0.0,0,0.0,2030911.6863004696,optimal,0.19237879999855068,False,
2817,0.0,0,0.0,2025900.3439824507,optimal,0.08617380000214325,False,
2818,0.0,0,0.0,1959709.0279266885,optimal,0.08428940000158036,False,
2819,0.0,0,0.0,1876133.8695484444,optimal,0.1988530999951763,False,
2820,0.0,0,0.0,1803659.7212820807,optimal,0.1865789000003133,False,
2821,0.0,0,0.0,1742956.3474208217,optimal,0.08444040000176756,False,
2822,0.0,0,0.0,1692265.6855136598,optimal,0.08976560000155587,False,
2823,0.0,0,0.0,1589629.348170399,optimal,0.1945428000035463,False,
2824,0.0,0,0.0,1488184.219293574,optimal,0.19220170000335202,False,
2825,0.0,0,0.0,1399958.1582346845,optimal,0.0861977000022307,False,
2826,0.0,0,0.0,1358686.4390253024,optimal,0.08644919999642298,False,
2827,0.0,0,0.0,1312654.5690306749,optimal,0.19109629999729805,False,
2828,0.0,0,0.0,1288882.1426042928,optimal,0.08617619999859016,False,
2829,0.0,0,0.0,1281159.6449875373,optimal,0.08278760000393959,False,
2830,0.0,0,0.0,1267674.9862412675,optimal,0.08671120000508381,False,
2831,0.0,0,0.0,1265262.5480211733,optimal,0.08579889999964507,False,
2832,0.0,0,0.0,1297026.0234362483,optimal,0.19944889999896986,False,
2833,0.0,0,0.0,1317928.9761791376,optimal,0.09357749999617226,False,
2834,0.0,0,0.0,1352358.4226672272,optimal,0.08599710000271443,False,
2835,0.0,0,0.0,1352198.3299554796,optimal,0.1947816999963834,False,
2836,0.0,0,0.0,1387521.1786361283,optimal,0.09018970000033733,False,
2837,0.0,0,0.0,1394504.5019133755,optimal,0.08631170000444399,False,
2838,0.0,0,0.0,1399283.1399903912,optimal,0.08677869999519316,False,
2839,0.0,0,0.0,1419575.7833479012,optimal,0.08555299999716226,False,
2840,0.0,0,0.0,1400278.2833525583,optimal,0.08413060000020778,False,
2841,0.0,0,0.0,1373851.3460364142,optimal,0.09156359999906272,False,
2842,0.0,0,0.0,1343816.3209497,optimal,0.08504700000048615,False,
2843,0.0,0,0.0,1305607.0657588525,optimal,0.08698839999851771,False,
2844,0.0,0,0.0,1224037.3011741398,optimal,0.08911779999471037,False,
2845,0.0,0,0.0,1142510.4948638745,optimal,0.0878526000014972,False,
2846,0.0,0,0.0,1046174.4449588798,optimal,0.0852757999964524,False,
2847,0.0,0,0.0,959490.6330286685,optimal,0.0847764999998617,False,
2848,0.0,0,0.0,893053.7356150046,optimal,0.08102710000093793,False,
2849,0.0,0,0.0,837813.8755427916,optimal,0.0828853999992134,False,
2850,0.0,0,0.0,787708.6141577805,optimal,0.0847384000007878,False,
2851,0.0,0,0.0,754921.198616502,optimal,0.08171199999924283,False,
2852,0.0,0,0.0,711405.7103343671,optimal,0.08410169999842765,False,
2853,0.0,0,0.0,657015.103141501,optimal,0.08423480000055861,False,
2854,0.0,0,0.0,619483.7123904919,optimal,0.08480240000062622,False,
2855,0.0,0,0.0,604462.0438744939,optimal,0.08291340000141645,False,
2856,0.0,0,0.0,615797.5656141867,optimal,0.09274089999962598,False,
2857,0.0,0,0.0,617803.2270397546,optimal,0.09084859999711625,False,
2858,0.0,0,0.0,619019.8519794522,optimal,0.09415330000047106,False,
2859,0.0,0,0.0,616987.345333508,optimal,0.09700429999793414,False,
2860,0.0,0,0.0,573379.7533129179,optimal,0.09834540000156267,False,
2861,0.0,0,0.0,515256.4546443934,optimal,0.10521240000525722,False,
2862,0.0,0,0.0,482056.7183321387,optimal,0.0962361999991117,False,
2863,0.0,0,0.0,451495.7507536328,optimal,0.08724860000074841,False,
2864,0.0,0,0.0,454973.2892190027,optimal,0.08680610000010347,False,
2865,0.0,0,0.0,461336.75996553455,optimal,0.07861319999938132,False,
2866,0.0,0,0.0,465509.55996553425,optimal,0.0957713000025251,False,
2867,0.0,0,0.0,448238.5937415341,optimal,0.1102074000009452,False,
2868,0.0,0,0.0,438639.38289420516,optimal,0.1060520999963046,False,
2869,0.0,0,0.0,418291.1228775496,optimal,0.10226269999839133,False,
2870,0.0,0,0.0,444880.2700772005,optimal,0.1049332000038703,False,
2871,0.0,0,0.0,448335.8700771994,optimal,0.10775989999820013,False,
2872,0.0,0,0.0,471459.29424472485,optimal,0.10105479999765521,False,
2873,0.0,0,0.0,481990.42112865933,optimal,0.11124779999954626,False,
2874,0.0,0,0.0,517633.039143454,optimal,0.10008180000295397,False,
2875,0.0,0,0.0,585703.1994856427,optimal,0.11206149999634363,False,
2876,0.0,0,0.0,595943.1005360418,optimal,0.10174080000433605,False,
2877,0.0,0,0.0,597429.7545025422,optimal,0.09112029999960214,False,
2878,0.0,0,0.0,568515.7601495155,optimal,0.11831239999446552,False,
2879,0.0,0,0.0,584516.2153151284,optimal,0.11068320000049425,False,
2880,0.0,0,0.0,580948.2654674838,optimal,0.09396109999943292,False,
2881,0.0,0,0.0,611211.0192897441,optimal,0.11096299999917392,False,
2882,0.0,0,0.0,655406.1876882891,optimal,0.10141409999778261,False,
2883,0.0,0,0.0,706549.2611380579,optimal,0.11171489999833284,False,
2884,0.0,0,0.0,737051.985146664,optimal,0.08796069999516476,False,
2885,0.0,0,0.0,803076.1368882653,optimal,0.1085319999983767,False,
2886,0.0,0,0.0,869673.3083016893,optimal,0.0897566999992705,False,
2887,0.0,0,0.0,933922.4294483889,optimal,0.11956320000172127,False,
2888,0.0,0,0.0,977155.3254445053,optimal,0.12329830000089714,False,
2889,0.0,0,0.0,1009054.1875655026,optimal,0.09235950000584126,False,
2890,0.0,0,0.0,1023415.4187211281,optimal,0.09991209999861894,False,
2891,0.0,0,0.0,1061722.0943611283,optimal,0.19747530000313418,False,
2892,0.0,0,0.0,1129843.714678473,optimal,0.10666589999891585,False,
2893,0.0,0,0.0,1201804.821341028,optimal,0.09611949999816716,False,
2894,0.0,0,0.0,1226247.9682707896,optimal,0.09087459999864222,False,
2895,0.0,0,0.0,1235734.8012512964,optimal,0.17576869999902556,False,
2896,0.0,0,0.0,1258748.2324257265,optimal,0.08556040000257781,False,
2897,0.0,0,0.0,1270422.236989314,optimal,0.08469290000357432,False,
2898,0.0,0,0.0,1278582.3768436385,optimal,0.10326929999428103,False,
2899,0.0,0,0.0,1329317.9067895368,optimal,0.09746060000179568,False,
2900,0.0,0,0.0,1395799.6151920457,optimal,0.0941915000003064,False,
2901,0.0,0,0.0,1396240.826781789,optimal,0.09923669999989215,False,
2902,0.0,0,0.0,1510746.5672548614,optimal,0.09223449999990407,False,
2903,0.0,0,0.0,1622775.7095014052,optimal,0.08195030000206316,False,
2904,0.0,0,0.0,1648432.5705725113,optimal,0.21332840000104625,False,
2905,0.0,0,0.0,1779325.7441753256,optimal,0.12079480000102194,False,
2906,0.0,0,0.0,1804494.1914297782,optimal,0.10617709999496583,False,
2907,0.0,0,0.0,1826553.4390372061,optimal,0.10391840000374941,False,
2908,0.0,0,0.0,1947705.9655762892,optimal,0.20147629999701167,False,
2909,0.0,0,0.0,2064125.2232933436,optimal,0.08912680000503315,False,
2910,0.0,0,0.0,2157334.140205049,optimal,0.08623400000215042,False,
2911,0.0,0,0.0,2255493.8727291767,optimal,0.19545759999891743,False,
2912,0.0,0,0.0,2251636.4008736624,optimal,0.1783140000043204,False,
2913,0.0,0,0.0,2200611.613124338,optimal,0.09109950000129174,False,
2914,0.0,0,0.0,2116011.9335469464,optimal,0.086512900001253,False,
2915,0.0,0,0.0,2019034.508365054,optimal,0.08805849999771453,False,
2916,0.0,0,0.0,1929350.6825804408,optimal,0.17685279999568593,False,
2917,0.0,0,0.0,1841636.664455533,optimal,0.08439580000413116,False,
2918,0.0,0,0.0,1753132.0769155864,optimal,0.08449090000067372,False,
2919,0.0,0,0.0,1662572.0088965283,optimal,0.08908040000096662,False,
2920,0.0,0,0.0,1570114.574281368,optimal,0.17813410000235308,False,
2921,0.0,0,0.0,1479396.3923793018,optimal,0.1606813999969745,False,
2922,0.0,0,0.0,1421735.7820234485,optimal,0.08534300000610529,False,
2923,0.0,0,0.0,1421893.8959064563,optimal,0.08337730000494048,False,
2924,0.0,0,0.0,1451014.743912335,optimal,0.17198179999832064,False,
2925,0.0,0,0.0,1503929.606937953,optimal,0.08601230000203941,False,
2926,0.0,0,0.0,1523740.3295397386,optimal,0.08132950000435812,False,
2927,0.0,0,0.0,1511812.5163354056,optimal,0.1602820000043721,False,
2928,0.0,0,0.0,1517359.3448742954,optimal,0.08499060000031022,False,
2929,0.0,0,0.0,1514803.9726829655,optimal,0.08364730000175769,False,
2930,0.0,0,0.0,1517889.647018897,optimal,0.0847386000023107,False,
2931,0.0,0,0.0,1501214.2842554369,optimal,0.0867216999977245,False,
2932,0.0,0,0.0,1453213.4171478439,optimal,0.08635800000047311,False,
2933,0.0,0,0.0,1411584.8262695803,optimal,0.17065960000036284,False,
2934,0.0,0,0.0,1370761.1875222558,optimal,0.08222360000218032,False,
2935,0.0,0,0.0,1343820.9561949386,optimal,0.08121740000206046,False,
2936,0.0,0,0.0,1266451.6835024725,optimal,0.08279220000258647,False,
2937,0.0,0,0.0,1134066.1557300629,optimal,0.0840539999990142,False,
2938,0.0,0,0.0,1027549.7493961569,optimal,0.07757960000162711,False,
2939,0.0,0,0.0,927028.50674757,optimal,0.17348430000129156,False,
2940,0.0,0,0.0,850532.7345297133,optimal,0.08695129999978235,False,
2941,0.0,0,0.0,807777.6936977138,optimal,0.088092099998903,False,
2942,0.0,0,0.0,764827.0528657144,optimal,0.1687108000041917,False,
2943,0.0,0,0.0,721354.8120337146,optimal,0.09211250000225846,False,
2944,0.0,0,0.0,677034.971201715,optimal,0.08471179999469314,False,
2945,0.0,0,0.0,639321.8650940929,optimal,0.16707209999731276,False,
2946,0.0,0,0.0,615342.4495859446,optimal,0.17352260000188835,False,
2947,0.0,0,0.0,595884.0633560513,optimal,0.08416559999750461,False,
2948,0.0,0,0.0,593748.6275495396,optimal,0.08472140000230866,False,
2949,0.0,0,0.0,616382.4605159205,optimal,0.17575559999386314,False,
2950,0.0,0,0.0,601771.981333806,optimal,0.16685499999584863,False,
2951,0.0,0,0.0,601910.3039752741,optimal,0.08641109999734908,False,
2952,0.0,0,0.0,568336.5078611145,optimal,0.0931577000010293,False,
2953,0.0,0,0.0,546127.5497622235,optimal,0.1657892000002903,False,
2954,0.0,0,0.0,502989.4332775706,optimal,0.08960409999417607,False,
2955,0.0,0,0.0,469685.5489246126,optimal,0.0906258999966667,False,
2956,0.0,0,0.0,420721.9787282431,optimal,0.08606539999891538,False,
2957,0.0,0,0.0,434541.2675575927,optimal,0.08691729999554809,False,
2958,0.0,0,0.0,410688.9780599152,optimal,0.15701139999873703,False,
2959,0.0,0,0.0,365686.319746446,optimal,0.09083939999982249,False,
2960,0.0,0,0.0,307274.936896057,optimal,0.08976950000214856,False,
2961,0.0,0,0.0,230680.9663161945,optimal,0.17785249999724329,False,
2962,0.0,0,0.0,179063.425586425,optimal,0.09820960000070045,False,
2963,0.0,0,0.0,145709.19727007253,optimal,0.09111000000120839,False,
2964,0.0,0,0.0,104975.35643807227,optimal,0.09057629999733763,False,
2965,0.0,0,0.0,64958.715606072605,optimal,0.08824009999807458,False,
2966,0.0,0,0.0,25398.474774073213,optimal,0.08312989999831188,False,
2967,0.0,0,0.0,0.0,optimal,0.085077600000659,False,
2968,0.0,0,0.0,0.0,optimal,0.08764440000231843,False,
2969,0.0,0,0.0,0.0,optimal,0.08119209999858867,False,
2970,0.0,0,0.0,0.0,optimal,0.08009960000345018,False,
2971,0.0,0,0.0,0.0,optimal,0.08339479999995092,False,
2972,0.0,0,0.0,0.0,optimal,0.09554610000486718,False,
2973,0.0,0,0.0,0.0,optimal,0.08415909999894211,False,
2974,0.0,0,0.0,0.0,optimal,0.09229709999635816,False,
2975,0.0,0,0.0,0.0,optimal,0.10511520000000019,False,
2976,0.0,0,0.0,0.0,optimal,0.08626749999530148,False,
2977,0.0,0,0.0,0.0,optimal,0.10657240000000456,False,
2978,0.0,0,0.0,0.0,optimal,0.09452180000516819,False,
2979,0.0,0,0.0,20425.31865961115,optimal,0.08177520000026561,False,
2980,0.0,0,0.0,75112.3626120114,optimal,0.08682979999866802,False,
2981,0.0,0,0.0,128369.59035616466,optimal,0.0847658999991836,False,
2982,0.0,0,0.0,168091.06871296326,optimal,0.08394879999832483,False,
2983,0.0,0,0.0,185022.12935695515,optimal,0.08418759999767644,False,
2984,0.0,0,0.0,212165.706760234,optimal,0.08445509999728529,False,
2985,0.0,0,0.0,255979.03485808536,optimal,0.09391499999765074,False,
2986,0.0,0,0.0,258518.02709384708,optimal,0.09094950000144308,False,
2987,0.0,0,0.0,236782.66856540553,optimal,0.09024040000076639,False,
2988,0.0,0,0.0,204017.53528243204,optimal,0.09879130000626901,False,
2989,0.0,0,0.0,165696.09445043252,optimal,0.10623350000241771,False,
2990,0.0,0,0.0,127700.65361843238,optimal,0.0842938999994658,False,
2991,0.0,0,0.0,90726.1521407113,optimal,0.08986320000258274,False,
2992,0.0,0,0.0,63068.92328165217,optimal,0.09737180000229273,False,
2993,0.0,0,0.0,49419.93024485222,optimal,0.09142740000243066,False,
2994,0.0,0,0.0,42312.26233054253,optimal,0.0861293000052683,False,
2995,0.0,0,0.0,42935.48462923804,optimal,0.12222399999882327,False,
2996,0.0,0,0.0,37766.61652122195,optimal,0.10995579999871552,False,
2997,0.0,0,0.0,27410.827069300853,optimal,0.10636849999718834,False,
2998,0.0,0,0.0,26178.355984375252,optimal,0.09931689999939408,False,
2999,0.0,0,0.0,22415.63592452836,optimal,0.11667899999883957,False,
3000,0.0,0,0.0,37707.216890172764,optimal,0.1007508000038797,False,
3001,0.0,0,0.0,51814.466408885695,optimal,0.11598919999960344,False,
3002,0.0,0,0.0,62945.853298343165,optimal,0.11857639999652747,False,
3003,0.0,0,0.0,76092.67946605815,optimal,0.09700159999920288,False,
3004,0.0,0,0.0,123104.14137990444,optimal,0.09175749999849359,False,
3005,0.0,0,0.0,179446.86221190434,optimal,0.09017060000041965,False,
3006,0.0,0,0.0,245509.24854130333,optimal,0.10352559999591904,False,
3007,0.0,0,0.0,332459.38106250967,optimal,0.09301939999568276,False,
3008,0.0,0,0.0,409524.8985705985,optimal,0.09650099999998929,False,
3009,0.0,0,0.0,456223.34569784335,optimal,0.09180729999934556,False,
3010,0.0,0,0.0,468690.5158739042,optimal,0.0799168000012287,False,
3011,0.0,0,0.0,466699.18095480226,optimal,0.08304900000075577,False,
3012,0.0,0,0.0,437758.7808806918,optimal,0.08128679999936139,False,
3013,0.0,0,0.0,406338.12035773,optimal,0.08218800000031479,False,
3014,0.0,0,0.0,360308.9968766916,optimal,0.08408839999901829,False,
3015,0.0,0,0.0,276762.7481520109,optimal,0.09236519999831216,False,
3016,0.0,0,0.0,213882.66904864818,optimal,0.09581959999923129,False,
3017,0.0,0,0.0,181991.28605293226,optimal,0.08436649999930523,False,
3018,0.0,0,0.0,143060.44555751403,optimal,0.09173010000085924,False,
3019,0.0,0,0.0,114999.22455890916,optimal,0.08612060000450583,False,
3020,0.0,0,0.0,121827.93228345668,optimal,0.09220380000624573,False,
3021,0.0,0,0.0,128254.00822990369,optimal,0.08839509999961592,False,
3022,0.0,0,0.0,147620.70469785668,optimal,0.11378800000238698,False,
3023,0.0,0,0.0,178631.2776452053,optimal,0.0884038000003784,False,
3024,0.0,0,0.0,193920.48242290085,optimal,0.09443889999965904,False,
3025,0.0,0,0.0,218483.15011194054,optimal,0.10848429999896325,False,
3026,0.0,0,0.0,228181.21047785928,optimal,0.12976609999896027,False,
3027,0.0,0,0.0,223393.78265081593,optimal,0.11709790000168141,False,
3028,0.0,0,0.0,206159.75475566747,optimal,0.09566829999675974,False,
3029,0.0,0,0.0,205478.41475566677,optimal,0.08963429999857908,False,
3030,0.0,0,0.0,199654.95497351882,optimal,0.0840779999998631,False,
3031,0.0,0,0.0,192551.14389662058,optimal,0.10098149999976158,False,
3032,0.0,0,0.0,182236.5097569974,optimal,0.11637350000091828,False,
3033,0.0,0,0.0,168320.45301174847,optimal,0.11345159999473253,False,
3034,0.0,0,0.0,171143.00604110325,optimal,0.11238949999824399,False,
3035,0.0,0,0.0,183283.97711059856,optimal,0.12679919999936828,False,
3036,0.0,0,0.0,193429.97134453792,optimal,0.11763950000022305,False,
3037,0.0,0,0.0,199493.01032253206,optimal,0.12583710000035353,False,
3038,0.0,0,0.0,203078.14648460233,optimal,0.21405780000350205,False,
3039,0.0,0,0.0,221011.8361680608,optimal,0.10934030000498751,False,
3040,0.0,0,0.0,232704.31866930114,optimal,0.11908929999481188,False,
3041,0.0,0,0.0,247666.72879952707,optimal,0.11437770000338787,False,
3042,0.0,0,0.0,276822.3197356787,optimal,0.18352690000028815,False,
3043,0.0,0,0.0,330603.55968780635,optimal,0.10521790000348119,False,
3044,0.0,0,0.0,402397.5890459906,optimal,0.09434969999711029,False,
3045,0.0,0,0.0,456417.1776942669,optimal,0.09265600000071572,False,
3046,0.0,0,0.0,518824.2091266072,optimal,0.08497910000005504,False,
3047,0.0,0,0.0,509278.631607606,optimal,0.0956674999979441,False,
3048,0.0,0,0.0,482265.1626647651,optimal,0.08345729999564355,False,
3049,0.0,0,0.0,463013.6451435638,optimal,0.08329570000205422,False,
3050,0.0,0,0.0,450852.9240120377,optimal,0.07877069999813102,False,
3051,0.0,0,0.0,432329.6590345523,optimal,0.07640749999700347,False,
3052,0.0,0,0.0,401342.07927241304,optimal,0.17882219999592053,False,
3053,0.0,0,0.0,368240.0161916129,optimal,0.09136189999844646,False,
3054,0.0,0,0.0,343921.5846685102,optimal,0.08760379999876022,False,
3055,0.0,0,0.0,336739.34461214097,optimal,0.1841262999951141,False,
3056,0.0,0,0.0,320794.75084815925,optimal,0.11002690000168514,False,
3057,0.0,0,0.0,305131.7429970203,optimal,0.10778859999845736,False,
3058,0.0,0,0.0,288867.5849717708,optimal,0.16596069999650354,False,
3059,0.0,0,0.0,274738.68863897055,optimal,0.10801139999966836,False,
3060,0.0,0,0.0,260766.27230617168,optimal,0.18241690000286326,False,
3061,0.0,0,0.0,251493.9799629127,optimal,0.08722690000286093,False,
3062,0.0,0,0.0,252172.05996291302,optimal,0.08739550000609597,False,
3063,0.0,0,0.0,252771.89996291272,optimal,0.18349419999867678,False,
3064,0.0,0,0.0,254455.79455710077,optimal,0.08608030000323197,False,
3065,0.0,0,0.0,265853.85272336344,optimal,0.08594979999907082,False,
3066,0.0,0,0.0,272782.67573933443,optimal,0.08941849999973783,False,
3067,0.0,0,0.0,270203.7687511548,optimal,0.18586550000327406,False,
3068,0.0,0,0.0,259550.25215323953,optimal,0.18653310000081547,False,
3069,0.0,0,0.0,236548.57818500348,optimal,0.11006249999627471,False,
3070,0.0,0,0.0,209317.86635244187,optimal,0.10794460000033723,False,
3071,0.0,0,0.0,185065.73552494176,optimal,0.1833790999953635,False,
3072,0.0,0,0.0,181653.19722400067,optimal,0.09302739999839105,False,
3073,0.0,0,0.0,181231.55759851346,optimal,0.0948941000024206,False,
3074,0.0,0,0.0,188606.98159851378,optimal,0.16901789999974426,False,
3075,0.0,0,0.0,197792.36647761316,optimal,0.08890450000035344,False,
3076,0.0,0,0.0,215423.4712716176,optimal,0.08886170000187121,False,
3077,0.0,0,0.0,233157.87127161742,optimal,0.08592900000076042,False,
3078,0.0,0,0.0,247280.38574612443,optimal,0.09585649999644374,False,
3079,0.0,0,0.0,260528.8290291307,optimal,0.0958392000029562,False,
3080,0.0,0,0.0,267450.376321064,optimal,0.07928550000360701,False,
3081,0.0,0,0.0,244239.8051174796,optimal,0.17998030000308063,False,
3082,0.0,0,0.0,207219.448736245,optimal,0.10399719999986701,False,
3083,0.0,0,0.0,166406.93052830128,optimal,0.11124220000056084,False,
3084,0.0,0,0.0,124452.66052172426,optimal,0.09275060000072699,False,
3085,0.0,0,0.0,81850.36070964017,optimal,0.09859749999304768,False,
3086,0.0,0,0.0,33824.82513397053,optimal,0.1803488000005018,False,
3087,0.0,0,0.0,0.0,optimal,0.0910851000007824,False,
3088,0.0,0,0.0,0.0,optimal,0.18718839999928605,False,
3089,0.0,0,0.0,0.0,optimal,0.08784079999895766,False,
3090,0.0,0,0.0,0.0,optimal,0.08847989999776473,False,
3091,0.0,0,0.0,0.0,optimal,0.10702139999921201,False,
3092,0.0,0,0.0,0.0,optimal,0.20811659999890253,False,
3093,0.0,0,0.0,0.0,optimal,0.19579320000048028,False,
3094,0.0,0,0.0,0.0,optimal,0.0945209999990766,False,
3095,0.0,0,0.0,0.0,optimal,0.09993109999777516,False,
3096,0.0,0,0.0,0.0,optimal,0.18976910000492353,False,
3097,0.0,0,0.0,0.0,optimal,0.10032309999951394,False,
3098,0.0,0,0.0,0.0,optimal,0.1696049000020139,False,
3099,0.0,0,0.0,0.0,optimal,0.11468089999834774,False,
3100,0.0,0,0.0,0.0,optimal,0.1694294000044465,False,
3101,0.0,0,0.0,0.0,optimal,0.08915369999886025,False,
3102,0.0,0,0.0,0.0,optimal,0.09302860000025248,False,
3103,0.0,0,0.0,0.0,optimal,0.10264279999682913,False,
3104,0.0,0,0.0,0.0,optimal,0.09252700000070035,False,
3105,0.0,0,0.0,0.0,optimal,0.18663720000040485,False,
3106,0.0,0,0.0,0.0,optimal,0.08615850000205683,False,
3107,0.0,0,0.0,0.0,optimal,0.10555800000292948,False,
3108,0.0,0,0.0,0.0,optimal,0.18698489999951562,False,
3109,0.0,0,0.0,0.0,optimal,0.09085739999864018,False,
3110,0.0,0,0.0,0.0,optimal,0.08739610000338871,False,
3111,0.0,0,0.0,0.0,optimal,0.08864259999973001,False,
3112,0.0,0,0.0,0.0,optimal,0.08576990000437945,False,
3113,0.0,0,0.0,0.0,optimal,0.09489160000521224,False,
3114,0.0,0,0.0,0.0,optimal,0.08810979999543633,False,
3115,0.0,0,0.0,0.0,optimal,0.08863320000091335,False,
3116,0.0,0,0.0,0.0,optimal,0.09179949999816017,False,
3117,0.0,0,0.0,0.0,optimal,0.08461919999535894,False,
3118,0.0,0,0.0,0.0,optimal,0.08376639999914914,False,
3119,0.0,0,0.0,0.0,optimal,0.08585080000193557,False,
3120,0.0,0,0.0,0.0,optimal,0.08329459999367828,False,
3121,0.0,0,0.0,0.0,optimal,0.08519949999754317,False,
3122,0.0,0,0.0,0.0,optimal,0.082491499997559,False,
3123,0.0,0,0.0,0.0,optimal,0.10777090000192402,False,
3124,0.0,0,0.0,0.0,optimal,0.10177609999664128,False,
3125,0.0,0,0.0,0.0,optimal,0.10536809999757679,False,
3126,0.0,0,0.0,0.0,optimal,0.10553739999886602,False,
3127,0.0,0,0.0,0.0,optimal,0.11475179999979446,False,
3128,0.0,0,0.0,0.0,optimal,0.11130550000234507,False,
3129,0.0,0,0.0,0.0,optimal,0.10013310000067577,False,
3130,0.0,0,0.0,0.0,optimal,0.11959850000130245,False,
3131,0.0,0,0.0,0.0,optimal,0.11619490000157384,False,
3132,0.0,0,0.0,0.0,optimal,0.11113759999716422,False,
3133,0.0,0,0.0,0.0,optimal,0.10010479999618838,False,
3134,0.0,0,0.0,0.0,optimal,0.11495019999711076,False,
3135,0.0,0,0.0,0.0,optimal,0.11194550000072923,False,
3136,0.0,0,0.0,0.0,optimal,0.12057050000294112,False,
3137,0.0,0,0.0,0.0,optimal,0.1115635000023758,False,
3138,0.0,0,0.0,0.0,optimal,0.1178686999992351,False,
3139,0.0,0,0.0,0.0,optimal,0.10125970000080997,False,
3140,0.0,0,0.0,0.0,optimal,0.12394779999885941,False,
3141,0.0,0,0.0,0.0,optimal,0.0975246000016341,False,
3142,0.0,0,0.0,0.0,optimal,0.10203619999811053,False,
3143,0.0,0,0.0,0.0,optimal,0.08991710000555031,False,
3144,0.0,0,0.0,0.0,optimal,0.10028350000357023,False,
3145,0.0,0,0.0,4264.74853156681,optimal,0.09886550000373973,False,
3146,0.0,0,0.0,10990.585725942241,optimal,0.10058810000191443,False,
3147,0.0,0,0.0,0.0,optimal,0.08702820000326028,False,
3148,0.0,0,0.0,0.0,optimal,0.0996311000053538,False,
3149,0.0,0,0.0,3986.544182433966,optimal,0.09117750000586966,False,
3150,0.0,0,0.0,15156.344858968208,optimal,0.08093960000405787,False,
3151,0.0,0,0.0,29280.639678034964,optimal,0.0996856999990996,False,
3152,0.0,0,0.0,41072.87761255662,optimal,0.12660789999790723,False,
3153,0.0,0,0.0,36435.18409876596,optimal,0.12322619999758899,False,
3154,0.0,0,0.0,4002.3570281228695,optimal,0.10844820000056643,False,
3155,0.0,0,0.0,0.0,optimal,0.12440849999984493,False,
3156,0.0,0,0.0,0.0,optimal,0.12889239999640267,False,
3157,0.0,0,0.0,0.0,optimal,0.15127019999636104,False,
3158,0.0,0,0.0,0.0,optimal,0.13583409999409923,False,
3159,0.0,0,0.0,0.0,optimal,0.1118720000013127,False,
3160,0.0,0,0.0,0.0,optimal,0.10172449999663513,False,
3161,0.0,0,0.0,0.0,optimal,0.12329690000478877,False,
3162,0.0,0,0.0,0.0,optimal,0.11016760000347858,False,
3163,0.0,0,0.0,0.0,optimal,0.12159809999866411,False,
3164,0.0,0,0.0,0.0,optimal,0.13662460000341525,False,
3165,0.0,0,0.0,0.0,optimal,0.2397523000036017,False,
3166,0.0,0,0.0,0.0,optimal,0.18053069999587024,False,
3167,0.0,0,0.0,0.0,optimal,0.1883428000001004,False,
3168,0.0,0,0.0,0.0,optimal,0.38692149999405956,False,
3169,0.0,0,0.0,0.0,optimal,0.13117829999828245,False,
3170,0.0,0,0.0,0.0,optimal,0.15401249999558786,False,
3171,0.0,0,0.0,0.0,optimal,0.20655590000387747,False,
3172,0.0,0,0.0,0.0,optimal,0.3173177000062424,False,
3173,0.0,0,0.0,0.0,optimal,0.32491809999919496,False,
3174,0.0,0,0.0,0.0,optimal,0.2670203000016045,False,
3175,0.0,0,0.0,28.496488581071347,optimal,0.19790289999946253,False,
3176,0.0,0,0.0,7643.6822299221985,optimal,0.13123950000590412,False,
3177,0.0,0,0.0,1900.3294059828959,optimal,0.25245250000443775,False,
3178,0.0,0,0.0,0.0,optimal,0.18397420000110287,False,
3179,0.0,0,0.0,0.0,optimal,0.12651289999485016,False,
3180,0.0,0,0.0,0.0,optimal,0.13483180000184802,False,
3181,0.0,0,0.0,0.0,optimal,0.12462109999614768,False,
3182,0.0,0,0.0,0.0,optimal,0.27492139999958454,False,
3183,0.0,0,0.0,0.0,optimal,0.1670821999941836,False,
3184,0.0,0,0.0,0.0,optimal,0.258458199998131,False,
3185,0.0,0,0.0,0.0,optimal,0.15481949999957578,False,
3186,0.0,0,0.0,0.0,optimal,0.13321110000106273,False,
3187,0.0,0,0.0,0.0,optimal,0.12464560000080382,False,
3188,0.0,0,0.0,0.0,optimal,0.26462310000351863,False,
3189,0.0,0,0.0,0.0,optimal,0.23337239999818848,False,
3190,0.0,0,0.0,0.0,optimal,0.16669069999625208,False,
3191,0.0,0,0.0,0.0,optimal,0.15396440000040457,False,
3192,0.0,0,0.0,0.0,optimal,0.12326200000097742,False,
3193,0.0,0,0.0,0.0,optimal,0.2724443000042811,False,
3194,0.0,0,0.0,0.0,optimal,0.1407411999971373,False,
3195,0.0,0,0.0,0.0,optimal,0.13806789999944158,False,
3196,0.0,0,0.0,0.0,optimal,0.2238022000019555,False,
3197,0.0,0,0.0,0.0,optimal,0.29189359999872977,False,
3198,0.0,0,0.0,0.0,optimal,0.10730730000068434,False,
3199,0.0,0,0.0,0.0,optimal,0.15385560000140686,False,
3200,0.0,0,0.0,0.0,optimal,0.150638599996455,False,
3201,0.0,0,0.0,0.0,optimal,0.24596339999698102,False,
3202,0.0,0,0.0,0.0,optimal,0.1440400999999838,False,
3203,0.0,0,0.0,0.0,optimal,0.1430560000007972,False,
3204,0.0,0,0.0,0.0,optimal,0.1480306000012206,False,
3205,0.0,0,0.0,0.0,optimal,0.11964449999504723,False,
3206,0.0,0,0.0,0.0,optimal,0.1928604999993695,False,
3207,0.0,0,0.0,0.0,optimal,0.10056620000250405,False,
3208,0.0,0,0.0,0.0,optimal,0.088351699996565,False,
3209,0.0,0,0.0,0.0,optimal,0.08922809999785386,False,
3210,0.0,0,0.0,0.0,optimal,0.17566799999622162,False,
3211,0.0,0,0.0,0.0,optimal,0.08647199999541044,False,
3212,0.0,0,0.0,0.0,optimal,0.08457540000381414,False,
3213,0.0,0,0.0,0.0,optimal,0.0864953999989666,False,
3214,0.0,0,0.0,0.0,optimal,0.16818149999744492,False,
3215,0.0,0,0.0,0.0,optimal,0.08662360000016633,False,
3216,0.0,0,0.0,0.0,optimal,0.08506569999735802,False,
3217,0.0,0,0.0,0.0,optimal,0.16659359999903245,False,
3218,0.0,0,0.0,0.0,optimal,0.07599240000126883,False,
3219,0.0,0,0.0,0.0,optimal,0.17506809999758843,False,
3220,0.0,0,0.0,0.0,optimal,0.08639340000081575,False,
3221,0.0,0,0.0,0.0,optimal,0.08813350000127684,False,
3222,0.0,0,0.0,0.0,optimal,0.17690090000542114,False,
3223,0.0,0,0.0,0.0,optimal,0.18043279999983497,False,
3224,0.0,0,0.0,0.0,optimal,0.08704569999827072,False,
3225,0.0,0,0.0,0.0,optimal,0.1811900999964564,False,
3226,0.0,0,0.0,0.0,optimal,0.08693910000147298,False,
3227,0.0,0,0.0,0.0,optimal,0.08831549999740673,False,
3228,0.0,0,0.0,0.0,optimal,0.0859675999963656,False,
3229,0.0,0,0.0,0.0,optimal,0.18191680000018096,False,
3230,0.0,0,0.0,0.0,optimal,0.08934639999642968,False,
3231,0.0,0,0.0,0.0,optimal,0.0864921000029426,False,
3232,0.0,0,0.0,0.0,optimal,0.08678869999857852,False,
3233,0.0,0,0.0,0.0,optimal,0.09003870000015013,False,
3234,0.0,0,0.0,0.0,optimal,0.0898656999997911,False,
3235,0.0,0,0.0,0.0,optimal,0.1764915999956429,False,
3236,0.0,0,0.0,0.0,optimal,0.08646030000090832,False,
3237,0.0,0,0.0,0.0,optimal,0.09501789999922039,False,
3238,0.0,0,0.0,0.0,optimal,0.09344740000233287,False,
3239,0.0,0,0.0,0.0,optimal,0.09234099999594036,False,
3240,0.0,0,0.0,0.0,optimal,0.09047889999783365,False,
3241,0.0,0,0.0,0.0,optimal,0.0869038000018918,False,
3242,0.0,0,0.0,0.0,optimal,0.08719710000150371,False,
3243,0.0,0,0.0,0.0,optimal,0.0844682000024477,False,
3244,0.0,0,0.0,0.0,optimal,0.08338720000028843,False,
3245,0.0,0,0.0,11986.295043016991,optimal,0.08434420000412501,False,
3246,0.0,0,0.0,61850.85785864706,optimal,0.0842625999939628,False,
3247,0.0,0,0.0,105658.9341769752,optimal,0.08860749999439577,False,
3248,0.0,0,0.0,140312.98139142958,optimal,0.0846769999989192,False,
3249,0.0,0,0.0,158428.06056224657,optimal,0.08597019999433542,False,
3250,0.0,0,0.0,135301.0144400633,optimal,0.08702089999860618,False,
3251,0.0,0,0.0,102530.4298680303,optimal,0.08579190000455128,False,
3252,0.0,0,0.0,66509.99773769175,optimal,0.08463409999967553,False,
3253,0.0,0,0.0,34379.82217274905,optimal,0.09023660000093514,False,
3254,0.0,0,0.0,11507.693315060067,optimal,0.08863120000023628,False,
3255,0.0,0,0.0,0.0,optimal,0.08486629999970319,False,
3256,0.0,0,0.0,0.0,optimal,0.08499639999354258,False,
3257,0.0,0,0.0,0.0,optimal,0.08428360000107205,False,
3258,0.0,0,0.0,0.0,optimal,0.08409569999639643,False,
3259,0.0,0,0.0,0.0,optimal,0.08427780000056373,False,
3260,0.0,0,0.0,0.0,optimal,0.08586330000252929,False,
3261,0.0,0,0.0,0.0,optimal,0.08519559999695048,False,
3262,0.0,0,0.0,0.0,optimal,0.08704830000351649,False,
3263,0.0,0,0.0,0.0,optimal,0.08607779999874765,False,
3264,0.0,0,0.0,0.0,optimal,0.08802760000253329,False,
3265,0.0,0,0.0,0.0,optimal,0.09159850000287406,False,
3266,0.0,0,0.0,8333.005135486797,optimal,0.08618130000104429,False,
3267,0.0,0,0.0,35611.333430219114,optimal,0.08799260000523645,False,
3268,0.0,0,0.0,49384.15633110412,optimal,0.08711709999624873,False,
3269,0.0,0,0.0,51779.97525402587,optimal,0.0843174000037834,False,
3270,0.0,0,0.0,51849.168053788366,optimal,0.08439540000108536,False,
3271,0.0,0,0.0,47523.74934311792,optimal,0.08389290000195615,False,
3272,0.0,0,0.0,46189.99870365485,optimal,0.08360359999642242,False,
3273,0.0,0,0.0,32237.04124362009,optimal,0.08383540000068024,False,
3274,0.0,0,0.0,8384.364283005958,optimal,0.08354149999649962,False,
3275,0.0,0,0.0,0.0,optimal,0.08407909999368712,False,
3276,0.0,0,0.0,0.0,optimal,0.08244350000313716,False,
3277,0.0,0,0.0,0.0,optimal,0.08185299999604467,False,
3278,0.0,0,0.0,0.0,optimal,0.08188950000476325,False,
3279,0.0,0,0.0,0.0,optimal,0.08395629999722587,False,
3280,0.0,0,0.0,0.0,optimal,0.08729290000337642,False,
3281,0.0,0,0.0,0.0,optimal,0.0815470000015921,False,
3282,0.0,0,0.0,0.0,optimal,0.08631900000182213,False,
3283,0.0,0,0.0,0.0,optimal,0.08584050000354182,False,
3284,0.0,0,0.0,0.0,optimal,0.08219960000133142,False,
3285,0.0,0,0.0,0.0,optimal,0.08431689999997616,False,
3286,0.0,0,0.0,0.0,optimal,0.08489089999784483,False,
3287,0.0,0,0.0,0.0,optimal,0.08382239999627927,False,
3288,0.0,0,0.0,0.0,optimal,0.08330510000087088,False,
3289,0.0,0,0.0,0.0,optimal,0.08270830000401475,False,
3290,0.0,0,0.0,0.0,optimal,0.08354840000538388,False,
3291,0.0,0,0.0,0.0,optimal,0.07778130000224337,False,
3292,0.0,0,0.0,0.0,optimal,0.08257020000019111,False,
3293,0.0,0,0.0,0.0,optimal,0.08332970000628848,False,
3294,0.0,0,0.0,0.0,optimal,0.07939800000167452,False,
3295,0.0,0,0.0,0.0,optimal,0.07978439999715192,False,
3296,0.0,0,0.0,0.0,optimal,0.08712530000047991,False,
3297,0.0,0,0.0,0.0,optimal,0.08672939999814844,False,
3298,0.0,0,0.0,0.0,optimal,0.08160510000016075,False,
3299,0.0,0,0.0,0.0,optimal,0.08214120000047842,False,
3300,0.0,0,0.0,0.0,optimal,0.08329419999790844,False,
3301,0.0,0,0.0,0.0,optimal,0.0808206000001519,False,
3302,0.0,0,0.0,0.0,optimal,0.08428789999743458,False,
3303,0.0,0,0.0,0.0,optimal,0.08341790000122273,False,
3304,0.0,0,0.0,0.0,optimal,0.08110909999959404,False,
3305,0.0,0,0.0,0.0,optimal,0.08312139999907231,False,
3306,0.0,0,0.0,0.0,optimal,0.07784900000115158,False,
3307,0.0,0,0.0,0.0,optimal,0.0788449000028777,False,
3308,0.0,0,0.0,0.0,optimal,0.07831879999866942,False,
3309,0.0,0,0.0,0.0,optimal,0.08024740000109887,False,
3310,0.0,0,0.0,0.0,optimal,0.08337049999681767,False,
3311,0.0,0,0.0,0.0,optimal,0.16708170000492828,False,
3312,0.0,0,0.0,0.0,optimal,0.08170200000313343,False,
3313,0.0,0,0.0,0.0,optimal,0.08520580000185873,False,
3314,0.0,0,0.0,0.0,optimal,0.08479900000384077,False,
3315,0.0,0,0.0,0.0,optimal,0.08416130000114208,False,
3316,0.0,0,0.0,0.0,optimal,0.08997680000175023,False,
3317,0.0,0,0.0,0.0,optimal,0.17225409999809926,False,
3318,0.0,0,0.0,0.0,optimal,0.08383540000068024,False,
3319,0.0,0,0.0,0.0,optimal,0.0919313999984297,False,
3320,0.0,0,0.0,0.0,optimal,0.08444310000049882,False,
3321,0.0,0,0.0,0.0,optimal,0.08454850000271108,False,
3322,0.0,0,0.0,0.0,optimal,0.08293540000158828,False,
3323,0.0,0,0.0,0.0,optimal,0.1738372000036179,False,
3324,0.0,0,0.0,0.0,optimal,0.08531500000390224,False,
3325,0.0,0,0.0,0.0,optimal,0.08419929999945452,False,
3326,0.0,0,0.0,0.0,optimal,0.08484680000401568,False,
3327,0.0,0,0.0,0.0,optimal,0.0849646999995457,False,
3328,0.0,0,0.0,0.0,optimal,0.0852902999977232,False,
3329,0.0,0,0.0,0.0,optimal,0.1807526999982656,False,
3330,0.0,0,0.0,0.0,optimal,0.08680469999671914,False,
3331,0.0,0,0.0,0.0,optimal,0.1683623000062653,False,
3332,0.0,0,0.0,0.0,optimal,0.1048748000030173,False,
3333,0.0,0,0.0,0.0,optimal,0.09535399999731453,False,
3334,0.0,0,0.0,0.0,optimal,0.18506560000241734,False,
3335,0.0,0,0.0,0.0,optimal,0.09617219999927329,False,
3336,0.0,0,0.0,0.0,optimal,0.1729341000027489,False,
3337,0.0,0,0.0,0.0,optimal,0.08347769999818411,False,
3338,0.0,0,0.0,0.0,optimal,0.08286130000487901,False,
3339,0.0,0,0.0,0.0,optimal,0.1724804999976186,False,
3340,0.0,0,0.0,0.0,optimal,0.08184840000467375,False,
3341,0.0,0,0.0,0.0,optimal,0.08493849999649683,False,
3342,0.0,0,0.0,0.0,optimal,0.17351179999968736,False,
3343,0.0,0,0.0,0.0,optimal,0.09210629999870434,False,
3344,0.0,0,0.0,0.0,optimal,0.08034610000322573,False,
3345,0.0,0,0.0,0.0,optimal,0.1778513000026578,False,
3346,0.0,0,0.0,0.0,optimal,0.08510620000015479,False,
3347,0.0,0,0.0,0.0,optimal,0.08736389999830863,False,
3348,0.0,0,0.0,0.0,optimal,0.17707330000121146,False,
3349,0.0,0,0.0,0.0,optimal,0.08838939999986906,False,
3350,0.0,0,0.0,0.0,optimal,0.08835340000223368,False,
3351,0.0,0,0.0,0.0,optimal,0.09570299999904819,False,
3352,0.0,0,0.0,0.0,optimal,0.09950479999679374,False,
3353,0.0,0,0.0,0.0,optimal,0.15724540000519482,False,
3354,0.0,0,0.0,0.0,optimal,0.08986839999852236,False,
3355,0.0,0,0.0,0.0,optimal,0.08864850000099977,False,
3356,0.0,0,0.0,0.0,optimal,0.08144419999734964,False,
3357,0.0,0,0.0,0.0,optimal,0.08771120000164956,False,
3358,0.0,0,0.0,0.0,optimal,0.17338930000551045,False,
3359,0.0,0,0.0,0.0,optimal,0.08379529999365332,False,
3360,0.0,0,0.0,0.0,optimal,0.164568699998199,False,
3361,0.0,0,0.0,0.0,optimal,0.09153890000015963,False,
3362,0.0,0,0.0,0.0,optimal,0.087561000000278,False,
3363,0.0,0,0.0,0.0,optimal,0.08388009999907808,False,
3364,0.0,0,0.0,0.0,optimal,0.17053959999611834,False,
3365,0.0,0,0.0,0.0,optimal,0.08947619999526069,False,
3366,0.0,0,0.0,0.0,optimal,0.1742212000026484,False,
3367,0.0,0,0.0,0.0,optimal,0.08958459999848856,False,
3368,0.0,0,0.0,20489.93606407554,optimal,0.09684160000324482,False,
3369,0.0,0,0.0,35845.057069034396,optimal,0.17233520000445424,False,
3370,0.0,0,0.0,48865.17582706947,optimal,0.19274199999927077,False,
3371,0.0,0,0.0,60214.61621778929,optimal,0.09351120000064839,False,
3372,0.0,0,0.0,65982.59104944734,optimal,0.09547619999648305,False,
3373,0.0,0,0.0,70894.18716115653,optimal,0.1724493999936385,False,
3374,0.0,0,0.0,82689.19359251946,optimal,0.08748400000331458,False,
3375,0.0,0,0.0,96232.7406030759,optimal,0.0882398000030662,False,
3376,0.0,0,0.0,101640.91977518347,optimal,0.09196669999801088,False,
3377,0.0,0,0.0,113765.85044276062,optimal,0.17535259999567643,False,
3378,0.0,0,0.0,124881.64522495629,optimal,0.09266260000003967,False,
3379,0.0,0,0.0,142631.03208257194,optimal,0.09087089999957243,False,
3380,0.0,0,0.0,161723.25237115248,optimal,0.09244980000221403,False,
3381,0.0,0,0.0,167039.3530623474,optimal,0.08451419999619247,False,
3382,0.0,0,0.0,162735.54166236694,optimal,0.08323050000035437,False,
3383,0.0,0,0.0,168271.0746306703,optimal,0.08246780000627041,False,
3384,0.0,0,0.0,171655.1888750814,optimal,0.17422930000611814,False,
3385,0.0,0,0.0,184268.0083744359,optimal,0.08523800000693882,False,
3386,0.0,0,0.0,192496.6919499929,optimal,0.08441160000074888,False,
3387,0.0,0,0.0,195809.49758550132,optimal,0.09234899999864865,False,
3388,0.0,0,0.0,200983.3423030794,optimal,0.0884518000020762,False,
3389,0.0,0,0.0,213396.8942174585,optimal,0.08992500000022119,False,
3390,0.0,0,0.0,222039.0391476566,optimal,0.08358340000268072,False,
3391,0.0,0,0.0,221466.1668456891,optimal,0.08586410000134492,False,
3392,0.0,0,0.0,210037.67949954618,optimal,0.0872732999996515,False,
3393,0.0,0,0.0,183079.7200419875,optimal,0.08861609999439679,False,
3394,0.0,0,0.0,154884.2684896516,optimal,0.08608019999519456,False,
3395,0.0,0,0.0,122866.66808694588,optimal,0.08682670000416692,False,
3396,0.0,0,0.0,89373.15093091028,optimal,0.08240310000110185,False,
3397,0.0,0,0.0,74845.79045268493,optimal,0.082018799999787,False,
3398,0.0,0,0.0,49005.00120370044,optimal,0.08622340000147233,False,
3399,0.0,0,0.0,36012.037910624895,optimal,0.08669229999941308,False,
3400,0.0,0,0.0,32842.85798961642,optimal,0.08908229999360628,False,
3401,0.0,0,0.0,33485.38705230945,optimal,0.08486249999987194,False,
3402,0.0,0,0.0,35048.43290639062,optimal,0.08496319999539992,False,
3403,0.0,0,0.0,40226.21187504689,optimal,0.08764760000485694,False,
3404,0.0,0,0.0,46523.908589782906,optimal,0.08896710000408348,False,
3405,0.0,0,0.0,60551.892397887925,optimal,0.08749030000035418,False,
3406,0.0,0,0.0,70482.54571246885,optimal,0.08295000000362052,False,
3407,0.0,0,0.0,81721.53554368828,optimal,0.08617300000332762,False,
3408,0.0,0,0.0,105576.5085573858,optimal,0.08838749999995343,False,
3409,0.0,0,0.0,121313.2820874008,optimal,0.08518659999390366,False,
3410,0.0,0,0.0,139412.8078882125,optimal,0.08033539999451023,False,
3411,0.0,0,0.0,155815.0827094085,optimal,0.08654729999398114,False,
3412,0.0,0,0.0,172584.37339393666,optimal,0.08528530000330647,False,
3413,0.0,0,0.0,189065.5676122844,optimal,0.08796959999745013,False,
3414,0.0,0,0.0,202106.43008518685,optimal,0.08686370000214083,False,
3415,0.0,0,0.0,205059.79924978284,optimal,0.08495609999954468,False,
3416,0.0,0,0.0,193108.90828582086,optimal,0.08212379999895347,False,
3417,0.0,0,0.0,164265.36023156633,optimal,0.08432310000353027,False,
3418,0.0,0,0.0,123677.2364294976,optimal,0.08492419999674894,False,
3419,0.0,0,0.0,76679.38301024034,optimal,0.08599540000432171,False,
3420,0.0,0,0.0,32550.301070090674,optimal,0.0854747999983374,False,
3421,0.0,0,0.0,0.0,optimal,0.08573299999989104,False,
3422,0.0,0,0.0,0.0,optimal,0.08622279999690363,False,
3423,0.0,0,0.0,0.0,optimal,0.08491550000326242,False,
3424,0.0,0,0.0,0.0,optimal,0.08536079999612411,False,
3425,0.0,0,0.0,0.0,optimal,0.08328620000247611,False,
3426,0.0,0,0.0,0.0,optimal,0.08156810000218684,False,
3427,0.0,0,0.0,0.0,optimal,0.08530720000271685,False,
3428,0.0,0,0.0,0.0,optimal,0.08246040000085486,False,
3429,0.0,0,0.0,0.0,optimal,0.0845262000002549,False,
3430,0.0,0,0.0,0.0,optimal,0.08620669999800157,False,
3431,0.0,0,0.0,0.0,optimal,0.08341050000308314,False,
3432,0.0,0,0.0,0.0,optimal,0.08460270000068704,False,
3433,0.0,0,0.0,0.0,optimal,0.08422710000013467,False,
3434,0.0,0,0.0,0.0,optimal,0.08363169999938691,False,
3435,0.0,0,0.0,0.0,optimal,0.08474679999926593,False,
3436,0.0,0,0.0,0.0,optimal,0.07882180000160588,False,
3437,0.0,0,0.0,0.0,optimal,0.17242530000658007,False,
3438,0.0,0,0.0,27299.156488889916,optimal,0.08403479999833507,False,
3439,0.0,0,0.0,44714.74133999331,optimal,0.08289379999769153,False,
3440,0.0,0,0.0,60296.06062367295,optimal,0.08679639999900246,False,
3441,0.0,0,0.0,69111.64521905805,optimal,0.08620189999783179,False,
3442,0.0,0,0.0,70192.40327633217,optimal,0.1762661000029766,False,
3443,0.0,0,0.0,69320.26243626901,optimal,0.08517250000295462,False,
3444,0.0,0,0.0,60370.168691687635,optimal,0.08200840000063181,False,
3445,0.0,0,0.0,61954.42145743711,optimal,0.08813780000491533,False,
3446,0.0,0,0.0,58728.00387298845,optimal,0.08328480000636773,False,
3447,0.0,0,0.0,57417.88803705408,optimal,0.08680350000213366,False,
3448,0.0,0,0.0,42616.222846508135,optimal,0.0851357999999891,False,
3449,0.0,0,0.0,30656.90694041051,optimal,0.16745110000192653,False,
3450,0.0,0,0.0,21378.565214474198,optimal,0.09048869999969611,False,
3451,0.0,0,0.0,13157.823415238236,optimal,0.08578850000048988,False,
3452,0.0,0,0.0,3945.0550197609255,optimal,0.08630149999953574,False,
3453,0.0,0,0.0,3075.036629623806,optimal,0.08507570000074338,False,
3454,0.0,0,0.0,11349.388005744997,optimal,0.08578410000336589,False,
3455,0.0,0,0.0,5493.54682330859,optimal,0.16145390000019688,False,
3456,0.0,0,0.0,4282.593592016687,optimal,0.08382879999408033,False,
3457,0.0,0,0.0,5659.526153925429,optimal,0.16751039999508066,False,
3458,0.0,0,0.0,0.0,optimal,0.08244360000389861,False,
3459,0.0,0,0.0,0.0,optimal,0.08575809999456396,False,
3460,0.0,0,0.0,0.0,optimal,0.17125270000542514,False,
3461,0.0,0,0.0,0.0,optimal,0.08201739999640267,False,
3462,0.0,0,0.0,0.0,optimal,0.16269119999924442,False,
3463,0.0,0,0.0,0.0,optimal,0.08234320000337902,False,
3464,0.0,0,0.0,0.0,optimal,0.08067839999421267,False,
3465,0.0,0,0.0,1660.6486172420857,optimal,0.1699841000008746,False,
3466,0.0,0,0.0,4664.6760783413,optimal,0.0793069999999716,False,
3467,0.0,0,0.0,2082.7560783404774,optimal,0.07810600000084378,False,
3468,0.0,0,0.0,0.0,optimal,0.1620416000005207,False,
3469,0.0,0,0.0,0.0,optimal,0.07932699999946635,False,
3470,0.0,0,0.0,0.0,optimal,0.08131120000325609,False,
3471,0.0,0,0.0,0.0,optimal,0.16213150000112364,False,
3472,0.0,0,0.0,0.0,optimal,0.080971800001862,False,
3473,0.0,0,0.0,0.0,optimal,0.08315580000635237,False,
3474,0.0,0,0.0,4100.34892261828,optimal,0.1625659999990603,False,
3475,0.0,0,0.0,20838.980300125237,optimal,0.08026609999797074,False,
3476,0.0,0,0.0,29627.931841066173,optimal,0.08002879999548895,False,
3477,0.0,0,0.0,21691.098803578265,optimal,0.08714229999895906,False,
3478,0.0,0,0.0,10807.074630687766,optimal,0.09230359999492066,False,
3479,0.0,0,0.0,0.0,optimal,0.17788060000020778,False,
3480,0.0,0,0.0,0.0,optimal,0.08828649999486515,False,
3481,0.0,0,0.0,0.0,optimal,0.09434440000040922,False,
3482,0.0,0,0.0,0.0,optimal,0.10011639999720501,False,
3483,0.0,0,0.0,0.0,optimal,0.10144869999930961,False,
3484,0.0,0,0.0,0.0,optimal,0.22651309999491787,False,
3485,0.0,0,0.0,0.0,optimal,0.13009469999815337,False,
3486,0.0,0,0.0,0.0,optimal,0.13050590000057127,False,
3487,0.0,0,0.0,0.0,optimal,0.2157747000019299,False,
3488,0.0,0,0.0,0.0,optimal,0.12736920000315877,False,
3489,0.0,0,0.0,0.0,optimal,0.20543910000560572,False,
3490,0.0,0,0.0,0.0,optimal,0.12183830000140006,False,
3491,0.0,0,0.0,0.0,optimal,0.1176264000023366,False,
3492,0.0,0,0.0,0.0,optimal,0.2052040000053239,False,
3493,0.0,0,0.0,0.0,optimal,0.12367919999815058,False,
3494,0.0,0,0.0,0.0,optimal,0.10939289999805624,False,
3495,0.0,0,0.0,0.0,optimal,0.19915559999935795,False,
3496,0.0,0,0.0,0.0,optimal,0.22250589999748627,False,
3497,0.0,0,0.0,0.0,optimal,0.1057814999949187,False,
3498,0.0,0,0.0,0.0,optimal,0.19402489999629324,False,
3499,0.0,0,0.0,0.0,optimal,0.09919619999709539,False,
3500,0.0,0,0.0,8032.0948789790145,optimal,0.11053570000512991,False,
3501,0.0,0,0.0,18117.055760603384,optimal,0.10923400000319816,False,
3502,0.0,0,0.0,33645.38832060875,optimal,0.10166319999552798,False,
3503,0.0,0,0.0,49539.37158502922,optimal,0.1146738000024925,False,
3504,0.0,0,0.0,70249.67313752038,optimal,0.19275479999487288,False,
3505,0.0,0,0.0,78367.69264394493,optimal,0.09986119999666698,False,
3506,0.0,0,0.0,171083.1883236825,optimal,0.11438009999983478,False,
3507,0.0,0,0.0,241678.63816830664,optimal,0.10185270000511082,False,
3508,0.0,0,0.0,274713.0954531309,optimal,0.13335290000395617,False,
3509,0.0,0,0.0,321305.4871872091,optimal,0.11325049999868497,False,
3510,0.0,0,0.0,363951.0735022356,optimal,0.19122349999815924,False,
3511,0.0,0,0.0,399239.9064373115,optimal,0.08321630000136793,False,
3512,0.0,0,0.0,403313.3398241127,optimal,0.11755069999344414,False,
3513,0.0,0,0.0,382973.4423689435,optimal,0.11436020000110148,False,
3514,0.0,0,0.0,396124.5558326106,optimal,0.11478360000182875,False,
3515,0.0,0,0.0,413247.3732135062,optimal,0.11485659999743802,False,
3516,0.0,0,0.0,428990.45527952584,optimal,0.10149190000083763,False,
3517,0.0,0,0.0,442790.0610619529,optimal,0.11536659999546828,False,
3518,0.0,0,0.0,449842.85888315784,optimal,0.10929749999922933,False,
3519,0.0,0,0.0,453948.6180328782,optimal,0.088636199994653,False,
3520,0.0,0,0.0,446308.1051987853,optimal,0.10905610000190791,False,
3521,0.0,0,0.0,442501.3901780847,optimal,0.10786029999871971,False,
3522,0.0,0,0.0,447403.8724061902,optimal,0.11532219999935478,False,
3523,0.0,0,0.0,448463.4886512708,optimal,0.09514230000058888,False,
3524,0.0,0,0.0,454483.0013275069,optimal,0.10229979999712668,False,
3525,0.0,0,0.0,503199.74816518254,optimal,0.10462930000358028,False,
3526,0.0,0,0.0,527310.3871427095,optimal,0.12109710000368068,False,
3527,0.0,0,0.0,552467.430834154,optimal,0.12109400000190362,False,
3528,0.0,0,0.0,577461.629418984,optimal,0.10738960000162479,False,
3529,0.0,0,0.0,624206.5810342869,optimal,0.1062575999967521,False,
3530,0.0,0,0.0,660492.5901528964,optimal,0.10849679999955697,False,
3531,0.0,0,0.0,688180.0764625848,optimal,0.12778090000210796,False,
3532,0.0,0,0.0,692130.5749413559,optimal,0.12890479999623494,False,
3533,0.0,0,0.0,691159.8479400023,optimal,0.1278812000018661,False,
3534,0.0,0,0.0,715050.0786988096,optimal,0.13380400000460213,False,
3535,0.0,0,0.0,711422.1378565918,optimal,0.12939619999815477,False,
3536,0.0,0,0.0,708173.9043350995,optimal,0.13107229999877745,False,
3537,0.0,0,0.0,716137.3374320677,optimal,0.13785120000102324,False,
3538,0.0,0,0.0,731505.7521144731,optimal,0.13243990000046324,False,
3539,0.0,0,0.0,732538.697738032,optimal,0.1372250000058557,False,
3540,0.0,0,0.0,723336.8640647423,optimal,0.13128370000049472,False,
3541,0.0,0,0.0,709632.7909927876,optimal,0.12073940000118455,False,
3542,0.0,0,0.0,698950.8627463004,optimal,0.12962870000046678,False,
3543,0.0,0,0.0,660369.7296056486,optimal,0.13155550000374205,False,
3544,0.0,0,0.0,618993.1002851985,optimal,0.13389269999606768,False,
3545,0.0,0,0.0,523656.9641917911,optimal,0.13935199999832548,False,
3546,0.0,0,0.0,482390.78346104705,optimal,0.1331547999943723,False,
3547,0.0,0,0.0,430994.3755118848,optimal,0.10773260000132723,False,
3548,0.0,0,0.0,388665.51874159515,optimal,0.09748090000357479,False,
3549,0.0,0,0.0,393159.02303114475,optimal,0.08820030000060797,False,
3550,0.0,0,0.0,394304.2649276507,optimal,0.10510809999686899,False,
3551,0.0,0,0.0,389642.8171710397,optimal,0.11218959999678191,False,
3552,0.0,0,0.0,394883.78271394543,optimal,0.11835559999599354,False,
3553,0.0,0,0.0,376179.1715379509,optimal,0.11221569999906933,False,
3554,0.0,0,0.0,338692.5119458195,optimal,0.10287239999888698,False,
3555,0.0,0,0.0,347841.01222314255,optimal,0.10096049999992829,False,
3556,0.0,0,0.0,357901.54926534,optimal,0.1068712000051164,False,
3557,0.0,0,0.0,371817.9076014137,optimal,0.11504920000152197,False,
3558,0.0,0,0.0,373644.589632894,optimal,0.10871849999966798,False,
3559,0.0,0,0.0,373108.6049419384,optimal,0.09721799999533687,False,
3560,0.0,0,0.0,362522.4418307914,optimal,0.10577509999711765,False,
3561,0.0,0,0.0,334320.87976569415,optimal,0.08468569999968167,False,
3562,0.0,0,0.0,253584.83917313634,optimal,0.09179430000222055,False,
3563,0.0,0,0.0,157743.08125989066,optimal,0.09823770000366494,False,
3564,0.0,0,0.0,74669.17953779403,optimal,0.09960929999942891,False,
3565,0.0,0,0.0,19070.110159984844,optimal,0.09392769999976736,False,
3566,0.0,0,0.0,0.0,optimal,0.09273519999987911,False,
3567,0.0,0,0.0,0.0,optimal,0.10367880000558216,False,
3568,0.0,0,0.0,0.0,optimal,0.09677869999723043,False,
3569,0.0,0,0.0,0.0,optimal,0.08487610000156565,False,
3570,0.0,0,0.0,0.0,optimal,0.1127654999945662,False,
3571,0.0,0,0.0,0.0,optimal,0.11099780000222381,False,
3572,0.0,0,0.0,0.0,optimal,0.1057301999971969,False,
3573,0.0,0,0.0,0.0,optimal,0.09189419999893289,False,
3574,0.0,0,0.0,0.0,optimal,0.10232230000110576,False,
3575,0.0,0,0.0,0.0,optimal,0.09987700000056066,False,
3576,0.0,0,0.0,0.0,optimal,0.10423420000006445,False,
3577,0.0,0,0.0,0.0,optimal,0.08704450000368524,False,
3578,0.0,0,0.0,0.0,optimal,0.11288600000261795,False,
3579,0.0,0,0.0,0.0,optimal,0.07661190000362694,False,
3580,0.0,0,0.0,0.0,optimal,0.09721129999525147,False,
3581,0.0,0,0.0,0.0,optimal,0.11675289999402594,False,
3582,0.0,0,0.0,0.0,optimal,0.10942459999932908,False,
3583,0.0,0,0.0,0.0,optimal,0.09993289999692934,False,
3584,0.0,0,0.0,0.0,optimal,0.10019080000347458,False,
3585,0.0,0,0.0,0.0,optimal,0.20136260000435868,False,
3586,0.0,0,0.0,0.0,optimal,0.10014959999534767,False,
3587,0.0,0,0.0,0.0,optimal,0.10817179999867221,False,
3588,0.0,0,0.0,0.0,optimal,0.1260067000039271,False,
3589,0.0,0,0.0,0.0,optimal,0.10535109999909764,False,
3590,0.0,0,0.0,0.0,optimal,0.1019739000039408,False,
3591,0.0,0,0.0,0.0,optimal,0.21352489999844693,False,
3592,0.0,0,0.0,0.0,optimal,0.0972371000025305,False,
3593,0.0,0,0.0,0.0,optimal,0.09271520000038436,False,
3594,0.0,0,0.0,0.0,optimal,0.10134780000225874,False,
3595,0.0,0,0.0,0.0,optimal,0.09672860000137007,False,
3596,0.0,0,0.0,0.0,optimal,0.08304430000134744,False,
3597,0.0,0,0.0,0.0,optimal,0.1980517999982112,False,
3598,0.0,0,0.0,0.0,optimal,0.11402000000089174,False,
3599,0.0,0,0.0,0.0,optimal,0.09963469999638619,False,
3600,0.0,0,0.0,0.0,optimal,0.10409459999937098,False,
3601,0.0,0,0.0,0.0,optimal,0.0996956000017235,False,
3602,0.0,0,0.0,0.0,optimal,0.24613179999869317,False,
3603,0.0,0,0.0,0.0,optimal,0.0909830000018701,False,
3604,0.0,0,0.0,0.0,optimal,0.18106260000058683,False,
3605,0.0,0,0.0,0.0,optimal,0.09380760000203736,False,
3606,0.0,0,0.0,0.0,optimal,0.11050010000326438,False,
3607,0.0,0,0.0,0.0,optimal,0.22464749999926426,False,
3608,0.0,0,0.0,2357.530572291199,optimal,0.10497079999913694,False,
3609,0.0,0,0.0,21542.67815475809,optimal,0.20262109999748645,False,
3610,0.0,0,0.0,43465.41526063184,optimal,0.087372800000594,False,
3611,0.0,0,0.0,68517.67771817737,optimal,0.09301530000084313,False,
3612,0.0,0,0.0,83303.17407740248,optimal,0.19975179999892134,False,
3613,0.0,0,0.0,93531.00085151286,optimal,0.08370149999973364,False,
3614,0.0,0,0.0,106316.87783609156,optimal,0.08650869999837596,False,
3615,0.0,0,0.0,108726.36281677517,optimal,0.18669539999973495,False,
3616,0.0,0,0.0,83286.6530457513,optimal,0.08914450000156648,False,
3617,0.0,0,0.0,60683.09336960948,optimal,0.09035940000467235,False,
3618,0.0,0,0.0,38570.84990390624,optimal,0.18008299999928568,False,
3619,0.0,0,0.0,49595.70969038586,optimal,0.1680045999964932,False,
3620,0.0,0,0.0,59373.685844985135,optimal,0.08288790000369772,False,
3621,0.0,0,0.0,110374.90086715957,optimal,0.08438619999651564,False,
3622,0.0,0,0.0,121576.85268426269,optimal,0.08570930000132648,False,
3623,0.0,0,0.0,159781.82856398477,optimal,0.08818869999959134,False,
3624,0.0,0,0.0,181300.68159007962,optimal,0.08467219999874942,False,
3625,0.0,0,0.0,225142.44055924568,optimal,0.08734509999339934,False,
3626,0.0,0,0.0,226885.114152546,optimal,0.0843786999976146,False,
3627,0.0,0,0.0,230867.6536117067,optimal,0.17149919999792473,False,
3628,0.0,0,0.0,234762.1427458138,optimal,0.08806039999763016,False,
3629,0.0,0,0.0,254067.3659674424,optimal,0.17105350000201724,False,
3630,0.0,0,0.0,269441.0232378497,optimal,0.08615740000095684,False,
3631,0.0,0,0.0,280162.57134106854,optimal,0.08433979999972507,False,
3632,0.0,0,0.0,272329.38249803963,optimal,0.0858031999960076,False,
3633,0.0,0,0.0,268152.86387406575,optimal,0.15963989999727346,False,
3634,0.0,0,0.0,263938.88346824585,optimal,0.08765349999885075,False,
3635,0.0,0,0.0,243727.39999687436,optimal,0.08613049999985378,False,
3636,0.0,0,0.0,220115.55613453672,optimal,0.08713289999286644,False,
3637,0.0,0,0.0,195628.5259770648,optimal,0.17105789999914123,False,
3638,0.0,0,0.0,159442.06983126653,optimal,0.0863284000006388,False,
3639,0.0,0,0.0,119897.50697936774,optimal,0.0843959999983781,False,
3640,0.0,0,0.0,104603.87809400361,optimal,0.1795152999984566,False,
3641,0.0,0,0.0,96778.89793521473,optimal,0.09264910000638338,False,
3642,0.0,0,0.0,94525.60765174452,optimal,0.18894020000152523,False,
3643,0.0,0,0.0,98628.0923443759,optimal,0.0862730000008014,False,
3644,0.0,0,0.0,104280.53928072326,optimal,0.18290880000131438,False,
3645,0.0,0,0.0,99802.14890377375,optimal,0.17632549999689218,False,
3646,0.0,0,0.0,112890.90285858359,optimal,0.08938250000210246,False,
3647,0.0,0,0.0,126241.61151312831,optimal,0.08962369999790099,False,
3648,0.0,0,0.0,144412.63353009685,optimal,0.0893560000040452,False,
3649,0.0,0,0.0,162805.71226174553,optimal,0.09095910000178264,False,
3650,0.0,0,0.0,182284.126904957,optimal,0.08658730000024661,False,
3651,0.0,0,0.0,211843.2212470279,optimal,0.16299609999987297,False,
3652,0.0,0,0.0,225031.50512134793,optimal,0.08316819999890868,False,
3653,0.0,0,0.0,242153.93112603616,optimal,0.08185689999663737,False,
3654,0.0,0,0.0,268514.15161834745,optimal,0.08625729999766918,False,
3655,0.0,0,0.0,281522.05053536664,optimal,0.08572659999481402,False,
3656,0.0,0,0.0,266116.2338671543,optimal,0.08575379999820143,False,
3657,0.0,0,0.0,226395.96038243457,optimal,0.16446320000250125,False,
3658,0.0,0,0.0,152430.10266966367,optimal,0.08275729999877512,False,
3659,0.0,0,0.0,122251.88177189132,optimal,0.0793986999997287,False,
3660,0.0,0,0.0,96164.63749334059,optimal,0.08249690000229748,False,
3661,0.0,0,0.0,73837.13095671263,optimal,0.08268460000545019,False,
3662,0.0,0,0.0,60359.064554112374,optimal,0.08102340000186814,False,
3663,0.0,0,0.0,64618.82729389258,optimal,0.07390850000228966,False,
3664,0.0,0,0.0,89135.6327514956,optimal,0.08195359999808716,False,
3665,0.0,0,0.0,107073.71953728345,optimal,0.08240400000067893,False,
3666,0.0,0,0.0,92174.22965231922,optimal,0.09188200000062352,False,
3667,0.0,0,0.0,101379.86340228132,optimal,0.0889342000009492,False,
3668,0.0,0,0.0,88110.22095262737,optimal,0.10617389999970328,False,
3669,0.0,0,0.0,98656.17939251216,optimal,0.09739369999442715,False,
3670,0.0,0,0.0,105304.8207818783,optimal,0.11373230000026524,False,
3671,0.0,0,0.0,116444.16117803536,optimal,0.10875289999967208,False,
3672,0.0,0,0.0,114648.31027223062,optimal,0.09586249999847496,False,
3673,0.0,0,0.0,136339.0431823205,optimal,0.10663729999942007,False,
3674,0.0,0,0.0,156827.1593701638,optimal,0.10764259999996284,False,
3675,0.0,0,0.0,173013.07714665952,optimal,0.09015419999923324,False,
3676,0.0,0,0.0,174656.6039199706,optimal,0.09015799999906449,False,
3677,0.0,0,0.0,175929.6692472779,optimal,0.09870380000211298,False,
3678,0.0,0,0.0,176646.18109262813,optimal,0.09288139999989653,False,
3679,0.0,0,0.0,180704.82858043123,optimal,0.08658770000329241,False,
3680,0.0,0,0.0,175647.68095447918,optimal,0.08547379999799887,False,
3681,0.0,0,0.0,163874.95350845746,optimal,0.07710260000021663,False,
3682,0.0,0,0.0,147318.42344373144,optimal,0.08567999999650056,False,
3683,0.0,0,0.0,128470.75378772292,optimal,0.08205549999547657,False,
3684,0.0,0,0.0,113806.39324852194,optimal,0.08314039999822853,False,
3685,0.0,0,0.0,100082.48270932224,optimal,0.08228040000540204,False,
3686,0.0,0,0.0,88553.82222977036,optimal,0.08514439999999013,False,
3687,0.0,0,0.0,72485.74793392896,optimal,0.08579509999981383,False,
3688,0.0,0,0.0,37030.85574478279,optimal,0.08446679999906337,False,
3689,0.0,0,0.0,12652.544228260409,optimal,0.08699309999792604,False,
3690,0.0,0,0.0,0.0,optimal,0.08317710000119405,False,
3691,0.0,0,0.0,0.0,optimal,0.07935709999583196,False,
3692,0.0,0,0.0,0.0,optimal,0.08280389999708859,False,
3693,0.0,0,0.0,0.0,optimal,0.08168889999797102,False,
3694,0.0,0,0.0,0.0,optimal,0.0835466999997152,False,
3695,0.0,0,0.0,0.0,optimal,0.08333679999486776,False,
3696,0.0,0,0.0,0.0,optimal,0.08314149999932852,False,
3697,0.0,0,0.0,0.0,optimal,0.08217630000581266,False,
3698,0.0,0,0.0,0.0,optimal,0.08065809999970952,False,
3699,0.0,0,0.0,0.0,optimal,0.07812589999957709,False,
3700,0.0,0,0.0,0.0,optimal,0.07689280000340659,False,
3701,0.0,0,0.0,3509.4339730574065,optimal,0.08768569999665488,False,
3702,0.0,0,0.0,19076.811708627396,optimal,0.09465450000425335,False,
3703,0.0,0,0.0,29683.829273277162,optimal,0.09576319999905536,False,
3704,0.0,0,0.0,37793.78481419535,optimal,0.08706340000208002,False,
3705,0.0,0,0.0,44070.21055482971,optimal,0.09100100000068778,False,
3706,0.0,0,0.0,71745.07193784477,optimal,0.08461000000534113,False,
3707,0.0,0,0.0,102101.66624832747,optimal,0.0881881000022986,False,
3708,0.0,0,0.0,129702.80203461598,optimal,0.08650219999981346,False,
3709,0.0,0,0.0,153515.17537305693,optimal,0.08520290000160458,False,
3710,0.0,0,0.0,169509.67954489324,optimal,0.17285209999681683,False,
3711,0.0,0,0.0,199527.38715461906,optimal,0.09107930000027409,False,
3712,0.0,0,0.0,185792.81525708307,optimal,0.08952110000245739,False,
3713,0.0,0,0.0,176414.75473878553,optimal,0.09583769999881042,False,
3714,0.0,0,0.0,156652.8350357317,optimal,0.08419249999860767,False,
3715,0.0,0,0.0,156459.43624350187,optimal,0.07949940000253264,False,
3716,0.0,0,0.0,160523.2159167784,optimal,0.16753459999745246,False,
3717,0.0,0,0.0,170700.81176552712,optimal,0.0884440999943763,False,
3718,0.0,0,0.0,168491.79251782177,optimal,0.08476170000358252,False,
3719,0.0,0,0.0,184880.4935258792,optimal,0.09109239999816054,False,
3720,0.0,0,0.0,223764.32779049277,optimal,0.0851327999989735,False,
3721,0.0,0,0.0,235608.77760461354,optimal,0.15981119999923976,False,
3722,0.0,0,0.0,247415.75087470416,optimal,0.08422040000004927,False,
3723,0.0,0,0.0,264843.4906049735,optimal,0.08484309999766992,False,
3724,0.0,0,0.0,272457.9286784975,optimal,0.08456860000296729,False,
3725,0.0,0,0.0,280936.3463764387,optimal,0.0845502000011038,False,
3726,0.0,0,0.0,284099.05008612206,optimal,0.08320920000551268,False,
3727,0.0,0,0.0,281673.64815936843,optimal,0.08742600000550738,False,
3728,0.0,0,0.0,272613.51866696455,optimal,0.17081619999953546,False,
3729,0.0,0,0.0,271116.9575297462,optimal,0.17608540000219364,False,
3730,0.0,0,0.0,279574.2452529708,optimal,0.08956559999933233,False,
3731,0.0,0,0.0,281382.70919295447,optimal,0.08699810000689467,False,
3732,0.0,0,0.0,279770.35806586343,optimal,0.16728819999843836,False,
3733,0.0,0,0.0,283585.7443328126,optimal,0.09147209999355255,False,
3734,0.0,0,0.0,279978.39541434136,optimal,0.08917769999970915,False,
3735,0.0,0,0.0,297482.1536606888,optimal,0.17121300000144402,False,
3736,0.0,0,0.0,315106.6274395825,optimal,0.08681269999942742,False,
3737,0.0,0,0.0,333540.23016318836,optimal,0.08873440000024857,False,
3738,0.0,0,0.0,342106.91281518794,optimal,0.16539370000100462,False,
3739,0.0,0,0.0,361728.4097920982,optimal,0.08414449999690987,False,
3740,0.0,0,0.0,390187.2723959127,optimal,0.08952560000034282,False,
3741,0.0,0,0.0,416875.114030097,optimal,0.16167010000208393,False,
3742,0.0,0,0.0,450827.9228385744,optimal,0.08418320000055246,False,
3743,0.0,0,0.0,474624.0456806443,optimal,0.0854784000039217,False,
3744,0.0,0,0.0,522068.32861358236,optimal,0.17206379999697674,False,
3745,0.0,0,0.0,545487.5954285475,optimal,0.08750829999917187,False,
3746,0.0,0,0.0,573035.672813162,optimal,0.17288940000435105,False,
3747,0.0,0,0.0,591733.5649756909,optimal,0.08368870000413153,False,
3748,0.0,0,0.0,635303.2699756918,optimal,0.0895442000037292,False,
3749,0.0,0,0.0,677175.9934081915,optimal,0.08901440000045113,False,
3750,0.0,0,0.0,715595.6417195975,optimal,0.0874511000001803,False,
3751,0.0,0,0.0,734618.7353175817,optimal,0.0813994999989518,False,
3752,0.0,0,0.0,720322.6303741764,optimal,0.08906109999952605,False,
3753,0.0,0,0.0,683732.2572710499,optimal,0.1632017999945674,False,
3754,0.0,0,0.0,622493.9942508984,optimal,0.08500110000022687,False,
3755,0.0,0,0.0,546294.6010367279,optimal,0.08404149999842048,False,
3756,0.0,0,0.0,465304.3314221905,optimal,0.17174119999981485,False,
3757,0.0,0,0.0,382705.2145702904,optimal,0.08436789999541361,False,
3758,0.0,0,0.0,321879.82300401403,optimal,0.08117389999824809,False,
3759,0.0,0,0.0,305844.7816091448,optimal,0.1539679999987129,False,
3760,0.0,0,0.0,289940.21651734354,optimal,0.08710770000470802,False,
3761,0.0,0,0.0,286290.743307744,optimal,0.08312840000144206,False,
3762,0.0,0,0.0,277248.6040992836,optimal,0.15744090000225697,False,
3763,0.0,0,0.0,266463.14819754014,optimal,0.0847940000021481,False,
3764,0.0,0,0.0,262334.1598492675,optimal,0.09148730000015348,False,
3765,0.0,0,0.0,253542.89487830448,optimal,0.08190109999850392,False,
3766,0.0,0,0.0,258701.92191033898,optimal,0.16819059999397723,False,
3767,0.0,0,0.0,230916.08663939117,optimal,0.09052820000215434,False,
3768,0.0,0,0.0,230062.27997633204,optimal,0.17605860000185203,False,
3769,0.0,0,0.0,231726.41119643077,optimal,0.17493589999503456,False,
3770,0.0,0,0.0,241246.1041968976,optimal,0.09183000000484753,False,
3771,0.0,0,0.0,256288.84825399474,optimal,0.16832439999416238,False,
3772,0.0,0,0.0,303615.5844756262,optimal,0.08732650000456488,False,
3773,0.0,0,0.0,351213.2646488993,optimal,0.0856017999976757,False,
3774,0.0,0,0.0,401077.5190868051,optimal,0.08628210000460967,False,
3775,0.0,0,0.0,409885.7797826583,optimal,0.08249719999730587,False,
3776,0.0,0,0.0,394761.1276328422,optimal,0.08112990000518039,False,
3777,0.0,0,0.0,352490.5752050177,optimal,0.16871459999674698,False,
3778,0.0,0,0.0,282060.3636361749,optimal,0.08120629999757512,False,
3779,0.0,0,0.0,215070.0711545904,optimal,0.08651739999913843,False,
3780,0.0,0,0.0,187674.43920465664,optimal,0.08111020000069402,False,
3781,0.0,0,0.0,150732.12103528934,optimal,0.0844987000018591,False,
3782,0.0,0,0.0,114254.08564916335,optimal,0.09136179999768501,False,
3783,0.0,0,0.0,61607.551202323855,optimal,0.17037060000438942,False,
3784,0.0,0,0.0,8257.782498825025,optimal,0.085050500005309,False,
3785,0.0,0,0.0,0.0,optimal,0.09618950000003679,False,
3786,0.0,0,0.0,0.0,optimal,0.08992639999632956,False,
3787,0.0,0,0.0,0.0,optimal,0.0910825000028126,False,
3788,0.0,0,0.0,0.0,optimal,0.09621039999910863,False,
3789,0.0,0,0.0,0.0,optimal,0.08576020000327844,False,
3790,0.0,0,0.0,0.0,optimal,0.09457519999705255,False,
3791,0.0,0,0.0,0.0,optimal,0.08386800000153016,False,
3792,0.0,0,0.0,0.0,optimal,0.09471879999910016,False,
3793,0.0,0,0.0,0.0,optimal,0.08349330000055488,False,
3794,0.0,0,0.0,0.0,optimal,0.10177039999689441,False,
3795,0.0,0,0.0,0.0,optimal,0.09181179999723099,False,
3796,0.0,0,0.0,0.0,optimal,0.08234699999593431,False,
3797,0.0,0,0.0,0.0,optimal,0.07918799999606563,False,
3798,0.0,0,0.0,0.0,optimal,0.0807518000001437,False,
3799,0.0,0,0.0,0.0,optimal,0.08288049999828218,False,
3800,0.0,0,0.0,0.0,optimal,0.08164360000228044,False,
3801,0.0,0,0.0,15167.00016805417,optimal,0.09643409999989672,False,
3802,0.0,0,0.0,22080.30056924197,optimal,0.09726149999914924,False,
3803,0.0,0,0.0,17236.15093204181,optimal,0.09423709999828134,False,
3804,0.0,0,0.0,16188.007478481019,optimal,0.08783400000538677,False,
3805,0.0,0,0.0,16374.953407298544,optimal,0.09170279999671038,False,
3806,0.0,0,0.0,31276.439778302745,optimal,0.08395220000238623,False,
3807,0.0,0,0.0,43272.051771047074,optimal,0.08679359999950975,False,
3808,0.0,0,0.0,50213.22945726779,optimal,0.09038259999942966,False,
3809,0.0,0,0.0,63372.85115629627,optimal,0.08691600000020117,False,
3810,0.0,0,0.0,85552.04081818381,optimal,0.08565739999903599,False,
3811,0.0,0,0.0,108130.15732100664,optimal,0.08793349999905331,False,
3812,0.0,0,0.0,132945.634572071,optimal,0.0842629000035231,False,
3813,0.0,0,0.0,142559.48636318668,optimal,0.08600550000119256,False,
3814,0.0,0,0.0,150372.5230584502,optimal,0.0831179999950109,False,
3815,0.0,0,0.0,175934.58686630768,optimal,0.08679519999714103,False,
3816,0.0,0,0.0,228056.3903083559,optimal,0.08427179999853252,False,
3817,0.0,0,0.0,276428.60361960344,optimal,0.09071290000429144,False,
3818,0.0,0,0.0,304298.1996851651,optimal,0.08720899999752874,False,
3819,0.0,0,0.0,315338.36632913095,optimal,0.07962899999984074,False,
3820,0.0,0,0.0,337425.21824350435,optimal,0.08631460000469815,False,
3821,0.0,0,0.0,349623.1482647362,optimal,0.0801461000010022,False,
3822,0.0,0,0.0,350693.1364545711,optimal,0.0789638999995077,False,
3823,0.0,0,0.0,350142.12279325555,optimal,0.08840770000097109,False,
3824,0.0,0,0.0,339541.2936664756,optimal,0.08107700000255136,False,
3825,0.0,0,0.0,365325.58355788566,optimal,0.08479149999766378,False,
3826,0.0,0,0.0,367267.0493891274,optimal,0.0925204999948619,False,
3827,0.0,0,0.0,369503.0931244963,optimal,0.1025655999983428,False,
3828,0.0,0,0.0,373475.4078860453,optimal,0.09283770000183722,False,
3829,0.0,0,0.0,378192.83795819525,optimal,0.09202960000402527,False,
3830,0.0,0,0.0,406023.66818144463,optimal,0.09916339999472257,False,
3831,0.0,0,0.0,434738.3870546941,optimal,0.10267079999903217,False,
3832,0.0,0,0.0,452919.2080297449,optimal,0.11508660000254167,False,
3833,0.0,0,0.0,399720.479015603,optimal,0.09741380000195932,False,
3834,0.0,0,0.0,416738.0483105936,optimal,0.099267300000065,False,
3835,0.0,0,0.0,429571.8105482421,optimal,0.1000893999953405,False,
3836,0.0,0,0.0,440853.5555312105,optimal,0.09988209999573883,False,
3837,0.0,0,0.0,468881.4970780495,optimal,0.10020860000076937,False,
3838,0.0,0,0.0,506742.6181699859,optimal,0.09398770000552759,False,
3839,0.0,0,0.0,516400.1384855297,optimal,0.09761129999969853,False,
3840,0.0,0,0.0,538956.6805973426,optimal,0.09150460000091698,False,
3841,0.0,0,0.0,599153.0459136746,optimal,0.0878417999992962,False,
3842,0.0,0,0.0,620143.0364612036,optimal,0.08437029999913648,False,
3843,0.0,0,0.0,655306.26891907,optimal,0.08912050000071758,False,
3844,0.0,0,0.0,685630.063170052,optimal,0.08132089999708114,False,
3845,0.0,0,0.0,722462.408888772,optimal,0.08740630000102101,False,
3846,0.0,0,0.0,761508.1874321018,optimal,0.08301130000472767,False,
3847,0.0,0,0.0,779625.5412415387,optimal,0.084258899994893,False,
3848,0.0,0,0.0,755634.4317542225,optimal,0.08881430000474211,False,
3849,0.0,0,0.0,725944.5705593905,optimal,0.0832520999974804,False,
3850,0.0,0,0.0,710300.0195199273,optimal,0.08503589999600081,False,
3851,0.0,0,0.0,693112.7352230343,optimal,0.08408609999605687,False,
3852,0.0,0,0.0,679129.9528159465,optimal,0.08320879999519093,False,
3853,0.0,0,0.0,672880.2123314074,optimal,0.08225300000049174,False,
3854,0.0,0,0.0,660178.7010670331,optimal,0.08390840000356548,False,
3855,0.0,0,0.0,629794.3925849439,optimal,0.0805703000005451,False,
3856,0.0,0,0.0,605543.6000337929,optimal,0.08705480000207899,False,
3857,0.0,0,0.0,601961.5451537636,optimal,0.16650120000122115,False,
3858,0.0,0,0.0,615012.454497863,optimal,0.0831324999962817,False,
3859,0.0,0,0.0,593426.1335853247,optimal,0.090845899998385,False,
3860,0.0,0,0.0,562936.0181119876,optimal,0.08461610000085784,False,
3861,0.0,0,0.0,547473.83403171,optimal,0.08671780000440776,False,
3862,0.0,0,0.0,525952.6807356721,optimal,0.08447770000202581,False,
3863,0.0,0,0.0,511710.838331518,optimal,0.17024050000327406,False,
3864,0.0,0,0.0,508797.2522406088,optimal,0.09583569999813335,False,
3865,0.0,0,0.0,497424.1776190471,optimal,0.08959540000068955,False,
3866,0.0,0,0.0,521149.9461284026,optimal,0.09295030000066618,False,
3867,0.0,0,0.0,549630.8701356383,optimal,0.08667240000067977,False,
3868,0.0,0,0.0,594387.4923048452,optimal,0.08467849999578902,False,
3869,0.0,0,0.0,613994.7878731164,optimal,0.08524849999957951,False,
3870,0.0,0,0.0,634558.2445467587,optimal,0.17973170000186656,False,
3871,0.0,0,0.0,651755.6113599124,optimal,0.09143509999557864,False,
3872,0.0,0,0.0,650246.2906250401,optimal,0.08028330000524875,False,
3873,0.0,0,0.0,636092.1946736531,optimal,0.09277499999734573,False,
3874,0.0,0,0.0,648152.8906149194,optimal,0.08647370000107912,False,
3875,0.0,0,0.0,643437.0829281115,optimal,0.18250029999762774,False,
3876,0.0,0,0.0,630555.6937898905,optimal,0.07985929999995278,False,
3877,0.0,0,0.0,611462.917953187,optimal,0.17231729999912204,False,
3878,0.0,0,0.0,588568.3249457757,optimal,0.09179350000340492,False,
3879,0.0,0,0.0,572192.0166274053,optimal,0.166843399994832,False,
3880,0.0,0,0.0,558586.7238370063,optimal,0.08548209999571554,False,
3881,0.0,0,0.0,544626.5599694129,optimal,0.08746890000475105,False,
3882,0.0,0,0.0,565697.3617838098,optimal,0.1801670999993803,False,
3883,0.0,0,0.0,593692.550803192,optimal,0.09816700000374112,False,
3884,0.0,0,0.0,627206.7319831958,optimal,0.09100220000254922,False,
3885,0.0,0,0.0,639065.6103650391,optimal,0.16404099999635946,False,
3886,0.0,0,0.0,650308.5106594001,optimal,0.08235979999881238,False,
3887,0.0,0,0.0,677756.8358430855,optimal,0.08168549999390962,False,
3888,0.0,0,0.0,682272.1506529482,optimal,0.16615559999627294,False,
3889,0.0,0,0.0,693339.7429352202,optimal,0.08512370000244118,False,
3890,0.0,0,0.0,713681.2666240219,optimal,0.09059919999708654,False,
3891,0.0,0,0.0,737902.265314059,optimal,0.18025040000065928,False,
3892,0.0,0,0.0,802958.7296793611,optimal,0.09372390000498854,False,
3893,0.0,0,0.0,824733.6815921386,optimal,0.18296120000013616,False,
3894,0.0,0,0.0,836062.2878213497,optimal,0.0927531999986968,False,
3895,0.0,0,0.0,849189.8884419192,optimal,0.08403910000197357,False,
3896,0.0,0,0.0,909472.3833682723,optimal,0.09589879999839468,False,
3897,0.0,0,0.0,933535.6874998318,optimal,0.09598160000314238,False,
3898,0.0,0,0.0,950958.4198586898,optimal,0.08803790000092704,False,
3899,0.0,0,0.0,964596.5019816377,optimal,0.16966060000413563,False,
3900,0.0,0,0.0,951327.6941792123,optimal,0.08852900000056252,False,
3901,0.0,0,0.0,934599.021894027,optimal,0.08588910000253236,False,
3902,0.0,0,0.0,904791.9530519769,optimal,0.08759119999740506,False,
3903,0.0,0,0.0,866250.1517039773,optimal,0.17161460000352236,False,
3904,0.0,0,0.0,826566.3753559776,optimal,0.09275730000081239,False,
3905,0.0,0,0.0,824685.4753559766,optimal,0.08230209999601357,False,
3906,0.0,0,0.0,790942.6963129762,optimal,0.17233209999540122,False,
3907,0.0,0,0.0,803956.1930128091,optimal,0.0892664999992121,False,
3908,0.0,0,0.0,825054.6249356696,optimal,0.08684329999960028,False,
3909,0.0,0,0.0,841567.5870438307,optimal,0.17876909999904456,False,
3910,0.0,0,0.0,856563.9501975055,optimal,0.09416570000030333,False,
3911,0.0,0,0.0,869826.1217415358,optimal,0.0931233000010252,False,
3912,0.0,0,0.0,874264.736880226,optimal,0.1730470999973477,False,
3913,0.0,0,0.0,893357.2897959793,optimal,0.09389660000306321,False,
3914,0.0,0,0.0,902452.6348300799,optimal,0.08538470000348752,False,
3915,0.0,0,0.0,899117.9960354908,optimal,0.18492040000273846,False,
3916,0.0,0,0.0,902443.8149652187,optimal,0.18050529999891296,False,
3917,0.0,0,0.0,913562.1508094079,optimal,0.09111129999655532,False,
3918,0.0,0,0.0,905675.1337969913,optimal,0.1980582999967737,False,
3919,0.0,0,0.0,921198.8483647291,optimal,0.08868680000159657,False,
3920,0.0,0,0.0,912888.2257441299,optimal,0.08659930000430904,False,
3921,0.0,0,0.0,877129.9902041047,optimal,0.08442260000447277,False,
3922,0.0,0,0.0,821715.0616735059,optimal,0.08477590000256896,False,
3923,0.0,0,0.0,768938.4409369474,optimal,0.09910819999640808,False,
3924,0.0,0,0.0,690629.5116384209,optimal,0.17993269999715267,False,
3925,0.0,0,0.0,618733.494038375,optimal,0.08907069999986561,False,
3926,0.0,0,0.0,552318.6686090371,optimal,0.09026769999763928,False,
3927,0.0,0,0.0,480460.3584906564,optimal,0.08467340000061085,False,
3928,0.0,0,0.0,406561.03969130525,optimal,0.08292069999879459,False,
3929,0.0,0,0.0,350271.5722366484,optimal,0.08386890000110725,False,
3930,0.0,0,0.0,294505.8856976451,optimal,0.16387540000141598,False,
3931,0.0,0,0.0,252979.09557441523,optimal,0.08126009999978123,False,
3932,0.0,0,0.0,224778.31906850825,optimal,0.0871463000003132,False,
3933,0.0,0,0.0,211164.31350062127,optimal,0.09122149999893736,False,
3934,0.0,0,0.0,216352.13720837588,optimal,0.08692100000189384,False,
3935,0.0,0,0.0,214802.69691079212,optimal,0.08504249999532476,False,
3936,0.0,0,0.0,214673.24695967126,optimal,0.0983639000041876,False,
3937,0.0,0,0.0,241661.41099941375,optimal,0.09112460000324063,False,
3938,0.0,0,0.0,215070.35439238336,optimal,0.08531159999984084,False,
3939,0.0,0,0.0,201387.57529179208,optimal,0.09242989999620477,False,
3940,0.0,0,0.0,189052.97250074227,optimal,0.08111680000001797,False,
3941,0.0,0,0.0,170463.30946072497,optimal,0.08515489999990677,False,
3942,0.0,0,0.0,152106.3502662224,optimal,0.08697579999716254,False,
3943,0.0,0,0.0,133269.45151044373,optimal,0.092232499999227,False,
3944,0.0,0,0.0,118463.23235696439,optimal,0.08495029999903636,False,
3945,0.0,0,0.0,77618.9625178271,optimal,0.08580490000167629,False,
3946,0.0,0,0.0,32072.868103390996,optimal,0.09495430000242777,False,
3947,0.0,0,0.0,0.0,optimal,0.08697920000122394,False,
3948,0.0,0,0.0,0.0,optimal,0.08820299999933923,False,
3949,0.0,0,0.0,0.0,optimal,0.0895096000022022,False,
3950,0.0,0,0.0,0.0,optimal,0.09126349999860395,False,
3951,0.0,0,0.0,0.0,optimal,0.09106420000171056,False,
3952,0.0,0,0.0,0.0,optimal,0.09091919999627862,False,
3953,0.0,0,0.0,0.0,optimal,0.0857153000033577,False,
3954,0.0,0,0.0,0.0,optimal,0.08902449999732198,False,
3955,0.0,0,0.0,0.0,optimal,0.08804329999838956,False,
3956,0.0,0,0.0,0.0,optimal,0.08088300000235904,False,
3957,0.0,0,0.0,0.0,optimal,0.08333809999749064,False,
3958,0.0,0,0.0,0.0,optimal,0.08511430000362452,False,
3959,0.0,0,0.0,0.0,optimal,0.08108380000339821,False,
3960,0.0,0,0.0,0.0,optimal,0.0844137000021874,False,
3961,0.0,0,0.0,0.0,optimal,0.08132450000266545,False,
3962,0.0,0,0.0,0.0,optimal,0.08590069999627303,False,
3963,0.0,0,0.0,0.0,optimal,0.0846049999963725,False,
3964,0.0,0,0.0,0.0,optimal,0.08364900000015041,False,
3965,0.0,0,0.0,0.0,optimal,0.08127319999766769,False,
3966,0.0,0,0.0,0.0,optimal,0.09147300000040559,False,
3967,0.0,0,0.0,0.0,optimal,0.08367919999727746,False,
3968,0.0,0,0.0,0.0,optimal,0.07916549999936251,False,
3969,0.0,0,0.0,0.0,optimal,0.08445619999838527,False,
3970,0.0,0,0.0,0.0,optimal,0.08764209999935701,False,
3971,0.0,0,0.0,0.0,optimal,0.08092079999914858,False,
3972,0.0,0,0.0,0.0,optimal,0.08539329999621259,False,
3973,0.0,0,0.0,0.0,optimal,0.08373959999880753,False,
3974,0.0,0,0.0,0.0,optimal,0.08476279999740655,False,
3975,0.0,0,0.0,0.0,optimal,0.084351899997273,False,
3976,0.0,0,0.0,0.0,optimal,0.08272020000003977,False,
3977,0.0,0,0.0,0.0,optimal,0.08260020000307122,False,
3978,0.0,0,0.0,0.0,optimal,0.08669910000025993,False,
3979,0.0,0,0.0,0.0,optimal,0.08419300000241492,False,
3980,0.0,0,0.0,0.0,optimal,0.08166940000228351,False,
3981,0.0,0,0.0,0.0,optimal,0.08683610000298359,False,
3982,0.0,0,0.0,0.0,optimal,0.0797448000012082,False,
3983,0.0,0,0.0,0.0,optimal,0.15941660000680713,False,
3984,0.0,0,0.0,23176.324183223434,optimal,0.083303799998248,False,
3985,0.0,0,0.0,56483.558930551255,optimal,0.08518809999804944,False,
3986,0.0,0,0.0,95136.84126707556,optimal,0.08500050000293413,False,
3987,0.0,0,0.0,156027.7949540918,optimal,0.08188969999901019,False,
3988,0.0,0,0.0,196460.71503942122,optimal,0.08823040000424953,False,
3989,0.0,0,0.0,267307.29052940104,optimal,0.15711790000204928,False,
3990,0.0,0,0.0,330423.3633684596,optimal,0.08791899999778252,False,
3991,0.0,0,0.0,395658.4168738971,optimal,0.08180580000043847,False,
3992,0.0,0,0.0,406567.1842892692,optimal,0.08279230000334792,False,
3993,0.0,0,0.0,409914.8005824134,optimal,0.08215140000538668,False,
3994,0.0,0,0.0,392653.0272605048,optimal,0.08206849999987753,False,
3995,0.0,0,0.0,382350.1044764958,optimal,0.08170209999661893,False,
3996,0.0,0,0.0,387396.0195416363,optimal,0.16517819999717176,False,
3997,0.0,0,0.0,384292.192340095,optimal,0.08578279999346705,False,
3998,0.0,0,0.0,366188.0456246925,optimal,0.08450160000211326,False,
3999,0.0,0,0.0,348713.0617894361,optimal,0.08456949999526842,False,
4000,0.0,0,0.0,339476.8415570938,optimal,0.08440069999778643,False,
4001,0.0,0,0.0,318984.4423884438,optimal,0.16726070000004256,False,
4002,0.0,0,0.0,314799.22462369053,optimal,0.08722000000125263,False,
4003,0.0,0,0.0,311538.2329212944,optimal,0.17088260000309674,False,
4004,0.0,0,0.0,316664.6064899572,optimal,0.16495069999655243,False,
4005,0.0,0,0.0,329329.0243353146,optimal,0.09418659999937518,False,
4006,0.0,0,0.0,347709.6281910686,optimal,0.0939109000028111,False,
4007,0.0,0,0.0,381686.10019746947,optimal,0.08702190000622068,False,
4008,0.0,0,0.0,408685.5824055454,optimal,0.16590319999522762,False,
4009,0.0,0,0.0,440244.4876317396,optimal,0.08348399999522371,False,
4010,0.0,0,0.0,471617.66944994463,optimal,0.08574610000505345,False,
4011,0.0,0,0.0,496388.40811347566,optimal,0.15627279999898747,False,
4012,0.0,0,0.0,532976.4147916812,optimal,0.0822323000029428,False,
4013,0.0,0,0.0,531657.4588634821,optimal,0.0836873000007472,False,
4014,0.0,0,0.0,526859.6061631024,optimal,0.16606699999829289,False,
4015,0.0,0,0.0,509498.54419805843,optimal,0.08434639999904903,False,
4016,0.0,0,0.0,475925.8801917,optimal,0.08299450000049546,False,
4017,0.0,0,0.0,434546.1024318844,optimal,0.16872149999835528,False,
4018,0.0,0,0.0,373123.3453709026,optimal,0.08148359999904642,False,
4019,0.0,0,0.0,283784.34548685193,optimal,0.16224479999800678,False,
4020,0.0,0,0.0,228379.15955612223,optimal,0.08293869999761228,False,
4021,0.0,0,0.0,153572.25786293918,optimal,0.07941050000226824,False,
4022,0.0,0,0.0,104668.79037774913,optimal,0.08220609999989392,False,
4023,0.0,0,0.0,76946.27836307479,optimal,0.08178989999578334,False,
4024,0.0,0,0.0,61172.09009023765,optimal,0.09291680000023916,False,
4025,0.0,0,0.0,60744.738221989275,optimal,0.1724173000038718,False,
4026,0.0,0,0.0,57920.02743645057,optimal,0.09002370000234805,False,
4027,0.0,0,0.0,53490.905080440876,optimal,0.0858832000012626,False,
4028,0.0,0,0.0,55111.766114834216,optimal,0.08317739999620244,False,
4029,0.0,0,0.0,74656.0270611452,optimal,0.16684479999821633,False,
4030,0.0,0,0.0,92687.67334833977,optimal,0.08629980000114301,False,
4031,0.0,0,0.0,112949.06788327408,optimal,0.08298009999998612,False,
4032,0.0,0,0.0,130470.39459544643,optimal,0.09029250000457978,False,
4033,0.0,0,0.0,121966.30873417159,optimal,0.15878829999564914,False,
4034,0.0,0,0.0,120072.70696238262,optimal,0.08657020000100601,False,
4035,0.0,0,0.0,116978.62780737359,optimal,0.1670159000059357,False,
4036,0.0,0,0.0,106607.66029634526,optimal,0.08340529999986757,False,
4037,0.0,0,0.0,82126.71804749248,optimal,0.09187419999943813,False,
4038,0.0,0,0.0,74492.77141377238,optimal,0.163700199998857,False,
4039,0.0,0,0.0,84544.58143014896,optimal,0.08366319999913685,False,
4040,0.0,0,0.0,90041.85732773246,optimal,0.09284580000530696,False,
4041,0.0,0,0.0,88812.16139418974,optimal,0.17979840000043623,False,
4042,0.0,0,0.0,85432.97385533401,optimal,0.17411649999849033,False,
4043,0.0,0,0.0,69276.68859810279,optimal,0.08832770000299206,False,
4044,0.0,0,0.0,53099.785537964286,optimal,0.08533939999324502,False,
4045,0.0,0,0.0,36768.65920629516,optimal,0.16993389999697683,False,
4046,0.0,0,0.0,23294.977228427797,optimal,0.08796289999736473,False,
4047,0.0,0,0.0,7707.546529011487,optimal,0.08452410000609234,False,
4048,0.0,0,0.0,0.0,optimal,0.0853581999981543,False,
4049,0.0,0,0.0,0.0,optimal,0.09317569999984698,False,
4050,0.0,0,0.0,0.0,optimal,0.17096740000124555,False,
4051,0.0,0,0.0,0.0,optimal,0.07926389999920502,False,
4052,0.0,0,0.0,0.0,optimal,0.08522850000008475,False,
4053,0.0,0,0.0,0.0,optimal,0.08681010000145761,False,
4054,0.0,0,0.0,0.0,optimal,0.08128160000342177,False,
4055,0.0,0,0.0,0.0,optimal,0.08540369999536779,False,
4056,0.0,0,0.0,0.0,optimal,0.1601033999977517,False,
4057,0.0,0,0.0,0.0,optimal,0.08719019999989541,False,
4058,0.0,0,0.0,0.0,optimal,0.09817299999849638,False,
4059,0.0,0,0.0,0.0,optimal,0.09115970000129892,False,
4060,0.0,0,0.0,0.0,optimal,0.0911532999962219,False,
4061,0.0,0,0.0,0.0,optimal,0.09012090000032913,False,
4062,0.0,0,0.0,0.0,optimal,0.0928864999950747,False,
4063,0.0,0,0.0,10321.15883648631,optimal,0.09283989999676123,False,
4064,0.0,0,0.0,30151.885980593004,optimal,0.09386799999629147,False,
4065,0.0,0,0.0,32785.87423324549,optimal,0.09401860000070883,False,
4066,0.0,0,0.0,40667.82943315995,optimal,0.09936290000041481,False,
4067,0.0,0,0.0,50502.529110364645,optimal,0.10484680000081426,False,
4068,0.0,0,0.0,61839.63583275464,optimal,0.08937359999981709,False,
4069,0.0,0,0.0,68618.27859568827,optimal,0.08566650000284426,False,
4070,0.0,0,0.0,66958.18267107304,optimal,0.0797995999964769,False,
4071,0.0,0,0.0,55849.89704625145,optimal,0.08141520000208402,False,
4072,0.0,0,0.0,32255.91382559234,optimal,0.09468509999715025,False,
4073,0.0,0,0.0,15522.572430181426,optimal,0.07988640000257874,False,
4074,0.0,0,0.0,0.0,optimal,0.0877533000020776,False,
4075,0.0,0,0.0,0.0,optimal,0.08891559999756282,False,
4076,0.0,0,0.0,0.0,optimal,0.08690239999850746,False,
4077,0.0,0,0.0,0.0,optimal,0.09006420000514481,False,
4078,0.0,0,0.0,0.0,optimal,0.0869209000011324,False,
4079,0.0,0,0.0,0.0,optimal,0.09396810000180267,False,
4080,0.0,0,0.0,0.0,optimal,0.10683209999842802,False,
4081,0.0,0,0.0,0.0,optimal,0.10645279999880586,False,
4082,0.0,0,0.0,0.0,optimal,0.10930129999906057,False,
4083,0.0,0,0.0,0.0,optimal,0.10288820000278065,False,
4084,0.0,0,0.0,0.0,optimal,0.10568510000302922,False,
4085,0.0,0,0.0,0.0,optimal,0.1034393000009004,False,
4086,0.0,0,0.0,0.0,optimal,0.09763589999784017,False,
4087,0.0,0,0.0,0.0,optimal,0.09594880000076955,False,
4088,0.0,0,0.0,0.0,optimal,0.09469050000188872,False,
4089,0.0,0,0.0,0.0,optimal,0.08915900000283727,False,
4090,0.0,0,0.0,0.0,optimal,0.08844890000182204,False,
4091,0.0,0,0.0,0.0,optimal,0.08664610000414541,False,
4092,0.0,0,0.0,0.0,optimal,0.08295999999972992,False,
4093,0.0,0,0.0,0.0,optimal,0.08065239999996265,False,
4094,0.0,0,0.0,0.0,optimal,0.08448170000337996,False,
4095,0.0,0,0.0,0.0,optimal,0.08853980000276351,False,
4096,0.0,0,0.0,0.0,optimal,0.08182099999976344,False,
4097,0.0,0,0.0,0.0,optimal,0.08591549999982817,False,
4098,0.0,0,0.0,0.0,optimal,0.0827787999951397,False,
4099,0.0,0,0.0,0.0,optimal,0.08660080000117887,False,
4100,0.0,0,0.0,0.0,optimal,0.08193310000206111,False,
4101,0.0,0,0.0,0.0,optimal,0.09148269999423064,False,
4102,0.0,0,0.0,0.0,optimal,0.08186919999570819,False,
4103,0.0,0,0.0,0.0,optimal,0.08816220000153407,False,
4104,0.0,0,0.0,0.0,optimal,0.09347469999920577,False,
4105,0.0,0,0.0,0.0,optimal,0.08521849999669939,False,
4106,0.0,0,0.0,0.0,optimal,0.08754980000230717,False,
4107,0.0,0,0.0,0.0,optimal,0.08455490000051213,False,
4108,0.0,0,0.0,0.0,optimal,0.08518940000067232,False,
4109,0.0,0,0.0,0.0,optimal,0.08737139999720966,False,
4110,0.0,0,0.0,0.0,optimal,0.08613360000163084,False,
4111,0.0,0,0.0,0.0,optimal,0.0845878999971319,False,
4112,0.0,0,0.0,0.0,optimal,0.09213950000412297,False,
4113,0.0,0,0.0,0.0,optimal,0.0860231999977259,False,
4114,0.0,0,0.0,0.0,optimal,0.09540840000408934,False,
4115,0.0,0,0.0,0.0,optimal,0.08075709999684477,False,
4116,0.0,0,0.0,0.0,optimal,0.09144889999879524,False,
4117,0.0,0,0.0,0.0,optimal,0.09590570000000298,False,
4118,0.0,0,0.0,0.0,optimal,0.09246839999832446,False,
4119,0.0,0,0.0,0.0,optimal,0.08125940000172704,False,
4120,0.0,0,0.0,0.0,optimal,0.08163269999931799,False,
4121,0.0,0,0.0,0.0,optimal,0.09051630000612931,False,
4122,0.0,0,0.0,0.0,optimal,0.0768850999957067,False,
4123,0.0,0,0.0,0.0,optimal,0.08013979999668663,False,
4124,0.0,0,0.0,0.0,optimal,0.08149210000556195,False,
4125,0.0,0,0.0,0.0,optimal,0.08174159999907715,False,
4126,0.0,0,0.0,0.0,optimal,0.07997530000284314,False,
4127,0.0,0,0.0,0.0,optimal,0.08153460000175983,False,
4128,0.0,0,0.0,0.0,optimal,0.08497269999497803,False,
4129,0.0,0,0.0,0.0,optimal,0.08317499999975553,False,
4130,0.0,0,0.0,0.0,optimal,0.1745392000011634,False,
4131,0.0,0,0.0,0.0,optimal,0.081947400001809,False,
4132,0.0,0,0.0,6455.603956926505,optimal,0.0949585999987903,False,
4133,0.0,0,0.0,40860.08958680055,optimal,0.08492649999971036,False,
4134,0.0,0,0.0,71133.94241884729,optimal,0.08730610000202432,False,
4135,0.0,0,0.0,97384.76806929096,optimal,0.1683396000007633,False,
4136,0.0,0,0.0,114961.59162529148,optimal,0.0879036999976961,False,
4137,0.0,0,0.0,137802.62932723705,optimal,0.08177559999603545,False,
4138,0.0,0,0.0,135354.92714712533,optimal,0.0842692000005627,False,
4139,0.0,0,0.0,130708.23037932804,optimal,0.08165200000075856,False,
4140,0.0,0,0.0,122738.20169986889,optimal,0.08117250000213971,False,
4141,0.0,0,0.0,114537.42586099169,optimal,0.08055829999648267,False,
4142,0.0,0,0.0,108187.46669958653,optimal,0.07997259999683592,False,
4143,0.0,0,0.0,103413.10299358683,optimal,0.17020500000216998,False,
4144,0.0,0,0.0,85241.48386440448,optimal,0.08582279999973252,False,
4145,0.0,0,0.0,73150.5121960127,optimal,0.08729659999517025,False,
4146,0.0,0,0.0,61959.03750969233,optimal,0.0918156000043382,False,
4147,0.0,0,0.0,51413.86366477165,optimal,0.15769640000507934,False,
4148,0.0,0,0.0,48830.54392158897,optimal,0.08668580000085058,False,
4149,0.0,0,0.0,55659.165448116335,optimal,0.0929582999960985,False,
4150,0.0,0,0.0,59205.619550598814,optimal,0.17518920000293292,False,
4151,0.0,0,0.0,69623.41457536134,optimal,0.16268180000042776,False,
4152,0.0,0,0.0,76204.4869718546,optimal,0.09121790000062902,False,
4153,0.0,0,0.0,78879.33406614512,optimal,0.09113060000527184,False,
4154,0.0,0,0.0,81713.84003444579,optimal,0.0874416000006022,False,
4155,0.0,0,0.0,78807.41771657708,optimal,0.17913499999849591,False,
4156,0.0,0,0.0,90850.30246828217,optimal,0.09187449999444652,False,
4157,0.0,0,0.0,93792.13877170523,optimal,0.08752569999342086,False,
4158,0.0,0,0.0,97694.86607936448,optimal,0.17832970000017667,False,
4159,0.0,0,0.0,93463.15353608498,optimal,0.0911917999983416,False,
4160,0.0,0,0.0,89997.60580084761,optimal,0.10248660000070231,False,
4161,0.0,0,0.0,75670.6101283065,optimal,0.18671390000235988,False,
4162,0.0,0,0.0,67039.0758365888,optimal,0.1049055999974371,False,
4163,0.0,0,0.0,53934.90788698709,optimal,0.09079509999719448,False,
4164,0.0,0,0.0,45084.61364154941,optimal,0.2035844000056386,False,
4165,0.0,0,0.0,32564.335811275385,optimal,0.11896990000241203,False,
4166,0.0,0,0.0,21280.401692908286,optimal,0.1148103999948944,False,
4167,0.0,0,0.0,22198.319759364946,optimal,0.19816030000220053,False,
4168,0.0,0,0.0,29857.311907160394,optimal,0.10063300000183517,False,
4169,0.0,0,0.0,16817.261524327772,optimal,0.11621239999658428,False,
4170,0.0,0,0.0,3290.5255602054362,optimal,0.1191913000002387,False,
4171,0.0,0,0.0,3175.5080501762236,optimal,0.11222839999390999,False,
4172,0.0,0,0.0,2223.442476560191,optimal,0.11751450000156183,False,
4173,0.0,0,0.0,4638.265675191289,optimal,0.17685139999957755,False,
4174,0.0,0,0.0,0.0,optimal,0.12248839999665506,False,
4175,0.0,0,0.0,0.0,optimal,0.1099571000013384,False,
4176,0.0,0,0.0,0.0,optimal,0.10349909999786178,False,
4177,0.0,0,0.0,0.0,optimal,0.196336799999699,False,
4178,0.0,0,0.0,0.0,optimal,0.08229150000261143,False,
4179,0.0,0,0.0,0.0,optimal,0.09465980000095442,False,
4180,0.0,0,0.0,0.0,optimal,0.19297630000073696,False,
4181,0.0,0,0.0,0.0,optimal,0.099267300000065,False,
4182,0.0,0,0.0,0.0,optimal,0.22381039999891073,False,
4183,0.0,0,0.0,0.0,optimal,0.09366220000083558,False,
4184,0.0,0,0.0,0.0,optimal,0.10273320000123931,False,
4185,0.0,0,0.0,0.0,optimal,0.22279990000242833,False,
4186,0.0,0,0.0,0.0,optimal,0.14174520000233315,False,
4187,0.0,0,0.0,0.0,optimal,0.11984329999540932,False,
4188,0.0,0,0.0,0.0,optimal,0.18697489999613026,False,
4189,0.0,0,0.0,0.0,optimal,0.17966750000050524,False,
4190,0.0,0,0.0,0.0,optimal,0.08878600000025472,False,
4191,0.0,0,0.0,0.0,optimal,0.08439800000633113,False,
4192,0.0,0,0.0,0.0,optimal,0.17181839999830117,False,
4193,0.0,0,0.0,0.0,optimal,0.08836619999783579,False,
4194,0.0,0,0.0,0.0,optimal,0.08450060000177473,False,
4195,0.0,0,0.0,1589.778527344497,optimal,0.08687259999715025,False,
4196,0.0,0,0.0,25105.21382465968,optimal,0.08782269999937853,False,
4197,0.0,0,0.0,43757.438513410474,optimal,0.17117220000363886,False,
4198,0.0,0,0.0,62252.044022587615,optimal,0.08522639999864623,False,
4199,0.0,0,0.0,70042.56933893645,optimal,0.08233879999897908,False,
4200,0.0,0,0.0,74277.18146257853,optimal,0.08639169999514706,False,
4201,0.0,0,0.0,75425.74615874322,optimal,0.08705840000038734,False,
4202,0.0,0,0.0,85867.92602954114,optimal,0.17587769999954617,False,
4203,0.0,0,0.0,89449.99365953692,optimal,0.08614109999325592,False,
4204,0.0,0,0.0,103964.19021421502,optimal,0.08341399999335408,False,
4205,0.0,0,0.0,125327.88223744831,optimal,0.08482499999809079,False,
4206,0.0,0,0.0,142303.2953245665,optimal,0.08761059999960708,False,
4207,0.0,0,0.0,153137.04512107893,optimal,0.0849367999981041,False,
4208,0.0,0,0.0,163067.40094041405,optimal,0.08834709999791812,False,
4209,0.0,0,0.0,176227.4461058347,optimal,0.08684410000569187,False,
4210,0.0,0,0.0,174380.79016299968,optimal,0.09022769999864977,False,
4211,0.0,0,0.0,171426.35290994323,optimal,0.08829590000095777,False,
4212,0.0,0,0.0,165551.73222103986,optimal,0.08663710000109859,False,
4213,0.0,0,0.0,155784.7055271207,optimal,0.09711130000505364,False,
4214,0.0,0,0.0,144185.56314827118,optimal,0.08868169999914244,False,
4215,0.0,0,0.0,131538.0969325695,optimal,0.09750809999968624,False,
4216,0.0,0,0.0,130291.96753812276,optimal,0.0829513000062434,False,
4217,0.0,0,0.0,125820.03546628969,optimal,0.09116269999503857,False,
4218,0.0,0,0.0,127182.85954775206,optimal,0.09152840000024298,False,
4219,0.0,0,0.0,148847.36503209718,optimal,0.08963760000187904,False,
4220,0.0,0,0.0,166199.16059751683,optimal,0.0875376000039978,False,
4221,0.0,0,0.0,183554.6138448264,optimal,0.0887871999948402,False,
4222,0.0,0,0.0,173871.64043112515,optimal,0.08193469999969238,False,
4223,0.0,0,0.0,167749.27944191013,optimal,0.08615119999740273,False,
4224,0.0,0,0.0,153291.50063899512,optimal,0.08485349999682512,False,
4225,0.0,0,0.0,138009.13009979558,optimal,0.08445719999872381,False,
4226,0.0,0,0.0,130374.67487317442,optimal,0.08861419999448117,False,
4227,0.0,0,0.0,124239.0020735077,optimal,0.08993339999869931,False,
4228,0.0,0,0.0,114213.17565904895,optimal,0.090030300001672,False,
4229,0.0,0,0.0,106517.34753013738,optimal,0.08572719999938272,False,
4230,0.0,0,0.0,106701.40569101952,optimal,0.0908214999944903,False,
4231,0.0,0,0.0,113252.03785995893,optimal,0.09000979999837,False,
4232,0.0,0,0.0,115187.79932768534,optimal,0.0950756000020192,False,
4233,0.0,0,0.0,92318.28781538516,optimal,0.0854265999951167,False,
4234,0.0,0,0.0,59428.07386240351,optimal,0.08949020000000019,False,
4235,0.0,0,0.0,20353.510155877604,optimal,0.08907940000062808,False,
4236,0.0,0,0.0,0.0,optimal,0.0876321999967331,False,
4237,0.0,0,0.0,0.0,optimal,0.09441879999940284,False,
4238,0.0,0,0.0,0.0,optimal,0.10063399999489775,False,
4239,0.0,0,0.0,0.0,optimal,0.08814179999899352,False,
4240,0.0,0,0.0,0.0,optimal,0.08604210000339663,False,
4241,0.0,0,0.0,0.0,optimal,0.09111390000180108,False,
4242,0.0,0,0.0,0.0,optimal,0.08488320000469685,False,
4243,0.0,0,0.0,0.0,optimal,0.0829888000007486,False,
4244,0.0,0,0.0,0.0,optimal,0.090335300003062,False,
4245,0.0,0,0.0,0.0,optimal,0.08661189999838825,False,
4246,0.0,0,0.0,0.0,optimal,0.08687320000171894,False,
4247,0.0,0,0.0,0.0,optimal,0.07914390000223648,False,
4248,0.0,0,0.0,0.0,optimal,0.08131519999733428,False,
4249,0.0,0,0.0,0.0,optimal,0.0840368999997736,False,
4250,0.0,0,0.0,0.0,optimal,0.07718190000014147,False,
4251,0.0,0,0.0,0.0,optimal,0.07687869999790564,False,
4252,0.0,0,0.0,0.0,optimal,0.07876290000422159,False,
4253,0.0,0,0.0,0.0,optimal,0.08558179999818094,False,
4254,0.0,0,0.0,0.0,optimal,0.0905404000004637,False,
4255,0.0,0,0.0,0.0,optimal,0.0820023000051151,False,
4256,0.0,0,0.0,0.0,optimal,0.0796427000022959,False,
4257,0.0,0,0.0,0.0,optimal,0.083727799996268,False,
4258,0.0,0,0.0,0.0,optimal,0.08571300000039628,False,
4259,0.0,0,0.0,0.0,optimal,0.15941860000020824,False,
4260,0.0,0,0.0,0.0,optimal,0.08150979999481933,False,
4261,0.0,0,0.0,0.0,optimal,0.16456590000598226,False,
4262,0.0,0,0.0,0.0,optimal,0.08668860000034329,False,
4263,0.0,0,0.0,0.0,optimal,0.09124110000266228,False,
4264,0.0,0,0.0,0.0,optimal,0.08235010000498733,False,
4265,0.0,0,0.0,0.0,optimal,0.08583550000184914,False,
4266,0.0,0,0.0,0.0,optimal,0.08694760000071255,False,
4267,0.0,0,0.0,0.0,optimal,0.08356439999624854,False,
4268,0.0,0,0.0,0.0,optimal,0.08971680000104243,False,
4269,0.0,0,0.0,0.0,optimal,0.16053309999551857,False,
4270,0.0,0,0.0,0.0,optimal,0.07722250000369968,False,
4271,0.0,0,0.0,0.0,optimal,0.0864073000047938,False,
4272,0.0,0,0.0,0.0,optimal,0.08095979999779956,False,
4273,0.0,0,0.0,0.0,optimal,0.16555689999950118,False,
4274,0.0,0,0.0,0.0,optimal,0.08554619999631541,False,
4275,0.0,0,0.0,0.0,optimal,0.08840320000308566,False,
4276,0.0,0,0.0,0.0,optimal,0.16323879999981727,False,
4277,0.0,0,0.0,0.0,optimal,0.1707047000018065,False,
4278,0.0,0,0.0,0.0,optimal,0.08615990000544116,False,
4279,0.0,0,0.0,0.0,optimal,0.08612100000027567,False,
4280,0.0,0,0.0,0.0,optimal,0.1494442999974126,False,
4281,0.0,0,0.0,0.0,optimal,0.08389349999924889,False,
4282,0.0,0,0.0,0.0,optimal,0.08599079999839887,False,
4283,0.0,0,0.0,0.0,optimal,0.08687809999537421,False,
4284,0.0,0,0.0,0.0,optimal,0.16351350000331877,False,
4285,0.0,0,0.0,0.0,optimal,0.08359390000259737,False,
4286,0.0,0,0.0,0.0,optimal,0.08463640000263695,False,
4287,0.0,0,0.0,0.0,optimal,0.16432930000155466,False,
4288,0.0,0,0.0,0.0,optimal,0.08189420000417158,False,
4289,0.0,0,0.0,0.0,optimal,0.08536699999967823,False,
4290,0.0,0,0.0,0.0,optimal,0.165426400002616,False,
4291,0.0,0,0.0,0.0,optimal,0.08249420000356622,False,
4292,0.0,0,0.0,0.0,optimal,0.16767419999814592,False,
4293,0.0,0,0.0,0.0,optimal,0.08558780000021216,False,
4294,0.0,0,0.0,0.0,optimal,0.08460990000457969,False,
4295,0.0,0,0.0,0.0,optimal,0.08387409999704687,False,
4296,0.0,0,0.0,0.0,optimal,0.08405440000205999,False,
4297,0.0,0,0.0,0.0,optimal,0.16372010000486625,False,
4298,0.0,0,0.0,0.0,optimal,0.08918930000072578,False,
4299,0.0,0,0.0,0.0,optimal,0.08999989999574609,False,
4300,0.0,0,0.0,16368.368384507588,optimal,0.08009719999972731,False,
4301,0.0,0,0.0,50793.323662507326,optimal,0.16250940000463743,False,
4302,0.0,0,0.0,72508.1395613682,optimal,0.07523370000126306,False,
4303,0.0,0,0.0,105947.92173754121,optimal,0.08712280000327155,False,
4304,0.0,0,0.0,161493.575771097,optimal,0.0824916999990819,False,
4305,0.0,0,0.0,156537.8480941464,optimal,0.08064469999953872,False,
4306,0.0,0,0.0,145299.84753166256,optimal,0.16843050000170479,False,
4307,0.0,0,0.0,129754.14315269756,optimal,0.08570070000132546,False,
4308,0.0,0,0.0,116731.24705042127,optimal,0.16544839999551186,False,
4309,0.0,0,0.0,108417.79239389104,optimal,0.08464939999976195,False,
4310,0.0,0,0.0,123173.40758639084,optimal,0.08399440000357572,False,
4311,0.0,0,0.0,119737.05338522722,optimal,0.16481560000102036,False,
4312,0.0,0,0.0,110072.63550554597,optimal,0.0818340999976499,False,
4313,0.0,0,0.0,108348.54899153084,optimal,0.08686809999926481,False,
4314,0.0,0,0.0,110097.88990250212,optimal,0.17075019999901997,False,
4315,0.0,0,0.0,107874.20393447865,optimal,0.1796667999951751,False,
4316,0.0,0,0.0,99196.12297300939,optimal,0.0852870000016992,False,
4317,0.0,0,0.0,56612.57693975851,optimal,0.08760310000070604,False,
4318,0.0,0,0.0,18153.612984682888,optimal,0.16701000000466593,False,
4319,0.0,0,0.0,0.0,optimal,0.0918219000013778,False,
4320,0.0,0,0.0,0.0,optimal,0.08448840000346536,False,
4321,0.0,0,0.0,0.0,optimal,0.08841299999767216,False,
4322,0.0,0,0.0,0.0,optimal,0.08905109999614069,False,
4323,0.0,0,0.0,0.0,optimal,0.08436619999702089,False,
4324,0.0,0,0.0,0.0,optimal,0.16514330000063637,False,
4325,0.0,0,0.0,0.0,optimal,0.08427569999912521,False,
4326,0.0,0,0.0,0.0,optimal,0.08534079999662936,False,
4327,0.0,0,0.0,0.0,optimal,0.09172689999832073,False,
4328,0.0,0,0.0,0.0,optimal,0.16779049999604467,False,
4329,0.0,0,0.0,0.0,optimal,0.09084659999643918,False,
4330,0.0,0,0.0,0.0,optimal,0.08847579999564914,False,
4331,0.0,0,0.0,0.0,optimal,0.09396269999706419,False,
4332,0.0,0,0.0,0.0,optimal,0.08498970000073314,False,
4333,0.0,0,0.0,0.0,optimal,0.0885162999984459,False,
4334,0.0,0,0.0,0.0,optimal,0.0853657999978168,False,
4335,0.0,0,0.0,0.0,optimal,0.08620509999309434,False,
4336,0.0,0,0.0,0.0,optimal,0.08383669999602716,False,
4337,0.0,0,0.0,0.0,optimal,0.09201229999598581,False,
4338,0.0,0,0.0,0.0,optimal,0.08853980000276351,False,
4339,0.0,0,0.0,0.0,optimal,0.07960620000085328,False,
4340,0.0,0,0.0,0.0,optimal,0.08187729999917792,False,
4341,0.0,0,0.0,0.0,optimal,0.08125440000003437,False,
4342,0.0,0,0.0,0.0,optimal,0.0828129999936209,False,
4343,0.0,0,0.0,0.0,optimal,0.08120700000290526,False,
4344,0.0,0,0.0,0.0,optimal,0.07657189999736147,False,
4345,0.0,0,0.0,0.0,optimal,0.0803094999937457,False,
4346,0.0,0,0.0,0.0,optimal,0.080573799998092,False,
4347,0.0,0,0.0,0.0,optimal,0.08415050000621704,False,
4348,0.0,0,0.0,0.0,optimal,0.08150510000268696,False,
4349,0.0,0,0.0,0.0,optimal,0.0745937000028789,False,
4350,0.0,0,0.0,0.0,optimal,0.08387420000508428,False,
4351,0.0,0,0.0,0.0,optimal,0.08054909999918891,False,
4352,0.0,0,0.0,0.0,optimal,0.07888320000347449,False,
4353,0.0,0,0.0,0.0,optimal,0.08203469999716617,False,
4354,0.0,0,0.0,0.0,optimal,0.08301670000219019,False,
4355,0.0,0,0.0,0.0,optimal,0.0800840999945649,False,
4356,0.0,0,0.0,0.0,optimal,0.08345679999911226,False,
4357,0.0,0,0.0,0.0,optimal,0.07357100000081118,False,
4358,0.0,0,0.0,0.0,optimal,0.08418450000317534,False,
4359,0.0,0,0.0,0.0,optimal,0.08920930000022054,False,
4360,0.0,0,0.0,0.0,optimal,0.08384859999932814,False,
4361,0.0,0,0.0,0.0,optimal,0.08060489999479614,False,
4362,0.0,0,0.0,0.0,optimal,0.09369470000092406,False,
4363,0.0,0,0.0,0.0,optimal,0.08232159999897704,False,
4364,0.0,0,0.0,0.0,optimal,0.08560369999759132,False,
4365,0.0,0,0.0,0.0,optimal,0.08339949999935925,False,
4366,0.0,0,0.0,0.0,optimal,0.08812670000042999,False,
4367,0.0,0,0.0,0.0,optimal,0.09046490000037011,False,
4368,0.0,0,0.0,0.0,optimal,0.0752894000033848,False,
4369,0.0,0,0.0,0.0,optimal,0.07918440000503324,False,
4370,0.0,0,0.0,0.0,optimal,0.08554179999919143,False,
4371,0.0,0,0.0,0.0,optimal,0.08052470000257017,False,
4372,0.0,0,0.0,0.0,optimal,0.09671309999976074,False,
4373,0.0,0,0.0,0.0,optimal,0.09946029999991879,False,
4374,0.0,0,0.0,0.0,optimal,0.09739899999840418,False,
4375,0.0,0,0.0,0.0,optimal,0.08716020000429126,False,
4376,0.0,0,0.0,0.0,optimal,0.08554340000409866,False,
4377,0.0,0,0.0,0.0,optimal,0.08392119999916758,False,
4378,0.0,0,0.0,0.0,optimal,0.09742399999959162,False,
4379,0.0,0,0.0,0.0,optimal,0.0848318000062136,False,
4380,0.0,0,0.0,0.0,optimal,0.09868819999974221,False,
4381,0.0,0,0.0,0.0,optimal,0.09862590000557248,False,
4382,0.0,0,0.0,0.0,optimal,0.08212610000191489,False,
4383,0.0,0,0.0,0.0,optimal,0.12181790000613546,False,
4384,0.0,0,0.0,0.0,optimal,0.09962470000027679,False,
4385,0.0,0,0.0,0.0,optimal,0.09614249999867752,False,
4386,0.0,0,0.0,0.0,optimal,0.09384270000009565,False,
4387,0.0,0,0.0,0.0,optimal,0.0911779000016395,False,
4388,0.0,0,0.0,0.0,optimal,0.09127609999995911,False,
4389,0.0,0,0.0,0.0,optimal,0.08517909999500262,False,
4390,0.0,0,0.0,0.0,optimal,0.0826974000010523,False,
4391,0.0,0,0.0,0.0,optimal,0.08630650000122841,False,
4392,0.0,0,0.0,0.0,optimal,0.09022710000135703,False,
4393,0.0,0,0.0,0.0,optimal,0.07930379999743309,False,
4394,0.0,0,0.0,0.0,optimal,0.08428129999811063,False,
4395,0.0,0,0.0,0.0,optimal,0.08728929999779211,False,
4396,0.0,0,0.0,0.0,optimal,0.08234239999728743,False,
4397,0.0,0,0.0,0.0,optimal,0.08851080000022193,False,
4398,0.0,0,0.0,0.0,optimal,0.08536069999536267,False,
4399,0.0,0,0.0,0.0,optimal,0.0849990999995498,False,
4400,0.0,0,0.0,0.0,optimal,0.08178010000119684,False,
4401,0.0,0,0.0,7331.666919429166,optimal,0.0858795000021928,False,
4402,0.0,0,0.0,15605.293692860148,optimal,0.08263060000172118,False,
4403,0.0,0,0.0,25432.90481270018,optimal,0.08241080000152579,False,
4404,0.0,0,0.0,33935.385748267254,optimal,0.07681440000305884,False,
4405,0.0,0,0.0,40764.913660474376,optimal,0.08376349999889499,False,
4406,0.0,0,0.0,34456.93055137416,optimal,0.1537298999974155,False,
4407,0.0,0,0.0,9125.53174934245,optimal,0.08295249999355292,False,
4408,0.0,0,0.0,0.0,optimal,0.08664220000355272,False,
4409,0.0,0,0.0,0.0,optimal,0.16371470000012778,False,
4410,0.0,0,0.0,0.0,optimal,0.08558690000063507,False,
4411,0.0,0,0.0,0.0,optimal,0.0843550999998115,False,
4412,0.0,0,0.0,0.0,optimal,0.082427600005758,False,
4413,0.0,0,0.0,0.0,optimal,0.09178170000086538,False,
4414,0.0,0,0.0,0.0,optimal,0.08416079999733483,False,
4415,0.0,0,0.0,0.0,optimal,0.09256299999833573,False,
4416,0.0,0,0.0,0.0,optimal,0.18296600000030594,False,
4417,0.0,0,0.0,0.0,optimal,0.0929818999939016,False,
4418,0.0,0,0.0,0.0,optimal,0.08533719999832101,False,
4419,0.0,0,0.0,0.0,optimal,0.09591179999551969,False,
4420,0.0,0,0.0,0.0,optimal,0.16879399999743327,False,
4421,0.0,0,0.0,0.0,optimal,0.0893902000025264,False,
4422,0.0,0,0.0,0.0,optimal,0.09109490000264486,False,
4423,0.0,0,0.0,0.0,optimal,0.18007319999742322,False,
4424,0.0,0,0.0,0.0,optimal,0.17414400000416208,False,
4425,0.0,0,0.0,0.0,optimal,0.09390210000128718,False,
4426,0.0,0,0.0,0.0,optimal,0.09304949999932433,False,
4427,0.0,0,0.0,0.0,optimal,0.1780921000026865,False,
4428,0.0,0,0.0,0.0,optimal,0.08815419999882579,False,
4429,0.0,0,0.0,0.0,optimal,0.0899377999958233,False,
4430,0.0,0,0.0,0.0,optimal,0.08697589999792399,False,
4431,0.0,0,0.0,0.0,optimal,0.18789290000131587,False,
4432,0.0,0,0.0,0.0,optimal,0.08293219999904977,False,
4433,0.0,0,0.0,0.0,optimal,0.08205109999835258,False,
4434,0.0,0,0.0,0.0,optimal,0.17612659999576863,False,
4435,0.0,0,0.0,0.0,optimal,0.08295319999888306,False,
4436,0.0,0,0.0,0.0,optimal,0.0860573999962071,False,
4437,0.0,0,0.0,0.0,optimal,0.20736059999762801,False,
4438,0.0,0,0.0,0.0,optimal,0.08553559999563731,False,
4439,0.0,0,0.0,0.0,optimal,0.18320520000270335,False,
4440,0.0,0,0.0,0.0,optimal,0.08647480000217911,False,
4441,0.0,0,0.0,0.0,optimal,0.08398339999985183,False,
4442,0.0,0,0.0,0.0,optimal,0.08942259999457747,False,
4443,0.0,0,0.0,0.0,optimal,0.08287650000420399,False,
4444,0.0,0,0.0,0.0,optimal,0.17201060000661528,False,
4445,0.0,0,0.0,0.0,optimal,0.08215219999692636,False,
4446,0.0,0,0.0,0.0,optimal,0.08003440000175033,False,
4447,0.0,0,0.0,0.0,optimal,0.08089430000109132,False,
4448,0.0,0,0.0,0.0,optimal,0.16122479999467032,False,
4449,0.0,0,0.0,0.0,optimal,0.0822926999971969,False,
4450,0.0,0,0.0,0.0,optimal,0.08241920000000391,False,
4451,0.0,0,0.0,0.0,optimal,0.08747310000035213,False,
4452,0.0,0,0.0,0.0,optimal,0.15922049999790033,False,
4453,0.0,0,0.0,0.0,optimal,0.07952289999957429,False,
4454,0.0,0,0.0,0.0,optimal,0.07658119999541668,False,
4455,0.0,0,0.0,0.0,optimal,0.08320929999899818,False,
4456,0.0,0,0.0,0.0,optimal,0.17263810000440571,False,
4457,0.0,0,0.0,0.0,optimal,0.08768009999766946,False,
4458,0.0,0,0.0,0.0,optimal,0.16193689999636263,False,
4459,0.0,0,0.0,0.0,optimal,0.08577519999380456,False,
4460,0.0,0,0.0,0.0,optimal,0.09226969999872381,False,
4461,0.0,0,0.0,0.0,optimal,0.18290999999589985,False,
4462,0.0,0,0.0,0.0,optimal,0.1878502000035951,False,
4463,0.0,0,0.0,0.0,optimal,0.09235610000177985,False,
4464,0.0,0,0.0,0.0,optimal,0.08572149999963585,False,
4465,0.0,0,0.0,0.0,optimal,0.1860945999942487,False,
4466,0.0,0,0.0,0.0,optimal,0.09036870000272756,False,
4467,0.0,0,0.0,0.0,optimal,0.0953360000057728,False,
4468,0.0,0,0.0,0.0,optimal,0.08588629999576369,False,
4469,0.0,0,0.0,0.0,optimal,0.08141429999523098,False,
4470,0.0,0,0.0,0.0,optimal,0.08751870000560302,False,
4471,0.0,0,0.0,0.0,optimal,0.08928320000268286,False,
4472,0.0,0,0.0,0.0,optimal,0.1840509000030579,False,
4473,0.0,0,0.0,0.0,optimal,0.08739530000457307,False,
4474,0.0,0,0.0,0.0,optimal,0.18367740000394406,False,
4475,0.0,0,0.0,0.0,optimal,0.08572889999777544,False,
4476,0.0,0,0.0,0.0,optimal,0.08486779999657301,False,
4477,0.0,0,0.0,0.0,optimal,0.08840040000359295,False,
4478,0.0,0,0.0,0.0,optimal,0.08931959999608807,False,
4479,0.0,0,0.0,0.0,optimal,0.08587510000506882,False,
4480,0.0,0,0.0,0.0,optimal,0.08652290000463836,False,
4481,0.0,0,0.0,0.0,optimal,0.08030180000059772,False,
4482,0.0,0,0.0,0.0,optimal,0.08409599999868078,False,
4483,0.0,0,0.0,0.0,optimal,0.08374230000481475,False,
4484,0.0,0,0.0,0.0,optimal,0.08356849999836413,False,
4485,0.0,0,0.0,0.0,optimal,0.08792610000091372,False,
4486,0.0,0,0.0,0.0,optimal,0.0834755000032601,False,
4487,0.0,0,0.0,0.0,optimal,0.08577669999795035,False,
4488,0.0,0,0.0,0.0,optimal,0.0865027000036207,False,
4489,0.0,0,0.0,0.0,optimal,0.0858005000045523,False,
4490,0.0,0,0.0,0.0,optimal,0.08527229999890551,False,
4491,0.0,0,0.0,0.0,optimal,0.08558169999741949,False,
4492,0.0,0,0.0,0.0,optimal,0.07998370000132127,False,
4493,0.0,0,0.0,0.0,optimal,0.0863238999954774,False,
4494,0.0,0,0.0,0.0,optimal,0.08576059999904828,False,
4495,0.0,0,0.0,0.0,optimal,0.09765859999606619,False,
4496,0.0,0,0.0,0.0,optimal,0.08436079999955837,False,
4497,0.0,0,0.0,0.0,optimal,0.09201929999835556,False,
4498,0.0,0,0.0,0.0,optimal,0.08841670000401791,False,
4499,0.0,0,0.0,0.0,optimal,0.08917400000063935,False,
4500,0.0,0,0.0,0.0,optimal,0.08768019999843091,False,
4501,0.0,0,0.0,0.0,optimal,0.08597640000516549,False,
4502,0.0,0,0.0,0.0,optimal,0.08557220000511734,False,
4503,0.0,0,0.0,0.0,optimal,0.08832230000552954,False,
4504,0.0,0,0.0,0.0,optimal,0.08280389999708859,False,
4505,0.0,0,0.0,0.0,optimal,0.09645869999803836,False,
4506,0.0,0,0.0,0.0,optimal,0.08479310000257101,False,
4507,0.0,0,0.0,0.0,optimal,0.09190479999961099,False,
4508,0.0,0,0.0,0.0,optimal,0.08869200000481214,False,
4509,0.0,0,0.0,0.0,optimal,0.0831871999980649,False,
4510,0.0,0,0.0,0.0,optimal,0.08398409999790601,False,
4511,0.0,0,0.0,0.0,optimal,0.0822621999977855,False,
4512,0.0,0,0.0,0.0,optimal,0.08420149999437854,False,
4513,0.0,0,0.0,0.0,optimal,0.08388190000550821,False,
4514,0.0,0,0.0,0.0,optimal,0.08391629999823635,False,
4515,0.0,0,0.0,0.0,optimal,0.08115879999968456,False,
4516,0.0,0,0.0,0.0,optimal,0.08852930000284687,False,
4517,0.0,0,0.0,0.0,optimal,0.08380420000321465,False,
4518,0.0,0,0.0,0.0,optimal,0.08358900000166614,False,
4519,0.0,0,0.0,0.0,optimal,0.08435929999541258,False,
4520,0.0,0,0.0,0.0,optimal,0.08714139999938197,False,
4521,0.0,0,0.0,0.0,optimal,0.08799730000464479,False,
4522,0.0,0,0.0,0.0,optimal,0.08667989999958081,False,
4523,0.0,0,0.0,0.0,optimal,0.08365780000167433,False,
4524,0.0,0,0.0,0.0,optimal,0.08591130000422709,False,
4525,0.0,0,0.0,0.0,optimal,0.08500919999642065,False,
4526,0.0,0,0.0,0.0,optimal,0.08239080000203103,False,
4527,0.0,0,0.0,0.0,optimal,0.08823709999705898,False,
4528,0.0,0,0.0,0.0,optimal,0.07824319999781437,False,
4529,0.0,0,0.0,0.0,optimal,0.08428299999650335,False,
4530,0.0,0,0.0,0.0,optimal,0.0816871999995783,False,
4531,0.0,0,0.0,0.0,optimal,0.16325169999618083,False,
4532,0.0,0,0.0,0.0,optimal,0.0845125999985612,False,
4533,0.0,0,0.0,6180.746224728914,optimal,0.08403359999647364,False,
4534,0.0,0,0.0,18625.500459058436,optimal,0.08301769999525277,False,
4535,0.0,0,0.0,51832.62098477229,optimal,0.1651445000024978,False,
4536,0.0,0,0.0,109977.76786791296,optimal,0.08427340000343975,False,
4537,0.0,0,0.0,151934.74930167798,optimal,0.08730869999999413,False,
4538,0.0,0,0.0,180094.94464980636,optimal,0.08196719999978086,False,
4539,0.0,0,0.0,227334.86115725955,optimal,0.0856911000009859,False,
4540,0.0,0,0.0,261491.04026734713,optimal,0.08320300000195857,False,
4541,0.0,0,0.0,252415.78742191292,optimal,0.15873740000097314,False,
4542,0.0,0,0.0,232235.67178371525,optimal,0.08640290000039386,False,
4543,0.0,0,0.0,247718.2598385747,optimal,0.08095050000702031,False,
4544,0.0,0,0.0,233826.41645424243,optimal,0.08554489999369252,False,
4545,0.0,0,0.0,192303.37473371296,optimal,0.08067280000250321,False,
4546,0.0,0,0.0,165754.88741033166,optimal,0.1577885000006063,False,
4547,0.0,0,0.0,133765.2891102682,optimal,0.08604980000382056,False,
4548,0.0,0,0.0,105010.5758691601,optimal,0.09195419999741716,False,
4549,0.0,0,0.0,57580.354611017596,optimal,0.1698093999948469,False,
4550,0.0,0,0.0,13467.062775599343,optimal,0.08842559999902733,False,
4551,0.0,0,0.0,0.0,optimal,0.16244050000386778,False,
4552,0.0,0,0.0,0.0,optimal,0.08482809999986785,False,
4553,0.0,0,0.0,0.0,optimal,0.17011900000215974,False,
4554,0.0,0,0.0,0.0,optimal,0.08695379999699071,False,
4555,0.0,0,0.0,0.0,optimal,0.08324339999671793,False,
4556,0.0,0,0.0,0.0,optimal,0.08828789999824949,False,
4557,0.0,0,0.0,0.0,optimal,0.09103180000238353,False,
4558,0.0,0,0.0,0.0,optimal,0.17643179999868153,False,
4559,0.0,0,0.0,0.0,optimal,0.08012549999693874,False,
4560,0.0,0,0.0,0.0,optimal,0.1650013999969815,False,
4561,0.0,0,0.0,0.0,optimal,0.09307559999433579,False,
4562,0.0,0,0.0,0.0,optimal,0.08350280000013299,False,
4563,0.0,0,0.0,0.0,optimal,0.16637970000010682,False,
4564,0.0,0,0.0,0.0,optimal,0.07672479999746429,False,
4565,0.0,0,0.0,0.0,optimal,0.08361750000040047,False,
4566,0.0,0,0.0,0.0,optimal,0.1611960999944131,False,
4567,0.0,0,0.0,0.0,optimal,0.08192910000070697,False,
4568,0.0,0,0.0,0.0,optimal,0.08472340000298573,False,
4569,0.0,0,0.0,0.0,optimal,0.08376480000151787,False,
4570,0.0,0,0.0,0.0,optimal,0.16435370000544935,False,
4571,0.0,0,0.0,0.0,optimal,0.08489929999632295,False,
4572,0.0,0,0.0,0.0,optimal,0.07988239999394864,False,
4573,0.0,0,0.0,0.0,optimal,0.1677958000000217,False,
4574,0.0,0,0.0,0.0,optimal,0.08413370000198483,False,
4575,0.0,0,0.0,0.0,optimal,0.08843290000368143,False,
4576,0.0,0,0.0,0.0,optimal,0.1503099999972619,False,
4577,0.0,0,0.0,0.0,optimal,0.07399370000348426,False,
4578,0.0,0,0.0,0.0,optimal,0.08506569999735802,False,
4579,0.0,0,0.0,0.0,optimal,0.08254860000306508,False,
4580,0.0,0,0.0,0.0,optimal,0.0839546999995946,False,
4581,0.0,0,0.0,0.0,optimal,0.08316020000347635,False,
4582,0.0,0,0.0,0.0,optimal,0.17093129999557277,False,
4583,0.0,0,0.0,0.0,optimal,0.10382459999527782,False,
4584,0.0,0,0.0,0.0,optimal,0.16990049999731127,False,
4585,0.0,0,0.0,0.0,optimal,0.0942473000031896,False,
4586,0.0,0,0.0,0.0,optimal,0.0872836000053212,False,
4587,0.0,0,0.0,0.0,optimal,0.17461629999888828,False,
4588,0.0,0,0.0,0.0,optimal,0.16991979999875184,False,
4589,0.0,0,0.0,0.0,optimal,0.08039649999409448,False,
4590,0.0,0,0.0,0.0,optimal,0.0890618000048562,False,
4591,0.0,0,0.0,0.0,optimal,0.1694705999980215,False,
4592,0.0,0,0.0,0.0,optimal,0.08633549999649404,False,
4593,0.0,0,0.0,0.0,optimal,0.0826290000040899,False,
4594,0.0,0,0.0,0.0,optimal,0.08320590000221273,False,
4595,0.0,0,0.0,0.0,optimal,0.08207330000004731,False,
4596,0.0,0,0.0,0.0,optimal,0.08540650000213645,False,
4597,0.0,0,0.0,0.0,optimal,0.08642110000073444,False,
4598,0.0,0,0.0,0.0,optimal,0.17046400000253925,False,
4599,0.0,0,0.0,0.0,optimal,0.09060840000165626,False,
4600,0.0,0,0.0,0.0,optimal,0.08762090000527678,False,
4601,0.0,0,0.0,0.0,optimal,0.1638542000000598,False,
4602,0.0,0,0.0,0.0,optimal,0.09698159999970812,False,
4603,0.0,0,0.0,0.0,optimal,0.09415669999725651,False,
4604,0.0,0,0.0,0.0,optimal,0.08880199999839533,False,
4605,0.0,0,0.0,0.0,optimal,0.08929429999989225,False,
4606,0.0,0,0.0,0.0,optimal,0.08890130000509089,False,
4607,0.0,0,0.0,0.0,optimal,0.08463920000212966,False,
4608,0.0,0,0.0,0.0,optimal,0.08644300000014482,False,
4609,0.0,0,0.0,0.0,optimal,0.08436699999583652,False,
4610,0.0,0,0.0,0.0,optimal,0.08912229999987176,False,
4611,0.0,0,0.0,0.0,optimal,0.09045899999910034,False,
4612,0.0,0,0.0,0.0,optimal,0.07831140000052983,False,
4613,0.0,0,0.0,0.0,optimal,0.08050289999664528,False,
4614,0.0,0,0.0,0.0,optimal,0.07839059999969322,False,
4615,0.0,0,0.0,0.0,optimal,0.07449320000159787,False,
4616,0.0,0,0.0,0.0,optimal,0.07906819999334402,False,
4617,0.0,0,0.0,0.0,optimal,0.08245159999933094,False,
4618,0.0,0,0.0,0.0,optimal,0.07999519999430049,False,
4619,0.0,0,0.0,0.0,optimal,0.08541419999528443,False,
4620,0.0,0,0.0,113.73544470386894,optimal,0.07901960000162944,False,
4621,0.0,0,0.0,20748.739620490087,optimal,0.08710469999641646,False,
4622,0.0,0,0.0,21169.1978404893,optimal,0.09238389999518404,False,
4623,0.0,0,0.0,21918.02242925071,optimal,0.0906609000012395,False,
4624,0.0,0,0.0,4698.2090389362065,optimal,0.09286840000277152,False,
4625,0.0,0,0.0,0.0,optimal,0.0870333999991999,False,
4626,0.0,0,0.0,0.0,optimal,0.08238749999873107,False,
4627,0.0,0,0.0,0.0,optimal,0.07908909999969183,False,
4628,0.0,0,0.0,0.0,optimal,0.08540609999909066,False,
4629,0.0,0,0.0,13855.384973194934,optimal,0.08561650000046939,False,
4630,0.0,0,0.0,23845.63025303879,optimal,0.08290480000141542,False,
4631,0.0,0,0.0,31148.34186682097,optimal,0.08331560000078753,False,
4632,0.0,0,0.0,40064.55677681573,optimal,0.07733720000396715,False,
4633,0.0,0,0.0,50313.76665845346,optimal,0.0830954000048223,False,
4634,0.0,0,0.0,67700.02960776119,optimal,0.07697010000265436,False,
4635,0.0,0,0.0,76350.61369794763,optimal,0.08022519999940414,False,
4636,0.0,0,0.0,52417.41683390063,optimal,0.08310429999983171,False,
4637,0.0,0,0.0,38839.53380810946,optimal,0.08033850000356324,False,
4638,0.0,0,0.0,54675.82085029872,optimal,0.08308209999813698,False,
4639,0.0,0,0.0,64553.03103750638,optimal,0.08589610000490211,False,
4640,0.0,0,0.0,70717.60431163866,optimal,0.08075960000132909,False,
4641,0.0,0,0.0,79691.29403343539,optimal,0.07812279999780003,False,
4642,0.0,0,0.0,87939.0409403621,optimal,0.07328009999764618,False,
4643,0.0,0,0.0,97128.39768274625,optimal,0.0794504999939818,False,
4644,0.0,0,0.0,101745.30696236528,optimal,0.08045700000366196,False,
4645,0.0,0,0.0,101435.433350708,optimal,0.0749087000003783,False,
4646,0.0,0,0.0,100387.32653531626,optimal,0.08257730000332231,False,
4647,0.0,0,0.0,90538.1622371791,optimal,0.08062380000046687,False,
4648,0.0,0,0.0,80653.08048169006,optimal,0.08777800000098068,False,
4649,0.0,0,0.0,72858.45394941236,optimal,0.08675080000102753,False,
4650,0.0,0,0.0,71285.177822015,optimal,0.09006349999981467,False,
4651,0.0,0,0.0,78503.05018641744,optimal,0.07908619999943767,False,
4652,0.0,0,0.0,90438.22434771333,optimal,0.09039080000366084,False,
4653,0.0,0,0.0,96359.91684091678,optimal,0.08906320000096457,False,
4654,0.0,0,0.0,99037.04796779247,optimal,0.08459270000457764,False,
4655,0.0,0,0.0,95792.28312128915,optimal,0.08589629999914905,False,
4656,0.0,0,0.0,91893.40921771202,optimal,0.08021930000541033,False,
4657,0.0,0,0.0,101739.41382575975,optimal,0.0788371999951778,False,
4658,0.0,0,0.0,113580.7271270886,optimal,0.08413740000105463,False,
4659,0.0,0,0.0,127704.37029846918,optimal,0.08740419999958249,False,
4660,0.0,0,0.0,142942.36823505943,optimal,0.08552960000088206,False,
4661,0.0,0,0.0,158085.90509904147,optimal,0.0814020999969216,False,
4662,0.0,0,0.0,173420.5113665504,optimal,0.08633939999708673,False,
4663,0.0,0,0.0,185442.19427377247,optimal,0.08739419999619713,False,
4664,0.0,0,0.0,182920.35451807512,optimal,0.08300320000125794,False,
4665,0.0,0,0.0,174379.65198683678,optimal,0.07891779999772552,False,
4666,0.0,0,0.0,132088.83729309114,optimal,0.08442129999457393,False,
4667,0.0,0,0.0,94983.98366299477,optimal,0.08268870000028983,False,
4668,0.0,0,0.0,58791.95385047412,optimal,0.08122259999800008,False,
4669,0.0,0,0.0,20696.411230646565,optimal,0.08111820000340231,False,
4670,0.0,0,0.0,919.6786807812405,optimal,0.08241429999907268,False,
4671,0.0,0,0.0,0.0,optimal,0.08020920000126353,False,
4672,0.0,0,0.0,0.0,optimal,0.07666659999813419,False,
4673,0.0,0,0.0,0.0,optimal,0.086632999998983,False,
4674,0.0,0,0.0,0.0,optimal,0.08243919999949867,False,
4675,0.0,0,0.0,0.0,optimal,0.07749580000381684,False,
4676,0.0,0,0.0,0.0,optimal,0.077252100003534,False,
4677,0.0,0,0.0,0.0,optimal,0.08029269999678945,False,
4678,0.0,0,0.0,7141.766876663503,optimal,0.07901470000069821,False,
4679,0.0,0,0.0,25044.92809627368,optimal,0.16050689999974566,False,
4680,0.0,0,0.0,36198.13906457781,optimal,0.0748124999954598,False,
4681,0.0,0,0.0,45082.48695229025,optimal,0.08857729999726871,False,
4682,0.0,0,0.0,54236.249190171984,optimal,0.08911700000317069,False,
4683,0.0,0,0.0,72018.95017537742,optimal,0.1721274999945308,False,
4684,0.0,0,0.0,87317.8515721671,optimal,0.09318969999731053,False,
4685,0.0,0,0.0,91931.6025724637,optimal,0.09213430000090739,False,
4686,0.0,0,0.0,97229.87395969947,optimal,0.10212020000471966,False,
4687,0.0,0,0.0,92390.9534464748,optimal,0.08872780000092462,False,
4688,0.0,0,0.0,76941.11101320348,optimal,0.20478469999943627,False,
4689,0.0,0,0.0,56462.801323763255,optimal,0.12251589999505086,False,
4690,0.0,0,0.0,19838.36864440622,optimal,0.1290934999997262,False,
4691,0.0,0,0.0,0.0,optimal,0.12150410000322154,False,
4692,0.0,0,0.0,0.0,optimal,0.2194370999932289,False,
4693,0.0,0,0.0,0.0,optimal,0.13395429999945918,False,
4694,0.0,0,0.0,0.0,optimal,0.13298900000518188,False,
4695,0.0,0,0.0,0.0,optimal,0.1366455000024871,False,
4696,0.0,0,0.0,0.0,optimal,0.2353928000011365,False,
4697,0.0,0,0.0,0.0,optimal,0.13763610000023618,False,
4698,0.0,0,0.0,0.0,optimal,0.12847119999787537,False,
4699,0.0,0,0.0,0.0,optimal,0.22101229999680072,False,
4700,0.0,0,0.0,0.0,optimal,0.13579549999849405,False,
4701,0.0,0,0.0,0.0,optimal,0.19826629999442957,False,
4702,0.0,0,0.0,0.0,optimal,0.10999449999508215,False,
4703,0.0,0,0.0,0.0,optimal,0.1163075000004028,False,
4704,0.0,0,0.0,0.0,optimal,0.10200199999962933,False,
4705,0.0,0,0.0,0.0,optimal,0.1946555000031367,False,
4706,0.0,0,0.0,0.0,optimal,0.10992170000099577,False,
4707,0.0,0,0.0,0.0,optimal,0.17287400000350317,False,
4708,0.0,0,0.0,0.0,optimal,0.08410559999902034,False,
4709,0.0,0,0.0,0.0,optimal,0.09210400000301888,False,
4710,0.0,0,0.0,0.0,optimal,0.08946079999441281,False,
4711,0.0,0,0.0,0.0,optimal,0.18273990000307094,False,
4712,0.0,0,0.0,0.0,optimal,0.09523260000423761,False,
4713,0.0,0,0.0,0.0,optimal,0.18768550000095274,False,
4714,0.0,0,0.0,0.0,optimal,0.10234610000043176,False,
4715,0.0,0,0.0,0.0,optimal,0.11423110000032466,False,
4716,0.0,0,0.0,0.0,optimal,0.0914453000004869,False,
4717,0.0,0,0.0,0.0,optimal,0.18591569999989588,False,
4718,0.0,0,0.0,0.0,optimal,0.1014017999987118,False,
4719,0.0,0,0.0,0.0,optimal,0.10018750000017462,False,
4720,0.0,0,0.0,0.0,optimal,0.1846977000022889,False,
4721,0.0,0,0.0,0.0,optimal,0.08743639999738662,False,
4722,0.0,0,0.0,0.0,optimal,0.09734770000068238,False,
4723,0.0,0,0.0,0.0,optimal,0.10218860000168206,False,
4724,0.0,0,0.0,0.0,optimal,0.18888439999864204,False,
4725,0.0,0,0.0,0.0,optimal,0.10069999999541324,False,
4726,0.0,0,0.0,0.0,optimal,0.11397849999775644,False,
4727,0.0,0,0.0,0.0,optimal,0.11047469999903115,False,
4728,0.0,0,0.0,0.0,optimal,0.10935130000143545,False,
4729,0.0,0,0.0,0.0,optimal,0.2185624000048847,False,
4730,0.0,0,0.0,0.0,optimal,0.14242190000368282,False,
4731,0.0,0,0.0,0.0,optimal,0.14098299999750452,False,
4732,0.0,0,0.0,17.79714100074814,optimal,0.23758529999759048,False,
4733,0.0,0,0.0,19625.445088049444,optimal,0.14708080000127666,False,
4734,0.0,0,0.0,46448.27894693574,optimal,0.2351593000057619,False,
4735,0.0,0,0.0,68017.31671003257,optimal,0.1369118000002345,False,
4736,0.0,0,0.0,92407.4822849929,optimal,0.135791299995617,False,
4737,0.0,0,0.0,105573.38660664775,optimal,0.21734940000169445,False,
4738,0.0,0,0.0,116569.41579306952,optimal,0.20802489999914542,False,
4739,0.0,0,0.0,129876.96880945719,optimal,0.1288598999963142,False,
4740,0.0,0,0.0,141832.8274124723,optimal,0.11732940000365488,False,
4741,0.0,0,0.0,151190.39086156085,optimal,0.10150989999965532,False,
4742,0.0,0,0.0,143829.0445051971,optimal,0.07992089999606833,False,
4743,0.0,0,0.0,115896.09899240403,optimal,0.1073541000005207,False,
4744,0.0,0,0.0,95535.72004755764,optimal,0.09207030000106897,False,
4745,0.0,0,0.0,78568.61306417722,optimal,0.19797770000150194,False,
4746,0.0,0,0.0,63628.89130195364,optimal,0.12304929999663727,False,
4747,0.0,0,0.0,54270.691517674386,optimal,0.10308499999518972,False,
4748,0.0,0,0.0,32229.000726088776,optimal,0.19322529999772087,False,
4749,0.0,0,0.0,25420.306823725427,optimal,0.11194249999971362,False,
4750,0.0,0,0.0,27078.24678527831,optimal,0.10630339999624994,False,
4751,0.0,0,0.0,34615.27552146561,optimal,0.10983439999836264,False,
4752,0.0,0,0.0,29910.942381460176,optimal,0.11645940000016708,False,
4753,0.0,0,0.0,42657.75133365369,optimal,0.125307199996314,False,
4754,0.0,0,0.0,71319.26651460087,optimal,0.13333879999845522,False,
4755,0.0,0,0.0,87360.349012353,optimal,0.13058940000337316,False,
4756,0.0,0,0.0,94861.77295483225,optimal,0.1305888999995659,False,
4757,0.0,0,0.0,102558.73070067601,optimal,0.12895190000563161,False,
4758,0.0,0,0.0,108414.84542844018,optimal,0.13085290000162786,False,
4759,0.0,0,0.0,117624.49384727306,optimal,0.1276806999958353,False,
4760,0.0,0,0.0,137628.2867627489,optimal,0.12108749999606516,False,
4761,0.0,0,0.0,117068.43514517078,optimal,0.10369279999576975,False,
4762,0.0,0,0.0,114778.33075552009,optimal,0.10502279999491293,False,
4763,0.0,0,0.0,106861.1704047523,optimal,0.0915307000032044,False,
4764,0.0,0,0.0,72608.46703692494,optimal,0.09156820000498556,False,
4765,0.0,0,0.0,41854.53871239136,optimal,0.09080259999609552,False,
4766,0.0,0,0.0,21177.715744681886,optimal,0.10356610000599176,False,
4767,0.0,0,0.0,0.0,optimal,0.10120250000181841,False,
4768,0.0,0,0.0,0.0,optimal,0.1053842999972403,False,
4769,0.0,0,0.0,0.0,optimal,0.1045458000007784,False,
4770,0.0,0,0.0,0.0,optimal,0.11445600000297418,False,
4771,0.0,0,0.0,0.0,optimal,0.12915739999880316,False,
4772,0.0,0,0.0,0.0,optimal,0.1333639000004041,False,
4773,0.0,0,0.0,0.0,optimal,0.12516950000281213,False,
4774,0.0,0,0.0,0.0,optimal,0.11986109999998007,False,
4775,0.0,0,0.0,0.0,optimal,0.11007160000008298,False,
4776,0.0,0,0.0,0.0,optimal,0.09442159999889554,False,
4777,0.0,0,0.0,0.0,optimal,0.09549169999809237,False,
4778,0.0,0,0.0,0.0,optimal,0.11647669999365462,False,
4779,0.0,0,0.0,15379.993727849616,optimal,0.11124820000259206,False,
4780,0.0,0,0.0,18925.00609852513,optimal,0.11260870000114664,False,
4781,0.0,0,0.0,21196.084210121764,optimal,0.10753529999783495,False,
4782,0.0,0,0.0,10356.769586391014,optimal,0.0932461999982479,False,
4783,0.0,0,0.0,10956.014618261404,optimal,0.09635350000462495,False,
4784,0.0,0,0.0,8160.252000690899,optimal,0.1087857000020449,False,
4785,0.0,0,0.0,5378.105802186724,optimal,0.11568170000100508,False,
4786,0.0,0,0.0,0.0,optimal,0.10166490000119666,False,
4787,0.0,0,0.0,0.0,optimal,0.08772910000698175,False,
4788,0.0,0,0.0,0.0,optimal,0.10701479999988806,False,
4789,0.0,0,0.0,0.0,optimal,0.12116230000538053,False,
4790,0.0,0,0.0,0.0,optimal,0.11772760000167182,False,
4791,0.0,0,0.0,0.0,optimal,0.09405379999952856,False,
4792,0.0,0,0.0,0.0,optimal,0.0962883000029251,False,
4793,0.0,0,0.0,0.0,optimal,0.10067970000091009,False,
4794,0.0,0,0.0,0.0,optimal,0.10499529999651713,False,
4795,0.0,0,0.0,0.0,optimal,0.09768269999767654,False,
4796,0.0,0,0.0,0.0,optimal,0.11132660000293981,False,
4797,0.0,0,0.0,0.0,optimal,0.10099300000001676,False,
4798,0.0,0,0.0,0.0,optimal,0.08760730000358308,False,
4799,0.0,0,0.0,0.0,optimal,0.07879959999991115,False,
4800,0.0,0,0.0,0.0,optimal,0.08947089999855962,False,
4801,0.0,0,0.0,0.0,optimal,0.07998959999531507,False,
4802,0.0,0,0.0,0.0,optimal,0.08077210000192281,False,
4803,0.0,0,0.0,11497.132148169228,optimal,0.08009660000243457,False,
4804,0.0,0,0.0,29135.14474176374,optimal,0.08442130000184989,False,
4805,0.0,0,0.0,46893.961386830815,optimal,0.16136130000086268,False,
4806,0.0,0,0.0,60743.674072522175,optimal,0.07593919999635546,False,
4807,0.0,0,0.0,72108.61328688059,optimal,0.08559230000537354,False,
4808,0.0,0,0.0,94115.08487394979,optimal,0.17090530000132276,False,
4809,0.0,0,0.0,91742.2918271118,optimal,0.08425399999396177,False,
4810,0.0,0,0.0,101044.08905860296,optimal,0.08684590000484604,False,
4811,0.0,0,0.0,122694.2085063164,optimal,0.0809062999978778,False,
4812,0.0,0,0.0,141720.30796527618,optimal,0.08597229999577394,False,
4813,0.0,0,0.0,159675.77792253793,optimal,0.07927120000385912,False,
4814,0.0,0,0.0,175568.68220227488,optimal,0.07906540000112727,False,
4815,0.0,0,0.0,191775.350536596,optimal,0.17580289999750676,False,
4816,0.0,0,0.0,203471.62029510466,optimal,0.08116689999587834,False,
4817,0.0,0,0.0,211021.43686792802,optimal,0.0834988999995403,False,
4818,0.0,0,0.0,230025.47795710174,optimal,0.1652440999969258,False,
4819,0.0,0,0.0,261502.85813398904,optimal,0.0862011999997776,False,
4820,0.0,0,0.0,299323.1684476622,optimal,0.079348300001584,False,
4821,0.0,0,0.0,329215.761554017,optimal,0.08202830000664108,False,
4822,0.0,0,0.0,358030.00719183916,optimal,0.15870859999995446,False,
4823,0.0,0,0.0,433383.84861092234,optimal,0.0781451999937417,False,
4824,0.0,0,0.0,476789.87374603085,optimal,0.07962160000170115,False,
4825,0.0,0,0.0,488376.0445347441,optimal,0.16666059999988647,False,
4826,0.0,0,0.0,459035.07212565275,optimal,0.08573960000649095,False,
4827,0.0,0,0.0,450767.77600842,optimal,0.15513930000452092,False,
4828,0.0,0,0.0,435950.6369332622,optimal,0.0812281000035,False,
4829,0.0,0,0.0,433811.4905889303,optimal,0.08507409999583615,False,
4830,0.0,0,0.0,433970.4249531386,optimal,0.07903390000137733,False,
4831,0.0,0,0.0,426819.4630808806,optimal,0.08002019999548793,False,
4832,0.0,0,0.0,430489.17692616885,optimal,0.1593256999985897,False,
4833,0.0,0,0.0,411474.8446187558,optimal,0.1617065999962506,False,
4834,0.0,0,0.0,411103.5534706373,optimal,0.0796358000006876,False,
4835,0.0,0,0.0,416451.97210358764,optimal,0.08030130000406643,False,
4836,0.0,0,0.0,414366.85014217935,optimal,0.17017889999988256,False,
4837,0.0,0,0.0,404389.2326882279,optimal,0.08416000000579515,False,
4838,0.0,0,0.0,401902.4607949871,optimal,0.07698600000003353,False,
4839,0.0,0,0.0,393172.0833102088,optimal,0.15193770000041695,False,
4840,0.0,0,0.0,388523.7787790316,optimal,0.07988050000130897,False,
4841,0.0,0,0.0,380490.2588105851,optimal,0.08713830000488088,False,
4842,0.0,0,0.0,379440.3001299572,optimal,0.09383740000339458,False,
4843,0.0,0,0.0,399664.05501815473,optimal,0.08511349999753293,False,
4844,0.0,0,0.0,418658.5638559115,optimal,0.16129430000000866,False,
4845,0.0,0,0.0,417512.7553733661,optimal,0.09088550000160467,False,
4846,0.0,0,0.0,429895.9857998504,optimal,0.17178039999998873,False,
4847,0.0,0,0.0,413951.4561937527,optimal,0.08457249999628402,False,
4848,0.0,0,0.0,426487.1549985926,optimal,0.08563030000368599,False,
4849,0.0,0,0.0,441402.04934530746,optimal,0.1552612000014051,False,
4850,0.0,0,0.0,460193.60410163266,optimal,0.08662460000050487,False,
4851,0.0,0,0.0,478964.5666952266,optimal,0.08148929999879329,False,
4852,0.0,0,0.0,497041.15937901183,optimal,0.0937128000005032,False,
4853,0.0,0,0.0,513961.7896946095,optimal,0.08827400000154739,False,
4854,0.0,0,0.0,528460.646055668,optimal,0.08934790000057546,False,
4855,0.0,0,0.0,547263.7548949595,optimal,0.1714267999996082,False,
4856,0.0,0,0.0,549617.6910047464,optimal,0.08733019999635871,False,
4857,0.0,0,0.0,548466.9979682724,optimal,0.17352740000205813,False,
4858,0.0,0,0.0,554069.9221294739,optimal,0.08160889999999199,False,
4859,0.0,0,0.0,556865.1826737963,optimal,0.08271750000130851,False,
4860,0.0,0,0.0,557151.279461951,optimal,0.17498199999681674,False,
4861,0.0,0,0.0,555901.1138963931,optimal,0.08570460000191815,False,
4862,0.0,0,0.0,533379.901272022,optimal,0.08316719999857014,False,
4863,0.0,0,0.0,500257.2554772303,optimal,0.18011689999548253,False,
4864,0.0,0,0.0,471925.25116326846,optimal,0.18247309999424033,False,
4865,0.0,0,0.0,421376.68862248596,optimal,0.09276260000478942,False,
4866,0.0,0,0.0,383254.3172938835,optimal,0.08866999999736436,False,
4867,0.0,0,0.0,349652.9331117341,optimal,0.08191109999461332,False,
4868,0.0,0,0.0,336093.0507196751,optimal,0.08056799999758368,False,
4869,0.0,0,0.0,344309.5854694639,optimal,0.08105790000263369,False,
4870,0.0,0,0.0,349501.5243020739,optimal,0.085369600004924,False,
4871,0.0,0,0.0,348934.47413290956,optimal,0.1626754000026267,False,
4872,0.0,0,0.0,365810.34010202304,optimal,0.08082290000311332,False,
4873,0.0,0,0.0,409492.57407236967,optimal,0.08056219999707537,False,
4874,0.0,0,0.0,456608.36121460074,optimal,0.1701796999986982,False,
4875,0.0,0,0.0,502970.3839853976,optimal,0.08287659999768948,False,
4876,0.0,0,0.0,541069.9084972604,optimal,0.08198360000096727,False,
4877,0.0,0,0.0,572937.7418139675,optimal,0.07963800000288757,False,
4878,0.0,0,0.0,608762.7251385968,optimal,0.07973560000391444,False,
4879,0.0,0,0.0,632716.6458307491,optimal,0.08639869999751681,False,
4880,0.0,0,0.0,656097.7163941837,optimal,0.08059420000063255,False,
4881,0.0,0,0.0,635047.8093874337,optimal,0.07892919999721926,False,
4882,0.0,0,0.0,595110.7188886128,optimal,0.08282519999920623,False,
4883,0.0,0,0.0,529126.7892482358,optimal,0.07927660000132164,False,
4884,0.0,0,0.0,454240.1194044328,optimal,0.1005765000008978,False,
4885,0.0,0,0.0,403649.79372047505,optimal,0.08637759999692207,False,
4886,0.0,0,0.0,329632.9503721009,optimal,0.09724389999610139,False,
4887,0.0,0,0.0,287579.26310566254,optimal,0.09976869999809423,False,
4888,0.0,0,0.0,251365.0354121567,optimal,0.12159299999620998,False,
4889,0.0,0,0.0,221274.75164114323,optimal,0.0868869000041741,False,
4890,0.0,0,0.0,208736.28047124983,optimal,0.12020740000298247,False,
4891,0.0,0,0.0,201501.71704557398,optimal,0.10271620000276016,False,
4892,0.0,0,0.0,209996.9182578917,optimal,0.13096789999690372,False,
4893,0.0,0,0.0,233257.5625872861,optimal,0.12329070000123465,False,
4894,0.0,0,0.0,241467.57312311284,optimal,0.10855499999888707,False,
4895,0.0,0,0.0,255626.09393962927,optimal,0.11413159999938216,False,
4896,0.0,0,0.0,276203.37561279855,optimal,0.09458520000043791,False,
4897,0.0,0,0.0,292009.42115915514,optimal,0.0928593999997247,False,
4898,0.0,0,0.0,318621.4471621685,optimal,0.09416050000436371,False,
4899,0.0,0,0.0,355542.29611339216,optimal,0.10742029999528313,False,
4900,0.0,0,0.0,392794.4353747804,optimal,0.12417509999795584,False,
4901,0.0,0,0.0,431301.8027590705,optimal,0.134460900000704,False,
4902,0.0,0,0.0,437886.6660636152,optimal,0.13489919999847189,False,
4903,0.0,0,0.0,440570.73283692484,optimal,0.12355640000168933,False,
4904,0.0,0,0.0,457900.78689473704,optimal,0.11681270000553923,False,
4905,0.0,0,0.0,519314.0785261955,optimal,0.10365340000134893,False,
4906,0.0,0,0.0,525539.2820766344,optimal,0.09404309999808902,False,
4907,0.0,0,0.0,482955.1973537832,optimal,0.09896160000062082,False,
4908,0.0,0,0.0,435075.5754646654,optimal,0.09472729999833973,False,
4909,0.0,0,0.0,404739.3279664115,optimal,0.08841039999970235,False,
4910,0.0,0,0.0,375246.0409296151,optimal,0.08480300000519492,False,
4911,0.0,0,0.0,344047.3885478256,optimal,0.08005299999786075,False,
4912,0.0,0,0.0,312499.9508341669,optimal,0.07932559999608202,False,
4913,0.0,0,0.0,314182.69946337875,optimal,0.07783220000419533,False,
4914,0.0,0,0.0,320817.4315703114,optimal,0.07884539999940898,False,
4915,0.0,0,0.0,323794.6529812508,optimal,0.08176190000085626,False,
4916,0.0,0,0.0,322443.60873252765,optimal,0.08611790000577457,False,
4917,0.0,0,0.0,326339.30626125267,optimal,0.07950320000236388,False,
4918,0.0,0,0.0,331690.68791409064,optimal,0.07892900000297232,False,
4919,0.0,0,0.0,342890.23283451726,optimal,0.08067039999878034,False,
4920,0.0,0,0.0,347310.7661452506,optimal,0.07970140000543324,False,
4921,0.0,0,0.0,340712.18671131885,optimal,0.07899750000069616,False,
4922,0.0,0,0.0,330644.1896402649,optimal,0.0866087999966112,False,
4923,0.0,0,0.0,323202.77259465656,optimal,0.09411890000046697,False,
4924,0.0,0,0.0,316913.36959636497,optimal,0.08637199999793665,False,
4925,0.0,0,0.0,310086.8582886792,optimal,0.08431800000107614,False,
4926,0.0,0,0.0,303535.0591153359,optimal,0.09443309999915073,False,
4927,0.0,0,0.0,300851.07259782794,optimal,0.10601499999756925,False,
4928,0.0,0,0.0,301179.68608365185,optimal,0.100748000004387,False,
4929,0.0,0,0.0,291203.27021716896,optimal,0.10445410000102129,False,
4930,0.0,0,0.0,278241.4242627021,optimal,0.09362639999744715,False,
4931,0.0,0,0.0,255603.38483660916,optimal,0.1117140999995172,False,
4932,0.0,0,0.0,233233.0521208922,optimal,0.09214090000023134,False,
4933,0.0,0,0.0,220621.69201017916,optimal,0.08474830000341171,False,
4934,0.0,0,0.0,231919.88021092812,optimal,0.11645810000482015,False,
4935,0.0,0,0.0,228824.7955736648,optimal,0.10323540000536013,False,
4936,0.0,0,0.0,223003.2137980322,optimal,0.0932223999989219,False,
4937,0.0,0,0.0,200787.01942042971,optimal,0.08534669999789912,False,
4938,0.0,0,0.0,185512.48843348317,optimal,0.10028910000255564,False,
4939,0.0,0,0.0,174863.42711710327,optimal,0.09309430000575958,False,
4940,0.0,0,0.0,162706.27295959266,optimal,0.11265620000631316,False,
4941,0.0,0,0.0,167865.60388868462,optimal,0.11502610000025015,False,
4942,0.0,0,0.0,190373.90728536076,optimal,0.10208540000166977,False,
4943,0.0,0,0.0,223308.61970231234,optimal,0.1009935999973095,False,
4944,0.0,0,0.0,238608.59379180273,optimal,0.09530570000060834,False,
4945,0.0,0,0.0,281458.97755816526,optimal,0.09370530000160215,False,
4946,0.0,0,0.0,301724.86111904925,optimal,0.10186119999707444,False,
4947,0.0,0,0.0,320591.6515228091,optimal,0.13023850000172388,False,
4948,0.0,0,0.0,337615.4141164026,optimal,0.09895419999520527,False,
4949,0.0,0,0.0,384181.8249272882,optimal,0.10150219999923138,False,
4950,0.0,0,0.0,428946.00046298257,optimal,0.12264549999963492,False,
4951,0.0,0,0.0,434465.47690852865,optimal,0.10679179999715416,False,
4952,0.0,0,0.0,422287.2155126124,optimal,0.20365160000073956,False,
4953,0.0,0,0.0,453713.8773517894,optimal,0.10320710000087274,False,
4954,0.0,0,0.0,467127.959649133,optimal,0.09309719999873778,False,
4955,0.0,0,0.0,520548.70963701885,optimal,0.10360289999516681,False,
4956,0.0,0,0.0,576470.1693710042,optimal,0.1885813999979291,False,
4957,0.0,0,0.0,639741.2261093461,optimal,0.09096310000313679,False,
4958,0.0,0,0.0,667835.3834252578,optimal,0.10782509999989998,False,
4959,0.0,0,0.0,684147.0986177576,optimal,0.09044079999875976,False,
4960,0.0,0,0.0,683416.457797757,optimal,0.1264041000031284,False,
4961,0.0,0,0.0,684492.5118903761,optimal,0.13246580000122776,False,
4962,0.0,0,0.0,676681.4909259441,optimal,0.19951949999813223,False,
4963,0.0,0,0.0,668097.2955732848,optimal,0.1287949000034132,False,
4964,0.0,0,0.0,667453.7761895647,optimal,0.10350979999930132,False,
4965,0.0,0,0.0,701051.9391992943,optimal,0.09979829999792855,False,
4966,0.0,0,0.0,731514.0002162106,optimal,0.16432099999656202,False,
4967,0.0,0,0.0,725874.0598398541,optimal,0.08756110000103945,False,
4968,0.0,0,0.0,727317.0933190002,optimal,0.0853865000026417,False,
4969,0.0,0,0.0,744493.5762429977,optimal,0.17055170000094222,False,
4970,0.0,0,0.0,790935.6870078725,optimal,0.08641550000174902,False,
4971,0.0,0,0.0,835481.1684918598,optimal,0.08673589999671094,False,
4972,0.0,0,0.0,875464.1150907446,optimal,0.16270729999814648,False,
4973,0.0,0,0.0,890617.7794658304,optimal,0.08539200000086566,False,
4974,0.0,0,0.0,897853.70925746,optimal,0.17004520000045886,False,
4975,0.0,0,0.0,904054.2819269318,optimal,0.08174040000449168,False,
4976,0.0,0,0.0,901483.6020303081,optimal,0.08690589999605436,False,
4977,0.0,0,0.0,901599.125963797,optimal,0.08652820000133943,False,
4978,0.0,0,0.0,885111.8369330887,optimal,0.17943189999641618,False,
4979,0.0,0,0.0,856743.9856883562,optimal,0.09525260000373237,False,
4980,0.0,0,0.0,853806.5687310867,optimal,0.19029369999771006,False,
4981,0.0,0,0.0,814726.4767710869,optimal,0.10297649999847636,False,
4982,0.0,0,0.0,783224.2676882595,optimal,0.11355259999982081,False,
4983,0.0,0,0.0,766706.6047082596,optimal,0.18807139999989886,False,
4984,0.0,0,0.0,756739.1617682595,optimal,0.09938959999999497,False,
4985,0.0,0,0.0,746957.1424110862,optimal,0.10357040000235429,False,
4986,0.0,0,0.0,742893.6299895955,optimal,0.21820470000238856,False,
4987,0.0,0,0.0,743010.1269116922,optimal,0.10671000000002095,False,
4988,0.0,0,0.0,753738.4006331856,optimal,0.11632529999769758,False,
4989,0.0,0,0.0,757960.3094018599,optimal,0.12794539999595145,False,
4990,0.0,0,0.0,782932.4624346419,optimal,0.23427909999736585,False,
4991,0.0,0,0.0,803766.3421773108,optimal,0.13460140000097454,False,
4992,0.0,0,0.0,822959.389456362,optimal,0.12443239999993239,False,
4993,0.0,0,0.0,848449.6004310473,optimal,0.205419099998835,False,
4994,0.0,0,0.0,892263.7808513789,optimal,0.12455140000383835,False,
4995,0.0,0,0.0,936437.2050593675,optimal,0.09698889999708626,False,
4996,0.0,0,0.0,950469.2639891376,optimal,0.21800480000092648,False,
4997,0.0,0,0.0,974669.4912241836,optimal,0.10866619999433169,False,
4998,0.0,0,0.0,995963.4927847771,optimal,0.11771269999735523,False,
4999,0.0,0,0.0,1003926.924210711,optimal,0.09880519999569515,False,
5000,0.0,0,0.0,1007726.9468821163,optimal,0.09910900000249967,False,
5001,0.0,0,0.0,996172.3290641682,optimal,0.12365149999823188,False,
5002,0.0,0,0.0,977078.8591062379,optimal,0.20974569999816595,False,
5003,0.0,0,0.0,952063.0442821733,optimal,0.1292131999944104,False,
5004,0.0,0,0.0,920125.1187157417,optimal,0.11662929999874905,False,
5005,0.0,0,0.0,885197.225386685,optimal,0.11246379999647615,False,
5006,0.0,0,0.0,889504.1764851457,optimal,0.20620380000036675,False,
5007,0.0,0,0.0,898108.5940868225,optimal,0.1794923999987077,False,
5008,0.0,0,0.0,893727.8806934521,optimal,0.20765149999351706,False,
5009,0.0,0,0.0,895615.437817622,optimal,0.1101423000000068,False,
5010,0.0,0,0.0,908258.2848930735,optimal,0.12677399999665795,False,
5011,0.0,0,0.0,934159.4641764128,optimal,0.2200758999970276,False,
5012,0.0,0,0.0,993628.4326101243,optimal,0.09807850000652252,False,
5013,0.0,0,0.0,1051639.225296342,optimal,0.08817460000136634,False,
5014,0.0,0,0.0,1111893.1358960783,optimal,0.10307509999984177,False,
5015,0.0,0,0.0,1189347.1387385607,optimal,0.11483920000318903,False,
5016,0.0,0,0.0,1281600.3972520456,optimal,0.11354279999795835,False,
5017,0.0,0,0.0,1301662.4320506584,optimal,0.09247500000492437,False,
5018,0.0,0,0.0,1318687.006806376,optimal,0.20468219999747816,False,
5019,0.0,0,0.0,1333645.2370811417,optimal,0.08627220000198577,False,
5020,0.0,0,0.0,1351481.8396747364,optimal,0.12493359999643872,False,
5021,0.0,0,0.0,1369359.6772683307,optimal,0.09991370000352617,False,
5022,0.0,0,0.0,1390130.308524155,optimal,0.21365220000006957,False,
5023,0.0,0,0.0,1427731.006869944,optimal,0.1174788999996963,False,
5024,0.0,0,0.0,1422196.546518621,optimal,0.10551750000013271,False,
5025,0.0,0,0.0,1404725.8348637815,optimal,0.10770629999751691,False,
5026,0.0,0,0.0,1386588.277753082,optimal,0.10717520000616787,False,
5027,0.0,0,0.0,1361310.2689904831,optimal,0.10970999999699416,False,
5028,0.0,0,0.0,1332182.3839216651,optimal,0.09790710000379477,False,
5029,0.0,0,0.0,1303449.8732695975,optimal,0.09748109999782173,False,
5030,0.0,0,0.0,1276050.082084256,optimal,0.10413910000352189,False,
5031,0.0,0,0.0,1280511.613100338,optimal,0.09635569999954896,False,
5032,0.0,0,0.0,1286756.349472688,optimal,0.10552439999446506,False,
5033,0.0,0,0.0,1282950.6575695851,optimal,0.0944824999969569,False,
5034,0.0,0,0.0,1288251.6194199799,optimal,0.0909583999964525,False,
5035,0.0,0,0.0,1321125.9393928677,optimal,0.08413649999420159,False,
5036,0.0,0,0.0,1343417.9947511598,optimal,0.08677789999637753,False,
5037,0.0,0,0.0,1408643.8515786605,optimal,0.08405530000163708,False,
5038,0.0,0,0.0,1479906.1902852803,optimal,0.09966680000070482,False,
5039,0.0,0,0.0,1515206.5352861101,optimal,0.09323370000493014,False,
5040,0.0,0,0.0,1541786.81020621,optimal,0.10228989999450278,False,
5041,0.0,0,0.0,1564469.6178521116,optimal,0.09991389999777311,False,
5042,0.0,0,0.0,1583607.5686491712,optimal,0.08780480000132229,False,
5043,0.0,0,0.0,1602979.8608437618,optimal,0.08587660000193864,False,
5044,0.0,0,0.0,1647540.6388302415,optimal,0.07270730000163894,False,
5045,0.0,0,0.0,1655750.2550247617,optimal,0.08162730000185547,False,
5046,0.0,0,0.0,1699715.012061737,optimal,0.0949897999962559,False,
5047,0.0,0,0.0,1734232.1316086466,optimal,0.08894249999866588,False,
5048,0.0,0,0.0,1736727.555189551,optimal,0.09684670000569895,False,
5049,0.0,0,0.0,1721467.9918093919,optimal,0.09786490000260528,False,
5050,0.0,0,0.0,1692608.4166831821,optimal,0.11366730000008829,False,
5051,0.0,0,0.0,1659068.4504629257,optimal,0.1329111999948509,False,
5052,0.0,0,0.0,1626970.802023846,optimal,0.12568779999855906,False,
5053,0.0,0,0.0,1586229.8176206956,optimal,0.1253145000009681,False,
5054,0.0,0,0.0,1525065.871614872,optimal,0.12252940000325907,False,
5055,0.0,0,0.0,1462636.3718975792,optimal,0.11283299999922747,False,
5056,0.0,0,0.0,1411552.049761704,optimal,0.11254430000553839,False,
5057,0.0,0,0.0,1359654.1792476084,optimal,0.10794220000389032,False,
5058,0.0,0,0.0,1297846.8423908867,optimal,0.11539389999961713,False,
5059,0.0,0,0.0,1245346.8357514413,optimal,0.1161606000023312,False,
5060,0.0,0,0.0,1240240.2886508133,optimal,0.10778740000387188,False,
5061,0.0,0,0.0,1245638.6568315865,optimal,0.10412180000275839,False,
5062,0.0,0,0.0,1241324.175578908,optimal,0.10849589999997988,False,
5063,0.0,0,0.0,1222681.871002172,optimal,0.10602730000391603,False,
5064,0.0,0,0.0,1271543.5520692226,optimal,0.11361089999991236,False,
5065,0.0,0,0.0,1293850.337259686,optimal,0.09895749999850523,False,
5066,0.0,0,0.0,1309760.7509179171,optimal,0.10145159999956377,False,
5067,0.0,0,0.0,1326756.56242665,optimal,0.11185669999395031,False,
5068,0.0,0,0.0,1338122.9072627719,optimal,0.10905839999759337,False,
5069,0.0,0,0.0,1352447.1342937858,optimal,0.11395620000257622,False,
5070,0.0,0,0.0,1362962.1584530864,optimal,0.0919900000008056,False,
5071,0.0,0,0.0,1381014.0990374396,optimal,0.10372419999475824,False,
5072,0.0,0,0.0,1425294.2477308402,optimal,0.09916489999886835,False,
5073,0.0,0,0.0,1415354.8292536307,optimal,0.10082339999644319,False,
5074,0.0,0,0.0,1367368.7189214868,optimal,0.10895889999665087,False,
5075,0.0,0,0.0,1300364.0126953814,optimal,0.08600560000195401,False,
5076,0.0,0,0.0,1230770.3892541472,optimal,0.10350820000167005,False,
5077,0.0,0,0.0,1165175.2652482437,optimal,0.10014349999983096,False,
5078,0.0,0,0.0,1102966.0672427095,optimal,0.20107519999874057,False,
5079,0.0,0,0.0,1020859.9878497072,optimal,0.11119000000326196,False,
5080,0.0,0,0.0,944712.5699300593,optimal,0.0921846999990521,False,
5081,0.0,0,0.0,887782.0717758893,optimal,0.11287430000083987,False,
5082,0.0,0,0.0,828908.3068832464,optimal,0.1179338000001735,False,
5083,0.0,0,0.0,782061.7980181286,optimal,0.18757619999814779,False,
5084,0.0,0,0.0,757927.1512010517,optimal,0.11611940000148024,False,
5085,0.0,0,0.0,741899.4055751439,optimal,0.10289750000083586,False,
5086,0.0,0,0.0,730039.8473260029,optimal,0.10271069999726024,False,
5087,0.0,0,0.0,767432.4973875596,optimal,0.10691629999928409,False,
5088,0.0,0,0.0,787413.053186437,optimal,0.195854400000826,False,
5089,0.0,0,0.0,833156.3295855868,optimal,0.10646690000430681,False,
5090,0.0,0,0.0,850865.0681362292,optimal,0.10408080000343034,False,
5091,0.0,0,0.0,885856.6365498569,optimal,0.10732550000102492,False,
5092,0.0,0,0.0,899517.0999153067,optimal,0.11318230000324547,False,
5093,0.0,0,0.0,923133.8442808304,optimal,0.08472769999934826,False,
5094,0.0,0,0.0,936350.4852362861,optimal,0.22470140000223182,False,
5095,0.0,0,0.0,961703.2000299476,optimal,0.19560099999944214,False,
5096,0.0,0,0.0,960178.0588303165,optimal,0.10321790000307374,False,
5097,0.0,0,0.0,940111.0571803399,optimal,0.0981270999982371,False,
5098,0.0,0,0.0,891644.5641732943,optimal,0.18084000000089873,False,
5099,0.0,0,0.0,826961.4896330994,optimal,0.09011140000075102,False,
5100,0.0,0,0.0,763433.7279150651,optimal,0.1637667999966652,False,
5101,0.0,0,0.0,752397.8625696489,optimal,0.08339549999800511,False,
5102,0.0,0,0.0,734278.5566668924,optimal,0.08392800000001444,False,
5103,0.0,0,0.0,735538.7462648872,optimal,0.08628549999411916,False,
5104,0.0,0,0.0,736613.0627907176,optimal,0.1766468999994686,False,
5105,0.0,0,0.0,748504.6673379008,optimal,0.1775978000005125,False,
5106,0.0,0,0.0,784773.1350822429,optimal,0.0961918000029982,False,
5107,0.0,0,0.0,813885.8107589404,optimal,0.08928300000115996,False,
5108,0.0,0,0.0,792020.3029606503,optimal,0.08388329999434063,False,
5109,0.0,0,0.0,823452.5421997939,optimal,0.16996169999765698,False,
5110,0.0,0,0.0,837332.7627727349,optimal,0.07844659999682335,False,
5111,0.0,0,0.0,830249.8494200885,optimal,0.08126089999859687,False,
5112,0.0,0,0.0,822161.8426785077,optimal,0.08200439999927767,False,
5113,0.0,0,0.0,823837.6833636272,optimal,0.17982869999832474,False,
5114,0.0,0,0.0,853308.0971641028,optimal,0.08427829999709502,False,
5115,0.0,0,0.0,886017.3901657307,optimal,0.17719299999589566,False,
5116,0.0,0,0.0,902620.7115908578,optimal,0.08411820000037551,False,
5117,0.0,0,0.0,929483.9172123689,optimal,0.08793779999541584,False,
5118,0.0,0,0.0,951533.9359129064,optimal,0.08439850000286242,False,
5119,0.0,0,0.0,947992.8817095032,optimal,0.17589479999878677,False,
5120,0.0,0,0.0,951479.6169632896,optimal,0.0824337000012747,False,
5121,0.0,0,0.0,933924.518980579,optimal,0.08214710000174819,False,
5122,0.0,0,0.0,955077.8541330036,optimal,0.16823250000015832,False,
5123,0.0,0,0.0,982706.4107002243,optimal,0.08395590000145603,False,
5124,0.0,0,0.0,1007976.9061070372,optimal,0.08773700000165263,False,
5125,0.0,0,0.0,1031377.1888734414,optimal,0.08206159999826923,False,
5126,0.0,0,0.0,1095700.6775064524,optimal,0.0832141999999294,False,
5127,0.0,0,0.0,1096754.9987160235,optimal,0.16229569999995874,False,
5128,0.0,0,0.0,1109282.5773594854,optimal,0.08176720000483328,False,
5129,0.0,0,0.0,1118087.7590072202,optimal,0.08290970000234665,False,
5130,0.0,0,0.0,1121585.6246820264,optimal,0.1798791999972309,False,
5131,0.0,0,0.0,1108738.7704220987,optimal,0.08911720000469359,False,
5132,0.0,0,0.0,1117498.9202333863,optimal,0.09027459999924758,False,
5133,0.0,0,0.0,1162436.5184577103,optimal,0.18556180000450695,False,
5134,0.0,0,0.0,1217772.8561312533,optimal,0.18091199999616947,False,
5135,0.0,0,0.0,1227531.8881931305,optimal,0.08366550000209827,False,
5136,0.0,0,0.0,1250018.9022628495,optimal,0.1803377000032924,False,
5137,0.0,0,0.0,1259179.094982222,optimal,0.09014650000608526,False,
5138,0.0,0,0.0,1294712.8633958497,optimal,0.0888526000053389,False,
5139,0.0,0,0.0,1328633.5868094785,optimal,0.08573079999769107,False,
5140,0.0,0,0.0,1334680.8120204227,optimal,0.07976269999926444,False,
5141,0.0,0,0.0,1365121.3605276507,optimal,0.07705520000308752,False,
5142,0.0,0,0.0,1399378.620703778,optimal,0.07823809999536024,False,
5143,0.0,0,0.0,1427120.179286573,optimal,0.07271899999614106,False,
5144,0.0,0,0.0,1443535.672899707,optimal,0.17832759999873815,False,
5145,0.0,0,0.0,1453206.3762387347,optimal,0.08702839999750722,False,
5146,0.0,0,0.0,1456199.013728016,optimal,0.08462069999950472,False,
5147,0.0,0,0.0,1449963.7137280158,optimal,0.08764910000172677,False,
5148,0.0,0,0.0,1443765.3899795008,optimal,0.08879099999467144,False,
5149,0.0,0,0.0,1448746.5819947266,optimal,0.18082730000605807,False,
5150,0.0,0,0.0,1443124.1993017988,optimal,0.10218799999711337,False,
5151,0.0,0,0.0,1441413.7210303284,optimal,0.08289179999701446,False,
5152,0.0,0,0.0,1435502.6983067484,optimal,0.09049360000062734,False,
5153,0.0,0,0.0,1451422.076928762,optimal,0.08334019999892917,False,
5154,0.0,0,0.0,1434529.131148451,optimal,0.08089599999948405,False,
5155,0.0,0,0.0,1426958.3894522928,optimal,0.08250659999612253,False,
5156,0.0,0,0.0,1412833.813227621,optimal,0.08050259999436093,False,
5157,0.0,0,0.0,1409500.647482114,optimal,0.08790109999972628,False,
5158,0.0,0,0.0,1444947.789196862,optimal,0.07624719999876106,False,
5159,0.0,0,0.0,1463754.0896537951,optimal,0.07691129999875557,False,
5160,0.0,0,0.0,1497285.431228809,optimal,0.07470050000119954,False,
5161,0.0,0,0.0,1535460.6242527391,optimal,0.07991739999852143,False,
5162,0.0,0,0.0,1592256.473303148,optimal,0.08372939999389928,False,
5163,0.0,0,0.0,1640933.5014904463,optimal,0.07927070000005187,False,
5164,0.0,0,0.0,1655206.4007597861,optimal,0.0745792999950936,False,
5165,0.0,0,0.0,1669617.79785666,optimal,0.07603080000262707,False,
5166,0.0,0,0.0,1675996.297751493,optimal,0.08451820000482257,False,
5167,0.0,0,0.0,1681150.4297695449,optimal,0.09276099999988219,False,
5168,0.0,0,0.0,1669404.3387496166,optimal,0.09585240000160411,False,
5169,0.0,0,0.0,1647885.3219818352,optimal,0.08788189999904716,False,
5170,0.0,0,0.0,1610663.575337687,optimal,0.10262570000486448,False,
5171,0.0,0,0.0,1564207.1445777996,optimal,0.10598259999824222,False,
5172,0.0,0,0.0,1514951.51430491,optimal,0.11043229999631876,False,
5173,0.0,0,0.0,1463732.7916997513,optimal,0.07825269999739248,False,
5174,0.0,0,0.0,1431865.7379512247,optimal,0.08516200000303797,False,
5175,0.0,0,0.0,1402737.9736038577,optimal,0.0864242000025115,False,
5176,0.0,0,0.0,1375037.7943350747,optimal,0.09856589999981225,False,
5177,0.0,0,0.0,1367668.774603126,optimal,0.1005451999953948,False,
5178,0.0,0,0.0,1362738.9995321126,optimal,0.09908789999462897,False,
5179,0.0,0,0.0,1368434.7477518336,optimal,0.09788079999998445,False,
5180,0.0,0,0.0,1392763.8882394845,optimal,0.10206119999929797,False,
5181,0.0,0,0.0,1397448.324479746,optimal,0.09424839999701362,False,
5182,0.0,0,0.0,1422304.3890754217,optimal,0.0946710999996867,False,
5183,0.0,0,0.0,1456177.555184365,optimal,0.08117499999934807,False,
5184,0.0,0,0.0,1478919.2781301546,optimal,0.1046998999954667,False,
5185,0.0,0,0.0,1521641.6651638846,optimal,0.11719900000025518,False,
5186,0.0,0,0.0,1536454.303529336,optimal,0.08745919999637408,False,
5187,0.0,0,0.0,1550277.4268947863,optimal,0.10714459999871906,False,
5188,0.0,0,0.0,1563409.2452602389,optimal,0.11069359999964945,False,
5189,0.0,0,0.0,1576663.0586256909,optimal,0.10774810000293655,False,
5190,0.0,0,0.0,1588997.2096475947,optimal,0.11236320000170963,False,
5191,0.0,0,0.0,1605585.148930814,optimal,0.08506309999938821,False,
5192,0.0,0,0.0,1595062.8444350334,optimal,0.09173939999891445,False,
5193,0.0,0,0.0,1554359.3208584115,optimal,0.09212130000378238,False,
5194,0.0,0,0.0,1527498.1151078648,optimal,0.1030971000000136,False,
5195,0.0,0,0.0,1498119.2561292115,optimal,0.094633699998667,False,
5196,0.0,0,0.0,1465773.7944301409,optimal,0.09521590000076685,False,
5197,0.0,0,0.0,1432038.6417861409,optimal,0.08382780000101775,False,
5198,0.0,0,0.0,1399726.764142141,optimal,0.0794887000010931,False,
5199,0.0,0,0.0,1367550.4364981416,optimal,0.07870759999786969,False,
5200,0.0,0,0.0,1337043.1260471821,optimal,0.08326470000611152,False,
5201,0.0,0,0.0,1236236.7152738322,optimal,0.08371900000202004,False,
5202,0.0,0,0.0,1203005.295683692,optimal,0.09366670000599697,False,
5203,0.0,0,0.0,1200704.7264431007,optimal,0.08772260000114329,False,
5204,0.0,0,0.0,1210367.9384167106,optimal,0.07873639999888837,False,
5205,0.0,0,0.0,1228417.0431668253,optimal,0.08571400000073481,False,
5206,0.0,0,0.0,1249001.7590927198,optimal,0.08193239999673096,False,
5207,0.0,0,0.0,1252539.614092719,optimal,0.08834420000493992,False,
5208,0.0,0,0.0,1255223.5040927194,optimal,0.09799499999644468,False,
5209,0.0,0,0.0,1264585.5291053187,optimal,0.10314620000281138,False,
5210,0.0,0,0.0,1272103.9014987827,optimal,0.1005795000019134,False,
5211,0.0,0,0.0,1287509.1293797994,optimal,0.09760430000460474,False,
5212,0.0,0,0.0,1293729.1243313872,optimal,0.10160929999983637,False,
5213,0.0,0,0.0,1302924.8409916502,optimal,0.10358480000286363,False,
5214,0.0,0,0.0,1304930.9809916501,optimal,0.11606680000113556,False,
5215,0.0,0,0.0,1308319.7309916494,optimal,0.1319212000016705,False,
5216,0.0,0,0.0,1307587.1636678774,optimal,0.13482249999651685,False,
5217,0.0,0,0.0,1313121.6530350288,optimal,0.13495839999814052,False,
5218,0.0,0,0.0,1313011.8903074157,optimal,0.13214029999653576,False,
5219,0.0,0,0.0,1304692.159289915,optimal,0.13626259999728063,False,
5220,0.0,0,0.0,1291644.5407150958,optimal,0.1299085999999079,False,
5221,0.0,0,0.0,1286080.258380474,optimal,0.1428248000011081,False,
5222,0.0,0,0.0,1268116.22915032,optimal,0.14664160000393167,False,
5223,0.0,0,0.0,1232821.3577622187,optimal,0.13696280000294792,False,
5224,0.0,0,0.0,1203344.1822662884,optimal,0.22701429999870015,False,
5225,0.0,0,0.0,1201428.9320482083,optimal,0.12381600000662729,False,
5226,0.0,0,0.0,1183820.3683424282,optimal,0.11660249999840744,False,
5227,0.0,0,0.0,1165825.3390322013,optimal,0.1163349999987986,False,
5228,0.0,0,0.0,1171819.1554033924,optimal,0.11210030000074767,False,
5229,0.0,0,0.0,1183431.8304285286,optimal,0.22547520000080112,False,
5230,0.0,0,0.0,1199270.1585460575,optimal,0.12008629999763798,False,
5231,0.0,0,0.0,1224416.2243341429,optimal,0.11980190000031143,False,
5232,0.0,0,0.0,1239091.472828658,optimal,0.12665500000002794,False,
5233,0.0,0,0.0,1251509.3328287597,optimal,0.11043480000080308,False,
5234,0.0,0,0.0,1256195.085634725,optimal,0.20503849999658996,False,
5235,0.0,0,0.0,1253034.4754370358,optimal,0.11477860000013607,False,
5236,0.0,0,0.0,1251094.9841603313,optimal,0.1017197999972268,False,
5237,0.0,0,0.0,1252925.0904622453,optimal,0.0874340000009397,False,
5238,0.0,0,0.0,1260497.230170916,optimal,0.10970499999530148,False,
5239,0.0,0,0.0,1273880.8962618138,optimal,0.10128430000622757,False,
5240,0.0,0,0.0,1281436.8412318844,optimal,0.10015230000135489,False,
5241,0.0,0,0.0,1271693.850243835,optimal,0.19950840000092285,False,
5242,0.0,0,0.0,1259746.6571836697,optimal,0.21476180000172462,False,
5243,0.0,0,0.0,1247567.542935656,optimal,0.09456150000187336,False,
5244,0.0,0,0.0,1241484.1080061113,optimal,0.10630069999751868,False,
5245,0.0,0,0.0,1247335.008095466,optimal,0.1961477000004379,False,
5246,0.0,0,0.0,1262426.937726197,optimal,0.09590909999678843,False,
5247,0.0,0,0.0,1267204.572616557,optimal,0.10013360000448301,False,
5248,0.0,0,0.0,1313726.3487465282,optimal,0.18567330000223592,False,
5249,0.0,0,0.0,1311695.4482986492,optimal,0.10084350000397535,False,
5250,0.0,0,0.0,1320690.7921817221,optimal,0.0980143000051612,False,
5251,0.0,0,0.0,1362074.4105808928,optimal,0.2026964000033331,False,
5252,0.0,0,0.0,1404651.6937532988,optimal,0.10755770000105258,False,
5253,0.0,0,0.0,1457324.653234579,optimal,0.21951439999975264,False,
5254,0.0,0,0.0,1478983.0882392523,optimal,0.10601379999570781,False,
5255,0.0,0,0.0,1521478.571501094,optimal,0.0977169000034337,False,
5256,0.0,0,0.0,1540127.274866546,optimal,0.08987540000089211,False,
5257,0.0,0,0.0,1584192.0342536804,optimal,0.16477380000287667,False,
5258,0.0,0,0.0,1623185.0140383919,optimal,0.08849809999810532,False,
5259,0.0,0,0.0,1635491.9910905976,optimal,0.1617804999987129,False,
5260,0.0,0,0.0,1648108.719456049,optimal,0.0847873000020627,False,
5261,0.0,0,0.0,1659613.9378214998,optimal,0.08615629999985686,False,
5262,0.0,0,0.0,1694483.5112351277,optimal,0.08600299999670824,False,
5263,0.0,0,0.0,1699760.39700231,optimal,0.09330440000485396,False,
5264,0.0,0,0.0,1707404.9631669174,optimal,0.16609040000184905,False,
5265,0.0,0,0.0,1712608.9398385002,optimal,0.08416429999488173,False,
5266,0.0,0,0.0,1713027.132973756,optimal,0.1666477999970084,False,
5267,0.0,0,0.0,1713846.3123815388,optimal,0.0870744999992894,False,
5268,0.0,0,0.0,1711895.5315725794,optimal,0.08499650000157999,False,
5269,0.0,0,0.0,1674731.4277589917,optimal,0.1643807000000379,False,
5270,0.0,0,0.0,1635041.375215132,optimal,0.08010869999998249,False,
5271,0.0,0,0.0,1625623.1510614522,optimal,0.08032180000009248,False,
5272,0.0,0,0.0,1632528.3246677078,optimal,0.07803640000201995,False,
5273,0.0,0,0.0,1637610.2127898925,optimal,0.08237219999864465,False,
5274,0.0,0,0.0,1680319.1582203151,optimal,0.16233479999937117,False,
5275,0.0,0,0.0,1719456.1083207154,optimal,0.08378380000067409,False,
5276,0.0,0,0.0,1777193.4482899453,optimal,0.08211030000529718,False,
5277,0.0,0,0.0,1815718.8181692497,optimal,0.08825660000002244,False,
5278,0.0,0,0.0,1844203.0268460438,optimal,0.21082839999871794,False,
5279,0.0,0,0.0,1875692.5545487867,optimal,0.11096359999646666,False,
5280,0.0,0,0.0,1930195.2518439696,optimal,0.20079529999929946,False,
5281,0.0,0,0.0,1960102.616051727,optimal,0.20477080000273418,False,
5282,0.0,0,0.0,2004461.99002484,optimal,0.11907570000039414,False,
5283,0.0,0,0.0,2053577.1894383503,optimal,0.18390050000016345,False,
5284,0.0,0,0.0,2078563.0185240947,optimal,0.09477530000003753,False,
5285,0.0,0,0.0,2096594.9336746484,optimal,0.0930722000048263,False,
5286,0.0,0,0.0,2103521.553330944,optimal,0.0847630000062054,False,
5287,0.0,0,0.0,2108331.763986937,optimal,0.08195179999893298,False,
5288,0.0,0,0.0,2108888.0561894006,optimal,0.07624829999986105,False,
5289,0.0,0,0.0,2099047.066312234,optimal,0.07656890000362182,False,
5290,0.0,0,0.0,2039738.1551228082,optimal,0.17622359999950277,False,
5291,0.0,0,0.0,1948139.9586279374,optimal,0.08736389999830863,False,
5292,0.0,0,0.0,1847122.434485468,optimal,0.09031279999908293,False,
5293,0.0,0,0.0,1743801.6535905753,optimal,0.08328179999807617,False,
5294,0.0,0,0.0,1638588.4304089365,optimal,0.08164110000507208,False,
5295,0.0,0,0.0,1538688.324795827,optimal,0.1756740999990143,False,
5296,0.0,0,0.0,1497529.7896514484,optimal,0.08709300000191433,False,
5297,0.0,0,0.0,1420971.3996285398,optimal,0.07987729999877047,False,
5298,0.0,0,0.0,1339969.0546547817,optimal,0.08143240000208607,False,
5299,0.0,0,0.0,1274678.6035966037,optimal,0.07940010000311304,False,
5300,0.0,0,0.0,1242582.846213902,optimal,0.07806819999677828,False,
5301,0.0,0,0.0,1229310.10101715,optimal,0.08586150000337511,False,
5302,0.0,0,0.0,1219293.960247542,optimal,0.07722259999718517,False,
5303,0.0,0,0.0,1223149.6530629275,optimal,0.08512390000396408,False,
5304,0.0,0,0.0,1247543.20483208,optimal,0.09038729999883799,False,
5305,0.0,0,0.0,1273331.7140124023,optimal,0.07634409999445779,False,
5306,0.0,0,0.0,1284898.0113371965,optimal,0.08586239999567624,False,
5307,0.0,0,0.0,1318527.8855062493,optimal,0.08116980000340845,False,
5308,0.0,0,0.0,1350278.4368557953,optimal,0.11063250000006519,False,
5309,0.0,0,0.0,1383358.7502694242,optimal,0.12309109999478096,False,
5310,0.0,0,0.0,1417970.778683051,optimal,0.08999420000327518,False,
5311,0.0,0,0.0,1430622.416730195,optimal,0.0945443000018713,False,
5312,0.0,0,0.0,1439346.9006147804,optimal,0.10654360000626184,False,
5313,0.0,0,0.0,1445551.3419286662,optimal,0.09703100000479026,False,
5314,0.0,0,0.0,1409208.2113950017,optimal,0.10205739999946672,False,
5315,0.0,0,0.0,1358039.3388458246,optimal,0.09491319999506231,False,
5316,0.0,0,0.0,1306179.830854819,optimal,0.0992333999965922,False,
5317,0.0,0,0.0,1326362.927075697,optimal,0.09611210000002757,False,
5318,0.0,0,0.0,1294044.4922045919,optimal,0.09635100000014063,False,
5319,0.0,0,0.0,1223997.8395927553,optimal,0.0849997000041185,False,
5320,0.0,0,0.0,1159904.1258831741,optimal,0.08032660000026226,False,
5321,0.0,0,0.0,1075154.955838385,optimal,0.0727333999966504,False,
5322,0.0,0,0.0,1001023.3661043545,optimal,0.08502999999473104,False,
5323,0.0,0,0.0,935482.3552851602,optimal,0.08869319999939762,False,
5324,0.0,0,0.0,895049.4884186574,optimal,0.08700709999538958,False,
5325,0.0,0,0.0,885576.9860064301,optimal,0.09527689999958966,False,
5326,0.0,0,0.0,886319.9002578325,optimal,0.0837452999985544,False,
5327,0.0,0,0.0,878315.4811188065,optimal,0.07923359999404056,False,
5328,0.0,0,0.0,886362.2925088236,optimal,0.07812169999670004,False,
5329,0.0,0,0.0,895165.5308567419,optimal,0.08119119999901159,False,
5330,0.0,0,0.0,897361.4408567414,optimal,0.0848928999985219,False,
5331,0.0,0,0.0,899530.2384200024,optimal,0.08647329999803333,False,
5332,0.0,0,0.0,909532.2127993603,optimal,0.08567890000267653,False,
5333,0.0,0,0.0,915571.2800450935,optimal,0.0795849000060116,False,
5334,0.0,0,0.0,920055.1693616827,optimal,0.07547299999714596,False,
5335,0.0,0,0.0,920747.0801272485,optimal,0.07610040000145091,False,
5336,0.0,0,0.0,910316.1453862216,optimal,0.07683320000069216,False,
5337,0.0,0,0.0,869003.0148917647,optimal,0.07487910000054399,False,
5338,0.0,0,0.0,882855.2743579032,optimal,0.07667729999957373,False,
5339,0.0,0,0.0,889245.4344959365,optimal,0.07581369999388698,False,
5340,0.0,0,0.0,926906.6133622414,optimal,0.07325349999882746,False,
5341,0.0,0,0.0,967475.3248506198,optimal,0.07240750000346452,False,
5342,0.0,0,0.0,980427.9061939996,optimal,0.07706559999496676,False,
5343,0.0,0,0.0,983533.0531975492,optimal,0.07674219999898924,False,
5344,0.0,0,0.0,1002593.197577751,optimal,0.0874275000023772,False,
5345,0.0,0,0.0,1020770.671577353,optimal,0.08080619999964256,False,
5346,0.0,0,0.0,1049596.9718829591,optimal,0.07855009999912,False,
5347,0.0,0,0.0,1069303.8220424524,optimal,0.07479069999681087,False,
5348,0.0,0,0.0,1090735.4398233362,optimal,0.0808554000032018,False,
5349,0.0,0,0.0,1103844.7001260908,optimal,0.07323950000136392,False,
5350,0.0,0,0.0,1099635.7863568866,optimal,0.17009610000241082,False,
5351,0.0,0,0.0,1085595.5620212066,optimal,0.07413919999817153,False,
5352,0.0,0,0.0,1068856.8458607288,optimal,0.08065859999624081,False,
5353,0.0,0,0.0,1048482.6454497598,optimal,0.07824519999849144,False,
5354,0.0,0,0.0,1028051.6116429693,optimal,0.0837452999985544,False,
5355,0.0,0,0.0,1006046.6162465359,optimal,0.08519599999999627,False,
5356,0.0,0,0.0,1000085.5480667581,optimal,0.17587700000149198,False,
5357,0.0,0,0.0,1021497.7268780561,optimal,0.09619620000012219,False,
5358,0.0,0,0.0,1048149.5582266089,optimal,0.17687429999932647,False,
5359,0.0,0,0.0,1064175.6447730216,optimal,0.08406670000113081,False,
5360,0.0,0,0.0,1058714.3199811596,optimal,0.09862830000201939,False,
5361,0.0,0,0.0,1052143.2745740898,optimal,0.09062519999861252,False,
5362,0.0,0,0.0,1050730.8143879385,optimal,0.09150070000032429,False,
5363,0.0,0,0.0,1058185.9134776148,optimal,0.08379229999991367,False,
5364,0.0,0,0.0,970857.3215107932,optimal,0.08247689999552676,False,
5365,0.0,0,0.0,994227.0312311326,optimal,0.07895799999823794,False,
5366,0.0,0,0.0,1130018.6335473484,optimal,0.08285299999988638,False,
5367,0.0,0,0.0,1179405.3488493161,optimal,0.17747979999694508,False,
5368,0.0,0,0.0,1316907.031867206,optimal,0.18075539999699686,False,
5369,0.0,0,0.0,1452477.7731653256,optimal,0.10778430000209482,False,
5370,0.0,0,0.0,1578187.6916872284,optimal,0.11806480000086594,False,
5371,0.0,0,0.0,1686555.3995955288,optimal,0.1769988000014564,False,
5372,0.0,0,0.0,1730460.2604653223,optimal,0.11539990000164835,False,
5373,0.0,0,0.0,1780885.4396933732,optimal,0.10510039999644505,False,
5374,0.0,0,0.0,1832720.8503251886,optimal,0.17707209999935003,False,
5375,0.0,0,0.0,1869919.9389533973,optimal,0.11643109999567969,False,
5376,0.0,0,0.0,1901396.754380326,optimal,0.11599490000662627,False,
5377,0.0,0,0.0,1930930.6711550665,optimal,0.1725287999943248,False,
5378,0.0,0,0.0,1951433.4953081564,optimal,0.09162569999898551,False,
5379,0.0,0,0.0,1962431.8959029606,optimal,0.07916709999699378,False,
5380,0.0,0,0.0,1978227.1015072148,optimal,0.07800790000328561,False,
5381,0.0,0,0.0,2000686.8085995002,optimal,0.08433730000251671,False,
5382,0.0,0,0.0,2006541.8752584495,optimal,0.16754149999906076,False,
5383,0.0,0,0.0,2026412.7377015152,optimal,0.15146850000019185,False,
5384,0.0,0,0.0,2032398.1164711497,optimal,0.0756418000019039,False,
5385,0.0,0,0.0,2043782.3160477558,optimal,0.08125809999910416,False,
5386,0.0,0,0.0,1964247.826344975,optimal,0.162414099999296,False,
5387,0.0,0,0.0,1887530.3156356663,optimal,0.08751050000137184,False,
5388,0.0,0,0.0,1811674.838736389,optimal,0.09008470000117086,False,
5389,0.0,0,0.0,1737242.3867841894,optimal,0.08517680000659311,False,
5390,0.0,0,0.0,1659647.657171817,optimal,0.08461750000424217,False,
5391,0.0,0,0.0,1580629.9026123746,optimal,0.17717149999953108,False,
5392,0.0,0,0.0,1499398.5536908135,optimal,0.1747666000010213,False,
5393,0.0,0,0.0,1415004.9271090815,optimal,0.08684720000019297,False,
5394,0.0,0,0.0,1371759.3254585566,optimal,0.08631610000156797,False,
5395,0.0,0,0.0,1377767.6530128769,optimal,0.1717516999997315,False,
5396,0.0,0,0.0,1389765.8220642367,optimal,0.08761520000552991,False,
5397,0.0,0,0.0,1404665.7592246116,optimal,0.09182319999672472,False,
5398,0.0,0,0.0,1455229.7436834283,optimal,0.08876139999483712,False,
5399,0.0,0,0.0,1591704.8973661102,optimal,0.16832080000313,False,
5400,0.0,0,0.0,1646644.8605844446,optimal,0.08696410000266042,False,
5401,0.0,0,0.0,1763613.4811520975,optimal,0.08130740000342485,False,
5402,0.0,0,0.0,1890554.5118047975,optimal,0.08355580000352347,False,
5403,0.0,0,0.0,1944399.738645986,optimal,0.17143380000197794,False,
5404,0.0,0,0.0,1978853.7319713654,optimal,0.08881750000000466,False,
5405,0.0,0,0.0,2018718.8921031798,optimal,0.17706240000552498,False,
5406,0.0,0,0.0,2064825.2163364952,optimal,0.09029890000238083,False,
5407,0.0,0,0.0,2145564.8539191172,optimal,0.17915379999612924,False,
5408,0.0,0,0.0,2221896.324973732,optimal,0.16706400000111898,False,
5409,0.0,0,0.0,2214425.923557136,optimal,0.08631729999615345,False,
5410,0.0,0,0.0,2174304.2662170893,optimal,0.0843957999968552,False,
5411,0.0,0,0.0,2140021.842869178,optimal,0.08994109999912325,False,
5412,0.0,0,0.0,2110236.5230892594,optimal,0.08718570000200998,False,
5413,0.0,0,0.0,2079648.1954765748,optimal,0.08599060000415193,False,
5414,0.0,0,0.0,2049103.0324166527,optimal,0.08601959999941755,False,
5415,0.0,0,0.0,2011801.0913153247,optimal,0.08415199999581091,False,
5416,0.0,0,0.0,1974400.7380078007,optimal,0.07932489999802783,False,
5417,0.0,0,0.0,1938054.2074925052,optimal,0.1630730000033509,False,
5418,0.0,0,0.0,1980006.4046913185,optimal,0.08380989999568556,False,
5419,0.0,0,0.0,2035378.986993137,optimal,0.08634280000114813,False,
5420,0.0,0,0.0,2098788.502329951,optimal,0.09373329999652924,False,
5421,0.0,0,0.0,2266979.39105597,optimal,0.1684322000000975,False,
5422,0.0,0,0.0,2336179.434847542,optimal,0.08157419999770354,False,
5423,0.0,0,0.0,2403042.399261255,optimal,0.08812339999713004,False,
5424,0.0,0,0.0,2468750.563568711,optimal,0.08611219999875175,False,
5425,0.0,0,0.0,2612450.7675479776,optimal,0.09064220000436762,False,
5426,0.0,0,0.0,2749430.0037331684,optimal,0.08607370000390802,False,
5427,0.0,0,0.0,2875233.3728689626,optimal,0.08727489999728277,False,
5428,0.0,0,0.0,2929588.8140284596,optimal,0.08627469999919413,False,
5429,0.0,0,0.0,2979997.700235131,optimal,0.08623269999952754,False,
5430,0.0,0,0.0,3025965.926068544,optimal,0.0848344999976689,False,
5431,0.0,0,0.0,3074324.044615047,optimal,0.08693330000096466,False,
5432,0.0,0,0.0,3032735.6082375282,optimal,0.08149419999972451,False,
5433,0.0,0,0.0,2984582.54401163,optimal,0.08148269999946933,False,
5434,0.0,0,0.0,2949940.4968169797,optimal,0.08454360000177985,False,
5435,0.0,0,0.0,2926807.7704944033,optimal,0.08461600000009639,False,
5436,0.0,0,0.0,2876066.3157162652,optimal,0.08647059999930207,False,
5437,0.0,0,0.0,2826447.9134874227,optimal,0.08443229999829782,False,
5438,0.0,0,0.0,2767907.948383988,optimal,0.08176660000026459,False,
5439,0.0,0,0.0,2726039.532942224,optimal,0.08484100000350736,False,
5440,0.0,0,0.0,2681960.6091778358,optimal,0.08433489999879384,False,
5441,0.0,0,0.0,2629373.851938795,optimal,0.08491520000097807,False,
5442,0.0,0,0.0,2593685.7841912797,optimal,0.0815913000042201,False,
5443,0.0,0,0.0,2586741.2135519776,optimal,0.08459240000229329,False,
5444,0.0,0,0.0,2573732.91530447,optimal,0.0814237000013236,False,
5445,0.0,0,0.0,2498713.2731843223,optimal,0.08382369999890216,False,
5446,0.0,0,0.0,2462050.56696535,optimal,0.08158759999787435,False,
5447,0.0,0,0.0,2412523.8738866,optimal,0.08343179999792483,False,
5448,0.0,0,0.0,2379669.796242601,optimal,0.08348089999344666,False,
5449,0.0,0,0.0,2329064.174362663,optimal,0.08222859999659704,False,
5450,0.0,0,0.0,2274423.262313429,optimal,0.08113460000458872,False,
5451,0.0,0,0.0,2271572.2101734015,optimal,0.08690369999385439,False,
5452,0.0,0,0.0,2227109.3400458423,optimal,0.08462120000331197,False,
5453,0.0,0,0.0,2189810.555558038,optimal,0.08597310000186553,False,
5454,0.0,0,0.0,2148362.626715505,optimal,0.08512570000311825,False,
5455,0.0,0,0.0,2148073.5604881914,optimal,0.0765148999998928,False,
5456,0.0,0,0.0,2105851.2309957114,optimal,0.08086520000506425,False,
5457,0.0,0,0.0,2059847.9183409305,optimal,0.08334360000299057,False,
5458,0.0,0,0.0,1985341.36053027,optimal,0.0844375000015134,False,
5459,0.0,0,0.0,1872260.9734912016,optimal,0.08212759999878472,False,
5460,0.0,0,0.0,1771832.2504270033,optimal,0.0793889999986277,False,
5461,0.0,0,0.0,1672048.3379615874,optimal,0.08199709999462357,False,
5462,0.0,0,0.0,1572989.2664754395,optimal,0.08019429999694694,False,
5463,0.0,0,0.0,1499415.7296526113,optimal,0.0815355999948224,False,
5464,0.0,0,0.0,1405088.59293496,optimal,0.0834885000003851,False,
5465,0.0,0,0.0,1309029.9667760523,optimal,0.08767309999529971,False,
5466,0.0,0,0.0,1212282.900320003,optimal,0.08900430000358028,False,
5467,0.0,0,0.0,1097195.1444603254,optimal,0.0833691000007093,False,
5468,0.0,0,0.0,1018863.2697780154,optimal,0.08581930000218563,False,
5469,0.0,0,0.0,960503.3558633138,optimal,0.08305169999948703,False,
5470,0.0,0,0.0,903302.7443427444,optimal,0.0816361000033794,False,
5471,0.0,0,0.0,847284.1263933043,optimal,0.08025609999458538,False,
5472,0.0,0,0.0,813598.3506208118,optimal,0.0796215000009397,False,
5473,0.0,0,0.0,775327.094511362,optimal,0.08192480000434443,False,
5474,0.0,0,0.0,683290.3475465918,optimal,0.08130849999724887,False,
5475,0.0,0,0.0,571977.504795869,optimal,0.08030729999882169,False,
5476,0.0,0,0.0,493529.49592630507,optimal,0.0774399000001722,False,
5477,0.0,0,0.0,419798.97048896964,optimal,0.08342930000071647,False,
5478,0.0,0,0.0,362154.3445291104,optimal,0.08128080000460614,False,
5479,0.0,0,0.0,313190.1075158833,optimal,0.08243480000237469,False,
5480,0.0,0,0.0,230173.2768149975,optimal,0.08340110000426648,False,
5481,0.0,0,0.0,150463.10969320402,optimal,0.08185429999866756,False,
5482,0.0,0,0.0,100547.11757237815,optimal,0.08186800000112271,False,
5483,0.0,0,0.0,54904.229711310945,optimal,0.08204119999572868,False,
5484,0.0,0,0.0,13577.295150972674,optimal,0.08201529999496415,False,
5485,0.0,0,0.0,0.0,optimal,0.08244070000364445,False,
5486,0.0,0,0.0,0.0,optimal,0.0813553000043612,False,
5487,0.0,0,0.0,0.0,optimal,0.08196270000189543,False,
5488,0.0,0,0.0,0.0,optimal,0.0862799999958952,False,
5489,0.0,0,0.0,0.0,optimal,0.08648559999710415,False,
5490,0.0,0,0.0,0.0,optimal,0.08663890000025276,False,
5491,0.0,0,0.0,0.0,optimal,0.08424129999912111,False,
5492,0.0,0,0.0,0.0,optimal,0.08350070000597043,False,
5493,0.0,0,0.0,0.0,optimal,0.08381479999661678,False,
5494,0.0,0,0.0,0.0,optimal,0.08655559999897378,False,
5495,0.0,0,0.0,0.0,optimal,0.08662140000524232,False,
5496,0.0,0,0.0,0.0,optimal,0.08197999999538297,False,
5497,0.0,0,0.0,0.0,optimal,0.17042740000033518,False,
5498,0.0,0,0.0,0.0,optimal,0.081939899995632,False,
5499,0.0,0,0.0,0.0,optimal,0.08393539999815403,False,
5500,0.0,0,0.0,0.0,optimal,0.08422350000182632,False,
5501,0.0,0,0.0,0.0,optimal,0.07903910000459291,False,
5502,0.0,0,0.0,0.0,optimal,0.17703869999968447,False,
5503,0.0,0,0.0,0.0,optimal,0.07918390000122599,False,
5504,0.0,0,0.0,0.0,optimal,0.07761269999900833,False,
5505,0.0,0,0.0,0.0,optimal,0.1672173999977531,False,
5506,0.0,0,0.0,0.0,optimal,0.07999109999946086,False,
5507,0.0,0,0.0,0.0,optimal,0.07518200000049546,False,
5508,0.0,0,0.0,0.0,optimal,0.08490039999742294,False,
5509,0.0,0,0.0,0.0,optimal,0.08267489999707323,False,
5510,0.0,0,0.0,0.0,optimal,0.08221440000488656,False,
5511,0.0,0,0.0,324.9738491815102,optimal,0.0828685000014957,False,
5512,0.0,0,0.0,26791.721136070468,optimal,0.0815537000016775,False,
5513,0.0,0,0.0,56073.03889910199,optimal,0.17067840000527212,False,
5514,0.0,0,0.0,80016.1887648785,optimal,0.0844412000005832,False,
5515,0.0,0,0.0,105543.13084240518,optimal,0.17472329999873182,False,
5516,0.0,0,0.0,118669.28106890098,optimal,0.08606580000196118,False,
5517,0.0,0,0.0,129491.25299702701,optimal,0.1674083999969298,False,
5518,0.0,0,0.0,127592.13597211993,optimal,0.0861739999963902,False,
5519,0.0,0,0.0,130840.15289028622,optimal,0.07769569999800297,False,
5520,0.0,0,0.0,145567.47979474958,optimal,0.16457019999506883,False,
5521,0.0,0,0.0,175178.25707191348,optimal,0.0867657999988296,False,
5522,0.0,0,0.0,258191.66685422204,optimal,0.08498089999920921,False,
5523,0.0,0,0.0,365328.88024336705,optimal,0.0837387999999919,False,
5524,0.0,0,0.0,417166.0115529492,optimal,0.17219870000553783,False,
5525,0.0,0,0.0,477353.69457050343,optimal,0.0882257000048412,False,
5526,0.0,0,0.0,520459.7956791355,optimal,0.08072639999591047,False,
5527,0.0,0,0.0,541598.2915395551,optimal,0.17048200000135694,False,
5528,0.0,0,0.0,562082.6238684392,optimal,0.07870800000091549,False,
5529,0.0,0,0.0,642418.0853980313,optimal,0.07848910000029719,False,
5530,0.0,0,0.0,726048.8636158003,optimal,0.08823380000103498,False,
5531,0.0,0,0.0,813591.8832355216,optimal,0.1680331000025035,False,
5532,0.0,0,0.0,898590.4211439509,optimal,0.08246230000077048,False,
5533,0.0,0,0.0,976573.8563935799,optimal,0.17625430000043707,False,
5534,0.0,0,0.0,1054212.4200689977,optimal,0.08321290000458248,False,
5535,0.0,0,0.0,1120674.492595287,optimal,0.08466250000492437,False,
5536,0.0,0,0.0,1188876.5167745391,optimal,0.09572559999651276,False,
5537,0.0,0,0.0,1252126.383211031,optimal,0.1909427999999025,False,
5538,0.0,0,0.0,1311657.6200559826,optimal,0.08912450000207173,False,
5539,0.0,0,0.0,1374306.7292309224,optimal,0.16644169999926817,False,
5540,0.0,0,0.0,1429619.625505211,optimal,0.08151409999845782,False,
5541,0.0,0,0.0,1451758.4020559394,optimal,0.08978899999783607,False,
5542,0.0,0,0.0,1495800.0512093569,optimal,0.16592989999480778,False,
5543,0.0,0,0.0,1524299.9043723482,optimal,0.07822560000204248,False,
5544,0.0,0,0.0,1553715.3955446752,optimal,0.08416399999987334,False,
5545,0.0,0,0.0,1555685.0615443247,optimal,0.08611460000247462,False,
5546,0.0,0,0.0,1558386.8639924368,optimal,0.17368899999564746,False,
5547,0.0,0,0.0,1562502.0956284965,optimal,0.08266500000172528,False,
5548,0.0,0,0.0,1570752.2727673573,optimal,0.08537319999595638,False,
5549,0.0,0,0.0,1610152.3042874169,optimal,0.08024319999822183,False,
5550,0.0,0,0.0,1635666.175931502,optimal,0.17772880000120495,False,
5551,0.0,0,0.0,1642742.0474746267,optimal,0.07949299999745563,False,
5552,0.0,0,0.0,1641353.698634582,optimal,0.19220479999785312,False,
5553,0.0,0,0.0,1631760.0252808821,optimal,0.17197480000322685,False,
5554,0.0,0,0.0,1611763.9080570315,optimal,0.09249950000230456,False,
5555,0.0,0,0.0,1581462.3541358528,optimal,0.1712164999989909,False,
5556,0.0,0,0.0,1549984.4682004303,optimal,0.08769209999445593,False,
5557,0.0,0,0.0,1522050.4143568128,optimal,0.09773480000148993,False,
5558,0.0,0,0.0,1477556.156292579,optimal,0.08536620000086259,False,
5559,0.0,0,0.0,1454336.7254170908,optimal,0.08580009999423055,False,
5560,0.0,0,0.0,1455964.667693404,optimal,0.09293979999347357,False,
5561,0.0,0,0.0,1466747.1282339583,optimal,0.09089969999331515,False,
5562,0.0,0,0.0,1485813.1688163271,optimal,0.08086899999761954,False,
5563,0.0,0,0.0,1518091.0580975716,optimal,0.17496440000104485,False,
5564,0.0,0,0.0,1554154.7956323847,optimal,0.08734250000270549,False,
5565,0.0,0,0.0,1573329.91624087,optimal,0.08248920000187354,False,
5566,0.0,0,0.0,1603100.3774530964,optimal,0.08771800000249641,False,
5567,0.0,0,0.0,1629692.429679419,optimal,0.08728840000549098,False,
5568,0.0,0,0.0,1650563.8991976262,optimal,0.08322400000179186,False,
5569,0.0,0,0.0,1610095.846431437,optimal,0.17951800000446383,False,
5570,0.0,0,0.0,1566452.7523422462,optimal,0.08872410000185482,False,
5571,0.0,0,0.0,1561637.28295075,optimal,0.086180800004513,False,
5572,0.0,0,0.0,1551857.9655375977,optimal,0.08551109999825712,False,
5573,0.0,0,0.0,1556503.0401747911,optimal,0.08652820000133943,False,
5574,0.0,0,0.0,1577167.9099260545,optimal,0.08170469999458874,False,
5575,0.0,0,0.0,1585067.090251895,optimal,0.0853752999973949,False,
5576,0.0,0,0.0,1554295.9206925756,optimal,0.09215470000344794,False,
5577,0.0,0,0.0,1512302.65010298,optimal,0.08228529999905732,False,
5578,0.0,0,0.0,1450166.7919132651,optimal,0.08697449999453966,False,
5579,0.0,0,0.0,1375269.3257308383,optimal,0.08399690000078408,False,
5580,0.0,0,0.0,1293098.3282267754,optimal,0.08117800000036368,False,
5581,0.0,0,0.0,1203718.9917308688,optimal,0.07709239999530837,False,
5582,0.0,0,0.0,1109773.7527726272,optimal,0.07812269999703858,False,
5583,0.0,0,0.0,1040201.0285738241,optimal,0.07449159999669064,False,
5584,0.0,0,0.0,976501.6438327426,optimal,0.08244009999907576,False,
5585,0.0,0,0.0,932121.0532699906,optimal,0.08117650000349386,False,
5586,0.0,0,0.0,912253.1155401993,optimal,0.08674849999806611,False,
5587,0.0,0,0.0,909284.0622150261,optimal,0.08714250000048196,False,
5588,0.0,0,0.0,918981.3049466431,optimal,0.08075359999929788,False,
5589,0.0,0,0.0,932677.7775637017,optimal,0.07988739999564132,False,
5590,0.0,0,0.0,955131.298058524,optimal,0.08156310000049416,False,
5591,0.0,0,0.0,989592.4751128802,optimal,0.0753331999949296,False,
5592,0.0,0,0.0,1029425.6858171322,optimal,0.07913040000130422,False,
5593,0.0,0,0.0,1064841.3836813977,optimal,0.07972090000112075,False,
5594,0.0,0,0.0,1085826.9696279808,optimal,0.08012050000252202,False,
5595,0.0,0,0.0,1106740.1496225968,optimal,0.07597199999872828,False,
5596,0.0,0,0.0,1121850.5723561635,optimal,0.08269979999749921,False,
5597,0.0,0,0.0,1118272.6915894642,optimal,0.08808569999382598,False,
5598,0.0,0,0.0,1120933.05776205,optimal,0.08291079999617068,False,
5599,0.0,0,0.0,1142928.0184442012,optimal,0.08685780000087107,False,
5600,0.0,0,0.0,1145112.1913050395,optimal,0.07833179999579443,False,
5601,0.0,0,0.0,1142406.5576920393,optimal,0.08082290000311332,False,
5602,0.0,0,0.0,1130895.719643324,optimal,0.08394660000340082,False,
5603,0.0,0,0.0,1106356.8427244662,optimal,0.08575859999837121,False,
5604,0.0,0,0.0,1069482.501649815,optimal,0.07918929999868851,False,
5605,0.0,0,0.0,1021691.6107513644,optimal,0.08567870000115363,False,
5606,0.0,0,0.0,955798.4471318107,optimal,0.08823969999502879,False,
5607,0.0,0,0.0,895350.8134849407,optimal,0.08012369999778457,False,
5608,0.0,0,0.0,820103.3680535733,optimal,0.08818950000568293,False,
5609,0.0,0,0.0,753504.0866483613,optimal,0.0894893000004231,False,
5610,0.0,0,0.0,698243.0035257018,optimal,0.08029589999932796,False,
5611,0.0,0,0.0,655592.6225929406,optimal,0.08657669999956852,False,
5612,0.0,0,0.0,667181.4479509502,optimal,0.085303699997894,False,
5613,0.0,0,0.0,685938.0085976195,optimal,0.08415260000037961,False,
5614,0.0,0,0.0,714177.6649102542,optimal,0.07931960000132676,False,
5615,0.0,0,0.0,732475.7029225379,optimal,0.08280740000191145,False,
5616,0.0,0,0.0,750618.124948615,optimal,0.08417190000182018,False,
5617,0.0,0,0.0,754948.551247845,optimal,0.07844509999995353,False,
5618,0.0,0,0.0,788408.236978166,optimal,0.08107190000009723,False,
5619,0.0,0,0.0,805569.8876827981,optimal,0.08026989999780199,False,
5620,0.0,0,0.0,810613.5265020897,optimal,0.08088510000379756,False,
5621,0.0,0,0.0,813604.0526953704,optimal,0.08518860000185668,False,
5622,0.0,0,0.0,804267.4855795733,optimal,0.0834158999932697,False,
5623,0.0,0,0.0,813502.3623787388,optimal,0.07997530000284314,False,
5624,0.0,0,0.0,806782.6660834879,optimal,0.16090289999556262,False,
5625,0.0,0,0.0,812923.0715925414,optimal,0.08557519999885699,False,
5626,0.0,0,0.0,838684.5294047941,optimal,0.08029739999619778,False,
5627,0.0,0,0.0,826290.656568491,optimal,0.08384429999568965,False,
5628,0.0,0,0.0,841077.3101712037,optimal,0.16299590000562603,False,
5629,0.0,0,0.0,862610.3659856326,optimal,0.08275200000207406,False,
5630,0.0,0,0.0,866530.1172053851,optimal,0.08076490000530612,False,
5631,0.0,0,0.0,868361.1654448013,optimal,0.15468650000548223,False,
5632,0.0,0,0.0,848781.2351718793,optimal,0.08619020000332966,False,
5633,0.0,0,0.0,824828.1322184599,optimal,0.08563059999869438,False,
5634,0.0,0,0.0,841895.0370679116,optimal,0.08467920000111917,False,
5635,0.0,0,0.0,872170.8918679495,optimal,0.0865888000043924,False,
5636,0.0,0,0.0,917595.5403540959,optimal,0.08176140000432497,False,
5637,0.0,0,0.0,948845.3231258466,optimal,0.1560301999998046,False,
5638,0.0,0,0.0,959562.5277322939,optimal,0.07961069999873871,False,
5639,0.0,0,0.0,981066.735072202,optimal,0.08994689999963157,False,
5640,0.0,0,0.0,1003839.7891109887,optimal,0.08777410000038799,False,
5641,0.0,0,0.0,1016319.43356327,optimal,0.16850669999985257,False,
5642,0.0,0,0.0,1034354.2741334712,optimal,0.07807290000346256,False,
5643,0.0,0,0.0,1038186.8827416227,optimal,0.15095260000089183,False,
5644,0.0,0,0.0,1078416.2354337117,optimal,0.0797900000034133,False,
5645,0.0,0,0.0,1120217.627714166,optimal,0.08049019999452867,False,
5646,0.0,0,0.0,1159985.281269712,optimal,0.16207849999773316,False,
5647,0.0,0,0.0,1192579.331918807,optimal,0.08245509999687783,False,
5648,0.0,0,0.0,1227022.1484463152,optimal,0.08147389999794541,False,
5649,0.0,0,0.0,1254306.093824674,optimal,0.0804777999946964,False,
5650,0.0,0,0.0,1259352.0350899063,optimal,0.16287210000155028,False,
5651,0.0,0,0.0,1233822.33468037,optimal,0.08902120000129798,False,
5652,0.0,0,0.0,1205848.6437076144,optimal,0.0870909999939613,False,
5653,0.0,0,0.0,1172222.2223681535,optimal,0.1589021000036155,False,
5654,0.0,0,0.0,1165400.8436630866,optimal,0.08312029999797232,False,
5655,0.0,0,0.0,1177978.7260435321,optimal,0.08567860000039218,False,
5656,0.0,0,0.0,1195759.3489359184,optimal,0.09203559999878053,False,
5657,0.0,0,0.0,1202958.0911310182,optimal,0.18021350000344682,False,
5658,0.0,0,0.0,1217393.5069935773,optimal,0.08191719999740599,False,
5659,0.0,0,0.0,1233005.941885925,optimal,0.0860818000001018,False,
5660,0.0,0,0.0,1264351.5514392485,optimal,0.09074500000133412,False,
5661,0.0,0,0.0,1305926.4908120586,optimal,0.16725700000097277,False,
5662,0.0,0,0.0,1323568.8811310187,optimal,0.08351979999861214,False,
5663,0.0,0,0.0,1343702.9138234726,optimal,0.1663988000000245,False,
5664,0.0,0,0.0,1384077.9439056886,optimal,0.0860023999994155,False,
5665,0.0,0,0.0,1419322.739264283,optimal,0.16287829999782844,False,
5666,0.0,0,0.0,1437225.5070754979,optimal,0.08303629999863915,False,
5667,0.0,0,0.0,1466123.1004836976,optimal,0.16397649999998976,False,
5668,0.0,0,0.0,1493809.0593984157,optimal,0.0844576000017696,False,
5669,0.0,0,0.0,1518768.2577082228,optimal,0.08414030000130879,False,
5670,0.0,0,0.0,1552100.8940689054,optimal,0.08471959999587853,False,
5671,0.0,0,0.0,1575525.0293689407,optimal,0.08462790000339737,False,
5672,0.0,0,0.0,1588940.6366654555,optimal,0.16343139999662526,False,
5673,0.0,0,0.0,1593098.0238736467,optimal,0.08235159999458119,False,
5674,0.0,0,0.0,1591931.6138304127,optimal,0.08224540000082925,False,
5675,0.0,0,0.0,1586279.1280398087,optimal,0.16581389999919338,False,
5676,0.0,0,0.0,1591439.5799797438,optimal,0.08466799999587238,False,
5677,0.0,0,0.0,1595223.7689667977,optimal,0.08881919999839738,False,
5678,0.0,0,0.0,1597409.3815043978,optimal,0.16263059999619145,False,
5679,0.0,0,0.0,1634216.4960122698,optimal,0.1658337999979267,False,
5680,0.0,0,0.0,1624031.4425984127,optimal,0.08820189999823924,False,
5681,0.0,0,0.0,1619221.1545009655,optimal,0.09545159999834141,False,
5682,0.0,0,0.0,1622815.6670495193,optimal,0.1736361000002944,False,
5683,0.0,0,0.0,1635352.4228850675,optimal,0.08503470000141533,False,
5684,0.0,0,0.0,1658275.020428944,optimal,0.08693320000020321,False,
5685,0.0,0,0.0,1720128.6734992787,optimal,0.08409560000291094,False,
5686,0.0,0,0.0,1718758.9860420416,optimal,0.08208610000292538,False,
5687,0.0,0,0.0,1751808.66411906,optimal,0.09273150000080932,False,
5688,0.0,0,0.0,1763565.8436845331,optimal,0.09629570000106469,False,
5689,0.0,0,0.0,1803977.5520634358,optimal,0.17073729999538045,False,
5690,0.0,0,0.0,1869968.3914287772,optimal,0.088280299998587,False,
5691,0.0,0,0.0,1910779.0818112814,optimal,0.08810699999594362,False,
5692,0.0,0,0.0,1909947.4067272583,optimal,0.0878595000031055,False,
5693,0.0,0,0.0,1948036.0177383544,optimal,0.08461069999611937,False,
5694,0.0,0,0.0,1997806.5019558887,optimal,0.08825910000450676,False,
5695,0.0,0,0.0,2065388.8242336637,optimal,0.09091120000084629,False,
5696,0.0,0,0.0,2120848.6427719602,optimal,0.10040609999850858,False,
5697,0.0,0,0.0,2157508.403103628,optimal,0.18346759999985807,False,
5698,0.0,0,0.0,2172331.0365215647,optimal,0.10908480000216514,False,
5699,0.0,0,0.0,2203622.052536666,optimal,0.09836360000190325,False,
5700,0.0,0,0.0,2225345.2946110773,optimal,0.10072029999719234,False,
5701,0.0,0,0.0,2179220.86577335,optimal,0.09366159999626689,False,
5702,0.0,0,0.0,2122714.919957422,optimal,0.09552329999860376,False,
5703,0.0,0,0.0,2066609.8784457715,optimal,0.09516589999839198,False,
5704,0.0,0,0.0,2051734.8499062357,optimal,0.08798419999948237,False,
5705,0.0,0,0.0,2047557.530932861,optimal,0.08158080000430346,False,
5706,0.0,0,0.0,2081295.7029587885,optimal,0.08364669999718899,False,
5707,0.0,0,0.0,2073844.4243117122,optimal,0.08421210000233259,False,
5708,0.0,0,0.0,2041832.2019702634,optimal,0.08451760000025388,False,
5709,0.0,0,0.0,2045765.728310977,optimal,0.08622040000045672,False,
5710,0.0,0,0.0,2010315.748823866,optimal,0.08329550000053132,False,
5711,0.0,0,0.0,1973107.5000225105,optimal,0.08961249999993015,False,
5712,0.0,0,0.0,1934270.933046675,optimal,0.0943081000004895,False,
5713,0.0,0,0.0,1904814.9033413522,optimal,0.08791739999287529,False,
5714,0.0,0,0.0,1871788.266416621,optimal,0.08751889999984996,False,
5715,0.0,0,0.0,1832511.4646801874,optimal,0.08714820000022883,False,
5716,0.0,0,0.0,1799997.5370520311,optimal,0.08653339999727905,False,
5717,0.0,0,0.0,1761334.0404997505,optimal,0.08325139999942621,False,
5718,0.0,0,0.0,1731879.7604318159,optimal,0.08596380000381032,False,
5719,0.0,0,0.0,1712972.1109291313,optimal,0.08408500000223285,False,
5720,0.0,0,0.0,1687586.3331440461,optimal,0.0842214000003878,False,
5721,0.0,0,0.0,1649899.9609659004,optimal,0.08296559999871533,False,
5722,0.0,0,0.0,1595278.0375106838,optimal,0.08554179999919143,False,
5723,0.0,0,0.0,1518052.0553362048,optimal,0.08810029999585822,False,
5724,0.0,0,0.0,1417125.4947955692,optimal,0.08624460000282852,False,
5725,0.0,0,0.0,1311013.4444459511,optimal,0.08413120000477647,False,
5726,0.0,0,0.0,1210608.5808915743,optimal,0.0864757000017562,False,
5727,0.0,0,0.0,1186935.590128864,optimal,0.08894010000221897,False,
5728,0.0,0,0.0,1170504.3326351962,optimal,0.08386949999839999,False,
5729,0.0,0,0.0,1157096.8576488984,optimal,0.08123289999639383,False,
5730,0.0,0,0.0,1142024.1588668176,optimal,0.0782035000011092,False,
5731,0.0,0,0.0,1117790.2155205547,optimal,0.07855159999598982,False,
5732,0.0,0,0.0,1136827.5990853845,optimal,0.07858289999421686,False,
5733,0.0,0,0.0,1203674.457147364,optimal,0.0819061999936821,False,
5734,0.0,0,0.0,1197701.6309853133,optimal,0.08109680000052322,False,
5735,0.0,0,0.0,1255672.5889697736,optimal,0.0802929999990738,False,
5736,0.0,0,0.0,1226654.2839803991,optimal,0.07828439999866532,False,
5737,0.0,0,0.0,1192611.6648068493,optimal,0.07742080000025453,False,
5738,0.0,0,0.0,1153336.0242928946,optimal,0.08679649999976391,False,
5739,0.0,0,0.0,1122642.0197627433,optimal,0.0823792000010144,False,
5740,0.0,0,0.0,1087020.380006855,optimal,0.0775154000002658,False,
5741,0.0,0,0.0,1112496.9430138464,optimal,0.0775595999948564,False,
5742,0.0,0,0.0,1078621.1771874176,optimal,0.08148430000437656,False,
5743,0.0,0,0.0,1160933.336233586,optimal,0.08684899999934714,False,
5744,0.0,0,0.0,1214209.6043417444,optimal,0.08634140000503976,False,
5745,0.0,0,0.0,1208148.5596938808,optimal,0.08587460000126157,False,
5746,0.0,0,0.0,1128172.0020796685,optimal,0.08052120000502327,False,
5747,0.0,0,0.0,1058443.5984457447,optimal,0.07323300000280142,False,
5748,0.0,0,0.0,973640.6951959466,optimal,0.07943320000049425,False,
5749,0.0,0,0.0,892203.857936656,optimal,0.0754910999967251,False,
5750,0.0,0,0.0,816345.0637235753,optimal,0.08110549999400973,False,
5751,0.0,0,0.0,754803.6616858774,optimal,0.07990869999775896,False,
5752,0.0,0,0.0,686664.375007592,optimal,0.07504750000225613,False,
5753,0.0,0,0.0,623806.6465465222,optimal,0.08128260000376031,False,
5754,0.0,0,0.0,645223.2004802132,optimal,0.08258149999892339,False,
5755,0.0,0,0.0,690858.5379935199,optimal,0.08409979999851203,False,
5756,0.0,0,0.0,744140.4402704654,optimal,0.0807344999993802,False,
5757,0.0,0,0.0,808809.6099474491,optimal,0.07864740000513848,False,
5758,0.0,0,0.0,872114.9903796457,optimal,0.08767890000308398,False,
5759,0.0,0,0.0,943564.3737440238,optimal,0.08030180000059772,False,
5760,0.0,0,0.0,1009463.0315265905,optimal,0.07755150000593858,False,
5761,0.0,0,0.0,1060371.718785992,optimal,0.0780321999991429,False,
5762,0.0,0,0.0,1111385.35736905,optimal,0.07266209999943385,False,
5763,0.0,0,0.0,1161276.5227780344,optimal,0.08081929999752901,False,
5764,0.0,0,0.0,1199688.8194572232,optimal,0.07802259999880334,False,
5765,0.0,0,0.0,1224278.4808844256,optimal,0.0885645000016666,False,
5766,0.0,0,0.0,1236128.024521901,optimal,0.08683559999917634,False,
5767,0.0,0,0.0,1251225.0378572529,optimal,0.08206659999996191,False,
5768,0.0,0,0.0,1291725.4478823424,optimal,0.08159579999482958,False,
5769,0.0,0,0.0,1329593.8238108503,optimal,0.08410340000409633,False,
5770,0.0,0,0.0,1310435.6351560086,optimal,0.08023079999838956,False,
5771,0.0,0,0.0,1318352.2632363534,optimal,0.14616270000260556,False,
5772,0.0,0,0.0,1308788.7274074554,optimal,0.07854139999835752,False,
5773,0.0,0,0.0,1297890.8706178428,optimal,0.07672499999898719,False,
5774,0.0,0,0.0,1324794.9250867919,optimal,0.08183549999375828,False,
5775,0.0,0,0.0,1346262.0457637508,optimal,0.16389950000302633,False,
5776,0.0,0,0.0,1357951.1548208417,optimal,0.0879376000011689,False,
5777,0.0,0,0.0,1372674.4779840931,optimal,0.0924516000013682,False,
5778,0.0,0,0.0,1387309.3388719165,optimal,0.1709469000052195,False,
5779,0.0,0,0.0,1416956.2596564165,optimal,0.07506950000242796,False,
5780,0.0,0,0.0,1476411.2899654673,optimal,0.07732219999888912,False,
5781,0.0,0,0.0,1537472.3667460093,optimal,0.07790499999828171,False,
5782,0.0,0,0.0,1589225.1638174267,optimal,0.16474949999974342,False,
5783,0.0,0,0.0,1629910.798347191,optimal,0.07830739999917569,False,
5784,0.0,0,0.0,1679715.5075800293,optimal,0.08561850000114646,False,
5785,0.0,0,0.0,1703825.3716061814,optimal,0.09116219999850728,False,
5786,0.0,0,0.0,1739735.0528473344,optimal,0.08584039999550441,False,
5787,0.0,0,0.0,1745200.2723353917,optimal,0.18301200000132667,False,
5788,0.0,0,0.0,1831998.986994797,optimal,0.08697740000206977,False,
5789,0.0,0,0.0,1844175.3760327303,optimal,0.1883737000025576,False,
5790,0.0,0,0.0,1838801.3897898507,optimal,0.10144600000057835,False,
5791,0.0,0,0.0,1846204.686498556,optimal,0.11225000000558794,False,
5792,0.0,0,0.0,1933375.5419844545,optimal,0.08990480000647949,False,
5793,0.0,0,0.0,1931015.8404544722,optimal,0.17312569999921834,False,
5794,0.0,0,0.0,1928816.8798324298,optimal,0.08927250000124332,False,
5795,0.0,0,0.0,1892131.9570751195,optimal,0.10475869999936549,False,
5796,0.0,0,0.0,1827061.1026458158,optimal,0.09398830000282032,False,
5797,0.0,0,0.0,1735220.5336400282,optimal,0.1644495000000461,False,
5798,0.0,0,0.0,1638340.234373762,optimal,0.07874599999922793,False,
5799,0.0,0,0.0,1587841.4359573722,optimal,0.07969250000314787,False,
5800,0.0,0,0.0,1577894.115727786,optimal,0.1635861999966437,False,
5801,0.0,0,0.0,1536334.778549564,optimal,0.08476560000417521,False,
5802,0.0,0,0.0,1465386.5319245092,optimal,0.08860020000429358,False,
5803,0.0,0,0.0,1399343.4636778024,optimal,0.08429489999980433,False,
5804,0.0,0,0.0,1354664.2236401944,optimal,0.09874149999814108,False,
5805,0.0,0,0.0,1295898.2089067616,optimal,0.08628880000469508,False,
5806,0.0,0,0.0,1257802.734534015,optimal,0.16949659999954747,False,
5807,0.0,0,0.0,1167074.301268478,optimal,0.08800920000066981,False,
5808,0.0,0,0.0,1138113.1637148687,optimal,0.16426599999977043,False,
5809,0.0,0,0.0,1088455.0515648015,optimal,0.0881093999996665,False,
5810,0.0,0,0.0,1057390.6614057664,optimal,0.08546579999529058,False,
5811,0.0,0,0.0,1018307.353685638,optimal,0.1851883999988786,False,
5812,0.0,0,0.0,992280.9502742839,optimal,0.09973929999978282,False,
5813,0.0,0,0.0,971614.1605493695,optimal,0.18058429999655345,False,
5814,0.0,0,0.0,949023.4700704021,optimal,0.09494000000267988,False,
5815,0.0,0,0.0,924257.2386402843,optimal,0.1751600999996299,False,
5816,0.0,0,0.0,862345.6817944956,optimal,0.0958491999990656,False,
5817,0.0,0,0.0,800827.6008418276,optimal,0.08845000000292202,False,
5818,0.0,0,0.0,765370.8972399804,optimal,0.08737090000067838,False,
5819,0.0,0,0.0,737860.0252973638,optimal,0.17287519999808865,False,
5820,0.0,0,0.0,689529.6215439248,optimal,0.08261739999579731,False,
5821,0.0,0,0.0,645531.2707393657,optimal,0.09868450000067241,False,
5822,0.0,0,0.0,557194.5792354194,optimal,0.1868010000034701,False,
5823,0.0,0,0.0,487862.9967384585,optimal,0.08925799999997253,False,
5824,0.0,0,0.0,410124.05064636556,optimal,0.08645099999557715,False,
5825,0.0,0,0.0,371348.77701512695,optimal,0.1932572000005166,False,
5826,0.0,0,0.0,281768.02259119664,optimal,0.10465299999486888,False,
5827,0.0,0,0.0,219271.88921900396,optimal,0.18398420000448823,False,
5828,0.0,0,0.0,182096.16240512248,optimal,0.1009187000017846,False,
5829,0.0,0,0.0,142208.07581940535,optimal,0.08966519999376033,False,
5830,0.0,0,0.0,141370.1563618202,optimal,0.17260109999915585,False,
5831,0.0,0,0.0,118840.78770829555,optimal,0.08886109999730252,False,
5832,0.0,0,0.0,131915.27986910468,optimal,0.10237490000145044,False,
5833,0.0,0,0.0,151665.7021189583,optimal,0.08986089999962132,False,
5834,0.0,0,0.0,184312.62818415623,optimal,0.09235700000135694,False,
5835,0.0,0,0.0,207890.30897079737,optimal,0.07983599999715807,False,
5836,0.0,0,0.0,225524.27908616912,optimal,0.07854120000411058,False,
5837,0.0,0,0.0,236812.21717191246,optimal,0.16038880000269273,False,
5838,0.0,0,0.0,256859.0142337597,optimal,0.08615749999444233,False,
5839,0.0,0,0.0,276787.5441565934,optimal,0.08372790000430541,False,
5840,0.0,0,0.0,318740.54651305795,optimal,0.07891229999950156,False,
5841,0.0,0,0.0,320975.5738378373,optimal,0.08592180000414373,False,
5842,0.0,0,0.0,356178.82704028324,optimal,0.07984479999868199,False,
5843,0.0,0,0.0,377252.413434525,optimal,0.08605870000610594,False,
5844,0.0,0,0.0,372312.70455844444,optimal,0.16278349999629427,False,
5845,0.0,0,0.0,381026.9782111407,optimal,0.08381160000135424,False,
5846,0.0,0,0.0,385420.00248698116,optimal,0.08520590000262018,False,
5847,0.0,0,0.0,353597.5440345171,optimal,0.0846326000028057,False,
5848,0.0,0,0.0,328411.7165819448,optimal,0.0819855000008829,False,
5849,0.0,0,0.0,338598.87456021586,optimal,0.08445750000100816,False,
5850,0.0,0,0.0,352082.616764098,optimal,0.08360220000031404,False,
5851,0.0,0,0.0,369815.6949099451,optimal,0.08542499999748543,False,
5852,0.0,0,0.0,411479.6143426214,optimal,0.1030802000022959,False,
5853,0.0,0,0.0,422943.25475268206,optimal,0.09460440000111703,False,
5854,0.0,0,0.0,471128.42323242454,optimal,0.10253219999867724,False,
5855,0.0,0,0.0,578585.8825658323,optimal,0.11648019999847747,False,
5856,0.0,0,0.0,615174.6698163366,optimal,0.09925579999980982,False,
5857,0.0,0,0.0,640443.0030336151,optimal,0.09117649999825517,False,
5858,0.0,0,0.0,651488.2804440128,optimal,0.09232089999568416,False,
5859,0.0,0,0.0,652528.7811999763,optimal,0.0851526999977068,False,
5860,0.0,0,0.0,642854.6869497737,optimal,0.08663749999686843,False,
5861,0.0,0,0.0,630837.0509212953,optimal,0.08583099999668775,False,
5862,0.0,0,0.0,619239.6613272155,optimal,0.08505739999964135,False,
5863,0.0,0,0.0,631451.1756999986,optimal,0.08065440000063973,False,
5864,0.0,0,0.0,635815.0707198553,optimal,0.07873330000438727,False,
5865,0.0,0,0.0,592307.4005905731,optimal,0.08107789999485249,False,
5866,0.0,0,0.0,550663.0060148807,optimal,0.07981850000214763,False,
5867,0.0,0,0.0,499952.9112437705,optimal,0.08385550000093644,False,
5868,0.0,0,0.0,452121.12750875845,optimal,0.08126689999335213,False,
5869,0.0,0,0.0,437843.1172080832,optimal,0.07922640000469983,False,
5870,0.0,0,0.0,431375.8600175414,optimal,0.07939130000158912,False,
5871,0.0,0,0.0,440369.980308273,optimal,0.07980849999876227,False,
5872,0.0,0,0.0,450283.4777834234,optimal,0.07803409999905853,False,
5873,0.0,0,0.0,463777.1635406263,optimal,0.07782959999894956,False,
5874,0.0,0,0.0,475863.9859917285,optimal,0.08097569999517873,False,
5875,0.0,0,0.0,483828.2457790745,optimal,0.08195020000130171,False,
5876,0.0,0,0.0,521204.32033076184,optimal,0.08472579999943264,False,
5877,0.0,0,0.0,527154.222338482,optimal,0.0930034000048181,False,
5878,0.0,0,0.0,533538.3146564595,optimal,0.08389590000297176,False,
5879,0.0,0,0.0,508533.296386967,optimal,0.08082899999863002,False,
5880,0.0,0,0.0,492639.5051728002,optimal,0.0789881000018795,False,
5881,0.0,0,0.0,449509.4142567065,optimal,0.07811889999720734,False,
5882,0.0,0,0.0,428457.3059729166,optimal,0.0784265000038431,False,
5883,0.0,0,0.0,373088.59768335155,optimal,0.07647349999751896,False,
5884,0.0,0,0.0,322287.1658903451,optimal,0.08205489999818383,False,
5885,0.0,0,0.0,263867.7239839556,optimal,0.08861939999769675,False,
5886,0.0,0,0.0,222854.90577842476,optimal,0.08434340000530938,False,
5887,0.0,0,0.0,190273.3731919389,optimal,0.0931639999980689,False,
5888,0.0,0,0.0,150787.42643732188,optimal,0.09000179999566171,False,
5889,0.0,0,0.0,129679.57790890199,optimal,0.09069920000183629,False,
5890,0.0,0,0.0,117613.5154685409,optimal,0.08405520000087563,False,
5891,0.0,0,0.0,118245.46178833449,optimal,0.09220700000150828,False,
5892,0.0,0,0.0,113909.2281717713,optimal,0.082748900000297,False,
5893,0.0,0,0.0,104531.85804118006,optimal,0.0923430000038934,False,
5894,0.0,0,0.0,97534.39250962989,optimal,0.0932641000035801,False,
5895,0.0,0,0.0,93017.72027424403,optimal,0.09228299999813316,False,
5896,0.0,0,0.0,80386.5592484416,optimal,0.09408029999758583,False,
5897,0.0,0,0.0,70408.71769560383,optimal,0.1801763999974355,False,
5898,0.0,0,0.0,64257.00371280765,optimal,0.09168050000153016,False,
5899,0.0,0,0.0,63588.28846655934,optimal,0.08187029999680817,False,
5900,0.0,0,0.0,52305.87808384103,optimal,0.08041969999612775,False,
5901,0.0,0,0.0,42549.076988455985,optimal,0.15647829999943497,False,
5902,0.0,0,0.0,0.0,optimal,0.08661430000211112,False,
5903,0.0,0,0.0,0.0,optimal,0.08706360000360291,False,
5904,0.0,0,0.0,0.0,optimal,0.16531180000310997,False,
5905,0.0,0,0.0,0.0,optimal,0.08913619999657385,False,
5906,0.0,0,0.0,0.0,optimal,0.09943780000321567,False,
5907,0.0,0,0.0,0.0,optimal,0.0892463000054704,False,
5908,0.0,0,0.0,0.0,optimal,0.16535490000387654,False,
5909,0.0,0,0.0,0.0,optimal,0.08916980000503827,False,
5910,0.0,0,0.0,0.0,optimal,0.08808419999695616,False,
5911,0.0,0,0.0,0.0,optimal,0.07960710000043036,False,
5912,0.0,0,0.0,0.0,optimal,0.16396109999914188,False,
5913,0.0,0,0.0,0.0,optimal,0.0870885999975144,False,
5914,0.0,0,0.0,0.0,optimal,0.08999200000107521,False,
5915,0.0,0,0.0,0.0,optimal,0.08217750000039814,False,
5916,0.0,0,0.0,0.0,optimal,0.16249180000158958,False,
5917,0.0,0,0.0,0.0,optimal,0.08433890000014799,False,
5918,0.0,0,0.0,0.0,optimal,0.07764679999672808,False,
5919,0.0,0,0.0,0.0,optimal,0.165183099998103,False,
5920,0.0,0,0.0,0.0,optimal,0.0904171000001952,False,
5921,0.0,0,0.0,0.0,optimal,0.07912370000121882,False,
5922,0.0,0,0.0,0.0,optimal,0.08103940000000875,False,
5923,0.0,0,0.0,0.0,optimal,0.07642130000022007,False,
5924,0.0,0,0.0,0.0,optimal,0.1730554999958258,False,
5925,0.0,0,0.0,0.0,optimal,0.12965249999979278,False,
5926,0.0,0,0.0,0.0,optimal,0.17607999999745516,False,
5927,0.0,0,0.0,0.0,optimal,0.1003125999995973,False,
5928,0.0,0,0.0,0.0,optimal,0.10164729999814881,False,
5929,0.0,0,0.0,0.0,optimal,0.09813249999569962,False,
5930,0.0,0,0.0,0.0,optimal,0.09530850000010105,False,
5931,0.0,0,0.0,0.0,optimal,0.08114959999511484,False,
5932,0.0,0,0.0,0.0,optimal,0.18666179999854648,False,
5933,0.0,0,0.0,0.0,optimal,0.09282600000005914,False,
5934,0.0,0,0.0,0.0,optimal,0.1856908999980078,False,
5935,0.0,0,0.0,0.0,optimal,0.09365309999702731,False,
5936,0.0,0,0.0,0.0,optimal,0.09643420000065817,False,
5937,0.0,0,0.0,0.0,optimal,0.17974790000153007,False,
5938,0.0,0,0.0,0.0,optimal,0.18850879999808967,False,
5939,0.0,0,0.0,0.0,optimal,0.11023690000001807,False,
5940,0.0,0,0.0,0.0,optimal,0.10476650000055088,False,
5941,0.0,0,0.0,0.0,optimal,0.21943699999974342,False,
5942,0.0,0,0.0,0.0,optimal,0.12458800000604242,False,
5943,0.0,0,0.0,0.0,optimal,0.13199639999947976,False,
5944,0.0,0,0.0,0.0,optimal,0.12948599999799626,False,
5945,0.0,0,0.0,0.0,optimal,0.20727869999973336,False,
5946,0.0,0,0.0,0.0,optimal,0.1146632000018144,False,
5947,0.0,0,0.0,0.0,optimal,0.12786510000296403,False,
5948,0.0,0,0.0,0.0,optimal,0.09604330000001937,False,
5949,0.0,0,0.0,0.0,optimal,0.17613600000186125,False,
5950,0.0,0,0.0,0.0,optimal,0.10010850000253413,False,
5951,0.0,0,0.0,0.0,optimal,0.1838172999996459,False,
5952,0.0,0,0.0,57421.550952274076,optimal,0.11711629999626894,False,
5953,0.0,0,0.0,146873.1076378743,optimal,0.17442039999878034,False,
5954,0.0,0,0.0,231207.0582401088,optimal,0.10307109999848763,False,
5955,0.0,0,0.0,302567.29483963136,optimal,0.10607100000197534,False,
5956,0.0,0,0.0,344187.32243804116,optimal,0.1788855999984662,False,
5957,0.0,0,0.0,354669.34263857483,optimal,0.10420499999599997,False,
5958,0.0,0,0.0,390868.3253612626,optimal,0.08942340000066906,False,
5959,0.0,0,0.0,456641.3825491561,optimal,0.10302129999763565,False,
5960,0.0,0,0.0,484343.26601176884,optimal,0.09072459999879356,False,
5961,0.0,0,0.0,493521.8173923898,optimal,0.10227759999543196,False,
5962,0.0,0,0.0,479843.0264706118,optimal,0.10230959999898914,False,
5963,0.0,0,0.0,444245.22258189885,optimal,0.18086630000470905,False,
5964,0.0,0,0.0,407295.4647563244,optimal,0.09184290000121109,False,
5965,0.0,0,0.0,372932.68707632413,optimal,0.0898700000034296,False,
5966,0.0,0,0.0,379947.7572433237,optimal,0.09598410000035074,False,
5967,0.0,0,0.0,347844.3836340055,optimal,0.09676279999985127,False,
5968,0.0,0,0.0,334623.6753860791,optimal,0.10014439999940805,False,
5969,0.0,0,0.0,337979.5139230155,optimal,0.0950343000004068,False,
5970,0.0,0,0.0,324400.5410348495,optimal,0.166195499994501,False,
5971,0.0,0,0.0,330631.162521129,optimal,0.08997120000276482,False,
5972,0.0,0,0.0,344812.6104029016,optimal,0.09701440000208095,False,
5973,0.0,0,0.0,401669.442443011,optimal,0.08555789999809349,False,
5974,0.0,0,0.0,426693.85164091026,optimal,0.10693850000097882,False,
5975,0.0,0,0.0,474409.40380262706,optimal,0.09211679999862099,False,
5976,0.0,0,0.0,499454.42850275757,optimal,0.08801240000320831,False,
5977,0.0,0,0.0,551677.4454685766,optimal,0.08284899999853224,False,
5978,0.0,0,0.0,534420.7986107555,optimal,0.0775562999988324,False,
5979,0.0,0,0.0,526314.7923055162,optimal,0.07319049999932759,False,
5980,0.0,0,0.0,506615.47331495676,optimal,0.08154130000184523,False,
5981,0.0,0,0.0,465820.24042675924,optimal,0.07980269999825396,False,
5982,0.0,0,0.0,458459.6340163669,optimal,0.08228630000667181,False,
5983,0.0,0,0.0,411481.79419723037,optimal,0.07890210000186926,False,
5984,0.0,0,0.0,370232.40550431976,optimal,0.08689920000324491,False,
5985,0.0,0,0.0,336008.4935067073,optimal,0.09193209999648388,False,
5986,0.0,0,0.0,267082.34371155384,optimal,0.0923142999963602,False,
5987,0.0,0,0.0,167556.0538389505,optimal,0.08625930000562221,False,
5988,0.0,0,0.0,96679.00652672212,optimal,0.0867733999984921,False,
5989,0.0,0,0.0,53331.52870268049,optimal,0.085173899999063,False,
5990,0.0,0,0.0,22552.29464277553,optimal,0.10536050000519026,False,
5991,0.0,0,0.0,0.0,optimal,0.09470819999842206,False,
5992,0.0,0,0.0,0.0,optimal,0.11224239999864949,False,
5993,0.0,0,0.0,0.0,optimal,0.11018119999789633,False,
5994,0.0,0,0.0,0.0,optimal,0.12210619999677874,False,
5995,0.0,0,0.0,0.0,optimal,0.09676259999832837,False,
5996,0.0,0,0.0,0.0,optimal,0.09785619999456685,False,
5997,0.0,0,0.0,0.0,optimal,0.10288289999880362,False,
5998,0.0,0,0.0,0.0,optimal,0.10355189999972936,False,
5999,0.0,0,0.0,0.0,optimal,0.0834919000044465,False,
6000,0.0,0,0.0,0.0,optimal,0.09792379999998957,False,
6001,0.0,0,0.0,0.0,optimal,0.09912269999767886,False,
6002,0.0,0,0.0,0.0,optimal,0.09343259999877773,False,
6003,0.0,0,0.0,0.0,optimal,0.09530249999806983,False,
6004,0.0,0,0.0,0.0,optimal,0.09505499999795575,False,
6005,0.0,0,0.0,0.0,optimal,0.10398590000113472,False,
6006,0.0,0,0.0,0.0,optimal,0.10149459999956889,False,
6007,0.0,0,0.0,0.0,optimal,0.0972539000067627,False,
6008,0.0,0,0.0,0.0,optimal,0.09508430000278167,False,
6009,0.0,0,0.0,0.0,optimal,0.09618980000232114,False,
6010,0.0,0,0.0,0.0,optimal,0.08333200000197394,False,
6011,0.0,0,0.0,0.0,optimal,0.08017059999838239,False,
6012,0.0,0,0.0,0.0,optimal,0.0798172000068007,False,
6013,0.0,0,0.0,0.0,optimal,0.0817181000020355,False,
6014,0.0,0,0.0,0.0,optimal,0.08053389999986393,False,
6015,0.0,0,0.0,0.0,optimal,0.08336379999673227,False,
6016,0.0,0,0.0,0.0,optimal,0.08028020000347169,False,
6017,0.0,0,0.0,0.0,optimal,0.08044969999900786,False,
6018,0.0,0,0.0,0.0,optimal,0.07957990000431892,False,
6019,0.0,0,0.0,0.0,optimal,0.07354180000402266,False,
6020,0.0,0,0.0,0.0,optimal,0.08557339999970281,False,
6021,0.0,0,0.0,0.0,optimal,0.09673770000517834,False,
6022,0.0,0,0.0,0.0,optimal,0.10363199999846984,False,
6023,0.0,0,0.0,0.0,optimal,0.10365019999881042,False,
6024,0.0,0,0.0,0.0,optimal,0.11362019999796757,False,
6025,0.0,0,0.0,0.0,optimal,0.10988800000632182,False,
6026,0.0,0,0.0,0.0,optimal,0.1096934999950463,False,
6027,0.0,0,0.0,0.0,optimal,0.09779109999362845,False,
6028,0.0,0,0.0,0.0,optimal,0.10591049999493407,False,
6029,0.0,0,0.0,0.0,optimal,0.1123617000048398,False,
6030,0.0,0,0.0,0.0,optimal,0.11259830000199145,False,
6031,0.0,0,0.0,0.0,optimal,0.1211124999972526,False,
6032,0.0,0,0.0,0.0,optimal,0.12352029999601655,False,
6033,0.0,0,0.0,0.0,optimal,0.11966799999936484,False,
6034,0.0,0,0.0,0.0,optimal,0.11077159999695141,False,
6035,0.0,0,0.0,0.0,optimal,0.10287299999617971,False,
6036,0.0,0,0.0,0.0,optimal,0.10100959999545012,False,
6037,0.0,0,0.0,0.0,optimal,0.11670890000095824,False,
6038,0.0,0,0.0,0.0,optimal,0.114515900000697,False,
6039,0.0,0,0.0,0.0,optimal,0.09859770000184653,False,
6040,0.0,0,0.0,0.0,optimal,0.09622549999767216,False,
6041,0.0,0,0.0,0.0,optimal,0.09413759999733884,False,
6042,0.0,0,0.0,0.0,optimal,0.09396879999985686,False,
6043,0.0,0,0.0,0.0,optimal,0.09218300000065938,False,
6044,0.0,0,0.0,0.0,optimal,0.17515930000081426,False,
6045,0.0,0,0.0,0.0,optimal,0.08430650000082096,False,
6046,0.0,0,0.0,0.0,optimal,0.09847260000242386,False,
6047,0.0,0,0.0,0.0,optimal,0.1072003000008408,False,
6048,0.0,0,0.0,0.0,optimal,0.21535839999705786,False,
6049,0.0,0,0.0,0.0,optimal,0.12062469999364112,False,
6050,0.0,0,0.0,0.0,optimal,0.13010119999671588,False,
6051,0.0,0,0.0,0.0,optimal,0.11110059999919031,False,
6052,0.0,0,0.0,0.0,optimal,0.16590300000098068,False,
6053,0.0,0,0.0,0.0,optimal,0.11360889999923529,False,
6054,0.0,0,0.0,0.0,optimal,0.09586199999466771,False,
6055,0.0,0,0.0,0.0,optimal,0.09698539999953937,False,
6056,0.0,0,0.0,0.0,optimal,0.18233429999963846,False,
6057,0.0,0,0.0,0.0,optimal,0.08927690000564326,False,
6058,0.0,0,0.0,0.0,optimal,0.0964008000009926,False,
6059,0.0,0,0.0,0.0,optimal,0.10216529999888735,False,
6060,0.0,0,0.0,0.0,optimal,0.19894579999527195,False,
6061,0.0,0,0.0,0.0,optimal,0.10312260000500828,False,
6062,0.0,0,0.0,0.0,optimal,0.08657210000092164,False,
6063,0.0,0,0.0,0.0,optimal,0.1047915999952238,False,
6064,0.0,0,0.0,0.0,optimal,0.17031600000336766,False,
6065,0.0,0,0.0,0.0,optimal,0.08785280000302009,False,
6066,0.0,0,0.0,0.0,optimal,0.17624480000085896,False,
6067,0.0,0,0.0,0.0,optimal,0.08691420000104699,False,
6068,0.0,0,0.0,0.0,optimal,0.0880851999972947,False,
6069,0.0,0,0.0,0.0,optimal,0.08463489999849116,False,
6070,0.0,0,0.0,0.0,optimal,0.17583260000537848,False,
6071,0.0,0,0.0,0.0,optimal,0.09342319999996107,False,
6072,0.0,0,0.0,0.0,optimal,0.08824579999782145,False,
6073,0.0,0,0.0,0.0,optimal,0.18139440000231843,False,
6074,0.0,0,0.0,0.0,optimal,0.0991303999981028,False,
6075,0.0,0,0.0,0.0,optimal,0.11341119999997318,False,
6076,0.0,0,0.0,0.0,optimal,0.09035800000128802,False,
6077,0.0,0,0.0,0.0,optimal,0.1015322000021115,False,
6078,0.0,0,0.0,0.0,optimal,0.17047179999644868,False,
6079,0.0,0,0.0,0.0,optimal,0.11284560000058264,False,
6080,0.0,0,0.0,0.0,optimal,0.10257740000088234,False,
6081,0.0,0,0.0,0.0,optimal,0.1757759000029182,False,
6082,0.0,0,0.0,0.0,optimal,0.16820859999279492,False,
6083,0.0,0,0.0,9838.017864986072,optimal,0.08741930000542197,False,
6084,0.0,0,0.0,28971.121952983714,optimal,0.08269810000638245,False,
6085,0.0,0,0.0,49916.801743380005,optimal,0.17460230000142474,False,
6086,0.0,0,0.0,72576.32205414158,optimal,0.08074699999997392,False,
6087,0.0,0,0.0,95630.07886280412,optimal,0.07850029999826802,False,
6088,0.0,0,0.0,113307.86833305687,optimal,0.16006029999698512,False,
6089,0.0,0,0.0,131550.75937758392,optimal,0.07907349999732105,False,
6090,0.0,0,0.0,149731.14809186017,optimal,0.07440360000327928,False,
6091,0.0,0,0.0,188207.4823317798,optimal,0.0844206000037957,False,
6092,0.0,0,0.0,209020.17008743694,optimal,0.1779722999999649,False,
6093,0.0,0,0.0,220062.59266186482,optimal,0.08583199999702629,False,
6094,0.0,0,0.0,232117.74649498577,optimal,0.0851397000005818,False,
6095,0.0,0,0.0,247016.54093615175,optimal,0.09635620000335621,False,
6096,0.0,0,0.0,258008.14984678998,optimal,0.17704250000679167,False,
6097,0.0,0,0.0,270165.0796304501,optimal,0.09300760000041919,False,
6098,0.0,0,0.0,273847.46926741005,optimal,0.19546319999790285,False,
6099,0.0,0,0.0,275331.3466368644,optimal,0.09220949999871664,False,
6100,0.0,0,0.0,284751.630350829,optimal,0.08688699999765959,False,
6101,0.0,0,0.0,299769.65283431474,optimal,0.17128019999654498,False,
6102,0.0,0,0.0,305891.1269206498,optimal,0.10225940000236733,False,
6103,0.0,0,0.0,312368.4211868917,optimal,0.09857480000209762,False,
6104,0.0,0,0.0,315243.5692984186,optimal,0.17149280000012368,False,
6105,0.0,0,0.0,289168.8839651568,optimal,0.08440279999922495,False,
6106,0.0,0,0.0,257603.01811624956,optimal,0.08140460000140592,False,
6107,0.0,0,0.0,245804.09774336198,optimal,0.09221589999651769,False,
6108,0.0,0,0.0,222895.1903437201,optimal,0.0852387999984785,False,
6109,0.0,0,0.0,200599.68315584303,optimal,0.08079889999498846,False,
6110,0.0,0,0.0,184877.28770344163,optimal,0.163352900002792,False,
6111,0.0,0,0.0,185347.20709757233,optimal,0.10209949999989476,False,
6112,0.0,0,0.0,192701.39992332456,optimal,0.09563660000276286,False,
6113,0.0,0,0.0,202702.44356389984,optimal,0.08503429999836953,False,
6114,0.0,0,0.0,213634.9787022941,optimal,0.08576009999524103,False,
6115,0.0,0,0.0,244341.35644119442,optimal,0.0823452000040561,False,
6116,0.0,0,0.0,243200.57560272943,optimal,0.07875440000498202,False,
6117,0.0,0,0.0,229428.22644814028,optimal,0.16076890000113053,False,
6118,0.0,0,0.0,216454.76489407095,optimal,0.08746020000398858,False,
6119,0.0,0,0.0,200820.79681613733,optimal,0.080464500002563,False,
6120,0.0,0,0.0,185186.82873820383,optimal,0.08658970000396948,False,
6121,0.0,0,0.0,169552.86066026907,optimal,0.08533539999916684,False,
6122,0.0,0,0.0,153918.89258233554,optimal,0.0847825999953784,False,
6123,0.0,0,0.0,138284.92450440212,optimal,0.08482240000012098,False,
6124,0.0,0,0.0,125682.2655283597,optimal,0.0800394999969285,False,
6125,0.0,0,0.0,126137.31056196097,optimal,0.0779024000003119,False,
6126,0.0,0,0.0,127147.59330055793,optimal,0.08092580000084126,False,
6127,0.0,0,0.0,134228.639976514,optimal,0.08774719999928493,False,
6128,0.0,0,0.0,127227.41506437604,optimal,0.07874330000049667,False,
6129,0.0,0,0.0,101114.43382843975,optimal,0.09695090000604978,False,
6130,0.0,0,0.0,49738.83356194177,optimal,0.07757719999790424,False,
6131,0.0,0,0.0,0.0,optimal,0.08218570000462933,False,
6132,0.0,0,0.0,0.0,optimal,0.08265519999986282,False,
6133,0.0,0,0.0,0.0,optimal,0.08119499999884283,False,
6134,0.0,0,0.0,0.0,optimal,0.08184450000408106,False,
6135,0.0,0,0.0,0.0,optimal,0.08093730000109645,False,
6136,0.0,0,0.0,0.0,optimal,0.07780410000123084,False,
6137,0.0,0,0.0,0.0,optimal,0.07696659999783151,False,
6138,0.0,0,0.0,0.0,optimal,0.07327780000196071,False,
6139,0.0,0,0.0,0.0,optimal,0.07645550000597723,False,
6140,0.0,0,0.0,0.0,optimal,0.07584209999913583,False,
6141,0.0,0,0.0,0.0,optimal,0.08607009999832371,False,
6142,0.0,0,0.0,0.0,optimal,0.07360009999683825,False,
6143,0.0,0,0.0,0.0,optimal,0.08924500000284752,False,
6144,0.0,0,0.0,0.0,optimal,0.10174120000010589,False,
6145,0.0,0,0.0,0.0,optimal,0.09320199999638135,False,
6146,0.0,0,0.0,0.0,optimal,0.09779790000175126,False,
6147,0.0,0,0.0,0.0,optimal,0.10513179999543354,False,
6148,0.0,0,0.0,0.0,optimal,0.10764500000368571,False,
6149,0.0,0,0.0,0.0,optimal,0.1038503000017954,False,
6150,0.0,0,0.0,0.0,optimal,0.10237900000356603,False,
6151,0.0,0,0.0,0.0,optimal,0.10000869999930728,False,
6152,0.0,0,0.0,0.0,optimal,0.08845710000605322,False,
6153,0.0,0,0.0,0.0,optimal,0.08855469999980414,False,
6154,0.0,0,0.0,0.0,optimal,0.07882980000431417,False,
6155,0.0,0,0.0,0.0,optimal,0.08160029999999097,False,
6156,0.0,0,0.0,0.0,optimal,0.08564499999920372,False,
6157,0.0,0,0.0,0.0,optimal,0.09655669999483507,False,
6158,0.0,0,0.0,0.0,optimal,0.0940552000029129,False,
6159,0.0,0,0.0,0.0,optimal,0.0916505999994115,False,
6160,0.0,0,0.0,0.0,optimal,0.07930969999870285,False,
6161,0.0,0,0.0,0.0,optimal,0.08010930000455119,False,
6162,0.0,0,0.0,0.0,optimal,0.08400569999503205,False,
6163,0.0,0,0.0,0.0,optimal,0.0880883999998332,False,
6164,0.0,0,0.0,0.0,optimal,0.10195000000385335,False,
6165,0.0,0,0.0,0.0,optimal,0.0969392000042717,False,
6166,0.0,0,0.0,0.0,optimal,0.10458149999612942,False,
6167,0.0,0,0.0,0.0,optimal,0.10879130000103032,False,
6168,0.0,0,0.0,0.0,optimal,0.11562309999862919,False,
6169,0.0,0,0.0,0.0,optimal,0.11156440000195289,False,
6170,0.0,0,0.0,0.0,optimal,0.1681442999979481,False,
6171,0.0,0,0.0,0.0,optimal,0.09511509999720147,False,
6172,0.0,0,0.0,0.0,optimal,0.08255939999799011,False,
6173,0.0,0,0.0,0.0,optimal,0.11193740000453545,False,
6174,0.0,0,0.0,0.0,optimal,0.1632162000023527,False,
6175,0.0,0,0.0,0.0,optimal,0.08066400000097929,False,
6176,0.0,0,0.0,0.0,optimal,0.10691200000292156,False,
6177,0.0,0,0.0,0.0,optimal,0.17782440000155475,False,
6178,0.0,0,0.0,0.0,optimal,0.11186940000334289,False,
6179,0.0,0,0.0,0.0,optimal,0.09330440000485396,False,
6180,0.0,0,0.0,0.0,optimal,0.10210830000141868,False,
6181,0.0,0,0.0,0.0,optimal,0.17799419999937527,False,
6182,0.0,0,0.0,0.0,optimal,0.08251949999976205,False,
6183,0.0,0,0.0,0.0,optimal,0.08909709999716142,False,
6184,0.0,0,0.0,0.0,optimal,0.09301530000084313,False,
6185,0.0,0,0.0,0.0,optimal,0.16528629999811528,False,
6186,0.0,0,0.0,0.0,optimal,0.08643850000225939,False,
6187,0.0,0,0.0,0.0,optimal,0.0941268999958993,False,
6188,0.0,0,0.0,0.0,optimal,0.08833250000316184,False,
6189,0.0,0,0.0,0.0,optimal,0.15921060000255238,False,
6190,0.0,0,0.0,0.0,optimal,0.09201269999903161,False,
6191,0.0,0,0.0,0.0,optimal,0.09489519999624463,False,
6192,0.0,0,0.0,44519.00200845088,optimal,0.15836809999746038,False,
6193,0.0,0,0.0,94180.81505945155,optimal,0.08705860000191024,False,
6194,0.0,0,0.0,144539.1345890405,optimal,0.07154669999727048,False,
6195,0.0,0,0.0,215288.36941343502,optimal,0.07987949999369448,False,
6196,0.0,0,0.0,299628.57789282,optimal,0.08012240000243764,False,
6197,0.0,0,0.0,366548.73330707895,optimal,0.16933889999927487,False,
6198,0.0,0,0.0,438904.599108576,optimal,0.08116319999680854,False,
6199,0.0,0,0.0,514188.2901040015,optimal,0.16833349999797065,False,
6200,0.0,0,0.0,569224.1493789861,optimal,0.09416020000207936,False,
6201,0.0,0,0.0,626292.0848477026,optimal,0.09029320000263397,False,
6202,0.0,0,0.0,699506.1222260759,optimal,0.08214459999726387,False,
6203,0.0,0,0.0,754241.0819649363,optimal,0.15946619999886025,False,
6204,0.0,0,0.0,809848.5813704919,optimal,0.0961708999966504,False,
6205,0.0,0,0.0,865989.9454570459,optimal,0.08901119999791263,False,
6206,0.0,0,0.0,917679.4630750773,optimal,0.16279580000264104,False,
6207,0.0,0,0.0,999293.7425584244,optimal,0.0851429999966058,False,
6208,0.0,0,0.0,1068110.6475023094,optimal,0.08063400000537513,False,
6209,0.0,0,0.0,1138573.273332923,optimal,0.17302599999675294,False,
6210,0.0,0,0.0,1221711.3723901606,optimal,0.07640140000148676,False,
6211,0.0,0,0.0,1258733.9747081054,optimal,0.08123369999520946,False,
6212,0.0,0,0.0,1295344.3031205242,optimal,0.1682610999996541,False,
6213,0.0,0,0.0,1334059.5778298995,optimal,0.08323370000289287,False,
6214,0.0,0,0.0,1362148.0390865859,optimal,0.15897069999482483,False,
6215,0.0,0,0.0,1357557.4617897738,optimal,0.09193039999809116,False,
6216,0.0,0,0.0,1337628.929410647,optimal,0.08734289999847533,False,
6217,0.0,0,0.0,1309567.4650917873,optimal,0.0795633000016096,False,
6218,0.0,0,0.0,1279421.3743226365,optimal,0.1601401000007172,False,
6219,0.0,0,0.0,1288928.4178208306,optimal,0.08048270000290358,False,
6220,0.0,0,0.0,1317479.332186216,optimal,0.08274969999911264,False,
6221,0.0,0,0.0,1321228.6776904017,optimal,0.15520110000215936,False,
6222,0.0,0,0.0,1339275.4743264208,optimal,0.07860179999988759,False,
6223,0.0,0,0.0,1364748.7889665938,optimal,0.08008880000124918,False,
6224,0.0,0,0.0,1381766.448933382,optimal,0.07809149999957299,False,
6225,0.0,0,0.0,1366879.7278337362,optimal,0.16216649999842048,False,
6226,0.0,0,0.0,1333644.1665641048,optimal,0.08726170000591082,False,
6227,0.0,0,0.0,1286285.0391856348,optimal,0.1677055999971344,False,
6228,0.0,0,0.0,1261059.9500481887,optimal,0.0803377000047476,False,
6229,0.0,0,0.0,1235604.877813062,optimal,0.08604550000018207,False,
6230,0.0,0,0.0,1224727.1247075868,optimal,0.15382469999894965,False,
6231,0.0,0,0.0,1144417.130983029,optimal,0.07952449999720557,False,
6232,0.0,0,0.0,1068608.303059847,optimal,0.07963390000077197,False,
6233,0.0,0,0.0,1003579.0082593183,optimal,0.07619110000086948,False,
6234,0.0,0,0.0,966419.4829652634,optimal,0.08462530000542756,False,
6235,0.0,0,0.0,945578.7558434717,optimal,0.08430210000369698,False,
6236,0.0,0,0.0,914795.4779897376,optimal,0.17020590000174707,False,
6237,0.0,0,0.0,888365.6587682776,optimal,0.08455110000068089,False,
6238,0.0,0,0.0,854155.0376729231,optimal,0.08185649999359157,False,
6239,0.0,0,0.0,819149.9338139634,optimal,0.09161580000363756,False,
6240,0.0,0,0.0,774375.8481854578,optimal,0.09804979999898933,False,
6241,0.0,0,0.0,749336.975697096,optimal,0.09606080000230577,False,
6242,0.0,0,0.0,718174.1819953063,optimal,0.09020579999923939,False,
6243,0.0,0,0.0,667761.624510442,optimal,0.17097089999879245,False,
6244,0.0,0,0.0,636759.4408020815,optimal,0.09446429999661632,False,
6245,0.0,0,0.0,577816.9158183523,optimal,0.08973179999884451,False,
6246,0.0,0,0.0,477072.7119038983,optimal,0.09658510000008391,False,
6247,0.0,0,0.0,418193.90061006614,optimal,0.08937280000100145,False,
6248,0.0,0,0.0,369947.6738244677,optimal,0.08302890000049956,False,
6249,0.0,0,0.0,329178.634772618,optimal,0.08349489999818616,False,
6250,0.0,0,0.0,268011.9603181203,optimal,0.07941920000303071,False,
6251,0.0,0,0.0,223716.65491206126,optimal,0.08272800000122515,False,
6252,0.0,0,0.0,162144.20446830572,optimal,0.08160589999897638,False,
6253,0.0,0,0.0,122753.33118359209,optimal,0.08001700000022538,False,
6254,0.0,0,0.0,98926.13970790505,optimal,0.07824840000102995,False,
6255,0.0,0,0.0,59425.92442228912,optimal,0.07477069999731611,False,
6256,0.0,0,0.0,35078.647732988145,optimal,0.0736719999986235,False,
6257,0.0,0,0.0,0.0,optimal,0.07319360000110464,False,
6258,0.0,0,0.0,0.0,optimal,0.0841602000000421,False,
6259,0.0,0,0.0,0.0,optimal,0.08250419999967562,False,
6260,0.0,0,0.0,0.0,optimal,0.07702160000189906,False,
6261,0.0,0,0.0,0.0,optimal,0.07171530000050552,False,
6262,0.0,0,0.0,0.0,optimal,0.07629189999715891,False,
6263,0.0,0,0.0,0.0,optimal,0.08491630000207806,False,
6264,0.0,0,0.0,0.0,optimal,0.08745810000255005,False,
6265,0.0,0,0.0,0.0,optimal,0.08563540000614012,False,
6266,0.0,0,0.0,0.0,optimal,0.08691910000197822,False,
6267,0.0,0,0.0,0.0,optimal,0.07942519999778597,False,
6268,0.0,0,0.0,0.0,optimal,0.07570819999818923,False,
6269,0.0,0,0.0,0.0,optimal,0.07547879999765428,False,
6270,0.0,0,0.0,0.0,optimal,0.07380430000193883,False,
6271,0.0,0,0.0,0.0,optimal,0.07464239999535494,False,
6272,0.0,0,0.0,0.0,optimal,0.08422769999742741,False,
6273,0.0,0,0.0,0.0,optimal,0.0835095000002184,False,
6274,0.0,0,0.0,0.0,optimal,0.09151390000624815,False,
6275,0.0,0,0.0,0.0,optimal,0.0872019000016735,False,
6276,0.0,0,0.0,0.0,optimal,0.0861979000037536,False,
6277,0.0,0,0.0,0.0,optimal,0.08160729999508476,False,
6278,0.0,0,0.0,0.0,optimal,0.08462139999755891,False,
6279,0.0,0,0.0,0.0,optimal,0.08442659999855096,False,
6280,0.0,0,0.0,0.0,optimal,0.08623100000113482,False,
6281,0.0,0,0.0,0.0,optimal,0.09596199999941746,False,
6282,0.0,0,0.0,0.0,optimal,0.08724959999381099,False,
6283,0.0,0,0.0,0.0,optimal,0.08362289999786299,False,
6284,0.0,0,0.0,0.0,optimal,0.09201499999471707,False,
6285,0.0,0,0.0,0.0,optimal,0.09283970000251429,False,
6286,0.0,0,0.0,0.0,optimal,0.08218219999980647,False,
6287,0.0,0,0.0,0.0,optimal,0.08690699999715434,False,
6288,0.0,0,0.0,0.0,optimal,0.09268919999885838,False,
6289,0.0,0,0.0,0.0,optimal,0.07903979999537114,False,
6290,0.0,0,0.0,0.0,optimal,0.07087380000302801,False,
6291,0.0,0,0.0,0.0,optimal,0.07451029999356251,False,
6292,0.0,0,0.0,0.0,optimal,0.07411169999977574,False,
6293,0.0,0,0.0,0.0,optimal,0.08841949999623466,False,
6294,0.0,0,0.0,0.0,optimal,0.09754139999859035,False,
6295,0.0,0,0.0,0.0,optimal,0.10412970000470523,False,
6296,0.0,0,0.0,0.0,optimal,0.10571429999981774,False,
6297,0.0,0,0.0,0.0,optimal,0.12014990000170656,False,
6298,0.0,0,0.0,0.0,optimal,0.11414220000006026,False,
6299,0.0,0,0.0,5163.819387445426,optimal,0.11260030000266852,False,
6300,0.0,0,0.0,34961.0290995778,optimal,0.11351019999710843,False,
6301,0.0,0,0.0,54851.44857783137,optimal,0.11024790000374196,False,
6302,0.0,0,0.0,45030.33764564004,optimal,0.09908450000511948,False,
6303,0.0,0,0.0,35758.41399972434,optimal,0.11203070000192383,False,
6304,0.0,0,0.0,32290.5360854379,optimal,0.11391560000629397,False,
6305,0.0,0,0.0,58887.68405843659,optimal,0.09257609999622218,False,
6306,0.0,0,0.0,113391.46102955542,optimal,0.09339190000173403,False,
6307,0.0,0,0.0,178424.3268562581,optimal,0.097561599999608,False,
6308,0.0,0,0.0,250483.29297517388,optimal,0.09788169999956153,False,
6309,0.0,0,0.0,367446.77237169805,optimal,0.09699529999488732,False,
6310,0.0,0,0.0,470341.6351190461,optimal,0.08778889999666717,False,
6311,0.0,0,0.0,541436.5679532366,optimal,0.09049339999910444,False,
6312,0.0,0,0.0,590188.122267102,optimal,0.08615289999579545,False,
6313,0.0,0,0.0,624463.3930163708,optimal,0.08876500000042142,False,
6314,0.0,0,0.0,669842.1750082215,optimal,0.07921209999767598,False,
6315,0.0,0,0.0,709112.8182312942,optimal,0.08155450000049314,False,
6316,0.0,0,0.0,717304.1280038182,optimal,0.08778770000208169,False,
6317,0.0,0,0.0,745221.3495965516,optimal,0.1696010000014212,False,
6318,0.0,0,0.0,814812.0832387593,optimal,0.08205270000325982,False,
6319,0.0,0,0.0,875566.8593772756,optimal,0.0872529000043869,False,
6320,0.0,0,0.0,945279.8230750368,optimal,0.07989739999902667,False,
6321,0.0,0,0.0,974277.8675086601,optimal,0.1552400000000489,False,
6322,0.0,0,0.0,976152.18005306,optimal,0.08196130000578705,False,
6323,0.0,0,0.0,973695.8769319885,optimal,0.08284249999996973,False,
6324,0.0,0,0.0,987462.4816127138,optimal,0.14620990000548773,False,
6325,0.0,0,0.0,990789.4653288375,optimal,0.07645069999853149,False,
6326,0.0,0,0.0,952621.7909870049,optimal,0.08287579999887384,False,
6327,0.0,0,0.0,934202.0556236249,optimal,0.08067780000419589,False,
6328,0.0,0,0.0,916449.5506799949,optimal,0.16721680000046035,False,
6329,0.0,0,0.0,908759.8844031446,optimal,0.08584870000049705,False,
6330,0.0,0,0.0,913289.2606781077,optimal,0.09024149999459041,False,
6331,0.0,0,0.0,931865.9490163192,optimal,0.09734399999433663,False,
6332,0.0,0,0.0,998153.1737791247,optimal,0.16543380000075558,False,
6333,0.0,0,0.0,1067151.8298364975,optimal,0.07868170000438113,False,
6334,0.0,0,0.0,1129337.7462148392,optimal,0.0760627999989083,False,
6335,0.0,0,0.0,1146731.8406929204,optimal,0.15884879999794066,False,
6336,0.0,0,0.0,1186137.5639633427,optimal,0.08077899999625515,False,
6337,0.0,0,0.0,1206428.341011141,optimal,0.08644890000141459,False,
6338,0.0,0,0.0,1240100.3013131735,optimal,0.07710959999531042,False,
6339,0.0,0,0.0,1281946.6727172907,optimal,0.16652080000494607,False,
6340,0.0,0,0.0,1308512.0496378243,optimal,0.09260689999791794,False,
6341,0.0,0,0.0,1279936.2543248115,optimal,0.0820062000057078,False,
6342,0.0,0,0.0,1263321.8479971355,optimal,0.08938369999668794,False,
6343,0.0,0,0.0,1209963.734560516,optimal,0.16190330000245012,False,
6344,0.0,0,0.0,1194897.352458732,optimal,0.0791285000013886,False,
6345,0.0,0,0.0,1135555.389210074,optimal,0.07768769999529468,False,
6346,0.0,0,0.0,1080968.1329913144,optimal,0.08138690000487259,False,
6347,0.0,0,0.0,1027767.3689905084,optimal,0.15292929999850458,False,
6348,0.0,0,0.0,977694.347273466,optimal,0.08027069999661762,False,
6349,0.0,0,0.0,990972.2609908312,optimal,0.07845810000435449,False,
6350,0.0,0,0.0,1008188.523822021,optimal,0.16369989999657264,False,
6351,0.0,0,0.0,1011751.3546893367,optimal,0.0792490000021644,False,
6352,0.0,0,0.0,979919.6792378582,optimal,0.08080250000057276,False,
6353,0.0,0,0.0,944169.1108622588,optimal,0.15586900000198511,False,
6354,0.0,0,0.0,897917.2784788453,optimal,0.08120030000281986,False,
6355,0.0,0,0.0,844427.7970684656,optimal,0.08074519999354379,False,
6356,0.0,0,0.0,772509.6014787017,optimal,0.16997960000298917,False,
6357,0.0,0,0.0,659755.3963473222,optimal,0.09191329999885056,False,
6358,0.0,0,0.0,596529.8872379938,optimal,0.08800180000253022,False,
6359,0.0,0,0.0,546191.8309540745,optimal,0.1742212000026484,False,
6360,0.0,0,0.0,507078.6152982759,optimal,0.08316210000339197,False,
6361,0.0,0,0.0,499744.23332139105,optimal,0.16514230000029784,False,
6362,0.0,0,0.0,480005.3115679215,optimal,0.09850179999921238,False,
6363,0.0,0,0.0,491743.23577167635,optimal,0.0834298999980092,False,
6364,0.0,0,0.0,488633.4321555364,optimal,0.08298970000032568,False,
6365,0.0,0,0.0,483578.8151065158,optimal,0.16268030000355793,False,
6366,0.0,0,0.0,468448.1089400939,optimal,0.08092629999737255,False,
6367,0.0,0,0.0,453706.18001347384,optimal,0.08548310000333004,False,
6368,0.0,0,0.0,432210.60963181005,optimal,0.17107930000202032,False,
6369,0.0,0,0.0,388133.02401064103,optimal,0.08999549999862211,False,
6370,0.0,0,0.0,379115.6686035516,optimal,0.08188009999867063,False,
6371,0.0,0,0.0,344897.63122596516,optimal,0.08224710000649793,False,
6372,0.0,0,0.0,314737.2236069566,optimal,0.1774479000014253,False,
6373,0.0,0,0.0,300173.55170391966,optimal,0.08842169999843463,False,
6374,0.0,0,0.0,286605.52962791093,optimal,0.1705493999979808,False,
6375,0.0,0,0.0,276106.07299094094,optimal,0.09336139999504667,False,
6376,0.0,0,0.0,267966.1300664315,optimal,0.09026209999865387,False,
6377,0.0,0,0.0,262593.8268669511,optimal,0.15384560000529746,False,
6378,0.0,0,0.0,256569.05477486277,optimal,0.07843770000181394,False,
6379,0.0,0,0.0,246563.1304632609,optimal,0.07534989999840036,False,
6380,0.0,0,0.0,227995.296802749,optimal,0.07614889999968,False,
6381,0.0,0,0.0,221338.68570626015,optimal,0.07577989999845158,False,
6382,0.0,0,0.0,226513.7621796206,optimal,0.08275980000325944,False,
6383,0.0,0,0.0,225286.3080543734,optimal,0.18468379999831086,False,
6384,0.0,0,0.0,239220.16417250133,optimal,0.08587180000176886,False,
6385,0.0,0,0.0,238977.72368080428,optimal,0.08812760000000708,False,
6386,0.0,0,0.0,248755.88522848242,optimal,0.09243609999975888,False,
6387,0.0,0,0.0,266303.69214393507,optimal,0.09030129999882774,False,
6388,0.0,0,0.0,308486.1286561362,optimal,0.08123129999876255,False,
6389,0.0,0,0.0,323281.6559451662,optimal,0.19498249999742256,False,
6390,0.0,0,0.0,350846.1097885674,optimal,0.0877833999984432,False,
6391,0.0,0,0.0,374848.89611336705,optimal,0.10599839999485994,False,
6392,0.0,0,0.0,422368.7235443433,optimal,0.09308990000135964,False,
6393,0.0,0,0.0,451608.2331743116,optimal,0.11129410000285134,False,
6394,0.0,0,0.0,472555.6490571328,optimal,0.08560030000080587,False,
6395,0.0,0,0.0,479537.0246806157,optimal,0.08657880000100704,False,
6396,0.0,0,0.0,482819.51056246343,optimal,0.08234510000329465,False,
6397,0.0,0,0.0,481868.6927164426,optimal,0.08102440000220668,False,
6398,0.0,0,0.0,484712.3378524167,optimal,0.08413350000046194,False,
6399,0.0,0,0.0,502498.126159366,optimal,0.08491459999640938,False,
6400,0.0,0,0.0,517986.260711926,optimal,0.08776199999556411,False,
6401,0.0,0,0.0,503517.18196212366,optimal,0.0906808999934583,False,
6402,0.0,0,0.0,492463.5533397594,optimal,0.08685240000340855,False,
6403,0.0,0,0.0,526577.0179869522,optimal,0.1087136999994982,False,
6404,0.0,0,0.0,577016.0227578104,optimal,0.10259099999530008,False,
6405,0.0,0,0.0,671842.8620475942,optimal,0.09435820000362583,False,
6406,0.0,0,0.0,801434.9992733675,optimal,0.10304410000389908,False,
6407,0.0,0,0.0,920475.5208357661,optimal,0.09362909999617841,False,
6408,0.0,0,0.0,1001217.1858675097,optimal,0.11490649999905145,False,
6409,0.0,0,0.0,1054684.701937209,optimal,0.10125220000190893,False,
6410,0.0,0,0.0,1116145.7941243898,optimal,0.0973394999964512,False,
6411,0.0,0,0.0,1121647.6102960294,optimal,0.0845603999987361,False,
6412,0.0,0,0.0,1174903.1728856293,optimal,0.08143579999887152,False,
6413,0.0,0,0.0,1219937.123324079,optimal,0.08127770000282908,False,
6414,0.0,0,0.0,1275302.3227430922,optimal,0.08309010000084527,False,
6415,0.0,0,0.0,1337171.441330687,optimal,0.08696369999961462,False,
6416,0.0,0,0.0,1442415.3328078808,optimal,0.08499640000081854,False,
6417,0.0,0,0.0,1565178.7786901856,optimal,0.08754690000205301,False,
6418,0.0,0,0.0,1637448.6434399579,optimal,0.0849579999994603,False,
6419,0.0,0,0.0,1673201.18706164,optimal,0.08176580000144895,False,
6420,0.0,0,0.0,1690588.3766670732,optimal,0.09145379999972647,False,
6421,0.0,0,0.0,1721309.3445661843,optimal,0.08814230000280077,False,
6422,0.0,0,0.0,1744846.6889701288,optimal,0.08807869999873219,False,
6423,0.0,0,0.0,1772461.7979086633,optimal,0.08862789999693632,False,
6424,0.0,0,0.0,1804672.7990202394,optimal,0.10302889999729814,False,
6425,0.0,0,0.0,1842504.3201162568,optimal,0.0977264999964973,False,
6426,0.0,0,0.0,1910198.1485431972,optimal,0.1033635999992839,False,
6427,0.0,0,0.0,2013527.1695619598,optimal,0.0915540999994846,False,
6428,0.0,0,0.0,2144716.1034904895,optimal,0.08775080000486923,False,
6429,0.0,0,0.0,2252249.174915626,optimal,0.08696839999902295,False,
6430,0.0,0,0.0,2380495.0456772754,optimal,0.08920560000115074,False,
6431,0.0,0,0.0,2502051.612434496,optimal,0.07616090000374243,False,
6432,0.0,0,0.0,2473738.332401562,optimal,0.08382759999949485,False,
6433,0.0,0,0.0,2438887.0851033074,optimal,0.08323539999400964,False,
6434,0.0,0,0.0,2491340.7324516573,optimal,0.08844540000427514,False,
6435,0.0,0,0.0,2453540.573218195,optimal,0.10073689999990165,False,
6436,0.0,0,0.0,2410763.899760333,optimal,0.11217990000295686,False,
6437,0.0,0,0.0,2469017.9090608708,optimal,0.10562310000386788,False,
6438,0.0,0,0.0,2539970.1756333075,optimal,0.10205109999515116,False,
6439,0.0,0,0.0,2641368.561756151,optimal,0.10868469999695662,False,
6440,0.0,0,0.0,2750027.4255372607,optimal,0.086051000005682,False,
6441,0.0,0,0.0,2851832.7528352947,optimal,0.11198560000048019,False,
6442,0.0,0,0.0,2893247.253581727,optimal,0.10498180000286084,False,
6443,0.0,0,0.0,2848183.2000661185,optimal,0.17984489999798825,False,
6444,0.0,0,0.0,2800031.7326096436,optimal,0.09684850000485312,False,
6445,0.0,0,0.0,2751013.8139135484,optimal,0.0893017000053078,False,
6446,0.0,0,0.0,2707245.4054893875,optimal,0.09215669999684906,False,
6447,0.0,0,0.0,2679550.1603956297,optimal,0.17133730000205105,False,
6448,0.0,0,0.0,2732444.450233489,optimal,0.08407679999800166,False,
6449,0.0,0,0.0,2769056.8190766666,optimal,0.16816739999921992,False,
6450,0.0,0,0.0,2857567.8380327877,optimal,0.07852100000309292,False,
6451,0.0,0,0.0,2863798.1733801477,optimal,0.07984640000358922,False,
6452,0.0,0,0.0,2766850.5296620857,optimal,0.0811561000009533,False,
6453,0.0,0,0.0,2659221.2715213094,optimal,0.08587879999686265,False,
6454,0.0,0,0.0,2542843.7408554526,optimal,0.08152419999532867,False,
6455,0.0,0,0.0,2484139.942027011,optimal,0.18212029999995138,False,
6456,0.0,0,0.0,2483498.556563095,optimal,0.08190749999630498,False,
6457,0.0,0,0.0,2445462.1491762283,optimal,0.0995288000049186,False,
6458,0.0,0,0.0,2428173.4225692702,optimal,0.178112699999474,False,
6459,0.0,0,0.0,2398573.215922407,optimal,0.08662190000177361,False,
6460,0.0,0,0.0,2374878.4528109534,optimal,0.08968889999960084,False,
6461,0.0,0,0.0,2330267.8036280256,optimal,0.17508790000283625,False,
6462,0.0,0,0.0,2266193.0570870526,optimal,0.08287700000073528,False,
6463,0.0,0,0.0,2161534.0658090743,optimal,0.08367880000150762,False,
6464,0.0,0,0.0,2004348.4754961175,optimal,0.08162330000050133,False,
6465,0.0,0,0.0,1968024.274823696,optimal,0.16642890000366606,False,
6466,0.0,0,0.0,1875566.992969533,optimal,0.07845289999386296,False,
6467,0.0,0,0.0,1755319.5522450763,optimal,0.08863689999998314,False,
6468,0.0,0,0.0,1645023.1680948974,optimal,0.08667959999729646,False,
6469,0.0,0,0.0,1512769.9985567469,optimal,0.08109849999891594,False,
6470,0.0,0,0.0,1381440.0648438367,optimal,0.16820139999617822,False,
6471,0.0,0,0.0,1247633.2375545758,optimal,0.08551770000485703,False,
6472,0.0,0,0.0,1106487.4503398472,optimal,0.08714809999946738,False,
6473,0.0,0,0.0,976080.6739430294,optimal,0.16681039999821223,False,
6474,0.0,0,0.0,859436.6496288914,optimal,0.07874619999347487,False,
6475,0.0,0,0.0,765011.7508334145,optimal,0.08510009999736212,False,
6476,0.0,0,0.0,815642.5549810189,optimal,0.1590204000021913,False,
6477,0.0,0,0.0,979170.0748032203,optimal,0.08506699999998091,False,
6478,0.0,0,0.0,1011545.4557167762,optimal,0.09303429999999935,False,
6479,0.0,0,0.0,1038010.312256854,optimal,0.16080299999885028,False,
6480,0.0,0,0.0,1098171.0938265799,optimal,0.08722090000082972,False,
6481,0.0,0,0.0,1231623.7820034532,optimal,0.08334589999867603,False,
6482,0.0,0,0.0,1345794.89912944,optimal,0.1582949000003282,False,
6483,0.0,0,0.0,1458708.3576561213,optimal,0.0735484999968321,False,
6484,0.0,0,0.0,1560890.6104038893,optimal,0.15039680000336375,False,
6485,0.0,0,0.0,1584188.9196225721,optimal,0.082088000002841,False,
6486,0.0,0,0.0,1560844.7432036174,optimal,0.08037510000576731,False,
6487,0.0,0,0.0,1573403.0328545098,optimal,0.16416580000077374,False,
6488,0.0,0,0.0,1548421.0393391806,optimal,0.0789227999994182,False,
6489,0.0,0,0.0,1625451.2567692806,optimal,0.08422330000030342,False,
6490,0.0,0,0.0,1611695.3489475488,optimal,0.08255249999638181,False,
6491,0.0,0,0.0,1695702.9333470569,optimal,0.16168319999997038,False,
6492,0.0,0,0.0,1729157.6897547166,optimal,0.07602090000000317,False,
6493,0.0,0,0.0,1744225.4348958866,optimal,0.07889350000186823,False,
6494,0.0,0,0.0,1743751.0932468614,optimal,0.1641929000033997,False,
6495,0.0,0,0.0,1852260.9491241663,optimal,0.07761139999638544,False,
6496,0.0,0,0.0,1852577.1768901814,optimal,0.07282669999403879,False,
6497,0.0,0,0.0,1857180.214772721,optimal,0.15842780000093626,False,
6498,0.0,0,0.0,1889376.9511089795,optimal,0.08076309999887599,False,
6499,0.0,0,0.0,1933579.2925800518,optimal,0.08039659999485593,False,
6500,0.0,0,0.0,1937540.3455449105,optimal,0.16160320000199135,False,
6501,0.0,0,0.0,2085564.918542086,optimal,0.0829950999977882,False,
6502,0.0,0,0.0,2223573.935384387,optimal,0.0821189000052982,False,
6503,0.0,0,0.0,2250088.0575661045,optimal,0.1629162000026554,False,
6504,0.0,0,0.0,2289536.205368024,optimal,0.08536029999959283,False,
6505,0.0,0,0.0,2261956.9814860886,optimal,0.0853763000050094,False,
6506,0.0,0,0.0,2309032.369610287,optimal,0.09265959999902407,False,
6507,0.0,0,0.0,2343763.2626885804,optimal,0.0955136999982642,False,
6508,0.0,0,0.0,2377852.424833135,optimal,0.07872900000074878,False,
6509,0.0,0,0.0,2490823.2454496324,optimal,0.17059470000094734,False,
6510,0.0,0,0.0,2545482.5257438337,optimal,0.08333929999935208,False,
6511,0.0,0,0.0,2631254.2228041273,optimal,0.0825773999968078,False,
6512,0.0,0,0.0,2735467.321094504,optimal,0.08463009999832138,False,
6513,0.0,0,0.0,2774284.581380434,optimal,0.08263040000019828,False,
6514,0.0,0,0.0,2734420.6619411386,optimal,0.08388469999772497,False,
6515,0.0,0,0.0,2659750.710847372,optimal,0.16344730000128038,False,
6516,0.0,0,0.0,2658399.679273831,optimal,0.08073879999574274,False,
6517,0.0,0,0.0,2662042.588814636,optimal,0.0845030000054976,False,
6518,0.0,0,0.0,2702026.4925137106,optimal,0.0839059999998426,False,
6519,0.0,0,0.0,2720282.908045168,optimal,0.08379899999999907,False,
6520,0.0,0,0.0,2739445.497599492,optimal,0.08454730000084965,False,
6521,0.0,0,0.0,2749154.708238698,optimal,0.08132929999555927,False,
6522,0.0,0,0.0,2756113.9630308785,optimal,0.08537129999604076,False,
6523,0.0,0,0.0,2790033.9084167015,optimal,0.08481710000341991,False,
6524,0.0,0,0.0,2864808.507063416,optimal,0.08293589999811957,False,
6525,0.0,0,0.0,2887981.3881221307,optimal,0.08424570000352105,False,
6526,0.0,0,0.0,2897597.60446529,optimal,0.08700070000486448,False,
6527,0.0,0,0.0,2818419.777755685,optimal,0.0836806000006618,False,
6528,0.0,0,0.0,2715384.905204034,optimal,0.08668839999882039,False,
6529,0.0,0,0.0,2652172.2369607175,optimal,0.08542650000163121,False,
6530,0.0,0,0.0,2615291.895771902,optimal,0.0833106999998563,False,
6531,0.0,0,0.0,2574576.288166862,optimal,0.08569119999447139,False,
6532,0.0,0,0.0,2533462.2902071243,optimal,0.08274439999513561,False,
6533,0.0,0,0.0,2460550.529977224,optimal,0.0849958000035258,False,
6534,0.0,0,0.0,2419439.3583559664,optimal,0.0845333999968716,False,
6535,0.0,0,0.0,2384156.4862759085,optimal,0.08197999999538297,False,
6536,0.0,0,0.0,2359022.7970689936,optimal,0.08522269999957643,False,
6537,0.0,0,0.0,2331151.4981953306,optimal,0.08633620000182418,False,
6538,0.0,0,0.0,2289841.4969798443,optimal,0.08498249999684049,False,
6539,0.0,0,0.0,2204815.4148660814,optimal,0.08454450000135694,False,
6540,0.0,0,0.0,2110081.5942307706,optimal,0.08401940000476316,False,
6541,0.0,0,0.0,2030115.1563732773,optimal,0.08512289999634959,False,
6542,0.0,0,0.0,1961940.4222727243,optimal,0.08715289999963716,False,
6543,0.0,0,0.0,1884822.542877648,optimal,0.08326910000323551,False,
6544,0.0,0,0.0,1811695.607075286,optimal,0.08245619999797782,False,
6545,0.0,0,0.0,1763101.38804028,optimal,0.08531919999950333,False,
6546,0.0,0,0.0,1688666.8140465373,optimal,0.08472630000323988,False,
6547,0.0,0,0.0,1570371.0948882306,optimal,0.09141570000065258,False,
6548,0.0,0,0.0,1485661.2405404828,optimal,0.08974160000070697,False,
6549,0.0,0,0.0,1411545.0163543008,optimal,0.08609280000382569,False,
6550,0.0,0,0.0,1325831.148267905,optimal,0.08680289999756496,False,
6551,0.0,0,0.0,1294010.975019691,optimal,0.08827230000315467,False,
6552,0.0,0,0.0,1289359.5264528682,optimal,0.08332679999875836,False,
6553,0.0,0,0.0,1249899.553083513,optimal,0.08582860000024084,False,
6554,0.0,0,0.0,1210063.1743676614,optimal,0.08725170000252547,False,
6555,0.0,0,0.0,1228313.6359247994,optimal,0.07953309999720659,False,
6556,0.0,0,0.0,1241706.9904543757,optimal,0.08479889999580337,False,
6557,0.0,0,0.0,1258461.4280672246,optimal,0.07985740000003716,False,
6558,0.0,0,0.0,1297724.4586087943,optimal,0.09050890000071377,False,
6559,0.0,0,0.0,1344115.7371419375,optimal,0.08076850000361446,False,
6560,0.0,0,0.0,1409785.9115280146,optimal,0.10357709999516374,False,
6561,0.0,0,0.0,1453386.2652748215,optimal,0.09026790000643814,False,
6562,0.0,0,0.0,1515538.2573685953,optimal,0.09133799999835901,False,
6563,0.0,0,0.0,1546226.1644680544,optimal,0.09230419999948936,False,
6564,0.0,0,0.0,1472690.441963851,optimal,0.08757100000366336,False,
6565,0.0,0,0.0,1388971.9371581508,optimal,0.08564910000131931,False,
6566,0.0,0,0.0,1311923.6125595684,optimal,0.08623129999614321,False,
6567,0.0,0,0.0,1214728.758057441,optimal,0.0825598999945214,False,
6568,0.0,0,0.0,1160945.684562696,optimal,0.08392910000111442,False,
6569,0.0,0,0.0,1111259.7446937691,optimal,0.08189149999816436,False,
6570,0.0,0,0.0,1142760.2527580687,optimal,0.07934660000319127,False,
6571,0.0,0,0.0,1122296.6544133353,optimal,0.08399639999697683,False,
6572,0.0,0,0.0,1124299.5130560258,optimal,0.0841294000056223,False,
6573,0.0,0,0.0,1117983.3291811356,optimal,0.08322629999747733,False,
6574,0.0,0,0.0,1137658.575202651,optimal,0.08631869999953778,False,
6575,0.0,0,0.0,1182039.6569124067,optimal,0.08697209999809274,False,
6576,0.0,0,0.0,1173386.0656405003,optimal,0.081806800000777,False,
6577,0.0,0,0.0,1163191.3214230223,optimal,0.08514899999863701,False,
6578,0.0,0,0.0,1124525.3659107895,optimal,0.08003240000107326,False,
6579,0.0,0,0.0,1081761.37986136,optimal,0.09086509999906411,False,
6580,0.0,0,0.0,1093261.3739967677,optimal,0.08737370000017108,False,
6581,0.0,0,0.0,1024416.1566016285,optimal,0.0861808999979985,False,
6582,0.0,0,0.0,975623.5147452218,optimal,0.0875205000047572,False,
6583,0.0,0,0.0,911821.62640262,optimal,0.08294190000015078,False,
6584,0.0,0,0.0,853050.9987919362,optimal,0.08337419999588747,False,
6585,0.0,0,0.0,821175.6183947488,optimal,0.08498519999557175,False,
6586,0.0,0,0.0,781394.4783579294,optimal,0.08633990000089398,False,
6587,0.0,0,0.0,868169.2701455405,optimal,0.08008669999981066,False,
6588,0.0,0,0.0,845595.5270877461,optimal,0.08490239999810001,False,
6589,0.0,0,0.0,862476.6943671784,optimal,0.09021960000245599,False,
6590,0.0,0,0.0,821600.8221783045,optimal,0.1919934000034118,False,
6591,0.0,0,0.0,798610.652728429,optimal,0.08751659999688854,False,
6592,0.0,0,0.0,777687.2442885236,optimal,0.083833799995773,False,
6593,0.0,0,0.0,796052.5405769054,optimal,0.08389250000618631,False,
6594,0.0,0,0.0,841388.8751363623,optimal,0.19160120000015013,False,
6595,0.0,0,0.0,860801.8731837447,optimal,0.18735940000624396,False,
6596,0.0,0,0.0,884124.7896357247,optimal,0.08558780000021216,False,
6597,0.0,0,0.0,947162.0699205666,optimal,0.08585689999745227,False,
6598,0.0,0,0.0,970227.5998357907,optimal,0.08568980000563897,False,
6599,0.0,0,0.0,982049.3340008663,optimal,0.0846705000003567,False,
6600,0.0,0,0.0,926540.7628952849,optimal,0.08729200000379933,False,
6601,0.0,0,0.0,897392.0828131356,optimal,0.08473280000180239,False,
6602,0.0,0,0.0,851200.2048766505,optimal,0.08535729999857722,False,
6603,0.0,0,0.0,808019.129851778,optimal,0.19518000000243774,False,
6604,0.0,0,0.0,746997.1054458956,optimal,0.08246550000330899,False,
6605,0.0,0,0.0,689684.4195529375,optimal,0.20009510000090813,False,
6606,0.0,0,0.0,607673.8404206166,optimal,0.08429420000175014,False,
6607,0.0,0,0.0,536493.9175361502,optimal,0.08478420000028564,False,
6608,0.0,0,0.0,471380.7622566474,optimal,0.09079449999990175,False,
6609,0.0,0,0.0,397631.4418513528,optimal,0.19291189999785274,False,
6610,0.0,0,0.0,352988.857899806,optimal,0.08263330000045244,False,
6611,0.0,0,0.0,379025.30133736145,optimal,0.0887933999983943,False,
6612,0.0,0,0.0,393000.29272281495,optimal,0.1891539999996894,False,
6613,0.0,0,0.0,436608.3004300267,optimal,0.08241070000076434,False,
6614,0.0,0,0.0,491914.3421128483,optimal,0.08529290000296896,False,
6615,0.0,0,0.0,534050.356264619,optimal,0.08540800000628224,False,
6616,0.0,0,0.0,579038.9234722891,optimal,0.18738799999846378,False,
6617,0.0,0,0.0,576943.2874157319,optimal,0.08469999999942956,False,
6618,0.0,0,0.0,614913.5880861183,optimal,0.08837440000206698,False,
6619,0.0,0,0.0,633238.9222926511,optimal,0.18105089999880875,False,
6620,0.0,0,0.0,653962.2575815513,optimal,0.08651699999609264,False,
6621,0.0,0,0.0,669241.4473360577,optimal,0.08791890000429703,False,
6622,0.0,0,0.0,669672.4458428943,optimal,0.09125219999987166,False,
6623,0.0,0,0.0,673116.2199472398,optimal,0.1868694000004325,False,
6624,0.0,0,0.0,682363.3514512175,optimal,0.09006829999998445,False,
6625,0.0,0,0.0,692470.632788939,optimal,0.1809480000010808,False,
6626,0.0,0,0.0,668803.0346709569,optimal,0.09026970000559231,False,
6627,0.0,0,0.0,652613.6907865002,optimal,0.08615190000273287,False,
6628,0.0,0,0.0,652761.6889972426,optimal,0.18657979999989038,False,
6629,0.0,0,0.0,630203.0490271708,optimal,0.08690960000240011,False,
6630,0.0,0,0.0,593471.7201875948,optimal,0.08935779999592341,False,
6631,0.0,0,0.0,560719.1164926586,optimal,0.19409440000163158,False,
6632,0.0,0,0.0,521194.48935647,optimal,0.0856151999978465,False,
6633,0.0,0,0.0,463524.41150281875,optimal,0.1877366999979131,False,
6634,0.0,0,0.0,367036.50823725696,optimal,0.08712370000284864,False,
6635,0.0,0,0.0,320283.98196472303,optimal,0.08590220000041882,False,
6636,0.0,0,0.0,262053.693465435,optimal,0.08494570000038948,False,
6637,0.0,0,0.0,234382.3777734977,optimal,0.19075840000004973,False,
6638,0.0,0,0.0,201850.9417208921,optimal,0.08522500000253785,False,
6639,0.0,0,0.0,189472.70434945895,optimal,0.08503180000116117,False,
6640,0.0,0,0.0,160084.87971855173,optimal,0.09151959999871906,False,
6641,0.0,0,0.0,126570.75462173755,optimal,0.1928297999984352,False,
6642,0.0,0,0.0,74312.45923471855,optimal,0.08810389999416657,False,
6643,0.0,0,0.0,20043.815547662216,optimal,0.08715260000462877,False,
6644,0.0,0,0.0,0.0,optimal,0.17732220000470988,False,
6645,0.0,0,0.0,0.0,optimal,0.18930050000199117,False,
6646,0.0,0,0.0,0.0,optimal,0.08773479999945266,False,
6647,0.0,0,0.0,0.0,optimal,0.08864770000218414,False,
6648,0.0,0,0.0,0.0,optimal,0.09139480000158073,False,
6649,0.0,0,0.0,0.0,optimal,0.18427640000300016,False,
6650,0.0,0,0.0,0.0,optimal,0.08724840000650147,False,
6651,0.0,0,0.0,0.0,optimal,0.0825561999954516,False,
6652,0.0,0,0.0,0.0,optimal,0.08751160000247182,False,
6653,0.0,0,0.0,0.0,optimal,0.08146339999802876,False,
6654,0.0,0,0.0,0.0,optimal,0.17102400000294438,False,
6655,0.0,0,0.0,0.0,optimal,0.08668529999704333,False,
6656,0.0,0,0.0,0.0,optimal,0.08222180000302615,False,
6657,0.0,0,0.0,0.0,optimal,0.08637370000360534,False,
6658,0.0,0,0.0,0.0,optimal,0.08375849999720231,False,
6659,0.0,0,0.0,0.0,optimal,0.08456799999839859,False,
6660,0.0,0,0.0,0.0,optimal,0.08376010000210954,False,
6661,0.0,0,0.0,0.0,optimal,0.08432529999845428,False,
6662,0.0,0,0.0,0.0,optimal,0.17521519999718294,False,
6663,0.0,0,0.0,0.0,optimal,0.08236010000109673,False,
6664,0.0,0,0.0,0.0,optimal,0.08689589999994496,False,
6665,0.0,0,0.0,0.0,optimal,0.08222679999744287,False,
6666,0.0,0,0.0,0.0,optimal,0.08246740000322461,False,
6667,0.0,0,0.0,0.0,optimal,0.08361349999904633,False,
6668,0.0,0,0.0,0.0,optimal,0.0838616999972146,False,
6669,0.0,0,0.0,0.0,optimal,0.08025649999763118,False,
6670,0.0,0,0.0,0.0,optimal,0.08660329999838723,False,
6671,0.0,0,0.0,0.0,optimal,0.09210379999422003,False,
6672,0.0,0,0.0,0.0,optimal,0.08766630000172881,False,
6673,0.0,0,0.0,0.0,optimal,0.08270849999826169,False,
6674,0.0,0,0.0,0.0,optimal,0.0833416000023135,False,
6675,0.0,0,0.0,0.0,optimal,0.08548200000223005,False,
6676,0.0,0,0.0,0.0,optimal,0.08626920000097016,False,
6677,0.0,0,0.0,0.0,optimal,0.0895167999988189,False,
6678,0.0,0,0.0,0.0,optimal,0.08842930000537308,False,
6679,0.0,0,0.0,0.0,optimal,0.10408209999877727,False,
6680,0.0,0,0.0,0.0,optimal,0.1080839999995078,False,
6681,0.0,0,0.0,0.0,optimal,0.09099050000077114,False,
6682,0.0,0,0.0,0.0,optimal,0.09076170000480488,False,
6683,0.0,0,0.0,0.0,optimal,0.08604789999662898,False,
6684,0.0,0,0.0,0.0,optimal,0.0822829000026104,False,
6685,0.0,0,0.0,0.0,optimal,0.0815982999993139,False,
6686,0.0,0,0.0,0.0,optimal,0.08813869999721646,False,
6687,0.0,0,0.0,0.0,optimal,0.08274769999843556,False,
6688,0.0,0,0.0,0.0,optimal,0.0911089000001084,False,
6689,0.0,0,0.0,0.0,optimal,0.08664950000093086,False,
6690,0.0,0,0.0,0.0,optimal,0.0908181999984663,False,
6691,0.0,0,0.0,0.0,optimal,0.0881599999993341,False,
6692,0.0,0,0.0,0.0,optimal,0.08271570000215434,False,
6693,0.0,0,0.0,0.0,optimal,0.08473989999765763,False,
6694,0.0,0,0.0,0.0,optimal,0.08573030000115978,False,
6695,0.0,0,0.0,21318.224582661875,optimal,0.08134580000478309,False,
6696,0.0,0,0.0,45839.75706673421,optimal,0.0884996000022511,False,
6697,0.0,0,0.0,74821.12594411992,optimal,0.08098169999720994,False,
6698,0.0,0,0.0,104411.53279782302,optimal,0.08091439999407157,False,
6699,0.0,0,0.0,136328.49596527705,optimal,0.08329349999985425,False,
6700,0.0,0,0.0,165980.67605729692,optimal,0.08172760000161361,False,
6701,0.0,0,0.0,192428.4304336296,optimal,0.07903129999613157,False,
6702,0.0,0,0.0,225677.3266952752,optimal,0.08353460000216728,False,
6703,0.0,0,0.0,264808.99787653936,optimal,0.07969299999967916,False,
6704,0.0,0,0.0,309173.8807010208,optimal,0.07469420000415994,False,
6705,0.0,0,0.0,358446.5251800253,optimal,0.07675300000119023,False,
6706,0.0,0,0.0,426655.7622373528,optimal,0.08206919999793172,False,
6707,0.0,0,0.0,464318.29601116106,optimal,0.08155790000455454,False,
6708,0.0,0,0.0,523316.37750312744,optimal,0.081666199999745,False,
6709,0.0,0,0.0,565061.3328289478,optimal,0.08548089999385411,False,
6710,0.0,0,0.0,560216.0086593607,optimal,0.08277779999480117,False,
6711,0.0,0,0.0,541971.1820039777,optimal,0.08273379999445751,False,
6712,0.0,0,0.0,567498.6352621326,optimal,0.08330739999655634,False,
6713,0.0,0,0.0,610479.6729920252,optimal,0.08053620000282535,False,
6714,0.0,0,0.0,630261.6202190745,optimal,0.08029610000085086,False,
6715,0.0,0,0.0,653288.1516444626,optimal,0.08023549999779789,False,
6716,0.0,0,0.0,718555.2708108982,optimal,0.17446519999793964,False,
6717,0.0,0,0.0,736018.8978730356,optimal,0.07897889999730978,False,
6718,0.0,0,0.0,747882.7556514792,optimal,0.0740425999974832,False,
6719,0.0,0,0.0,752456.3733688757,optimal,0.08576789999642642,False,
6720,0.0,0,0.0,734779.3267635744,optimal,0.0897640000039246,False,
6721,0.0,0,0.0,707021.9435780225,optimal,0.18708989999868209,False,
6722,0.0,0,0.0,677230.7869206029,optimal,0.08277920000546146,False,
6723,0.0,0,0.0,628368.938987625,optimal,0.18673289999424014,False,
6724,0.0,0,0.0,584942.3240066402,optimal,0.08832049999909941,False,
6725,0.0,0,0.0,533996.8847819848,optimal,0.08371080000506481,False,
6726,0.0,0,0.0,482568.2674590859,optimal,0.08996460000344086,False,
6727,0.0,0,0.0,431920.51693983393,optimal,0.08373830000346061,False,
6728,0.0,0,0.0,397057.84101200325,optimal,0.0846257000011974,False,
6729,0.0,0,0.0,347538.8022234525,optimal,0.16633659999934025,False,
6730,0.0,0,0.0,315370.59721606027,optimal,0.07957130000431789,False,
6731,0.0,0,0.0,301834.7064094727,optimal,0.07992449999437667,False,
6732,0.0,0,0.0,298870.41751718963,optimal,0.08374149999872316,False,
6733,0.0,0,0.0,301198.3211309364,optimal,0.16950530000030994,False,
6734,0.0,0,0.0,312067.4410422956,optimal,0.08276759999716887,False,
6735,0.0,0,0.0,324421.33564879117,optimal,0.1757246999986819,False,
6736,0.0,0,0.0,362350.16595991695,optimal,0.08766309999919031,False,
6737,0.0,0,0.0,396903.5582219084,optimal,0.08404999999766005,False,
6738,0.0,0,0.0,417569.32985871367,optimal,0.16381820000242442,False,
6739,0.0,0,0.0,392231.03951637144,optimal,0.08643799999845214,False,
6740,0.0,0,0.0,376861.31278424594,optimal,0.08802310000464786,False,
6741,0.0,0,0.0,345706.9207920264,optimal,0.0831317999982275,False,
6742,0.0,0,0.0,353042.8768050423,optimal,0.17391089999728138,False,
6743,0.0,0,0.0,348331.4152979052,optimal,0.07802320000337204,False,
6744,0.0,0,0.0,329643.4863272937,optimal,0.08006400000158465,False,
6745,0.0,0,0.0,313510.5559441741,optimal,0.17617040000186535,False,
6746,0.0,0,0.0,288785.94739458914,optimal,0.08907519999775104,False,
6747,0.0,0,0.0,258954.49696739114,optimal,0.08797140000388026,False,
6748,0.0,0,0.0,231755.43723848584,optimal,0.1834034999992582,False,
6749,0.0,0,0.0,205795.6602998922,optimal,0.08529499999713153,False,
6750,0.0,0,0.0,177749.84859399658,optimal,0.08606110000255285,False,
6751,0.0,0,0.0,152955.19122889198,optimal,0.19760329999553505,False,
6752,0.0,0,0.0,139515.80002805308,optimal,0.08800520000659162,False,
6753,0.0,0,0.0,115719.23353138266,optimal,0.08834260000003269,False,
6754,0.0,0,0.0,107169.13002274047,optimal,0.18802180000056978,False,
6755,0.0,0,0.0,79652.0113363582,optimal,0.08822719999443507,False,
6756,0.0,0,0.0,48526.5562280348,optimal,0.0874385000061011,False,
6757,0.0,0,0.0,21718.85981820921,optimal,0.19667029999982333,False,
6758,0.0,0,0.0,21054.057529257167,optimal,0.08725479999702657,False,
6759,0.0,0,0.0,13380.421494946697,optimal,0.19855839999945601,False,
6760,0.0,0,0.0,0.0,optimal,0.0928972999972757,False,
6761,0.0,0,0.0,0.0,optimal,0.08668670000042766,False,
6762,0.0,0,0.0,0.0,optimal,0.09110090000467608,False,
6763,0.0,0,0.0,0.0,optimal,0.1890096999995876,False,
6764,0.0,0,0.0,0.0,optimal,0.08742379999603145,False,
6765,0.0,0,0.0,0.0,optimal,0.08646040000166977,False,
6766,0.0,0,0.0,0.0,optimal,0.19125419999909354,False,
6767,0.0,0,0.0,6725.685121798041,optimal,0.0875231999962125,False,
6768,0.0,0,0.0,25656.98591403524,optimal,0.09184100000129547,False,
6769,0.0,0,0.0,51614.18882663943,optimal,0.08703070000046864,False,
6770,0.0,0,0.0,77652.24162574478,optimal,0.18009010000241688,False,
6771,0.0,0,0.0,104744.02452473291,optimal,0.08800119999796152,False,
6772,0.0,0,0.0,130561.35108430208,optimal,0.08610179999959655,False,
6773,0.0,0,0.0,154807.49459968304,optimal,0.18418899999960558,False,
6774,0.0,0,0.0,174925.32372442744,optimal,0.08674900000187336,False,
6775,0.0,0,0.0,193108.19163541895,optimal,0.0844816000026185,False,
6776,0.0,0,0.0,213860.62495698727,optimal,0.18655620000208728,False,
6777,0.0,0,0.0,228511.23120073375,optimal,0.08653469999990193,False,
6778,0.0,0,0.0,236458.52338119078,optimal,0.09125959999801125,False,
6779,0.0,0,0.0,235979.4561002748,optimal,0.08748950000153854,False,
6780,0.0,0,0.0,223884.14129854247,optimal,0.0870262999960687,False,
6781,0.0,0,0.0,204967.1837815793,optimal,0.08528039999509929,False,
6782,0.0,0,0.0,183743.20313554208,optimal,0.18223910000233445,False,
6783,0.0,0,0.0,165414.0307956724,optimal,0.08807280000473838,False,
6784,0.0,0,0.0,153215.4510934895,optimal,0.08382909999636468,False,
6785,0.0,0,0.0,176774.7259727584,optimal,0.08533020000322722,False,
6786,0.0,0,0.0,208219.8004677194,optimal,0.08683790000213776,False,
6787,0.0,0,0.0,245414.98641187066,optimal,0.08935030000429833,False,
6788,0.0,0,0.0,280171.499738076,optimal,0.0866158999997424,False,
6789,0.0,0,0.0,305778.85175588005,optimal,0.1920721999995294,False,
6790,0.0,0,0.0,325368.61211740883,optimal,0.0854373999973177,False,
6791,0.0,0,0.0,345254.2035679731,optimal,0.08755479999672389,False,
6792,0.0,0,0.0,360614.1737335872,optimal,0.08789180000167107,False,
6793,0.0,0,0.0,377454.1937038268,optimal,0.08586150000337511,False,
6794,0.0,0,0.0,384365.23260036396,optimal,0.08921250000275904,False,
6795,0.0,0,0.0,389799.0140663549,optimal,0.0870954999991227,False,
6796,0.0,0,0.0,392811.1315289978,optimal,0.08720679999532877,False,
6797,0.0,0,0.0,398199.32358042034,optimal,0.085635799994634,False,
6798,0.0,0,0.0,403857.8492584142,optimal,0.08774329999869224,False,
6799,0.0,0,0.0,410931.8974576144,optimal,0.09440819999872474,False,
6800,0.0,0,0.0,428122.85282312986,optimal,0.08513010000024224,False,
6801,0.0,0,0.0,439541.2340087439,optimal,0.08823430000484223,False,
6802,0.0,0,0.0,448024.89090897946,optimal,0.09116519999952288,False,
6803,0.0,0,0.0,466556.62158964854,optimal,0.08523789999890141,False,
6804,0.0,0,0.0,488447.2995771354,optimal,0.08942810000007739,False,
6805,0.0,0,0.0,487870.2470051361,optimal,0.08485099999961676,False,
6806,0.0,0,0.0,485694.4168153692,optimal,0.08499360000132583,False,
6807,0.0,0,0.0,484569.2883646302,optimal,0.08110730000043986,False,
6808,0.0,0,0.0,481693.5160152302,optimal,0.08971870000095805,False,
6809,0.0,0,0.0,489792.3646005524,optimal,0.08790939999744296,False,
6810,0.0,0,0.0,494824.26361883857,optimal,0.08543109999300214,False,
6811,0.0,0,0.0,497257.0920668104,optimal,0.0844580000048154,False,
6812,0.0,0,0.0,492101.926100294,optimal,0.08555859999614768,False,
6813,0.0,0,0.0,484315.697915139,optimal,0.08422799999971176,False,
6814,0.0,0,0.0,485744.5379151389,optimal,0.08175730000220938,False,
6815,0.0,0,0.0,490432.05251000694,optimal,0.083714799999143,False,
6816,0.0,0,0.0,491322.77627016744,optimal,0.08574130000488367,False,
6817,0.0,0,0.0,491995.6112724086,optimal,0.0841316999940318,False,
6818,0.0,0,0.0,479990.58205793385,optimal,0.08324079999874812,False,
6819,0.0,0,0.0,480811.4724960576,optimal,0.07949589999770978,False,
6820,0.0,0,0.0,479162.0873699961,optimal,0.08576219999667956,False,
6821,0.0,0,0.0,477580.5204977243,optimal,0.08391000000119675,False,
6822,0.0,0,0.0,480315.4845336224,optimal,0.07987330000469228,False,
6823,0.0,0,0.0,481715.65097724425,optimal,0.08389989999704994,False,
6824,0.0,0,0.0,483781.887705451,optimal,0.08129390000249259,False,
6825,0.0,0,0.0,479914.41014732904,optimal,0.08392190000449773,False,
6826,0.0,0,0.0,459458.382658759,optimal,0.08330569999816362,False,
6827,0.0,0,0.0,426552.0089576502,optimal,0.08252039999933913,False,
6828,0.0,0,0.0,400381.60475558904,optimal,0.08565760000055889,False,
6829,0.0,0,0.0,376750.84597942437,optimal,0.086372300000221,False,
6830,0.0,0,0.0,352210.9389075383,optimal,0.09051599999656901,False,
6831,0.0,0,0.0,333609.3960603093,optimal,0.08356129999447148,False,
6832,0.0,0,0.0,300042.7390601563,optimal,0.08307280000008177,False,
6833,0.0,0,0.0,271309.995054777,optimal,0.08485230000223964,False,
6834,0.0,0,0.0,241260.18796346767,optimal,0.08006980000209296,False,
6835,0.0,0,0.0,213741.8556195251,optimal,0.0859273000023677,False,
6836,0.0,0,0.0,190832.4824371922,optimal,0.08540799999900628,False,
6837,0.0,0,0.0,172205.22727402634,optimal,0.08197170000494225,False,
6838,0.0,0,0.0,156983.019393181,optimal,0.0855781999998726,False,
6839,0.0,0,0.0,141717.4522838581,optimal,0.08674040000187233,False,
6840,0.0,0,0.0,126403.56985314324,optimal,0.08503529999870807,False,
6841,0.0,0,0.0,120666.40194937712,optimal,0.08326089999900432,False,
6842,0.0,0,0.0,122289.89642737096,optimal,0.08441389999643434,False,
6843,0.0,0,0.0,121773.52529025434,optimal,0.08506950000446523,False,
6844,0.0,0,0.0,126891.59259642342,optimal,0.08465040000010049,False,
6845,0.0,0,0.0,133247.86197241515,optimal,0.0829195999976946,False,
6846,0.0,0,0.0,122428.89590739887,optimal,0.08327129999815952,False,
6847,0.0,0,0.0,122736.46581629895,optimal,0.08841560000291793,False,
6848,0.0,0,0.0,130774.58915386676,optimal,0.08593200000177603,False,
6849,0.0,0,0.0,144184.80681629726,optimal,0.08605679999891436,False,
6850,0.0,0,0.0,148030.56014084377,optimal,0.08562779999920167,False,
6851,0.0,0,0.0,113743.88946583144,optimal,0.08714150000014342,False,
6852,0.0,0,0.0,68711.51208889407,optimal,0.08532199999899603,False,
6853,0.0,0,0.0,28782.18560633379,optimal,0.08350100000097882,False,
6854,0.0,0,0.0,0.0,optimal,0.09099229999992531,False,
6855,0.0,0,0.0,0.0,optimal,0.086489100001927,False,
6856,0.0,0,0.0,0.0,optimal,0.08843609999894397,False,
6857,0.0,0,0.0,0.0,optimal,0.08527769999636803,False,
6858,0.0,0,0.0,0.0,optimal,0.08850730000267504,False,
6859,0.0,0,0.0,0.0,optimal,0.08642200000031153,False,
6860,0.0,0,0.0,2937.6124047956273,optimal,0.08329419999790844,False,
6861,0.0,0,0.0,6361.757093903779,optimal,0.0868239999981597,False,
6862,0.0,0,0.0,7052.211022809021,optimal,0.18918229999690084,False,
6863,0.0,0,0.0,4291.745189255793,optimal,0.08195559999876423,False,
6864,0.0,0,0.0,17628.043154956737,optimal,0.08291720000124769,False,
6865,0.0,0,0.0,25308.105454081437,optimal,0.08444459999736864,False,
6866,0.0,0,0.0,45797.3228076869,optimal,0.08685319999494823,False,
6867,0.0,0,0.0,53447.297209168275,optimal,0.17503279999800725,False,
6868,0.0,0,0.0,62392.96881438294,optimal,0.08761710000544554,False,
6869,0.0,0,0.0,71859.60395281202,optimal,0.08360539999557659,False,
6870,0.0,0,0.0,78797.18586270542,optimal,0.0839447000034852,False,
6871,0.0,0,0.0,87927.83868745722,optimal,0.18367269999725977,False,
6872,0.0,0,0.0,102910.61178820493,optimal,0.0840747000038391,False,
6873,0.0,0,0.0,126189.89360379745,optimal,0.088386299998092,False,
6874,0.0,0,0.0,158094.30351421225,optimal,0.08652219999930821,False,
6875,0.0,0,0.0,205923.31634589564,optimal,0.19119209999917075,False,
6876,0.0,0,0.0,236221.01823478795,optimal,0.0911816000007093,False,
6877,0.0,0,0.0,258423.5737647388,optimal,0.0888416999951005,False,
6878,0.0,0,0.0,280742.5788201761,optimal,0.0867283999978099,False,
6879,0.0,0,0.0,330039.11573013227,optimal,0.1929309999977704,False,
6880,0.0,0,0.0,364659.0359364879,optimal,0.09133790000487352,False,
6881,0.0,0,0.0,399740.83689532377,optimal,0.08802160000050208,False,
6882,0.0,0,0.0,441738.2722386103,optimal,0.1940067999967141,False,
6883,0.0,0,0.0,481534.031444751,optimal,0.08534599999984493,False,
6884,0.0,0,0.0,515908.8662270362,optimal,0.0875125999955344,False,
6885,0.0,0,0.0,546620.9877669269,optimal,0.17771709999942686,False,
6886,0.0,0,0.0,569069.4021521539,optimal,0.08239449999382487,False,
6887,0.0,0,0.0,591365.199897896,optimal,0.08547099999850616,False,
6888,0.0,0,0.0,612695.3452015934,optimal,0.18098340000142343,False,
6889,0.0,0,0.0,631119.1817676051,optimal,0.08551730000181124,False,
6890,0.0,0,0.0,642408.393217953,optimal,0.08452749999560183,False,
6891,0.0,0,0.0,658067.1536952631,optimal,0.09039469999697758,False,
6892,0.0,0,0.0,667322.1088336925,optimal,0.19584220000251662,False,
6893,0.0,0,0.0,677401.9077121957,optimal,0.08663379999779863,False,
6894,0.0,0,0.0,709505.7922691653,optimal,0.18213779999496182,False,
6895,0.0,0,0.0,732886.9733896563,optimal,0.08625139999639941,False,
6896,0.0,0,0.0,760964.8364862803,optimal,0.08739130000321893,False,
6897,0.0,0,0.0,779615.9230997488,optimal,0.08813930000178516,False,
6898,0.0,0,0.0,794314.0145054075,optimal,0.18922140000358922,False,
6899,0.0,0,0.0,825389.8813583694,optimal,0.08672400000068592,False,
6900,0.0,0,0.0,863387.3159363308,optimal,0.08854430000064895,False,
6901,0.0,0,0.0,903500.4362501831,optimal,0.18181770000228425,False,
6902,0.0,0,0.0,914271.1157331308,optimal,0.0899654000022565,False,
6903,0.0,0,0.0,930685.8759535071,optimal,0.08840980000240961,False,
6904,0.0,0,0.0,954682.6641082133,optimal,0.18901550000009593,False,
6905,0.0,0,0.0,982818.1389389413,optimal,0.18934830000216607,False,
6906,0.0,0,0.0,1006875.8438836423,optimal,0.0848556000055396,False,
6907,0.0,0,0.0,1046871.4038846176,optimal,0.08387039999797707,False,
6908,0.0,0,0.0,1065083.069023047,optimal,0.08576689999608789,False,
6909,0.0,0,0.0,1107151.266528116,optimal,0.08564689999911934,False,
6910,0.0,0,0.0,1144863.0097683074,optimal,0.18209399999614106,False,
6911,0.0,0,0.0,1153796.7263856712,optimal,0.0875365999963833,False,
6912,0.0,0,0.0,1176932.115149146,optimal,0.08731039999838686,False,
6913,0.0,0,0.0,1183116.3576435654,optimal,0.18089680000412045,False,
6914,0.0,0,0.0,1207531.701222611,optimal,0.08385039999848232,False,
6915,0.0,0,0.0,1230960.0742445812,optimal,0.08265820000087842,False,
6916,0.0,0,0.0,1240670.4637333257,optimal,0.0845913999946788,False,
6917,0.0,0,0.0,1261439.7404991325,optimal,0.08214450000377838,False,
6918,0.0,0,0.0,1288023.4544392156,optimal,0.18729240000538994,False,
6919,0.0,0,0.0,1316950.6642759987,optimal,0.079076800000621,False,
6920,0.0,0,0.0,1328239.0395593804,optimal,0.1717726999995648,False,
6921,0.0,0,0.0,1330871.8095593809,optimal,0.0822492000006605,False,
6922,0.0,0,0.0,1317036.0482175248,optimal,0.17741689999820665,False,
6923,0.0,0,0.0,1305362.2001009875,optimal,0.08642970000073547,False,
6924,0.0,0,0.0,1286599.9519804688,optimal,0.08280320000631036,False,
6925,0.0,0,0.0,1252112.6432507182,optimal,0.0833039000062854,False,
6926,0.0,0,0.0,1198904.8088705002,optimal,0.08041429999866523,False,
6927,0.0,0,0.0,1168492.4020653137,optimal,0.0756487999969977,False,
6928,0.0,0,0.0,1154477.8345219612,optimal,0.07322620000195457,False,
6929,0.0,0,0.0,1138078.1716745968,optimal,0.08056029999715975,False,
6930,0.0,0,0.0,1121209.3497502066,optimal,0.1795702999952482,False,
6931,0.0,0,0.0,1100632.5322633095,optimal,0.08532220000051893,False,
6932,0.0,0,0.0,1059137.9741865771,optimal,0.09323130000120727,False,
6933,0.0,0,0.0,1035538.1863087423,optimal,0.08780539999861503,False,
6934,0.0,0,0.0,1028098.6717526206,optimal,0.08807700000033947,False,
6935,0.0,0,0.0,1029126.5458898499,optimal,0.08244510000076843,False,
6936,0.0,0,0.0,1036009.1160356133,optimal,0.1691140999973868,False,
6937,0.0,0,0.0,1045953.2436486396,optimal,0.07707410000148229,False,
6938,0.0,0,0.0,1051508.7890454452,optimal,0.08089929999550804,False,
6939,0.0,0,0.0,1063753.724183875,optimal,0.0892018000013195,False,
6940,0.0,0,0.0,1074671.3209588926,optimal,0.08793039999727625,False,
6941,0.0,0,0.0,1072300.8070499578,optimal,0.08475909999833675,False,
6942,0.0,0,0.0,1070328.7043751883,optimal,0.09010770000168122,False,
6943,0.0,0,0.0,1074261.3266218035,optimal,0.08348399999522371,False,
6944,0.0,0,0.0,1086345.7399142652,optimal,0.08669960000406718,False,
6945,0.0,0,0.0,1100510.3533385533,optimal,0.08030560000042897,False,
6946,0.0,0,0.0,1101569.3704667399,optimal,0.0766148000038811,False,
6947,0.0,0,0.0,1024772.8479539503,optimal,0.08544230000552488,False,
6948,0.0,0,0.0,941414.8872450518,optimal,0.08462790000339737,False,
6949,0.0,0,0.0,855996.8520136159,optimal,0.08255549999739742,False,
6950,0.0,0,0.0,774108.6285837578,optimal,0.08485670000663958,False,
6951,0.0,0,0.0,700209.4907940261,optimal,0.08783930000208784,False,
6952,0.0,0,0.0,639261.6975525551,optimal,0.08851169999979902,False,
6953,0.0,0,0.0,590557.0614044338,optimal,0.0880680000045686,False,
6954,0.0,0,0.0,566549.6202945199,optimal,0.08030800000415184,False,
6955,0.0,0,0.0,544041.3943506324,optimal,0.08434700000361772,False,
6956,0.0,0,0.0,516241.7070632017,optimal,0.08256840000103693,False,
6957,0.0,0,0.0,488473.22894792067,optimal,0.08499969999684254,False,
6958,0.0,0,0.0,461458.4062834776,optimal,0.08977900000172667,False,
6959,0.0,0,0.0,436644.5672179027,optimal,0.08540469999570632,False,
6960,0.0,0,0.0,408353.80913382693,optimal,0.08308879999822238,False,
6961,0.0,0,0.0,381223.1319440343,optimal,0.08485630000359379,False,
6962,0.0,0,0.0,353731.55880187714,optimal,0.08447840000008,False,
6963,0.0,0,0.0,327004.95473256503,optimal,0.08046330000070157,False,
6964,0.0,0,0.0,302421.1146574321,optimal,0.08544979999714997,False,
6965,0.0,0,0.0,276938.2993026287,optimal,0.08434280000074068,False,
6966,0.0,0,0.0,244444.69196742558,optimal,0.08107649999874411,False,
6967,0.0,0,0.0,216289.98269609144,optimal,0.08343590000004042,False,
6968,0.0,0,0.0,191239.67336017016,optimal,0.08653029999550199,False,
6969,0.0,0,0.0,165282.9263450001,optimal,0.08633250000275439,False,
6970,0.0,0,0.0,134625.0891691059,optimal,0.0839510000005248,False,
6971,0.0,0,0.0,101749.29555286097,optimal,0.08651910000480711,False,
6972,0.0,0,0.0,78719.876854463,optimal,0.09034939999401104,False,
6973,0.0,0,0.0,68030.5333555214,optimal,0.08601819999603322,False,
6974,0.0,0,0.0,63311.03422176196,optimal,0.08120179999968968,False,
6975,0.0,0,0.0,59605.3810038453,optimal,0.08938040000066394,False,
6976,0.0,0,0.0,45516.22150969652,optimal,0.08330489999934798,False,
6977,0.0,0,0.0,33089.764401360684,optimal,0.08998659999633674,False,
6978,0.0,0,0.0,26668.813274372504,optimal,0.08394620000035502,False,
6979,0.0,0,0.0,20539.59301862481,optimal,0.08983669999724953,False,
6980,0.0,0,0.0,41264.182892685574,optimal,0.08287790000031237,False,
6981,0.0,0,0.0,51236.24838634017,optimal,0.08360720000200672,False,
6982,0.0,0,0.0,50640.26751991406,optimal,0.08589230000507087,False,
6983,0.0,0,0.0,33271.81932427897,optimal,0.08138879999751225,False,
6984,0.0,0,0.0,20386.44955900666,optimal,0.08173240000178339,False,
6985,0.0,0,0.0,10176.015668885395,optimal,0.08456740000110585,False,
6986,0.0,0,0.0,65.65553845442805,optimal,0.0839373999988311,False,
6987,0.0,0,0.0,0.0,optimal,0.08833210000011604,False,
6988,0.0,0,0.0,0.0,optimal,0.08407050000096206,False,
6989,0.0,0,0.0,0.0,optimal,0.1650350999989314,False,
6990,0.0,0,0.0,0.0,optimal,0.08871549999457784,False,
6991,0.0,0,0.0,0.0,optimal,0.0833691000007093,False,
6992,0.0,0,0.0,0.0,optimal,0.0882296000054339,False,
6993,0.0,0,0.0,0.0,optimal,0.16474559999915073,False,
6994,0.0,0,0.0,0.0,optimal,0.08651729999837698,False,
6995,0.0,0,0.0,0.0,optimal,0.08446009999897797,False,
6996,0.0,0,0.0,0.0,optimal,0.08295940000243718,False,
6997,0.0,0,0.0,0.0,optimal,0.170542400002887,False,
6998,0.0,0,0.0,1497.1832950582052,optimal,0.08411049999995157,False,
6999,0.0,0,0.0,34282.42993653888,optimal,0.08357420000538696,False,
7000,0.0,0,0.0,91390.22908807948,optimal,0.083738599998469,False,
7001,0.0,0,0.0,170753.2282357117,optimal,0.08736269999644719,False,
7002,0.0,0,0.0,257504.75818923995,optimal,0.16592370000580559,False,
7003,0.0,0,0.0,362479.07589460845,optimal,0.0811122000013711,False,
7004,0.0,0,0.0,472691.45919763803,optimal,0.08874020000075689,False,
7005,0.0,0,0.0,584667.5993459524,optimal,0.09012329999677604,False,
7006,0.0,0,0.0,685803.3328476455,optimal,0.15891019999980927,False,
7007,0.0,0,0.0,777855.1013137887,optimal,0.08110599999781698,False,
7008,0.0,0,0.0,865029.3407914303,optimal,0.08318839999992633,False,
7009,0.0,0,0.0,948714.3585127143,optimal,0.1698261999990791,False,
7010,0.0,0,0.0,1036939.8665953153,optimal,0.0809568999975454,False,
7011,0.0,0,0.0,1121204.7196237275,optimal,0.16920410000602715,False,
7012,0.0,0,0.0,1197344.578839736,optimal,0.0850812999997288,False,
7013,0.0,0,0.0,1285239.6520698112,optimal,0.08686129999841796,False,
7014,0.0,0,0.0,1375661.6552998852,optimal,0.17060050000145566,False,
7015,0.0,0,0.0,1468923.6372038752,optimal,0.08449249999830499,False,
7016,0.0,0,0.0,1577873.8777093475,optimal,0.08391189999383641,False,
7017,0.0,0,0.0,1739194.5416460845,optimal,0.0868380999963847,False,
7018,0.0,0,0.0,1864786.8746081686,optimal,0.15123319999838714,False,
7019,0.0,0,0.0,1930000.6223624172,optimal,0.08481179999944288,False,
7020,0.0,0,0.0,1999804.1589187556,optimal,0.169144999999844,False,
7021,0.0,0,0.0,2075885.9466567473,optimal,0.08144439999887254,False,
7022,0.0,0,0.0,2152084.21955696,optimal,0.08942489999753889,False,
7023,0.0,0,0.0,2237043.2955724113,optimal,0.16601420000370126,False,
7024,0.0,0,0.0,2320865.521288627,optimal,0.07893479999620467,False,
7025,0.0,0,0.0,2373369.2544551743,optimal,0.08081300000048941,False,
7026,0.0,0,0.0,2424345.620045484,optimal,0.08374409999669297,False,
7027,0.0,0,0.0,2433528.7367784,optimal,0.17393429999356158,False,
7028,0.0,0,0.0,2453649.1267507467,optimal,0.0903349000000162,False,
7029,0.0,0,0.0,2476613.878612907,optimal,0.08576430000539403,False,
7030,0.0,0,0.0,2563905.8458307674,optimal,0.17352019999816548,False,
7031,0.0,0,0.0,2640807.0120516405,optimal,0.09837770000012824,False,
7032,0.0,0,0.0,2653604.55543485,optimal,0.09725099999923259,False,
7033,0.0,0,0.0,2637729.1170427436,optimal,0.18057690000568982,False,
7034,0.0,0,0.0,2594633.881719123,optimal,0.08975069999723928,False,
7035,0.0,0,0.0,2640814.7987781637,optimal,0.08477500000299187,False,
7036,0.0,0,0.0,2701339.549077108,optimal,0.15470720000303118,False,
7037,0.0,0,0.0,2704184.3676522104,optimal,0.083913800001028,False,
7038,0.0,0,0.0,2769850.716760706,optimal,0.08668530000431929,False,
7039,0.0,0,0.0,2855255.7855525464,optimal,0.1669980000006035,False,
7040,0.0,0,0.0,2958219.032597348,optimal,0.08290529999794671,False,
7041,0.0,0,0.0,3088140.410502774,optimal,0.08126479999918956,False,
7042,0.0,0,0.0,3034380.3791760867,optimal,0.07721609999862267,False,
7043,0.0,0,0.0,2989592.8990104543,optimal,0.08540720000019064,False,
7044,0.0,0,0.0,2946946.630567099,optimal,0.16504949999944074,False,
7045,0.0,0,0.0,2907921.5163827,optimal,0.16550180000194814,False,
7046,0.0,0,0.0,2867012.423596885,optimal,0.07595629999559605,False,
7047,0.0,0,0.0,2797236.7639332805,optimal,0.08109250000416068,False,
7048,0.0,0,0.0,2692693.1113361116,optimal,0.16143040000315523,False,
7049,0.0,0,0.0,2559777.680334714,optimal,0.08473550000053365,False,
7050,0.0,0,0.0,2419892.368187851,optimal,0.086070599994855,False,
7051,0.0,0,0.0,2346590.720404802,optimal,0.08315049999509938,False,
7052,0.0,0,0.0,2255299.31558832,optimal,0.08108949999586912,False,
7053,0.0,0,0.0,2195405.082815541,optimal,0.08343800000147894,False,
7054,0.0,0,0.0,2149635.253015202,optimal,0.07874080000328831,False,
7055,0.0,0,0.0,2099052.193709981,optimal,0.1525273000006564,False,
7056,0.0,0,0.0,2062046.204420362,optimal,0.079806900001131,False,
7057,0.0,0,0.0,2010955.9559369795,optimal,0.08007930000167107,False,
7058,0.0,0,0.0,1966170.0578794826,optimal,0.08218459999625338,False,
7059,0.0,0,0.0,1875204.9691793073,optimal,0.08563020000292454,False,
7060,0.0,0,0.0,1783707.953390542,optimal,0.07941359999676934,False,
7061,0.0,0,0.0,1693887.5078187448,optimal,0.07893619999958901,False,
7062,0.0,0,0.0,1638890.1347805462,optimal,0.16251619999820832,False,
7063,0.0,0,0.0,1572560.4150228086,optimal,0.07573060000140686,False,
7064,0.0,0,0.0,1528863.5820116424,optimal,0.08534050000162097,False,
7065,0.0,0,0.0,1475071.0217276711,optimal,0.08058790000359295,False,
7066,0.0,0,0.0,1359982.9492204292,optimal,0.08342499999707798,False,
7067,0.0,0,0.0,1258740.3072520958,optimal,0.08333660000062082,False,
7068,0.0,0,0.0,1157525.2824403467,optimal,0.0815424999964307,False,
7069,0.0,0,0.0,1038799.5547736014,optimal,0.0812036999996053,False,
7070,0.0,0,0.0,937095.451950723,optimal,0.09344250000140164,False,
7071,0.0,0,0.0,818135.5176264836,optimal,0.08916750000207685,False,
7072,0.0,0,0.0,716912.8192800181,optimal,0.08638039999641478,False,
7073,0.0,0,0.0,645766.2857172078,optimal,0.08180749999883119,False,
7074,0.0,0,0.0,577530.2156503375,optimal,0.08275079999293666,False,
7075,0.0,0,0.0,509661.09793024487,optimal,0.07773019999876851,False,
7076,0.0,0,0.0,489802.07538302825,optimal,0.0772039000003133,False,
7077,0.0,0,0.0,472992.1290513228,optimal,0.08134869999776129,False,
7078,0.0,0,0.0,443088.3019223124,optimal,0.07826810000551632,False,
7079,0.0,0,0.0,441206.7613170882,optimal,0.09278230000199983,False,
7080,0.0,0,0.0,462854.961039197,optimal,0.08588510000117822,False,
7081,0.0,0,0.0,539708.7247057107,optimal,0.08827519999613287,False,
7082,0.0,0,0.0,610134.9908426672,optimal,0.08328939999773866,False,
7083,0.0,0,0.0,622498.8931058054,optimal,0.08202039999741828,False,
7084,0.0,0,0.0,622944.5851139595,optimal,0.08004999999684514,False,
7085,0.0,0,0.0,636187.9132778079,optimal,0.08228489999601152,False,
7086,0.0,0,0.0,645585.7261940616,optimal,0.08945800000219606,False,
7087,0.0,0,0.0,664358.2130163177,optimal,0.08634699999674922,False,
7088,0.0,0,0.0,660667.0430163183,optimal,0.09608739999384852,False,
7089,0.0,0,0.0,660149.9850412213,optimal,0.0869578999991063,False,
7090,0.0,0,0.0,652265.2515468679,optimal,0.08847490000334801,False,
7091,0.0,0,0.0,615436.0163056516,optimal,0.08622959999775048,False,
7092,0.0,0,0.0,560269.3755277945,optimal,0.0924382000011974,False,
7093,0.0,0,0.0,493551.57130831445,optimal,0.0868283000017982,False,
7094,0.0,0,0.0,460426.38327551587,optimal,0.0901090999977896,False,
7095,0.0,0,0.0,442933.28162631276,optimal,0.08217909999802941,False,
7096,0.0,0,0.0,463108.0234742545,optimal,0.08511379999981727,False,
7097,0.0,0,0.0,509791.3251212944,optimal,0.08524400000169408,False,
7098,0.0,0,0.0,594764.4946348321,optimal,0.08468500000162749,False,
7099,0.0,0,0.0,647906.3314359884,optimal,0.08469910000712844,False,
7100,0.0,0,0.0,722409.1487418979,optimal,0.08340360000147484,False,
7101,0.0,0,0.0,765673.5929853262,optimal,0.08429980000073556,False,
7102,0.0,0,0.0,789649.6951843359,optimal,0.08009709999896586,False,
7103,0.0,0,0.0,823472.0337686114,optimal,0.08286040000530193,False,
7104,0.0,0,0.0,845674.3896248348,optimal,0.08220640000217827,False,
7105,0.0,0,0.0,878550.4972014221,optimal,0.08153009999659844,False,
7106,0.0,0,0.0,897561.7901608207,optimal,0.0814336000039475,False,
7107,0.0,0,0.0,944401.9823519279,optimal,0.08648760000505717,False,
7108,0.0,0,0.0,1024125.5806027674,optimal,0.0832044999988284,False,
7109,0.0,0,0.0,1067228.049665494,optimal,0.08292540000547888,False,
7110,0.0,0,0.0,1114791.4451657662,optimal,0.08199920000333805,False,
7111,0.0,0,0.0,1180407.9942548685,optimal,0.08655820000421954,False,
7112,0.0,0,0.0,1227741.2573619268,optimal,0.0817927999960375,False,
7113,0.0,0,0.0,1259440.5896283037,optimal,0.08061250000173459,False,
7114,0.0,0,0.0,1350893.610634452,optimal,0.0763821000000462,False,
7115,0.0,0,0.0,1457429.5438244229,optimal,0.0667271000056644,False,
7116,0.0,0,0.0,1539762.9982717982,optimal,0.08100840000406606,False,
7117,0.0,0,0.0,1605514.9906433583,optimal,0.07728119999956107,False,
7118,0.0,0,0.0,1660607.6617417252,optimal,0.07982659999834141,False,
7119,0.0,0,0.0,1714744.4852368988,optimal,0.07539790000009816,False,
7120,0.0,0,0.0,1737024.2765124333,optimal,0.0764156000004732,False,
7121,0.0,0,0.0,1764081.0519909558,optimal,0.08421580000140239,False,
7122,0.0,0,0.0,1801162.4270387513,optimal,0.08062769999378361,False,
7123,0.0,0,0.0,1837560.4018608956,optimal,0.07863050000014482,False,
7124,0.0,0,0.0,1869265.2447743637,optimal,0.07865200000378536,False,
7125,0.0,0,0.0,1867513.4050308664,optimal,0.07814260000304785,False,
7126,0.0,0,0.0,1872487.8850308668,optimal,0.07870330000150716,False,
7127,0.0,0,0.0,1878172.9008629974,optimal,0.07704910000029486,False,
7128,0.0,0,0.0,1853382.4970937024,optimal,0.08112899999832734,False,
7129,0.0,0,0.0,1821044.3048003607,optimal,0.08254740000120364,False,
7130,0.0,0,0.0,1827578.2146944485,optimal,0.08588459999737097,False,
7131,0.0,0,0.0,1835109.3412031448,optimal,0.07923079999454785,False,
7132,0.0,0,0.0,1832879.242210814,optimal,0.07979879999766126,False,
7133,0.0,0,0.0,1827191.103497186,optimal,0.08167089999915333,False,
7134,0.0,0,0.0,1828181.2031741801,optimal,0.07842259999597445,False,
7135,0.0,0,0.0,1860207.719108993,optimal,0.16783330000180285,False,
7136,0.0,0,0.0,1867734.3522148854,optimal,0.0752790999977151,False,
7137,0.0,0,0.0,1880511.6421797331,optimal,0.0794915000005858,False,
7138,0.0,0,0.0,1920905.4503731362,optimal,0.09042200000112643,False,
7139,0.0,0,0.0,1941162.6694439128,optimal,0.08077749999938533,False,
7140,0.0,0,0.0,1957822.6426068197,optimal,0.1706655000016326,False,
7141,0.0,0,0.0,1972053.7507317215,optimal,0.08650769999803742,False,
7142,0.0,0,0.0,2024844.422117432,optimal,0.07792730000073789,False,
7143,0.0,0,0.0,2046075.3440640683,optimal,0.08654950000345707,False,
7144,0.0,0,0.0,2029104.9834264077,optimal,0.08698699999513337,False,
7145,0.0,0,0.0,1980869.656565087,optimal,0.1660145999994711,False,
7146,0.0,0,0.0,1984378.4450501187,optimal,0.08291809999354882,False,
7147,0.0,0,0.0,1959081.4724625035,optimal,0.08113120000052731,False,
7148,0.0,0,0.0,1962053.0163243664,optimal,0.1708379000046989,False,
7149,0.0,0,0.0,1967451.5138336152,optimal,0.08378780000202823,False,
7150,0.0,0,0.0,1971830.6438336158,optimal,0.08782849999988684,False,
7151,0.0,0,0.0,1991413.0714912182,optimal,0.0873732000036398,False,
7152,0.0,0,0.0,2013081.3598188153,optimal,0.08255910000298172,False,
7153,0.0,0,0.0,2019247.7623094567,optimal,0.15933010000298964,False,
7154,0.0,0,0.0,2008306.031974665,optimal,0.08238359999813838,False,
7155,0.0,0,0.0,1979853.6956506243,optimal,0.08166250000067521,False,
7156,0.0,0,0.0,1968300.750835377,optimal,0.16117640000447864,False,
7157,0.0,0,0.0,1969727.6875123517,optimal,0.08207879999827128,False,
7158,0.0,0,0.0,1956725.0199817491,optimal,0.17234820000157924,False,
7159,0.0,0,0.0,1965963.6739942874,optimal,0.08625869999377755,False,
7160,0.0,0,0.0,1966276.5757677194,optimal,0.08974809999926947,False,
7161,0.0,0,0.0,1916761.1319491137,optimal,0.0824748000013642,False,
7162,0.0,0,0.0,1864970.7215604647,optimal,0.17060270000365563,False,
7163,0.0,0,0.0,1813518.797405176,optimal,0.08857269999862183,False,
7164,0.0,0,0.0,1761464.5215292773,optimal,0.08997120000276482,False,
7165,0.0,0,0.0,1713006.6936629687,optimal,0.16892819999338826,False,
7166,0.0,0,0.0,1658117.0925943223,optimal,0.08007899999938672,False,
7167,0.0,0,0.0,1603864.3396222545,optimal,0.17339689999789698,False,
7168,0.0,0,0.0,1560894.438322716,optimal,0.09080700000049546,False,
7169,0.0,0,0.0,1525660.9885008684,optimal,0.08664589999534655,False,
7170,0.0,0,0.0,1488353.1893786895,optimal,0.16752169999381294,False,
7171,0.0,0,0.0,1474708.018962289,optimal,0.08560380000562873,False,
7172,0.0,0,0.0,1487328.0071944478,optimal,0.08621690000290982,False,
7173,0.0,0,0.0,1525593.2873618342,optimal,0.09125230000063311,False,
7174,0.0,0,0.0,1560322.717553844,optimal,0.16838329999882262,False,
7175,0.0,0,0.0,1567967.830819377,optimal,0.08421770000131801,False,
7176,0.0,0,0.0,1585007.8566313903,optimal,0.08386700000119163,False,
7177,0.0,0,0.0,1588198.9779634513,optimal,0.16789490000519436,False,
7178,0.0,0,0.0,1608493.692840346,optimal,0.08509339999727672,False,
7179,0.0,0,0.0,1631507.3867358626,optimal,0.08247599999594968,False,
7180,0.0,0,0.0,1632828.0135586157,optimal,0.15746020000369754,False,
7181,0.0,0,0.0,1622543.591116415,optimal,0.08456170000135899,False,
7182,0.0,0,0.0,1636691.6100761488,optimal,0.08750890000374056,False,
7183,0.0,0,0.0,1638298.1632982618,optimal,0.16657470000063768,False,
7184,0.0,0,0.0,1661721.6412690058,optimal,0.08570770000369521,False,
7185,0.0,0,0.0,1690497.9241412873,optimal,0.08632909999869298,False,
7186,0.0,0,0.0,1677563.434001682,optimal,0.16908110000076704,False,
7187,0.0,0,0.0,1637976.3925011598,optimal,0.0788652000046568,False,
7188,0.0,0,0.0,1600649.38624881,optimal,0.08559370000148192,False,
7189,0.0,0,0.0,1587368.309527196,optimal,0.08688450000045123,False,
7190,0.0,0,0.0,1533712.3039491407,optimal,0.0836085999981151,False,
7191,0.0,0,0.0,1488790.3065530215,optimal,0.17322490000515245,False,
7192,0.0,0,0.0,1440795.66630615,optimal,0.08208949999971082,False,
7193,0.0,0,0.0,1430250.6533591172,optimal,0.15923590000602417,False,
7194,0.0,0,0.0,1449710.8263296064,optimal,0.08432870000251569,False,
7195,0.0,0,0.0,1436128.9888796366,optimal,0.16523859999870183,False,
7196,0.0,0,0.0,1423643.661298006,optimal,0.0823965000017779,False,
7197,0.0,0,0.0,1455088.5934304288,optimal,0.08378590000211261,False,
7198,0.0,0,0.0,1491534.942313869,optimal,0.08615119999740273,False,
7199,0.0,0,0.0,1523927.3301722845,optimal,0.08256729999993695,False,
7200,0.0,0,0.0,1554261.8380183629,optimal,0.08060570000088774,False,
7201,0.0,0,0.0,1581460.835864437,optimal,0.15594090000377037,False,
7202,0.0,0,0.0,1589603.594490867,optimal,0.07577280000259634,False,
7203,0.0,0,0.0,1613274.92838502,optimal,0.08259730000281706,False,
7204,0.0,0,0.0,1632006.110409359,optimal,0.08802509999804897,False,
7205,0.0,0,0.0,1640689.60101807,optimal,0.08312640000076499,False,
7206,0.0,0,0.0,1628699.0489453888,optimal,0.08919400000013411,False,
7207,0.0,0,0.0,1638623.1355087932,optimal,0.08482190000358969,False,
7208,0.0,0,0.0,1606080.8176625401,optimal,0.09057680000114487,False,
7209,0.0,0,0.0,1582917.5453850755,optimal,0.07800649999990128,False,
7210,0.0,0,0.0,1571194.1176666496,optimal,0.15874470000562724,False,
7211,0.0,0,0.0,1561629.681861262,optimal,0.08809710000059567,False,
7212,0.0,0,0.0,1529512.5960230671,optimal,0.08231070000329055,False,
7213,0.0,0,0.0,1491337.6402661016,optimal,0.08045619999757037,False,
7214,0.0,0,0.0,1459133.3660175593,optimal,0.07940129999769852,False,
7215,0.0,0,0.0,1432401.9255681145,optimal,0.08047589999478078,False,
7216,0.0,0,0.0,1412886.9282244204,optimal,0.0827556000003824,False,
7217,0.0,0,0.0,1388478.0622680946,optimal,0.08141729999624658,False,
7218,0.0,0,0.0,1352582.682162553,optimal,0.07781080000131624,False,
7219,0.0,0,0.0,1314116.2343605733,optimal,0.08012289999896893,False,
7220,0.0,0,0.0,1316719.60024637,optimal,0.07794650000141701,False,
7221,0.0,0,0.0,1277789.1808348186,optimal,0.0764472000009846,False,
7222,0.0,0,0.0,1258866.0200669025,optimal,0.08291780000581639,False,
7223,0.0,0,0.0,1234266.2122230418,optimal,0.08358460000454215,False,
7224,0.0,0,0.0,1191337.5993351694,optimal,0.08863360000395915,False,
7225,0.0,0,0.0,1162362.5737872696,optimal,0.08504469999752473,False,
7226,0.0,0,0.0,1132400.9050813678,optimal,0.08355550000123912,False,
7227,0.0,0,0.0,1098507.175838621,optimal,0.07980179999867687,False,
7228,0.0,0,0.0,1061194.7704516365,optimal,0.07610500000009779,False,
7229,0.0,0,0.0,1020592.4438474044,optimal,0.07961770000110846,False,
7230,0.0,0,0.0,982017.409989795,optimal,0.07873939999990398,False,
7231,0.0,0,0.0,954113.013473317,optimal,0.0811801000018022,False,
7232,0.0,0,0.0,940401.6991842114,optimal,0.08743719999620225,False,
7233,0.0,0,0.0,925816.7050332096,optimal,0.08262310000282014,False,
7234,0.0,0,0.0,874425.1694664875,optimal,0.08556910000334028,False,
7235,0.0,0,0.0,875911.4056142698,optimal,0.08928399999422254,False,
7236,0.0,0,0.0,849527.8962481733,optimal,0.08365879999473691,False,
7237,0.0,0,0.0,842784.7393560316,optimal,0.08521660000405973,False,
7238,0.0,0,0.0,847053.8668997185,optimal,0.08660339999914868,False,
7239,0.0,0,0.0,845541.6636176243,optimal,0.08465429999341723,False,
7240,0.0,0,0.0,854944.5360686267,optimal,0.0824164999939967,False,
7241,0.0,0,0.0,849100.050698838,optimal,0.07949640000151703,False,
7242,0.0,0,0.0,850373.6151103696,optimal,0.08427649999794085,False,
7243,0.0,0,0.0,897227.6557619862,optimal,0.08039780000399332,False,
7244,0.0,0,0.0,966534.7365554097,optimal,0.08245829999941634,False,
7245,0.0,0,0.0,933216.0429817097,optimal,0.07418289999623084,False,
7246,0.0,0,0.0,965335.5120901265,optimal,0.08375759999762522,False,
7247,0.0,0,0.0,996611.3469024743,optimal,0.07705349999741884,False,
7248,0.0,0,0.0,1009006.4977891978,optimal,0.08198149999952875,False,
7249,0.0,0,0.0,1015083.6636568396,optimal,0.08122829999774694,False,
7250,0.0,0,0.0,1018490.7675959466,optimal,0.08257289999892237,False,
7251,0.0,0,0.0,1020696.7184958624,optimal,0.08312969999678899,False,
7252,0.0,0,0.0,1024136.3191339052,optimal,0.08476399999926798,False,
7253,0.0,0,0.0,1027807.2908390297,optimal,0.0746450000006007,False,
7254,0.0,0,0.0,1060718.6990427119,optimal,0.07448290000320412,False,
7255,0.0,0,0.0,1103184.915638245,optimal,0.08223340000404278,False,
7256,0.0,0,0.0,1178180.6334532017,optimal,0.08224380000319798,False,
7257,0.0,0,0.0,1287189.653171287,optimal,0.08593449999898439,False,
7258,0.0,0,0.0,1225579.9540212983,optimal,0.08386410000093747,False,
7259,0.0,0,0.0,1165563.0697258068,optimal,0.08203839999623597,False,
7260,0.0,0,0.0,1122500.4823935605,optimal,0.08161770000151591,False,
7261,0.0,0,0.0,1090314.9468594708,optimal,0.07942590000311611,False,
7262,0.0,0,0.0,1061578.140745121,optimal,0.16372759999649134,False,
7263,0.0,0,0.0,1051875.3558232018,optimal,0.08774329999869224,False,
7264,0.0,0,0.0,1054563.291834347,optimal,0.0791183000037563,False,
7265,0.0,0,0.0,1066652.74653233,optimal,0.08818899999459973,False,
7266,0.0,0,0.0,1083938.3503893993,optimal,0.08056890000443673,False,
7267,0.0,0,0.0,1153222.319024536,optimal,0.16481699999712873,False,
7268,0.0,0,0.0,1162719.735009309,optimal,0.08548750000045402,False,
7269,0.0,0,0.0,1213751.3331668417,optimal,0.08966950000467477,False,
7270,0.0,0,0.0,1321405.5007499887,optimal,0.1518735999998171,False,
7271,0.0,0,0.0,1411415.0566645814,optimal,0.08885659999941709,False,
7272,0.0,0,0.0,1477766.0081343958,optimal,0.08811940000305185,False,
7273,0.0,0,0.0,1568274.2273246737,optimal,0.0845908999981475,False,
7274,0.0,0,0.0,1623212.886728716,optimal,0.16252270000404678,False,
7275,0.0,0,0.0,1664900.6239433563,optimal,0.09205970000039088,False,
7276,0.0,0,0.0,1692061.2741547842,optimal,0.08205219999945257,False,
7277,0.0,0,0.0,1727036.518653912,optimal,0.08775750000495464,False,
7278,0.0,0,0.0,1769858.9287612615,optimal,0.08529339999950025,False,
7279,0.0,0,0.0,1816990.2250805595,optimal,0.15602180000132648,False,
7280,0.0,0,0.0,1860418.3815597165,optimal,0.07753629999933764,False,
7281,0.0,0,0.0,1928228.13459334,optimal,0.08545500000036554,False,
7282,0.0,0,0.0,1989585.2590571411,optimal,0.16226309999910882,False,
7283,0.0,0,0.0,1965862.436722925,optimal,0.0842107999997097,False,
7284,0.0,0,0.0,1953324.4004295117,optimal,0.1640973000030499,False,
7285,0.0,0,0.0,1931907.031949157,optimal,0.08923939999658614,False,
7286,0.0,0,0.0,1902803.5298941173,optimal,0.089115299997502,False,
7287,0.0,0,0.0,1871455.0273398776,optimal,0.08601880000060191,False,
7288,0.0,0,0.0,1861675.1244322974,optimal,0.1574486000026809,False,
7289,0.0,0,0.0,1898399.2249966336,optimal,0.07716660000005504,False,
7290,0.0,0,0.0,1960827.1296151518,optimal,0.08353319999878295,False,
7291,0.0,0,0.0,2025931.9382684396,optimal,0.16248859999905108,False,
7292,0.0,0,0.0,2097211.867200153,optimal,0.08284940000157803,False,
7293,0.0,0,0.0,2174096.329531766,optimal,0.08267630000045756,False,
7294,0.0,0,0.0,2244731.54495728,optimal,0.1560719000044628,False,
7295,0.0,0,0.0,2278150.387754848,optimal,0.08460199999535689,False,
7296,0.0,0,0.0,2330225.469299944,optimal,0.16128939999907743,False,
7297,0.0,0,0.0,2383652.6675120397,optimal,0.08242820000305073,False,
7298,0.0,0,0.0,2436043.6615042947,optimal,0.07785699999658391,False,
7299,0.0,0,0.0,2491886.55915705,optimal,0.08043029999680584,False,
7300,0.0,0,0.0,2547036.380177195,optimal,0.16424689999985276,False,
7301,0.0,0,0.0,2553290.5805191407,optimal,0.08050379999622237,False,
7302,0.0,0,0.0,2560416.168284474,optimal,0.08214000000589294,False,
7303,0.0,0,0.0,2604109.3290357394,optimal,0.16111280000041006,False,
7304,0.0,0,0.0,2586194.5033912524,optimal,0.08148159999836935,False,
7305,0.0,0,0.0,2638696.9198928103,optimal,0.15798769999673823,False,
7306,0.0,0,0.0,2713969.241579313,optimal,0.08439850000286242,False,
7307,0.0,0,0.0,2697418.8764941967,optimal,0.08616729999630479,False,
7308,0.0,0,0.0,2621336.6666794512,optimal,0.08489259999623755,False,
7309,0.0,0,0.0,2576935.1546564423,optimal,0.16265639999619452,False,
7310,0.0,0,0.0,2551019.4172254796,optimal,0.08314699999755248,False,
7311,0.0,0,0.0,2510526.2243693764,optimal,0.07827009999891743,False,
7312,0.0,0,0.0,2500061.3307192847,optimal,0.15332640000269748,False,
7313,0.0,0,0.0,2462684.600206664,optimal,0.07889360000262968,False,
7314,0.0,0,0.0,2419034.755247852,optimal,0.07832100000086939,False,
7315,0.0,0,0.0,2432111.3750479133,optimal,0.08582929999829503,False,
7316,0.0,0,0.0,2383001.949399423,optimal,0.15399750000506174,False,
7317,0.0,0,0.0,2281472.086107141,optimal,0.08585420000599697,False,
7318,0.0,0,0.0,2186917.123632834,optimal,0.07798640000692103,False,
7319,0.0,0,0.0,2159516.2137268637,optimal,0.15045320000353968,False,
7320,0.0,0,0.0,2128404.236936563,optimal,0.08823510000365786,False,
7321,0.0,0,0.0,2100989.257319238,optimal,0.16414459999941755,False,
7322,0.0,0,0.0,2068122.8105278811,optimal,0.08096739999746205,False,
7323,0.0,0,0.0,2042902.6276722397,optimal,0.08975780000037048,False,
7324,0.0,0,0.0,2008083.5933086139,optimal,0.08430880000378238,False,
7325,0.0,0,0.0,1969804.9392766508,optimal,0.08506250000209548,False,
7326,0.0,0,0.0,1923520.268842011,optimal,0.08764459999656538,False,
7327,0.0,0,0.0,1880250.184471039,optimal,0.15064580000034766,False,
7328,0.0,0,0.0,1830563.8556181781,optimal,0.08976270000130171,False,
7329,0.0,0,0.0,1777274.227747532,optimal,0.08781440000166185,False,
7330,0.0,0,0.0,1779488.408399552,optimal,0.08753060000162804,False,
7331,0.0,0,0.0,1761406.3813398539,optimal,0.08204950000072131,False,
7332,0.0,0,0.0,1758044.7072192095,optimal,0.08355620000656927,False,
7333,0.0,0,0.0,1771181.9709833162,optimal,0.08193269999901531,False,
7334,0.0,0,0.0,1780832.7608490137,optimal,0.08273380000173347,False,
7335,0.0,0,0.0,1787150.878300543,optimal,0.08677999999781605,False,
7336,0.0,0,0.0,1773862.4170907517,optimal,0.164967800003069,False,
7337,0.0,0,0.0,1736291.7875657692,optimal,0.08832750000146916,False,
7338,0.0,0,0.0,1684082.1808118634,optimal,0.08501760000217473,False,
7339,0.0,0,0.0,1629919.441473671,optimal,0.09423040000547189,False,
7340,0.0,0,0.0,1589263.7296432138,optimal,0.08635410000715638,False,
7341,0.0,0,0.0,1545196.9252025578,optimal,0.08476679999876069,False,
7342,0.0,0,0.0,1536649.1153616966,optimal,0.07960640000237618,False,
7343,0.0,0,0.0,1526048.781085205,optimal,0.08111210000060964,False,
7344,0.0,0,0.0,1477523.171494028,optimal,0.08585699999821372,False,
7345,0.0,0,0.0,1423191.4019574374,optimal,0.0855370000062976,False,
7346,0.0,0,0.0,1372227.5920438194,optimal,0.07512359999964247,False,
7347,0.0,0,0.0,1294210.2930654238,optimal,0.09448790000169538,False,
7348,0.0,0,0.0,1230564.4276363216,optimal,0.08649449999938952,False,
7349,0.0,0,0.0,1228486.4908645004,optimal,0.09482730000308948,False,
7350,0.0,0,0.0,1178232.311434232,optimal,0.10005829999863636,False,
7351,0.0,0,0.0,1109767.2321934763,optimal,0.09842070000013337,False,
7352,0.0,0,0.0,1048912.8998461373,optimal,0.09465710000222316,False,
7353,0.0,0,0.0,998331.3668555046,optimal,0.10053450000123121,False,
7354,0.0,0,0.0,970963.3124743715,optimal,0.09481670000241138,False,
7355,0.0,0,0.0,930618.2689728622,optimal,0.09209689999988768,False,
7356,0.0,0,0.0,876640.3493577717,optimal,0.08908949999749893,False,
7357,0.0,0,0.0,833852.984535257,optimal,0.09040980000281706,False,
7358,0.0,0,0.0,789063.6777837573,optimal,0.09095630000228994,False,
7359,0.0,0,0.0,775009.2225861297,optimal,0.08679200000187848,False,
7360,0.0,0,0.0,779688.4621313094,optimal,0.08849999999802094,False,
7361,0.0,0,0.0,795265.4993654601,optimal,0.08745329999510432,False,
7362,0.0,0,0.0,748044.2847541684,optimal,0.08575769999879412,False,
7363,0.0,0,0.0,744341.5407856627,optimal,0.08897930000239285,False,
7364,0.0,0,0.0,774207.4378271232,optimal,0.09767200000351295,False,
7365,0.0,0,0.0,817684.0585849253,optimal,0.08555940000223927,False,
7366,0.0,0,0.0,775068.0111369154,optimal,0.08103210000263061,False,
7367,0.0,0,0.0,723054.3942823721,optimal,0.08629460000520339,False,
7368,0.0,0,0.0,674708.5540207484,optimal,0.08968629999435507,False,
7369,0.0,0,0.0,644639.6306766483,optimal,0.08040379999874858,False,
7370,0.0,0,0.0,655064.1298414484,optimal,0.07781200000317767,False,
7371,0.0,0,0.0,677715.6110750487,optimal,0.08277520000410732,False,
7372,0.0,0,0.0,701032.3477596673,optimal,0.08116420000442304,False,
7373,0.0,0,0.0,719693.6354164978,optimal,0.08333400000265101,False,
7374,0.0,0,0.0,742841.861428633,optimal,0.08708610000030603,False,
7375,0.0,0,0.0,757965.7341038253,optimal,0.08960579999984475,False,
7376,0.0,0,0.0,707140.8124911394,optimal,0.08250440000119852,False,
7377,0.0,0,0.0,670282.2719700238,optimal,0.08285099999920931,False,
7378,0.0,0,0.0,630750.7892112163,optimal,0.08556849999877159,False,
7379,0.0,0,0.0,576352.440544492,optimal,0.08359309999650577,False,
7380,0.0,0,0.0,504271.25996380777,optimal,0.08052769999630982,False,
7381,0.0,0,0.0,427855.1386288969,optimal,0.0817211999965366,False,
7382,0.0,0,0.0,358147.2157239731,optimal,0.08048179999605054,False,
7383,0.0,0,0.0,301014.19909468497,optimal,0.08968050000112271,False,
7384,0.0,0,0.0,263529.5571588968,optimal,0.08101280000119004,False,
7385,0.0,0,0.0,247955.99411811147,optimal,0.0904411000010441,False,
7386,0.0,0,0.0,236150.66953203868,optimal,0.08837769999809097,False,
7387,0.0,0,0.0,230188.93729857827,optimal,0.0988091000035638,False,
7388,0.0,0,0.0,225975.18401794412,optimal,0.08113080000475748,False,
7389,0.0,0,0.0,212949.33670707155,optimal,0.0880369000005885,False,
7390,0.0,0,0.0,196590.85472497105,optimal,0.09324829999968642,False,
7391,0.0,0,0.0,183049.74421222418,optimal,0.09906239999691024,False,
7392,0.0,0,0.0,190461.52020985063,optimal,0.08587999999872409,False,
7393,0.0,0,0.0,189278.64714312204,optimal,0.0866671999974642,False,
7394,0.0,0,0.0,185586.57501124233,optimal,0.0871218999964185,False,
7395,0.0,0,0.0,174756.08257520254,optimal,0.10426929999812273,False,
7396,0.0,0,0.0,142892.50779241102,optimal,0.08103779999510152,False,
7397,0.0,0,0.0,120833.29617174529,optimal,0.08094590000109747,False,
7398,0.0,0,0.0,127811.51238694954,optimal,0.0833894000024884,False,
7399,0.0,0,0.0,138361.85623207406,optimal,0.07625059999554651,False,
7400,0.0,0,0.0,131471.72351867027,optimal,0.08193049999681534,False,
7401,0.0,0,0.0,136616.0549333006,optimal,0.08087420000083512,False,
7402,0.0,0,0.0,132407.19330578257,optimal,0.08294940000632778,False,
7403,0.0,0,0.0,142456.78747745976,optimal,0.08815589999721851,False,
7404,0.0,0,0.0,139039.50885235827,optimal,0.08362990000023274,False,
7405,0.0,0,0.0,138749.50613164585,optimal,0.08577449999575038,False,
7406,0.0,0,0.0,126737.34641018749,optimal,0.08429479999904288,False,
7407,0.0,0,0.0,106550.07707988401,optimal,0.084396199999901,False,
7408,0.0,0,0.0,91442.51098297918,optimal,0.08391870000195922,False,
7409,0.0,0,0.0,88319.48727503109,optimal,0.1593942000035895,False,
7410,0.0,0,0.0,90073.81792940882,optimal,0.07622350000019651,False,
7411,0.0,0,0.0,89234.70338170696,optimal,0.08578760000091279,False,
7412,0.0,0,0.0,81877.18464053817,optimal,0.08334330000070622,False,
7413,0.0,0,0.0,100413.32359617738,optimal,0.0829613000023528,False,
7414,0.0,0,0.0,190084.8382411566,optimal,0.16723240000283113,False,
7415,0.0,0,0.0,305604.69218444347,optimal,0.08137689999421127,False,
7416,0.0,0,0.0,407765.7619424176,optimal,0.09426879999955418,False,
7417,0.0,0,0.0,476923.66892479616,optimal,0.16679280000244034,False,
7418,0.0,0,0.0,469264.1934048836,optimal,0.08745490000001155,False,
7419,0.0,0,0.0,465287.64017165283,optimal,0.08433299999887822,False,
7420,0.0,0,0.0,491498.5960460572,optimal,0.0854579000006197,False,
7421,0.0,0,0.0,517610.2507347279,optimal,0.16254389999812702,False,
7422,0.0,0,0.0,542535.1223126744,optimal,0.0822933000017656,False,
7423,0.0,0,0.0,578452.238699089,optimal,0.09113929999875836,False,
7424,0.0,0,0.0,659944.1482186987,optimal,0.0834439000027487,False,
7425,0.0,0,0.0,740400.4028904621,optimal,0.08557769999606535,False,
7426,0.0,0,0.0,798913.0482160423,optimal,0.1669301000001724,False,
7427,0.0,0,0.0,878506.2383298641,optimal,0.0838214000032167,False,
7428,0.0,0,0.0,961923.2392069601,optimal,0.15348510000330862,False,
7429,0.0,0,0.0,1052248.9235134695,optimal,0.08018980000633746,False,
7430,0.0,0,0.0,1149294.690023885,optimal,0.0756939000057173,False,
7431,0.0,0,0.0,1232515.9985723847,optimal,0.08387640000000829,False,
7432,0.0,0,0.0,1321022.4373448507,optimal,0.08145940000395058,False,
7433,0.0,0,0.0,1399495.9689443938,optimal,0.17059629999857862,False,
7434,0.0,0,0.0,1469650.7873479337,optimal,0.0877775000044494,False,
7435,0.0,0,0.0,1505873.7131979559,optimal,0.17297729999700096,False,
7436,0.0,0,0.0,1600180.4719934764,optimal,0.08441360000142595,False,
7437,0.0,0,0.0,1632246.4254197134,optimal,0.09275530000013532,False,
7438,0.0,0,0.0,1604659.2614002319,optimal,0.16034439999930328,False,
7439,0.0,0,0.0,1570319.105011802,optimal,0.08819889999722363,False,
7440,0.0,0,0.0,1521171.4149843939,optimal,0.08744390000356361,False,
7441,0.0,0,0.0,1524937.0148758325,optimal,0.15942809999978635,False,
7442,0.0,0,0.0,1575893.3927307015,optimal,0.08422689999861177,False,
7443,0.0,0,0.0,1638143.901926925,optimal,0.08047880000231089,False,
7444,0.0,0,0.0,1706388.069742799,optimal,0.16916260000289185,False,
7445,0.0,0,0.0,1708374.2993571763,optimal,0.08093840000219643,False,
7446,0.0,0,0.0,1678125.5374182235,optimal,0.08436109999456676,False,
7447,0.0,0,0.0,1630685.3778010495,optimal,0.15682769999693846,False,
7448,0.0,0,0.0,1569827.9110715291,optimal,0.08405930000299122,False,
7449,0.0,0,0.0,1509922.1044304625,optimal,0.08418220000021392,False,
7450,0.0,0,0.0,1494082.5019638226,optimal,0.1788315000012517,False,
7451,0.0,0,0.0,1430116.9141244045,optimal,0.09320930000103544,False,
7452,0.0,0,0.0,1428887.1086229635,optimal,0.17120509999949718,False,
7453,0.0,0,0.0,1446149.7514505899,optimal,0.08065260000148555,False,
7454,0.0,0,0.0,1488230.6210728325,optimal,0.08286969999608118,False,
7455,0.0,0,0.0,1577211.8760044388,optimal,0.17053799999848707,False,
7456,0.0,0,0.0,1646068.6343186498,optimal,0.08441940000193426,False,
7457,0.0,0,0.0,1672853.330291724,optimal,0.08869299999787472,False,
7458,0.0,0,0.0,1674317.1450817278,optimal,0.0788477999958559,False,
7459,0.0,0,0.0,1765514.8607767501,optimal,0.1674529000010807,False,
7460,0.0,0,0.0,1819397.9183353456,optimal,0.09081270000024233,False,
7461,0.0,0,0.0,1723963.0452413878,optimal,0.09104350000416161,False,
7462,0.0,0,0.0,1592015.975719884,optimal,0.08491959999810206,False,
7463,0.0,0,0.0,1443950.1816397505,optimal,0.16952339999988908,False,
7464,0.0,0,0.0,1302812.2363469806,optimal,0.08643670000310522,False,
7465,0.0,0,0.0,1347177.89876252,optimal,0.07972259999951348,False,
7466,0.0,0,0.0,1349413.93951803,optimal,0.17702749999443768,False,
7467,0.0,0,0.0,1318041.2950993716,optimal,0.08254860000306508,False,
7468,0.0,0,0.0,1285686.3969071773,optimal,0.16779030000179773,False,
7469,0.0,0,0.0,1249091.2592915252,optimal,0.08500459999777377,False,
7470,0.0,0,0.0,1210113.452764309,optimal,0.08821419999731006,False,
7471,0.0,0,0.0,1048648.4506655652,optimal,0.08830669999588281,False,
7472,0.0,0,0.0,940032.018377879,optimal,0.08876520000194432,False,
7473,0.0,0,0.0,844916.3877659447,optimal,0.08640600000217091,False,
7474,0.0,0,0.0,753306.2470033932,optimal,0.16091990000131773,False,
7475,0.0,0,0.0,659768.79821061,optimal,0.08580520000396064,False,
7476,0.0,0,0.0,570572.863594613,optimal,0.08605650000390597,False,
7477,0.0,0,0.0,494404.665109705,optimal,0.08226120000472292,False,
7478,0.0,0,0.0,450154.40811687335,optimal,0.08687259999715025,False,
7479,0.0,0,0.0,415696.8367590071,optimal,0.08134419999987585,False,
7480,0.0,0,0.0,383141.451013131,optimal,0.07903950000036275,False,
7481,0.0,0,0.0,337508.3138033658,optimal,0.08509440000489121,False,
7482,0.0,0,0.0,318022.16706438875,optimal,0.08040389999951003,False,
7483,0.0,0,0.0,346502.82258414564,optimal,0.1612237000008463,False,
7484,0.0,0,0.0,336742.414720682,optimal,0.07967700000153854,False,
7485,0.0,0,0.0,405241.63739605853,optimal,0.08135909999691648,False,
7486,0.0,0,0.0,448997.70248449437,optimal,0.07813449999957811,False,
7487,0.0,0,0.0,523746.55827303557,optimal,0.08081520000268938,False,
7488,0.0,0,0.0,595196.1222631728,optimal,0.0879131999972742,False,
7489,0.0,0,0.0,547917.9753299057,optimal,0.08492079999996349,False,
7490,0.0,0,0.0,507671.4628001702,optimal,0.08842529999674298,False,
7491,0.0,0,0.0,494767.814658171,optimal,0.07499220000318019,False,
7492,0.0,0,0.0,480555.1665161709,optimal,0.0794328999982099,False,
7493,0.0,0,0.0,527764.8023194831,optimal,0.07578649999777554,False,
7494,0.0,0,0.0,585030.4211914822,optimal,0.08324069999798667,False,
7495,0.0,0,0.0,640227.8200634815,optimal,0.07615110000187997,False,
7496,0.0,0,0.0,715715.4157902466,optimal,0.08458899999823188,False,
7497,0.0,0,0.0,785862.6844172196,optimal,0.08453839999856427,False,
7498,0.0,0,0.0,823666.1768711437,optimal,0.08003859999735141,False,
7499,0.0,0,0.0,856479.5145170868,optimal,0.078583599999547,False,
7500,0.0,0,0.0,862848.152515629,optimal,0.07949910000024829,False,
7501,0.0,0,0.0,873001.3874738943,optimal,0.0856947000065702,False,
7502,0.0,0,0.0,903037.4515381191,optimal,0.08427099999971688,False,
7503,0.0,0,0.0,913488.8505267944,optimal,0.0829474999991362,False,
7504,0.0,0,0.0,942318.9349154532,optimal,0.10312859999976354,False,
7505,0.0,0,0.0,1034388.6417429345,optimal,0.10902390000410378,False,
7506,0.0,0,0.0,1098042.1806149343,optimal,0.0884340999982669,False,
7507,0.0,0,0.0,1168594.1494869352,optimal,0.09109519999765325,False,
7508,0.0,0,0.0,1239041.3983589367,optimal,0.09998020000057295,False,
7509,0.0,0,0.0,1310274.0472309368,optimal,0.09560469999996712,False,
7510,0.0,0,0.0,1382121.926102935,optimal,0.08911169999919366,False,
7511,0.0,0,0.0,1454061.4349749365,optimal,0.09430499999871245,False,
7512,0.0,0,0.0,1534573.851846089,optimal,0.08895009999832837,False,
7513,0.0,0,0.0,1602520.9107180894,optimal,0.09256200000527315,False,
7514,0.0,0,0.0,1667719.0695900905,optimal,0.09097879999899305,False,
7515,0.0,0,0.0,1733523.5026736972,optimal,0.08755400000518421,False,
7516,0.0,0,0.0,1801849.5556863928,optimal,0.09675599999900442,False,
7517,0.0,0,0.0,1879015.507913627,optimal,0.08376069999940228,False,
7518,0.0,0,0.0,1958286.6006223604,optimal,0.0846086000019568,False,
7519,0.0,0,0.0,2045691.612823978,optimal,0.08755630000086967,False,
7520,0.0,0,0.0,2127761.035007289,optimal,0.08564710000064224,False,
7521,0.0,0,0.0,2173695.656962958,optimal,0.08392079999612179,False,
7522,0.0,0,0.0,2249183.0625148746,optimal,0.0787724000037997,False,
7523,0.0,0,0.0,2319642.7700462965,optimal,0.08416189999843482,False,
7524,0.0,0,0.0,2334516.638526529,optimal,0.08439370000269264,False,
7525,0.0,0,0.0,2324659.260993866,optimal,0.0824505999989924,False,
7526,0.0,0,0.0,2328056.211701842,optimal,0.08057129999360768,False,
7527,0.0,0,0.0,2333175.973774558,optimal,0.08592230000067502,False,
7528,0.0,0,0.0,2351101.908799407,optimal,0.07844619999377755,False,
7529,0.0,0,0.0,2387225.2744477773,optimal,0.07569930000317981,False,
7530,0.0,0,0.0,2360438.6183208395,optimal,0.07769759999791859,False,
7531,0.0,0,0.0,2383641.3662585467,optimal,0.08026339999923948,False,
7532,0.0,0,0.0,2361878.688941631,optimal,0.08265099999698577,False,
7533,0.0,0,0.0,2321089.3619791297,optimal,0.0841567000024952,False,
7534,0.0,0,0.0,2297569.512184404,optimal,0.08477909999783151,False,
7535,0.0,0,0.0,2276744.7466210593,optimal,0.15695050000067567,False,
7536,0.0,0,0.0,2311625.4779001484,optimal,0.0883523000011337,False,
7537,0.0,0,0.0,2331262.7522799796,optimal,0.08921310000005178,False,
7538,0.0,0,0.0,2348000.359348838,optimal,0.08216080000420334,False,
7539,0.0,0,0.0,2358610.085181883,optimal,0.16168089999700896,False,
7540,0.0,0,0.0,2295971.910416717,optimal,0.08066360000520945,False,
7541,0.0,0,0.0,2238690.378837436,optimal,0.07864150000386871,False,
7542,0.0,0,0.0,2183104.020543721,optimal,0.08055500000045868,False,
7543,0.0,0,0.0,2126910.7145186663,optimal,0.16830270000355085,False,
7544,0.0,0,0.0,2071776.0100478765,optimal,0.07923329999903217,False,
7545,0.0,0,0.0,2075212.8160433793,optimal,0.08265660000324715,False,
7546,0.0,0,0.0,2054864.9403443846,optimal,0.0835882000028505,False,
7547,0.0,0,0.0,2055687.6084748674,optimal,0.17182789999787929,False,
7548,0.0,0,0.0,2026168.7125927554,optimal,0.08752389999426669,False,
7549,0.0,0,0.0,1981285.1520190102,optimal,0.08276530000148341,False,
7550,0.0,0,0.0,1934162.2795790425,optimal,0.08370680000371067,False,
7551,0.0,0,0.0,1890470.0454347322,optimal,0.15881629999785218,False,
7552,0.0,0,0.0,1817178.4760096462,optimal,0.08536569999705534,False,
7553,0.0,0,0.0,1716481.0341634324,optimal,0.07793609999498585,False,
7554,0.0,0,0.0,1609031.0863082397,optimal,0.08500649999768939,False,
7555,0.0,0,0.0,1516269.6743195537,optimal,0.1619381999989855,False,
7556,0.0,0,0.0,1402544.1615769966,optimal,0.0796321000016178,False,
7557,0.0,0,0.0,1289564.7788344373,optimal,0.07739179999771295,False,
7558,0.0,0,0.0,1204746.701483506,optimal,0.0898624999972526,False,
7559,0.0,0,0.0,1098546.8596718903,optimal,0.16946370000368915,False,
7560,0.0,0,0.0,992018.8877257325,optimal,0.081478000000061,False,
7561,0.0,0,0.0,909258.2064354237,optimal,0.15904760000557872,False,
7562,0.0,0,0.0,817555.049855738,optimal,0.08168860000296263,False,
7563,0.0,0,0.0,716696.9872308297,optimal,0.0815056999999797,False,
7564,0.0,0,0.0,634652.6008357896,optimal,0.16190679999999702,False,
7565,0.0,0,0.0,570579.707829385,optimal,0.08289800000056857,False,
7566,0.0,0,0.0,502522.98566324543,optimal,0.15641849999519764,False,
7567,0.0,0,0.0,446073.8993262426,optimal,0.08020820000092499,False,
7568,0.0,0,0.0,416999.8745199636,optimal,0.07998959999531507,False,
7569,0.0,0,0.0,397440.9243160325,optimal,0.08520100000168895,False,
7570,0.0,0,0.0,377434.6986753046,optimal,0.16028009999718051,False,
7571,0.0,0,0.0,361663.73093990225,optimal,0.08002519999718061,False,
7572,0.0,0,0.0,359662.0246155539,optimal,0.08155180000176188,False,
7573,0.0,0,0.0,360469.7840586107,optimal,0.16415219999908004,False,
7574,0.0,0,0.0,337753.2038840548,optimal,0.08329539999976987,False,
7575,0.0,0,0.0,317495.018842673,optimal,0.0782753999956185,False,
7576,0.0,0,0.0,300484.43119344447,optimal,0.15530900000158,False,
7577,0.0,0,0.0,292419.63025325397,optimal,0.15827259999787202,False,
7578,0.0,0,0.0,285094.5027359901,optimal,0.0820164000033401,False,
7579,0.0,0,0.0,272686.7495612553,optimal,0.0838861000011093,False,
7580,0.0,0,0.0,266600.67893610237,optimal,0.08034550000593299,False,
7581,0.0,0,0.0,237207.59447405834,optimal,0.07913379999808967,False,
7582,0.0,0,0.0,228691.20480204324,optimal,0.07674029999907361,False,
7583,0.0,0,0.0,241447.80991824163,optimal,0.16147949999867706,False,
7584,0.0,0,0.0,290604.1140307963,optimal,0.0810258999990765,False,
7585,0.0,0,0.0,307424.94021631475,optimal,0.15453529999649618,False,
7586,0.0,0,0.0,325787.0327405318,optimal,0.07874740000261227,False,
7587,0.0,0,0.0,347946.8493033885,optimal,0.09328349999850616,False,
7588,0.0,0,0.0,368513.6178594412,optimal,0.07584140000108164,False,
7589,0.0,0,0.0,406423.49763100484,optimal,0.07753909999883035,False,
7590,0.0,0,0.0,438178.145251826,optimal,0.1617645999940578,False,
7591,0.0,0,0.0,473215.36177112797,optimal,0.08273779999581166,False,
7592,0.0,0,0.0,517123.7687446167,optimal,0.17561839999689255,False,
7593,0.0,0,0.0,570867.1388204611,optimal,0.08396399999764981,False,
7594,0.0,0,0.0,629784.1292573012,optimal,0.09246020000136923,False,
7595,0.0,0,0.0,687293.3858492535,optimal,0.16999949999444652,False,
7596,0.0,0,0.0,740015.044006745,optimal,0.0998325999971712,False,
7597,0.0,0,0.0,798455.0252707831,optimal,0.08440069999778643,False,
7598,0.0,0,0.0,810630.9359610489,optimal,0.0851018999965163,False,
7599,0.0,0,0.0,850859.3903112719,optimal,0.08768579999741632,False,
7600,0.0,0,0.0,933419.6029694687,optimal,0.08296939999854658,False,
7601,0.0,0,0.0,1042483.539140143,optimal,0.1685840999998618,False,
7602,0.0,0,0.0,1178488.2248400366,optimal,0.0864992999995593,False,
7603,0.0,0,0.0,1318338.6933824003,optimal,0.08832940000138478,False,
7604,0.0,0,0.0,1450143.352771375,optimal,0.08373770000616787,False,
7605,0.0,0,0.0,1576170.4469358318,optimal,0.085358800002723,False,
7606,0.0,0,0.0,1698018.1197379974,optimal,0.08777260000351816,False,
7607,0.0,0,0.0,1816234.3872879008,optimal,0.08795330000430113,False,
7608,0.0,0,0.0,1929408.347836386,optimal,0.08690219999698456,False,
7609,0.0,0,0.0,2058803.5885139909,optimal,0.1710986000034609,False,
7610,0.0,0,0.0,2168132.1429472044,optimal,0.08150449999811826,False,
7611,0.0,0,0.0,2280439.3089850107,optimal,0.07906209999782732,False,
7612,0.0,0,0.0,2382077.908822981,optimal,0.08933300000353483,False,
7613,0.0,0,0.0,2538525.869253701,optimal,0.0890036000055261,False,
7614,0.0,0,0.0,2670718.8153472757,optimal,0.08681610000348883,False,
7615,0.0,0,0.0,2782425.5332753165,optimal,0.08549910000147065,False,
7616,0.0,0,0.0,2890872.9972954122,optimal,0.08190520000061952,False,
7617,0.0,0,0.0,2986295.005722066,optimal,0.08201959999860264,False,
7618,0.0,0,0.0,3105386.732002386,optimal,0.08927150000090478,False,
7619,0.0,0,0.0,3064188.7384023434,optimal,0.08847990000504069,False,
7620,0.0,0,0.0,3012484.3601065893,optimal,0.08876930000405991,False,
7621,0.0,0,0.0,3115271.1873959196,optimal,0.08434699999634176,False,
7622,0.0,0,0.0,3213132.0842513023,optimal,0.08899319999909494,False,
7623,0.0,0,0.0,3333617.9398073815,optimal,0.08771680000063498,False,
7624,0.0,0,0.0,3433235.6734249275,optimal,0.08261109999875771,False,
7625,0.0,0,0.0,3517594.1337447003,optimal,0.08496710000326857,False,
7626,0.0,0,0.0,3671159.143583738,optimal,0.08735069999966072,False,
7627,0.0,0,0.0,3851339.4436057713,optimal,0.08408990000316408,False,
7628,0.0,0,0.0,4008167.523315235,optimal,0.08596459999535,False,
7629,0.0,0,0.0,4142925.3769831723,optimal,0.08962569999857806,False,
7630,0.0,0,0.0,4214022.549789245,optimal,0.0844781999985571,False,
7631,0.0,0,0.0,4242803.071110712,optimal,0.0896604000008665,False,
7632,0.0,0,0.0,4286643.44266527,optimal,0.08943949999957113,False,
7633,0.0,0,0.0,4307899.463547271,optimal,0.08374420000473037,False,
7634,0.0,0,0.0,4258546.317078838,optimal,0.08428019999701064,False,
7635,0.0,0,0.0,4231905.384129641,optimal,0.08510790000582347,False,
7636,0.0,0,0.0,4247857.13346545,optimal,0.08405800000036834,False,
7637,0.0,0,0.0,4279567.727085553,optimal,0.08305129999644123,False,
7638,0.0,0,0.0,4317364.973783296,optimal,0.08482419999927515,False,
7639,0.0,0,0.0,4358177.561761878,optimal,0.08080560000234982,False,
7640,0.0,0,0.0,4423834.374676331,optimal,0.0836429000046337,False,
7641,0.0,0,0.0,4485405.599593506,optimal,0.08597910000389675,False,
7642,0.0,0,0.0,4563918.725073302,optimal,0.08569300000090152,False,
7643,0.0,0,0.0,4534396.573085406,optimal,0.08696570000029169,False,
7644,0.0,0,0.0,4482123.418223426,optimal,0.08420720000140136,False,
7645,0.0,0,0.0,4407022.496452585,optimal,0.08612599999469239,False,
7646,0.0,0,0.0,4324262.652117474,optimal,0.09288690000539646,False,
7647,0.0,0,0.0,4233508.132676091,optimal,0.0860190999956103,False,
7648,0.0,0,0.0,4152757.1034999182,optimal,0.08600400000432273,False,
7649,0.0,0,0.0,4035858.568636885,optimal,0.0851087999981246,False,
7650,0.0,0,0.0,3899644.487580112,optimal,0.082549899998412,False,
7651,0.0,0,0.0,3765355.043367847,optimal,0.08302160000312142,False,
7652,0.0,0,0.0,3644816.0677589355,optimal,0.08333349999884376,False,
7653,0.0,0,0.0,3527885.422210414,optimal,0.07998890000453684,False,
7654,0.0,0,0.0,3403457.274024082,optimal,0.08182010000018636,False,
7655,0.0,0,0.0,3298192.1550657637,optimal,0.07936730000074022,False,
7656,0.0,0,0.0,3241470.5623959294,optimal,0.07919089999631979,False,
7657,0.0,0,0.0,3203528.0160105433,optimal,0.07935490000090795,False,
7658,0.0,0,0.0,3155459.4040742996,optimal,0.07674779999797465,False,
7659,0.0,0,0.0,3118426.276023076,optimal,0.09040640000603162,False,
7660,0.0,0,0.0,2977604.860352067,optimal,0.09712269999727141,False,
7661,0.0,0,0.0,2861178.6957529634,optimal,0.09498810000513913,False,
7662,0.0,0,0.0,2817148.5888372837,optimal,0.08647490000294056,False,
7663,0.0,0,0.0,2772067.822463226,optimal,0.08604840000043623,False,
7664,0.0,0,0.0,2734986.2749464503,optimal,0.0823960000052466,False,
7665,0.0,0,0.0,2711747.7716390328,optimal,0.08802880000439472,False,
7666,0.0,0,0.0,2689554.3715795255,optimal,0.08248930000263499,False,
7667,0.0,0,0.0,2670843.5100406203,optimal,0.07900289999815868,False,
7668,0.0,0,0.0,2579807.0256558713,optimal,0.0803924000065308,False,
7669,0.0,0,0.0,2501263.6127454536,optimal,0.0771593000026769,False,
7670,0.0,0,0.0,2463150.6589307035,optimal,0.08279119999497198,False,
7671,0.0,0,0.0,2485724.143915245,optimal,0.08633610000106273,False,
7672,0.0,0,0.0,2486145.240703224,optimal,0.08287030000064988,False,
7673,0.0,0,0.0,2478428.819417279,optimal,0.08099589999619639,False,
7674,0.0,0,0.0,2431237.6605038494,optimal,0.08158679999905871,False,
7675,0.0,0,0.0,2402328.797632053,optimal,0.08622760000434937,False,
7676,0.0,0,0.0,2395238.6168424506,optimal,0.07846040000003995,False,
7677,0.0,0,0.0,2421959.863070873,optimal,0.08471039999858476,False,
7678,0.0,0,0.0,2580811.793195035,optimal,0.08514090000244323,False,
7679,0.0,0,0.0,2612750.797562734,optimal,0.08086850000108825,False,
7680,0.0,0,0.0,2738955.352869769,optimal,0.08889710000221385,False,
7681,0.0,0,0.0,2771684.9266525107,optimal,0.09070299999439158,False,
7682,0.0,0,0.0,2888561.6264402596,optimal,0.0863933000000543,False,
7683,0.0,0,0.0,2937511.9573889817,optimal,0.16183850000379607,False,
7684,0.0,0,0.0,3030870.6615457595,optimal,0.07683930000348482,False,
7685,0.0,0,0.0,3088400.1226729117,optimal,0.08280840000224998,False,
7686,0.0,0,0.0,3117605.850280567,optimal,0.1619009999994887,False,
7687,0.0,0,0.0,3116112.874475856,optimal,0.08252960000390885,False,
7688,0.0,0,0.0,3182191.037473015,optimal,0.0832047000003513,False,
7689,0.0,0,0.0,3282929.7728757104,optimal,0.08092510000278708,False,
7690,0.0,0,0.0,3386876.388649168,optimal,0.08768599999893922,False,
7691,0.0,0,0.0,3361312.242016358,optimal,0.15013870000257157,False,
7692,0.0,0,0.0,3296945.699497971,optimal,0.08470210000086809,False,
7693,0.0,0,0.0,3237498.9856452965,optimal,0.07995700000174111,False,
7694,0.0,0,0.0,3201727.090491646,optimal,0.16553030000068247,False,
7695,0.0,0,0.0,3179781.495373882,optimal,0.08118409999588039,False,
7696,0.0,0,0.0,3172448.3568372214,optimal,0.07638730000326177,False,
7697,0.0,0,0.0,3289297.392503768,optimal,0.07837129999825265,False,
7698,0.0,0,0.0,3368513.326201348,optimal,0.17206889999943087,False,
7699,0.0,0,0.0,3425021.138476299,optimal,0.08287320000090403,False,
7700,0.0,0,0.0,3460246.308691987,optimal,0.08314249999966705,False,
7701,0.0,0,0.0,3483073.2113301493,optimal,0.16844539999874542,False,
7702,0.0,0,0.0,3552306.965417413,optimal,0.08414970000012545,False,
7703,0.0,0,0.0,3669729.259991819,optimal,0.08935409999685362,False,
7704,0.0,0,0.0,3756508.1614815095,optimal,0.0829645999983768,False,
7705,0.0,0,0.0,3830353.324304345,optimal,0.16037990000040736,False,
7706,0.0,0,0.0,3854544.748404634,optimal,0.08257600000069942,False,
7707,0.0,0,0.0,3911619.593989606,optimal,0.1608124999984284,False,
7708,0.0,0,0.0,3966383.8333399324,optimal,0.07215820000419626,False,
7709,0.0,0,0.0,4016045.991255866,optimal,0.081571000002441,False,
7710,0.0,0,0.0,4065720.5360650877,optimal,0.08196750000206521,False,
7711,0.0,0,0.0,4123930.1364526385,optimal,0.17103679999854648,False,
7712,0.0,0,0.0,4189244.4792893175,optimal,0.07868800000142073,False,
7713,0.0,0,0.0,4260044.094854574,optimal,0.16151809999428224,False,
7714,0.0,0,0.0,4310309.363114409,optimal,0.0910444999972242,False,
7715,0.0,0,0.0,4295205.765802277,optimal,0.08853620000445517,False,
7716,0.0,0,0.0,4278681.877977197,optimal,0.08508469999651425,False,
7717,0.0,0,0.0,4240203.9927912075,optimal,0.1690969999981462,False,
7718,0.0,0,0.0,4206673.752298032,optimal,0.08926059999794234,False,
7719,0.0,0,0.0,4184388.071503658,optimal,0.08656020000489661,False,
7720,0.0,0,0.0,4164440.0941247004,optimal,0.1728761000049417,False,
7721,0.0,0,0.0,4220762.7534284415,optimal,0.09307679999619722,False,
7722,0.0,0,0.0,4299566.648267015,optimal,0.08722580000176094,False,
7723,0.0,0,0.0,4290100.847678432,optimal,0.15910380000423174,False,
7724,0.0,0,0.0,4203060.104097782,optimal,0.16051729999890085,False,
7725,0.0,0,0.0,4082300.2844241136,optimal,0.0877083000013954,False,
7726,0.0,0,0.0,3995060.607948232,optimal,0.08473819999926491,False,
7727,0.0,0,0.0,3911299.436898534,optimal,0.08241589999670396,False,
7728,0.0,0,0.0,3825324.671486719,optimal,0.0821395000020857,False,
7729,0.0,0,0.0,3737294.425595797,optimal,0.16654879999987315,False,
7730,0.0,0,0.0,3644520.763214618,optimal,0.07907690000138246,False,
7731,0.0,0,0.0,3549217.278705308,optimal,0.0776624999998603,False,
7732,0.0,0,0.0,3453755.6803129897,optimal,0.17040090000227792,False,
7733,0.0,0,0.0,3404519.918522194,optimal,0.07890530000440776,False,
7734,0.0,0,0.0,3345523.723084774,optimal,0.07971589999942807,False,
7735,0.0,0,0.0,3272834.4224562803,optimal,0.08264690000214614,False,
7736,0.0,0,0.0,3245502.147569951,optimal,0.08747289999882923,False,
7737,0.0,0,0.0,3206055.305401771,optimal,0.16566189999866765,False,
7738,0.0,0,0.0,3193706.116933898,optimal,0.08419799999683164,False,
7739,0.0,0,0.0,3181455.585222431,optimal,0.17027730000700103,False,
7740,0.0,0,0.0,3114774.832514836,optimal,0.08881269999983488,False,
7741,0.0,0,0.0,3094726.5309153413,optimal,0.09454839999671094,False,
7742,0.0,0,0.0,3112868.8715929883,optimal,0.1640142000032938,False,
7743,0.0,0,0.0,3134720.608075992,optimal,0.07802580000134185,False,
7744,0.0,0,0.0,3147321.7565330453,optimal,0.08435889999964274,False,
7745,0.0,0,0.0,3100068.6908844328,optimal,0.08346590000292053,False,
7746,0.0,0,0.0,2988309.949761459,optimal,0.07791809999616817,False,
7747,0.0,0,0.0,2940359.830684043,optimal,0.08891929999663262,False,
7748,0.0,0,0.0,2876751.464546864,optimal,0.15907639999932144,False,
7749,0.0,0,0.0,2843590.3150060493,optimal,0.08294960000057472,False,
7750,0.0,0,0.0,2774308.355932393,optimal,0.08711420000327053,False,
7751,0.0,0,0.0,2696655.7066149293,optimal,0.0825496999968891,False,
7752,0.0,0,0.0,2611047.657318626,optimal,0.08685250000417,False,
7753,0.0,0,0.0,2501638.637747702,optimal,0.0790052000011201,False,
7754,0.0,0,0.0,2446385.237092361,optimal,0.08103809999738587,False,
7755,0.0,0,0.0,2369723.3519163774,optimal,0.16424139999435283,False,
7756,0.0,0,0.0,2283769.058887645,optimal,0.08156279999820981,False,
7757,0.0,0,0.0,2205190.736825537,optimal,0.07577400000445778,False,
7758,0.0,0,0.0,2105372.664929562,optimal,0.08747459999722196,False,
7759,0.0,0,0.0,2007890.8449116554,optimal,0.08227810000244062,False,
7760,0.0,0,0.0,1905187.6165435142,optimal,0.08298080000531627,False,
7761,0.0,0,0.0,1793100.9772252191,optimal,0.08515049999550683,False,
7762,0.0,0,0.0,1696971.6848685388,optimal,0.0885097999998834,False,
7763,0.0,0,0.0,1605315.989644085,optimal,0.08764800000062678,False,
7764,0.0,0,0.0,1520680.5569152613,optimal,0.08534299999882933,False,
7765,0.0,0,0.0,1430654.0188602398,optimal,0.08417520000512013,False,
7766,0.0,0,0.0,1378100.9368445224,optimal,0.08839220000663772,False,
7767,0.0,0,0.0,1348483.7947733158,optimal,0.08134489999793004,False,
7768,0.0,0,0.0,1331724.0824591168,optimal,0.08679879999544937,False,
7769,0.0,0,0.0,1346961.448028783,optimal,0.0798990999974194,False,
7770,0.0,0,0.0,1356995.0867261118,optimal,0.07955309999670135,False,
7771,0.0,0,0.0,1395291.137344012,optimal,0.08071879999624798,False,
7772,0.0,0,0.0,1435758.243318204,optimal,0.08334599999943748,False,
7773,0.0,0,0.0,1459800.5492721782,optimal,0.07598809999763034,False,
7774,0.0,0,0.0,1483381.1734184176,optimal,0.07555829999910202,False,
7775,0.0,0,0.0,1511491.7947185803,optimal,0.07950919999711914,False,
7776,0.0,0,0.0,1538745.17471858,optimal,0.07517009999719448,False,
7777,0.0,0,0.0,1562604.2068675852,optimal,0.07679030000144849,False,
7778,0.0,0,0.0,1573280.1926957618,optimal,0.08188449999579461,False,
7779,0.0,0,0.0,1580306.027476226,optimal,0.08330549999664072,False,
7780,0.0,0,0.0,1591903.5099836742,optimal,0.08829890000197338,False,
7781,0.0,0,0.0,1605518.7080307372,optimal,0.08254799999849638,False,
7782,0.0,0,0.0,1616873.0622233609,optimal,0.08445329999813111,False,
7783,0.0,0,0.0,1626808.3722233612,optimal,0.08082950000243727,False,
7784,0.0,0,0.0,1575969.9433513614,optimal,0.08284099999582395,False,
7785,0.0,0,0.0,1524477.0144793617,optimal,0.08569789999455679,False,
7786,0.0,0,0.0,1483022.6437306257,optimal,0.08047150000493275,False,
7787,0.0,0,0.0,1449221.4721668202,optimal,0.0793751000019256,False,
7788,0.0,0,0.0,1372961.9643035792,optimal,0.08106889999908162,False,
7789,0.0,0,0.0,1328907.3079691497,optimal,0.08528200000000652,False,
7790,0.0,0,0.0,1228267.7139289936,optimal,0.07865310000488535,False,
7791,0.0,0,0.0,1136775.422091194,optimal,0.0808102000009967,False,
7792,0.0,0,0.0,1090767.6303091522,optimal,0.07757639999908861,False,
7793,0.0,0,0.0,1074128.427106596,optimal,0.07845129999623168,False,
7794,0.0,0,0.0,1034309.8173571876,optimal,0.08117479999782518,False,
7795,0.0,0,0.0,976968.3165030327,optimal,0.07899600000382634,False,
7796,0.0,0,0.0,898906.5590341114,optimal,0.08264649999910034,False,
7797,0.0,0,0.0,849692.2606177361,optimal,0.08311800000228686,False,
7798,0.0,0,0.0,826313.3408047269,optimal,0.07935549999820068,False,
7799,0.0,0,0.0,798607.3746112167,optimal,0.08168499999737833,False,
7800,0.0,0,0.0,775253.5967160558,optimal,0.0823101999994833,False,
7801,0.0,0,0.0,728294.2981663268,optimal,0.08138709999911953,False,
7802,0.0,0,0.0,700703.8685535111,optimal,0.08162319999973988,False,
7803,0.0,0,0.0,663955.8101536329,optimal,0.080512100001215,False,
7804,0.0,0,0.0,631465.3037383339,optimal,0.076748100000259,False,
7805,0.0,0,0.0,597101.2762775747,optimal,0.07877359999838518,False,
7806,0.0,0,0.0,577802.8632456829,optimal,0.0798367999959737,False,
7807,0.0,0,0.0,551519.2901619887,optimal,0.08134149999386864,False,
7808,0.0,0,0.0,529166.9416128492,optimal,0.07968370000162395,False,
7809,0.0,0,0.0,508322.61740098597,optimal,0.17184899999847403,False,
7810,0.0,0,0.0,489623.05407152156,optimal,0.08039139999891631,False,
7811,0.0,0,0.0,470914.2421282943,optimal,0.07817539999814471,False,
7812,0.0,0,0.0,442218.9243356453,optimal,0.0872358999986318,False,
7813,0.0,0,0.0,396141.3052569877,optimal,0.15071329999773297,False,
7814,0.0,0,0.0,341284.9755040337,optimal,0.08348970000224654,False,
7815,0.0,0,0.0,312367.99129905045,optimal,0.08183789999748114,False,
7816,0.0,0,0.0,278819.0100302449,optimal,0.15870670000003884,False,
7817,0.0,0,0.0,242043.65386058527,optimal,0.08341569999902276,False,
7818,0.0,0,0.0,198645.35463009603,optimal,0.08809210000617895,False,
7819,0.0,0,0.0,145198.8102380092,optimal,0.07874389999778941,False,
7820,0.0,0,0.0,79042.96151761914,optimal,0.1594658999965759,False,
7821,0.0,0,0.0,16440.76095180704,optimal,0.08987570000317646,False,
7822,0.0,0,0.0,0.0,optimal,0.09103580000373768,False,
7823,0.0,0,0.0,0.0,optimal,0.09359419999964302,False,
7824,0.0,0,0.0,0.0,optimal,0.1657915000032517,False,
7825,0.0,0,0.0,0.0,optimal,0.0872596000044723,False,
7826,0.0,0,0.0,0.0,optimal,0.08074539999506669,False,
7827,0.0,0,0.0,0.0,optimal,0.16855260000011185,False,
7828,0.0,0,0.0,0.0,optimal,0.08704209999996237,False,
7829,0.0,0,0.0,0.0,optimal,0.09299969999847235,False,
7830,0.0,0,0.0,0.0,optimal,0.08593259999906877,False,
7831,0.0,0,0.0,0.0,optimal,0.17029829999955837,False,
7832,0.0,0,0.0,0.0,optimal,0.1660150000025169,False,
7833,0.0,0,0.0,0.0,optimal,0.0888323000035598,False,
7834,0.0,0,0.0,0.0,optimal,0.0844991999983904,False,
7835,0.0,0,0.0,0.0,optimal,0.08428160000039497,False,
7836,0.0,0,0.0,0.0,optimal,0.08418820000224514,False,
7837,0.0,0,0.0,0.0,optimal,0.16089759999886155,False,
7838,0.0,0,0.0,0.0,optimal,0.08049639999808278,False,
7839,0.0,0,0.0,0.0,optimal,0.16540919999533799,False,
7840,0.0,0,0.0,0.0,optimal,0.08307500000228174,False,
7841,0.0,0,0.0,0.0,optimal,0.08381989999907091,False,
7842,0.0,0,0.0,0.0,optimal,0.16200479999679374,False,
7843,0.0,0,0.0,0.0,optimal,0.08236700000270503,False,
7844,0.0,0,0.0,46495.665693772724,optimal,0.08111659999849508,False,
7845,0.0,0,0.0,99775.62453601223,optimal,0.08161749999999302,False,
7846,0.0,0,0.0,136040.63565041707,optimal,0.17255760000261944,False,
7847,0.0,0,0.0,162656.18989386698,optimal,0.08366479999676812,False,
7848,0.0,0,0.0,163287.6407220082,optimal,0.08320110000204295,False,
7849,0.0,0,0.0,159028.82214146815,optimal,0.17019089999666903,False,
7850,0.0,0,0.0,158673.5421174934,optimal,0.16226129999995464,False,
7851,0.0,0,0.0,159161.4180928288,optimal,0.08462129999679746,False,
7852,0.0,0,0.0,174772.96616578224,optimal,0.08821399999578716,False,
7853,0.0,0,0.0,197281.56100257966,optimal,0.08510490000480786,False,
7854,0.0,0,0.0,222040.69347476354,optimal,0.08664320000389125,False,
7855,0.0,0,0.0,250116.05082782754,optimal,0.16969600000447826,False,
7856,0.0,0,0.0,249095.05216272542,optimal,0.08416429999488173,False,
7857,0.0,0,0.0,249909.90906265628,optimal,0.08583599999838043,False,
7858,0.0,0,0.0,252057.53222402756,optimal,0.16956999999820255,False,
7859,0.0,0,0.0,256368.86542514348,optimal,0.08790379999845754,False,
7860,0.0,0,0.0,255266.4967825704,optimal,0.08919520000199554,False,
7861,0.0,0,0.0,261753.4134882439,optimal,0.08544930000061868,False,
7862,0.0,0,0.0,263482.5982451919,optimal,0.0843483999997261,False,
7863,0.0,0,0.0,265680.6853505566,optimal,0.08087259999592789,False,
7864,0.0,0,0.0,290953.8095139986,optimal,0.1631508999998914,False,
7865,0.0,0,0.0,321363.97081690456,optimal,0.15818939999735449,False,
7866,0.0,0,0.0,350754.70419052505,optimal,0.08857890000217594,False,
7867,0.0,0,0.0,403143.7400494533,optimal,0.08283650000521448,False,
7868,0.0,0,0.0,473828.86266924546,optimal,0.15932419999444392,False,
7869,0.0,0,0.0,582580.0555881759,optimal,0.08473159999994095,False,
7870,0.0,0,0.0,690005.4828407185,optimal,0.08176359999924898,False,
7871,0.0,0,0.0,821698.895802137,optimal,0.0846499000035692,False,
7872,0.0,0,0.0,922612.9081162689,optimal,0.08512479999626521,False,
7873,0.0,0,0.0,925747.4096688329,optimal,0.16067979999934323,False,
7874,0.0,0,0.0,932209.6673494796,optimal,0.08617599999706727,False,
7875,0.0,0,0.0,958087.2131671943,optimal,0.08414579999953276,False,
7876,0.0,0,0.0,994846.3236516934,optimal,0.08347949999733828,False,
7877,0.0,0,0.0,1031155.180663311,optimal,0.08388289999857079,False,
7878,0.0,0,0.0,1137663.9549635665,optimal,0.0870543999990332,False,
7879,0.0,0,0.0,1166249.643026803,optimal,0.07949029999872437,False,
7880,0.0,0,0.0,1141929.076293685,optimal,0.08157029999711085,False,
7881,0.0,0,0.0,1093878.948640141,optimal,0.16162890000123298,False,
7882,0.0,0,0.0,1063059.8679662314,optimal,0.08114390000264393,False,
7883,0.0,0,0.0,1017412.1127714746,optimal,0.08949920000304701,False,
7884,0.0,0,0.0,975910.1459134805,optimal,0.08547549999639159,False,
7885,0.0,0,0.0,924651.3710206468,optimal,0.08959450000111246,False,
7886,0.0,0,0.0,871441.0309858419,optimal,0.08214730000327108,False,
7887,0.0,0,0.0,820128.4192535785,optimal,0.0864889000004041,False,
7888,0.0,0,0.0,813740.9577243689,optimal,0.09584849999373546,False,
7889,0.0,0,0.0,785863.5943598227,optimal,0.09624810000241268,False,
7890,0.0,0,0.0,759080.2130653373,optimal,0.08854499999870313,False,
7891,0.0,0,0.0,722374.2818219907,optimal,0.08370509999804199,False,
7892,0.0,0,0.0,691668.2729499912,optimal,0.09093020000000251,False,
7893,0.0,0,0.0,691464.082409056,optimal,0.0820194999978412,False,
7894,0.0,0,0.0,684240.6554171296,optimal,0.08089279999694554,False,
7895,0.0,0,0.0,701794.1041772247,optimal,0.08284370000183117,False,
7896,0.0,0,0.0,747423.9206508736,optimal,0.09105429999908665,False,
7897,0.0,0,0.0,773858.9261188256,optimal,0.09673099999781698,False,
7898,0.0,0,0.0,769447.0923579187,optimal,0.08907250000629574,False,
7899,0.0,0,0.0,768822.9114494798,optimal,0.08861099999921862,False,
7900,0.0,0,0.0,773015.2737030598,optimal,0.09010529999795835,False,
7901,0.0,0,0.0,786950.6279762719,optimal,0.089129399995727,False,
7902,0.0,0,0.0,789886.5959412967,optimal,0.0800673000048846,False,
7903,0.0,0,0.0,807564.491305836,optimal,0.08001170000352431,False,
7904,0.0,0,0.0,867484.8835977016,optimal,0.07959329999721376,False,
7905,0.0,0,0.0,929972.57327942,optimal,0.0804089999946882,False,
7906,0.0,0,0.0,993161.3706845597,optimal,0.08276470000419067,False,
7907,0.0,0,0.0,1076472.913190806,optimal,0.08064450000529177,False,
7908,0.0,0,0.0,1131182.965416858,optimal,0.08318259999941802,False,
7909,0.0,0,0.0,1168989.7388456732,optimal,0.07991439999750583,False,
7910,0.0,0,0.0,1193151.351781373,optimal,0.0802652999991551,False,
7911,0.0,0,0.0,1231500.115965308,optimal,0.07991729999775998,False,
7912,0.0,0,0.0,1225582.366345871,optimal,0.08661739999661222,False,
7913,0.0,0,0.0,1204359.897401618,optimal,0.07820779999747174,False,
7914,0.0,0,0.0,1181131.1029304892,optimal,0.0792275999992853,False,
7915,0.0,0,0.0,1131496.4311535915,optimal,0.07900470000458881,False,
7916,0.0,0,0.0,1074024.0854795128,optimal,0.0814126999975997,False,
7917,0.0,0,0.0,993929.1892255989,optimal,0.08983400000579422,False,
7918,0.0,0,0.0,945879.029432166,optimal,0.09031279999908293,False,
7919,0.0,0,0.0,835289.1462799357,optimal,0.08429249999608146,False,
7920,0.0,0,0.0,865575.4053684054,optimal,0.0893692999961786,False,
7921,0.0,0,0.0,901299.7697160402,optimal,0.08963059999950929,False,
7922,0.0,0,0.0,866763.4068371514,optimal,0.08989129999827128,False,
7923,0.0,0,0.0,825502.4903703541,optimal,0.09386099999392172,False,
7924,0.0,0,0.0,782995.5645858647,optimal,0.10343200000352226,False,
7925,0.0,0,0.0,690783.0244622196,optimal,0.08860290000302484,False,
7926,0.0,0,0.0,634091.7026224416,optimal,0.10020870000153081,False,
7927,0.0,0,0.0,606444.691392795,optimal,0.09001220000209287,False,
7928,0.0,0,0.0,588855.6542662903,optimal,0.0813650000054622,False,
7929,0.0,0,0.0,570581.8241313354,optimal,0.08436150000488851,False,
7930,0.0,0,0.0,556679.4228296932,optimal,0.0846836999990046,False,
7931,0.0,0,0.0,548118.5690706555,optimal,0.08740190000389703,False,
7932,0.0,0,0.0,555946.0512729504,optimal,0.08506710000074236,False,
7933,0.0,0,0.0,581379.2144570615,optimal,0.08379380000405945,False,
7934,0.0,0,0.0,621214.9932918599,optimal,0.0871744000032777,False,
7935,0.0,0,0.0,606905.4066699292,optimal,0.08464689999527764,False,
7936,0.0,0,0.0,608036.9894620271,optimal,0.09878659999958472,False,
7937,0.0,0,0.0,620115.6233982795,optimal,0.086101900000358,False,
7938,0.0,0,0.0,603931.6547672005,optimal,0.08593160000600619,False,
7939,0.0,0,0.0,599085.2496462305,optimal,0.08217240000521997,False,
7940,0.0,0,0.0,593673.7945252616,optimal,0.08950280000135535,False,
7941,0.0,0,0.0,626671.184650316,optimal,0.08998370000335854,False,
7942,0.0,0,0.0,618211.2857523242,optimal,0.08739899999636691,False,
7943,0.0,0,0.0,601287.8489585783,optimal,0.0907634000031976,False,
7944,0.0,0,0.0,587264.650103684,optimal,0.08636939999996684,False,
7945,0.0,0,0.0,589843.6729352968,optimal,0.08273239999834914,False,
7946,0.0,0,0.0,555518.2097877931,optimal,0.08720929999981308,False,
7947,0.0,0,0.0,533945.1792460458,optimal,0.08998759999667527,False,
7948,0.0,0,0.0,519116.95936546416,optimal,0.09200560000317637,False,
7949,0.0,0,0.0,531220.0531750165,optimal,0.09675050000078045,False,
7950,0.0,0,0.0,541200.8864324844,optimal,0.09490250000089873,False,
7951,0.0,0,0.0,478878.89121408743,optimal,0.08270530000299914,False,
7952,0.0,0,0.0,432091.48292208713,optimal,0.08536880000610836,False,
7953,0.0,0,0.0,375196.89320502727,optimal,0.07922599999437807,False,
7954,0.0,0,0.0,327463.85759866895,optimal,0.0772237999990466,False,
7955,0.0,0,0.0,281797.9487717863,optimal,0.17090749999624677,False,
7956,0.0,0,0.0,251979.3680205936,optimal,0.08908389999851352,False,
7957,0.0,0,0.0,217822.9920669749,optimal,0.07862559999921359,False,
7958,0.0,0,0.0,198343.71366871067,optimal,0.08107700000255136,False,
7959,0.0,0,0.0,183288.6145988007,optimal,0.08231089999753749,False,
7960,0.0,0,0.0,184115.13035439633,optimal,0.0905720000009751,False,
7961,0.0,0,0.0,228962.57872887954,optimal,0.17786319999868283,False,
7962,0.0,0,0.0,274523.30585442006,optimal,0.08185100000264356,False,
7963,0.0,0,0.0,300023.57359224354,optimal,0.08856139999988955,False,
7964,0.0,0,0.0,371859.67799608415,optimal,0.17952810000133468,False,
7965,0.0,0,0.0,435234.558086933,optimal,0.09282040000107372,False,
7966,0.0,0,0.0,502647.0240370819,optimal,0.09274420000292594,False,
7967,0.0,0,0.0,575522.3594530823,optimal,0.0978839000017615,False,
7968,0.0,0,0.0,607355.7716631782,optimal,0.16692789999797242,False,
7969,0.0,0,0.0,651438.8832427907,optimal,0.08041859999502776,False,
7970,0.0,0,0.0,746032.2312053317,optimal,0.16648970000096597,False,
7971,0.0,0,0.0,808537.7486154129,optimal,0.07923940000182483,False,
7972,0.0,0,0.0,924528.9017629431,optimal,0.0873390000051586,False,
7973,0.0,0,0.0,1020578.743659755,optimal,0.08721260000311304,False,
7974,0.0,0,0.0,1105413.3270568273,optimal,0.17649759999767412,False,
7975,0.0,0,0.0,1216727.922901188,optimal,0.08607949999714037,False,
7976,0.0,0,0.0,1298481.3290279636,optimal,0.08273000000190223,False,
7977,0.0,0,0.0,1387694.342295595,optimal,0.08420180000393884,False,
7978,0.0,0,0.0,1475256.1642556181,optimal,0.1766182999999728,False,
7979,0.0,0,0.0,1544866.6549220236,optimal,0.09273200000461657,False,
7980,0.0,0,0.0,1592893.0601702293,optimal,0.18064920000324491,False,
7981,0.0,0,0.0,1604612.140843578,optimal,0.0850438999987091,False,
7982,0.0,0,0.0,1609327.692081155,optimal,0.08480460000282619,False,
7983,0.0,0,0.0,1671639.0222540128,optimal,0.16881930000090506,False,
7984,0.0,0,0.0,1732284.6277920373,optimal,0.08300949999829754,False,
7985,0.0,0,0.0,1794481.1737690147,optimal,0.08330430000205524,False,
7986,0.0,0,0.0,1914277.6712417726,optimal,0.19264560000010533,False,
7987,0.0,0,0.0,2039717.5172249463,optimal,0.08944719999999506,False,
7988,0.0,0,0.0,2168008.974994473,optimal,0.0887354000005871,False,
7989,0.0,0,0.0,2214104.012822643,optimal,0.17803830000048038,False,
7990,0.0,0,0.0,2261060.731321545,optimal,0.08146689999557566,False,
7991,0.0,0,0.0,2314550.326064214,optimal,0.08779499999945983,False,
7992,0.0,0,0.0,2323076.651090607,optimal,0.08581350000167731,False,
7993,0.0,0,0.0,2328366.6561369007,optimal,0.09012849999999162,False,
7994,0.0,0,0.0,2396603.281904103,optimal,0.1849757000018144,False,
7995,0.0,0,0.0,2438132.3191416734,optimal,0.0972366999994847,False,
7996,0.0,0,0.0,2493710.3081251597,optimal,0.18048039999848697,False,
7997,0.0,0,0.0,2513996.5896888683,optimal,0.173007499994128,False,
7998,0.0,0,0.0,2547167.8871739064,optimal,0.08982199999445584,False,
7999,0.0,0,0.0,2563033.0504073566,optimal,0.0908073999962653,False,
8000,0.0,0,0.0,2592056.868928787,optimal,0.0877526999975089,False,
8001,0.0,0,0.0,2627686.4169324115,optimal,0.0867392000000109,False,
8002,0.0,0,0.0,2684282.654090971,optimal,0.17097360000479966,False,
8003,0.0,0,0.0,2731830.934324789,optimal,0.08831070000451291,False,
8004,0.0,0,0.0,2820213.6911168536,optimal,0.08515199999965262,False,
8005,0.0,0,0.0,2827739.4558819626,optimal,0.17687950000254204,False,
8006,0.0,0,0.0,2898919.595779459,optimal,0.08571389999997336,False,
8007,0.0,0,0.0,2996828.5558216027,optimal,0.08494929999869782,False,
8008,0.0,0,0.0,3034904.616564485,optimal,0.08609629999409663,False,
8009,0.0,0,0.0,3197408.9347788407,optimal,0.1680564000052982,False,
8010,0.0,0,0.0,3295414.963064103,optimal,0.08460430000559427,False,
8011,0.0,0,0.0,3295303.201965182,optimal,0.08661809999466641,False,
8012,0.0,0,0.0,3226452.4195289253,optimal,0.19341740000527352,False,
8013,0.0,0,0.0,3397737.2792423777,optimal,0.08720539999922039,False,
8014,0.0,0,0.0,3318731.1625143606,optimal,0.09001219999481691,False,
8015,0.0,0,0.0,3350051.371487276,optimal,0.1839405999999144,False,
8016,0.0,0,0.0,3379881.9262068877,optimal,0.09070059999794466,False,
8017,0.0,0,0.0,3285733.798483491,optimal,0.08940559999609832,False,
8018,0.0,0,0.0,3190840.079790999,optimal,0.08763130000443198,False,
8019,0.0,0,0.0,3101921.451256115,optimal,0.0800128000046243,False,
8020,0.0,0,0.0,3001957.7351257754,optimal,0.16868000000249594,False,
8021,0.0,0,0.0,2901142.3380910973,optimal,0.0860647000008612,False,
8022,0.0,0,0.0,2792831.1851396766,optimal,0.08717780000006314,False,
8023,0.0,0,0.0,2762414.7037060903,optimal,0.0850231000003987,False,
8024,0.0,0,0.0,2728010.1679044296,optimal,0.0903933000008692,False,
8025,0.0,0,0.0,2701972.0314724147,optimal,0.08514659999491414,False,
8026,0.0,0,0.0,2695938.128471935,optimal,0.08319899999332847,False,
8027,0.0,0,0.0,2705537.068436091,optimal,0.08296200000040699,False,
8028,0.0,0,0.0,2716785.6940056556,optimal,0.17427389999647858,False,
8029,0.0,0,0.0,2701146.8228392657,optimal,0.08423699999548262,False,
8030,0.0,0,0.0,2676777.1560921003,optimal,0.08460889999696519,False,
8031,0.0,0,0.0,2668380.6705228877,optimal,0.08496379999996861,False,
8032,0.0,0,0.0,2651775.0759192402,optimal,0.08390119999967283,False,
8033,0.0,0,0.0,2560270.6793357697,optimal,0.08502199999929871,False,
8034,0.0,0,0.0,2486690.8643622706,optimal,0.08283189999929164,False,
8035,0.0,0,0.0,2436396.147732046,optimal,0.08682899999985239,False,
8036,0.0,0,0.0,2446429.224033033,optimal,0.0845086999979685,False,
8037,0.0,0,0.0,2460128.243540537,optimal,0.08918130000529345,False,
8038,0.0,0,0.0,2495284.088707588,optimal,0.08456350000051316,False,
8039,0.0,0,0.0,2518805.913051941,optimal,0.0858079000026919,False,
8040,0.0,0,0.0,2538699.7174472883,optimal,0.08571829999709735,False,
8041,0.0,0,0.0,2479895.108992505,optimal,0.08676549999654526,False,
8042,0.0,0,0.0,2457552.6476268456,optimal,0.08626050000020768,False,
8043,0.0,0,0.0,2416026.2279831073,optimal,0.09379590000025928,False,
8044,0.0,0,0.0,2402052.7069067936,optimal,0.08525949999602744,False,
8045,0.0,0,0.0,2392010.0180410827,optimal,0.08683569999993779,False,
8046,0.0,0,0.0,2370699.979029983,optimal,0.08556650000537047,False,
8047,0.0,0,0.0,2364445.5950325276,optimal,0.08426790000521578,False,
8048,0.0,0,0.0,2361250.0147817074,optimal,0.08779620000132127,False,
8049,0.0,0,0.0,2356878.997844226,optimal,0.08712109999760287,False,
8050,0.0,0,0.0,2374031.061706733,optimal,0.09135390000301413,False,
8051,0.0,0,0.0,2369172.385931607,optimal,0.08418800000072224,False,
8052,0.0,0,0.0,2365297.4400424687,optimal,0.09232820000033826,False,
8053,0.0,0,0.0,2409431.600816248,optimal,0.09190789999411209,False,
8054,0.0,0,0.0,2346821.635006508,optimal,0.08960920000390615,False,
8055,0.0,0,0.0,2294125.4443996255,optimal,0.08649069999955827,False,
8056,0.0,0,0.0,2264227.021234257,optimal,0.09188130000256933,False,
8057,0.0,0,0.0,2202305.7350638607,optimal,0.0905438999980106,False,
8058,0.0,0,0.0,2169790.8918246184,optimal,0.08758249999664258,False,
8059,0.0,0,0.0,2183345.2372344383,optimal,0.08576890000404092,False,
8060,0.0,0,0.0,2183916.431318925,optimal,0.08566830000199843,False,
8061,0.0,0,0.0,2169876.7820535284,optimal,0.08211299999675248,False,
8062,0.0,0,0.0,2130574.8779405085,optimal,0.082827800004452,False,
8063,0.0,0,0.0,2147087.4137159223,optimal,0.08200619999843184,False,
8064,0.0,0,0.0,2105283.200032237,optimal,0.08444360000430606,False,
8065,0.0,0,0.0,2116127.61349764,optimal,0.08404790000349749,False,
8066,0.0,0,0.0,2127401.5152231706,optimal,0.08146970000234433,False,
8067,0.0,0,0.0,2078367.3846478579,optimal,0.08348429999750806,False,
8068,0.0,0,0.0,2027596.520674098,optimal,0.08258130000467645,False,
8069,0.0,0,0.0,1985055.5423158552,optimal,0.0852415999979712,False,
8070,0.0,0,0.0,1977139.4823766341,optimal,0.08040040000196313,False,
8071,0.0,0,0.0,1933646.2178920095,optimal,0.08336039999994682,False,
8072,0.0,0,0.0,1940707.1533493635,optimal,0.08437590000539785,False,
8073,0.0,0,0.0,1953507.2019140082,optimal,0.08274140000139596,False,
8074,0.0,0,0.0,1967363.6480937277,optimal,0.08378309999534395,False,
8075,0.0,0,0.0,1982414.4758120638,optimal,0.08445410000422271,False,
8076,0.0,0,0.0,1959983.279291323,optimal,0.082995500000834,False,
8077,0.0,0,0.0,1930410.7511426485,optimal,0.08073529999819584,False,
8078,0.0,0,0.0,1913134.4372140958,optimal,0.08291499999904772,False,
8079,0.0,0,0.0,1955409.2861277424,optimal,0.08241650000127265,False,
8080,0.0,0,0.0,1942933.7669766082,optimal,0.15993380000145407,False,
8081,0.0,0,0.0,1934927.3387757652,optimal,0.0887670000010985,False,
8082,0.0,0,0.0,1926998.5372680046,optimal,0.08481810000375845,False,
8083,0.0,0,0.0,1925348.2530116665,optimal,0.08494610000343528,False,
8084,0.0,0,0.0,1915101.2239708132,optimal,0.08512350000091828,False,
8085,0.0,0,0.0,1923783.133772174,optimal,0.07866210000065621,False,
8086,0.0,0,0.0,1933901.1862427797,optimal,0.08014410000032512,False,
8087,0.0,0,0.0,1955643.210218359,optimal,0.16400830000202404,False,
8088,0.0,0,0.0,1977763.2604409778,optimal,0.08335449999867706,False,
8089,0.0,0,0.0,2003833.3175090728,optimal,0.07711139999446459,False,
8090,0.0,0,0.0,1996026.5639717882,optimal,0.1609567999985302,False,
8091,0.0,0,0.0,1981850.9373221179,optimal,0.09310140000161482,False,
8092,0.0,0,0.0,1937934.1659217612,optimal,0.08998560000327416,False,
8093,0.0,0,0.0,1890636.0085092236,optimal,0.1610884999972768,False,
8094,0.0,0,0.0,1845432.7897384567,optimal,0.0873929000008502,False,
8095,0.0,0,0.0,1795142.528319891,optimal,0.08351720000064233,False,
8096,0.0,0,0.0,1756216.3577601896,optimal,0.08365500000218162,False,
8097,0.0,0,0.0,1749889.7701013386,optimal,0.1686282000009669,False,
8098,0.0,0,0.0,1737157.8823211004,optimal,0.08375530000193976,False,
8099,0.0,0,0.0,1827859.1882751412,optimal,0.0826454999987618,False,
8100,0.0,0,0.0,1881237.8577499974,optimal,0.17129130000103032,False,
8101,0.0,0,0.0,1931482.5620196399,optimal,0.0807316999998875,False,
8102,0.0,0,0.0,2011660.3217377607,optimal,0.07977639999444364,False,
8103,0.0,0,0.0,2099386.689968,optimal,0.07549499999731779,False,
8104,0.0,0,0.0,2239722.909507269,optimal,0.08014370000455528,False,
8105,0.0,0,0.0,2368097.132603758,optimal,0.16826749999745516,False,
8106,0.0,0,0.0,2435600.028010485,optimal,0.16663790000166046,False,
8107,0.0,0,0.0,2536165.3313817396,optimal,0.08316679999552434,False,
8108,0.0,0,0.0,2631828.520495315,optimal,0.08455189999949653,False,
8109,0.0,0,0.0,2729571.2870573536,optimal,0.16254009999829577,False,
8110,0.0,0,0.0,2855783.0077385497,optimal,0.08416849999775877,False,
8111,0.0,0,0.0,2945775.617835871,optimal,0.08348860000114655,False,
8112,0.0,0,0.0,3015068.2063657045,optimal,0.16483610000432236,False,
8113,0.0,0,0.0,3000594.138371695,optimal,0.0864164999948116,False,
8114,0.0,0,0.0,2974765.9958840506,optimal,0.07646840000234079,False,
8115,0.0,0,0.0,2996019.6397809177,optimal,0.0856320999955642,False,
8116,0.0,0,0.0,3028099.4288719343,optimal,0.16310680000606226,False,
8117,0.0,0,0.0,3060052.5265856283,optimal,0.08501009999599773,False,
8118,0.0,0,0.0,3101766.037608265,optimal,0.16092300000309478,False,
8119,0.0,0,0.0,3137813.180675297,optimal,0.08774389999598498,False,
8120,0.0,0,0.0,3219544.869537796,optimal,0.08196200000384124,False,
8121,0.0,0,0.0,3320308.7128522275,optimal,0.0830472000016016,False,
8122,0.0,0,0.0,3415898.8832346937,optimal,0.16375229999539442,False,
8123,0.0,0,0.0,3525898.437785739,optimal,0.1607718000013847,False,
8124,0.0,0,0.0,3599908.7060086634,optimal,0.0844682000024477,False,
8125,0.0,0,0.0,3659107.624926192,optimal,0.08314160000008997,False,
8126,0.0,0,0.0,3708282.5294993464,optimal,0.08218889999989187,False,
8127,0.0,0,0.0,3764070.302666379,optimal,0.1505652000050759,False,
8128,0.0,0,0.0,3792207.4584965603,optimal,0.08117039999342524,False,
8129,0.0,0,0.0,3797112.8240343,optimal,0.07943079999677138,False,
8130,0.0,0,0.0,3803301.145198562,optimal,0.08470739999756915,False,
8131,0.0,0,0.0,3818360.0859375317,optimal,0.15861160000349628,False,
8132,0.0,0,0.0,3848196.6051488547,optimal,0.07989180000004126,False,
8133,0.0,0,0.0,3885027.529709263,optimal,0.08377209999889601,False,
8134,0.0,0,0.0,3919187.14084718,optimal,0.16586390000156825,False,
8135,0.0,0,0.0,3946888.271755268,optimal,0.08663189999788301,False,
8136,0.0,0,0.0,3975137.8315992863,optimal,0.08910800000012387,False,
8137,0.0,0,0.0,4002293.3436729107,optimal,0.09288720000040485,False,
8138,0.0,0,0.0,4060196.1882591345,optimal,0.08985869999742135,False,
8139,0.0,0,0.0,4114014.335141525,optimal,0.1703706999978749,False,
8140,0.0,0,0.0,4191987.881858671,optimal,0.08656589999736752,False,
8141,0.0,0,0.0,4266568.569825051,optimal,0.08663839999644551,False,
8142,0.0,0,0.0,4319910.683360676,optimal,0.16725939999741968,False,
8143,0.0,0,0.0,4367024.26008582,optimal,0.0826262000045972,False,
8144,0.0,0,0.0,4419208.82182613,optimal,0.08392810000077588,False,
8145,0.0,0,0.0,4456381.962125557,optimal,0.08244059999560704,False,
8146,0.0,0,0.0,4454239.933302854,optimal,0.15585110000392888,False,
8147,0.0,0,0.0,4445319.271507691,optimal,0.0759358999930555,False,
8148,0.0,0,0.0,4454441.144899909,optimal,0.08644180000555934,False,
8149,0.0,0,0.0,4359577.77194939,optimal,0.08650370000395924,False,
8150,0.0,0,0.0,4282036.043804624,optimal,0.08557679999648826,False,
8151,0.0,0,0.0,4186381.396353883,optimal,0.0869648000007146,False,
8152,0.0,0,0.0,4087566.5676445495,optimal,0.08275800000410527,False,
8153,0.0,0,0.0,4081739.9592985883,optimal,0.08320459999958985,False,
8154,0.0,0,0.0,4105597.1584257153,optimal,0.0772720999957528,False,
8155,0.0,0,0.0,4129841.89455617,optimal,0.07698839999648044,False,
8156,0.0,0,0.0,4138266.2429432957,optimal,0.1570097000003443,False,
8157,0.0,0,0.0,4054724.5582739906,optimal,0.08053849999851082,False,
8158,0.0,0,0.0,3967051.0475703,optimal,0.08473100000264822,False,
8159,0.0,0,0.0,3924953.465974127,optimal,0.09047709999867948,False,
8160,0.0,0,0.0,3975474.6079541002,optimal,0.09545970000181114,False,
8161,0.0,0,0.0,4030199.705473153,optimal,0.08470909999596188,False,
8162,0.0,0,0.0,3968782.3386278125,optimal,0.08185729999968316,False,
8163,0.0,0,0.0,3925230.7041761875,optimal,0.08551499999884982,False,
8164,0.0,0,0.0,3866495.507459546,optimal,0.08483259999775328,False,
8165,0.0,0,0.0,3807227.048643397,optimal,0.08445660000143107,False,
8166,0.0,0,0.0,3722137.8604323613,optimal,0.0851639000029536,False,
8167,0.0,0,0.0,3609199.310713768,optimal,0.08139859999937471,False,
8168,0.0,0,0.0,3498234.9527328825,optimal,0.07968129999790108,False,
8169,0.0,0,0.0,3386597.58814734,optimal,0.08787669999583159,False,
8170,0.0,0,0.0,3290454.4505157936,optimal,0.08231109999906039,False,
8171,0.0,0,0.0,3180917.5482866196,optimal,0.08202219999657245,False,
8172,0.0,0,0.0,3066351.3888610625,optimal,0.08374989999720128,False,
8173,0.0,0,0.0,2951350.6869342458,optimal,0.08616780000011204,False,
8174,0.0,0,0.0,2899500.830085828,optimal,0.0802555999980541,False,
8175,0.0,0,0.0,2872809.0896309507,optimal,0.08317169999645557,False,
8176,0.0,0,0.0,2878540.902168362,optimal,0.0786461000025156,False,
8177,0.0,0,0.0,2885830.276786108,optimal,0.0799747999990359,False,
8178,0.0,0,0.0,2900755.661807364,optimal,0.08097629999974743,False,
8179,0.0,0,0.0,2899210.4042629073,optimal,0.07565990000148304,False,
8180,0.0,0,0.0,2902421.878364184,optimal,0.0805155999987619,False,
8181,0.0,0,0.0,2924474.042024897,optimal,0.0803135999958613,False,
8182,0.0,0,0.0,2959216.4171815463,optimal,0.07958579999831272,False,
8183,0.0,0,0.0,3011875.3951871376,optimal,0.0829130999991321,False,
8184,0.0,0,0.0,3077079.1122944453,optimal,0.08655960000032792,False,
8185,0.0,0,0.0,3107867.667235142,optimal,0.0792074999990291,False,
8186,0.0,0,0.0,3153303.1647132225,optimal,0.08413529999961611,False,
8187,0.0,0,0.0,3134544.250296612,optimal,0.08259920000273269,False,
8188,0.0,0,0.0,3083231.4532900676,optimal,0.07516649999888614,False,
8189,0.0,0,0.0,3068266.889550547,optimal,0.08081680000032065,False,
8190,0.0,0,0.0,3026608.7839681497,optimal,0.07992599999852246,False,
8191,0.0,0,0.0,2946681.481417109,optimal,0.07884149999881629,False,
8192,0.0,0,0.0,2925925.2818904635,optimal,0.08474810000188882,False,
8193,0.0,0,0.0,2910848.5127165373,optimal,0.0845333999968716,False,
8194,0.0,0,0.0,2932902.5971293175,optimal,0.08321360000263667,False,
8195,0.0,0,0.0,2945547.4037699336,optimal,0.08537799999612616,False,
8196,0.0,0,0.0,2957660.698109934,optimal,0.08483909999631578,False,
8197,0.0,0,0.0,2961057.538143002,optimal,0.08466329999646405,False,
8198,0.0,0,0.0,2985617.9832029035,optimal,0.08339360000536544,False,
8199,0.0,0,0.0,3043878.860284923,optimal,0.07671480000135489,False,
8200,0.0,0,0.0,3123206.331207581,optimal,0.08079849999921862,False,
8201,0.0,0,0.0,3129336.523198821,optimal,0.08004419999633683,False,
8202,0.0,0,0.0,3137092.2034743764,optimal,0.08013629999913974,False,
8203,0.0,0,0.0,3084978.5146190478,optimal,0.07689480000408366,False,
8204,0.0,0,0.0,3043834.024328232,optimal,0.08121740000206046,False,
8205,0.0,0,0.0,3003774.152839845,optimal,0.07920369999919785,False,
8206,0.0,0,0.0,3007574.157300367,optimal,0.07874219999939669,False,
8207,0.0,0,0.0,2992990.0822369885,optimal,0.08464809999713907,False,
8208,0.0,0,0.0,2974743.607561198,optimal,0.08689139999478357,False,
8209,0.0,0,0.0,2952619.3860245915,optimal,0.07809049999923445,False,
8210,0.0,0,0.0,2889395.849521156,optimal,0.0794683000058285,False,
8211,0.0,0,0.0,2832291.5038740467,optimal,0.0790398000026471,False,
8212,0.0,0,0.0,2759176.0135907824,optimal,0.07882160000008298,False,
8213,0.0,0,0.0,2683460.555834392,optimal,0.08774970000376925,False,
8214,0.0,0,0.0,2609980.382024981,optimal,0.08033140000043204,False,
8215,0.0,0,0.0,2567772.864791015,optimal,0.07217330000275979,False,
8216,0.0,0,0.0,2513129.2964612744,optimal,0.08108540000102948,False,
8217,0.0,0,0.0,2456164.428061804,optimal,0.08334869999816874,False,
8218,0.0,0,0.0,2457240.6511297706,optimal,0.08678250000230037,False,
8219,0.0,0,0.0,2468003.222797466,optimal,0.09258170000248356,False,
8220,0.0,0,0.0,2412358.1386111756,optimal,0.09310330000153044,False,
8221,0.0,0,0.0,2354086.1253844462,optimal,0.09975980000308482,False,
8222,0.0,0,0.0,2321184.398170206,optimal,0.08831649999774527,False,
8223,0.0,0,0.0,2368453.4980492825,optimal,0.08412630000384524,False,
8224,0.0,0,0.0,2312161.02093153,optimal,0.08670639999763807,False,
8225,0.0,0,0.0,2339453.149733777,optimal,0.08238479999999981,False,
8226,0.0,0,0.0,2279861.7555812364,optimal,0.08034300000144867,False,
8227,0.0,0,0.0,2319075.3910776833,optimal,0.1742986999961431,False,
8228,0.0,0,0.0,2357956.2939941585,optimal,0.08080740000150399,False,
8229,0.0,0,0.0,2389964.7243753714,optimal,0.083128599995689,False,
8230,0.0,0,0.0,2423862.6047427673,optimal,0.0822221000053105,False,
8231,0.0,0,0.0,2443291.815130742,optimal,0.08440860000700923,False,
8232,0.0,0,0.0,2445694.886145061,optimal,0.08685930000501685,False,
8233,0.0,0,0.0,2344341.989976069,optimal,0.08280440000089584,False,
8234,0.0,0,0.0,2335643.161565895,optimal,0.08007049999287119,False,
8235,0.0,0,0.0,2311092.900408935,optimal,0.16366220000054454,False,
8236,0.0,0,0.0,2216632.941052092,optimal,0.08116029999655439,False,
8237,0.0,0,0.0,2137731.237344753,optimal,0.1822396999996272,False,
8238,0.0,0,0.0,2057211.7961246031,optimal,0.08162690000608563,False,
8239,0.0,0,0.0,1988082.1428954056,optimal,0.0840029000028153,False,
8240,0.0,0,0.0,1927091.7845745776,optimal,0.09724009999627015,False,
8241,0.0,0,0.0,1872575.903619763,optimal,0.1744064000013168,False,
8242,0.0,0,0.0,1838139.3659649445,optimal,0.0928559000021778,False,
8243,0.0,0,0.0,1821664.6529467362,optimal,0.08403750000434229,False,
8244,0.0,0,0.0,1798860.4514421965,optimal,0.17604669999855105,False,
8245,0.0,0,0.0,1793590.6214763033,optimal,0.08127059999969788,False,
8246,0.0,0,0.0,1814707.702146555,optimal,0.08274119999987306,False,
8247,0.0,0,0.0,1803781.6635104003,optimal,0.17527319999499014,False,
8248,0.0,0,0.0,1807944.3191940193,optimal,0.08048349999444326,False,
8249,0.0,0,0.0,1888370.7003296136,optimal,0.08143140000174753,False,
8250,0.0,0,0.0,1984089.7922284817,optimal,0.07674620000034338,False,
8251,0.0,0,0.0,2148973.875492042,optimal,0.08045210000273073,False,
8252,0.0,0,0.0,2316177.86831514,optimal,0.18002169999817852,False,
8253,0.0,0,0.0,2479031.500788569,optimal,0.08401120000053197,False,
8254,0.0,0,0.0,2587573.692804013,optimal,0.17490499999985332,False,
8255,0.0,0,0.0,2692337.5406365087,optimal,0.08418890000029933,False,
8256,0.0,0,0.0,2746974.014534166,optimal,0.17131820000213338,False,
8257,0.0,0,0.0,2760091.771618047,optimal,0.08238990000245394,False,
8258,0.0,0,0.0,2786617.7758326665,optimal,0.08051759999943897,False,
8259,0.0,0,0.0,2865780.8057392417,optimal,0.17014620000554714,False,
8260,0.0,0,0.0,2937105.025309917,optimal,0.08307439999771304,False,
8261,0.0,0,0.0,3005104.5246143183,optimal,0.08185699999739882,False,
8262,0.0,0,0.0,3063901.021986576,optimal,0.0858038999940618,False,
8263,0.0,0,0.0,3119025.4558374127,optimal,0.17452719999710098,False,
8264,0.0,0,0.0,3215469.5709990845,optimal,0.10017410000000382,False,
8265,0.0,0,0.0,3358156.2030219273,optimal,0.20086189999710768,False,
8266,0.0,0,0.0,3511089.6575096664,optimal,0.09554580000258284,False,
8267,0.0,0,0.0,3671765.246635631,optimal,0.09763289999682456,False,
8268,0.0,0,0.0,3749341.0062020523,optimal,0.20230199999787146,False,
8269,0.0,0,0.0,3827227.5762068573,optimal,0.09377269999822602,False,
8270,0.0,0,0.0,3903119.4135150937,optimal,0.11550770000030752,False,
8271,0.0,0,0.0,3970586.50426259,optimal,0.19575310000072932,False,
8272,0.0,0,0.0,4031200.011383082,optimal,0.11766499999794178,False,
8273,0.0,0,0.0,4093585.8961086324,optimal,0.10839259999920614,False,
8274,0.0,0,0.0,4167151.347398544,optimal,0.17983190000086324,False,
8275,0.0,0,0.0,4275706.647622013,optimal,0.12527789999876404,False,
8276,0.0,0,0.0,4398375.884811153,optimal,0.08480219999910332,False,
8277,0.0,0,0.0,4483576.398527997,optimal,0.09395680000307038,False,
8278,0.0,0,0.0,4594456.505233259,optimal,0.18158720000064932,False,
8279,0.0,0,0.0,4736335.176987643,optimal,0.09491700000216952,False,
8280,0.0,0,0.0,4834880.361742387,optimal,0.09769159999996191,False,
8281,0.0,0,0.0,4917166.433578793,optimal,0.17589240000233985,False,
8282,0.0,0,0.0,5009980.218374057,optimal,0.0837011000039638,False,
8283,0.0,0,0.0,5101784.533175552,optimal,0.10587130000203615,False,
8284,0.0,0,0.0,5186772.008672472,optimal,0.1022058999951696,False,
8285,0.0,0,0.0,5269294.320807275,optimal,0.10559300000022631,False,
8286,0.0,0,0.0,5345746.775270768,optimal,0.17866070000309264,False,
8287,0.0,0,0.0,5461690.421952343,optimal,0.10250809999706689,False,
8288,0.0,0,0.0,5545112.658031685,optimal,0.10637220000353409,False,
8289,0.0,0,0.0,5667915.259061897,optimal,0.19812829999864334,False,
8290,0.0,0,0.0,5781439.310818831,optimal,0.11313410000002477,False,
8291,0.0,0,0.0,5865679.796031862,optimal,0.08927749999566004,False,
8292,0.0,0,0.0,5889416.920361413,optimal,0.10230890000093495,False,
8293,0.0,0,0.0,5899605.750173918,optimal,0.1789342999982182,False,
8294,0.0,0,0.0,5914860.091358917,optimal,0.0918050000036601,False,
8295,0.0,0,0.0,5946897.993155207,optimal,0.08300649999728194,False,
8296,0.0,0,0.0,6024402.801424498,optimal,0.0858070999966003,False,
8297,0.0,0,0.0,6041162.369724396,optimal,0.08280370000284165,False,
8298,0.0,0,0.0,6013764.075353099,optimal,0.08720269999321317,False,
8299,0.0,0,0.0,5990301.416476622,optimal,0.08489700000063749,False,
8300,0.0,0,0.0,5959880.666730929,optimal,0.09869529999559745,False,
8301,0.0,0,0.0,5993040.784984486,optimal,0.10385110000061104,False,
8302,0.0,0,0.0,6020263.207339145,optimal,0.10281209999811836,False,
8303,0.0,0,0.0,6029516.244879532,optimal,0.10943219999899156,False,
8304,0.0,0,0.0,6009997.2316410765,optimal,0.192195299998275,False,
8305,0.0,0,0.0,5975840.9009077875,optimal,0.12723759999789763,False,
8306,0.0,0,0.0,5911558.144161033,optimal,0.11528420000104234,False,
8307,0.0,0,0.0,5844505.341855828,optimal,0.09092960000270978,False,
8308,0.0,0,0.0,5733600.724735285,optimal,0.10290359999635257,False,
8309,0.0,0,0.0,5620445.793475133,optimal,0.10946120000153314,False,
8310,0.0,0,0.0,5508079.645720679,optimal,0.09456930000305874,False,
8311,0.0,0,0.0,5379309.092939639,optimal,0.10071329999482259,False,
8312,0.0,0,0.0,5232786.354243301,optimal,0.09882179999840446,False,
8313,0.0,0,0.0,5101258.822705952,optimal,0.10829899999953341,False,
8314,0.0,0,0.0,4988565.903145527,optimal,0.07500250000157394,False,
8315,0.0,0,0.0,4883004.382988438,optimal,0.10671890000230633,False,
8316,0.0,0,0.0,4787169.491666641,optimal,0.13366079999832436,False,
8317,0.0,0,0.0,4688899.126690406,optimal,0.10882809999748133,False,
8318,0.0,0,0.0,4591517.797878483,optimal,0.12101809999876423,False,
8319,0.0,0,0.0,4494787.863845897,optimal,0.11052000000199769,False,
8320,0.0,0,0.0,4399927.843271046,optimal,0.10710180000023684,False,
8321,0.0,0,0.0,4300704.560894093,optimal,0.10341029999835882,False,
8322,0.0,0,0.0,4205656.571097048,optimal,0.1017028999995091,False,
8323,0.0,0,0.0,4110476.534224758,optimal,0.08371909999550553,False,
8324,0.0,0,0.0,4006663.3682373115,optimal,0.10846539999329252,False,
8325,0.0,0,0.0,3910338.1000910886,optimal,0.10437570000067353,False,
8326,0.0,0,0.0,3810050.0046124603,optimal,0.09839549999742303,False,
8327,0.0,0,0.0,3713015.2893116088,optimal,0.10607039999740664,False,
8328,0.0,0,0.0,3615104.5988091268,optimal,0.1065904999995837,False,
8329,0.0,0,0.0,3526554.067939421,optimal,0.09970530000282452,False,
8330,0.0,0,0.0,3432296.353212026,optimal,0.10519439999916358,False,
8331,0.0,0,0.0,3309573.602981932,optimal,0.09406689999741502,False,
8332,0.0,0,0.0,3206999.7889444954,optimal,0.08841129999927944,False,
8333,0.0,0,0.0,3091109.9947801493,optimal,0.1141496000054758,False,
8334,0.0,0,0.0,2978077.4248354617,optimal,0.11853859999973793,False,
8335,0.0,0,0.0,2852296.1149229025,optimal,0.10334900000452762,False,
8336,0.0,0,0.0,2713062.6406325884,optimal,0.10982089999743039,False,
8337,0.0,0,0.0,2667948.4220184707,optimal,0.12564540000312263,False,
8338,0.0,0,0.0,2641152.505667272,optimal,0.11308500000450294,False,
8339,0.0,0,0.0,2652325.6078410055,optimal,0.13413610000134213,False,
8340,0.0,0,0.0,2658258.1803114666,optimal,0.13179420000233222,False,
8341,0.0,0,0.0,2691664.7352582794,optimal,0.13010629999917,False,
8342,0.0,0,0.0,2658690.948109551,optimal,0.12863939999806462,False,
8343,0.0,0,0.0,2631508.709806721,optimal,0.1360906999980216,False,
8344,0.0,0,0.0,2592722.157114064,optimal,0.1351072999968892,False,
8345,0.0,0,0.0,2563287.2282555276,optimal,0.13001259999873582,False,
8346,0.0,0,0.0,2597090.3064182303,optimal,0.13665000000037253,False,
8347,0.0,0,0.0,2594984.0642036535,optimal,0.13521180000680033,False,
8348,0.0,0,0.0,2688166.089453508,optimal,0.13172299999860115,False,
8349,0.0,0,0.0,2776599.8243301,optimal,0.1270966000010958,False,
8350,0.0,0,0.0,2780504.852607397,optimal,0.10840759999700822,False,
8351,0.0,0,0.0,2874778.351119373,optimal,0.12039739999454468,False,
8352,0.0,0,0.0,2925664.9781899303,optimal,0.08804840000084369,False,
8353,0.0,0,0.0,2978796.787591996,optimal,0.09238449999975273,False,
8354,0.0,0,0.0,3034064.3335346263,optimal,0.10367720000067493,False,
8355,0.0,0,0.0,3107354.0585841667,optimal,0.18555290000222158,False,
8356,0.0,0,0.0,3105957.8405509996,optimal,0.12591310000425437,False,
8357,0.0,0,0.0,3167465.8659306793,optimal,0.10571150000032503,False,
8358,0.0,0,0.0,3176710.5894208513,optimal,0.10996040000463836,False,
8359,0.0,0,0.0,3173751.3235209845,optimal,0.0919690000009723,False,
8360,0.0,0,0.0,3264879.408500125,optimal,0.11837999999988824,False,
8361,0.0,0,0.0,3336205.6118986923,optimal,0.18622759999561822,False,
8362,0.0,0,0.0,3423227.5655201124,optimal,0.09989250000216998,False,
8363,0.0,0,0.0,3513929.188171457,optimal,0.1999370000048657,False,
8364,0.0,0,0.0,3599116.6435990306,optimal,0.09902680000232067,False,
8365,0.0,0,0.0,3663106.9609724795,optimal,0.10307679999823449,False,
8366,0.0,0,0.0,3682017.658203136,optimal,0.10352759999659611,False,
8367,0.0,0,0.0,3670451.9740113774,optimal,0.1788102999998955,False,
8368,0.0,0,0.0,3646625.159621904,optimal,0.09882149999612011,False,
8369,0.0,0,0.0,3695834.9054478034,optimal,0.11814420000155224,False,
8370,0.0,0,0.0,3768291.348921189,optimal,0.18068330000096466,False,
8371,0.0,0,0.0,3854027.2352308156,optimal,0.10166079999908106,False,
8372,0.0,0,0.0,3946257.1990164984,optimal,0.10182019999774639,False,
8373,0.0,0,0.0,4041499.773916851,optimal,0.18446940000285394,False,
8374,0.0,0,0.0,4139609.8115482386,optimal,0.09425270000065211,False,
8375,0.0,0,0.0,4217261.103876257,optimal,0.09975989999657031,False,
8376,0.0,0,0.0,4283533.18883586,optimal,0.0973322999998345,False,
8377,0.0,0,0.0,4335047.051041793,optimal,0.1128725000016857,False,
8378,0.0,0,0.0,4377184.442559226,optimal,0.16221099999529542,False,
8379,0.0,0,0.0,4411415.042023595,optimal,0.0834980999934487,False,
8380,0.0,0,0.0,4443726.074491284,optimal,0.19317759999830741,False,
8381,0.0,0,0.0,4480916.825029919,optimal,0.08317710000119405,False,
8382,0.0,0,0.0,4527871.003635763,optimal,0.17256300000008196,False,
8383,0.0,0,0.0,4580034.617025266,optimal,0.09508050000295043,False,
8384,0.0,0,0.0,4644653.169760873,optimal,0.10744100000010803,False,
8385,0.0,0,0.0,4714025.834994247,optimal,0.1858085999992909,False,
8386,0.0,0,0.0,4785721.785167007,optimal,0.10216450000007171,False,
8387,0.0,0,0.0,4853686.988586471,optimal,0.1021245000010822,False,
8388,0.0,0,0.0,4905623.69806925,optimal,0.09861230000387877,False,
8389,0.0,0,0.0,4968915.412103521,optimal,0.11180920000333572,False,
8390,0.0,0,0.0,5043411.816766808,optimal,0.19502999999531312,False,
8391,0.0,0,0.0,5112407.938608644,optimal,0.09104170000500744,False,
8392,0.0,0,0.0,5133369.281817257,optimal,0.1655532000004314,False,
8393,0.0,0,0.0,5211728.118769379,optimal,0.11372880000271834,False,
8394,0.0,0,0.0,5329390.379393738,optimal,0.17717329999868525,False,
8395,0.0,0,0.0,5437252.882749336,optimal,0.0986484000022756,False,
8396,0.0,0,0.0,5540082.69841376,optimal,0.11337110000022221,False,
8397,0.0,0,0.0,5612737.6721687745,optimal,0.19536439999501454,False,
8398,0.0,0,0.0,5593763.0383176105,optimal,0.10267330000351649,False,
8399,0.0,0,0.0,5496743.97318739,optimal,0.10071180000522872,False,
8400,0.0,0,0.0,5358562.252169339,optimal,0.09465700000146171,False,
8401,0.0,0,0.0,5217358.9082195945,optimal,0.2035288000042783,False,
8402,0.0,0,0.0,5092182.374966633,optimal,0.11450150000018766,False,
8403,0.0,0,0.0,5087426.551008398,optimal,0.11099839999951655,False,
8404,0.0,0,0.0,5075638.549876343,optimal,0.10403840000071796,False,
8405,0.0,0,0.0,5061049.026189098,optimal,0.18527249999897322,False,
8406,0.0,0,0.0,5038625.991125448,optimal,0.11093569999502506,False,
8407,0.0,0,0.0,4992095.323298363,optimal,0.10895349999918835,False,
8408,0.0,0,0.0,4995620.6833884865,optimal,0.1823837999982061,False,
8409,0.0,0,0.0,5000479.465616947,optimal,0.11235619999933988,False,
8410,0.0,0,0.0,4997862.102952812,optimal,0.11483990000124322,False,
8411,0.0,0,0.0,4995361.523769391,optimal,0.20102130000304896,False,
8412,0.0,0,0.0,4997897.6871602,optimal,0.0919618999978411,False,
8413,0.0,0,0.0,5014321.996094276,optimal,0.10786179999558954,False,
8414,0.0,0,0.0,5023633.720329182,optimal,0.1157695000001695,False,
8415,0.0,0,0.0,5050323.954712421,optimal,0.18794379999599187,False,
8416,0.0,0,0.0,5095934.097677505,optimal,0.0878450000018347,False,
8417,0.0,0,0.0,5168657.432742493,optimal,0.0890503999980865,False,
8418,0.0,0,0.0,5230908.811305454,optimal,0.07722839999769349,False,
8419,0.0,0,0.0,5275259.040621945,optimal,0.18769240000256104,False,
8420,0.0,0,0.0,5298149.8454586845,optimal,0.10925000000133878,False,
8421,0.0,0,0.0,5313038.875723302,optimal,0.09715020000294317,False,
8422,0.0,0,0.0,5329886.350266762,optimal,0.09478350000426872,False,
8423,0.0,0,0.0,5306043.394786648,optimal,0.08757519999926444,False,
8424,0.0,0,0.0,5289845.971789438,optimal,0.10382849999587052,False,
8425,0.0,0,0.0,5309539.42096216,optimal,0.10434600000007777,False,
8426,0.0,0,0.0,5303953.207131093,optimal,0.1182046000030823,False,
8427,0.0,0,0.0,5265877.831661887,optimal,0.10667920000560116,False,
8428,0.0,0,0.0,5260786.879861997,optimal,0.09208269999362528,False,
8429,0.0,0,0.0,5206913.252265661,optimal,0.19031649999669753,False,
8430,0.0,0,0.0,5143750.353724049,optimal,0.07911500000045635,False,
8431,0.0,0,0.0,5078787.122918173,optimal,0.08709929999895394,False,
8432,0.0,0,0.0,5058944.569099568,optimal,0.08072510000056354,False,
8433,0.0,0,0.0,5004079.818546495,optimal,0.08736689999932423,False,
8434,0.0,0,0.0,5006306.055299373,optimal,0.08494380000047386,False,
8435,0.0,0,0.0,5121610.534331698,optimal,0.08139659999869764,False,
8436,0.0,0,0.0,5162242.993093338,optimal,0.08611760000349022,False,
8437,0.0,0,0.0,5193850.045638267,optimal,0.09258540000155335,False,
8438,0.0,0,0.0,5222394.159844966,optimal,0.10558850000234088,False,
8439,0.0,0,0.0,5194445.965008923,optimal,0.12061369999719318,False,
8440,0.0,0,0.0,5173017.81592167,optimal,0.10351369999989402,False,
8441,0.0,0,0.0,5180405.134878476,optimal,0.10105230000044685,False,
8442,0.0,0,0.0,5242562.238147579,optimal,0.10842699999921024,False,
8443,0.0,0,0.0,5258481.846811545,optimal,0.12059850000514416,False,
8444,0.0,0,0.0,5274930.580422591,optimal,0.10211909999634372,False,
8445,0.0,0,0.0,5294749.032723321,optimal,0.09818459999951301,False,
8446,0.0,0,0.0,5385419.099050169,optimal,0.12339100000099279,False,
8447,0.0,0,0.0,5464720.871679574,optimal,0.11368800000491319,False,
8448,0.0,0,0.0,5556536.662614312,optimal,0.11268679999921005,False,
8449,0.0,0,0.0,5606873.244211765,optimal,0.12350830000650603,False,
8450,0.0,0,0.0,5588559.873814579,optimal,0.1068885999993654,False,
8451,0.0,0,0.0,5554497.500662175,optimal,0.11446550000255229,False,
8452,0.0,0,0.0,5556378.569909271,optimal,0.10541460000240477,False,
8453,0.0,0,0.0,5551575.639957672,optimal,0.11350059999676887,False,
8454,0.0,0,0.0,5515753.166529193,optimal,0.12351249999483116,False,
8455,0.0,0,0.0,5480911.218684221,optimal,0.12397509999573231,False,
8456,0.0,0,0.0,5424599.260398837,optimal,0.12030000000231666,False,
8457,0.0,0,0.0,5442768.227100745,optimal,0.1189139000052819,False,
8458,0.0,0,0.0,5404879.416659743,optimal,0.09750180000264663,False,
8459,0.0,0,0.0,5375374.86450609,optimal,0.08304440000210889,False,
8460,0.0,0,0.0,5328351.434046805,optimal,0.08821910000551725,False,
8461,0.0,0,0.0,5288602.529856174,optimal,0.08973340000375174,False,
8462,0.0,0,0.0,5238058.275891504,optimal,0.08708900000056019,False,
8463,0.0,0,0.0,5188677.522292706,optimal,0.10882370000035735,False,
8464,0.0,0,0.0,5130008.621214215,optimal,0.08836329999758163,False,
8465,0.0,0,0.0,5087963.667457993,optimal,0.08733029999712016,False,
8466,0.0,0,0.0,5080308.044205309,optimal,0.08829310000146506,False,
8467,0.0,0,0.0,5095773.6210911,optimal,0.09739579999586567,False,
8468,0.0,0,0.0,5167808.591942059,optimal,0.09666400000423891,False,
8469,0.0,0,0.0,5205007.1063294895,optimal,0.09616689999529626,False,
8470,0.0,0,0.0,5236693.647062572,optimal,0.10287179999431828,False,
8471,0.0,0,0.0,5340140.6946787005,optimal,0.09980329999962123,False,
8472,0.0,0,0.0,5357052.1785771735,optimal,0.10300730000017211,False,
8473,0.0,0,0.0,5353804.595645263,optimal,0.09958530000585597,False,
8474,0.0,0,0.0,5378242.71443869,optimal,0.11281280000548577,False,
8475,0.0,0,0.0,5444750.1856635865,optimal,0.07006900000124006,False,
8476,0.0,0,0.0,5432536.146353143,optimal,0.11597229999460978,False,
8477,0.0,0,0.0,5512036.753229512,optimal,0.09133370000199648,False,
8478,0.0,0,0.0,5559534.353922881,optimal,0.10619210000004387,False,
8479,0.0,0,0.0,5583113.56459719,optimal,0.10617759999877308,False,
8480,0.0,0,0.0,5521339.766121552,optimal,0.09133049999945797,False,
8481,0.0,0,0.0,5551526.655507054,optimal,0.09958790000382578,False,
8482,0.0,0,0.0,5527726.253478388,optimal,0.08210360000521177,False,
8483,0.0,0,0.0,5524836.998385907,optimal,0.0963082000016584,False,
8484,0.0,0,0.0,5529183.132188506,optimal,0.09550789999775589,False,
8485,0.0,0,0.0,5520307.821761359,optimal,0.08007550000183983,False,
8486,0.0,0,0.0,5494578.211984254,optimal,0.08826739999494748,False,
8487,0.0,0,0.0,5538280.153432446,optimal,0.09794930000498425,False,
8488,0.0,0,0.0,5598707.185693705,optimal,0.11661369999637827,False,
8489,0.0,0,0.0,5598298.749676625,optimal,0.07962969999789493,False,
8490,0.0,0,0.0,5652095.035501888,optimal,0.11194460000115214,False,
8491,0.0,0,0.0,5748683.292314571,optimal,0.11434030000236817,False,
8492,0.0,0,0.0,5747489.021985932,optimal,0.11182600000029197,False,
8493,0.0,0,0.0,5739937.691973898,optimal,0.10014280000177678,False,
8494,0.0,0,0.0,5648883.043288071,optimal,0.10406749999674503,False,
8495,0.0,0,0.0,5506988.749190728,optimal,0.11939179999899352,False,
8496,0.0,0,0.0,5450950.734974536,optimal,0.1172928999949363,False,
8497,0.0,0,0.0,5511900.891659107,optimal,0.11101670000061858,False,
8498,0.0,0,0.0,5582543.222289595,optimal,0.1068675999995321,False,
8499,0.0,0,0.0,5631795.400460404,optimal,0.10355859999981476,False,
8500,0.0,0,0.0,5691578.703432849,optimal,0.08507290000125067,False,
8501,0.0,0,0.0,5746968.014007622,optimal,0.08429120000073453,False,
8502,0.0,0,0.0,5791027.855110825,optimal,0.18504549999488518,False,
8503,0.0,0,0.0,5806485.1806728905,optimal,0.08319140000094194,False,
8504,0.0,0,0.0,5831631.600341272,optimal,0.10242819999984931,False,
8505,0.0,0,0.0,5827117.298821475,optimal,0.09431939999922179,False,
8506,0.0,0,0.0,5840485.102328064,optimal,0.09841040000173962,False,
8507,0.0,0,0.0,5864836.295557738,optimal,0.18567800000164425,False,
8508,0.0,0,0.0,5879339.461129344,optimal,0.1204063999975915,False,
8509,0.0,0,0.0,5895265.502968492,optimal,0.1795267999987118,False,
8510,0.0,0,0.0,5891758.314407647,optimal,0.10862719999568071,False,
8511,0.0,0,0.0,5975657.705789357,optimal,0.09439130000100704,False,
8512,0.0,0,0.0,5985782.699276788,optimal,0.10155810000287602,False,
8513,0.0,0,0.0,5974756.354487147,optimal,0.20535060000111116,False,
8514,0.0,0,0.0,5959746.98136358,optimal,0.09240730000601616,False,
8515,0.0,0,0.0,5947410.912805674,optimal,0.11633189999702154,False,
8516,0.0,0,0.0,5946180.805619179,optimal,0.181468999995559,False,
8517,0.0,0,0.0,5969250.3827289315,optimal,0.10168240000348305,False,
8518,0.0,0,0.0,5909610.313503247,optimal,0.09168280000449158,False,
8519,0.0,0,0.0,5933829.616215335,optimal,0.10987339999701362,False,
8520,0.0,0,0.0,5962582.104636431,optimal,0.10859319999872241,False,
8521,0.0,0,0.0,5981626.891736528,optimal,0.18715869999869028,False,
8522,0.0,0,0.0,5889611.76266646,optimal,0.10662440000305651,False,
8523,0.0,0,0.0,5859535.511098385,optimal,0.10081319999881089,False,
8524,0.0,0,0.0,5733808.1610409655,optimal,0.19653710000420688,False,
8525,0.0,0,0.0,5612891.138036707,optimal,0.11628930000006221,False,
8526,0.0,0,0.0,5518892.152140443,optimal,0.10554839999531396,False,
8527,0.0,0,0.0,5539284.503884716,optimal,0.19475930000044173,False,
8528,0.0,0,0.0,5463280.615304405,optimal,0.11282789999677334,False,
8529,0.0,0,0.0,5416521.917575057,optimal,0.11551999999937834,False,
8530,0.0,0,0.0,5436204.53986583,optimal,0.17588719999912428,False,
8531,0.0,0,0.0,5509657.565341245,optimal,0.10512740000558551,False,
8532,0.0,0,0.0,5497352.717509558,optimal,0.10949230000551324,False,
8533,0.0,0,0.0,5502169.700865714,optimal,0.1944703999979538,False,
8534,0.0,0,0.0,5420038.1064565,optimal,0.10495859999355162,False,
8535,0.0,0,0.0,5349406.212344007,optimal,0.17683540000143694,False,
8536,0.0,0,0.0,5372897.953932714,optimal,0.11387440000544302,False,
8537,0.0,0,0.0,5369644.37564198,optimal,0.10323719999723835,False,
8538,0.0,0,0.0,5355522.156304247,optimal,0.089670199995453,False,
8539,0.0,0,0.0,5352803.7244832385,optimal,0.08415870000317227,False,
8540,0.0,0,0.0,5438632.836326579,optimal,0.17379770000115968,False,
8541,0.0,0,0.0,5442622.690581271,optimal,0.17735520000132965,False,
8542,0.0,0,0.0,5568383.198787928,optimal,0.08770319999894127,False,
8543,0.0,0,0.0,5645163.912504371,optimal,0.1809819999980391,False,
8544,0.0,0,0.0,5624348.615104177,optimal,0.09649219999846537,False,
8545,0.0,0,0.0,5537330.1069899425,optimal,0.0910273000044981,False,
8546,0.0,0,0.0,5439740.670022519,optimal,0.08738520000042627,False,
8547,0.0,0,0.0,5348345.8926802855,optimal,0.08758279999892693,False,
8548,0.0,0,0.0,5245186.638182883,optimal,0.1773408000008203,False,
8549,0.0,0,0.0,5145194.080327326,optimal,0.08648720000201138,False,
8550,0.0,0,0.0,5036068.567177002,optimal,0.08743150000373134,False,
8551,0.0,0,0.0,4950350.176384988,optimal,0.1842493000003742,False,
8552,0.0,0,0.0,4884620.275388274,optimal,0.09059490000072401,False,
8553,0.0,0,0.0,4818827.934580637,optimal,0.09120350000011967,False,
8554,0.0,0,0.0,4733147.055401944,optimal,0.17960609999863664,False,
8555,0.0,0,0.0,4704655.471845774,optimal,0.09814689999620896,False,
8556,0.0,0,0.0,4645949.181042781,optimal,0.08644009999989066,False,
8557,0.0,0,0.0,4558502.13554143,optimal,0.09070040000369772,False,
8558,0.0,0,0.0,4470946.231299531,optimal,0.0983907999980147,False,
8559,0.0,0,0.0,4446938.199062397,optimal,0.1880453999983729,False,
8560,0.0,0,0.0,4410357.834834999,optimal,0.0892489999969257,False,
8561,0.0,0,0.0,4407302.315716505,optimal,0.17421290000493173,False,
8562,0.0,0,0.0,4388569.762301434,optimal,0.09417949999624398,False,
8563,0.0,0,0.0,4353973.5208151005,optimal,0.09416870000131894,False,
8564,0.0,0,0.0,4338328.394703934,optimal,0.08942660000320757,False,
8565,0.0,0,0.0,4320343.873384787,optimal,0.08666950000042561,False,
8566,0.0,0,0.0,4318884.238990894,optimal,0.18501020000257995,False,
8567,0.0,0,0.0,4318127.761777619,optimal,0.09085670000058599,False,
8568,0.0,0,0.0,4317070.654098665,optimal,0.09782710000581574,False,
8569,0.0,0,0.0,4280439.688997984,optimal,0.08744320000550942,False,
8570,0.0,0,0.0,4254523.965792647,optimal,0.08480799999961164,False,
8571,0.0,0,0.0,4243126.105680268,optimal,0.08679910000500968,False,
8572,0.0,0,0.0,4216172.103303237,optimal,0.08519719999458175,False,
8573,0.0,0,0.0,4188901.3790741945,optimal,0.08691420000104699,False,
8574,0.0,0,0.0,4119589.710700403,optimal,0.08672450000449317,False,
8575,0.0,0,0.0,4030733.4445844823,optimal,0.0884790999989491,False,
8576,0.0,0,0.0,3976671.7309047896,optimal,0.08762379999825498,False,
8577,0.0,0,0.0,3982996.2862251275,optimal,0.1681209000016679,False,
8578,0.0,0,0.0,3998895.140121011,optimal,0.08379150000109803,False,
8579,0.0,0,0.0,3988859.793560775,optimal,0.08543130000180099,False,
8580,0.0,0,0.0,3993348.468460354,optimal,0.0853863000011188,False,
8581,0.0,0,0.0,3995110.343103082,optimal,0.08635919999505859,False,
8582,0.0,0,0.0,4007926.218603247,optimal,0.08778170000005048,False,
8583,0.0,0,0.0,3963016.6129555306,optimal,0.08528080000542104,False,
8584,0.0,0,0.0,3931325.909383988,optimal,0.08988890000182437,False,
8585,0.0,0,0.0,3913506.0119169797,optimal,0.08574070000031497,False,
8586,0.0,0,0.0,3922095.169531076,optimal,0.08683580000069924,False,
8587,0.0,0,0.0,3976434.9563773545,optimal,0.08594940000330098,False,
8588,0.0,0,0.0,4037538.6088806707,optimal,0.08355230000597658,False,
8589,0.0,0,0.0,4061264.8404064598,optimal,0.08907920000638114,False,
8590,0.0,0,0.0,4015951.8919524364,optimal,0.09047950000240235,False,
8591,0.0,0,0.0,4047412.4604636277,optimal,0.08679950000077952,False,
8592,0.0,0,0.0,4086866.3697604304,optimal,0.0875981999997748,False,
8593,0.0,0,0.0,4104075.0454726233,optimal,0.0851150999951642,False,
8594,0.0,0,0.0,4101680.2662016116,optimal,0.0969087000048603,False,
8595,0.0,0,0.0,4115063.63969824,optimal,0.0998057000033441,False,
8596,0.0,0,0.0,4135865.8857894666,optimal,0.10268309999810299,False,
8597,0.0,0,0.0,4167505.6291860538,optimal,0.09133450000081211,False,
8598,0.0,0,0.0,4178905.1543706376,optimal,0.09479120000469266,False,
8599,0.0,0,0.0,4150561.4946964043,optimal,0.09352109999599634,False,
8600,0.0,0,0.0,4090223.951076953,optimal,0.09908870000072056,False,
8601,0.0,0,0.0,4038725.9888983155,optimal,0.08905840000079479,False,
8602,0.0,0,0.0,3976216.838665357,optimal,0.08666789999551838,False,
8603,0.0,0,0.0,3838716.090368926,optimal,0.08945639999728883,False,
8604,0.0,0,0.0,3733987.7035645433,optimal,0.0913462000025902,False,
8605,0.0,0,0.0,3648646.827753258,optimal,0.09623760000249604,False,
8606,0.0,0,0.0,3631516.404357991,optimal,0.08857349999743747,False,
8607,0.0,0,0.0,3642609.1631511743,optimal,0.08268919999682112,False,
8608,0.0,0,0.0,3647248.1703256047,optimal,0.07967899999493966,False,
8609,0.0,0,0.0,3610769.8267471427,optimal,0.1125291999996989,False,
8610,0.0,0,0.0,3674604.0215806747,optimal,0.1081454999948619,False,
8611,0.0,0,0.0,3750077.011280765,optimal,0.10617330000241054,False,
8612,0.0,0,0.0,3801380.983806291,optimal,0.10514440000406466,False,
8613,0.0,0,0.0,3857882.8373678937,optimal,0.12354210000194144,False,
8614,0.0,0,0.0,3873514.327994735,optimal,0.10799399999814341,False,
8615,0.0,0,0.0,3860553.9968094695,optimal,0.11914429999887943,False,
8616,0.0,0,0.0,3888351.214498815,optimal,0.1048644999973476,False,
8617,0.0,0,0.0,3978646.954186788,optimal,0.09935460000269813,False,
8618,0.0,0,0.0,4044564.97986211,optimal,0.0893419999993057,False,
8619,0.0,0,0.0,4117629.730653622,optimal,0.10948169999755919,False,
8620,0.0,0,0.0,4194341.025061269,optimal,0.11184859999775654,False,
8621,0.0,0,0.0,4241237.30777793,optimal,0.11969729999691481,False,
8622,0.0,0,0.0,4246296.9520342,optimal,0.10335460000351304,False,
8623,0.0,0,0.0,4259636.611419907,optimal,0.11409370000183117,False,
8624,0.0,0,0.0,4257721.647522801,optimal,0.08641119999811053,False,
8625,0.0,0,0.0,4300861.5481147505,optimal,0.09336310000071535,False,
8626,0.0,0,0.0,4354336.021955677,optimal,0.10804780000034953,False,
8627,0.0,0,0.0,4386436.617251228,optimal,0.10252040000341367,False,
8628,0.0,0,0.0,4386614.596612797,optimal,0.19916180000291206,False,
8629,0.0,0,0.0,4402462.820737686,optimal,0.10690400000021327,False,
8630,0.0,0,0.0,4360492.764872035,optimal,0.11456280000129482,False,
8631,0.0,0,0.0,4391844.740627684,optimal,0.1756080000050133,False,
8632,0.0,0,0.0,4432924.131690239,optimal,0.11047959999996237,False,
8633,0.0,0,0.0,4468927.839946127,optimal,0.09637840000505093,False,
8634,0.0,0,0.0,4480338.682465514,optimal,0.0893763000058243,False,
8635,0.0,0,0.0,4465495.234694188,optimal,0.09659130000363803,False,
8636,0.0,0,0.0,4437022.417514292,optimal,0.17303939999692375,False,
8637,0.0,0,0.0,4413982.377821522,optimal,0.09653760000219336,False,
8638,0.0,0,0.0,4410389.206122182,optimal,0.10518139999476261,False,
8639,0.0,0,0.0,4404263.330328696,optimal,0.18494300000020303,False,
8640,0.0,0,0.0,4421991.322894031,optimal,0.08850510000047507,False,
8641,0.0,0,0.0,4483166.473708721,optimal,0.11017480000009527,False,
8642,0.0,0,0.0,4519749.479546877,optimal,0.11823749999894062,False,
8643,0.0,0,0.0,4549149.921221553,optimal,0.19178310000279453,False,
8644,0.0,0,0.0,4560591.833453534,optimal,0.0974830999984988,False,
8645,0.0,0,0.0,4572903.192033786,optimal,0.10824909999791998,False,
8646,0.0,0,0.0,4585067.319955569,optimal,0.17202779999934137,False,
8647,0.0,0,0.0,4626143.3931830805,optimal,0.0966712999943411,False,
8648,0.0,0,0.0,4695333.116100915,optimal,0.09945690000313334,False,
8649,0.0,0,0.0,4777466.21141075,optimal,0.09363599999778671,False,
8650,0.0,0,0.0,4868033.407781022,optimal,0.18557940000027884,False,
8651,0.0,0,0.0,4948873.791456971,optimal,0.09247130000585457,False,
8652,0.0,0,0.0,4952670.686068452,optimal,0.11458670000138227,False,
8653,0.0,0,0.0,4947061.833432006,optimal,0.1862567999996827,False,
8654,0.0,0,0.0,4878596.27175731,optimal,0.11066959999880055,False,
8655,0.0,0,0.0,4892743.381701516,optimal,0.09532700000272598,False,
8656,0.0,0,0.0,4969889.154954659,optimal,0.18017569999938132,False,
8657,0.0,0,0.0,5009459.931836149,optimal,0.0905925000042771,False,
8658,0.0,0,0.0,4917909.118428463,optimal,0.17516400000022259,False,
8659,0.0,0,0.0,4875922.408033514,optimal,0.0873790999976336,False,
8660,0.0,0,0.0,4842831.17121253,optimal,0.0866018000015174,False,
8661,0.0,0,0.0,4818517.149801883,optimal,0.17440930000157095,False,
8662,0.0,0,0.0,4813403.938075625,optimal,0.08729509999830043,False,
8663,0.0,0,0.0,4855886.869771574,optimal,0.08567120000225259,False,
8664,0.0,0,0.0,4769400.859810639,optimal,0.16112550000252668,False,
8665,0.0,0,0.0,4720633.746925466,optimal,0.08121469999605324,False,
8666,0.0,0,0.0,4685924.780301505,optimal,0.08552390000113519,True,
8667,0.0,0,0.0,4630460.848892735,optimal,0.17141450000053737,True,
8668,0.0,0,0.0,4570989.846440499,optimal,0.08283010000013746,True,
8669,0.0,0,0.0,4524489.702445158,optimal,0.15659949999826495,True,
8670,0.0,0,0.0,4521947.939130527,optimal,0.08583570000337204,True,
8671,0.0,0,0.0,4520509.922386064,optimal,0.07863060000090627,True,
8672,0.0,0,0.0,4463741.140924346,optimal,0.0862829999969108,True,
8673,0.0,0,0.0,4434843.7901660865,optimal,0.08647639999981038,True,
8674,0.0,0,0.0,4465395.300392447,optimal,0.09447420000651618,True,
8675,0.0,0,0.0,4481052.125041129,optimal,0.14674610000656685,True,
8676,0.0,0,0.0,4518077.734886914,optimal,0.07353499999589985,True,
8677,0.0,0,0.0,4561147.13647683,optimal,0.15961800000513904,True,
8678,0.0,0,0.0,4606380.898228891,optimal,0.08343470000545494,True,
8679,0.0,0,0.0,4612988.463900487,optimal,0.08197420000215061,True,
8680,0.0,0,0.0,4562525.799660908,optimal,0.15296540000417735,True,
8681,0.0,0,0.0,4587009.056888355,optimal,0.07792699999845354,True,
8682,0.0,0,0.0,4614478.764216665,optimal,0.082865700002003,True,
8683,0.0,0,0.0,4664874.447008947,optimal,0.0770215999946231,True,
8684,0.0,0,0.0,4700206.047528124,optimal,0.08040669999900274,True,
8685,0.0,0,0.0,4732643.571815877,optimal,0.0847388999973191,True,
8686,0.0,0,0.0,4763790.031974984,optimal,0.07547129999875324,True,
8687,0.0,0,0.0,4786115.67080327,optimal,0.09313860000111163,True,
8688,0.0,0,0.0,4787583.1800716035,optimal,0.07647050000377931,True,
8689,0.0,0,0.0,4787739.023254037,optimal,0.06843829999706941,True,
8690,0.0,0,0.0,4797017.276437881,optimal,0.06451840000227094,True,
8691,0.0,0,0.0,4820165.171814143,optimal,0.06245109999872511,True,
8692,0.0,0,0.0,4902069.201364129,optimal,0.06326070000068285,True,
8693,0.0,0,0.0,4933596.040949458,optimal,0.08447139999771025,True,
8694,0.0,0,0.0,4952745.249045493,optimal,0.08682459999545245,True,
8695,0.0,0,0.0,4879504.027186368,optimal,0.09824619999562856,True,
8696,0.0,0,0.0,4807995.068669781,optimal,0.0662296000009519,True,
8697,0.0,0,0.0,4709357.036401234,optimal,0.0869992000007187,True,
8698,0.0,0,0.0,4609845.984539405,optimal,0.06475810000119964,True,
8699,0.0,0,0.0,4534516.3703189185,optimal,0.08295100000395905,True,
8700,0.0,0,0.0,4441153.006039112,optimal,0.06372680000640685,True,
8701,0.0,0,0.0,4448782.527265467,optimal,0.08409699999901932,True,
8702,0.0,0,0.0,4396568.583959023,optimal,0.0670553000018117,True,
8703,0.0,0,0.0,4350207.671307442,optimal,0.06477520000044024,True,
8704,0.0,0,0.0,4321601.137022868,optimal,0.06161749999591848,True,
8705,0.0,0,0.0,4362929.074419782,optimal,0.08004770000115968,True,
8706,0.0,0,0.0,4397839.954084581,optimal,0.06191389999730745,True,
8707,0.0,0,0.0,4475118.455930932,optimal,0.06668290000379784,True,
8708,0.0,0,0.0,4543441.809697413,optimal,0.07226380000065546,True,
8709,0.0,0,0.0,4616135.008936522,optimal,0.04822340000100667,True,
8710,0.0,0,0.0,4624010.94650447,optimal,0.0601602999959141,True,
8711,0.0,0,0.0,4700656.99281879,optimal,0.06832370000483934,True,
8712,0.0,0,0.0,4844950.803948601,optimal,0.06191650000255322,True,
8713,0.0,0,0.0,5004739.480424789,optimal,0.06545139999798266,True,
8714,0.0,0,0.0,4826228.906508284,optimal,0.14684999999735737,True,
8715,0.0,0,0.0,4651945.199365526,optimal,0.06345499999588355,True,
8716,0.0,0,0.0,4484660.711142619,optimal,0.06373429999803193,True,
8717,0.0,0,0.0,4262498.345008038,optimal,0.062082399999781046,True,
8718,0.0,0,0.0,4031521.9146484355,optimal,0.06315380000160076,True,
8719,0.0,0,0.0,3839571.660676215,optimal,0.05297380000411067,True,
8720,0.0,0,0.0,3645724.0401078933,optimal,0.06462359999568434,True,
8721,0.0,0,0.0,3451085.8501245296,optimal,0.054186099994694814,True,
8722,0.0,0,0.0,3257238.2295562085,optimal,0.06303540000226349,True,
8723,0.0,0,0.0,3063232.495104878,optimal,0.05950160000065807,True,
8724,0.0,0,0.0,2865432.0274613462,optimal,0.0577737000057823,True,
8725,0.0,0,0.0,2572169.9614254944,optimal,0.13622749999922235,True,
8726,0.0,0,0.0,2368993.621759676,optimal,0.07154480000463082,True,
8727,0.0,0,0.0,2168821.445871018,optimal,0.061015999999654014,True,
8728,0.0,0,0.0,1971969.661525536,optimal,0.06136500000138767,True,
8729,0.0,0,0.0,1779545.0659042904,optimal,0.053604900000209454,True,
8730,0.0,0,0.0,1594551.8227844401,optimal,0.047561100000166334,True,
8731,0.0,0,0.0,1418729.1848790783,optimal,0.050679500003752764,True,
8732,0.0,0,0.0,1253500.1771352803,optimal,0.06319249999796739,True,
8733,0.0,0,0.0,1097125.546839954,optimal,0.053902300001936965,True,
8734,0.0,0,0.0,946601.1302159393,optimal,0.05730480000056559,True,
8735,0.0,0,0.0,799238.9912520928,optimal,0.04786620000231778,True,
8736,0.0,0,0.0,653299.877235322,optimal,0.047464199997193646,True,
8737,0.0,0,0.0,506095.85215448396,optimal,0.0427276000045822,True,
8738,0.0,0,0.0,355571.4355304691,optimal,0.04795229999581352,True,
8739,0.0,0,0.0,199038.6913521343,optimal,0.0458440000002156,True,
8740,0.0,0,0.0,32861.000310286014,optimal,0.05174109999643406,True,
8741,0.0,0,0.0,0.0,optimal,0.04974689999653492,True,
8742,0.0,0,0.0,0.0,optimal,0.04378079999878537,True,
8743,0.0,0,0.0,0.0,optimal,0.046399200000450946,True,
8744,0.0,0,0.0,0.0,optimal,0.028751199999533128,True,
8745,0.0,0,0.0,0.0,optimal,0.024306400002387818,True,
8746,0.0,0,0.0,0.0,optimal,0.040841699999873526,True,
8747,0.0,0,0.0,0.0,optimal,0.03947119999793358,True,
8748,0.0,0,0.0,0.0,optimal,0.04170439999870723,True,
8749,0.0,0,0.0,0.0,optimal,0.048524199999519624,True,
8750,0.0,0,0.0,0.0,optimal,0.04779520000010962,True,
8751,0.0,0,0.0,0.0,optimal,0.04674179999710759,True,
8752,0.0,0,0.0,0.0,optimal,0.047580399994330946,True,
8753,0.0,0,0.0,0.0,optimal,0.043708700002753176,True,
8754,0.0,0,0.0,0.0,optimal,0.038582499997573905,True,
8755,0.0,0,0.0,0.0,optimal,0.01693669999804115,True,
8756,0.0,0,0.0,0.0,optimal,0.021036399994045496,True,
8757,0.0,0,0.0,0.0,optimal,0.033416899997973815,True,
8758,0.0,0,0.0,0.0,optimal,0.030175100000633392,True,
8759,0.0,0,0.0,0.0,optimal,0.024973299994599074,True,
8760,0.0,0,0.0,0.0,optimal,0.01804680000350345,True,
