hour,EUE,USE_hours,max_unserved_MW,objective_value,solver_status,solve_time_s,truncated,error_message
1,0.0,0,0.0,1908482.3528693048,optimal,1.607149000003119,False,
2,0.0,0,0.0,1855973.5599022964,optimal,2.0697971000045072,False,
3,0.0,0,0.0,1824588.002799358,optimal,1.9912751000083517,False,
4,0.0,0,0.0,1830593.7887044146,optimal,1.925006499994197,False,
5,0.0,0,0.0,1849682.6518766342,optimal,1.439805100002559,False,
6,0.0,0,0.0,1877599.9284936772,optimal,2.652362799999537,False,
7,0.0,0,0.0,1869314.2308682147,optimal,2.0140217000007397,False,
8,0.0,0,0.0,1899305.2965542597,optimal,2.6940208000014536,False,
9,0.0,0,0.0,1917387.8946682215,optimal,2.404654500001925,False,
10,0.0,0,0.0,1941652.669971797,optimal,1.8471327000006568,False,
11,0.0,0,0.0,1989245.9826305434,optimal,2.4820861000043806,False,
12,0.0,0,0.0,2001108.8860164485,optimal,2.3434047999908216,False,
13,0.0,0,0.0,2032838.9382809487,optimal,1.6211826999933692,False,
14,0.0,0,0.0,2038753.0716631522,optimal,1.9424031000089599,False,
15,0.0,0,0.0,2049130.2401701112,optimal,2.233851800003322,False,
16,0.0,0,0.0,2079231.629771814,optimal,2.1204620000062278,False,
17,0.0,0,0.0,2127423.0572155095,optimal,1.8140669999993406,False,
18,0.0,0,0.0,2171664.7031242526,optimal,0.34882090000610333,False,
19,0.0,0,0.0,2220170.789356733,optimal,2.041373999993084,False,
20,0.0,0,0.0,2257378.9420133373,optimal,0.21990330000699032,False,
21,0.0,0,0.0,2290025.1564747333,optimal,1.9711973999947077,False,
22,0.0,0,0.0,2326720.5123662357,optimal,0.12257209999370389,False,
23,0.0,0,0.0,2352087.59910296,optimal,0.20766900001035538,False,
24,0.0,0,0.0,2378507.057976515,optimal,1.7343550000077812,False,
25,0.0,0,0.0,2405543.949227656,optimal,1.7072042999934638,False,
26,0.0,0,0.0,2428873.5324626723,optimal,0.1528818999940995,False,
27,0.0,0,0.0,2443045.4800270624,optimal,0.14083030000620056,False,
28,0.0,0,0.0,2450967.1459850557,optimal,0.11818079999648035,False,
29,0.0,0,0.0,2460599.77457068,optimal,0.11448530000052415,False,
30,0.0,0,0.0,2461664.9525772748,optimal,0.09641299999202602,False,
31,0.0,0,0.0,2455687.472969325,optimal,0.08170910000626463,False,
32,0.0,0,0.0,2464559.254824224,optimal,0.09170810000796337,False,
33,0.0,0,0.0,2482998.8946719635,optimal,0.08139639999717474,False,
34,0.0,0,0.0,2509509.110464079,optimal,0.07714520000445191,False,
35,0.0,0,0.0,2529591.623598116,optimal,0.1333334999944782,False,
36,0.0,0,0.0,2565736.2396607394,optimal,0.11241610000433866,False,
37,0.0,0,0.0,2585643.690261537,optimal,0.10003380000125617,False,
38,0.0,0,0.0,2584523.7294968157,optimal,0.14070299999730196,False,
39,0.0,0,0.0,2593215.8667212357,optimal,0.1109299999952782,False,
40,0.0,0,0.0,2587871.514849608,optimal,0.08887619999586605,False,
41,0.0,0,0.0,2599051.596852536,optimal,0.08884470000339206,False,
42,0.0,0,0.0,2606657.358042766,optimal,0.07772709999699146,False,
43,0.0,0,0.0,2608561.2963904515,optimal,0.10030399999232031,False,
44,0.0,0,0.0,2625021.660071567,optimal,0.11057799999252893,False,
45,0.0,0,0.0,2640374.8864617767,optimal,0.4698066000128165,False,
46,0.0,0,0.0,2655772.5329176118,optimal,0.28172270000504795,False,
47,0.0,0,0.0,2674808.80348079,optimal,0.5132502000051318,False,
48,0.0,0,0.0,2692043.9207604313,optimal,0.3594293999922229,False,
49,0.0,0,0.0,2709337.3259796537,optimal,0.44426930000190623,False,
50,0.0,0,0.0,2725366.610986999,optimal,0.40898820001166314,False,
51,0.0,0,0.0,2738974.7450513667,optimal,0.2747066000010818,False,
52,0.0,0,0.0,2744850.40700986,optimal,0.3517823000001954,False,
53,0.0,0,0.0,2744657.2472872525,optimal,0.34515490000194404,False,
54,0.0,0,0.0,2770231.386767502,optimal,0.1354356999945594,False,
55,0.0,0,0.0,2785477.1014234447,optimal,0.13506120000965893,False,
56,0.0,0,0.0,2797973.3735529236,optimal,0.10711649998847861,False,
57,0.0,0,0.0,2802598.6260106987,optimal,0.087173799998709,False,
58,0.0,0,0.0,2804263.9954957454,optimal,0.10663059999933466,False,
59,0.0,0,0.0,2808252.577727495,optimal,0.06821119999221992,False,
60,0.0,0,0.0,2809971.3127274946,optimal,0.07555859998683445,False,
61,0.0,0,0.0,2809734.3563138647,optimal,0.07980809999571647,False,
62,0.0,0,0.0,2801882.35860588,optimal,0.14173010000376962,False,
63,0.0,0,0.0,2788833.3195857015,optimal,0.15450309999869205,False,
64,0.0,0,0.0,2772040.58867039,optimal,0.12734849999833386,False,
65,0.0,0,0.0,2770753.157356715,optimal,0.12782249999872874,False,
66,0.0,0,0.0,2768988.960674621,optimal,0.09390439999697264,False,
67,0.0,0,0.0,2771437.230674621,optimal,0.08950560000084806,False,
68,0.0,0,0.0,2772501.1570043364,optimal,0.0983091000089189,False,
69,0.0,0,0.0,2771236.5217160415,optimal,0.08173079999687616,False,
70,0.0,0,0.0,2766730.257958764,optimal,0.100028700006078,False,
71,0.0,0,0.0,2766954.538268006,optimal,0.09367319999728352,False,
72,0.0,0,0.0,2770771.8294431586,optimal,0.0891641000052914,False,
73,0.0,0,0.0,2776586.2183343647,optimal,0.08547940000426024,False,
74,0.0,0,0.0,2781964.993334364,optimal,0.09103529999265447,False,
75,0.0,0,0.0,2787845.312177656,optimal,0.08140100000309758,False,
76,0.0,0,0.0,2800017.0492879306,optimal,0.0890707999933511,False,
77,0.0,0,0.0,2808066.4534565452,optimal,0.08399610000196844,False,
78,0.0,0,0.0,2816230.3010919574,optimal,0.0765914000076009,False,
79,0.0,0,0.0,2829892.9719460183,optimal,0.06707570000435226,False,
80,0.0,0,0.0,2841113.931809796,optimal,0.08897019999858458,False,
81,0.0,0,0.0,2854232.2190203043,optimal,0.07904199999757111,False,
82,0.0,0,0.0,2865281.363534431,optimal,0.09115160000510514,False,
83,0.0,0,0.0,2875959.579624196,optimal,0.07360429999243934,False,
84,0.0,0,0.0,2874320.6555010867,optimal,0.07475939999858383,False,
85,0.0,0,0.0,2865360.312174895,optimal,0.07821739999053534,False,
86,0.0,0,0.0,2857145.481131679,optimal,0.08415850000164937,False,
87,0.0,0,0.0,2861693.5746851964,optimal,0.08493220001400914,False,
88,0.0,0,0.0,2868100.207365117,optimal,0.08251210000889841,False,
89,0.0,0,0.0,2879167.836468993,optimal,0.07378089999838267,False,
90,0.0,0,0.0,2893806.986953232,optimal,0.06471659999806434,False,
91,0.0,0,0.0,2898494.1078649997,optimal,0.14292430000205059,False,
92,0.0,0,0.0,2904095.452864999,optimal,0.06235369999194518,False,
93,0.0,0,0.0,2908092.249902067,optimal,0.07265100000950042,False,
94,0.0,0,0.0,2913730.6899020667,optimal,0.06613989999459591,False,
95,0.0,0,0.0,2914010.630447627,optimal,0.06784860001062043,False,
96,0.0,0,0.0,2918394.523330426,optimal,0.06024500000057742,False,
97,0.0,0,0.0,2920692.469848561,optimal,0.05304230000183452,False,
98,0.0,0,0.0,2904142.740192397,optimal,0.07111300001270138,False,
99,0.0,0,0.0,2895435.3605071087,optimal,0.06751700000313576,False,
100,0.0,0,0.0,2888440.9625974433,optimal,0.0752552000049036,False,
101,0.0,0,0.0,2884384.232364699,optimal,0.06043699999281671,False,
102,0.0,0,0.0,2885501.940733833,optimal,0.10588440000719856,False,
103,0.0,0,0.0,2879862.135126054,optimal,0.07162210000387859,False,
104,0.0,0,0.0,2874572.4942333535,optimal,0.0990765000024112,False,
105,0.0,0,0.0,2920636.4939221833,optimal,0.07502889999886975,False,
106,0.0,0,0.0,2919994.985347784,optimal,0.06974570000602398,False,
107,0.0,0,0.0,2921413.088729771,optimal,0.06794979999540374,False,
108,0.0,0,0.0,2906856.615733286,optimal,0.06800850000581704,False,
109,0.0,0,0.0,2888145.4960410953,optimal,0.05839130000094883,False,
110,0.0,0,0.0,2873447.5743065425,optimal,0.06092489999718964,False,
111,0.0,0,0.0,2853966.5560462186,optimal,0.062029599997913465,False,
112,0.0,0,0.0,2843060.35152257,optimal,0.049510900003951974,False,
113,0.0,0,0.0,2902120.309485682,optimal,0.06443240000226069,False,
114,0.0,0,0.0,2966405.3602646673,optimal,0.0662432999961311,False,
115,0.0,0,0.0,2955850.529910638,optimal,0.0710518999985652,False,
116,0.0,0,0.0,2959237.4455457493,optimal,0.13512690000061411,False,
117,0.0,0,0.0,3016546.5054037883,optimal,0.1012126999994507,False,
118,0.0,0,0.0,3084279.5011993353,optimal,0.10740269999951124,False,
119,0.0,0,0.0,3139653.6113966173,optimal,0.10481730000174139,False,
120,0.0,0,0.0,3184805.6192770936,optimal,0.09712500000023283,False,
121,0.0,0,0.0,3198480.6212650626,optimal,0.08833719999529421,False,
122,0.0,0,0.0,3214299.644358215,optimal,0.07939860000624321,False,
123,0.0,0,0.0,3224321.0735449307,optimal,0.07388380001066253,False,
124,0.0,0,0.0,3237445.65783603,optimal,0.05774109999765642,False,
125,0.0,0,0.0,3249822.563225159,optimal,0.13025220000417903,False,
126,0.0,0,0.0,3255585.330030119,optimal,0.05982939999375958,False,
127,0.0,0,0.0,3268338.3918868224,optimal,0.05864550000114832,False,
128,0.0,0,0.0,3274086.611746272,optimal,0.07103000000643078,False,
129,0.0,0,0.0,3278905.8998063677,optimal,0.06952570000430569,False,
130,0.0,0,0.0,3286326.260301047,optimal,0.05946309999853838,False,
131,0.0,0,0.0,3363255.659639773,optimal,0.0582801999989897,False,
132,0.0,0,0.0,3363501.0899463207,optimal,0.055406199986464344,False,
133,0.0,0,0.0,3363400.6197055886,optimal,0.0652478000120027,False,
134,0.0,0,0.0,3363991.114427234,optimal,0.05454480000480544,False,
135,0.0,0,0.0,3357717.4053320526,optimal,0.05795869999565184,False,
136,0.0,0,0.0,3374710.5385439903,optimal,0.06890699999348726,False,
137,0.0,0,0.0,3472164.711818698,optimal,0.05065469999681227,False,
138,0.0,0,0.0,3574234.582519117,optimal,0.0665688000008231,False,
139,0.0,0,0.0,3593930.2897631293,optimal,0.06903680000687018,False,
140,0.0,0,0.0,3609086.1807690295,optimal,0.07333649999054614,False,
141,0.0,0,0.0,3687076.4246927695,optimal,0.08083740000438411,False,
142,0.0,0,0.0,3756810.202673136,optimal,0.13753570000699256,False,
143,0.0,0,0.0,3759304.452165528,optimal,0.06067849999817554,False,
144,0.0,0,0.0,3749421.3027650965,optimal,0.1362224999902537,False,
145,0.0,0,0.0,3745730.638617067,optimal,0.07596990000456572,False,
146,0.0,0,0.0,3785538.1198765,optimal,0.0820499999972526,False,
147,0.0,0,0.0,3800783.5492151524,optimal,0.08274779999919701,False,
148,0.0,0,0.0,3815724.715451985,optimal,0.09481460000097286,False,
149,0.0,0,0.0,3863444.4550678027,optimal,0.06737970000540372,False,
150,0.0,0,0.0,3914310.987031876,optimal,0.0635234999936074,False,
151,0.0,0,0.0,3979767.3277082425,optimal,0.08169649999763351,False,
152,0.0,0,0.0,4060283.4781987644,optimal,0.06087370000022929,False,
153,0.0,0,0.0,4154855.4248645566,optimal,0.09464299998944625,False,
154,0.0,0,0.0,4257588.8107529795,optimal,0.05227250000461936,False,
155,0.0,0,0.0,4359563.636591755,optimal,0.0766626999975415,False,
156,0.0,0,0.0,4377394.698006828,optimal,0.06369819999963511,False,
157,0.0,0,0.0,4396287.908266169,optimal,0.07955589999619406,False,
158,0.0,0,0.0,4406639.187490956,optimal,0.07168429999728687,False,
159,0.0,0,0.0,4407358.723294145,optimal,0.06411380000645295,False,
160,0.0,0,0.0,4423772.831328698,optimal,0.055994100010138936,False,
161,0.0,0,0.0,4467398.336571247,optimal,0.13322940000216477,False,
162,0.0,0,0.0,4599353.21746038,optimal,0.06431750000047032,False,
163,0.0,0,0.0,4719698.854693932,optimal,0.05484270000306424,False,
164,0.0,0,0.0,4755003.442423053,optimal,0.07473259999824222,False,
165,0.0,0,0.0,4775721.603837037,optimal,0.05502930001239292,False,
166,0.0,0,0.0,4841421.148784887,optimal,0.06912660000671167,False,
167,0.0,0,0.0,4909972.083596709,optimal,0.052264199999626726,False,
168,0.0,0,0.0,4965539.132161942,optimal,0.060253100004047155,False,
169,0.0,0,0.0,5007302.519795058,optimal,0.05885190000117291,False,
170,0.0,0,0.0,5035120.229610499,optimal,0.059517500005313195,False,
171,0.0,0,0.0,5048329.103758891,optimal,0.052349599995068274,False,
172,0.0,0,0.0,5067349.244169596,optimal,0.059074500008136965,False,
173,0.0,0,0.0,5096058.878724619,optimal,0.05481909999798518,False,
174,0.0,0,0.0,5130380.143096813,optimal,0.059988099994370714,False,
175,0.0,0,0.0,5173723.994727436,optimal,0.06484669999917969,False,
176,0.0,0,0.0,5223866.110558815,optimal,0.07671470000059344,False,
177,0.0,0,0.0,5289100.907080037,optimal,0.05588070000521839,False,
178,0.0,0,0.0,5348028.485901767,optimal,0.05322689999593422,False,
179,0.0,0,0.0,5383204.495967788,optimal,0.06634930000291206,False,
180,0.0,0,0.0,5326355.626284018,optimal,0.05007830000249669,False,
181,0.0,0,0.0,5295498.502362693,optimal,0.06684729999687988,False,
182,0.0,0,0.0,5284339.010242692,optimal,0.054872799999429844,False,
183,0.0,0,0.0,5278574.896049183,optimal,0.07219110000005458,False,
184,0.0,0,0.0,5299845.668530694,optimal,0.05381130000751,False,
185,0.0,0,0.0,5311431.16520535,optimal,0.0695323000109056,False,
186,0.0,0,0.0,5400233.216942968,optimal,0.06184729999222327,False,
187,0.0,0,0.0,5486965.172918706,optimal,0.05603249999694526,False,
188,0.0,0,0.0,5572084.709227261,optimal,0.05922380000993144,False,
189,0.0,0,0.0,5649274.427917664,optimal,0.07486389999394305,False,
190,0.0,0,0.0,5653646.947879148,optimal,0.08011409999744501,False,
191,0.0,0,0.0,5707874.127895941,optimal,0.0701855999941472,False,
192,0.0,0,0.0,5743352.600705212,optimal,0.06665300000167917,False,
193,0.0,0,0.0,5738216.885480129,optimal,0.06315519999770913,False,
194,0.0,0,0.0,5717989.322761924,optimal,0.13242690000333823,False,
195,0.0,0,0.0,5676852.4898114,optimal,0.08485400000063237,False,
196,0.0,0,0.0,5655550.0027856715,optimal,0.06505509999988135,False,
197,0.0,0,0.0,5640023.496929146,optimal,0.07241069999872707,False,
198,0.0,0,0.0,5627235.274638277,optimal,0.07175099999585655,False,
199,0.0,0,0.0,5617805.985534346,optimal,0.06486829998902977,False,
200,0.0,0,0.0,5599306.239337456,optimal,0.09042989999579731,False,
201,0.0,0,0.0,5585287.665638093,optimal,0.08130429999437183,False,
202,0.0,0,0.0,5572747.334498033,optimal,0.07307889999356121,False,
203,0.0,0,0.0,5546451.56047965,optimal,0.08311890000186395,False,
204,0.0,0,0.0,5482807.088531675,optimal,0.07593410000845324,False,
205,0.0,0,0.0,5450728.235734461,optimal,0.05721110000740737,False,
206,0.0,0,0.0,5429898.34409572,optimal,0.057376500000827946,False,
207,0.0,0,0.0,5424444.245309577,optimal,0.12661859999934677,False,
208,0.0,0,0.0,5424344.293601491,optimal,0.06936149999091867,False,
209,0.0,0,0.0,5415525.301201272,optimal,0.054127600000356324,False,
210,0.0,0,0.0,5394043.179285341,optimal,0.06924599999911152,False,
211,0.0,0,0.0,5377487.595008747,optimal,0.06879059999482706,False,
212,0.0,0,0.0,5367630.0975157,optimal,0.07573180001054425,False,
213,0.0,0,0.0,5357477.509731358,optimal,0.06000979999953415,False,
214,0.0,0,0.0,5348248.4710712,optimal,0.06298830000741873,False,
215,0.0,0,0.0,5341085.526258087,optimal,0.058538299999781884,False,
216,0.0,0,0.0,5338302.831996099,optimal,0.11721709999255836,False,
217,0.0,0,0.0,5323514.546971766,optimal,0.06439169999794103,False,
218,0.0,0,0.0,5338679.056799159,optimal,0.06416720000561327,False,
219,0.0,0,0.0,5354588.489814623,optimal,0.05877679999684915,False,
220,0.0,0,0.0,5356874.382130757,optimal,0.06604540000262205,False,
221,0.0,0,0.0,5337791.2613297645,optimal,0.06291519998922013,False,
222,0.0,0,0.0,5347319.8225410255,optimal,0.06563280000409577,False,
223,0.0,0,0.0,5352882.944038652,optimal,0.05954020000353921,False,
224,0.0,0,0.0,5398608.287875872,optimal,0.08017139999719802,False,
225,0.0,0,0.0,5400393.062217961,optimal,0.06817440000304487,False,
226,0.0,0,0.0,5412469.845704832,optimal,0.0673670999967726,False,
227,0.0,0,0.0,5520569.907425039,optimal,0.06455049999931362,False,
228,0.0,0,0.0,5549158.013195475,optimal,0.07915380000486039,False,
229,0.0,0,0.0,5564861.759279237,optimal,0.12864969999645837,False,
230,0.0,0,0.0,5541922.672456209,optimal,0.07051989999308717,False,
231,0.0,0,0.0,5510021.83860064,optimal,0.07342070000595413,False,
232,0.0,0,0.0,5478099.332971299,optimal,0.07540760000119917,False,
233,0.0,0,0.0,5532993.777370606,optimal,0.06997169999522157,False,
234,0.0,0,0.0,5524234.557437345,optimal,0.14129119999415707,False,
235,0.0,0,0.0,5512474.843179204,optimal,0.07217350001155864,False,
236,0.0,0,0.0,5502173.602811451,optimal,0.06822159999865107,False,
237,0.0,0,0.0,5500564.244536343,optimal,0.06842569999571424,False,
238,0.0,0,0.0,5494027.174770074,optimal,0.06408620000001974,False,
239,0.0,0,0.0,5483352.875550536,optimal,0.06470669999544043,False,
240,0.0,0,0.0,5483768.653392971,optimal,0.07403050000721123,False,
241,0.0,0,0.0,5517088.277103718,optimal,0.15233540000917856,False,
242,0.0,0,0.0,5529468.100660466,optimal,0.158877299996675,False,
243,0.0,0,0.0,5572207.058474975,optimal,0.14525200000207406,False,
244,0.0,0,0.0,5570735.066740582,optimal,0.07320929999696091,False,
245,0.0,0,0.0,5601314.984720923,optimal,0.13127180001174565,False,
246,0.0,0,0.0,5637044.02975512,optimal,0.06260350000229664,False,
247,0.0,0,0.0,5645859.793952206,optimal,0.1410253000067314,False,
248,0.0,0,0.0,5661738.647365506,optimal,0.08002829999895766,False,
249,0.0,0,0.0,5677834.030577762,optimal,0.06724509999912698,False,
250,0.0,0,0.0,5691909.752949953,optimal,0.07943399999930989,False,
251,0.0,0,0.0,5705724.837662023,optimal,0.06037300000025425,False,
252,0.0,0,0.0,5721005.673059255,optimal,0.06388529999821912,False,
253,0.0,0,0.0,5696816.728139882,optimal,0.7120628999982728,False,
254,0.0,0,0.0,5640469.170507313,optimal,0.5999637999921106,False,
255,0.0,0,0.0,5595351.07233594,optimal,0.5325817999982974,False,
256,0.0,0,0.0,5546601.542609651,optimal,0.6552998999977717,False,
257,0.0,0,0.0,5576526.956113857,optimal,0.5925772999908077,False,
258,0.0,0,0.0,5534790.10682408,optimal,0.4267240000044694,False,
259,0.0,0,0.0,5486151.840887394,optimal,0.5322068999957992,False,
260,0.0,0,0.0,5491342.4365974795,optimal,0.5258284000010462,False,
261,0.0,0,0.0,5485620.5080991555,optimal,0.4446719999978086,False,
262,0.0,0,0.0,5482467.791142695,optimal,0.3739648000046145,False,
263,0.0,0,0.0,5517652.820714521,optimal,0.3091095999989193,False,
264,0.0,0,0.0,5465658.7592159975,optimal,0.1671455000032438,False,
265,0.0,0,0.0,5424713.018901463,optimal,0.12768329998652916,False,
266,0.0,0,0.0,5379185.26609973,optimal,0.10262180000427179,False,
267,0.0,0,0.0,5320444.840590148,optimal,0.08282770001096651,False,
268,0.0,0,0.0,5292059.7856809255,optimal,0.1698195999924792,False,
269,14.18995969034367,1,14.18995969034367,5408227.346044787,optimal,0.1325725000060629,False,
270,31.532413530122753,1,31.532413530122753,5590006.536826646,optimal,0.0827551999973366,False,
271,28.13241353012333,1,28.13241353012333,5568025.850981923,optimal,0.06080639999709092,False,
272,20.63241353012404,1,20.63241353012404,5498546.216182679,optimal,0.0729152999992948,False,
273,10.832413530123944,1,10.832413530123944,5345484.589598187,optimal,0.06664779999118764,False,
274,2.2324135301234946,1,2.2324135301234946,5246972.395354268,optimal,0.14128820000041742,False,
275,0.0,0,0.0,5194879.865611485,optimal,0.07645949999277946,False,
276,0.0,0,0.0,5169034.990216809,optimal,0.1496851000119932,False,
277,0.0,0,0.0,5134432.220042744,optimal,0.12959810000029393,False,
278,0.0,0,0.0,5104401.08298301,optimal,0.0757335999951465,False,
279,0.0,0,0.0,5088728.508598302,optimal,0.06630579999182373,False,
280,28.493497053623813,1,28.493497053623813,5357272.794242688,optimal,0.10062969999853522,False,
281,27.693497053624014,1,27.693497053624014,5346253.216803036,optimal,0.13803670000925194,False,
282,26.39349705362534,1,26.39349705362534,5352394.734727988,optimal,0.05586809999658726,False,
283,76.45042057712527,1,76.45042057712527,5870547.614188432,optimal,0.06152409999049269,False,
284,71.75042057712585,1,71.75042057712585,5780671.354021251,optimal,0.06614280000212602,False,
285,110.42689267778067,2,91.7,6125077.350006013,optimal,0.061832400009734556,False,
286,105.82689267778203,1,105.82689267778203,6030813.114732209,optimal,0.07872459999634884,False,
287,136.0838162012825,2,109.4,6274794.975250746,optimal,0.12925539999559987,False,
288,161.24073972478323,2,89.6,6465788.719304515,optimal,0.05645540000114124,False,
289,159.74073972478377,2,90.1,6388561.12525141,optimal,0.06688280000525992,False,
290,158.24073972478303,2,92.0,6314489.147777517,optimal,0.053033899996080436,False,
291,155.94073972478347,2,92.6,6245954.98332932,optimal,0.05372150000766851,False,
292,158.34026297307986,2,89.6,6237165.022010878,optimal,0.06655679999676067,False,
293,161.2454430780133,2,90.1,6213825.697629335,optimal,0.07653520000167191,False,
294,180.43142785494143,3,89.4,6355619.638245233,optimal,0.07930660000420175,False,
295,171.43142785494217,2,92.6,6214700.411533991,optimal,0.05701540000154637,False,
296,176.66226282178022,2,92.0,6209242.438910371,optimal,0.07161379999888595,False,
297,160.46226282177946,2,91.4,5995766.524046062,optimal,0.05407559999730438,False,
298,146.49812194345773,2,89.6,5798020.890140822,optimal,0.05707629999960773,False,
299,132.0981219434574,2,87.3,5597367.150265603,optimal,0.06204829999478534,False,
300,119.898121943457,2,92.0,5459472.417341317,optimal,0.06270609999774024,False,
301,109.4981219434568,2,95.6,5347914.241613294,optimal,0.058896000002278015,False,
302,100.69812194345704,2,88.1,5259914.241613296,optimal,0.057458800001768395,False,
303,92.09812194345727,2,89.6,5173914.241613299,optimal,0.06500570000207517,False,
304,83.9981219434571,1,83.9981219434571,5092914.241613299,optimal,0.06412880000425503,False,
305,93.10762635404413,2,90.1,5184009.285719167,optimal,0.06892680001328699,False,
306,89.20762635404452,1,89.20762635404452,5145009.285719171,optimal,0.06132470000011381,False,
307,86.80762635404447,1,86.80762635404447,5135060.355591245,optimal,0.08064679999370128,False,
308,84.50762635404472,1,84.50762635404472,5124316.925142514,optimal,0.062403700008871965,False,
309,108.1989628279421,2,86.4,5343114.146304206,optimal,0.05395200000202749,False,
310,105.4989628279421,2,88.1,5334407.535130442,optimal,0.07828759998665191,False,
311,102.39896282794234,2,87.3,5273034.229941043,optimal,0.08901809999952093,False,
312,98.99896282794245,2,96.4,5274397.492404683,optimal,0.10247879999224097,False,
313,95.19896282794173,2,92.6,5276549.6076390715,optimal,0.07555340000544675,False,
314,91.49896282794067,2,89.4,5288675.84628057,optimal,0.06211250000342261,False,
315,87.3989628279422,1,87.3989628279422,5285145.695950361,optimal,0.07621430000290275,False,
316,83.59896282794179,1,83.59896282794179,5297173.404838267,optimal,0.05988519999664277,False,
317,79.99896282794239,1,79.99896282794239,5313410.167114125,optimal,0.07401620000018738,False,
318,77.19896282794176,1,77.19896282794176,5259251.03729736,optimal,0.11777110000548419,False,
319,75.49896282794187,1,75.49896282794187,5230991.924393335,optimal,0.061920699998154305,False,
320,74.59896282794192,1,74.59896282794192,5216326.3864731435,optimal,0.09084040000743698,False,
321,74.19896282794149,1,74.19896282794149,5281526.871016407,optimal,0.06960639999306295,False,
322,74.6989628279421,1,74.6989628279421,5283915.951089894,optimal,0.07572779999463819,False,
323,75.29896282794164,1,75.29896282794164,5291173.005650436,optimal,0.06910040001093876,False,
324,74.99896282794032,1,74.99896282794032,5284859.721602535,optimal,0.05009389999031555,False,
325,74.89896282794057,1,74.89896282794057,5265548.054415123,optimal,0.061396199991577305,False,
326,74.09896282794186,1,74.09896282794186,5278045.077546957,optimal,0.056750000003376044,False,
327,73.79896282794216,1,73.79896282794216,5301426.307782165,optimal,0.06104400000185706,False,
328,74.19896282794181,1,74.19896282794181,5319845.253352098,optimal,0.05295700000715442,False,
329,75.29896282794193,1,75.29896282794193,5306892.126089897,optimal,0.06293559999903664,False,
330,77.19896282794222,1,77.19896282794222,5321730.994981799,optimal,0.12324699999589939,False,
331,80.59896282794264,1,80.59896282794264,5364812.8526412705,optimal,0.07007919999887235,False,
332,83.79896282794259,1,83.79896282794259,5450457.032015796,optimal,0.07867020000412595,False,
333,87.19896282794268,1,87.19896282794268,5535763.275780853,optimal,0.07452320000447799,False,
334,89.59896282794311,2,87.3,5609331.246029746,optimal,0.07193639999604784,False,
335,90.49896282794306,2,86.2,5665496.413306919,optimal,0.07271729999047238,False,
336,89.09896282794247,2,86.0,5694411.518611267,optimal,0.07509949999803212,False,
337,86.79896282794266,1,86.79896282794266,5712840.532237428,optimal,0.07952359999762848,False,
338,84.29896282794198,1,84.29896282794198,5723409.352873091,optimal,0.0644254000071669,False,
339,82.09896282794257,1,82.09896282794257,5740033.643444676,optimal,0.059947199988528155,False,
340,80.9989628279425,1,80.9989628279425,5767526.50657808,optimal,0.05547330000263173,False,
341,80.59896282794234,1,80.59896282794234,5799267.120321312,optimal,0.05897030000051018,False,
342,82.29896282794205,1,82.29896282794205,5853561.57105932,optimal,0.062649399988004,False,
343,87.49896282794205,2,86.0,5945607.676688971,optimal,0.05870399999548681,False,
344,97.69896282794254,2,93.3,6088596.408050596,optimal,0.06950929999584332,False,
345,109.99896282794245,2,90.1,6253183.02289412,optimal,0.059583499998552725,False,
346,121.79896282794232,2,87.2,6409553.170710073,optimal,0.07808120000117924,False,
347,129.23239248703624,2,87.3,6528739.178697511,optimal,0.06537130000651814,False,
348,121.08289105612072,2,87.2,6482411.718169276,optimal,0.06486480000603478,False,
349,70.32985678104237,1,70.32985678104237,6028795.492504383,optimal,0.08483049999631476,False,
350,17.454640781042613,1,17.454640781042613,5501339.614158456,optimal,0.056392200000118464,False,
351,0.0,0,0.0,5269365.334538341,optimal,0.06022179999854416,False,
352,0.0,0,0.0,5183706.796892542,optimal,0.06515289998787921,False,
353,0.0,0,0.0,5091376.324992508,optimal,0.09169970000220928,False,
354,0.0,0,0.0,5042350.926965581,optimal,0.05937120001181029,False,
355,0.0,0,0.0,5013774.192284632,optimal,0.0883795999980066,False,
356,0.0,0,0.0,5016397.4293072615,optimal,0.060044900004868396,False,
357,0.0,0,0.0,4994525.20657714,optimal,0.13497850000567269,False,
358,0.0,0,0.0,5077310.453621531,optimal,0.06411550000484567,False,
359,0.0,0,0.0,4994407.858956199,optimal,0.07484889999614097,False,
360,0.0,0,0.0,4898830.607036924,optimal,0.06488269999681506,False,
361,0.0,0,0.0,4777683.846219892,optimal,0.07448029999795835,False,
362,0.0,0,0.0,4672175.231960905,optimal,0.0513444999960484,False,
363,0.0,0,0.0,4581489.899480452,optimal,0.06416629999876022,False,
364,0.0,0,0.0,4494049.07286571,optimal,0.053242399997543544,False,
365,0.0,0,0.0,4508749.341371492,optimal,0.058396399996127,False,
366,0.0,0,0.0,4550666.649740875,optimal,0.11806080001406372,False,
367,0.0,0,0.0,4590706.559075736,optimal,0.1431309999898076,False,
368,0.0,0,0.0,4516590.165759696,optimal,0.08632899999793153,False,
369,0.0,0,0.0,4562270.477068382,optimal,0.07473690000188071,False,
370,0.0,0,0.0,4606613.157377055,optimal,0.13338510000903625,False,
371,0.0,0,0.0,4644245.023606001,optimal,0.06537870000465773,False,
372,0.0,0,0.0,4659425.065065777,optimal,0.07415889999538194,False,
373,0.0,0,0.0,4591373.393479899,optimal,0.06516899999405723,False,
374,0.0,0,0.0,4525082.80145995,optimal,0.07164700000430457,False,
375,0.0,0,0.0,4505944.435913212,optimal,0.06549459999951068,False,
376,0.0,0,0.0,4561375.2045011595,optimal,0.06738570000743493,False,
377,0.0,0,0.0,4616836.996774265,optimal,0.0727103000099305,False,
378,0.0,0,0.0,4652513.268169083,optimal,0.07941450001089834,False,
379,0.0,0,0.0,4565943.67552195,optimal,0.06654020000132732,False,
380,0.0,0,0.0,4531433.256087043,optimal,0.05309250000573229,False,
381,0.0,0,0.0,4445232.613242941,optimal,0.06843329999537673,False,
382,0.0,0,0.0,4372916.267640253,optimal,0.07056719998945482,False,
383,0.0,0,0.0,4288081.611028431,optimal,0.06930270000884775,False,
384,0.0,0,0.0,4219465.526487274,optimal,0.05283440000494011,False,
385,0.0,0,0.0,4169144.0200213464,optimal,0.06637780000164639,False,
386,0.0,0,0.0,4087401.1220108597,optimal,0.0808761000080267,False,
387,0.0,0,0.0,4020962.4871495515,optimal,0.06712110000080429,False,
388,0.0,0,0.0,3939421.5844179424,optimal,0.0746153000072809,False,
389,0.0,0,0.0,3870897.8660207503,optimal,0.05605299999297131,False,
390,0.0,0,0.0,3801218.680134604,optimal,0.06113369998638518,False,
391,0.0,0,0.0,3718338.0665533147,optimal,0.061441400001058355,False,
392,0.0,0,0.0,3635225.4551973394,optimal,0.08025810000253841,False,
393,0.0,0,0.0,3564825.789655229,optimal,0.07376130000920966,False,
394,0.0,0,0.0,3499957.4631320983,optimal,0.07316020000143908,False,
395,0.0,0,0.0,3439166.742870222,optimal,0.07308840000769123,False,
396,0.0,0,0.0,3368513.925732652,optimal,0.09870800000499003,False,
397,0.0,0,0.0,3299425.8852966395,optimal,0.06180560000939295,False,
398,0.0,0,0.0,3270890.885269172,optimal,0.12820740000461228,False,
399,0.0,0,0.0,3260641.1634587413,optimal,0.1145974999963073,False,
400,0.0,0,0.0,3230775.2358460072,optimal,0.13355329999467358,False,
401,0.0,0,0.0,3168142.338732467,optimal,0.07503069999802392,False,
402,0.0,0,0.0,3094639.3947779033,optimal,0.06333659999654628,False,
403,0.0,0,0.0,2988881.4273189637,optimal,0.06779059999098536,False,
404,0.0,0,0.0,2867845.9534110324,optimal,0.09484380000503734,False,
405,0.0,0,0.0,2787690.4917340544,optimal,0.18418630000087433,False,
406,0.0,0,0.0,2752555.156743397,optimal,0.05616629999713041,False,
407,0.0,0,0.0,2725764.737565078,optimal,0.07366520000505261,False,
408,0.0,0,0.0,2711404.698313326,optimal,0.09482509999361355,False,
409,0.0,0,0.0,2727906.9470798145,optimal,0.06137779999698978,False,
410,0.0,0,0.0,2728767.414016328,optimal,0.08836609999707434,False,
411,0.0,0,0.0,2731821.5021560676,optimal,0.07737339999584947,False,
412,0.0,0,0.0,2749689.6152204014,optimal,0.0752412000001641,False,
413,0.0,0,0.0,2768167.3566002366,optimal,0.09050720000232104,False,
414,0.0,0,0.0,2763037.831551528,optimal,0.10227030000532977,False,
415,0.0,0,0.0,2774007.4236053135,optimal,0.07610660001228098,False,
416,0.0,0,0.0,2768502.941145444,optimal,0.16877289999683853,False,
417,0.0,0,0.0,2763117.1390484674,optimal,0.13455759998760186,False,
418,0.0,0,0.0,2769700.864598308,optimal,0.056014400004642084,False,
419,0.0,0,0.0,2772876.662413528,optimal,0.06547479999426287,False,
420,0.0,0,0.0,2747452.1034906795,optimal,0.052525300008710474,False,
421,0.0,0,0.0,2724929.273015409,optimal,0.06706000000122003,False,
422,0.0,0,0.0,2703004.056488444,optimal,0.06493599999521393,False,
423,0.0,0,0.0,2691367.837126061,optimal,0.04914069999358617,False,
424,0.0,0,0.0,2678629.8296790654,optimal,0.07626519999757875,False,
425,0.0,0,0.0,2682618.21102076,optimal,0.058132299993303604,False,
426,0.0,0,0.0,2693179.9387522,optimal,0.0723269000009168,False,
427,0.0,0,0.0,2690679.4635764277,optimal,0.0687482000066666,False,
428,0.0,0,0.0,2706160.4064814276,optimal,0.05898240000533406,False,
429,0.0,0,0.0,2717585.1455090144,optimal,0.07667520000541117,False,
430,0.0,0,0.0,2714493.8955090144,optimal,0.12626540000201203,False,
431,0.0,0,0.0,2712020.895509014,optimal,0.14038729999447241,False,
432,0.0,0,0.0,2710166.145509014,optimal,0.09918180000386201,False,
433,0.0,0,0.0,2707587.3749260404,optimal,0.08243989999755286,False,
434,0.0,0,0.0,2705707.453513197,optimal,0.07947959999728482,False,
435,0.0,0,0.0,2703667.228513197,optimal,0.09333459999470506,False,
436,0.0,0,0.0,2701354.973513197,optimal,0.06227520000538789,False,
437,0.0,0,0.0,2700763.7268399135,optimal,0.14286219999485184,False,
438,0.0,0,0.0,2700761.1110381917,optimal,0.061816999994334765,False,
439,0.0,0,0.0,2696532.281038192,optimal,0.06310420000227168,False,
440,0.0,0,0.0,2692130.542463916,optimal,0.06760519999079406,False,
441,0.0,0,0.0,2686352.750468954,optimal,0.06792289999430068,False,
442,0.0,0,0.0,2680057.1682358067,optimal,0.0670523000007961,False,
443,0.0,0,0.0,2670529.9456574223,optimal,0.058150600001681596,False,
444,0.0,0,0.0,2655344.3777000126,optimal,0.058515800003078766,False,
445,0.0,0,0.0,2581884.7498859214,optimal,0.24356109999644104,False,
446,0.0,0,0.0,2484330.9305253304,optimal,0.2199313000019174,False,
447,0.0,0,0.0,2437177.4882721296,optimal,0.205584600000293,False,
448,0.0,0,0.0,2416827.7893905914,optimal,0.153060299999197,False,
449,0.0,0,0.0,2395704.3171570515,optimal,0.11285199999110773,False,
450,0.0,0,0.0,2390399.0439787465,optimal,0.08870300000126008,False,
451,0.0,0,0.0,2423901.4680936537,optimal,0.07121390000975225,False,
452,0.0,0,0.0,2460312.2193318014,optimal,0.07003309999709018,False,
453,0.0,0,0.0,2491328.2929445026,optimal,0.057979599994723685,False,
454,0.0,0,0.0,2524564.8452761276,optimal,0.07846050000807736,False,
455,0.0,0,0.0,2546054.358308553,optimal,0.07843310000316706,False,
456,0.0,0,0.0,2548548.179122163,optimal,0.09430199999769684,False,
457,0.0,0,0.0,2539895.3412192,optimal,0.0838272999972105,False,
458,0.0,0,0.0,2538150.105548177,optimal,0.07408409999334253,False,
459,0.0,0,0.0,2534064.247066519,optimal,0.07286909999675117,False,
460,0.0,0,0.0,2523028.1071282797,optimal,0.08129519999783952,False,
461,0.0,0,0.0,2514082.44066225,optimal,0.05957700000726618,False,
462,0.0,0,0.0,2499259.0535919513,optimal,0.0859041000076104,False,
463,0.0,0,0.0,2484260.9390972746,optimal,0.08666380000067875,False,
464,0.0,0,0.0,2488137.620637531,optimal,0.07338859999435954,False,
465,0.0,0,0.0,2485620.287730596,optimal,0.06612020000466146,False,
466,0.0,0,0.0,2487078.122887904,optimal,0.07010739999532234,False,
467,0.0,0,0.0,2480383.038854166,optimal,0.12771780000184663,False,
468,0.0,0,0.0,2485079.3397655566,optimal,0.07035579999501351,False,
469,0.0,0,0.0,2448510.44825199,optimal,0.08245259999239352,False,
470,0.0,0,0.0,2393526.2152477056,optimal,0.05299650000233669,False,
471,0.0,0,0.0,2351631.563448345,optimal,0.056427700008498505,False,
472,0.0,0,0.0,2304941.9966270225,optimal,0.05743359999905806,False,
473,0.0,0,0.0,2288386.832641686,optimal,0.05314930000167806,False,
474,0.0,0,0.0,2258875.678518258,optimal,0.06099519999406766,False,
475,0.0,0,0.0,2263264.0523669063,optimal,0.06159509999270085,False,
476,0.0,0,0.0,2227212.7521676635,optimal,0.06450619999668561,False,
477,0.0,0,0.0,2229244.948009295,optimal,0.1322851000004448,False,
478,0.0,0,0.0,2221748.5998615175,optimal,0.0640927000058582,False,
479,0.0,0,0.0,2213753.907818943,optimal,0.06659009998838883,False,
480,0.0,0,0.0,2173395.92707517,optimal,0.05896400001074653,False,
481,0.0,0,0.0,2139032.687552423,optimal,0.06894860000465997,False,
482,0.0,0,0.0,2088417.1766511374,optimal,0.1645478999998886,False,
483,0.0,0,0.0,2037759.2792066683,optimal,0.13152850000187755,False,
484,0.0,0,0.0,1984015.453001286,optimal,0.12223500000254717,False,
485,0.0,0,0.0,1934463.173656236,optimal,0.08809740000288002,False,
486,0.0,0,0.0,1888661.3560640954,optimal,0.08602659999451134,False,
487,0.0,0,0.0,1868062.4697585448,optimal,0.06373980001080781,False,
488,0.0,0,0.0,1831053.2582675861,optimal,0.05836229999840725,False,
489,0.0,0,0.0,1861550.7757579875,optimal,0.08150660000683274,False,
490,0.0,0,0.0,1858008.2873441402,optimal,0.06890070000372361,False,
491,0.0,0,0.0,1833889.1871186413,optimal,0.07238499999220949,False,
492,0.0,0,0.0,1838243.0086662897,optimal,0.08917669999937061,False,
493,0.0,0,0.0,1856292.9703027168,optimal,0.07107780000660568,False,
494,0.0,0,0.0,1905473.2181540588,optimal,0.05362559999048244,False,
495,0.0,0,0.0,1878370.2938359503,optimal,0.08889129999442957,False,
496,0.0,0,0.0,1843827.741283614,optimal,0.1360555999999633,False,
497,0.0,0,0.0,1869809.4227790933,optimal,0.07907269999850541,False,
498,0.0,0,0.0,1859054.2258178617,optimal,0.0868274999957066,False,
499,0.0,0,0.0,1842319.3760124187,optimal,0.07341490000544582,False,
500,0.0,0,0.0,1809699.02200512,optimal,0.06699429999571294,False,
501,0.0,0,0.0,1764523.9180556466,optimal,0.07175329999881797,False,
502,0.0,0,0.0,1734649.089420166,optimal,0.05994300000020303,False,
503,0.0,0,0.0,1703839.0457567738,optimal,0.05465010000625625,False,
504,0.0,0,0.0,1684413.9872039314,optimal,0.12168589999782853,False,
505,0.0,0,0.0,1677422.70895373,optimal,0.06386449999990873,False,
506,0.0,0,0.0,1660711.4864705007,optimal,0.22622349999437574,False,
507,0.0,0,0.0,1648381.1992480985,optimal,0.18592350000108127,False,
508,0.0,0,0.0,1604511.2387105937,optimal,0.1411457999929553,False,
509,0.0,0,0.0,1557116.13255579,optimal,0.1960183000046527,False,
510,0.0,0,0.0,1554763.3721531606,optimal,0.10230890000821091,False,
511,0.0,0,0.0,1573722.0747617655,optimal,0.08311700000194833,False,
512,0.0,0,0.0,1599746.8506426616,optimal,0.15002790000289679,False,
513,0.0,0,0.0,1591027.9495454861,optimal,0.07711179999751039,False,
514,0.0,0,0.0,1594943.6246271895,optimal,0.07327239999722224,False,
515,0.0,0,0.0,1589035.1182483623,optimal,0.13340279999829363,False,
516,0.0,0,0.0,1588762.2151786466,optimal,0.15551319999212865,False,
517,0.0,0,0.0,1597874.795965487,optimal,0.0748891000112053,False,
518,0.0,0,0.0,1619886.2743021257,optimal,0.14494939999713097,False,
519,0.0,0,0.0,1669828.6475707015,optimal,0.1575072999985423,False,
520,0.0,0,0.0,1710713.3131684149,optimal,0.07760819999384694,False,
521,0.0,0,0.0,1733886.9897961307,optimal,0.0775941000028979,False,
522,0.0,0,0.0,1767570.7574418818,optimal,0.07429070000944193,False,
523,0.0,0,0.0,1797875.1061787,optimal,0.06350669999665115,False,
524,0.0,0,0.0,1879806.302247099,optimal,0.07403100001101848,False,
525,0.0,0,0.0,1930082.4855457966,optimal,0.059852499995031394,False,
526,0.0,0,0.0,1919168.3366524745,optimal,0.09209720000217203,False,
527,0.0,0,0.0,1960054.3435263382,optimal,0.14758279999659862,False,
528,0.0,0,0.0,1999483.061542809,optimal,0.06748139999399427,False,
529,0.0,0,0.0,2054002.3322593586,optimal,0.1381598000007216,False,
530,0.0,0,0.0,2104635.9489527703,optimal,0.07362549999379553,False,
531,0.0,0,0.0,2151790.434561257,optimal,0.07381309999618679,False,
532,0.0,0,0.0,2208447.150934502,optimal,0.06331800000043586,False,
533,0.0,0,0.0,2290420.595645031,optimal,0.06871379999211058,False,
534,0.0,0,0.0,2347463.0019750353,optimal,0.1316135000088252,False,
535,0.0,0,0.0,2407333.3644121876,optimal,0.07453690000693314,False,
536,0.0,0,0.0,2460920.2401097408,optimal,0.0816147000005003,False,
537,0.0,0,0.0,2462416.6602898804,optimal,0.07209739999962039,False,
538,0.0,0,0.0,2526797.604638849,optimal,0.08455939999839757,False,
539,0.0,0,0.0,2543607.341352202,optimal,0.06317619999754243,False,
540,0.0,0,0.0,2499124.107310382,optimal,0.06780869999784045,False,
541,0.0,0,0.0,2452463.8287917627,optimal,0.1258808999991743,False,
542,0.0,0,0.0,2453845.260004906,optimal,0.06739099998958409,False,
543,0.0,0,0.0,2441560.9974369206,optimal,0.13835350000590552,False,
544,0.0,0,0.0,2429368.414633066,optimal,0.07411659999343101,False,
545,0.0,0,0.0,2460956.4057342536,optimal,0.1311210999992909,False,
546,0.0,0,0.0,2479812.6053002113,optimal,0.07738990000507329,False,
547,0.0,0,0.0,2495674.0971357785,optimal,0.07015329999558162,False,
548,0.0,0,0.0,2521165.515343374,optimal,0.136539700004505,False,
549,0.0,0,0.0,2574875.4570840355,optimal,0.07207280000147875,False,
550,0.0,0,0.0,2600717.856990899,optimal,0.06521649999194779,False,
551,0.0,0,0.0,2612814.4915172113,optimal,0.06453340000007302,False,
552,0.0,0,0.0,2629256.4832647205,optimal,0.08094790000177454,False,
553,0.0,0,0.0,2634562.1209458513,optimal,0.07043999999586958,False,
554,0.0,0,0.0,2641835.7841152274,optimal,0.1416962999937823,False,
555,0.0,0,0.0,2658768.2569189165,optimal,0.07619490000070073,False,
556,0.0,0,0.0,2697820.3602691665,optimal,0.12169369999901392,False,
557,0.0,0,0.0,2743014.3524683686,optimal,0.06484749999071937,False,
558,0.0,0,0.0,2759727.6332741776,optimal,0.0913039999868488,False,
559,0.0,0,0.0,2776392.9466576437,optimal,0.07419080000545364,False,
560,0.0,0,0.0,2786226.876186493,optimal,0.0744472000078531,False,
561,0.0,0,0.0,2805290.243380187,optimal,0.07283540000207722,False,
562,0.0,0,0.0,2829974.246965434,optimal,0.07150130000081845,False,
563,0.0,0,0.0,2853799.3461898747,optimal,0.06166980000853073,False,
564,0.0,0,0.0,2807850.924044191,optimal,0.06229410000378266,False,
565,0.0,0,0.0,2673090.1200774014,optimal,0.07076750000123866,False,
566,0.0,0,0.0,2577921.239336346,optimal,0.13970869999320712,False,
567,0.0,0,0.0,2495251.511577238,optimal,0.061596100000315346,False,
568,0.0,0,0.0,2473042.664622732,optimal,0.06359330000123009,False,
569,0.0,0,0.0,2383817.021429659,optimal,0.07429669999692123,False,
570,0.0,0,0.0,2357750.400829724,optimal,0.08794199999829289,False,
571,0.0,0,0.0,2286625.633696803,optimal,0.11261159999412484,False,
572,0.0,0,0.0,2282678.721425968,optimal,0.07030050001048949,False,
573,0.0,0,0.0,2287648.2173927496,optimal,0.05416110000805929,False,
574,0.0,0,0.0,2309286.4121521604,optimal,0.08579430000099819,False,
575,0.0,0,0.0,2236892.638909024,optimal,0.07561379999970086,False,
576,0.0,0,0.0,2110674.0437160316,optimal,0.0642628999921726,False,
577,0.0,0,0.0,2067006.9497452765,optimal,0.06312290001369547,False,
578,0.0,0,0.0,1998569.1118841434,optimal,0.07549259999359492,False,
579,0.0,0,0.0,1931836.6885118342,optimal,0.071795399999246,False,
580,0.0,0,0.0,1843643.9620426074,optimal,0.05441219999920577,False,
581,0.0,0,0.0,1778187.2235575707,optimal,0.06727869999303948,False,
582,0.0,0,0.0,1757639.8074435354,optimal,0.06357660000503529,False,
583,0.0,0,0.0,1700907.859976568,optimal,0.06432750000385568,False,
584,0.0,0,0.0,1708548.5780594663,optimal,0.05343379999976605,False,
585,0.0,0,0.0,1724706.289687433,optimal,0.06206339999334887,False,
586,0.0,0,0.0,1725831.4072445969,optimal,0.05968060001032427,False,
587,0.0,0,0.0,1674355.0685422504,optimal,0.0741048000054434,False,
588,0.0,0,0.0,1653075.4565452726,optimal,0.06050009999307804,False,
589,0.0,0,0.0,1612407.230380435,optimal,0.07678699999814853,False,
590,0.0,0,0.0,1606020.1606459129,optimal,0.054919499991228804,False,
591,0.0,0,0.0,1588370.068444802,optimal,0.06394810001074802,False,
592,0.0,0,0.0,1584541.306791868,optimal,0.1322239000000991,False,
593,0.0,0,0.0,1540648.1967458485,optimal,0.07114159999764524,False,
594,0.0,0,0.0,1495231.7502409474,optimal,0.06482500000856817,False,
595,0.0,0,0.0,1463647.233575115,optimal,0.07191090000560507,False,
596,0.0,0,0.0,1451045.1811683346,optimal,0.07025129999965429,False,
597,0.0,0,0.0,1449829.5167255427,optimal,0.06922940000367817,False,
598,0.0,0,0.0,1448526.2673081912,optimal,0.0716787999990629,False,
599,0.0,0,0.0,1449467.952417282,optimal,0.07156799999938812,False,
600,0.0,0,0.0,1452258.2371036147,optimal,0.056883199998992495,False,
601,0.0,0,0.0,1462000.5536662359,optimal,0.06700219999765977,False,
602,0.0,0,0.0,1416193.7171584598,optimal,0.057656599994516,False,
603,0.0,0,0.0,1343032.0246903948,optimal,0.06659919999947306,False,
604,0.0,0,0.0,1255084.03471699,optimal,0.12359000000287779,False,
605,0.0,0,0.0,1197861.6618014087,optimal,0.06341220000467729,False,
606,0.0,0,0.0,1142938.1603160442,optimal,0.06634959999064449,False,
607,0.0,0,0.0,1096841.1248503777,optimal,0.07809660000202712,False,
608,0.0,0,0.0,1038230.2342890948,optimal,0.06248920000507496,False,
609,0.0,0,0.0,1006066.0362900291,optimal,0.06288839998887852,False,
610,0.0,0,0.0,941542.901318867,optimal,0.07563790000858717,False,
611,0.0,0,0.0,943612.713991444,optimal,0.06864640000276268,False,
612,0.0,0,0.0,961238.0044689039,optimal,0.06299849999777507,False,
613,0.0,0,0.0,988596.6075459942,optimal,0.05888540000887588,False,
614,0.0,0,0.0,1017583.8620896841,optimal,0.06214529999124352,False,
615,0.0,0,0.0,1020114.8862590203,optimal,0.06117600000288803,False,
616,0.0,0,0.0,1043820.2406364513,optimal,0.07108109998807777,False,
617,0.0,0,0.0,1104563.746115258,optimal,0.05906170001253486,False,
618,0.0,0,0.0,1147591.2021496738,optimal,0.06860040000174195,False,
619,0.0,0,0.0,1175884.846302775,optimal,0.0694258000003174,False,
620,0.0,0,0.0,1206724.604344273,optimal,0.057591999997384846,False,
621,0.0,0,0.0,1204090.9908220894,optimal,0.06540720000339206,False,
622,0.0,0,0.0,1200775.129445192,optimal,0.06275769999774639,False,
623,0.0,0,0.0,1236531.1255182922,optimal,0.07210630000918172,False,
624,0.0,0,0.0,1297314.5078102928,optimal,0.07035380000888836,False,
625,0.0,0,0.0,1338864.8495895653,optimal,0.06715069999336265,False,
626,0.0,0,0.0,1387343.3307008673,optimal,0.061616800012416206,False,
627,0.0,0,0.0,1444887.0829928664,optimal,0.058924000011757016,False,
628,0.0,0,0.0,1502208.2652848673,optimal,0.07121530000586063,False,
629,0.0,0,0.0,1587879.1023312148,optimal,0.130709899996873,False,
630,0.0,0,0.0,1602885.5335031003,optimal,0.06293859999277629,False,
631,0.0,0,0.0,1602873.1685031003,optimal,0.15430039999773726,False,
632,0.0,0,0.0,1613810.7921317883,optimal,0.08291909999388736,False,
633,0.0,0,0.0,1627931.3933773194,optimal,0.08984200000122655,False,
634,0.0,0,0.0,1642598.9485765153,optimal,0.08376600001065526,False,
635,0.0,0,0.0,1691741.9882027819,optimal,0.08317879999231081,False,
636,0.0,0,0.0,1722320.4524697664,optimal,0.0997295999986818,False,
637,0.0,0,0.0,1725564.2695576504,optimal,0.15058470000803936,False,
638,0.0,0,0.0,1715599.4764248712,optimal,0.1540007000003243,False,
639,0.0,0,0.0,1720039.0908704936,optimal,0.08735580000211485,False,
640,0.0,0,0.0,1709898.4627784046,optimal,0.08574249999946915,False,
641,0.0,0,0.0,1733442.0841432058,optimal,0.08491330000106245,False,
642,0.0,0,0.0,1732508.286964026,optimal,0.14914859998680186,False,
643,0.0,0,0.0,1709654.6972819662,optimal,0.1545683000003919,False,
644,0.0,0,0.0,1649460.30995676,optimal,0.15251860000716988,False,
645,0.0,0,0.0,1599362.65247804,optimal,0.13964049999776762,False,
646,0.0,0,0.0,1560022.385040018,optimal,0.08275790000334382,False,
647,0.0,0,0.0,1539943.9427027295,optimal,0.06702170000062324,False,
648,0.0,0,0.0,1528339.9285042759,optimal,0.064020799996797,False,
649,0.0,0,0.0,1517611.635076158,optimal,0.05862140000681393,False,
650,0.0,0,0.0,1558078.8560634833,optimal,0.24444880000373814,False,
651,0.0,0,0.0,1614043.3564395336,optimal,0.22508920000109356,False,
652,0.0,0,0.0,1682467.2155571964,optimal,0.2047522999928333,False,
653,0.0,0,0.0,1744510.9053413353,optimal,0.24546599999302998,False,
654,0.0,0,0.0,1812425.8160147688,optimal,0.1982665000105044,False,
655,0.0,0,0.0,1844813.1906446267,optimal,0.10469880000164267,False,
656,0.0,0,0.0,1917165.5620842567,optimal,0.08450460000312887,False,
657,0.0,0,0.0,1930593.5017279,optimal,0.0720763999997871,False,
658,0.0,0,0.0,1985460.9657253644,optimal,0.13208399999712128,False,
659,0.0,0,0.0,1993825.8185822591,optimal,0.09003880000091158,False,
660,0.0,0,0.0,1969084.589852222,optimal,0.06809620000422001,False,
661,0.0,0,0.0,1963270.1428630666,optimal,0.057550000012270175,False,
662,0.0,0,0.0,1981280.633132063,optimal,0.05907360000128392,False,
663,0.0,0,0.0,1948367.1392908515,optimal,0.07348750000528526,False,
664,0.0,0,0.0,1877491.9725335664,optimal,0.052818299998762086,False,
665,0.0,0,0.0,1829895.4661924662,optimal,0.1375283999950625,False,
666,0.0,0,0.0,1819829.451402721,optimal,0.1714462999952957,False,
667,0.0,0,0.0,1811914.0140177757,optimal,0.08314729999983683,False,
668,0.0,0,0.0,1826122.2617406321,optimal,0.0766899000009289,False,
669,0.0,0,0.0,1849958.53862119,optimal,0.07869579999533016,False,
670,0.0,0,0.0,1857372.2679327724,optimal,0.06542659999104217,False,
671,0.0,0,0.0,1848637.8816392517,optimal,0.09265580000646878,False,
672,0.0,0,0.0,1848284.0198003107,optimal,0.08499469999514986,False,
673,0.0,0,0.0,1772894.0917344415,optimal,0.06968790000246372,False,
674,0.0,0,0.0,1688706.048709682,optimal,0.0663526999996975,False,
675,0.0,0,0.0,1604781.514400544,optimal,0.1538357000099495,False,
676,0.0,0,0.0,1521754.8676398515,optimal,0.07483409999986179,False,
677,0.0,0,0.0,1504226.7820664416,optimal,0.07004010000673588,False,
678,0.0,0,0.0,1486250.4816205895,optimal,0.08686880000459496,False,
679,0.0,0,0.0,1489453.2274236663,optimal,0.1314717999921413,False,
680,0.0,0,0.0,1503467.9018132233,optimal,0.06254859999171458,False,
681,0.0,0,0.0,1518194.1554911009,optimal,0.07310389999474864,False,
682,0.0,0,0.0,1456849.503456856,optimal,0.07542589999502525,False,
683,0.0,0,0.0,1396776.2706069,optimal,0.1638027000008151,False,
684,0.0,0,0.0,1366077.7128250664,optimal,0.07287720000022091,False,
685,0.0,0,0.0,1315881.57827329,optimal,0.09093919998849742,False,
686,0.0,0,0.0,1256740.257796298,optimal,0.09000780001224484,False,
687,0.0,0,0.0,1202467.109083616,optimal,0.08616240000992548,False,
688,0.0,0,0.0,1162461.6799643177,optimal,0.08529499999713153,False,
689,0.0,0,0.0,1194442.4140364435,optimal,0.08807529999467079,False,
690,0.0,0,0.0,1235950.0372329534,optimal,0.16945909999776632,False,
691,0.0,0,0.0,1301350.6159369515,optimal,0.08342840000113938,False,
692,0.0,0,0.0,1377875.7090339907,optimal,0.18638330000976566,False,
693,0.0,0,0.0,1448163.4949613078,optimal,0.08771180000621825,False,
694,0.0,0,0.0,1512815.2003134815,optimal,0.08874599999398924,False,
695,0.0,0,0.0,1556955.754939652,optimal,0.06945009999617469,False,
696,0.0,0,0.0,1605413.441026114,optimal,0.0749433000019053,False,
697,0.0,0,0.0,1601311.2123003986,optimal,0.06164610000269022,False,
698,0.0,0,0.0,1573614.1406092502,optimal,0.0814743999944767,False,
699,0.0,0,0.0,1515110.997755652,optimal,0.06948249999550171,False,
700,0.0,0,0.0,1417515.24244826,optimal,0.06792799998947885,False,
701,0.0,0,0.0,1326061.615880986,optimal,0.06085910000547301,False,
702,0.0,0,0.0,1270475.4736794464,optimal,0.07139720000850502,False,
703,0.0,0,0.0,1170960.5268883856,optimal,0.0677226999978302,False,
704,0.0,0,0.0,1126165.6690801508,optimal,0.054042300005676225,False,
705,0.0,0,0.0,1058487.8294997024,optimal,0.07247620000271127,False,
706,0.0,0,0.0,1008181.6981915524,optimal,0.0556572000059532,False,
707,0.0,0,0.0,955784.1859519717,optimal,0.0735491999948863,False,
708,0.0,0,0.0,898959.7810829036,optimal,0.05966620000253897,False,
709,0.0,0,0.0,841085.8236828342,optimal,0.05871090000437107,False,
710,0.0,0,0.0,784771.9454130906,optimal,0.05502719999640249,False,
711,0.0,0,0.0,783990.5505267044,optimal,0.0709876000037184,False,
712,0.0,0,0.0,788811.7778489672,optimal,0.057749799991142936,False,
713,0.0,0,0.0,795669.8199688795,optimal,0.07923470000969246,False,
714,0.0,0,0.0,785090.4007603388,optimal,0.15773570000601467,False,
715,0.0,0,0.0,776028.9995563253,optimal,0.06762139999773353,False,
716,0.0,0,0.0,756712.4992743753,optimal,0.05588739999802783,False,
717,0.0,0,0.0,735936.5695741818,optimal,0.0716242000053171,False,
718,0.0,0,0.0,732862.3288681427,optimal,0.056698600004892796,False,
719,0.0,0,0.0,733230.4505612332,optimal,0.0691960999974981,False,
720,0.0,0,0.0,739208.2782002772,optimal,0.05467820000194479,False,
721,0.0,0,0.0,760514.9771601215,optimal,0.06844139999884646,False,
722,0.0,0,0.0,789543.359532269,optimal,0.055135099988547154,False,
723,0.0,0,0.0,811603.8971980187,optimal,0.0728778000047896,False,
724,0.0,0,0.0,837916.0741664037,optimal,0.052515999996103346,False,
725,0.0,0,0.0,871229.4917778536,optimal,0.05729929999506567,False,
726,0.0,0,0.0,912864.556201344,optimal,0.06214759999420494,False,
727,0.0,0,0.0,936393.0482408375,optimal,0.06868690000555944,False,
728,0.0,0,0.0,943824.1093955316,optimal,0.05414769999333657,False,
729,0.0,0,0.0,955075.8056813383,optimal,0.07043949999206234,False,
730,0.0,0,0.0,940868.5832439521,optimal,0.056955200008815154,False,
731,0.0,0,0.0,941067.008189921,optimal,0.06427619999158196,False,
732,0.0,0,0.0,917446.4887212064,optimal,0.07400300000153948,False,
733,0.0,0,0.0,972237.5562005903,optimal,0.06086030000005849,False,
734,0.0,0,0.0,1030969.0029752827,optimal,0.05238169999211095,False,
735,0.0,0,0.0,1054828.705527098,optimal,0.08040760000585578,False,
736,0.0,0,0.0,1063482.4291101596,optimal,0.05694249999942258,False,
737,0.0,0,0.0,1004824.9633867639,optimal,0.06542569999874104,False,
738,0.0,0,0.0,961005.9731444807,optimal,0.13955560000613332,False,
739,0.0,0,0.0,926155.0366967387,optimal,0.07344860000011977,False,
740,0.0,0,0.0,901198.9248597276,optimal,0.05566739999630954,False,
741,0.0,0,0.0,880373.7854243998,optimal,0.06323030000203289,False,
742,0.0,0,0.0,881800.2099159509,optimal,0.06891950000135694,False,
743,0.0,0,0.0,896368.6631375097,optimal,0.4064459000073839,False,
744,0.0,0,0.0,913972.9619361691,optimal,0.19758059999730904,False,
745,0.0,0,0.0,946794.6205904562,optimal,0.3948839000076987,False,
746,0.0,0,0.0,981093.0336582776,optimal,0.3598046999977669,False,
747,0.0,0,0.0,1013456.9734495631,optimal,0.33211129999835975,False,
748,0.0,0,0.0,1069143.0511936864,optimal,0.3004256999993231,False,
749,0.0,0,0.0,1123972.4140437092,optimal,0.2624573000066448,False,
750,0.0,0,0.0,1180645.0927477095,optimal,0.2127429999964079,False,
751,0.0,0,0.0,1237466.3314517091,optimal,0.18211569999402855,False,
752,0.0,0,0.0,1294807.53015571,optimal,0.23009489999094512,False,
753,0.0,0,0.0,1358409.3518736616,optimal,0.09238799999002367,False,
754,0.0,0,0.0,1476292.2759544812,optimal,0.08596519999264274,False,
755,0.0,0,0.0,1566053.3208397,optimal,0.08007160000852309,False,
756,0.0,0,0.0,1651849.3562690949,optimal,0.07355709999683313,False,
757,0.0,0,0.0,1742957.6156299978,optimal,0.05453950000810437,False,
758,0.0,0,0.0,1757032.747107864,optimal,0.06306510001013521,False,
759,0.0,0,0.0,1789556.334095013,optimal,0.0567635000043083,False,
760,0.0,0,0.0,1804832.251977877,optimal,0.07604440000432078,False,
761,0.0,0,0.0,1826741.401407971,optimal,0.05072010000003502,False,
762,0.0,0,0.0,1851090.278807616,optimal,0.07172809999610763,False,
763,0.0,0,0.0,1898335.550390469,optimal,0.07634529999631923,False,
764,0.0,0,0.0,1927505.0850449519,optimal,0.07124550000298768,False,
765,0.0,0,0.0,1933991.3237400819,optimal,0.06908590000239201,False,
766,0.0,0,0.0,1923848.8405855328,optimal,0.06024160000379197,False,
767,0.0,0,0.0,1945968.5685381729,optimal,0.06555449998995755,False,
768,0.0,0,0.0,1918873.3770840964,optimal,0.0753508000052534,False,
769,0.0,0,0.0,1891927.41119157,optimal,0.04973980000067968,False,
770,0.0,0,0.0,1856854.4033318534,optimal,0.05597210000269115,False,
771,0.0,0,0.0,1806289.2129838718,optimal,0.1407821999891894,False,
772,0.0,0,0.0,1746931.085713015,optimal,0.06182719999924302,False,
773,0.0,0,0.0,1684184.437271984,optimal,0.05978149999282323,False,
774,0.0,0,0.0,1627965.0400314482,optimal,0.142949499990209,False,
775,0.0,0,0.0,1577526.989025728,optimal,0.07198280000011437,False,
776,0.0,0,0.0,1529166.920476425,optimal,0.07330639999418054,False,
777,0.0,0,0.0,1471253.5353451588,optimal,0.14254600000276696,False,
778,0.0,0,0.0,1447221.2236031403,optimal,0.0835662999888882,False,
779,0.0,0,0.0,1410619.4148840976,optimal,0.06336009998631198,False,
780,0.0,0,0.0,1333526.9728190538,optimal,0.061885700008133426,False,
781,0.0,0,0.0,1242106.4466356703,optimal,0.07083060000149999,False,
782,0.0,0,0.0,1148293.0411569776,optimal,0.06773290000273846,False,
783,0.0,0,0.0,1053312.7229533966,optimal,0.061856800006353296,False,
784,0.0,0,0.0,1037677.7710787713,optimal,0.11014720000093803,False,
785,0.0,0,0.0,1012590.0505963172,optimal,0.06864880000648554,False,
786,0.0,0,0.0,1016464.3419917361,optimal,0.138699799994356,False,
787,0.0,0,0.0,1013413.8538099966,optimal,0.06174200000532437,False,
788,0.0,0,0.0,1018199.7982958197,optimal,0.13594019999436568,False,
789,0.0,0,0.0,1048102.0658966398,optimal,0.12669049999385606,False,
790,0.0,0,0.0,1043307.4962592208,optimal,0.09023689999594353,False,
791,0.0,0,0.0,1057248.7211817973,optimal,0.0767109000007622,False,
792,0.0,0,0.0,1062770.4134295518,optimal,0.16823670000303537,False,
793,0.0,0,0.0,1055941.2803658608,optimal,0.1701349999930244,False,
794,0.0,0,0.0,1041501.2576115133,optimal,0.0761960999952862,False,
795,0.0,0,0.0,1005288.1735873155,optimal,0.06482850000611506,False,
796,0.0,0,0.0,957673.8874121928,optimal,0.06440989999100566,False,
797,0.0,0,0.0,854392.1974271702,optimal,0.059164899997995235,False,
798,0.0,0,0.0,748710.0915881707,optimal,0.05504510000173468,False,
799,0.0,0,0.0,642455.4127560188,optimal,0.13349429999652784,False,
800,0.0,0,0.0,550157.0771471021,optimal,0.06890519999433309,False,
801,0.0,0,0.0,484653.80475974956,optimal,0.06122579998918809,False,
802,0.0,0,0.0,417631.5063723974,optimal,0.13250560000597034,False,
803,0.0,0,0.0,348313.6631980451,optimal,0.07291420000547078,False,
804,0.0,0,0.0,294704.9824198035,optimal,0.06374910000886302,False,
805,0.0,0,0.0,257372.41678939285,optimal,0.16220460001204628,False,
806,0.0,0,0.0,250016.53407274958,optimal,0.08086940000066534,False,
807,0.0,0,0.0,250016.53407274958,optimal,0.14531589999387506,False,
808,0.0,0,0.0,250016.53407274958,optimal,0.07849290000740439,False,
809,0.0,0,0.0,250016.53407274958,optimal,0.06283550000807736,False,
810,0.0,0,0.0,250016.53407274958,optimal,0.09113129999605007,False,
811,0.0,0,0.0,250016.53407274958,optimal,0.07919780000520404,False,
812,0.0,0,0.0,250016.53407274958,optimal,0.06589840000378899,False,
813,0.0,0,0.0,250016.53407274958,optimal,0.05433489999268204,False,
814,0.0,0,0.0,250016.53407274958,optimal,0.12870200000179466,False,
815,0.0,0,0.0,250016.53407274958,optimal,0.07925720000639558,False,
816,0.0,0,0.0,250016.53407274958,optimal,0.05712150000908878,False,
817,0.0,0,0.0,250016.53407274958,optimal,0.06135040000663139,False,
818,0.0,0,0.0,250016.53407274958,optimal,0.059519900009036064,False,
819,0.0,0,0.0,250016.53407274958,optimal,0.12027630000375211,False,
820,0.0,0,0.0,250016.53407274958,optimal,0.1411004999972647,False,
821,0.0,0,0.0,250016.53407274958,optimal,0.05746500000532251,False,
822,0.0,0,0.0,250016.53407274958,optimal,0.06408350000856444,False,
823,0.0,0,0.0,250016.53407274958,optimal,0.06575100000191014,False,
824,0.0,0,0.0,254518.51581189397,optimal,0.07507039999472909,False,
825,0.0,0,0.0,287715.5615774939,optimal,0.08709790000284556,False,
826,0.0,0,0.0,322175.367343094,optimal,0.06863399999565445,False,
827,0.0,0,0.0,355818.0931086939,optimal,0.059228699989034794,False,
828,0.0,0,0.0,401591.8338815767,optimal,0.06436449999455363,False,
829,0.0,0,0.0,404563.03388157627,optimal,0.12519989999418613,False,
830,0.0,0,0.0,407039.03388157714,optimal,0.06612909999967087,False,
831,0.0,0,0.0,409638.8338815785,optimal,0.07412590000603814,False,
832,0.0,0,0.0,412548.1338815774,optimal,0.1356558999978006,False,
833,0.0,0,0.0,428539.8348915326,optimal,0.07607540000753943,False,
834,0.0,0,0.0,408842.86319149216,optimal,0.05922619999910239,False,
835,0.0,0,0.0,391992.9170125648,optimal,0.0889747999899555,False,
836,0.0,0,0.0,366102.67575075146,optimal,0.06270509999012575,False,
837,0.0,0,0.0,347959.49699941877,optimal,0.0653057000017725,False,
838,0.0,0,0.0,324125.24835039675,optimal,0.08608930000627879,False,
839,0.0,0,0.0,300911.5468931601,optimal,0.06164240000362042,False,
840,0.0,0,0.0,285891.2097218485,optimal,0.054751200004830025,False,
841,0.0,0,0.0,281805.16464732063,optimal,0.06835800000408199,False,
842,0.0,0,0.0,279195.39548118855,optimal,0.06044390000170097,False,
843,0.0,0,0.0,262953.6426932488,optimal,0.12487210000108462,False,
844,0.0,0,0.0,250016.53407274958,optimal,0.07393410000076983,False,
845,0.0,0,0.0,250016.53407274958,optimal,0.054310999999870546,False,
846,0.0,0,0.0,257786.75598018995,optimal,0.06514500000048429,False,
847,0.0,0,0.0,277631.3253309178,optimal,0.05677359999390319,False,
848,0.0,0,0.0,299495.2939798193,optimal,0.05365529999835417,False,
849,0.0,0,0.0,345310.537866569,optimal,0.060890199994901195,False,
850,0.0,0,0.0,404194.5812433887,optimal,0.05004410000401549,False,
851,0.0,0,0.0,455998.5273802064,optimal,0.064655500013032,False,
852,0.0,0,0.0,496172.5456109196,optimal,0.05751040000177454,False,
853,0.0,0,0.0,483168.85910109594,optimal,0.05810959999507759,False,
854,0.0,0,0.0,492503.32270780375,optimal,0.05695430000196211,False,
855,0.0,0,0.0,515753.31975186965,optimal,0.06170099999872036,False,
856,0.0,0,0.0,532394.9403458714,optimal,0.0658127000060631,False,
857,0.0,0,0.0,574231.4051397381,optimal,0.05999639999936335,False,
858,0.0,0,0.0,582381.6607192821,optimal,0.05377369999769144,False,
859,0.0,0,0.0,565150.0814236257,optimal,0.06849189999047667,False,
860,0.0,0,0.0,539836.5796093816,optimal,0.06578569998964667,False,
861,0.0,0,0.0,554859.8257161304,optimal,0.058610899999621324,False,
862,0.0,0,0.0,551402.908233092,optimal,0.05620259999705013,False,
863,0.0,0,0.0,560141.7766465846,optimal,0.060851000002003275,False,
864,0.0,0,0.0,570598.888975206,optimal,0.07377760000235867,False,
865,0.0,0,0.0,575942.0551096618,optimal,0.11931349999213126,False,
866,0.0,0,0.0,559468.6652472764,optimal,0.06701430000248365,False,
867,0.0,0,0.0,566302.881733778,optimal,0.07533310000144411,False,
868,0.0,0,0.0,581146.1475323517,optimal,0.07262649999756832,False,
869,0.0,0,0.0,603406.4804877103,optimal,0.08618650000425987,False,
870,0.0,0,0.0,595469.1506947952,optimal,0.0872901999973692,False,
871,0.0,0,0.0,559931.4214986664,optimal,0.07342820000485517,False,
872,0.0,0,0.0,512821.5111909467,optimal,0.05861989999539219,False,
873,0.0,0,0.0,490312.3550071034,optimal,0.06723490000877064,False,
874,0.0,0,0.0,475100.25916310376,optimal,0.06539799999154638,False,
875,0.0,0,0.0,476835.0664167331,optimal,0.05222230000072159,False,
876,0.0,0,0.0,453538.7919144502,optimal,0.07046109999646433,False,
877,0.0,0,0.0,445979.68847418576,optimal,0.059953000003588386,False,
878,0.0,0,0.0,433996.91246793774,optimal,0.14483340000151657,False,
879,0.0,0,0.0,420720.5970830476,optimal,0.07607170000846963,False,
880,0.0,0,0.0,413322.2580487706,optimal,0.07699790000333451,False,
881,0.0,0,0.0,420875.0158874891,optimal,0.08440120000159368,False,
882,0.0,0,0.0,437873.74559747166,optimal,0.08519589999923483,False,
883,0.0,0,0.0,474205.16139190365,optimal,0.07438489999913145,False,
884,0.0,0,0.0,518260.5183121831,optimal,0.08305529999779537,False,
885,0.0,0,0.0,580092.1496836666,optimal,0.07093149999855086,False,
886,0.0,0,0.0,646371.7083876656,optimal,0.06861899999785237,False,
887,0.0,0,0.0,711524.687091666,optimal,0.10732419999840204,False,
888,0.0,0,0.0,775253.965795666,optimal,0.09207650000462309,False,
889,0.0,0,0.0,837237.6644996664,optimal,0.08110000001033768,False,
890,0.0,0,0.0,896129.3473795538,optimal,0.05970540000998881,False,
891,0.0,0,0.0,954466.2056999472,optimal,0.07216800001333468,False,
892,0.0,0,0.0,978990.985699947,optimal,0.08116279999376275,False,
893,0.0,0,0.0,1001915.5768477948,optimal,0.06373429999803193,False,
894,0.0,0,0.0,1024066.1961581025,optimal,0.06186649999290239,False,
895,0.0,0,0.0,1047994.088827511,optimal,0.06173300000955351,False,
896,0.0,0,0.0,1073373.088827512,optimal,0.06310840000514872,False,
897,0.0,0,0.0,1091895.4085851524,optimal,0.07667200001014862,False,
898,0.0,0,0.0,1085731.831596547,optimal,0.06405660000746138,False,
899,0.0,0,0.0,1085250.7482700553,optimal,0.060483699999167584,False,
900,0.0,0,0.0,1086067.6169793878,optimal,0.12264489999506623,False,
901,0.0,0,0.0,1084455.323087923,optimal,0.06692280000424944,False,
902,0.0,0,0.0,1072255.1490613862,optimal,0.08106209999823477,False,
903,0.0,0,0.0,1039861.9521738117,optimal,0.127412000001641,False,
904,0.0,0,0.0,1021074.682955237,optimal,0.06347759999334812,False,
905,0.0,0,0.0,991431.9571120284,optimal,0.06759609999426175,False,
906,0.0,0,0.0,1018647.4473524352,optimal,0.07012529998610262,False,
907,0.0,0,0.0,1064022.4780534904,optimal,0.07587050000438467,False,
908,0.0,0,0.0,1075851.0368362388,optimal,0.06747229999746196,False,
909,0.0,0,0.0,1078644.8360194284,optimal,0.14064550001057796,False,
910,0.0,0,0.0,1087968.4519160464,optimal,0.0867253000033088,False,
911,0.0,0,0.0,1094378.1477970476,optimal,0.14619600000150967,False,
912,0.0,0,0.0,1096556.1839249686,optimal,0.06541090000246186,False,
913,0.0,0,0.0,1095431.62372027,optimal,0.07429210000555031,False,
914,0.0,0,0.0,1042396.6024738578,optimal,0.1340621999988798,False,
915,0.0,0,0.0,951161.5001483579,optimal,0.0749465999979293,False,
916,0.0,0,0.0,853456.8725344643,optimal,0.09357169999566395,False,
917,0.0,0,0.0,788554.7652489142,optimal,0.15684429999964777,False,
918,0.0,0,0.0,755449.0923201671,optimal,0.060660000002826564,False,
919,0.0,0,0.0,740570.8546218948,optimal,0.13638240000000224,False,
920,0.0,0,0.0,706019.5115369103,optimal,0.15347019999171607,False,
921,0.0,0,0.0,669125.2336195775,optimal,0.07564920000731945,False,
922,0.0,0,0.0,639547.1496888541,optimal,0.0651990000042133,False,
923,0.0,0,0.0,600857.3904675213,optimal,0.06863809999777004,False,
924,0.0,0,0.0,572275.1830647924,optimal,0.07403780000458937,False,
925,0.0,0,0.0,564519.2682198316,optimal,0.12855289998697117,False,
926,0.0,0,0.0,566196.9668866028,optimal,0.05906390000018291,False,
927,0.0,0,0.0,563597.0832419498,optimal,0.06471919998875819,False,
928,0.0,0,0.0,581280.5072518653,optimal,0.08168149999983143,False,
929,0.0,0,0.0,572944.0298903862,optimal,0.08066140000300948,False,
930,0.0,0,0.0,556147.7351222266,optimal,0.181163800007198,False,
931,0.0,0,0.0,510937.4000498243,optimal,0.20008700000471435,False,
932,0.0,0,0.0,465026.29838535486,optimal,0.09149669999897014,False,
933,0.0,0,0.0,419482.904961771,optimal,0.20324360000086017,False,
934,0.0,0,0.0,382989.155542228,optimal,0.10485869999683928,False,
935,0.0,0,0.0,357719.2817104136,optimal,0.1275783000019146,False,
936,0.0,0,0.0,332038.26525005954,optimal,0.1138061999954516,False,
937,0.0,0,0.0,296918.25729784096,optimal,0.1908296000037808,False,
938,0.0,0,0.0,284566.16964035353,optimal,0.09288950001064222,False,
939,0.0,0,0.0,256167.35811136017,optimal,0.08701280000968836,False,
940,0.0,0,0.0,250016.53407274958,optimal,0.07872209999186452,False,
941,0.0,0,0.0,250016.53407274958,optimal,0.08189329999731854,False,
942,0.0,0,0.0,250016.53407274958,optimal,0.08844310000131372,False,
943,0.0,0,0.0,250016.53407274958,optimal,0.06751809999695979,False,
944,0.0,0,0.0,250016.53407274958,optimal,0.0786002999957418,False,
945,0.0,0,0.0,250016.53407274958,optimal,0.09366109999245964,False,
946,0.0,0,0.0,250016.53407274958,optimal,0.09443929999542888,False,
947,0.0,0,0.0,250016.53407274958,optimal,0.19898200000170618,False,
948,0.0,0,0.0,250016.53407274958,optimal,0.08670060000440571,False,
949,0.0,0,0.0,250016.53407274958,optimal,0.0894927000044845,False,
950,0.0,0,0.0,250016.53407274958,optimal,0.09323069998936262,False,
951,0.0,0,0.0,250016.53407274958,optimal,0.08839760000410024,False,
952,0.0,0,0.0,250016.53407274958,optimal,0.09574129999964498,False,
953,0.0,0,0.0,250016.53407274958,optimal,0.10919750000175554,False,
954,0.0,0,0.0,250016.53407274958,optimal,0.09110770000552293,False,
955,0.0,0,0.0,250016.53407274958,optimal,0.181499199999962,False,
956,0.0,0,0.0,250016.53407274958,optimal,0.0867106999940006,False,
957,0.0,0,0.0,250016.53407274958,optimal,0.09084819999407046,False,
958,0.0,0,0.0,250016.53407274958,optimal,0.3587660000048345,False,
959,0.0,0,0.0,250016.53407274958,optimal,0.11495370000193361,False,
960,0.0,0,0.0,250016.53407274958,optimal,0.19277940000756644,False,
961,0.0,0,0.0,250016.53407274958,optimal,0.2346415999927558,False,
962,0.0,0,0.0,250016.53407274958,optimal,0.22440500000084285,False,
963,0.0,0,0.0,250016.53407274958,optimal,0.4130546999949729,False,
964,0.0,0,0.0,250016.53407274958,optimal,0.17254749999847263,False,
965,0.0,0,0.0,260308.91938830877,optimal,0.1485774000029778,False,
966,0.0,0,0.0,291461.16991116985,optimal,0.3289202000014484,False,
967,0.0,0,0.0,316413.25646434556,optimal,0.19664779999584425,False,
968,0.0,0,0.0,377407.8199678649,optimal,0.18899159999273252,False,
969,0.0,0,0.0,444572.61164374376,optimal,0.1364938000042457,False,
970,0.0,0,0.0,494758.3511056015,optimal,0.10860520000278484,False,
971,0.0,0,0.0,540821.5153505913,optimal,0.08461109999916516,False,
972,0.0,0,0.0,569665.9705193145,optimal,0.08799060000455938,False,
973,0.0,0,0.0,560566.9691102931,optimal,0.10029649999341927,False,
974,0.0,0,0.0,546099.6055414252,optimal,0.06802350000361912,False,
975,0.0,0,0.0,522119.7140171804,optimal,0.11570539999229368,False,
976,0.0,0,0.0,485096.96478832525,optimal,0.08525530000042636,False,
977,0.0,0,0.0,471267.84806710883,optimal,0.08999440001207404,False,
978,0.0,0,0.0,499112.3552063524,optimal,0.08212740000453778,False,
979,0.0,0,0.0,549179.0070659663,optimal,0.08763749999343418,False,
980,0.0,0,0.0,601532.6501856303,optimal,0.09717330000421498,False,
981,0.0,0,0.0,653005.8732934145,optimal,0.0753742999950191,False,
982,0.0,0,0.0,682334.4801193393,optimal,0.09373729999060743,False,
983,0.0,0,0.0,698394.9921004059,optimal,0.08839599999191705,False,
984,0.0,0,0.0,714599.748160437,optimal,0.07894469999882858,False,
985,0.0,0,0.0,730724.0410414677,optimal,0.07617749999917578,False,
986,0.0,0,0.0,740934.1023695284,optimal,0.07782039999437984,False,
987,0.0,0,0.0,752389.2543505956,optimal,0.08221829999820329,False,
988,0.0,0,0.0,762615.4484724759,optimal,0.07877949999237899,False,
989,0.0,0,0.0,774550.0590408586,optimal,0.08312399999704212,False,
990,0.0,0,0.0,805179.022678489,optimal,0.09253090000129305,False,
991,0.0,0,0.0,820230.8814055806,optimal,0.07793719999608584,False,
992,0.0,0,0.0,829075.5091194889,optimal,0.08241550000093412,False,
993,0.0,0,0.0,825290.961610121,optimal,0.08458920000703074,False,
994,0.0,0,0.0,879630.3586020889,optimal,0.07753650000086054,False,
995,0.0,0,0.0,926669.1354393761,optimal,0.05482999999367166,False,
996,0.0,0,0.0,931767.4372631628,optimal,0.082067499999539,False,
997,0.0,0,0.0,926439.0437890562,optimal,0.07466689999273513,False,
998,0.0,0,0.0,921630.7852584077,optimal,0.06654400000115857,False,
999,0.0,0,0.0,929637.7697562694,optimal,0.07949409999127965,False,
1000,0.0,0,0.0,940952.6973949573,optimal,0.0646712000016123,False,
1001,0.0,0,0.0,959082.7211857014,optimal,0.06710410000232514,False,
1002,0.0,0,0.0,978714.1533501443,optimal,0.07925530000647996,False,
1003,0.0,0,0.0,982705.8429658946,optimal,0.06991869999910705,False,
1004,0.0,0,0.0,999670.6483406844,optimal,0.05971329999738373,False,
1005,0.0,0,0.0,1021082.3295605091,optimal,0.07658909999008756,False,
1006,0.0,0,0.0,1037688.7045376867,optimal,0.05763170000864193,False,
1007,0.0,0,0.0,1065212.6821959557,optimal,0.07779860000300687,False,
1008,0.0,0,0.0,1097647.1728482163,optimal,0.1386692999949446,False,
1009,0.0,0,0.0,1119249.1654198903,optimal,0.07614579999062698,False,
1010,0.0,0,0.0,1098962.039220827,optimal,0.07255149999400601,False,
1011,0.0,0,0.0,1085292.6088617302,optimal,0.07644160000199918,False,
1012,0.0,0,0.0,1067966.2448207813,optimal,0.07903750000696164,False,
1013,0.0,0,0.0,1073275.0532649937,optimal,0.07636540000385139,False,
1014,0.0,0,0.0,1083716.8186424589,optimal,0.06683860000339337,False,
1015,0.0,0,0.0,1060190.140575907,optimal,0.07656559998576995,False,
1016,0.0,0,0.0,1042571.2769822651,optimal,0.07830169999215286,False,
1017,0.0,0,0.0,1046027.0717625039,optimal,0.08007609999913257,False,
1018,0.0,0,0.0,1019566.3305228474,optimal,0.07886979999602772,False,
1019,0.0,0,0.0,989809.5249268392,optimal,0.08339659999182913,False,
1020,0.0,0,0.0,979638.9450868788,optimal,0.07451389999187086,False,
1021,0.0,0,0.0,984603.8140414375,optimal,0.08649570000125095,False,
1022,0.0,0,0.0,960609.0833971098,optimal,0.15991919999942183,False,
1023,0.0,0,0.0,950014.9263284053,optimal,0.05728159999125637,False,
1024,0.0,0,0.0,944487.3803388862,optimal,0.08755830000154674,False,
1025,0.0,0,0.0,927228.0046690274,optimal,0.07448270000168122,False,
1026,0.0,0,0.0,910641.9005228278,optimal,0.07578889999422245,False,
1027,0.0,0,0.0,895188.9924771789,optimal,0.06537090000347234,False,
1028,0.0,0,0.0,859768.6661634635,optimal,0.08254109999688808,False,
1029,0.0,0,0.0,830838.0716384626,optimal,0.08562719999463297,False,
1030,0.0,0,0.0,816545.0552227871,optimal,0.06910370000696275,False,
1031,0.0,0,0.0,799918.1308234795,optimal,0.09092219999001827,False,
1032,0.0,0,0.0,774431.9208277628,optimal,0.06549300000187941,False,
1033,0.0,0,0.0,761964.508591194,optimal,0.07713569999032188,False,
1034,0.0,0,0.0,750074.7296845124,optimal,0.06166809999558609,False,
1035,0.0,0,0.0,742411.606991646,optimal,0.08279729999776464,False,
1036,0.0,0,0.0,732405.9062575316,optimal,0.06029929999203887,False,
1037,0.0,0,0.0,703959.700273469,optimal,0.06327349999628495,False,
1038,0.0,0,0.0,694212.1123059579,optimal,0.06129859999055043,False,
1039,0.0,0,0.0,690841.2110126691,optimal,0.06834099999105092,False,
1040,0.0,0,0.0,682552.1216767262,optimal,0.09552329999860376,False,
1041,0.0,0,0.0,630091.1623767784,optimal,0.09068919999117497,False,
1042,0.0,0,0.0,578158.6164153996,optimal,0.16872149999835528,False,
1043,0.0,0,0.0,557918.8114013723,optimal,0.09444349999830592,False,
1044,0.0,0,0.0,519881.36255204387,optimal,0.08208350000495557,False,
1045,0.0,0,0.0,483308.56862603256,optimal,0.06927079999877606,False,
1046,0.0,0,0.0,434464.94045391923,optimal,0.08445039999787696,False,
1047,0.0,0,0.0,389228.2023946303,optimal,0.08192770001187455,False,
1048,0.0,0,0.0,353364.29961324466,optimal,0.07490769999276381,False,
1049,0.0,0,0.0,334794.63436911476,optimal,0.1513905000028899,False,
1050,0.0,0,0.0,334565.5022961779,optimal,0.09407069999724627,False,
1051,0.0,0,0.0,341443.0503392444,optimal,0.07822670000314247,False,
1052,0.0,0,0.0,347832.7394054419,optimal,0.07286839999142103,False,
1053,0.0,0,0.0,351590.9586198892,optimal,0.0832695999997668,False,
1054,0.0,0,0.0,349963.71236539417,optimal,0.07191949999833014,False,
1055,0.0,0,0.0,348208.3493408042,optimal,0.08239989999856334,False,
1056,0.0,0,0.0,352302.06261490716,optimal,0.15261079999618232,False,
1057,0.0,0,0.0,355044.1587435389,optimal,0.08482550000189804,False,
1058,0.0,0,0.0,353328.3336837394,optimal,0.07489720000012312,False,
1059,0.0,0,0.0,356624.00676357176,optimal,0.07332239999959711,False,
1060,0.0,0,0.0,320693.96792623575,optimal,0.06836180000391323,False,
1061,0.0,0,0.0,295785.9531876393,optimal,0.15758639998966828,False,
1062,0.0,0,0.0,269166.1331979736,optimal,0.10358170000836253,False,
1063,0.0,0,0.0,250016.53407274958,optimal,0.08469220000552014,False,
1064,0.0,0,0.0,250016.53407274958,optimal,0.16308009999920614,False,
1065,0.0,0,0.0,250016.53407274958,optimal,0.0863110000063898,False,
1066,0.0,0,0.0,250016.53407274958,optimal,0.08098969999991823,False,
1067,0.0,0,0.0,250016.53407274958,optimal,0.15676189999794587,False,
1068,0.0,0,0.0,250016.53407274958,optimal,0.08612029999494553,False,
1069,0.0,0,0.0,250016.53407274958,optimal,0.07629610000003595,False,
1070,0.0,0,0.0,250016.53407274958,optimal,0.14561979999416508,False,
1071,0.0,0,0.0,250016.53407274958,optimal,0.08987290000368375,False,
1072,0.0,0,0.0,250016.53407274958,optimal,0.07121419999748468,False,
1073,0.0,0,0.0,269646.1102591718,optimal,0.08238049999636132,False,
1074,0.0,0,0.0,299502.7049388284,optimal,0.06774620000214782,False,
1075,0.0,0,0.0,327589.02078396996,optimal,0.0655927000043448,False,
1076,0.0,0,0.0,379485.1452203857,optimal,0.058538299999781884,False,
1077,0.0,0,0.0,433731.2127349964,optimal,0.05724359999294393,False,
1078,0.0,0,0.0,468788.6792203815,optimal,0.1375700000062352,False,
1079,0.0,0,0.0,486599.61513729184,optimal,0.07690970000112429,False,
1080,0.0,0,0.0,498193.76817681384,optimal,0.06301859999075532,False,
1081,0.0,0,0.0,507217.04344328505,optimal,0.12943029998859856,False,
1082,0.0,0,0.0,521436.33973947586,optimal,0.06493130000308156,False,
1083,0.0,0,0.0,529006.0919064324,optimal,0.07323280000127852,False,
1084,0.0,0,0.0,535059.6827126422,optimal,0.07454449999204371,False,
1085,0.0,0,0.0,547215.3064886894,optimal,0.06465110000863206,False,
1086,0.0,0,0.0,546242.1334807442,optimal,0.08016139999381267,False,
1087,0.0,0,0.0,536624.7351882161,optimal,0.08544189999520313,False,
1088,0.0,0,0.0,539448.5714863304,optimal,0.07238539999525528,False,
1089,0.0,0,0.0,543639.7270385261,optimal,0.17439379999996163,False,
1090,0.0,0,0.0,559385.6400029793,optimal,0.14252269999997225,False,
1091,0.0,0,0.0,553591.2990833527,optimal,0.11793500000203494,False,
1092,0.0,0,0.0,574103.7867983873,optimal,0.10395500001322944,False,
1093,0.0,0,0.0,589404.0968451434,optimal,0.07621800000197254,False,
1094,0.0,0,0.0,602656.0304194499,optimal,0.06195950000255834,False,
1095,0.0,0,0.0,617163.217752157,optimal,0.1599123000050895,False,
1096,0.0,0,0.0,614233.3395445481,optimal,0.15477489998738747,False,
1097,0.0,0,0.0,592167.161714952,optimal,0.09114299999782816,False,
1098,0.0,0,0.0,580115.3034299783,optimal,0.08800550000160001,False,
1099,0.0,0,0.0,583467.13307156,optimal,0.08084290000260808,False,
1100,0.0,0,0.0,614944.1775973939,optimal,0.07759590000205208,False,
1101,0.0,0,0.0,654989.6325687554,optimal,0.0817154000105802,False,
1102,0.0,0,0.0,632501.0738174231,optimal,0.07606260001193732,False,
1103,0.0,0,0.0,624491.9135049543,optimal,0.060661900002742186,False,
1104,0.0,0,0.0,604796.608318602,optimal,0.08322990000306163,False,
1105,0.0,0,0.0,576910.3695672691,optimal,0.055694800001219846,False,
1106,0.0,0,0.0,580229.4908673448,optimal,0.06887869999627583,False,
1107,0.0,0,0.0,599107.4901860094,optimal,0.05666630000632722,False,
1108,0.0,0,0.0,648395.8295797363,optimal,0.06839000000036322,False,
1109,0.0,0,0.0,685712.9038094782,optimal,0.12218219999340363,False,
1110,0.0,0,0.0,700295.7992724234,optimal,0.07693070000095759,False,
1111,0.0,0,0.0,699620.0233433727,optimal,0.13043040000775363,False,
1112,0.0,0,0.0,716889.4543560529,optimal,0.07373350000125356,False,
1113,0.0,0,0.0,761514.7846153164,optimal,0.07676759999594651,False,
1114,0.0,0,0.0,781091.766219433,optimal,0.07761339998978656,False,
1115,0.0,0,0.0,818788.8792198399,optimal,0.07580700000107754,False,
1116,0.0,0,0.0,822161.2574920256,optimal,0.07293229999777395,False,
1117,0.0,0,0.0,774334.6217198658,optimal,0.05916900000011083,False,
1118,0.0,0,0.0,739043.7861450753,optimal,0.06096149999939371,False,
1119,0.0,0,0.0,687691.3156870684,optimal,0.06389080001099501,False,
1120,0.0,0,0.0,627095.4559415531,optimal,0.0686582000053022,False,
1121,0.0,0,0.0,591861.153322314,optimal,0.06485530000645667,False,
1122,0.0,0,0.0,583498.1536511474,optimal,0.07077589999244083,False,
1123,0.0,0,0.0,565343.4806377895,optimal,0.06337469999562018,False,
1124,0.0,0,0.0,540897.0006316806,optimal,0.06218010000884533,False,
1125,0.0,0,0.0,529221.0550646096,optimal,0.06807870000193361,False,
1126,0.0,0,0.0,460778.4237691794,optimal,0.05760329999611713,False,
1127,0.0,0,0.0,395725.0501334175,optimal,0.06462779999128543,False,
1128,0.0,0,0.0,363370.25597146264,optimal,0.06308540000463836,False,
1129,0.0,0,0.0,338491.1435080431,optimal,0.0566186999931233,False,
1130,0.0,0,0.0,312065.1343173716,optimal,0.0657301000028383,False,
1131,0.0,0,0.0,296130.9235040581,optimal,0.05365860000893008,False,
1132,0.0,0,0.0,281037.27729292004,optimal,0.09766169999784324,False,
1133,0.0,0,0.0,275017.14693916263,optimal,0.06004419999953825,False,
1134,0.0,0,0.0,274439.51347538136,optimal,0.06617950000509154,False,
1135,0.0,0,0.0,279694.97904104873,optimal,0.07597550000355113,False,
1136,0.0,0,0.0,284096.3620330897,optimal,0.13666380000358913,False,
1137,0.0,0,0.0,283100.7599196241,optimal,0.05453799999668263,False,
1138,0.0,0,0.0,292391.48221130786,optimal,0.07600089999323245,False,
1139,0.0,0,0.0,283653.0014619983,optimal,0.07176370000524912,False,
1140,0.0,0,0.0,276400.6541582851,optimal,0.06437150000419933,False,
1141,0.0,0,0.0,268677.83266291575,optimal,0.06202340000891127,False,
1142,0.0,0,0.0,269201.00512381113,optimal,0.06808870000531897,False,
1143,0.0,0,0.0,289327.9702551317,optimal,0.06043899999349378,False,
1144,0.0,0,0.0,301985.0551193728,optimal,0.06811030000972096,False,
1145,0.0,0,0.0,325097.8855562657,optimal,0.07218119999743067,False,
1146,0.0,0,0.0,366372.3451294189,optimal,0.07645449999836273,False,
1147,0.0,0,0.0,396713.70871021936,optimal,0.05625470000086352,False,
1148,0.0,0,0.0,417570.69196305366,optimal,0.13888379999843892,False,
1149,0.0,0,0.0,438950.9524431337,optimal,0.06633469999360386,False,
1150,0.0,0,0.0,523899.1585597639,optimal,0.06146009999793023,False,
1151,0.0,0,0.0,605740.183346004,optimal,0.09788889999617822,False,
1152,0.0,0,0.0,693518.9884376891,optimal,0.08324300000094809,False,
1153,0.0,0,0.0,767689.762339463,optimal,0.08181550000153948,False,
1154,0.0,0,0.0,803620.3297564129,optimal,0.07927380000182893,False,
1155,0.0,0,0.0,763413.7204627644,optimal,0.0643393000063952,False,
1156,0.0,0,0.0,765037.726043837,optimal,0.05464780000329483,False,
1157,0.0,0,0.0,821494.0113310937,optimal,0.0788450000109151,False,
1158,0.0,0,0.0,893056.6486953127,optimal,0.08267590000468772,False,
1159,0.0,0,0.0,954042.72683593,optimal,0.0709080999949947,False,
1160,0.0,0,0.0,1014399.2225566776,optimal,0.05968189999111928,False,
1161,0.0,0,0.0,1050268.0395633806,optimal,0.07073150000360329,False,
1162,0.0,0,0.0,1037136.9590697938,optimal,0.059605100002954714,False,
1163,0.0,0,0.0,1043921.3373709836,optimal,0.05536340000980999,False,
1164,0.0,0,0.0,1052797.7226424394,optimal,0.06242560000100639,False,
1165,0.0,0,0.0,1066528.4995243177,optimal,0.0523276000021724,False,
1166,0.0,0,0.0,1084293.8215914103,optimal,0.07532309999805875,False,
1167,0.0,0,0.0,1098426.035579807,optimal,0.07421799999428913,False,
1168,0.0,0,0.0,1150169.70869084,optimal,0.06875669999863021,False,
1169,0.0,0,0.0,1202398.953000638,optimal,0.059475499991094694,False,
1170,0.0,0,0.0,1244740.9667167722,optimal,0.08104350000212435,False,
1171,0.0,0,0.0,1277122.3050675602,optimal,0.07205510001222137,False,
1172,0.0,0,0.0,1307664.09760557,optimal,0.0685685999924317,False,
1173,0.0,0,0.0,1329073.139485038,optimal,0.06649140000808984,False,
1174,0.0,0,0.0,1387943.2738218482,optimal,0.1282305000058841,False,
1175,0.0,0,0.0,1443155.105291535,optimal,0.1559763999975985,False,
1176,0.0,0,0.0,1487647.3287051206,optimal,0.07493399998929817,False,
1177,0.0,0,0.0,1546871.6910993203,optimal,0.0703118999954313,False,
1178,0.0,0,0.0,1612377.2194492598,optimal,0.16205539999646135,False,
1179,0.0,0,0.0,1674611.2172747264,optimal,0.10077150000142865,False,
1180,0.0,0,0.0,1728857.6326431958,optimal,0.07172609999543056,False,
1181,0.0,0,0.0,1746675.7442136058,optimal,0.15201380000507925,False,
1182,0.0,0,0.0,1754789.6237638067,optimal,0.06843770001432858,False,
1183,0.0,0,0.0,1768936.2210272152,optimal,0.07932569998956751,False,
1184,0.0,0,0.0,1774688.1313588019,optimal,0.07012840000970755,False,
1185,0.0,0,0.0,1772484.6243133321,optimal,0.07418569999572355,False,
1186,0.0,0,0.0,1764154.731706674,optimal,0.158355899999151,False,
1187,0.0,0,0.0,1749460.4090987104,optimal,0.6190567000012379,False,
1188,0.0,0,0.0,1747124.3174915924,optimal,0.0692855000088457,False,
1189,0.0,0,0.0,1708722.3978648346,optimal,0.0760984000080498,False,
1190,0.0,0,0.0,1666592.764001031,optimal,0.5488664000004064,False,
1191,0.0,0,0.0,1629077.4127030494,optimal,0.5135981000057654,False,
1192,0.0,0,0.0,1628669.7755039034,optimal,0.4905762999987928,False,
1193,0.0,0,0.0,1637682.0921962424,optimal,0.45976890000747517,False,
1194,0.0,0,0.0,1659348.7058173264,optimal,0.4237768999882974,False,
1195,0.0,0,0.0,1681988.2560556098,optimal,0.3966069000016432,False,
1196,0.0,0,0.0,1701994.29891561,optimal,0.318201100002625,False,
1197,0.0,0,0.0,1665306.924388811,optimal,0.2828241999959573,False,
1198,0.0,0,0.0,1652958.8707960614,optimal,0.22903950000181794,False,
1199,0.0,0,0.0,1625164.0644153617,optimal,0.18908029999874998,False,
1200,0.0,0,0.0,1586477.8899190433,optimal,0.16678200000023935,False,
1201,0.0,0,0.0,1584098.7328634795,optimal,0.10598999999638181,False,
1202,0.0,0,0.0,1597812.529546889,optimal,0.07905169999867212,False,
1203,0.0,0,0.0,1568037.6006036615,optimal,0.1250785000011092,False,
1204,0.0,0,0.0,1505059.5172236445,optimal,0.07231669999600854,False,
1205,0.0,0,0.0,1452603.256605531,optimal,0.12506800000846852,False,
1206,0.0,0,0.0,1401315.517068344,optimal,0.06012509998981841,False,
1207,0.0,0,0.0,1350720.832940191,optimal,0.13310479999927338,False,
1208,0.0,0,0.0,1352938.3227838539,optimal,0.0643456999969203,False,
1209,0.0,0,0.0,1349912.828155609,optimal,0.06674159999238327,False,
1210,0.0,0,0.0,1341405.1471491326,optimal,0.08427400000800844,False,
1211,0.0,0,0.0,1317802.9759016254,optimal,0.06306230000336654,False,
1212,0.0,0,0.0,1264323.075371361,optimal,0.05948840000201017,False,
1213,0.0,0,0.0,1212130.3993995409,optimal,0.07098889999906532,False,
1214,0.0,0,0.0,1161856.2024898934,optimal,0.05325009999796748,False,
1215,0.0,0,0.0,1088456.43066767,optimal,0.05573599999479484,False,
1216,0.0,0,0.0,1020146.7207711595,optimal,0.06653319999168161,False,
1217,0.0,0,0.0,965005.838683396,optimal,0.05260389999602921,False,
1218,0.0,0,0.0,925306.9317757216,optimal,0.06664760000421666,False,
1219,0.0,0,0.0,899165.2121365039,optimal,0.0704154999984894,False,
1220,0.0,0,0.0,880298.9312536847,optimal,0.05753629999526311,False,
1221,0.0,0,0.0,835404.6100584626,optimal,0.0658601000031922,False,
1222,0.0,0,0.0,789187.8120672733,optimal,0.059534400003030896,False,
1223,0.0,0,0.0,755437.252135752,optimal,0.06878329999744892,False,
1224,0.0,0,0.0,726269.0082589071,optimal,0.07129380000696983,False,
1225,0.0,0,0.0,689929.8757075403,optimal,0.1285418000043137,False,
1226,0.0,0,0.0,646023.6842480991,optimal,0.06186359999992419,False,
1227,0.0,0,0.0,591858.6882356564,optimal,0.0678531000012299,False,
1228,0.0,0,0.0,543121.1294450662,optimal,0.11765450000530109,False,
1229,0.0,0,0.0,501965.5172193126,optimal,0.05624210000678431,False,
1230,0.0,0,0.0,462168.6446625166,optimal,0.07984500000020489,False,
1231,0.0,0,0.0,418804.93868685944,optimal,0.06268630000704434,False,
1232,0.0,0,0.0,375997.89667728334,optimal,0.06113260000711307,False,
1233,0.0,0,0.0,338352.4999839917,optimal,0.08019959999364801,False,
1234,0.0,0,0.0,298765.62359733484,optimal,0.06830650000483729,False,
1235,0.0,0,0.0,257954.1343651905,optimal,0.06454950000625104,False,
1236,0.0,0,0.0,250016.53407274958,optimal,0.05788750000647269,False,
1237,0.0,0,0.0,250016.53407274958,optimal,0.12895850000495557,False,
1238,0.0,0,0.0,250016.53407274958,optimal,0.12919169999076985,False,
1239,0.0,0,0.0,250016.53407274958,optimal,0.05842869999469258,False,
1240,0.0,0,0.0,250016.53407274958,optimal,0.07760350000171456,False,
1241,0.0,0,0.0,250016.53407274958,optimal,0.056337399990297854,False,
1242,0.0,0,0.0,250016.53407274958,optimal,0.14367829999537207,False,
1243,0.0,0,0.0,250016.53407274958,optimal,0.073566099992604,False,
1244,0.0,0,0.0,250016.53407274958,optimal,0.12758949999988545,False,
1245,0.0,0,0.0,250016.53407274958,optimal,0.06745479999517556,False,
1246,0.0,0,0.0,250016.53407274958,optimal,0.06912120000924915,False,
1247,0.0,0,0.0,250016.53407274958,optimal,0.07282570000097621,False,
1248,0.0,0,0.0,250016.53407274958,optimal,0.06813440000405535,False,
1249,0.0,0,0.0,250016.53407274958,optimal,0.0601716000091983,False,
1250,0.0,0,0.0,250016.53407274958,optimal,0.07124619999376591,False,
1251,0.0,0,0.0,250016.53407274958,optimal,0.06288589999894612,False,
1252,0.0,0,0.0,250016.53407274958,optimal,0.05893209998612292,False,
1253,0.0,0,0.0,250016.53407274958,optimal,0.05882890000066254,False,
1254,0.0,0,0.0,250016.53407274958,optimal,0.07434340000327211,False,
1255,0.0,0,0.0,250016.53407274958,optimal,0.06206930000917055,False,
1256,0.0,0,0.0,250016.53407274958,optimal,0.07029430000693537,False,
1257,0.0,0,0.0,250016.53407274958,optimal,0.055257300002267584,False,
1258,0.0,0,0.0,250016.53407274958,optimal,0.06993700000748504,False,
1259,0.0,0,0.0,250016.53407274958,optimal,0.07392809999873862,False,
1260,0.0,0,0.0,250016.53407274958,optimal,0.05856330000096932,False,
1261,0.0,0,0.0,250016.53407274958,optimal,0.05935460000182502,False,
1262,0.0,0,0.0,250016.53407274958,optimal,0.057565700000850484,False,
1263,0.0,0,0.0,250016.53407274958,optimal,0.06921699999656994,False,
1264,0.0,0,0.0,250016.53407274958,optimal,0.05605049998848699,False,
1265,0.0,0,0.0,250016.53407274958,optimal,0.058284899991122074,False,
1266,0.0,0,0.0,250016.53407274958,optimal,0.05394119999255054,False,
1267,0.0,0,0.0,250016.53407274958,optimal,0.05791689999750815,False,
1268,0.0,0,0.0,250016.53407274958,optimal,0.07881289999932051,False,
1269,0.0,0,0.0,250016.53407274958,optimal,0.06029280000075232,False,
1270,0.0,0,0.0,250016.53407274958,optimal,0.07252210000297055,False,
1271,0.0,0,0.0,250016.53407274958,optimal,0.05999330000486225,False,
1272,0.0,0,0.0,250016.53407274958,optimal,0.08319569999002852,False,
1273,0.0,0,0.0,250016.53407274958,optimal,0.07437650000792928,False,
1274,0.0,0,0.0,250016.53407274958,optimal,0.06717080000089481,False,
1275,0.0,0,0.0,250016.53407274958,optimal,0.078779300005408,False,
1276,0.0,0,0.0,250016.53407274958,optimal,0.06525810000312049,False,
1277,0.0,0,0.0,250016.53407274958,optimal,0.05987769999774173,False,
1278,0.0,0,0.0,250016.53407274958,optimal,0.05580629999167286,False,
1279,0.0,0,0.0,250016.53407274958,optimal,0.07459830000880174,False,
1280,0.0,0,0.0,250016.53407274958,optimal,0.052297600006568246,False,
1281,0.0,0,0.0,250410.75673171386,optimal,0.05834079999476671,False,
1282,0.0,0,0.0,293533.220883569,optimal,0.059631500000250526,False,
1283,0.0,0,0.0,351555.9957430813,optimal,0.0749740000028396,False,
1284,0.0,0,0.0,412235.56267059833,optimal,0.06602070000371896,False,
1285,0.0,0,0.0,413525.61430730834,optimal,0.0767824000067776,False,
1286,0.0,0,0.0,409979.9563025106,optimal,0.07067619998997543,False,
1287,0.0,0,0.0,412638.2913174182,optimal,0.07551049999892712,False,
1288,0.0,0,0.0,419125.7090791245,optimal,0.07943060000252444,False,
1289,0.0,0,0.0,433502.2717951915,optimal,0.06510350000462495,False,
1290,0.0,0,0.0,503173.7575379589,optimal,0.07736640000075568,False,
1291,0.0,0,0.0,616693.6417941382,optimal,0.07267880000290461,False,
1292,0.0,0,0.0,738638.4438749577,optimal,0.06946920001064427,False,
1293,0.0,0,0.0,860869.2239557774,optimal,0.06683139999222476,False,
1294,0.0,0,0.0,915424.9158293462,optimal,0.07622439999249764,False,
1295,0.0,0,0.0,997792.8969210002,optimal,0.06912369999918155,False,
1296,0.0,0,0.0,1071332.4628143103,optimal,0.13803140001255088,False,
1297,0.0,0,0.0,1126942.8233543178,optimal,0.054480599996168166,False,
1298,0.0,0,0.0,1151431.1775273485,optimal,0.06547739999950863,False,
1299,0.0,0,0.0,1158994.8233290254,optimal,0.0708936999872094,False,
1300,0.0,0,0.0,1200799.9946540233,optimal,0.06262450000212993,False,
1301,0.0,0,0.0,1232571.9001434105,optimal,0.06648470000072848,False,
1302,0.0,0,0.0,1274851.6843428202,optimal,0.06172470000456087,False,
1303,0.0,0,0.0,1321794.0825100613,optimal,0.13468259999353904,False,
1304,0.0,0,0.0,1342668.5468065592,optimal,0.07763110000814777,False,
1305,0.0,0,0.0,1372431.0261529672,optimal,0.06526600000506733,False,
1306,0.0,0,0.0,1396001.8981661296,optimal,0.07611270000052173,False,
1307,0.0,0,0.0,1414828.731318145,optimal,0.05690569999569561,False,
1308,0.0,0,0.0,1401075.833737457,optimal,0.060499700004584156,False,
1309,0.0,0,0.0,1367545.8076377378,optimal,0.07451160000346135,False,
1310,0.0,0,0.0,1332030.5489337377,optimal,0.07751810000627302,False,
1311,0.0,0,0.0,1296081.9902297372,optimal,0.08177499999874271,False,
1312,0.0,0,0.0,1260623.1718857742,optimal,0.06895409998833202,False,
1313,0.0,0,0.0,1244704.586082976,optimal,0.07980259999749251,False,
1314,0.0,0,0.0,1238610.3666354176,optimal,0.08244579999882262,False,
1315,0.0,0,0.0,1266638.888838195,optimal,0.09007479999854695,False,
1316,0.0,0,0.0,1301393.7484488785,optimal,0.15088180000020657,False,
1317,0.0,0,0.0,1324418.5983918053,optimal,0.06911270000273362,False,
1318,0.0,0,0.0,1353760.000471766,optimal,0.07098240000777878,False,
1319,0.0,0,0.0,1380810.7194133243,optimal,0.07197239999368321,False,
1320,0.0,0,0.0,1399083.3966023643,optimal,0.07439399999566376,False,
1321,0.0,0,0.0,1401701.5118587476,optimal,0.0745357999985572,False,
1322,0.0,0,0.0,1347342.94739582,optimal,0.06928270000207704,False,
1323,0.0,0,0.0,1304251.8580760814,optimal,0.05774069999461062,False,
1324,0.0,0,0.0,1249914.5586823232,optimal,0.08788220000860747,False,
1325,0.0,0,0.0,1250006.9876529756,optimal,0.13199470000108704,False,
1326,0.0,0,0.0,1214405.4327603546,optimal,0.07146170000487473,False,
1327,0.0,0,0.0,1175201.5249035698,optimal,0.06755839999823365,False,
1328,0.0,0,0.0,1139937.2172635347,optimal,0.08644150001055095,False,
1329,0.0,0,0.0,1120415.2725716308,optimal,0.0854929000051925,False,
1330,0.0,0,0.0,1100301.6547363875,optimal,0.07517880000523292,False,
1331,0.0,0,0.0,1067946.2940064927,optimal,0.16614090000803117,False,
1332,0.0,0,0.0,1039321.3223600602,optimal,0.08067090000258759,False,
1333,0.0,0,0.0,1067876.5511943607,optimal,0.06732289999490604,False,
1334,0.0,0,0.0,1051632.6686127118,optimal,0.09818580000137445,False,
1335,0.0,0,0.0,1034258.2110611919,optimal,0.07498819999455009,False,
1336,0.0,0,0.0,1038648.7509779471,optimal,0.12820940000528935,False,
1337,0.0,0,0.0,993816.3298856476,optimal,0.4283391000062693,False,
1338,0.0,0,0.0,968401.680520929,optimal,0.39900910000142176,False,
1339,0.0,0,0.0,923929.9901265447,optimal,0.35605930000019725,False,
1340,0.0,0,0.0,865658.9976043731,optimal,0.27639620000263676,False,
1341,0.0,0,0.0,830002.2717435962,optimal,0.20390730000508483,False,
1342,0.0,0,0.0,758331.7297988004,optimal,0.06884519998857286,False,
1343,0.0,0,0.0,694720.9781809011,optimal,0.06380490001174621,False,
1344,0.0,0,0.0,645056.831679258,optimal,0.08306849999644328,False,
1345,0.0,0,0.0,610465.127052305,optimal,0.06514400000742171,False,
1346,0.0,0,0.0,576835.480013905,optimal,0.07162590000370983,False,
1347,0.0,0,0.0,543648.6286296389,optimal,0.06886559999838937,False,
1348,0.0,0,0.0,514332.48985439376,optimal,0.07821649999823421,False,
1349,0.0,0,0.0,499691.47878484265,optimal,0.09041720000095665,False,
1350,0.0,0,0.0,461126.216613178,optimal,0.08135110000148416,False,
1351,0.0,0,0.0,429804.86021029484,optimal,0.09271130000706762,False,
1352,0.0,0,0.0,394258.47719901067,optimal,0.4391142999957083,False,
1353,0.0,0,0.0,353238.7612036195,optimal,0.15101439999125432,False,
1354,0.0,0,0.0,289798.773236919,optimal,0.4246058999997331,False,
1355,0.0,0,0.0,254986.11290588486,optimal,0.26837170000362676,False,
1356,0.0,0,0.0,250016.53407274958,optimal,0.2475846999877831,False,
1357,0.0,0,0.0,250016.53407274958,optimal,0.2268056000029901,False,
1358,0.0,0,0.0,250016.53407274958,optimal,0.17845910000323784,False,
1359,0.0,0,0.0,250016.53407274958,optimal,0.1619821999920532,False,
1360,0.0,0,0.0,250016.53407274958,optimal,0.10718659999838565,False,
1361,0.0,0,0.0,250016.53407274958,optimal,0.11478899999929126,False,
1362,0.0,0,0.0,250016.53407274958,optimal,0.09740689999307506,False,
1363,0.0,0,0.0,250016.53407274958,optimal,0.11994200000481214,False,
1364,0.0,0,0.0,250016.53407274958,optimal,0.12648089999856893,False,
1365,0.0,0,0.0,250016.53407274958,optimal,0.1668733999977121,False,
1366,0.0,0,0.0,250016.53407274958,optimal,0.17535900000075344,False,
1367,0.0,0,0.0,250016.53407274958,optimal,0.16522909999184776,False,
1368,0.0,0,0.0,250016.53407274958,optimal,0.15988590000779368,False,
1369,0.0,0,0.0,250016.53407274958,optimal,0.5392847000039183,False,
1370,0.0,0,0.0,250016.53407274958,optimal,0.35446309999679215,False,
1371,0.0,0,0.0,250016.53407274958,optimal,0.519643299994641,False,
1372,0.0,0,0.0,250016.53407274958,optimal,0.2922239999898011,False,
1373,0.0,0,0.0,250016.53407274958,optimal,0.2531877000001259,False,
1374,0.0,0,0.0,250016.53407274958,optimal,0.3042589999968186,False,
1375,0.0,0,0.0,250016.53407274958,optimal,0.19791379998787306,False,
1376,0.0,0,0.0,254081.21678452916,optimal,0.1959995999932289,False,
1377,0.0,0,0.0,272149.69080756756,optimal,0.17255660000955686,False,
1378,0.0,0,0.0,297387.69531868014,optimal,0.1398744999896735,False,
1379,0.0,0,0.0,293394.7296172272,optimal,0.11647959999390878,False,
1380,0.0,0,0.0,269867.1531038057,optimal,0.4789370999933453,False,
1381,0.0,0,0.0,251156.55814047775,optimal,0.12751900000148453,False,
1382,0.0,0,0.0,250016.53407274958,optimal,0.5988945999997668,False,
1383,0.0,0,0.0,250016.53407274958,optimal,0.44870399999490473,False,
1384,0.0,0,0.0,250016.53407274958,optimal,0.5629230000049574,False,
1385,0.0,0,0.0,250016.53407274958,optimal,0.4508594999933848,False,
1386,0.0,0,0.0,250016.53407274958,optimal,0.26104270000359975,False,
1387,0.0,0,0.0,250016.53407274958,optimal,0.13823979999870062,False,
1388,0.0,0,0.0,257662.04233556046,optimal,0.2141566999925999,False,
1389,0.0,0,0.0,289184.5445881914,optimal,0.1686045000096783,False,
1390,0.0,0,0.0,331368.605796409,optimal,0.1319661999878008,False,
1391,0.0,0,0.0,355734.2343726179,optimal,0.1508188000007067,False,
1392,0.0,0,0.0,374586.81391440413,optimal,0.10544679999293294,False,
1393,0.0,0,0.0,416558.21925286786,optimal,0.13159839999570977,False,
1394,0.0,0,0.0,447086.1897918694,optimal,0.1055725999904098,False,
1395,0.0,0,0.0,488093.7908419771,optimal,0.07784510000783484,False,
1396,0.0,0,0.0,524532.6025451758,optimal,0.10913539999455679,False,
1397,0.0,0,0.0,558116.4110907663,optimal,0.10327120000147261,False,
1398,0.0,0,0.0,616542.1496112455,optimal,0.09554629999911413,False,
1399,0.0,0,0.0,713928.572472078,optimal,0.10112580000713933,False,
1400,0.0,0,0.0,793056.9533515251,optimal,0.08108899999933783,False,
1401,0.0,0,0.0,900862.6924925327,optimal,0.08098899999458808,False,
1402,0.0,0,0.0,955235.5086924353,optimal,0.07986379999783821,False,
1403,0.0,0,0.0,958146.6049171769,optimal,0.09472660000028554,False,
1404,0.0,0,0.0,899790.0287362318,optimal,0.08584829999017529,False,
1405,0.0,0,0.0,824054.3634951082,optimal,0.09892780000518542,False,
1406,0.0,0,0.0,764995.3894277721,optimal,0.1490090000006603,False,
1407,0.0,0,0.0,720478.0285305587,optimal,0.24409410000953358,False,
1408,0.0,0,0.0,680049.3090168429,optimal,0.11092610000923742,False,
1409,0.0,0,0.0,670437.2109379657,optimal,0.29560189999756403,False,
1410,0.0,0,0.0,665506.7409073889,optimal,0.18266229999426287,False,
1411,0.0,0,0.0,683441.4397394751,optimal,0.15514220000477508,False,
1412,0.0,0,0.0,681889.9620379239,optimal,0.06745560000126716,False,
1413,0.0,0,0.0,673637.6265816463,optimal,0.07050640000670683,False,
1414,0.0,0,0.0,663359.0499481648,optimal,0.08466340000450145,False,
1415,0.0,0,0.0,638072.3640967584,optimal,0.10021679999772459,False,
1416,0.0,0,0.0,611143.3185518789,optimal,0.08346259999962058,False,
1417,0.0,0,0.0,571568.2487347698,optimal,0.07692540000425652,False,
1418,0.0,0,0.0,532261.9058993784,optimal,0.08505090000107884,False,
1419,0.0,0,0.0,484104.9915908275,optimal,0.08345160000317264,False,
1420,0.0,0,0.0,440981.74313034036,optimal,0.0715526999993017,False,
1421,0.0,0,0.0,397956.3117986945,optimal,0.09499040000082459,False,
1422,0.0,0,0.0,346665.5229015421,optimal,0.07781600000453182,False,
1423,0.0,0,0.0,312396.6043059941,optimal,0.07568449999962468,False,
1424,0.0,0,0.0,281855.1132560706,optimal,0.07614820000890177,False,
1425,0.0,0,0.0,253273.21760822376,optimal,0.08846329999505542,False,
1426,0.0,0,0.0,250016.53407274958,optimal,0.06594700001005549,False,
1427,0.0,0,0.0,250016.53407274958,optimal,0.07501649999176152,False,
1428,0.0,0,0.0,250016.53407274958,optimal,0.06550840000272729,False,
1429,0.0,0,0.0,250016.53407274958,optimal,0.06191519999993034,False,
1430,0.0,0,0.0,250016.53407274958,optimal,0.07527069999196101,False,
1431,0.0,0,0.0,250016.53407274958,optimal,0.06910809999681078,False,
1432,0.0,0,0.0,250016.53407274958,optimal,0.14181789998838212,False,
1433,0.0,0,0.0,250016.53407274958,optimal,0.08325020001211669,False,
1434,0.0,0,0.0,250016.53407274958,optimal,0.1454230999952415,False,
1435,0.0,0,0.0,250016.53407274958,optimal,0.06936169999244157,False,
1436,0.0,0,0.0,250016.53407274958,optimal,0.08529799999087118,False,
1437,0.0,0,0.0,250016.53407274958,optimal,0.0757881999888923,False,
1438,0.0,0,0.0,250016.53407274958,optimal,0.06555440000374801,False,
1439,0.0,0,0.0,250016.53407274958,optimal,0.07147570000961423,False,
1440,0.0,0,0.0,250016.53407274958,optimal,0.06229220000386704,False,
1441,0.0,0,0.0,250016.53407274958,optimal,0.08160299999872223,False,
1442,0.0,0,0.0,250016.53407274958,optimal,0.07199799999943934,False,
1443,0.0,0,0.0,250016.53407274958,optimal,0.06812199999694712,False,
1444,0.0,0,0.0,250016.53407274958,optimal,0.06403330000466667,False,
1445,0.0,0,0.0,250016.53407274958,optimal,0.0675345999916317,False,
1446,0.0,0,0.0,250016.53407274958,optimal,0.14666199999919627,False,
1447,0.0,0,0.0,250016.53407274958,optimal,0.18944220000412315,False,
1448,0.0,0,0.0,250016.53407274958,optimal,0.07979800000612158,False,
1449,0.0,0,0.0,250016.53407274958,optimal,0.11662499999511056,False,
1450,0.0,0,0.0,250016.53407274958,optimal,0.1571507000044221,False,
1451,0.0,0,0.0,250016.53407274958,optimal,0.07611230001202784,False,
1452,0.0,0,0.0,250016.53407274958,optimal,0.06545959999493789,False,
1453,0.0,0,0.0,250016.53407274958,optimal,0.059835299995029345,False,
1454,0.0,0,0.0,250016.53407274958,optimal,0.07119190000230446,False,
1455,0.0,0,0.0,250016.53407274958,optimal,0.2418247000023257,False,
1456,0.0,0,0.0,250016.53407274958,optimal,0.18483299999206793,False,
1457,0.0,0,0.0,250016.53407274958,optimal,0.15866169999935664,False,
1458,0.0,0,0.0,250016.53407274958,optimal,0.1259824999870034,False,
1459,0.0,0,0.0,250016.53407274958,optimal,0.10267230001045391,False,
1460,0.0,0,0.0,250016.53407274958,optimal,0.062224400011473335,False,
1461,0.0,0,0.0,250016.53407274958,optimal,0.06990119999682065,False,
1462,0.0,0,0.0,250016.53407274958,optimal,0.07674959998985287,False,
1463,0.0,0,0.0,250016.53407274958,optimal,0.05583709999336861,False,
1464,0.0,0,0.0,250016.53407274958,optimal,0.1946098000044003,False,
1465,0.0,0,0.0,250016.53407274958,optimal,0.07994310000503901,False,
1466,0.0,0,0.0,250016.53407274958,optimal,0.18711030000122264,False,
1467,0.0,0,0.0,250016.53407274958,optimal,0.19625280000036582,False,
1468,0.0,0,0.0,250016.53407274958,optimal,0.09395619999850169,False,
1469,0.0,0,0.0,250016.53407274958,optimal,0.5598481000051834,False,
1470,0.0,0,0.0,250016.53407274958,optimal,0.1562982000032207,False,
1471,0.0,0,0.0,250016.53407274958,optimal,0.6444530000007944,False,
1472,0.0,0,0.0,250016.53407274958,optimal,0.6471183000103338,False,
1473,0.0,0,0.0,302811.5563506858,optimal,0.20702059999166522,False,
1474,0.0,0,0.0,351596.8625495039,optimal,0.40806699999666307,False,
1475,0.0,0,0.0,379566.1221437456,optimal,0.28933970000070985,False,
1476,0.0,0,0.0,414711.9185256344,optimal,0.3217073999985587,False,
1477,0.0,0,0.0,433194.2867881672,optimal,0.27697420000913553,False,
1478,0.0,0,0.0,443063.1578820006,optimal,0.2354848000104539,False,
1479,0.0,0,0.0,454588.00759963563,optimal,0.18307620000268798,False,
1480,0.0,0,0.0,469913.54075063823,optimal,0.36069279999355786,False,
1481,0.0,0,0.0,490803.41717437736,optimal,0.13461520000419114,False,
1482,0.0,0,0.0,520045.0544713641,optimal,0.624275200010743,False,
1483,0.0,0,0.0,565775.0413485066,optimal,0.5513974999921629,False,
1484,0.0,0,0.0,614313.8950221753,optimal,0.49116059999505524,False,
1485,0.0,0,0.0,649482.1837480067,optimal,0.4077244000072824,False,
1486,0.0,0,0.0,669926.9598576797,optimal,0.24300170000060461,False,
1487,0.0,0,0.0,691238.1681679339,optimal,0.1371752999984892,False,
1488,0.0,0,0.0,725694.1376508441,optimal,0.1262778999953298,False,
1489,0.0,0,0.0,739739.6530858405,optimal,0.1480511999980081,False,
1490,0.0,0,0.0,732993.8015841799,optimal,0.09641610000107903,False,
1491,0.0,0,0.0,780522.5277631396,optimal,0.3792515000095591,False,
1492,0.0,0,0.0,790558.8549742738,optimal,0.3460122999968007,False,
1493,0.0,0,0.0,825872.5074101457,optimal,0.3152834999928018,False,
1494,0.0,0,0.0,844471.5604612703,optimal,0.2224057000130415,False,
1495,0.0,0,0.0,879573.5532551003,optimal,0.11621829999785405,False,
1496,0.0,0,0.0,864743.6236119352,optimal,0.16022550000343472,False,
1497,0.0,0,0.0,889145.3605318378,optimal,0.11884250000002794,False,
1498,0.0,0,0.0,837400.5771087535,optimal,0.1117802000080701,False,
1499,0.0,0,0.0,787946.2407594173,optimal,0.07476049999240786,False,
1500,0.0,0,0.0,762267.8409053548,optimal,0.1740600000048289,False,
1501,0.0,0,0.0,742167.587507105,optimal,0.09338759999081958,False,
1502,0.0,0,0.0,708703.239378638,optimal,0.09866630000760779,False,
1503,0.0,0,0.0,682995.8858930058,optimal,0.09615780001331586,False,
1504,0.0,0,0.0,664860.5917309555,optimal,0.08794769999803975,False,
1505,0.0,0,0.0,668606.5274842429,optimal,0.08952090000093449,False,
1506,0.0,0,0.0,666884.9312643982,optimal,0.07877570000709966,False,
1507,0.0,0,0.0,641062.8212955279,optimal,0.20346590000553988,False,
1508,0.0,0,0.0,602470.0785194369,optimal,0.20688669999071863,False,
1509,0.0,0,0.0,577139.8466221128,optimal,0.10984000000462402,False,
1510,0.0,0,0.0,540967.9401164051,optimal,0.13698950000980403,False,
1511,0.0,0,0.0,521772.81172866956,optimal,0.12525480000476819,False,
1512,0.0,0,0.0,487898.85213045846,optimal,0.09659380000084639,False,
1513,0.0,0,0.0,475303.3809949696,optimal,0.10384379999595694,False,
1514,0.0,0,0.0,469914.5680369461,optimal,0.570410800006357,False,
1515,0.0,0,0.0,467615.5305318687,optimal,0.4158816000126535,False,
1516,0.0,0,0.0,458893.33007299795,optimal,0.1072303999972064,False,
1517,0.0,0,0.0,457396.5904970945,optimal,0.11574100000143517,False,
1518,0.0,0,0.0,449573.683049124,optimal,0.3213116999977501,False,
1519,0.0,0,0.0,426669.1637706996,optimal,0.2717378999950597,False,
1520,0.0,0,0.0,411740.85206822277,optimal,0.17503450000367593,False,
1521,0.0,0,0.0,383137.2967829427,optimal,0.13556460000108927,False,
1522,0.0,0,0.0,346750.93623132585,optimal,0.13531409999995958,False,
1523,0.0,0,0.0,331582.719180833,optimal,0.11016679999011103,False,
1524,0.0,0,0.0,308931.77246576454,optimal,0.11782020000100601,False,
1525,0.0,0,0.0,286674.23346930667,optimal,0.10812039999291301,False,
1526,0.0,0,0.0,273236.8915764712,optimal,0.0883602000103565,False,
1527,0.0,0,0.0,250016.53407274958,optimal,0.10075289999076631,False,
1528,0.0,0,0.0,250016.53407274958,optimal,0.11330399999860674,False,
1529,0.0,0,0.0,250016.53407274958,optimal,0.10955330000433605,False,
1530,0.0,0,0.0,250016.53407274958,optimal,0.09776340000098571,False,
1531,0.0,0,0.0,250016.53407274958,optimal,0.094774299999699,False,
1532,0.0,0,0.0,250016.53407274958,optimal,0.09559490000538062,False,
1533,0.0,0,0.0,250016.53407274958,optimal,0.08984699999564327,False,
1534,0.0,0,0.0,250016.53407274958,optimal,0.07874879999144468,False,
1535,0.0,0,0.0,250016.53407274958,optimal,0.10082530000363477,False,
1536,0.0,0,0.0,250016.53407274958,optimal,0.18210130000079516,False,
1537,0.0,0,0.0,250016.53407274958,optimal,0.09637849999126047,False,
1538,0.0,0,0.0,250016.53407274958,optimal,0.12489869999990333,False,
1539,0.0,0,0.0,250016.53407274958,optimal,0.12177389999851584,False,
1540,0.0,0,0.0,250016.53407274958,optimal,0.26710260000254493,False,
1541,0.0,0,0.0,250016.53407274958,optimal,0.46293120000336785,False,
1542,0.0,0,0.0,250016.53407274958,optimal,0.4334803999954602,False,
1543,0.0,0,0.0,250016.53407274958,optimal,0.2646043999993708,False,
1544,0.0,0,0.0,250016.53407274958,optimal,0.23176920000696555,False,
1545,0.0,0,0.0,250016.53407274958,optimal,0.1353159999998752,False,
1546,0.0,0,0.0,250016.53407274958,optimal,0.10856670000066515,False,
1547,0.0,0,0.0,250016.53407274958,optimal,0.07200129999546334,False,
1548,0.0,0,0.0,250016.53407274958,optimal,0.08442119999381248,False,
1549,0.0,0,0.0,250016.53407274958,optimal,0.08705229999031872,False,
1550,0.0,0,0.0,250016.53407274958,optimal,0.09020169998984784,False,
1551,0.0,0,0.0,250016.53407274958,optimal,0.08813040000677574,False,
1552,0.0,0,0.0,250016.53407274958,optimal,0.08023850001336541,False,
1553,0.0,0,0.0,250016.53407274958,optimal,0.07481869999901392,False,
1554,0.0,0,0.0,250016.53407274958,optimal,0.08028140000533313,False,
1555,0.0,0,0.0,250016.53407274958,optimal,0.1773176999995485,False,
1556,0.0,0,0.0,250016.53407274958,optimal,0.10110790000180714,False,
1557,0.0,0,0.0,250016.53407274958,optimal,0.1633744000137085,False,
1558,0.0,0,0.0,250016.53407274958,optimal,0.05965280000236817,False,
1559,0.0,0,0.0,250016.53407274958,optimal,0.09083720001217443,False,
1560,0.0,0,0.0,250016.53407274958,optimal,0.08505779999541119,False,
1561,0.0,0,0.0,250016.53407274958,optimal,0.08807189999788534,False,
1562,0.0,0,0.0,250016.53407274958,optimal,0.06045780000567902,False,
1563,0.0,0,0.0,250016.53407274958,optimal,0.053060799997183494,False,
1564,0.0,0,0.0,250016.53407274958,optimal,0.08310410000558477,False,
1565,0.0,0,0.0,250016.53407274958,optimal,0.06234340000082739,False,
1566,0.0,0,0.0,250016.53407274958,optimal,0.06689640000695363,False,
1567,0.0,0,0.0,250016.53407274958,optimal,0.05808830000751186,False,
1568,0.0,0,0.0,250016.53407274958,optimal,0.05456050000793766,False,
1569,0.0,0,0.0,250016.53407274958,optimal,0.13016659999266267,False,
1570,0.0,0,0.0,250016.53407274958,optimal,0.06270729999232572,False,
1571,0.0,0,0.0,250016.53407274958,optimal,0.07025659999635536,False,
1572,0.0,0,0.0,250016.53407274958,optimal,0.08585960000345949,False,
1573,0.0,0,0.0,250016.53407274958,optimal,0.1531459999969229,False,
1574,0.0,0,0.0,250016.53407274958,optimal,0.0630892000044696,False,
1575,0.0,0,0.0,250016.53407274958,optimal,0.23149990000820253,False,
1576,0.0,0,0.0,250016.53407274958,optimal,0.09378239999932703,False,
1577,0.0,0,0.0,250016.53407274958,optimal,0.12638449999212753,False,
1578,0.0,0,0.0,250016.53407274958,optimal,0.11294490000000224,False,
1579,0.0,0,0.0,250016.53407274958,optimal,0.09603089999291115,False,
1580,0.0,0,0.0,250016.53407274958,optimal,0.08588379999855533,False,
1581,0.0,0,0.0,250016.53407274958,optimal,0.07788339999387972,False,
1582,0.0,0,0.0,250016.53407274958,optimal,0.0686268999997992,False,
1583,0.0,0,0.0,250016.53407274958,optimal,0.13334800000302494,False,
1584,0.0,0,0.0,250016.53407274958,optimal,0.08165910000388976,False,
1585,0.0,0,0.0,250016.53407274958,optimal,0.052336799999466166,False,
1586,0.0,0,0.0,250016.53407274958,optimal,0.07261029999062885,False,
1587,0.0,0,0.0,250016.53407274958,optimal,0.057646199988084845,False,
1588,0.0,0,0.0,250016.53407274958,optimal,0.06604969999170862,False,
1589,0.0,0,0.0,250016.53407274958,optimal,0.13329819998762105,False,
1590,0.0,0,0.0,250016.53407274958,optimal,0.1571706999966409,False,
1591,0.0,0,0.0,250016.53407274958,optimal,0.06706380000105128,False,
1592,0.0,0,0.0,250016.53407274958,optimal,0.08234349999111146,False,
1593,0.0,0,0.0,250016.53407274958,optimal,0.09592500000144355,False,
1594,0.0,0,0.0,250016.53407274958,optimal,0.13145089999306947,False,
1595,0.0,0,0.0,250016.53407274958,optimal,0.07479320000857115,False,
1596,0.0,0,0.0,250016.53407274958,optimal,0.2843548000091687,False,
1597,0.0,0,0.0,250016.53407274958,optimal,0.285505199994077,False,
1598,0.0,0,0.0,250016.53407274958,optimal,0.2533185000065714,False,
1599,0.0,0,0.0,250016.53407274958,optimal,0.20542739999655169,False,
1600,0.0,0,0.0,250016.53407274958,optimal,0.14682690000336152,False,
1601,0.0,0,0.0,250016.53407274958,optimal,0.17990880001161713,False,
1602,0.0,0,0.0,250016.53407274958,optimal,0.13240339999902062,False,
1603,0.0,0,0.0,250016.53407274958,optimal,0.07305009999254253,False,
1604,0.0,0,0.0,250016.53407274958,optimal,0.07451700000092387,False,
1605,0.0,0,0.0,250016.53407274958,optimal,0.11621059999743011,False,
1606,0.0,0,0.0,250016.53407274958,optimal,0.06407529998978134,False,
1607,0.0,0,0.0,250016.53407274958,optimal,0.06680789998790715,False,
1608,0.0,0,0.0,309174.38626967574,optimal,0.13522270000248682,False,
1609,0.0,0,0.0,348797.0635752268,optimal,0.17381950000708457,False,
1610,0.0,0,0.0,384582.9486702521,optimal,0.08329710000543855,False,
1611,0.0,0,0.0,413999.6338235962,optimal,0.08448219999263529,False,
1612,0.0,0,0.0,438485.0509280934,optimal,0.07709149998845533,False,
1613,0.0,0,0.0,455052.46035057696,optimal,0.07698240000172518,False,
1614,0.0,0,0.0,485978.292830616,optimal,0.08185480000975076,False,
1615,0.0,0,0.0,511633.619491387,optimal,0.07407270000840072,False,
1616,0.0,0,0.0,521370.8292762131,optimal,0.05871500000648666,False,
1617,0.0,0,0.0,534639.197590373,optimal,0.07008779999159742,False,
1618,0.0,0,0.0,555253.4195406421,optimal,0.0709424999949988,False,
1619,0.0,0,0.0,572895.3155549138,optimal,0.06313819999922998,False,
1620,0.0,0,0.0,590767.6578567956,optimal,0.06264659999578726,False,
1621,0.0,0,0.0,611506.4530532744,optimal,0.06555669999215752,False,
1622,0.0,0,0.0,627095.6564401037,optimal,0.08652899999287911,False,
1623,0.0,0,0.0,640010.7134054052,optimal,0.06720980000682175,False,
1624,0.0,0,0.0,653638.5197573304,optimal,0.0847496000060346,False,
1625,0.0,0,0.0,669413.8379071677,optimal,0.07038809999357909,False,
1626,0.0,0,0.0,678706.7021173792,optimal,0.06408650000230409,False,
1627,0.0,0,0.0,678146.1249180258,optimal,0.09353469999041408,False,
1628,0.0,0,0.0,662175.3910743922,optimal,0.0806525999942096,False,
1629,0.0,0,0.0,642659.5973249924,optimal,0.13556779999635182,False,
1630,0.0,0,0.0,623460.7162402691,optimal,0.07622529999935068,False,
1631,0.0,0,0.0,599089.6106484645,optimal,0.06481520000670571,False,
1632,0.0,0,0.0,577047.820147321,optimal,0.07390859999577515,False,
1633,0.0,0,0.0,572315.1712036661,optimal,0.0787999000021955,False,
1634,0.0,0,0.0,571903.0630063675,optimal,0.07071790000190958,False,
1635,0.0,0,0.0,571431.4188878298,optimal,0.14643600000999868,False,
1636,0.0,0,0.0,571804.9432464216,optimal,0.07107450001058169,False,
1637,0.0,0,0.0,560976.5046559651,optimal,0.0666518000070937,False,
1638,0.0,0,0.0,557984.280957004,optimal,0.07836359999782871,False,
1639,0.0,0,0.0,564406.1054751173,optimal,0.09686920000240207,False,
1640,0.0,0,0.0,585998.7335233047,optimal,0.08383950000279583,False,
1641,0.0,0,0.0,591783.7858685955,optimal,0.06461410000338219,False,
1642,0.0,0,0.0,599242.2499639768,optimal,0.06734700000379235,False,
1643,0.0,0,0.0,573520.8255986797,optimal,0.08685759999207221,False,
1644,0.0,0,0.0,542158.5314628247,optimal,0.15929300000425428,False,
1645,0.0,0,0.0,513676.7131445493,optimal,0.16336500000033993,False,
1646,0.0,0,0.0,498183.3149381487,optimal,0.07411420000426006,False,
1647,0.0,0,0.0,477964.4237668221,optimal,0.09966130000248086,False,
1648,0.0,0,0.0,452712.2207719991,optimal,0.08664999999746215,False,
1649,0.0,0,0.0,425042.75705712556,optimal,0.15196540000033565,False,
1650,0.0,0,0.0,400319.3847909826,optimal,0.1381149000080768,False,
1651,0.0,0,0.0,383377.88144555525,optimal,0.06890130000829231,False,
1652,0.0,0,0.0,393163.5834979099,optimal,0.07071109999378677,False,
1653,0.0,0,0.0,373582.0618263889,optimal,0.06668439999339171,False,
1654,0.0,0,0.0,357310.99254659656,optimal,0.06371389998821542,False,
1655,0.0,0,0.0,321548.65781484323,optimal,0.05359369999496266,False,
1656,0.0,0,0.0,310332.7336023282,optimal,0.05359079998743255,False,
1657,0.0,0,0.0,304970.4310841052,optimal,0.06017709999287035,False,
1658,0.0,0,0.0,303632.4849751265,optimal,0.05142099999648053,False,
1659,0.0,0,0.0,316821.66149765876,optimal,0.08561460000055376,False,
1660,0.0,0,0.0,331318.00538029475,optimal,0.060394100000848994,False,
1661,0.0,0,0.0,337796.2978817656,optimal,0.07014239999989513,False,
1662,0.0,0,0.0,355195.0367759755,optimal,0.07274909999978263,False,
1663,0.0,0,0.0,377864.40809097554,optimal,0.06078499999421183,False,
1664,0.0,0,0.0,401178.52940597537,optimal,0.08417560000088997,False,
1665,0.0,0,0.0,417797.37918458786,optimal,0.05486100001144223,False,
1666,0.0,0,0.0,395579.59469198296,optimal,0.060710100005962886,False,
1667,0.0,0,0.0,386238.13268719433,optimal,0.07483290000527631,False,
1668,0.0,0,0.0,366593.05166625424,optimal,0.06123870000010356,False,
1669,0.0,0,0.0,346224.0891498965,optimal,0.07532199998968281,False,
1670,0.0,0,0.0,325974.5446176624,optimal,0.07423859999107663,False,
1671,0.0,0,0.0,302242.20683989895,optimal,0.05956109998805914,False,
1672,0.0,0,0.0,284021.3411753772,optimal,0.07675930000550579,False,
1673,0.0,0,0.0,269797.8471260647,optimal,0.07700769999064505,False,
1674,0.0,0,0.0,260003.32501678992,optimal,0.06121089999214746,False,
1675,0.0,0,0.0,266693.2261578228,optimal,0.0843557000043802,False,
1676,0.0,0,0.0,274971.4517979913,optimal,0.060253300005570054,False,
1677,0.0,0,0.0,286648.15381579264,optimal,0.06604979999247007,False,
1678,0.0,0,0.0,300771.3641772995,optimal,0.062060900003416464,False,
1679,0.0,0,0.0,312818.73455826653,optimal,0.07450629999220837,False,
1680,0.0,0,0.0,323241.33493923256,optimal,0.16298910000477917,False,
1681,0.0,0,0.0,340366.78201663605,optimal,0.08070830001088325,False,
1682,0.0,0,0.0,359997.90897613106,optimal,0.07657540000218432,False,
1683,0.0,0,0.0,379551.6659356271,optimal,0.09089259999745991,False,
1684,0.0,0,0.0,399260.1628951221,optimal,0.10276679998787586,False,
1685,0.0,0,0.0,419536.0398546181,optimal,0.09168499999213964,False,
1686,0.0,0,0.0,439540.18203706574,optimal,0.06906710000475869,False,
1687,0.0,0,0.0,456772.6435309701,optimal,0.08441179999499582,False,
1688,0.0,0,0.0,473331.80781980546,optimal,0.06200630000967067,False,
1689,0.0,0,0.0,479918.71019420587,optimal,0.06958789999771398,False,
1690,0.0,0,0.0,482780.1273503311,optimal,0.07057759999588598,False,
1691,0.0,0,0.0,480650.5937001498,optimal,0.06776679999893531,False,
1692,0.0,0,0.0,473473.2286839982,optimal,0.06198469999071676,False,
1693,0.0,0,0.0,458065.41836072353,optimal,0.06593409999914002,False,
1694,0.0,0,0.0,449618.67549752316,optimal,0.05638809999800287,False,
1695,0.0,0,0.0,446411.59305872285,optimal,0.05707040001288988,False,
1696,0.0,0,0.0,446999.7149980501,optimal,0.06583999999566004,False,
1697,0.0,0,0.0,442386.0575765965,optimal,0.0718021999928169,False,
1698,0.0,0,0.0,438229.290435358,optimal,0.057362499996088445,False,
1699,0.0,0,0.0,424780.30094268144,optimal,0.06893649999983609,False,
1700,0.0,0,0.0,418352.591474131,optimal,0.05481739999959245,False,
1701,0.0,0,0.0,415703.3195253946,optimal,0.06413009999960195,False,
1702,0.0,0,0.0,426937.9098093028,optimal,0.14564839999366086,False,
1703,0.0,0,0.0,436120.37531591963,optimal,0.07397730000957381,False,
1704,0.0,0,0.0,446233.4956968868,optimal,0.3720215999928769,False,
1705,0.0,0,0.0,463197.97476424114,optimal,0.0781622999929823,False,
1706,0.0,0,0.0,484933.9184315447,optimal,0.07375049999973271,False,
1707,0.0,0,0.0,506337.84231564356,optimal,0.2635019999870565,False,
1708,0.0,0,0.0,527201.5603195669,optimal,0.4085258999984944,False,
1709,0.0,0,0.0,547738.2575834814,optimal,0.21057899999141227,False,
1710,0.0,0,0.0,569767.8545429772,optimal,0.27588010000181384,False,
1711,0.0,0,0.0,593422.2215024728,optimal,0.1837017000070773,False,
1712,0.0,0,0.0,618005.0284619686,optimal,0.26599480000732,False,
1713,0.0,0,0.0,639677.3900784642,optimal,0.2990431000071112,False,
1714,0.0,0,0.0,658165.0760297757,optimal,0.45514550000370946,False,
1715,0.0,0,0.0,661866.4303800275,optimal,0.39136760000837967,False,
1716,0.0,0,0.0,668249.0996010461,optimal,0.3471579000033671,False,
1717,0.0,0,0.0,668281.2675128183,optimal,0.2964064999978291,False,
1718,0.0,0,0.0,692123.8386655513,optimal,0.25596709999081213,False,
1719,0.0,0,0.0,724140.3925986489,optimal,0.22459159999561962,False,
1720,0.0,0,0.0,728125.2250292096,optimal,0.18141109999851324,False,
1721,0.0,0,0.0,736300.0498869759,optimal,0.14779670001007617,False,
1722,0.0,0,0.0,753365.3509767314,optimal,0.09153659999719821,False,
1723,0.0,0,0.0,779172.905797444,optimal,0.07850380000309087,False,
1724,0.0,0,0.0,794081.8071239725,optimal,0.07601279999653343,False,
1725,0.0,0,0.0,817669.3578389158,optimal,0.1286485000018729,False,
1726,0.0,0,0.0,839594.9282553698,optimal,0.062138699999195524,False,
1727,0.0,0,0.0,860508.7014170375,optimal,0.20838460000231862,False,
1728,0.0,0,0.0,880475.0983765334,optimal,0.08157270000083372,False,
1729,0.0,0,0.0,910065.5132825784,optimal,0.1536530000012135,False,
1730,0.0,0,0.0,929331.5065921325,optimal,0.13291709999612067,False,
1731,0.0,0,0.0,948439.536151688,optimal,0.09857090000878088,False,
1732,0.0,0,0.0,989668.8946906164,optimal,0.05668719999084715,False,
1733,0.0,0,0.0,1010849.7955001708,optimal,0.0803687000006903,False,
1734,0.0,0,0.0,1064128.425958066,optimal,0.0687107000121614,False,
1735,0.0,0,0.0,1122284.3233568047,optimal,0.15730209999310318,False,
1736,0.0,0,0.0,1182696.8457555426,optimal,0.13981389999389648,False,
1737,0.0,0,0.0,1240737.8747868151,optimal,0.0931912999949418,False,
1738,0.0,0,0.0,1223429.7569920719,optimal,0.07954160000372212,False,
1739,0.0,0,0.0,1214819.960663313,optimal,0.09090830000059213,False,
1740,0.0,0,0.0,1201521.1578002383,optimal,0.07782229999429546,False,
1741,0.0,0,0.0,1180075.1827193364,optimal,0.0657478000066476,False,
1742,0.0,0,0.0,1155827.1956552654,optimal,0.12384449999080971,False,
1743,0.0,0,0.0,1128304.9073376588,optimal,0.14185230000293814,False,
1744,0.0,0,0.0,1140381.724317317,optimal,0.059404999992693774,False,
1745,0.0,0,0.0,1164754.2595188252,optimal,0.0785388999938732,False,
1746,0.0,0,0.0,1185810.53105744,optimal,0.15246679999108892,False,
1747,0.0,0,0.0,1250950.8458820062,optimal,0.08743759999924805,False,
1748,0.0,0,0.0,1316205.077291768,optimal,0.14689469999575522,False,
1749,0.0,0,0.0,1373092.8732343982,optimal,0.07409449999977369,False,
1750,0.0,0,0.0,1410412.9360936277,optimal,0.17457309999736026,False,
1751,0.0,0,0.0,1455646.582392339,optimal,0.08631220000097528,False,
1752,0.0,0,0.0,1499107.8070153382,optimal,0.06385500000033062,False,
1753,0.0,0,0.0,1507167.3509244828,optimal,0.06730080000124872,False,
1754,0.0,0,0.0,1521944.0601445928,optimal,0.0644754999957513,False,
1755,0.0,0,0.0,1537351.139799421,optimal,0.06600809999508783,False,
1756,0.0,0,0.0,1555641.581322912,optimal,0.05741409999609459,False,
1757,0.0,0,0.0,1605196.513721652,optimal,0.07667579999542795,False,
1758,0.0,0,0.0,1657975.196120392,optimal,0.06827309999789577,False,
1759,0.0,0,0.0,1714209.7385191326,optimal,0.05321879999246448,False,
1760,0.0,0,0.0,1772610.6409178723,optimal,0.05278190001263283,False,
1761,0.0,0,0.0,1777044.072472953,optimal,0.07995839999057353,False,
1762,0.0,0,0.0,1779772.1444439823,optimal,0.06652199999371078,False,
1763,0.0,0,0.0,1765355.934386018,optimal,0.054174800010514446,False,
1764,0.0,0,0.0,1732793.2914745263,optimal,0.08519109999178909,False,
1765,0.0,0,0.0,1688208.3170898599,optimal,0.05979200000001583,False,
1766,0.0,0,0.0,1600777.0491264665,optimal,0.078131599992048,False,
1767,0.0,0,0.0,1511490.9637111495,optimal,0.05987890000687912,False,
1768,0.0,0,0.0,1467094.541298318,optimal,0.06665289998636581,False,
1769,0.0,0,0.0,1436062.78148729,optimal,0.07560579999699257,False,
1770,0.0,0,0.0,1438320.9440553004,optimal,0.058934300002874807,False,
1771,0.0,0,0.0,1467211.0290940488,optimal,0.05105090000142809,False,
1772,0.0,0,0.0,1475098.1579471617,optimal,0.1515339000034146,False,
1773,0.0,0,0.0,1474393.726471322,optimal,0.05930959999386687,False,
1774,0.0,0,0.0,1492447.19514096,optimal,0.08194920000096317,False,
1775,0.0,0,0.0,1496185.9921644942,optimal,0.07405970001127571,False,
1776,0.0,0,0.0,1470862.1835765166,optimal,0.16048389999195933,False,
1777,0.0,0,0.0,1458975.525459258,optimal,0.1491391999879852,False,
1778,0.0,0,0.0,1417752.8003694976,optimal,0.12724830000661314,False,
1779,0.0,0,0.0,1405311.6572522395,optimal,0.0690757999982452,False,
1780,0.0,0,0.0,1364669.2071624806,optimal,0.07420940000156406,False,
1781,0.0,0,0.0,1355193.9140452195,optimal,0.08671449999383185,False,
1782,0.0,0,0.0,1347884.9809279605,optimal,0.27276330000313465,False,
1783,0.0,0,0.0,1313393.4458382016,optimal,0.07052370000747032,False,
1784,0.0,0,0.0,1301273.0299818632,optimal,0.07224310000310652,False,
1785,0.0,0,0.0,1260119.834732104,optimal,0.20007839999743737,False,
1786,0.0,0,0.0,1184533.8752879682,optimal,0.18268250000255648,False,
1787,0.0,0,0.0,1098265.6559579116,optimal,0.16004390000307467,False,
1788,0.0,0,0.0,1011657.589016197,optimal,0.09595859999535605,False,
1789,0.0,0,0.0,932527.2762416429,optimal,0.07934060000116006,False,
1790,0.0,0,0.0,863103.1989779844,optimal,0.049969900006544776,False,
1791,0.0,0,0.0,800263.619410841,optimal,0.07397700000728946,False,
1792,0.0,0,0.0,717637.1039051182,optimal,0.0744525999907637,False,
1793,0.0,0,0.0,663773.7646152455,optimal,0.06158270000014454,False,
1794,0.0,0,0.0,614897.4818056163,optimal,0.1309008999960497,False,
1795,0.0,0,0.0,594464.3296876091,optimal,0.074419399999897,False,
1796,0.0,0,0.0,618434.9775774161,optimal,0.06059420001110993,False,
1797,0.0,0,0.0,636364.2618686375,optimal,0.06744009999965783,False,
1798,0.0,0,0.0,655245.1163563186,optimal,0.07128279999596998,False,
1799,0.0,0,0.0,696086.7725945958,optimal,0.07135810000181664,False,
1800,0.0,0,0.0,742782.9922172229,optimal,0.06737540000176523,False,
1801,0.0,0,0.0,790773.3778093369,optimal,0.06872009999642614,False,
1802,0.0,0,0.0,805798.9505567191,optimal,0.07607579999603331,False,
1803,0.0,0,0.0,850273.2529554586,optimal,0.07365120000031311,False,
1804,0.0,0,0.0,895766.260354199,optimal,0.13757130000158213,False,
1805,0.0,0,0.0,940302.9865199812,optimal,0.07009569999354426,False,
1806,0.0,0,0.0,987126.9893300117,optimal,0.07414229999994859,False,
1807,0.0,0,0.0,1034222.9789713837,optimal,0.07339649999630637,False,
1808,0.0,0,0.0,1082466.8961657113,optimal,0.063568600002327,False,
1809,0.0,0,0.0,1092781.1691304236,optimal,0.07986449998861644,False,
1810,0.0,0,0.0,1108395.2442548922,optimal,0.0658835999929579,False,
1811,0.0,0,0.0,1104839.373354955,optimal,0.0766730000032112,False,
1812,0.0,0,0.0,1095487.900067073,optimal,0.06003229999623727,False,
1813,0.0,0,0.0,1141125.048235179,optimal,0.06189740000991151,False,
1814,0.0,0,0.0,1171090.5370575967,optimal,0.07476950000273064,False,
1815,0.0,0,0.0,1146310.0868012963,optimal,0.05417960000340827,False,
1816,0.0,0,0.0,1141382.2551395413,optimal,0.06032399999094196,False,
1817,0.0,0,0.0,1149385.2497657125,optimal,0.07537639999645762,False,
1818,0.0,0,0.0,1170879.0790166217,optimal,0.07108860000153072,False,
1819,0.0,0,0.0,1315343.9337364696,optimal,0.06433680000191089,False,
1820,0.0,0,0.0,1494700.5352138493,optimal,0.07651160001114476,False,
1821,0.0,0,0.0,1683629.0474899171,optimal,0.06896859999687877,False,
1822,0.0,0,0.0,1869303.4084564953,optimal,0.06788940000114962,False,
1823,0.0,0,0.0,2040713.9396339816,optimal,0.081621899997117,False,
1824,0.0,0,0.0,2200767.224841256,optimal,0.06894450000254437,False,
1825,0.0,0,0.0,2349520.0520525286,optimal,0.14132910000625998,False,
1826,0.0,0,0.0,2471339.0323858834,optimal,0.07433439999294933,False,
1827,0.0,0,0.0,2469125.4380237656,optimal,0.07817579999391455,False,
1828,0.0,0,0.0,2468334.8686087243,optimal,0.08755509999173228,False,
1829,0.0,0,0.0,2469916.007438807,optimal,0.06701160001102835,False,
1830,0.0,0,0.0,2596753.609228314,optimal,0.08634650000021793,False,
1831,0.0,0,0.0,2739086.3715526517,optimal,0.0675277999980608,False,
1832,0.0,0,0.0,2934366.764325179,optimal,0.05649809999158606,False,
1833,0.0,0,0.0,3018470.9760660236,optimal,0.06995289999758825,False,
1834,0.0,0,0.0,3053121.8630078,optimal,0.13659829999960493,False,
1835,0.0,0,0.0,3109366.4855337236,optimal,0.07689250000112224,False,
1836,0.0,0,0.0,3137172.9586045127,optimal,0.06689679999544751,False,
1837,0.0,0,0.0,3136239.9333040584,optimal,0.06038260000059381,False,
1838,0.0,0,0.0,3122135.5802314123,optimal,0.06766509999579284,False,
1839,0.0,0,0.0,3133308.323596627,optimal,0.0658331000013277,False,
1840,0.0,0,0.0,3129782.106869299,optimal,0.07516540000506211,False,
1841,0.0,0,0.0,3131225.9847104102,optimal,0.0745123000087915,False,
1842,0.0,0,0.0,3158154.4191688,optimal,0.05118530000618193,False,
1843,0.0,0,0.0,3248703.3959152848,optimal,0.07095819999813102,False,
1844,0.0,0,0.0,3382237.4978393125,optimal,0.12725980000686832,False,
1845,0.0,0,0.0,3513993.3786231843,optimal,0.13801840000087395,False,
1846,0.0,0,0.0,3552054.901349107,optimal,0.06919500000367407,False,
1847,0.0,0,0.0,3650173.3926402596,optimal,0.07625779999943916,False,
1848,0.0,0,0.0,3735880.399416332,optimal,0.08142869999574032,False,
1849,0.0,0,0.0,3753524.188345973,optimal,0.08369350001157727,False,
1850,0.0,0,0.0,3860930.619039597,optimal,0.07695760000206064,False,
1851,0.0,0,0.0,3964098.1368132895,optimal,0.13579080000636168,False,
1852,0.0,0,0.0,4070044.6941782515,optimal,0.1454218999861041,False,
1853,0.0,0,0.0,4185762.3932619933,optimal,0.06947690001106821,False,
1854,0.0,0,0.0,4312109.718681989,optimal,0.06117939999967348,False,
1855,0.0,0,0.0,4458697.57386954,optimal,0.1510087999922689,False,
1856,0.0,0,0.0,4613751.482888537,optimal,0.09376710001379251,False,
1857,0.0,0,0.0,4763332.432919842,optimal,0.07420740000088699,False,
1858,0.0,0,0.0,4823735.807296693,optimal,0.09713799999735784,False,
1859,0.0,0,0.0,4819308.621386094,optimal,0.07032769999932498,False,
1860,0.0,0,0.0,4779927.982159672,optimal,0.12290950000169687,False,
1861,0.0,0,0.0,4745965.151713752,optimal,0.061910200005513616,False,
1862,0.0,0,0.0,4701031.321435711,optimal,0.21505850000539795,False,
1863,0.0,0,0.0,4621209.521676627,optimal,0.07571520000055898,False,
1864,0.0,0,0.0,4541874.139768236,optimal,0.06496150000020862,False,
1865,0.0,0,0.0,4513555.383875479,optimal,0.22277770000800956,False,
1866,0.0,0,0.0,4464342.684601346,optimal,0.1247189999994589,False,
1867,0.0,0,0.0,4457904.634973842,optimal,0.10529659999883734,False,
1868,0.0,0,0.0,4384938.222954558,optimal,0.10483810000005178,False,
1869,0.0,0,0.0,4373857.765888834,optimal,0.08087030000751838,False,
1870,0.0,0,0.0,4322415.778114679,optimal,0.06967700000677723,False,
1871,0.0,0,0.0,4241757.441528332,optimal,0.08224059999338351,False,
1872,0.0,0,0.0,4136891.0436172416,optimal,0.4467341999989003,False,
1873,0.0,0,0.0,4059519.412863374,optimal,0.48389300001144875,False,
1874,0.0,0,0.0,4014125.492331449,optimal,0.34570390000590123,False,
1875,0.0,0,0.0,3965525.835039322,optimal,0.3212143999990076,False,
1876,0.0,0,0.0,3923840.5445942874,optimal,0.3152105000044685,False,
1877,0.0,0,0.0,3877512.2206350407,optimal,0.3292012000019895,False,
1878,0.0,0,0.0,3842046.7418434126,optimal,0.1433176000136882,False,
1879,0.0,0,0.0,3795064.4693007628,optimal,0.128620299990871,False,
1880,0.0,0,0.0,3699619.3612751192,optimal,0.08331729999918025,False,
1881,0.0,0,0.0,3588368.1412813314,optimal,0.10564519999024924,False,
1882,0.0,0,0.0,3542189.272908635,optimal,0.09844250000605825,False,
1883,0.0,0,0.0,3437774.8230287246,optimal,0.20327860000543296,False,
1884,0.0,0,0.0,3324041.7107302714,optimal,0.1946579999930691,False,
1885,0.0,0,0.0,3237487.233295452,optimal,0.17793569999048486,False,
1886,0.0,0,0.0,3147243.393042413,optimal,0.11859410000033677,False,
1887,0.0,0,0.0,3061268.475582972,optimal,0.11167450000357348,False,
1888,0.0,0,0.0,2982666.918800303,optimal,0.08397089999925811,False,
1889,0.0,0,0.0,2938477.4468042217,optimal,0.27829589998873416,False,
1890,0.0,0,0.0,2944688.1874750266,optimal,0.24128039999050088,False,
1891,0.0,0,0.0,2949126.776420713,optimal,0.21093370000016876,False,
1892,0.0,0,0.0,2944651.0598604274,optimal,0.22897729999385774,False,
1893,0.0,0,0.0,2943854.1098753274,optimal,0.1602293999894755,False,
1894,0.0,0,0.0,2952485.174354749,optimal,0.12499870000465307,False,
1895,0.0,0,0.0,2961399.9344660426,optimal,0.091786899996805,False,
1896,0.0,0,0.0,3049214.0067390036,optimal,0.07913640000333544,False,
1897,0.0,0,0.0,3064904.65243753,optimal,0.07628360000671819,False,
1898,0.0,0,0.0,3083023.961030922,optimal,0.08860619999177288,False,
1899,0.0,0,0.0,3101756.73742971,optimal,0.10055190000275616,False,
1900,0.0,0,0.0,3116158.1773211886,optimal,0.2121606000000611,False,
1901,0.0,0,0.0,3124695.69322351,optimal,0.1066486000054283,False,
1902,0.0,0,0.0,3202549.7515163245,optimal,0.09569790000387002,False,
1903,0.0,0,0.0,3288053.9684517384,optimal,0.12109860000782646,False,
1904,0.0,0,0.0,3278619.033498651,optimal,0.10092659998917952,False,
1905,0.0,0,0.0,3268537.8459379287,optimal,0.08992070000385866,False,
1906,0.0,0,0.0,3267660.5651961374,optimal,0.07924920000368729,False,
1907,0.0,0,0.0,3274259.9555866327,optimal,0.18833109999832232,False,
1908,0.0,0,0.0,3286021.257348094,optimal,0.08973740000510588,False,
1909,0.0,0,0.0,3270966.689301711,optimal,0.11058539999066852,False,
1910,0.0,0,0.0,3305482.581223887,optimal,0.09777899998880457,False,
1911,0.0,0,0.0,3328135.477681025,optimal,0.07738279999466613,False,
1912,0.0,0,0.0,3330854.186645365,optimal,0.14118339998822194,False,
1913,0.0,0,0.0,3322048.4834500905,optimal,0.11430960000143386,False,
1914,0.0,0,0.0,3301190.6064334945,optimal,0.15854509999917354,False,
1915,0.0,0,0.0,3286942.3066406813,optimal,0.13842699999804609,False,
1916,0.0,0,0.0,3268911.618241412,optimal,0.10540889999538194,False,
1917,0.0,0,0.0,3277336.3511541863,optimal,0.1528970999934245,False,
1918,0.0,0,0.0,3279693.6378137856,optimal,0.06413070000417065,False,
1919,0.0,0,0.0,3294744.471842906,optimal,0.34432340000057593,False,
1920,0.0,0,0.0,3309129.6870192336,optimal,0.0972135000047274,False,
1921,0.0,0,0.0,3288084.374108221,optimal,0.29445340001257136,False,
1922,0.0,0,0.0,3188670.2501389286,optimal,0.27028270000300836,False,
1923,0.0,0,0.0,3091296.136681932,optimal,0.24984089999634307,False,
1924,0.0,0,0.0,3003148.8398101246,optimal,0.21743180000339635,False,
1925,0.0,0,0.0,2906278.90160734,optimal,0.1812027000123635,False,
1926,0.0,0,0.0,2886356.5061888653,optimal,0.0652057999977842,False,
1927,0.0,0,0.0,2908866.4640847696,optimal,0.09077910000632983,False,
1928,0.0,0,0.0,2910982.9551438806,optimal,0.1480184999963967,False,
1929,0.0,0,0.0,2804024.7678123256,optimal,0.0842834000068251,False,
1930,0.0,0,0.0,2766666.6256477972,optimal,0.08459210000000894,False,
1931,0.0,0,0.0,2735964.714925216,optimal,0.07212389999767765,False,
1932,0.0,0,0.0,2686422.9658694407,optimal,0.05403640000440646,False,
1933,0.0,0,0.0,2658823.4759354,optimal,0.05838850000873208,False,
1934,0.0,0,0.0,2580528.045142087,optimal,0.06068019999656826,False,
1935,0.0,0,0.0,2492744.546713451,optimal,0.08274070000334177,False,
1936,0.0,0,0.0,2404614.3742623944,optimal,0.09257150000485126,False,
1937,0.0,0,0.0,2319319.8024711567,optimal,0.07685769999807235,False,
1938,0.0,0,0.0,2290970.4474378764,optimal,0.0796931999939261,False,
1939,0.0,0,0.0,2351870.3512021657,optimal,0.08417020000342745,False,
1940,0.0,0,0.0,2352329.698698931,optimal,0.0841849000134971,False,
1941,0.0,0,0.0,2364794.261205451,optimal,0.07917480000469368,False,
1942,0.0,0,0.0,2479856.45194737,optimal,0.08750880000297911,False,
1943,0.0,0,0.0,2588000.211739307,optimal,0.08533600000373553,False,
1944,0.0,0,0.0,2688709.1719422773,optimal,0.07960260000254493,False,
1945,0.0,0,0.0,2703206.5263935914,optimal,0.08496460001333617,False,
1946,0.0,0,0.0,2662852.0302543254,optimal,0.0790302000095835,False,
1947,0.0,0,0.0,2625993.044101934,optimal,0.08122539999021683,False,
1948,0.0,0,0.0,2628870.1826427993,optimal,0.058250599991879426,False,
1949,0.0,0,0.0,2738229.7554610833,optimal,0.061966799999936484,False,
1950,0.0,0,0.0,2873752.142371975,optimal,0.059713000009651296,False,
1951,0.0,0,0.0,3010896.248142509,optimal,0.05878819999634288,False,
1952,0.0,0,0.0,3140001.3046161826,optimal,0.13695159999770112,False,
1953,0.0,0,0.0,3107706.7823181213,optimal,0.06430410000029951,False,
1954,0.0,0,0.0,3060210.803521264,optimal,0.08423579999362119,False,
1955,0.0,0,0.0,2991838.142942282,optimal,0.0676724000077229,False,
1956,0.0,0,0.0,2894043.716888635,optimal,0.0744157000008272,False,
1957,0.0,0,0.0,2772540.670581339,optimal,0.06915989999833982,False,
1958,0.0,0,0.0,2644024.0441400064,optimal,0.06859709999116603,False,
1959,0.0,0,0.0,2523182.8502410306,optimal,0.07156579999718815,False,
1960,0.0,0,0.0,2480961.3550614994,optimal,0.07452039999770932,False,
1961,0.0,0,0.0,2471632.6359640015,optimal,0.06221370000275783,False,
1962,0.0,0,0.0,2473582.3730938905,optimal,0.06805570000142325,False,
1963,0.0,0,0.0,2479018.831018775,optimal,0.07189890000154264,False,
1964,0.0,0,0.0,2624627.4081972586,optimal,0.07683599999290891,False,
1965,0.0,0,0.0,2764487.692964426,optimal,0.07715579999785405,False,
1966,0.0,0,0.0,2877632.56388234,optimal,0.06908040000416804,False,
1967,0.0,0,0.0,2926410.6359630176,optimal,0.07103310000093188,False,
1968,0.0,0,0.0,2941129.019711598,optimal,0.08134330000029877,False,
1969,0.0,0,0.0,3055246.281369353,optimal,0.06791520000842866,False,
1970,0.0,0,0.0,3126127.269931912,optimal,0.07606460001261439,False,
1971,0.0,0,0.0,3139939.327197738,optimal,0.06826290000753943,False,
1972,0.0,0,0.0,3156801.5069923024,optimal,0.14878190000308678,False,
1973,0.0,0,0.0,3185276.431976532,optimal,0.06169860000954941,False,
1974,0.0,0,0.0,3317557.7267506407,optimal,0.07849849999183789,False,
1975,0.0,0,0.0,3334238.571834455,optimal,0.06870339998567943,False,
1976,0.0,0,0.0,3359052.4708856903,optimal,0.07150679999904241,False,
1977,0.0,0,0.0,3403414.539121921,optimal,0.1828805000113789,False,
1978,0.0,0,0.0,3427913.9529936966,optimal,0.09956529999908525,False,
1979,0.0,0,0.0,3426603.9775075377,optimal,0.10333579999860376,False,
1980,0.0,0,0.0,3391930.4520981084,optimal,0.13935270000365563,False,
1981,0.0,0,0.0,3321383.225828693,optimal,0.08855190000031143,False,
1982,0.0,0,0.0,3235147.743472803,optimal,0.1282803999929456,False,
1983,0.0,0,0.0,3162616.4156141286,optimal,0.10680720000527799,False,
1984,0.0,0,0.0,3121091.7543782406,optimal,0.09445980000600684,False,
1985,0.0,0,0.0,3112116.5854192222,optimal,0.07749779999721795,False,
1986,0.0,0,0.0,3106468.641419135,optimal,0.07175339999957941,False,
1987,0.0,0,0.0,3095623.6106003956,optimal,0.10898309999902267,False,
1988,0.0,0,0.0,3235177.433286829,optimal,0.09028160000161733,False,
1989,0.0,0,0.0,3329599.5635517174,optimal,0.07271510000282433,False,
1990,0.0,0,0.0,3390366.768337475,optimal,0.08535369999299292,False,
1991,0.0,0,0.0,3444436.9627515324,optimal,0.13739699999860022,False,
1992,0.0,0,0.0,3545167.5605526613,optimal,0.09927109999989625,False,
1993,0.0,0,0.0,3547480.6212807777,optimal,0.09803710000414867,False,
1994,0.0,0,0.0,3692174.542839709,optimal,0.2809536999993725,False,
1995,0.0,0,0.0,3839938.43855264,optimal,0.12231000000610948,False,
1996,0.0,0,0.0,3895771.2236664365,optimal,0.10654500000237022,False,
1997,0.0,0,0.0,3901687.5852177674,optimal,0.10694860000512563,False,
1998,0.0,0,0.0,3991145.7245411943,optimal,0.1958201000088593,False,
1999,0.0,0,0.0,4120373.8175214636,optimal,0.08592969999881461,False,
2000,0.0,0,0.0,4151411.444621083,optimal,0.08460369998647366,False,
2001,0.0,0,0.0,4203773.279561445,optimal,0.08230089998687617,False,
2002,0.0,0,0.0,4257305.901059639,optimal,0.07084169999870937,False,
2003,0.0,0,0.0,4298980.03929346,optimal,0.2913651000126265,False,
2004,0.0,0,0.0,4326251.480091248,optimal,0.24807689999579452,False,
2005,0.0,0,0.0,4354237.752906776,optimal,0.22315079999680165,False,
2006,0.0,0,0.0,4359272.404814953,optimal,0.3138953000016045,False,
2007,0.0,0,0.0,4254047.7455076035,optimal,0.13913689999026246,False,
2008,0.0,0,0.0,4144627.9858173896,optimal,0.13366289999976289,False,
2009,0.0,0,0.0,4059575.0866047586,optimal,0.16867560001264792,False,
2010,0.0,0,0.0,4031604.609743122,optimal,0.0929143999965163,False,
2011,0.0,0,0.0,4039762.1695231255,optimal,0.09339809999801219,False,
2012,0.0,0,0.0,4036124.496885958,optimal,0.09983019999344833,False,
2013,0.0,0,0.0,4033797.0493577686,optimal,0.08620320000045467,False,
2014,0.0,0,0.0,4150304.6811637585,optimal,0.08082200000353623,False,
2015,0.0,0,0.0,4252872.501265004,optimal,0.1646848999953363,False,
2016,0.0,0,0.0,4257774.11534441,optimal,0.09136669999861624,False,
2017,0.0,0,0.0,4264945.89652563,optimal,0.10118599999987055,False,
2018,0.0,0,0.0,4274722.7190083815,optimal,0.5009622000070522,False,
2019,0.0,0,0.0,4323909.540490795,optimal,0.4057615999918198,False,
2020,0.0,0,0.0,4270823.011236485,optimal,0.37397699999564793,False,
2021,0.0,0,0.0,4235607.807549481,optimal,0.344903900011559,False,
2022,0.0,0,0.0,4268901.26276233,optimal,0.09748379999655299,False,
2023,0.0,0,0.0,4243213.617221902,optimal,0.2747920000110753,False,
2024,0.0,0,0.0,4228817.108576108,optimal,0.24620719999074936,False,
2025,0.0,0,0.0,4131643.726773893,optimal,0.23595070000737906,False,
2026,0.0,0,0.0,4020923.9553141138,optimal,0.21836470000562258,False,
2027,0.0,0,0.0,3922729.1184453317,optimal,0.10277589999896009,False,
2028,0.0,0,0.0,3838019.264097584,optimal,0.11303740000585094,False,
2029,0.0,0,0.0,3752044.49868577,optimal,0.11778470000717789,False,
2030,0.0,0,0.0,3664172.3666778533,optimal,0.09186910001153592,False,
2031,0.0,0,0.0,3574402.8680738374,optimal,0.08641390000411775,False,
2032,0.0,0,0.0,3486506.0401627263,optimal,0.08792309999989811,False,
2033,0.0,0,0.0,3404569.0289812973,optimal,0.26862299999629613,False,
2034,0.0,0,0.0,3380252.3280892265,optimal,0.348451700003352,False,
2035,0.0,0,0.0,3304582.7468382823,optimal,0.33367020000878256,False,
2036,0.0,0,0.0,3401076.0135344355,optimal,0.27101099998981226,False,
2037,0.0,0,0.0,3447064.1277374737,optimal,0.22700840000470635,False,
2038,0.0,0,0.0,3558179.6459219456,optimal,0.1834065000002738,False,
2039,0.0,0,0.0,3571486.564408463,optimal,0.13902660000894684,False,
2040,0.0,0,0.0,3525702.960581939,optimal,0.0776964999968186,False,
2041,0.0,0,0.0,3358195.7689179876,optimal,0.06724849999591243,False,
2042,0.0,0,0.0,3192153.060552085,optimal,0.06755439999687951,False,
2043,0.0,0,0.0,3152344.0658719735,optimal,0.05962590000126511,False,
2044,0.0,0,0.0,3112402.747308856,optimal,0.07471509999595582,False,
2045,0.0,0,0.0,3072206.902628745,optimal,0.0795079999952577,False,
2046,0.0,0,0.0,3031854.1451296955,optimal,0.08551710000028834,False,
2047,0.0,0,0.0,3121612.7312800284,optimal,0.18408479999925476,False,
2048,0.0,0,0.0,3086098.6482865987,optimal,0.07907870000053663,False,
2049,0.0,0,0.0,2951639.9903727947,optimal,0.15404409999609925,False,
2050,0.0,0,0.0,2855935.016847807,optimal,0.0853919999935897,False,
2051,0.0,0,0.0,2763793.809998664,optimal,0.08685560000594705,False,
2052,0.0,0,0.0,2676343.872976885,optimal,0.08067540000774898,False,
2053,0.0,0,0.0,2607932.1168755377,optimal,0.09775990000343882,False,
2054,0.0,0,0.0,2581530.5865193317,optimal,0.22324180000578053,False,
2055,0.0,0,0.0,2518085.430350054,optimal,0.11753879999741912,False,
2056,0.0,0,0.0,2470618.105855997,optimal,0.1176534999976866,False,
2057,0.0,0,0.0,2470459.991972987,optimal,0.10265799998887815,False,
2058,0.0,0,0.0,2472878.0230572917,optimal,0.10027529999206308,False,
2059,0.0,0,0.0,2478618.173676841,optimal,0.08612510000239126,False,
2060,0.0,0,0.0,2614182.537609227,optimal,0.07849749999877531,False,
2061,0.0,0,0.0,2754142.2255636654,optimal,0.07081920000200626,False,
2062,0.0,0,0.0,2884411.409223657,optimal,0.15894039999693632,False,
2063,0.0,0,0.0,3001023.1030711536,optimal,0.06507139999303035,False,
2064,0.0,0,0.0,3070088.486164646,optimal,0.08725179999601096,False,
2065,0.0,0,0.0,3051041.8115442228,optimal,0.08638459999929182,False,
2066,0.0,0,0.0,3091273.9361664956,optimal,0.08057530000223778,False,
2067,0.0,0,0.0,3250485.9544694144,optimal,0.06905879999976605,False,
2068,0.0,0,0.0,3409495.1666136286,optimal,0.0754426999919815,False,
2069,0.0,0,0.0,3531394.8266956857,optimal,0.056970000005094334,False,
2070,0.0,0,0.0,3563033.668358976,optimal,0.05733609999879263,False,
2071,0.0,0,0.0,3701450.9825008493,optimal,0.0812593000009656,False,
2072,0.0,0,0.0,3687101.055454064,optimal,0.058378699992317706,False,
2073,0.0,0,0.0,3637953.4610651517,optimal,0.0642978999967454,False,
2074,0.0,0,0.0,3595871.2497942676,optimal,0.07069929999124724,False,
2075,0.0,0,0.0,3508408.73922437,optimal,0.12835489999270067,False,
2076,0.0,0,0.0,3415697.9498389396,optimal,0.06204970000544563,False,
2077,0.0,0,0.0,3327922.74997971,optimal,0.06533379999746103,False,
2078,0.0,0,0.0,3235781.543130567,optimal,0.06636550000985153,False,
2079,0.0,0,0.0,3151814.456098082,optimal,0.07672370001091622,False,
2080,0.0,0,0.0,3073948.772555976,optimal,0.07517659998848103,False,
2081,0.0,0,0.0,2991242.227875991,optimal,0.08856269999523647,False,
2082,0.0,0,0.0,2925567.6530891326,optimal,0.07509559999743942,False,
2083,0.0,0,0.0,2838327.9766132496,optimal,0.06302850000793114,False,
2084,0.0,0,0.0,2758831.4387854636,optimal,0.07359050000377465,False,
2085,0.0,0,0.0,2695183.783670884,optimal,0.0659624999971129,False,
2086,0.0,0,0.0,2631270.7823023642,optimal,0.06614280000212602,False,
2087,0.0,0,0.0,2662314.2948528496,optimal,0.05400779999035876,False,
2088,0.0,0,0.0,2808496.0450531906,optimal,0.06584719999227673,False,
2089,0.0,0,0.0,2896373.0673017995,optimal,0.05240089999279007,False,
2090,0.0,0,0.0,2931407.5126244836,optimal,0.06699320000188891,False,
2091,0.0,0,0.0,3093423.687190147,optimal,0.05887940000684466,False,
2092,0.0,0,0.0,3245774.072875938,optimal,0.06069849999039434,False,
2093,0.0,0,0.0,3303449.273801161,optimal,0.07673269999213517,False,
2094,0.0,0,0.0,3369012.8024674384,optimal,0.09214839999913238,False,
2095,0.0,0,0.0,3527130.3746258267,optimal,0.0776179999957094,False,
2096,0.0,0,0.0,3538995.177384508,optimal,0.13794459999189712,False,
2097,0.0,0,0.0,3507089.068452074,optimal,0.06429180000850465,False,
2098,0.0,0,0.0,3412681.673280239,optimal,0.08012710000912193,False,
2099,0.0,0,0.0,3328133.1383502246,optimal,0.057706299994606525,False,
2100,0.0,0,0.0,3263232.0652963514,optimal,0.05299100000411272,False,
2101,0.0,0,0.0,3188141.562315198,optimal,0.05914689999190159,False,
2102,0.0,0,0.0,3109316.321905625,optimal,0.0676926000014646,False,
2103,0.0,0,0.0,3027656.5637300876,optimal,0.05518409999785945,False,
2104,0.0,0,0.0,2953913.6089385278,optimal,0.06681259999459144,False,
2105,0.0,0,0.0,2899412.5509846616,optimal,0.12545930000487715,False,
2106,0.0,0,0.0,2894711.7838247893,optimal,0.06640959999640472,False,
2107,0.0,0,0.0,2918515.657846283,optimal,0.07079630000225734,False,
2108,0.0,0,0.0,2974854.285136276,optimal,0.08011379999516066,False,
2109,0.0,0,0.0,3030864.2735365075,optimal,0.08487679999961983,False,
2110,0.0,0,0.0,3079340.3742598654,optimal,0.07524030000786297,False,
2111,0.0,0,0.0,3140303.8426490896,optimal,0.07281320000765845,False,
2112,0.0,0,0.0,3202282.7131724567,optimal,0.06524099998932797,False,
2113,0.0,0,0.0,3137394.645398997,optimal,0.0578008000011323,False,
2114,0.0,0,0.0,3075594.134362007,optimal,0.06791779999912251,False,
2115,0.0,0,0.0,3010846.586264864,optimal,0.15335429999686312,False,
2116,0.0,0,0.0,3015063.307421817,optimal,0.06835830000636633,False,
2117,0.0,0,0.0,3036175.356418204,optimal,0.08130830001027789,False,
2118,0.0,0,0.0,3077925.441442348,optimal,0.07674269999552052,False,
2119,0.0,0,0.0,3157181.0972674214,optimal,0.13010310000390746,False,
2120,0.0,0,0.0,3182702.389594264,optimal,0.07188979999045841,False,
2121,0.0,0,0.0,3109311.6676010573,optimal,0.08061440000892617,False,
2122,0.0,0,0.0,3064910.288111219,optimal,0.19124090000696015,False,
2123,0.0,0,0.0,2999503.050865458,optimal,0.1679156000027433,False,
2124,0.0,0,0.0,2913027.6734769703,optimal,0.2695841999957338,False,
2125,0.0,0,0.0,2822592.60147149,optimal,0.09641929999634158,False,
2126,0.0,0,0.0,2738307.1854149383,optimal,0.08631959999911487,False,
2127,0.0,0,0.0,2624457.1685068985,optimal,0.2799488000018755,False,
2128,0.0,0,0.0,2533242.9971103743,optimal,0.2396569999982603,False,
2129,0.0,0,0.0,2441700.8302008007,optimal,0.2298142000072403,False,
2130,0.0,0,0.0,2375959.0354439053,optimal,0.20017720000760164,False,
2131,0.0,0,0.0,2317372.4223002596,optimal,0.16699709999375045,False,
2132,0.0,0,0.0,2224221.3243467007,optimal,0.1620751000009477,False,
2133,0.0,0,0.0,2155984.0900448496,optimal,0.07964150000771042,False,
2134,0.0,0,0.0,2096060.3359939784,optimal,0.09454950000508688,False,
2135,0.0,0,0.0,2083953.4163051392,optimal,0.0724045999959344,False,
2136,0.0,0,0.0,2026997.336379592,optimal,0.1438786000071559,False,
2137,0.0,0,0.0,2007423.0051734608,optimal,0.13537940000242088,False,
2138,0.0,0,0.0,2002269.338008182,optimal,0.07039340000483207,False,
2139,0.0,0,0.0,2000784.140116904,optimal,0.08341219999419991,False,
2140,0.0,0,0.0,2000787.3787101752,optimal,0.06829060000018217,False,
2141,0.0,0,0.0,2015190.4592209083,optimal,0.08123199999681674,False,
2142,0.0,0,0.0,2044866.0125207924,optimal,0.0678771999955643,False,
2143,0.0,0,0.0,2084565.273017777,optimal,0.07736149999254849,False,
2144,0.0,0,0.0,2110482.1760549922,optimal,0.06748879999213386,False,
2145,0.0,0,0.0,2120951.6959736603,optimal,0.06074250000528991,False,
2146,0.0,0,0.0,2105566.49169521,optimal,0.06484519998775795,False,
2147,0.0,0,0.0,2068314.9441368897,optimal,0.07290440000360832,False,
2148,0.0,0,0.0,2018134.5478263434,optimal,0.0634182000067085,False,
2149,0.0,0,0.0,1964584.958374013,optimal,0.1333293999923626,False,
2150,0.0,0,0.0,1893362.4987853777,optimal,0.06656560000556055,False,
2151,0.0,0,0.0,1824192.2597816456,optimal,0.0672097000060603,False,
2152,0.0,0,0.0,1748972.6526699206,optimal,0.14000600000144914,False,
2153,0.0,0,0.0,1683094.0250616241,optimal,0.0849175000039395,False,
2154,0.0,0,0.0,1637349.0346042155,optimal,0.12827879999531433,False,
2155,0.0,0,0.0,1602211.9426529151,optimal,0.07277729999623261,False,
2156,0.0,0,0.0,1599012.9614991425,optimal,0.08006159999058582,False,
2157,0.0,0,0.0,1628237.7430341477,optimal,0.06464019999839365,False,
2158,0.0,0,0.0,1639275.7579518429,optimal,0.06022990000201389,False,
2159,0.0,0,0.0,1618035.713425858,optimal,0.06746630000998266,False,
2160,0.0,0,0.0,1570359.4779837907,optimal,0.06660000000556465,False,
2161,0.0,0,0.0,1525968.3596746956,optimal,0.05373510000936221,False,
2162,0.0,0,0.0,1484098.1530721535,optimal,0.0681866000086302,False,
2163,0.0,0,0.0,1412594.711671413,optimal,0.07442350000201259,False,
2164,0.0,0,0.0,1336939.1338455556,optimal,0.07001429999945685,False,
2165,0.0,0,0.0,1257077.5700811546,optimal,0.0781423000007635,False,
2166,0.0,0,0.0,1180358.6840252466,optimal,0.07132830000773538,False,
2167,0.0,0,0.0,1117892.2654533044,optimal,0.08429339999565855,False,
2168,0.0,0,0.0,1055009.4307246068,optimal,0.06992009999521542,False,
2169,0.0,0,0.0,965531.1259932749,optimal,0.45720319999963976,False,
2170,0.0,0,0.0,888171.6059318106,optimal,0.509501900000032,False,
2171,0.0,0,0.0,818962.91731654,optimal,0.06883039999229368,False,
2172,0.0,0,0.0,764015.1187019538,optimal,0.09543810000468511,False,
2173,0.0,0,0.0,712688.2087187847,optimal,0.44449229999736417,False,
2174,0.0,0,0.0,678520.4906514842,optimal,0.4112654000055045,False,
2175,0.0,0,0.0,651698.247693898,optimal,0.3872529999935068,False,
2176,0.0,0,0.0,590955.4372789997,optimal,0.4649732999969274,False,
2177,0.0,0,0.0,513832.5640561369,optimal,0.31740509999508504,False,
2178,0.0,0,0.0,451666.9650143286,optimal,0.28668889999971725,False,
2179,0.0,0,0.0,419927.78426936915,optimal,0.25330729999404866,False,
2180,0.0,0,0.0,394558.4026128103,optimal,0.222240300005069,False,
2181,0.0,0,0.0,365914.49971188634,optimal,0.18116560000635218,False,
2182,0.0,0,0.0,319810.22354767617,optimal,0.14645630000450183,False,
2183,0.0,0,0.0,286633.1949559176,optimal,0.1154755000025034,False,
2184,0.0,0,0.0,250788.4406921192,optimal,0.08944290000363253,False,
2185,0.0,0,0.0,250016.53407274958,optimal,0.20927200000733137,False,
2186,0.0,0,0.0,250016.53407274958,optimal,0.1707509999978356,False,
2187,0.0,0,0.0,250016.53407274958,optimal,0.07402149999688845,False,
2188,0.0,0,0.0,250016.53407274958,optimal,0.08879690000321716,False,
2189,0.0,0,0.0,250016.53407274958,optimal,0.06928589999733958,False,
2190,0.0,0,0.0,250016.53407274958,optimal,0.05996919999597594,False,
2191,0.0,0,0.0,250016.53407274958,optimal,0.06883519999973942,False,
2192,0.0,0,0.0,250016.53407274958,optimal,0.07322650001151487,False,
2193,0.0,0,0.0,250016.53407274958,optimal,0.09107629999925848,False,
2194,0.0,0,0.0,250016.53407274958,optimal,0.05510100000537932,False,
2195,0.0,0,0.0,250016.53407274958,optimal,0.0833662000077311,False,
2196,0.0,0,0.0,250016.53407274958,optimal,0.06412940000882372,False,
2197,0.0,0,0.0,250016.53407274958,optimal,0.06249190001108218,False,
2198,0.0,0,0.0,250016.53407274958,optimal,0.07030669999949168,False,
2199,0.0,0,0.0,250016.53407274958,optimal,0.14954829998896457,False,
2200,0.0,0,0.0,250016.53407274958,optimal,0.08331480000924785,False,
2201,0.0,0,0.0,250016.53407274958,optimal,0.14636959999916144,False,
2202,0.0,0,0.0,250016.53407274958,optimal,0.08482629999343771,False,
2203,0.0,0,0.0,250016.53407274958,optimal,0.0872562000004109,False,
2204,0.0,0,0.0,250016.53407274958,optimal,0.07669230000465177,False,
2205,0.0,0,0.0,250016.53407274958,optimal,0.06364599999506027,False,
2206,0.0,0,0.0,250016.53407274958,optimal,0.08018839999567717,False,
2207,0.0,0,0.0,250016.53407274958,optimal,0.07663080000202172,False,
2208,0.0,0,0.0,266468.0428454539,optimal,0.0750605000066571,False,
2209,0.0,0,0.0,297938.9387404403,optimal,0.07446229999186471,False,
2210,0.0,0,0.0,306950.4272038359,optimal,0.055259500004467554,False,
2211,0.0,0,0.0,371815.332017574,optimal,0.0603277999907732,False,
2212,0.0,0,0.0,397825.82847736916,optimal,0.07099730000481941,False,
2213,0.0,0,0.0,489638.57559779094,optimal,0.05955190000531729,False,
2214,0.0,0,0.0,537418.6068603466,optimal,0.07775519999267999,False,
2215,0.0,0,0.0,606885.8701639734,optimal,0.08463409999967553,False,
2216,0.0,0,0.0,677286.6822555696,optimal,0.056109999990439974,False,
2217,0.0,0,0.0,736274.0994633494,optimal,0.07040319999214262,False,
2218,0.0,0,0.0,740842.7475910502,optimal,0.05827259999932721,False,
2219,0.0,0,0.0,739544.7475910508,optimal,0.07179649999307003,False,
2220,0.0,0,0.0,738636.1475910515,optimal,0.0684188000013819,False,
2221,0.0,0,0.0,729740.7536990503,optimal,0.0704903000005288,False,
2222,0.0,0,0.0,717219.988695051,optimal,0.07043620001059026,False,
2223,0.0,0,0.0,715467.6886950507,optimal,0.05410049999773037,False,
2224,0.0,0,0.0,713845.1886950509,optimal,0.0805778000067221,False,
2225,0.0,0,0.0,711833.2886950516,optimal,0.06572840000444558,False,
2226,0.0,0,0.0,712305.0043835127,optimal,0.05849599999783095,False,
2227,0.0,0,0.0,706835.988695051,optimal,0.0669019000051776,False,
2228,0.0,0,0.0,764826.12944669,optimal,0.06655949998821598,False,
2229,0.0,0,0.0,778149.5450926407,optimal,0.0532186000054935,False,
2230,0.0,0,0.0,821833.6726805636,optimal,0.07702350000909064,False,
2231,0.0,0,0.0,788539.1828191931,optimal,0.07611399999586865,False,
2232,0.0,0,0.0,746818.9671907149,optimal,0.1720839000045089,False,
2233,0.0,0,0.0,715449.1180272319,optimal,0.0772679999936372,False,
2234,0.0,0,0.0,688082.1911171108,optimal,0.12471809999260586,False,
2235,0.0,0,0.0,682230.0233199181,optimal,0.10115489999589045,False,
2236,0.0,0,0.0,692369.178120745,optimal,0.0967642000032356,False,
2237,0.0,0,0.0,695662.6548879171,optimal,0.09300029999576509,False,
2238,0.0,0,0.0,700745.6119243485,optimal,0.07805959999677725,False,
2239,0.0,0,0.0,699015.8401286755,optimal,0.0863967000041157,False,
2240,0.0,0,0.0,672153.8187647867,optimal,0.1853764000115916,False,
2241,0.0,0,0.0,618574.91763975,optimal,0.09536059999663848,False,
2242,0.0,0,0.0,571690.1880436348,optimal,0.09893510000256356,False,
2243,0.0,0,0.0,556474.6215697422,optimal,0.0924107000028016,False,
2244,0.0,0,0.0,549222.6678210287,optimal,0.22819899999012705,False,
2245,0.0,0,0.0,521157.06319467037,optimal,0.2284475000051316,False,
2246,0.0,0,0.0,475499.23043113184,optimal,0.1958085999940522,False,
2247,0.0,0,0.0,447270.99320453824,optimal,0.1530806999944616,False,
2248,0.0,0,0.0,424190.2406446276,optimal,0.11066230000869837,False,
2249,0.0,0,0.0,412022.3886541792,optimal,0.09585119999246672,False,
2250,0.0,0,0.0,394308.7472581393,optimal,0.35378819999459665,False,
2251,0.0,0,0.0,370917.36442797916,optimal,0.3260809000057634,False,
2252,0.0,0,0.0,378996.2987260946,optimal,0.28904980000515934,False,
2253,0.0,0,0.0,382341.3693765149,optimal,0.20895929999824148,False,
2254,0.0,0,0.0,378563.7891835043,optimal,0.16380589999607764,False,
2255,0.0,0,0.0,359301.6185844072,optimal,0.1809581999987131,False,
2256,0.0,0,0.0,321079.47684168967,optimal,0.0900714000017615,False,
2257,0.0,0,0.0,279660.5612950804,optimal,0.085242000001017,False,
2258,0.0,0,0.0,250016.53407274958,optimal,0.08787570000276901,False,
2259,0.0,0,0.0,250016.53407274958,optimal,0.08826350000163075,False,
2260,0.0,0,0.0,250016.53407274958,optimal,0.2999023999873316,False,
2261,0.0,0,0.0,250016.53407274958,optimal,0.2933288000058383,False,
2262,0.0,0,0.0,250016.53407274958,optimal,0.24051860001054592,False,
2263,0.0,0,0.0,250016.53407274958,optimal,0.21741680000559427,False,
2264,0.0,0,0.0,250016.53407274958,optimal,0.16205929999705404,False,
2265,0.0,0,0.0,250016.53407274958,optimal,0.08401419999427162,False,
2266,0.0,0,0.0,250016.53407274958,optimal,0.247458199999528,False,
2267,0.0,0,0.0,250016.53407274958,optimal,0.20003069999802392,False,
2268,0.0,0,0.0,250016.53407274958,optimal,0.14820729999337345,False,
2269,0.0,0,0.0,250016.53407274958,optimal,0.14231880000443198,False,
2270,0.0,0,0.0,250016.53407274958,optimal,0.17482420000305865,False,
2271,0.0,0,0.0,250016.53407274958,optimal,0.24668320000637323,False,
2272,0.0,0,0.0,250016.53407274958,optimal,0.22246930000255816,False,
2273,0.0,0,0.0,250016.53407274958,optimal,0.19780270000046585,False,
2274,0.0,0,0.0,250016.53407274958,optimal,0.1454995000094641,False,
2275,0.0,0,0.0,250016.53407274958,optimal,0.11150710000947583,False,
2276,0.0,0,0.0,250016.53407274958,optimal,0.10931469999195542,False,
2277,0.0,0,0.0,250016.53407274958,optimal,0.11315610000747256,False,
2278,0.0,0,0.0,250016.53407274958,optimal,0.0880814999982249,False,
2279,0.0,0,0.0,250016.53407274958,optimal,0.13794770000095014,False,
2280,0.0,0,0.0,250016.53407274958,optimal,0.1146015999984229,False,
2281,0.0,0,0.0,250016.53407274958,optimal,0.08101419999729842,False,
2282,0.0,0,0.0,250016.53407274958,optimal,0.0953869999939343,False,
2283,0.0,0,0.0,250016.53407274958,optimal,0.09526000000187196,False,
2284,0.0,0,0.0,278052.0207293671,optimal,0.08973550000519026,False,
2285,0.0,0,0.0,334257.32951060426,optimal,0.13521839999884833,False,
2286,0.0,0,0.0,375024.4832719512,optimal,0.23527349998767022,False,
2287,0.0,0,0.0,419617.36828555295,optimal,0.10319730000628624,False,
2288,0.0,0,0.0,474435.2095104401,optimal,0.14398259999870788,False,
2289,0.0,0,0.0,536324.4714364327,optimal,0.10946900000271853,False,
2290,0.0,0,0.0,551038.3559614869,optimal,0.09478189999936149,False,
2291,0.0,0,0.0,531831.3891551321,optimal,0.09951260000525508,False,
2292,0.0,0,0.0,486963.326390356,optimal,0.6578976000018883,False,
2293,0.0,0,0.0,462422.15880502877,optimal,0.6383715999982087,False,
2294,0.0,0,0.0,446160.6711372071,optimal,0.6008921999891754,False,
2295,0.0,0,0.0,430667.35331340996,optimal,0.5560652999993181,False,
2296,0.0,0,0.0,416032.34723981016,optimal,0.5353800000011688,False,
2297,0.0,0,0.0,403993.1029834517,optimal,0.39169910000055097,False,
2298,0.0,0,0.0,401444.00873527117,optimal,0.4931354000000283,False,
2299,0.0,0,0.0,396683.33127203386,optimal,0.521529699995881,False,
2300,0.0,0,0.0,402688.7620315391,optimal,0.3480271000007633,False,
2301,0.0,0,0.0,409927.29983805004,optimal,0.26111729998956434,False,
2302,0.0,0,0.0,414487.70361502434,optimal,0.20436289999634027,False,
2303,0.0,0,0.0,427305.705911497,optimal,0.1923916000087047,False,
2304,0.0,0,0.0,463230.7293103108,optimal,0.12441839999519289,False,
2305,0.0,0,0.0,513044.18849531724,optimal,0.21471839999139775,False,
2306,0.0,0,0.0,563713.3521299304,optimal,0.08620400000654627,False,
2307,0.0,0,0.0,578578.2579485285,optimal,0.10777159999997821,False,
2308,0.0,0,0.0,610247.4951482628,optimal,0.10517120000440627,False,
2309,0.0,0,0.0,639491.5460150208,optimal,0.08466049999697134,False,
2310,0.0,0,0.0,674988.5642172282,optimal,0.07825070001126733,False,
2311,0.0,0,0.0,712347.3226128462,optimal,0.13718979999248404,False,
2312,0.0,0,0.0,719586.582347885,optimal,0.11730260000331327,False,
2313,0.0,0,0.0,692279.840615267,optimal,0.1159180000104243,False,
2314,0.0,0,0.0,667559.5527935408,optimal,0.10662539998884313,False,
2315,0.0,0,0.0,648260.0331436481,optimal,0.08801490000041667,False,
2316,0.0,0,0.0,636735.2600569571,optimal,0.08519099999102764,False,
2317,0.0,0,0.0,623861.2136170324,optimal,0.08211699999810662,False,
2318,0.0,0,0.0,625707.6932666351,optimal,0.07186830000136979,False,
2319,0.0,0,0.0,612422.6071930352,optimal,0.14898520000861026,False,
2320,0.0,0,0.0,615583.1480204349,optimal,0.08331030000408646,False,
2321,0.0,0,0.0,604296.7578767823,optimal,0.08508549998805393,False,
2322,0.0,0,0.0,608169.7420901387,optimal,0.17024370000581257,False,
2323,0.0,0,0.0,612186.9136769087,optimal,0.07770359999267384,False,
2324,0.0,0,0.0,595312.0306251313,optimal,0.1700767000002088,False,
2325,0.0,0,0.0,569986.5331395464,optimal,0.08911149999767076,False,
2326,0.0,0,0.0,545225.6206224167,optimal,0.06479760000365786,False,
2327,0.0,0,0.0,519919.54810528713,optimal,0.09674949999316595,False,
2328,0.0,0,0.0,477778.4486871579,optimal,0.09792559999914374,False,
2329,0.0,0,0.0,436232.03699493007,optimal,0.08861299999989569,False,
2330,0.0,0,0.0,420818.23092132964,optimal,0.19454650000261609,False,
2331,0.0,0,0.0,385892.22137818916,optimal,0.08820899999409448,False,
2332,0.0,0,0.0,368525.0223295634,optimal,0.08949369999754708,False,
2333,0.0,0,0.0,356627.3232131619,optimal,0.09227979999559466,False,
2334,0.0,0,0.0,342524.205713207,optimal,0.18442970000614878,False,
2335,0.0,0,0.0,338312.47759945097,optimal,0.08494729999802075,False,
2336,0.0,0,0.0,329104.1548198132,optimal,0.07414609999977984,False,
2337,0.0,0,0.0,328637.1609076836,optimal,0.07722449999710079,False,
2338,0.0,0,0.0,340344.2833736127,optimal,0.09194410000054631,False,
2339,0.0,0,0.0,353147.7297970948,optimal,0.08481590000155848,False,
2340,0.0,0,0.0,354915.02468186355,optimal,0.09747600000991952,False,
2341,0.0,0,0.0,354976.84558647615,optimal,0.09037679999892134,False,
2342,0.0,0,0.0,352453.3931904122,optimal,0.0932329000061145,False,
2343,0.0,0,0.0,354398.14947504416,optimal,0.08095509999839123,False,
2344,0.0,0,0.0,358822.8541322203,optimal,0.07885270001133904,False,
2345,0.0,0,0.0,350513.29457216035,optimal,0.07173940000939183,False,
2346,0.0,0,0.0,351891.8309472296,optimal,0.05964119998679962,False,
2347,0.0,0,0.0,364537.51610434847,optimal,0.057711499990546145,False,
2348,0.0,0,0.0,386121.54844860005,optimal,0.07643719999759924,False,
2349,0.0,0,0.0,406535.1737483769,optimal,0.06416340000578202,False,
2350,0.0,0,0.0,417915.93660958123,optimal,0.06537319999188185,False,
2351,0.0,0,0.0,391630.1828435052,optimal,0.072155500005465,False,
2352,0.0,0,0.0,374944.3367699054,optimal,0.0634758999949554,False,
2353,0.0,0,0.0,346905.2375265424,optimal,0.06691020001017023,False,
2354,0.0,0,0.0,338498.53105962294,optimal,0.06710929999826476,False,
2355,0.0,0,0.0,330569.2025266767,optimal,0.08911990000342485,False,
2356,0.0,0,0.0,323718.3899777905,optimal,0.0943559000006644,False,
2357,0.0,0,0.0,321876.79348825384,optimal,0.0679398000065703,False,
2358,0.0,0,0.0,299126.6088149124,optimal,0.06494179999572225,False,
2359,0.0,0,0.0,288994.2587693628,optimal,0.05304029998660553,False,
2360,0.0,0,0.0,294499.254981205,optimal,0.08060299999488052,False,
2361,0.0,0,0.0,303416.53275925963,optimal,0.07588910000049509,False,
2362,0.0,0,0.0,316261.7106607101,optimal,0.1420038999931421,False,
2363,0.0,0,0.0,304733.53381136886,optimal,0.07811450000735931,False,
2364,0.0,0,0.0,291585.8875213648,optimal,0.07250570000906009,False,
2365,0.0,0,0.0,280276.078313464,optimal,0.057547600008547306,False,
2366,0.0,0,0.0,276512.0512802284,optimal,0.06566229999589268,False,
2367,0.0,0,0.0,260898.36973639854,optimal,0.07562629999301862,False,
2368,0.0,0,0.0,250016.53407274958,optimal,0.07673179999983404,False,
2369,0.0,0,0.0,250016.53407274958,optimal,0.07104840000101831,False,
2370,0.0,0,0.0,250016.53407274958,optimal,0.06468130000575911,False,
2371,0.0,0,0.0,250016.53407274958,optimal,0.06774130000849254,False,
2372,0.0,0,0.0,250016.53407274958,optimal,0.06182499999704305,False,
2373,0.0,0,0.0,250016.53407274958,optimal,0.14376160000392701,False,
2374,0.0,0,0.0,251260.01880907395,optimal,0.07333259998995345,False,
2375,0.0,0,0.0,251182.55511911627,optimal,0.08352289999311324,False,
2376,0.0,0,0.0,252466.3750442623,optimal,0.07930409999971744,False,
2377,0.0,0,0.0,264969.1539823581,optimal,0.0674455999978818,False,
2378,0.0,0,0.0,277230.60067276214,optimal,0.07182309999188874,False,
2379,0.0,0,0.0,290390.91721159616,optimal,0.05738009999913629,False,
2380,0.0,0,0.0,281883.29785743955,optimal,0.22103070000594016,False,
2381,0.0,0,0.0,282450.12837581336,optimal,0.07196829999156762,False,
2382,0.0,0,0.0,292276.6628512416,optimal,0.08740630000829697,False,
2383,0.0,0,0.0,306719.86673850793,optimal,0.1270617999980459,False,
2384,0.0,0,0.0,312463.14092058997,optimal,0.11876490000577178,False,
2385,0.0,0,0.0,302155.15715587913,optimal,0.10298199999670032,False,
2386,0.0,0,0.0,293334.7334520175,optimal,0.08580100000835955,False,
2387,0.0,0,0.0,281220.15152280545,optimal,0.06943129999854136,False,
2388,0.0,0,0.0,263349.64235152747,optimal,0.08609149999392685,False,
2389,0.0,0,0.0,250016.53407274958,optimal,0.07902489999833051,False,
2390,0.0,0,0.0,250016.53407274958,optimal,0.06842110000434332,False,
2391,0.0,0,0.0,250016.53407274958,optimal,0.08997029998863582,False,
2392,0.0,0,0.0,250016.53407274958,optimal,0.07772210000257473,False,
2393,0.0,0,0.0,250016.53407274958,optimal,0.0682717000017874,False,
2394,0.0,0,0.0,250016.53407274958,optimal,0.07086870000057388,False,
2395,0.0,0,0.0,250016.53407274958,optimal,0.0567826999904355,False,
2396,0.0,0,0.0,250016.53407274958,optimal,0.08372910000616685,False,
2397,0.0,0,0.0,250016.53407274958,optimal,0.1613952000043355,False,
2398,0.0,0,0.0,250016.53407274958,optimal,0.15141259999654721,False,
2399,0.0,0,0.0,252766.74817675597,optimal,0.08350059999793302,False,
2400,0.0,0,0.0,267431.56787613616,optimal,0.078830200000084,False,
2401,0.0,0,0.0,287996.02197108505,optimal,0.3655757999949856,False,
2402,0.0,0,0.0,305788.44750897546,optimal,0.3428831000055652,False,
2403,0.0,0,0.0,321104.0203660921,optimal,0.06132649999926798,False,
2404,0.0,0,0.0,335790.6186268587,optimal,0.2903317000018433,False,
2405,0.0,0,0.0,358516.7132664577,optimal,0.2628740999934962,False,
2406,0.0,0,0.0,385381.73846894584,optimal,0.2555709000007482,False,
2407,0.0,0,0.0,418057.64204678737,optimal,0.2186158999975305,False,
2408,0.0,0,0.0,427144.7315953267,optimal,0.19021909999719355,False,
2409,0.0,0,0.0,405309.4060847954,optimal,0.15748329999041744,False,
2410,0.0,0,0.0,367248.10221862094,optimal,0.08865350000269245,False,
2411,0.0,0,0.0,352209.1374750242,optimal,0.11953759999596514,False,
2412,0.0,0,0.0,352870.8510222956,optimal,0.08905520000553224,False,
2413,0.0,0,0.0,325673.90069171175,optimal,0.0546189000015147,False,
2414,0.0,0,0.0,295857.12729790324,optimal,0.0658158000005642,False,
2415,0.0,0,0.0,284318.65851078,optimal,0.0703236000117613,False,
2416,0.0,0,0.0,278283.56137963,optimal,0.06184450000000652,False,
2417,0.0,0,0.0,278416.8329002554,optimal,0.09760550000646617,False,
2418,0.0,0,0.0,282198.1904618123,optimal,0.12390780000714585,False,
2419,0.0,0,0.0,284365.5702778704,optimal,0.06097289999888744,False,
2420,0.0,0,0.0,290878.0252798054,optimal,0.07885210000677034,False,
2421,0.0,0,0.0,297845.1926360539,optimal,0.05471430000034161,False,
2422,0.0,0,0.0,310943.9163936083,optimal,0.09124579999479465,False,
2423,0.0,0,0.0,331547.20829533227,optimal,0.05513459999929182,False,
2424,0.0,0,0.0,352460.80900924717,optimal,0.056746800008113496,False,
2425,0.0,0,0.0,360913.7371540456,optimal,0.09238299999560695,False,
2426,0.0,0,0.0,368797.01493625017,optimal,0.05951130000175908,False,
2427,0.0,0,0.0,380975.7373400073,optimal,0.07308479999483097,False,
2428,0.0,0,0.0,414017.7014583474,optimal,0.13423260000126902,False,
2429,0.0,0,0.0,436499.4781393071,optimal,0.06954029999906197,False,
2430,0.0,0,0.0,458846.20147538726,optimal,0.06379139999626204,False,
2431,0.0,0,0.0,475279.24392054614,optimal,0.05328549999103416,False,
2432,0.0,0,0.0,482120.23668575485,optimal,0.062136199994711205,False,
2433,0.0,0,0.0,498224.9829306451,optimal,0.1860755999950925,False,
2434,0.0,0,0.0,498957.1171836211,optimal,0.07730839999567252,False,
2435,0.0,0,0.0,484659.0296538378,optimal,0.1500850000011269,False,
2436,0.0,0,0.0,469790.4546783557,optimal,0.0919492000102764,False,
2437,0.0,0,0.0,455340.0138789321,optimal,0.07498710000072606,False,
2438,0.0,0,0.0,445567.76496867277,optimal,0.06147299999429379,False,
2439,0.0,0,0.0,438623.5315998228,optimal,0.058476099991821684,False,
2440,0.0,0,0.0,421623.62933060195,optimal,0.05491609999444336,False,
2441,0.0,0,0.0,411470.9798349611,optimal,0.059951100003672764,False,
2442,0.0,0,0.0,402197.2481740233,optimal,0.05468339999788441,False,
2443,0.0,0,0.0,400162.3797832521,optimal,0.07007989998965058,False,
2444,0.0,0,0.0,405960.87425344635,optimal,0.0676402999961283,False,
2445,0.0,0,0.0,422050.1513360593,optimal,0.0700805000087712,False,
2446,0.0,0,0.0,435670.90771491453,optimal,0.13171309999597725,False,
2447,0.0,0,0.0,444598.66425209166,optimal,0.055443799996282905,False,
2448,0.0,0,0.0,446546.7555659537,optimal,0.09212390000175219,False,
2449,0.0,0,0.0,452857.1191364174,optimal,0.06594949999998789,False,
2450,0.0,0,0.0,465919.57251334103,optimal,0.06550499999138992,False,
2451,0.0,0,0.0,476636.3402525444,optimal,0.13860890000069048,False,
2452,0.0,0,0.0,481863.81726334756,optimal,0.07694699999410659,False,
2453,0.0,0,0.0,484673.90717431024,optimal,0.07224690000293776,False,
2454,0.0,0,0.0,484347.85286761145,optimal,0.06410829999367706,False,
2455,0.0,0,0.0,488559.16501780914,optimal,0.15293719999317545,False,
2456,0.0,0,0.0,502955.01495134574,optimal,0.06912089999241289,False,
2457,0.0,0,0.0,523757.77304948855,optimal,0.07669760000135284,False,
2458,0.0,0,0.0,551552.1837511772,optimal,0.09108840000408236,False,
2459,0.0,0,0.0,556257.9134791213,optimal,0.08987800001341384,False,
2460,0.0,0,0.0,542841.7370357043,optimal,0.3745355999999447,False,
2461,0.0,0,0.0,575815.1825085094,optimal,0.3378850000008242,False,
2462,0.0,0,0.0,595254.1493840226,optimal,0.3147797999990871,False,
2463,0.0,0,0.0,597449.1510299844,optimal,0.28962769999634475,False,
2464,0.0,0,0.0,604828.7716349869,optimal,0.26035919999412727,False,
2465,0.0,0,0.0,607292.0322981519,optimal,0.22768110000470188,False,
2466,0.0,0,0.0,604941.2034546327,optimal,0.19651549999252893,False,
2467,0.0,0,0.0,618249.6544547648,optimal,0.16953780000039842,False,
2468,0.0,0,0.0,632658.8483953419,optimal,0.1400075999990804,False,
2469,0.0,0,0.0,645836.3760667691,optimal,0.09970570000587031,False,
2470,0.0,0,0.0,656743.0114856777,optimal,0.055288999996264465,False,
2471,0.0,0,0.0,662834.8294694077,optimal,0.08003399999870453,False,
2472,0.0,0,0.0,676640.7362454709,optimal,0.05995870000333525,False,
2473,0.0,0,0.0,695912.0649884099,optimal,0.08223889999499079,False,
2474,0.0,0,0.0,708465.8966231162,optimal,0.07980819999647792,False,
2475,0.0,0,0.0,701714.4572782557,optimal,0.07620529999257997,False,
2476,0.0,0,0.0,692803.1746161763,optimal,0.07490150000376161,False,
2477,0.0,0,0.0,702229.5533273044,optimal,0.07662659999914467,False,
2478,0.0,0,0.0,716736.2029052333,optimal,0.07276129999081604,False,
2479,0.0,0,0.0,728247.7396339732,optimal,0.06392590000177734,False,
2480,0.0,0,0.0,731832.4690456861,optimal,0.07286849999218248,False,
2481,0.0,0,0.0,734332.8481821674,optimal,0.07327599999553058,False,
2482,0.0,0,0.0,731917.378826655,optimal,0.08368440000049304,False,
2483,0.0,0,0.0,728097.2822140064,optimal,0.07751920000009704,False,
2484,0.0,0,0.0,721657.471634332,optimal,0.07172330000321381,False,
2485,0.0,0,0.0,714644.1725310048,optimal,0.08846100000664592,False,
2486,0.0,0,0.0,714027.6016349129,optimal,0.0603932999947574,False,
2487,0.0,0,0.0,713466.1929873227,optimal,0.062370300001930445,False,
2488,0.0,0,0.0,694698.0324103511,optimal,0.07133260001137387,False,
2489,0.0,0,0.0,680023.8053426723,optimal,0.06687759999476839,False,
2490,0.0,0,0.0,671373.4020502846,optimal,0.061628199997358024,False,
2491,0.0,0,0.0,668216.0731613889,optimal,0.0687467999960063,False,
2492,0.0,0,0.0,666620.207462414,optimal,0.1391326000011759,False,
2493,0.0,0,0.0,675088.5188747512,optimal,0.05936179999844171,False,
2494,0.0,0,0.0,682008.7724846675,optimal,0.07639270000800025,False,
2495,0.0,0,0.0,691650.9117661102,optimal,0.07438019999244716,False,
2496,0.0,0,0.0,699524.7936289296,optimal,0.06931939999049064,False,
2497,0.0,0,0.0,698877.5039406272,optimal,0.13975159999972675,False,
2498,0.0,0,0.0,710416.906785727,optimal,0.07575770000403281,False,
2499,0.0,0,0.0,723576.0464851077,optimal,0.06236890000582207,False,
2500,0.0,0,0.0,736942.8661844877,optimal,0.07413439999800175,False,
2501,0.0,0,0.0,750421.0310070601,optimal,0.06743379999534227,False,
2502,0.0,0,0.0,765694.0812984766,optimal,0.0753413000056753,False,
2503,0.0,0,0.0,778598.0294117355,optimal,0.056708600008278154,False,
2504,0.0,0,0.0,780825.1130727729,optimal,0.08923850000428502,False,
2505,0.0,0,0.0,773606.2321948331,optimal,0.06501429999480024,False,
2506,0.0,0,0.0,771514.488422269,optimal,0.1568284999957541,False,
2507,0.0,0,0.0,781228.4776835353,optimal,0.0758654000092065,False,
2508,0.0,0,0.0,758333.7672507701,optimal,0.06175740000617225,False,
2509,0.0,0,0.0,731685.1086260503,optimal,0.06860040000174195,False,
2510,0.0,0,0.0,719621.3621566558,optimal,0.09178789998986758,False,
2511,0.0,0,0.0,705190.8512641432,optimal,0.07711179999751039,False,
2512,0.0,0,0.0,691838.4032329888,optimal,0.07741389999864623,False,
2513,0.0,0,0.0,674869.1848720754,optimal,0.05559180000273045,False,
2514,0.0,0,0.0,662821.1322007156,optimal,0.13298199999553617,False,
2515,0.0,0,0.0,653618.28934232,optimal,0.057608999995863996,False,
2516,0.0,0,0.0,657515.1597484525,optimal,0.06712490000063553,False,
2517,0.0,0,0.0,659950.6502977172,optimal,0.05202959998860024,False,
2518,0.0,0,0.0,667426.685786095,optimal,0.0748128999985056,False,
2519,0.0,0,0.0,680446.6092611526,optimal,0.05433979998633731,False,
2520,0.0,0,0.0,687018.7756115905,optimal,0.08445890000439249,False,
2521,0.0,0,0.0,693328.5662689289,optimal,0.06007710000267252,False,
2522,0.0,0,0.0,697655.7171541402,optimal,0.05307059999904595,False,
2523,0.0,0,0.0,708283.809699872,optimal,0.13779069999873172,False,
2524,0.0,0,0.0,711868.0951500942,optimal,0.06786419999843929,False,
2525,0.0,0,0.0,732771.0238319827,optimal,0.08051139999588486,False,
2526,0.0,0,0.0,770878.2114553002,optimal,0.07725879999634344,False,
2527,0.0,0,0.0,812812.2505316234,optimal,0.13780450000194833,False,
2528,0.0,0,0.0,841086.7730077315,optimal,0.14537289999134373,False,
2529,0.0,0,0.0,861702.622975079,optimal,0.1357492000097409,False,
2530,0.0,0,0.0,869806.1684007883,optimal,0.077717299995129,False,
2531,0.0,0,0.0,871730.2263029247,optimal,0.14940589999605436,False,
2532,0.0,0,0.0,875208.8587791978,optimal,0.0911437000031583,False,
2533,0.0,0,0.0,872370.4928371288,optimal,0.08773090000613593,False,
2534,0.0,0,0.0,878864.1132746728,optimal,0.07967060001101345,False,
2535,0.0,0,0.0,898891.5151848319,optimal,0.08291100000496954,False,
2536,0.0,0,0.0,923679.5428897239,optimal,0.12065070000244305,False,
2537,0.0,0,0.0,947341.16805852,optimal,0.06682949999230914,False,
2538,0.0,0,0.0,981873.9878555436,optimal,0.0660275999980513,False,
2539,0.0,0,0.0,1023254.2068671894,optimal,0.0810495999903651,False,
2540,0.0,0,0.0,1063415.369963404,optimal,0.06659719999879599,False,
2541,0.0,0,0.0,1100070.7926450795,optimal,0.06275829998776317,False,
2542,0.0,0,0.0,1111646.8966537097,optimal,0.07118280000577215,False,
2543,0.0,0,0.0,1122724.2872572164,optimal,0.07635540000046603,False,
2544,0.0,0,0.0,1157637.6453757535,optimal,0.06131360000290442,False,
2545,0.0,0,0.0,1172222.3776260791,optimal,0.14249050000216812,False,
2546,0.0,0,0.0,1204726.887866678,optimal,0.07377339999948163,False,
2547,0.0,0,0.0,1237274.2771151282,optimal,0.09782799999811687,False,
2548,0.0,0,0.0,1270717.2863635796,optimal,0.0689633000001777,False,
2549,0.0,0,0.0,1307561.0556120283,optimal,0.1724489999905927,False,
2550,0.0,0,0.0,1341738.1394633348,optimal,0.1798484000028111,False,
2551,0.0,0,0.0,1369391.012744518,optimal,0.1899621000047773,False,
2552,0.0,0,0.0,1373792.844879003,optimal,0.21985330000461545,False,
2553,0.0,0,0.0,1413491.703280604,optimal,0.18513149999489542,False,
2554,0.0,0,0.0,1440317.3971437793,optimal,0.14400019998720381,False,
2555,0.0,0,0.0,1456785.4428835395,optimal,0.17422319999604952,False,
2556,0.0,0,0.0,1463324.0713019993,optimal,0.0780767999967793,False,
2557,0.0,0,0.0,1453147.8145684074,optimal,0.06392040000355337,False,
2558,0.0,0,0.0,1451460.0341545078,optimal,0.07682000000204425,False,
2559,0.0,0,0.0,1424778.482655936,optimal,0.06057719999807887,False,
2560,0.0,0,0.0,1404559.0749312297,optimal,0.06578659999649972,False,
2561,0.0,0,0.0,1397871.919379444,optimal,0.05782460000773426,False,
2562,0.0,0,0.0,1407392.9671489494,optimal,0.08458310000423808,False,
2563,0.0,0,0.0,1419975.9563415903,optimal,0.05346909999207128,False,
2564,0.0,0,0.0,1455790.7629955576,optimal,0.16010819999792147,False,
2565,0.0,0,0.0,1506812.6855181556,optimal,0.06915429999935441,False,
2566,0.0,0,0.0,1552389.3936060285,optimal,0.05627899999672081,False,
2567,0.0,0,0.0,1588116.8828544803,optimal,0.0744706999976188,False,
2568,0.0,0,0.0,1617161.7745232026,optimal,0.07430740000563674,False,
2569,0.0,0,0.0,1648181.3224665797,optimal,0.13956350000808015,False,
2570,0.0,0,0.0,1684199.8116647403,optimal,0.0693533000012394,False,
2571,0.0,0,0.0,1713236.9748130096,optimal,0.05633819999638945,False,
2572,0.0,0,0.0,1739404.8033437764,optimal,0.06765939999604598,False,
2573,0.0,0,0.0,1763316.9607921208,optimal,0.07951470000261907,False,
2574,0.0,0,0.0,1787321.9788695453,optimal,0.07355020000250079,False,
2575,0.0,0,0.0,1822236.0452727254,optimal,0.06384749998687766,False,
2576,0.0,0,0.0,1824951.3785239737,optimal,0.07445639999059495,False,
2577,0.0,0,0.0,1821650.7228958555,optimal,0.07474979999824427,False,
2578,0.0,0,0.0,1818118.1367754864,optimal,0.06825559999560937,False,
2579,0.0,0,0.0,1807947.3682228385,optimal,0.06544350000331178,False,
2580,0.0,0,0.0,1791468.3800796298,optimal,0.06151139999565203,False,
2581,0.0,0,0.0,1791640.9243769266,optimal,0.22969069999817293,False,
2582,0.0,0,0.0,1749429.2911679219,optimal,0.6192103999928804,False,
2583,0.0,0,0.0,1690955.7330934638,optimal,0.24450450000585988,False,
2584,0.0,0,0.0,1651833.9281006362,optimal,0.23706959999981336,False,
2585,0.0,0,0.0,1624243.1690361525,optimal,0.34695460001239553,False,
2586,0.0,0,0.0,1607488.265039433,optimal,0.1996301999897696,False,
2587,0.0,0,0.0,1606284.5809187032,optimal,0.18567940000502858,False,
2588,0.0,0,0.0,1612355.284808797,optimal,0.45469020000018645,False,
2589,0.0,0,0.0,1648083.1297618353,optimal,0.36337999999523163,False,
2590,0.0,0,0.0,1652352.0317370633,optimal,0.3053498000081163,False,
2591,0.0,0,0.0,1686811.7369377406,optimal,0.2824432999914279,False,
2592,0.0,0,0.0,1716944.7965661525,optimal,0.23146600001200568,False,
2593,0.0,0,0.0,1728260.707919451,optimal,0.1795579000026919,False,
2594,0.0,0,0.0,1759786.652790846,optimal,0.15197450001141988,False,
2595,0.0,0,0.0,1771154.5524902255,optimal,0.1705093000055058,False,
2596,0.0,0,0.0,1803342.1032934717,optimal,0.08946010000363458,False,
2597,0.0,0,0.0,1838403.8404051652,optimal,0.07611329999053851,False,
2598,0.0,0,0.0,1875320.6163603638,optimal,0.13333589999820106,False,
2599,0.0,0,0.0,1884768.3809787924,optimal,0.05132690000755247,False,
2600,0.0,0,0.0,1898434.783784177,optimal,0.07234149999567308,False,
2601,0.0,0,0.0,1914568.6962043482,optimal,0.0734909000020707,False,
2602,0.0,0,0.0,1935021.2960052495,optimal,0.07292659999802709,False,
2603,0.0,0,0.0,1934919.2618750767,optimal,0.11908560000301804,False,
2604,0.0,0,0.0,1936942.6191339511,optimal,0.07656159999896772,False,
2605,0.0,0,0.0,1930071.75399154,optimal,0.06866200000513345,False,
2606,0.0,0,0.0,1922949.9147211732,optimal,0.07957590000296477,False,
2607,0.0,0,0.0,1946899.1285958388,optimal,0.06823119999899063,False,
2608,0.0,0,0.0,1946267.2644578496,optimal,0.05553759999747854,False,
2609,0.0,0,0.0,1950304.106380393,optimal,0.0639513999922201,False,
2610,0.0,0,0.0,1956659.0849995548,optimal,0.06527350000396837,False,
2611,0.0,0,0.0,1959009.0111971037,optimal,0.05877479999617208,False,
2612,0.0,0,0.0,1962860.8140597183,optimal,0.06502840000030119,False,
2613,0.0,0,0.0,1972324.0657758412,optimal,0.07230109999363776,False,
2614,0.0,0,0.0,2011411.822580207,optimal,0.06091369999921881,False,
2615,0.0,0,0.0,2047645.5318286573,optimal,0.27684610000869725,False,
2616,0.0,0,0.0,2059641.4200385592,optimal,0.06125090000568889,False,
2617,0.0,0,0.0,2072534.0216253109,optimal,0.2220462000113912,False,
2618,0.0,0,0.0,2073385.9127133593,optimal,0.20123920000332873,False,
2619,0.0,0,0.0,2092845.5862260095,optimal,0.16346090000297409,False,
2620,0.0,0,0.0,2117875.5824180976,optimal,0.13529549998929724,False,
2621,0.0,0,0.0,2152863.2116665468,optimal,0.11847210000269115,False,
2622,0.0,0,0.0,2190433.860914997,optimal,0.08336780000536237,False,
2623,0.0,0,0.0,2224405.733773448,optimal,0.08138110001164023,False,
2624,0.0,0,0.0,2244645.12069203,optimal,0.05918799999926705,False,
2625,0.0,0,0.0,2246621.093784906,optimal,0.06858059999649413,False,
2626,0.0,0,0.0,2243039.456727392,optimal,0.054158800005097874,False,
2627,0.0,0,0.0,2231510.0778981433,optimal,0.07160369999473915,False,
2628,0.0,0,0.0,2211898.6595196137,optimal,0.07836919999681413,False,
2629,0.0,0,0.0,2211729.9899426033,optimal,0.05739089999406133,False,
2630,0.0,0,0.0,2223080.976633898,optimal,0.0664080999995349,False,
2631,0.0,0,0.0,2227266.6824164987,optimal,0.05912620000890456,False,
2632,0.0,0,0.0,2219551.439990338,optimal,0.08011469998746179,False,
2633,0.0,0,0.0,2216805.447942268,optimal,0.0710380999953486,False,
2634,0.0,0,0.0,2223576.0759298964,optimal,0.057744899997487664,False,
2635,0.0,0,0.0,2235901.572874885,optimal,0.07864530000369996,False,
2636,0.0,0,0.0,2245191.685383237,optimal,0.07689129999198485,False,
2637,0.0,0,0.0,2259782.8988648783,optimal,0.0748572000011336,False,
2638,0.0,0,0.0,2301851.664071135,optimal,0.154760699995677,False,
2639,0.0,0,0.0,2307985.70412623,optimal,0.07172140000329819,False,
2640,0.0,0,0.0,2318380.2699748995,optimal,0.16491350000433158,False,
2641,0.0,0,0.0,2347493.5012090923,optimal,0.07583009998779744,False,
2642,0.0,0,0.0,2379417.850457542,optimal,0.08128369999758434,False,
2643,0.0,0,0.0,2411446.039705992,optimal,0.08116760000120848,False,
2644,0.0,0,0.0,2448543.5744763417,optimal,0.06495810000342317,False,
2645,0.0,0,0.0,2535195.5243811226,optimal,0.12992370000574738,False,
2646,0.0,0,0.0,2622778.226571177,optimal,0.059212300009676255,False,
2647,0.0,0,0.0,2683986.1020235806,optimal,0.06124089998775162,False,
2648,0.0,0,0.0,2660169.8523518974,optimal,0.05744509999931324,False,
2649,0.0,0,0.0,2681892.190921575,optimal,0.07291030000487808,False,
2650,0.0,0,0.0,2669601.447110064,optimal,0.08689900000172202,False,
2651,0.0,0,0.0,2638227.4204783905,optimal,0.0737105000007432,False,
2652,0.0,0,0.0,2603982.7879719143,optimal,0.06242470000870526,False,
2653,0.0,0,0.0,2566287.5126816384,optimal,0.21862139999575447,False,
2654,0.0,0,0.0,2467760.763386875,optimal,0.08208310000190977,False,
2655,0.0,0,0.0,2444395.5687787617,optimal,0.10797230000025593,False,
2656,0.0,0,0.0,2400540.8892538236,optimal,0.14464530000986997,False,
2657,0.0,0,0.0,2361840.177237864,optimal,0.1271507999917958,False,
2658,0.0,0,0.0,2328322.7185079614,optimal,0.13894460001029074,False,
2659,0.0,0,0.0,2292655.7227963163,optimal,0.104664699989371,False,
2660,0.0,0,0.0,2258022.5112361857,optimal,0.09033239999553189,False,
2661,0.0,0,0.0,2301557.0109215355,optimal,0.08552750000671949,False,
2662,0.0,0,0.0,2263819.445808886,optimal,0.08322640000551473,False,
2663,0.0,0,0.0,2270453.718257064,optimal,0.07783759999438189,False,
2664,0.0,0,0.0,2243487.3764135474,optimal,0.07715759999700822,False,
2665,0.0,0,0.0,2268187.5486664306,optimal,0.084536800000933,False,
2666,0.0,0,0.0,2239304.2268797546,optimal,0.07946970000921283,False,
2667,0.0,0,0.0,2269487.5296760965,optimal,0.153594699993846,False,
2668,0.0,0,0.0,2308898.6024227017,optimal,0.07606120000127703,False,
2669,0.0,0,0.0,2272524.1227375306,optimal,0.08412130000942852,False,
2670,0.0,0,0.0,2292580.875639704,optimal,0.08165049999661278,False,
2671,0.0,0,0.0,2281505.5977424355,optimal,0.16008549999969546,False,
2672,0.0,0,0.0,2297243.4915427975,optimal,0.0704014999937499,False,
2673,0.0,0,0.0,2293386.938525907,optimal,0.17154080000182148,False,
2674,0.0,0,0.0,2253798.151004253,optimal,0.08357590000377968,False,
2675,0.0,0,0.0,2216037.0346766184,optimal,0.06062690001272131,False,
2676,0.0,0,0.0,2177810.6394176027,optimal,0.15496520001033787,False,
2677,0.0,0,0.0,2126536.874370499,optimal,0.0849298999964958,False,
2678,0.0,0,0.0,2078152.456134088,optimal,0.16519129999505822,False,
2679,0.0,0,0.0,2036231.7261220615,optimal,0.06780319999961648,False,
2680,0.0,0,0.0,2016092.42884223,optimal,0.0758339000021806,False,
2681,0.0,0,0.0,1997636.1332505126,optimal,0.08098259998951107,False,
2682,0.0,0,0.0,1993232.3144960257,optimal,0.08342840000113938,False,
2683,0.0,0,0.0,1962997.458516541,optimal,0.0909473999927286,False,
2684,0.0,0,0.0,1950501.4992781847,optimal,0.18567070001154207,False,
2685,0.0,0,0.0,1939406.121931434,optimal,0.09512110000650864,False,
2686,0.0,0,0.0,2004279.4797089284,optimal,0.09588020000956021,False,
2687,0.0,0,0.0,2055940.2366083432,optimal,0.09449580000364222,False,
2688,0.0,0,0.0,2056940.7792350317,optimal,0.08495259999472182,False,
2689,0.0,0,0.0,2137545.7583388602,optimal,0.19384100000024773,False,
2690,0.0,0,0.0,2213490.555926879,optimal,0.09759579999081325,False,
2691,0.0,0,0.0,2225296.564360847,optimal,0.09080950000497978,False,
2692,0.0,0,0.0,2299242.294569745,optimal,0.08156390000658575,False,
2693,0.0,0,0.0,2309509.656715747,optimal,0.07890670000051614,False,
2694,0.0,0,0.0,2334942.9123389074,optimal,0.08171840000431985,False,
2695,0.0,0,0.0,2440373.4795420943,optimal,0.0764636999956565,False,
2696,0.0,0,0.0,2527127.629684368,optimal,0.08061800000723451,False,
2697,0.0,0,0.0,2543307.745067835,optimal,0.07918490000884049,False,
2698,0.0,0,0.0,2529080.783580978,optimal,0.08069230000546668,False,
2699,0.0,0,0.0,2514218.9984900383,optimal,0.08088310000312049,False,
2700,0.0,0,0.0,2516381.108640943,optimal,0.1712244000082137,False,
2701,0.0,0,0.0,2527607.1943345405,optimal,0.07405470000230707,False,
2702,0.0,0,0.0,2541679.32992229,optimal,0.08278409999911673,False,
2703,0.0,0,0.0,2534858.100889651,optimal,0.0751416999992216,False,
2704,0.0,0,0.0,2550195.1475414685,optimal,0.08488720000605099,False,
2705,0.0,0,0.0,2564425.397012226,optimal,0.08237259999441449,False,
2706,0.0,0,0.0,2575651.482705826,optimal,0.07198020000942051,False,
2707,0.0,0,0.0,2625747.8592421953,optimal,0.0756000999972457,False,
2708,0.0,0,0.0,2728246.875273471,optimal,0.0760001999879023,False,
2709,0.0,0,0.0,2770061.0915259845,optimal,0.07699359999969602,False,
2710,0.0,0,0.0,2906880.4544628537,optimal,0.08562530000926927,False,
2711,0.0,0,0.0,2905931.7711648047,optimal,0.08632269999361597,False,
2712,0.0,0,0.0,2953800.993185234,optimal,0.16818049999710638,False,
2713,0.0,0,0.0,3016235.2846906786,optimal,0.39842669999052305,False,
2714,0.0,0,0.0,3108918.5199466352,optimal,0.08502589999989141,False,
2715,0.0,0,0.0,3232812.8133829017,optimal,0.3983892999967793,False,
2716,0.0,0,0.0,3262961.0370099545,optimal,0.27548229999956675,False,
2717,0.0,0,0.0,3375258.301623459,optimal,0.2742776000086451,False,
2718,0.0,0,0.0,3531634.173423418,optimal,0.2802675000129966,False,
2719,0.0,0,0.0,3645852.162194852,optimal,0.33470210000814404,False,
2720,0.0,0,0.0,3708923.768104466,optimal,0.15549710000050254,False,
2721,0.0,0,0.0,3815239.1000691555,optimal,0.21346070000436157,False,
2722,0.0,0,0.0,3817163.1967148823,optimal,0.10750980000011623,False,
2723,0.0,0,0.0,3806151.5322681502,optimal,0.09333430000697263,False,
2724,0.0,0,0.0,3807102.249925692,optimal,0.09002489999693353,False,
2725,0.0,0,0.0,3812265.5341817983,optimal,0.08554699999513105,False,
2726,0.0,0,0.0,3817010.6612598854,optimal,0.08424860000377521,False,
2727,0.0,0,0.0,3808079.0609909543,optimal,0.1628447000111919,False,
2728,0.0,0,0.0,3808282.1815673765,optimal,0.1828146000043489,False,
2729,0.0,0,0.0,3816616.2501484165,optimal,0.10610879999876488,False,
2730,0.0,0,0.0,3814979.347509092,optimal,0.08601470000576228,False,
2731,0.0,0,0.0,3812519.4110158784,optimal,0.1910150000039721,False,
2732,0.0,0,0.0,3801365.605744376,optimal,0.09072720000403933,False,
2733,0.0,0,0.0,3835205.1196516054,optimal,0.09974150000198279,False,
2734,0.0,0,0.0,3828723.216598477,optimal,0.08878530000220053,False,
2735,0.0,0,0.0,3827529.9899885026,optimal,0.0976407999987714,False,
2736,0.0,0,0.0,3862399.7666066242,optimal,0.08952059999865014,False,
2737,0.0,0,0.0,3939121.655649447,optimal,0.09972250000282656,False,
2738,0.0,0,0.0,3950223.1547722802,optimal,0.09304320000228472,False,
2739,0.0,0,0.0,3993670.974144391,optimal,0.09177539999654982,False,
2740,0.0,0,0.0,4070668.150833665,optimal,0.09378880000440404,False,
2741,0.0,0,0.0,4078420.62992214,optimal,0.06690569999045692,False,
2742,0.0,0,0.0,4075987.0325736846,optimal,0.08226080000167713,False,
2743,0.0,0,0.0,4076359.1746588964,optimal,0.09175739999045618,False,
2744,0.0,0,0.0,4072825.29317278,optimal,0.08154189999913797,False,
2745,0.0,0,0.0,4069939.3777751494,optimal,0.07986379999783821,False,
2746,0.0,0,0.0,4055887.366011436,optimal,0.1551902999926824,False,
2747,0.0,0,0.0,4012424.7439250397,optimal,0.08362150000175461,False,
2748,0.0,0,0.0,3944962.773627562,optimal,0.08331649999308866,False,
2749,0.0,0,0.0,3859356.2093967637,optimal,0.07303529999626335,False,
2750,0.0,0,0.0,3861110.393464074,optimal,0.08153169999422971,False,
2751,0.0,0,0.0,3776664.2760674586,optimal,0.07673590000194963,False,
2752,0.0,0,0.0,3677249.8305999287,optimal,0.08773430000292137,False,
2753,0.0,0,0.0,3579890.8656115076,optimal,0.09686689999944065,False,
2754,0.0,0,0.0,3471327.58315506,optimal,0.08764410000003409,False,
2755,0.0,0,0.0,3344616.935899546,optimal,0.06898300000466406,False,
2756,0.0,0,0.0,3194859.6534993392,optimal,0.07777669999632053,False,
2757,0.0,0,0.0,3026624.055149774,optimal,0.07469219999620691,False,
2758,0.0,0,0.0,2872149.4880892234,optimal,0.08100910000212025,False,
2759,0.0,0,0.0,2878322.8267332665,optimal,0.06909779999114107,False,
2760,0.0,0,0.0,2748502.850591929,optimal,0.0847893999889493,False,
2761,0.0,0,0.0,2634861.70980747,optimal,0.07994999999937136,False,
2762,0.0,0,0.0,2532875.2898141504,optimal,0.0736695000086911,False,
2763,0.0,0,0.0,2482269.2229806026,optimal,0.09461449999071192,False,
2764,0.0,0,0.0,2401407.714467177,optimal,0.08821040000475477,False,
2765,0.0,0,0.0,2264961.793490662,optimal,0.07715580001240596,False,
2766,0.0,0,0.0,2184558.703798899,optimal,0.08394530000805389,False,
2767,0.0,0,0.0,2038447.7379282496,optimal,0.1862091000075452,False,
2768,0.0,0,0.0,1898748.6154388934,optimal,0.09608089999528602,False,
2769,0.0,0,0.0,1798804.6784055142,optimal,0.0850607000029413,False,
2770,0.0,0,0.0,1759291.2399661632,optimal,0.07977529999334365,False,
2771,0.0,0,0.0,1695450.3824531292,optimal,0.16832689999137074,False,
2772,0.0,0,0.0,1621827.0494825519,optimal,0.0869776999898022,False,
2773,0.0,0,0.0,1536731.2282238626,optimal,0.07920449999801349,False,
2774,0.0,0,0.0,1449807.779513998,optimal,0.07109420000051614,False,
2775,0.0,0,0.0,1402263.8178496028,optimal,0.07404370000585914,False,
2776,0.0,0,0.0,1358897.523840462,optimal,0.08140840000123717,False,
2777,0.0,0,0.0,1355349.122363134,optimal,0.06323430000338703,False,
2778,0.0,0,0.0,1379434.247971223,optimal,0.07036719999450725,False,
2779,0.0,0,0.0,1412948.2812778528,optimal,0.062197199993534014,False,
2780,0.0,0,0.0,1446715.9624302068,optimal,0.06993169999623206,False,
2781,0.0,0,0.0,1451146.3522692355,optimal,0.15028459999302868,False,
2782,0.0,0,0.0,1463788.0006256306,optimal,0.06254529999569058,False,
2783,0.0,0,0.0,1529155.2628638283,optimal,0.06998759999987669,False,
2784,0.0,0,0.0,1559457.9378017548,optimal,0.07498570000461768,False,
2785,0.0,0,0.0,1675817.1667935872,optimal,0.16305829999328125,False,
2786,0.0,0,0.0,1695185.8703459613,optimal,0.07234230000176467,False,
2787,0.0,0,0.0,1714341.8309155237,optimal,0.07477000000653788,False,
2788,0.0,0,0.0,1808099.2602890623,optimal,0.07792959999642335,False,
2789,0.0,0,0.0,1830190.990658809,optimal,0.07701619999716058,False,
2790,0.0,0,0.0,1942679.868790281,optimal,0.06567170000926126,False,
2791,0.0,0,0.0,2044324.0457535551,optimal,0.08487180000520311,False,
2792,0.0,0,0.0,2031939.9002769713,optimal,0.07295380000141449,False,
2793,0.0,0,0.0,1970419.816513274,optimal,0.15902140000252984,False,
2794,0.0,0,0.0,1856087.0874973491,optimal,0.07156749999558087,False,
2795,0.0,0,0.0,1736654.1709719251,optimal,0.07766720000654459,False,
2796,0.0,0,0.0,1659709.320970784,optimal,0.08419259999936912,False,
2797,0.0,0,0.0,1631574.1367608767,optimal,0.07313720000092871,False,
2798,0.0,0,0.0,1637966.5382538748,optimal,0.15162750000308733,False,
2799,0.0,0,0.0,1634641.5017720854,optimal,0.16292310001153965,False,
2800,0.0,0,0.0,1610417.5507737505,optimal,0.1730014999920968,False,
2801,0.0,0,0.0,1591296.5291819654,optimal,0.09070380000048317,False,
2802,0.0,0,0.0,1595418.6899109764,optimal,0.08163040000363253,False,
2803,0.0,0,0.0,1617647.8225018706,optimal,0.09044419998826925,False,
2804,0.0,0,0.0,1661377.8450747563,optimal,0.15596039999218192,False,
2805,0.0,0,0.0,1705804.5000618915,optimal,0.0838106000010157,False,
2806,0.0,0,0.0,1764571.1285090465,optimal,0.080926399998134,False,
2807,0.0,0,0.0,1860698.880277881,optimal,0.07999579999886919,False,
2808,0.0,0,0.0,1904652.7617651783,optimal,0.1714567999879364,False,
2809,0.0,0,0.0,1957157.4215114089,optimal,0.07909850000578444,False,
2810,0.0,0,0.0,1984332.6750483504,optimal,0.08009390000370331,False,
2811,0.0,0,0.0,2034463.4396481067,optimal,0.08332479999808129,False,
2812,0.0,0,0.0,2059088.060261822,optimal,0.09198199999809731,False,
2813,0.0,0,0.0,2148789.006539873,optimal,0.07508490000327583,False,
2814,0.0,0,0.0,2225909.2750594825,optimal,0.1712796000065282,False,
2815,0.0,0,0.0,2318671.9587207385,optimal,0.09143919999769423,False,
2816,0.0,0,0.0,2362398.5407794495,optimal,0.08348080000723712,False,
2817,0.0,0,0.0,2359147.5984614305,optimal,0.1025528000027407,False,
2818,0.0,0,0.0,2293086.6824056674,optimal,0.09458530000119936,False,
2819,0.0,0,0.0,2208865.889266718,optimal,0.09301120000600349,False,
2820,0.0,0,0.0,2135348.541000355,optimal,0.11965049999707844,False,
2821,0.0,0,0.0,2074188.7671390958,optimal,0.11029789999884088,False,
2822,0.0,0,0.0,2022585.3052319346,optimal,0.1000627000030363,False,
2823,0.0,0,0.0,1919622.9678886721,optimal,0.09594500000821427,False,
2824,0.0,0,0.0,1817975.8737725525,optimal,0.09266929999284912,False,
2825,0.0,0,0.0,1729554.2127136623,optimal,0.08563229998981114,False,
2826,0.0,0,0.0,1663393.9087522812,optimal,0.10659960001066793,False,
2827,0.0,0,0.0,1617101.2387576536,optimal,0.08010859999922104,False,
2828,0.0,0,0.0,1592024.8123312711,optimal,0.16105039999820292,False,
2829,0.0,0,0.0,1583976.3147145163,optimal,0.07863269999506883,False,
2830,0.0,0,0.0,1569644.0559682464,optimal,0.07803579999017529,False,
2831,0.0,0,0.0,1563906.4177481518,optimal,0.0856701000011526,False,
2832,0.0,0,0.0,1563330.7518432273,optimal,0.07217490000766702,False,
2833,0.0,0,0.0,1571832.5311197755,optimal,0.07382930000312626,False,
2834,0.0,0,0.0,1605609.977607866,optimal,0.0748948999971617,False,
2835,0.0,0,0.0,1605515.0848961174,optimal,0.07090269999753218,False,
2836,0.0,0,0.0,1641229.133576766,optimal,0.0693567999987863,False,
2837,0.0,0,0.0,1659961.630320359,optimal,0.0632400000031339,False,
2838,0.0,0,0.0,1695058.2097173706,optimal,0.057923400003346615,False,
2839,0.0,0,0.0,1718089.2530748814,optimal,0.06289889999607112,False,
2840,0.0,0,0.0,1702442.953079537,optimal,0.06008779999683611,False,
2841,0.0,0,0.0,1678298.0157633927,optimal,0.17279109999071807,False,
2842,0.0,0,0.0,1649110.5906766793,optimal,0.16425889999663923,False,
2843,0.0,0,0.0,1610966.5354858327,optimal,0.1053329999995185,False,
2844,0.0,0,0.0,1528549.1709011183,optimal,0.08833810000214726,False,
2845,0.0,0,0.0,1429157.597842854,optimal,0.07905780000146478,False,
2846,0.0,0,0.0,1332560.747937858,optimal,0.08070199999201577,False,
2847,0.0,0,0.0,1245876.9360076485,optimal,0.08524820000457112,False,
2848,0.0,0,0.0,1179700.838593984,optimal,0.0841056000062963,False,
2849,0.0,0,0.0,1122203.224445769,optimal,0.08123140000679996,False,
2850,0.0,0,0.0,1072032.7630607605,optimal,0.17185579999932088,False,
2851,0.0,0,0.0,1020230.2703069472,optimal,0.08820890000788495,False,
2852,0.0,0,0.0,975932.3820248123,optimal,0.08425840000563767,False,
2853,0.0,0,0.0,928012.3036717157,optimal,0.09036849999392871,False,
2854,0.0,0,0.0,889828.9129207053,optimal,0.10690790000080597,False,
2855,0.0,0,0.0,871351.6444047065,optimal,0.11994309999863617,False,
2856,0.0,0,0.0,879492.3661443989,optimal,0.10766449999937322,False,
2857,0.0,0,0.0,879607.2275699698,optimal,0.10591120000754017,False,
2858,0.0,0,0.0,879976.252509667,optimal,0.09103850000246894,False,
2859,0.0,0,0.0,888599.493814599,optimal,0.17985489999409765,False,
2860,0.0,0,0.0,848056.2959260085,optimal,0.15093139999953564,False,
2861,0.0,0,0.0,788928.3748078885,optimal,0.08314040000550449,False,
2862,0.0,0,0.0,757791.3026545305,optimal,0.0824304999987362,False,
2863,0.0,0,0.0,759472.9852836126,optimal,0.08972519999952056,False,
2864,0.0,0,0.0,751995.1219832345,optimal,0.09519649999856483,False,
2865,0.0,0,0.0,761553.3927297666,optimal,0.09816389999468811,False,
2866,0.0,0,0.0,766704.1927297666,optimal,0.11011639999924228,False,
2867,0.0,0,0.0,749237.6265057661,optimal,0.09762400000181515,False,
2868,0.0,0,0.0,739638.4156584379,optimal,0.10608490000595339,False,
2869,0.0,0,0.0,706402.5748264377,optimal,0.22161150000465568,False,
2870,0.0,0,0.0,732144.1220260885,optimal,0.1132837000041036,False,
2871,0.0,0,0.0,735860.5220260883,optimal,0.10761530000308994,False,
2872,0.0,0,0.0,760968.8859036054,optimal,0.10955789999570698,False,
2873,0.0,0,0.0,772740.2769035429,optimal,0.11712309998983983,False,
2874,0.0,0,0.0,808643.6949183373,optimal,0.10011740001209546,False,
2875,0.0,0,0.0,847561.7604869261,optimal,0.09589850000338629,False,
2876,0.0,0,0.0,856823.6615373244,optimal,0.20823639999434818,False,
2877,0.0,0,0.0,856158.7155038251,optimal,0.11465210000460502,False,
2878,0.0,0,0.0,824636.7211507979,optimal,0.12815210000553634,False,
2879,0.0,0,0.0,811835.6469972469,optimal,0.1920241000043461,False,
2880,0.0,0,0.0,805333.6971496021,optimal,0.1924564999935683,False,
2881,0.0,0,0.0,833705.6509718634,optimal,0.15341549999720883,False,
2882,0.0,0,0.0,858502.4544910339,optimal,0.18250979999720585,False,
2883,0.0,0,0.0,909580.3279408006,optimal,0.17423269999562763,False,
2884,0.0,0,0.0,961019.6460025003,optimal,0.11578730000474025,False,
2885,0.0,0,0.0,1029912.597744102,optimal,0.11487879999913275,False,
2886,0.0,0,0.0,1100291.3691575262,optimal,0.11114579999411944,False,
2887,0.0,0,0.0,1152783.2637174476,optimal,0.07934670000395272,False,
2888,0.0,0,0.0,1184647.1035676417,optimal,0.08103709999704733,False,
2889,0.0,0,0.0,1217654.3656886397,optimal,0.08297950000269338,False,
2890,0.0,0,0.0,1232015.5968442645,optimal,0.08537699999578763,False,
2891,0.0,0,0.0,1269996.2724842646,optimal,0.0804372999991756,False,
2892,0.0,0,0.0,1303003.7985642657,optimal,0.17269360000500455,False,
2893,0.0,0,0.0,1359724.3423512846,optimal,0.08379609999246895,False,
2894,0.0,0,0.0,1389630.088585114,optimal,0.08340370000223629,False,
2895,0.0,0,0.0,1398958.8076826085,optimal,0.07976900000358,False,
2896,0.0,0,0.0,1423869.605453137,optimal,0.09225409998907708,False,
2897,0.0,0,0.0,1435227.3822507088,optimal,0.08795929999905638,False,
2898,0.0,0,0.0,1440225.2444448662,optimal,0.0880128999997396,False,
2899,0.0,0,0.0,1437807.8147715982,optimal,0.08770839999488089,False,
2900,0.0,0,0.0,1501601.5871629654,optimal,0.08235430000058841,False,
2901,0.0,0,0.0,1591912.0517693274,optimal,0.07307739999669138,False,
2902,0.0,0,0.0,1701909.7851226635,optimal,0.08791930000006687,False,
2903,0.0,0,0.0,1805400.7776867517,optimal,0.09273419999226462,False,
2904,0.0,0,0.0,1823468.1723734548,optimal,0.08656149999296758,False,
2905,0.0,0,0.0,1950408.4989010626,optimal,0.09562829999777023,False,
2906,0.0,0,0.0,2070170.2680385672,optimal,0.08724039999651723,False,
2907,0.0,0,0.0,2091913.2878799774,optimal,0.0861568999971496,False,
2908,0.0,0,0.0,2215279.408781179,optimal,0.07956439998815767,False,
2909,0.0,0,0.0,2268369.989357917,optimal,0.07471499999519438,False,
2910,0.0,0,0.0,2371065.739250125,optimal,0.07796159999270458,False,
2911,0.0,0,0.0,2478870.4186377665,optimal,0.1684432000038214,False,
2912,0.0,0,0.0,2482760.527049666,optimal,0.07247600000118837,False,
2913,0.0,0,0.0,2435372.358609533,optimal,0.08246400000643916,False,
2914,0.0,0,0.0,2352353.8178622266,optimal,0.07385839999187738,False,
2915,0.0,0,0.0,2250402.421243468,optimal,0.06745319999754429,False,
2916,0.0,0,0.0,2162846.5170015697,optimal,0.06683880000491627,False,
2917,0.0,0,0.0,2074025.7016956047,optimal,0.14387580000038724,False,
2918,0.0,0,0.0,1984572.4308576044,optimal,0.07429590000538155,False,
2919,0.0,0,0.0,1982991.2920275226,optimal,0.0802207999950042,False,
2920,0.0,0,0.0,1891640.6545934223,optimal,0.07212129999243189,False,
2921,0.0,0,0.0,1802819.8392874554,optimal,0.07497509999666363,False,
2922,0.0,0,0.0,1743736.2039845218,optimal,0.08556890000181738,False,
2923,0.0,0,0.0,1741522.609622405,optimal,0.0773817000008421,False,
2924,0.0,0,0.0,1767797.4077341305,optimal,0.07118800000171177,False,
2925,0.0,0,0.0,1915626.5240070196,optimal,0.07943270000396296,False,
2926,0.0,0,0.0,1929903.2607035066,optimal,0.0818033999967156,False,
2927,0.0,0,0.0,1908172.3867526513,optimal,0.08105409999552649,False,
2928,0.0,0,0.0,1906129.7489071318,optimal,0.08876889999373816,False,
2929,0.0,0,0.0,1899937.7574066098,optimal,0.07340330000442918,False,
2930,0.0,0,0.0,1901442.292912458,optimal,0.07209829999192152,False,
2931,0.0,0,0.0,1859438.430531981,optimal,0.07237170000735205,False,
2932,0.0,0,0.0,1838821.5435205167,optimal,0.09427919999870937,False,
2933,0.0,0,0.0,1805414.8745586902,optimal,0.1281650000018999,False,
2934,0.0,0,0.0,1775817.3215049668,optimal,0.08698990000993945,False,
2935,0.0,0,0.0,1779030.6812192134,optimal,0.08677959999477025,False,
2936,0.0,0,0.0,1709725.2165601747,optimal,0.10372040000220295,False,
2937,0.0,0,0.0,1575517.5837316944,optimal,0.1456237000093097,False,
2938,0.0,0,0.0,1468414.4765379906,optimal,0.19143189999158494,False,
2939,0.0,0,0.0,1369158.1449534679,optimal,0.2639405999943847,False,
2940,0.0,0,0.0,1267688.21900683,optimal,0.22444800000812393,False,
2941,0.0,0,0.0,1163846.5848150635,optimal,0.17885690000548493,False,
2942,0.0,0,0.0,1093737.5399947972,optimal,0.12835090000589844,False,
2943,0.0,0,0.0,1050265.2991627974,optimal,0.20684060000348836,False,
2944,0.0,0,0.0,1006467.0583307982,optimal,0.09951300000830088,False,
2945,0.0,0,0.0,968884.3522231757,optimal,0.09355000000505242,False,
2946,0.0,0,0.0,943666.1367150253,optimal,0.18994480000401381,False,
2947,0.0,0,0.0,925153.2378531324,optimal,0.07649910000327509,False,
2948,0.0,0,0.0,921387.8020466228,optimal,0.19154909999633674,False,
2949,0.0,0,0.0,956201.6579366643,optimal,0.1026653000008082,False,
2950,0.0,0,0.0,939504.7787545497,optimal,0.1847669999988284,False,
2951,0.0,0,0.0,935665.9013960182,optimal,0.08439560000260826,False,
2952,0.0,0,0.0,898375.705281859,optimal,0.07730499999888707,False,
2953,0.0,0,0.0,874015.147182968,optimal,0.089958900003694,False,
2954,0.0,0,0.0,830094.6306983145,optimal,0.09010520001174882,False,
2955,0.0,0,0.0,797181.9463453564,optimal,0.09210130000428762,False,
2956,0.0,0,0.0,749522.3761489876,optimal,0.08489600000029895,False,
2957,0.0,0,0.0,749303.3546866758,optimal,0.2194770000060089,False,
2958,0.0,0,0.0,729558.6651889984,optimal,0.07982610000181012,False,
2959,0.0,0,0.0,688207.2068755294,optimal,0.10867590000270866,False,
2960,0.0,0,0.0,614793.8362098036,optimal,0.11382930001127534,False,
2961,0.0,0,0.0,539177.865629941,optimal,0.2190926000039326,False,
2962,0.0,0,0.0,488277.52490016905,optimal,0.14225309999892488,False,
2963,0.0,0,0.0,454923.2965838171,optimal,0.10364549999940209,False,
2964,0.0,0,0.0,413015.85575181805,optimal,0.10772659999202006,False,
2965,0.0,0,0.0,372282.0149198184,optimal,0.10018769999442156,False,
2966,0.0,0,0.0,331482.97408781823,optimal,0.06983320000290405,False,
2967,0.0,0,0.0,304743.21352050063,optimal,0.08241839999391232,False,
2968,0.0,0,0.0,280228.0666743157,optimal,0.08727360000193585,False,
2969,0.0,0,0.0,276469.6522858121,optimal,0.08241860000998713,False,
2970,0.0,0,0.0,275404.0906331935,optimal,0.07091049999871757,False,
2971,0.0,0,0.0,271385.8562187749,optimal,0.08017289999406785,False,
2972,0.0,0,0.0,250016.53407274958,optimal,0.07553919999918435,False,
2973,0.0,0,0.0,250016.53407274958,optimal,0.17508539999835193,False,
2974,0.0,0,0.0,250016.53407274958,optimal,0.08816750001278706,False,
2975,0.0,0,0.0,250016.53407274958,optimal,0.06996140000410378,False,
2976,0.0,0,0.0,250016.53407274958,optimal,0.08879069999966305,False,
2977,0.0,0,0.0,251503.61152705117,optimal,0.07622969998919871,False,
2978,0.0,0,0.0,268363.5295406236,optimal,0.07270299999800045,False,
2979,0.0,0,0.0,307273.9825946288,optimal,0.07260290000704117,False,
2980,0.0,0,0.0,363004.2265470269,optimal,0.07798419999016915,False,
2981,0.0,0,0.0,418739.05429118103,optimal,0.07838120000087656,False,
2982,0.0,0,0.0,462372.5326479785,optimal,0.06910309998784214,False,
2983,0.0,0,0.0,482889.5932919714,optimal,0.06402230000821874,False,
2984,0.0,0,0.0,513162.77069524955,optimal,0.08444270001200493,False,
2985,0.0,0,0.0,532429.2715771002,optimal,0.2050493999995524,False,
2986,0.0,0,0.0,534968.2638128616,optimal,0.08685690000129398,False,
2987,0.0,0,0.0,512841.7052844197,optimal,0.10001110000303015,False,
2988,0.0,0,0.0,479163.77200144785,optimal,0.09471150000172202,False,
2989,0.0,0,0.0,440320.7311694488,optimal,0.07768979998945724,False,
2990,0.0,0,0.0,401803.6903374498,optimal,0.09593789999780711,False,
2991,0.0,0,0.0,364503.1888597274,optimal,0.15121680000447668,False,
2992,0.0,0,0.0,327732.09855654906,optimal,0.086512900001253,False,
2993,0.0,0,0.0,309201.4653761083,optimal,0.08290770000894554,False,
2994,0.0,0,0.0,309749.1453761079,optimal,0.07120009999198373,False,
2995,0.0,0,0.0,310033.3276748036,optimal,0.06482719999621622,False,
2996,0.0,0,0.0,304342.8595667872,optimal,0.1676962000055937,False,
2997,0.0,0,0.0,293491.55011486623,optimal,0.2222200999967754,False,
2998,0.0,0,0.0,291893.9590299405,optimal,0.07233090000227094,False,
2999,0.0,0,0.0,287061.9589700938,optimal,0.08797410000988748,False,
3000,0.0,0,0.0,301153.8599357387,optimal,0.08719230000860989,False,
3001,0.0,0,0.0,314556.9494544511,optimal,0.18268019999959506,False,
3002,0.0,0,0.0,333319.2291599262,optimal,0.46453549999569077,False,
3003,0.0,0,0.0,355109.34396830865,optimal,0.5055915999982972,False,
3004,0.0,0,0.0,404153.14788469503,optimal,0.3647027999977581,False,
3005,0.0,0,0.0,461213.06871669495,optimal,0.35918539999693166,False,
3006,0.0,0,0.0,528579.4550460947,optimal,0.2736598000046797,False,
3007,0.0,0,0.0,618724.3875673008,optimal,0.1930248999997275,False,
3008,0.0,0,0.0,691010.2305664225,optimal,0.08731280000938568,False,
3009,0.0,0,0.0,740186.2776936688,optimal,0.07181080000009388,False,
3010,0.0,0,0.0,746808.6744569287,optimal,0.08555709999927785,False,
3011,0.0,0,0.0,728908.5727898271,optimal,0.09143210000183899,False,
3012,0.0,0,0.0,683342.2059677145,optimal,0.08678620000137016,False,
3013,0.0,0,0.0,634513.1786967536,optimal,0.08809289999771863,False,
3014,0.0,0,0.0,571336.4884677151,optimal,0.08188749999681022,False,
3015,0.0,0,0.0,487659.8397430335,optimal,0.08162569999694824,False,
3016,0.0,0,0.0,402149.7772972188,optimal,0.07019310000760015,False,
3017,0.0,0,0.0,356064.0921421109,optimal,0.07185150000441354,False,
3018,0.0,0,0.0,317321.3452162252,optimal,0.15932649999740534,False,
3019,0.0,0,0.0,296909.3123283186,optimal,0.09702129999641329,False,
3020,0.0,0,0.0,299957.5880266194,optimal,0.07250789999670815,False,
3021,0.0,0,0.0,312151.17841098405,optimal,0.0867277999932412,False,
3022,0.0,0,0.0,343465.4609049911,optimal,0.08842980000190437,False,
3023,0.0,0,0.0,373432.83385233954,optimal,0.07706609999877401,False,
3024,0.0,0,0.0,387548.4386300349,optimal,0.07975000000442378,False,
3025,0.0,0,0.0,394351.2143982122,optimal,0.07762219999858644,False,
3026,0.0,0,0.0,392450.05800508265,optimal,0.07418159999360796,False,
3027,0.0,0,0.0,401578.7461438842,optimal,0.08054789999732748,False,
3028,0.0,0,0.0,393347.42007557966,optimal,0.07148250000318512,False,
3029,0.0,0,0.0,400181.50358222687,optimal,0.07596210000338033,False,
3030,0.0,0,0.0,397269.2307435691,optimal,0.06459890000405721,False,
3031,0.0,0,0.0,394572.3624355099,optimal,0.06945530000666622,False,
3032,0.0,0,0.0,385587.8082958872,optimal,0.07246139999188017,False,
3033,0.0,0,0.0,372662.79155063734,optimal,0.08121429999300744,False,
3034,0.0,0,0.0,376632.4589410795,optimal,0.07383999999728985,False,
3035,0.0,0,0.0,387805.0910427152,optimal,0.08588160001090728,False,
3036,0.0,0,0.0,397951.0852766548,optimal,0.08423140000377316,False,
3037,0.0,0,0.0,403935.8842546483,optimal,0.07175020000431687,False,
3038,0.0,0,0.0,407129.82041671884,optimal,0.08110589999705553,False,
3039,0.0,0,0.0,425246.0701001772,optimal,0.1512455000047339,False,
3040,0.0,0,0.0,437434.0726014174,optimal,0.07192810000560712,False,
3041,0.0,0,0.0,450934.47903292475,optimal,0.08166479998908471,False,
3042,0.0,0,0.0,457696.68304716033,optimal,0.08044849999714643,False,
3043,0.0,0,0.0,478999.2391669232,optimal,0.06878439999127295,False,
3044,0.0,0,0.0,535167.989907863,optimal,0.07383409999602009,False,
3045,0.0,0,0.0,589397.5174840655,optimal,0.07809790001192596,False,
3046,0.0,0,0.0,643368.4338512794,optimal,0.08666970000194851,False,
3047,0.0,0,0.0,647654.2847066786,optimal,0.18052829999942333,False,
3048,0.0,0,0.0,635036.2241382371,optimal,0.0863515999953961,False,
3049,0.0,0,0.0,617591.2078786836,optimal,0.06994109999504872,False,
3050,0.0,0,0.0,594851.7575262395,optimal,0.08324449999781791,False,
3051,0.0,0,0.0,592902.2992967544,optimal,0.08441409999795724,False,
3052,0.0,0,0.0,562410.2395346141,optimal,0.08382279999204911,False,
3053,0.0,0,0.0,546873.0232018146,optimal,0.07959700000355951,False,
3054,0.0,0,0.0,531969.4560307118,optimal,0.07952460000524297,False,
3055,0.0,0,0.0,518684.5116223432,optimal,0.1497525000013411,False,
3056,0.0,0,0.0,503757.0378583624,optimal,0.08256640000035986,False,
3057,0.0,0,0.0,495135.6167064222,optimal,0.07577649998711422,False,
3058,0.0,0,0.0,472325.39198197285,optimal,0.4008155999908922,False,
3059,0.0,0,0.0,458222.57564917306,optimal,0.09828409999317955,False,
3060,0.0,0,0.0,444067.5993163731,optimal,0.351701999999932,False,
3061,0.0,0,0.0,434769.2269731149,optimal,0.3295919999945909,False,
3062,0.0,0,0.0,435316.90697311435,optimal,0.278049500004272,False,
3063,0.0,0,0.0,435942.82697311445,optimal,0.260266600002069,False,
3064,0.0,0,0.0,438070.08156730246,optimal,0.2006355000048643,False,
3065,0.0,0,0.0,449859.3397335643,optimal,0.15877639999962412,False,
3066,0.0,0,0.0,456423.04274953535,optimal,0.08833050000248477,False,
3067,0.0,0,0.0,453400.77576135506,optimal,0.22647439999855123,False,
3068,0.0,0,0.0,442173.4991634408,optimal,0.11492039999575354,False,
3069,0.0,0,0.0,418311.18519520503,optimal,0.08408249999047257,False,
3070,0.0,0,0.0,396859.45320434484,optimal,0.06273630000941921,False,
3071,0.0,0,0.0,369331.9687125357,optimal,0.18338289999519475,False,
3072,0.0,0,0.0,364824.07041159435,optimal,0.10352760000387207,False,
3073,0.0,0,0.0,363698.27078610705,optimal,0.11774080000759568,False,
3074,0.0,0,0.0,370786.81478610664,optimal,0.0697991000051843,False,
3075,0.0,0,0.0,379998.2796652063,optimal,0.13134930000524037,False,
3076,0.0,0,0.0,398020.58445921034,optimal,0.064517299993895,False,
3077,0.0,0,0.0,417006.8244592105,optimal,0.1385085999936564,False,
3078,0.0,0,0.0,432824.53893371765,optimal,0.07433090000995435,False,
3079,0.0,0,0.0,447794.2622167232,optimal,0.07865130000573117,False,
3080,0.0,0,0.0,456228.4495086569,optimal,0.08914159999403637,False,
3081,0.0,0,0.0,433539.47830507264,optimal,0.08067039999878034,False,
3082,0.0,0,0.0,396597.3619238384,optimal,0.1624532999994699,False,
3083,0.0,0,0.0,355784.8437158944,optimal,0.08063149999361485,False,
3084,0.0,0,0.0,311406.8391279806,optimal,0.08498820000386331,False,
3085,0.0,0,0.0,264254.1340995874,optimal,0.08098069998959545,False,
3086,0.0,0,0.0,250016.53407274958,optimal,0.07417970000824425,False,
3087,0.0,0,0.0,250016.53407274958,optimal,0.08433279999007937,False,
3088,0.0,0,0.0,250016.53407274958,optimal,0.08291739999549463,False,
3089,0.0,0,0.0,250016.53407274958,optimal,0.07922359999793116,False,
3090,0.0,0,0.0,250016.53407274958,optimal,0.13601309999648947,False,
3091,0.0,0,0.0,250016.53407274958,optimal,0.06544429999485146,False,
3092,0.0,0,0.0,250016.53407274958,optimal,0.07583990000421181,False,
3093,0.0,0,0.0,250016.53407274958,optimal,0.07261499999731313,False,
3094,0.0,0,0.0,250016.53407274958,optimal,0.0838266999926418,False,
3095,0.0,0,0.0,250016.53407274958,optimal,0.06641719999606721,False,
3096,0.0,0,0.0,250016.53407274958,optimal,0.06941589999769349,False,
3097,0.0,0,0.0,250016.53407274958,optimal,0.07555860000138637,False,
3098,0.0,0,0.0,250016.53407274958,optimal,0.09149760000582319,False,
3099,0.0,0,0.0,250016.53407274958,optimal,0.16605640000489075,False,
3100,0.0,0,0.0,250016.53407274958,optimal,0.10731960000703111,False,
3101,0.0,0,0.0,250016.53407274958,optimal,0.08461070001067128,False,
3102,0.0,0,0.0,250016.53407274958,optimal,0.08310570000321604,False,
3103,0.0,0,0.0,250016.53407274958,optimal,0.07764089999545831,False,
3104,0.0,0,0.0,250016.53407274958,optimal,0.06674330000532791,False,
3105,0.0,0,0.0,250016.53407274958,optimal,0.07559779999428429,False,
3106,0.0,0,0.0,250016.53407274958,optimal,0.06820329999027308,False,
3107,0.0,0,0.0,250016.53407274958,optimal,0.08795509999617934,False,
3108,0.0,0,0.0,250016.53407274958,optimal,0.15702159999636933,False,
3109,0.0,0,0.0,250016.53407274958,optimal,0.0734130000055302,False,
3110,0.0,0,0.0,250016.53407274958,optimal,0.05779570000595413,False,
3111,0.0,0,0.0,250016.53407274958,optimal,0.07062479999149218,False,
3112,0.0,0,0.0,250016.53407274958,optimal,0.06844579998869449,False,
3113,0.0,0,0.0,250016.53407274958,optimal,0.07258599999477156,False,
3114,0.0,0,0.0,250016.53407274958,optimal,0.13530829999945126,False,
3115,0.0,0,0.0,250016.53407274958,optimal,0.09725999999500345,False,
3116,0.0,0,0.0,250016.53407274958,optimal,0.052660700006526895,False,
3117,0.0,0,0.0,250016.53407274958,optimal,0.1318137000052957,False,
3118,0.0,0,0.0,250016.53407274958,optimal,0.07808039999508765,False,
3119,0.0,0,0.0,250016.53407274958,optimal,0.06799589999718592,False,
3120,0.0,0,0.0,250016.53407274958,optimal,0.06905839999672025,False,
3121,0.0,0,0.0,250016.53407274958,optimal,0.07482829999935348,False,
3122,0.0,0,0.0,250016.53407274958,optimal,0.07269269999233074,False,
3123,0.0,0,0.0,250016.53407274958,optimal,0.06619540000974666,False,
3124,0.0,0,0.0,250016.53407274958,optimal,0.08447729999898002,False,
3125,0.0,0,0.0,250016.53407274958,optimal,0.13702730000659358,False,
3126,0.0,0,0.0,250016.53407274958,optimal,0.07290249998914078,False,
3127,0.0,0,0.0,250016.53407274958,optimal,0.0691614999959711,False,
3128,0.0,0,0.0,250016.53407274958,optimal,0.07300470001064241,False,
3129,0.0,0,0.0,250016.53407274958,optimal,0.18120079999789596,False,
3130,0.0,0,0.0,250016.53407274958,optimal,0.07488800000282936,False,
3131,0.0,0,0.0,250016.53407274958,optimal,0.06516880000708625,False,
3132,0.0,0,0.0,250016.53407274958,optimal,0.07438790000742301,False,
3133,0.0,0,0.0,250016.53407274958,optimal,0.07612290000542998,False,
3134,0.0,0,0.0,250016.53407274958,optimal,0.08039259999350179,False,
3135,0.0,0,0.0,250016.53407274958,optimal,0.07520839999779128,False,
3136,0.0,0,0.0,250016.53407274958,optimal,0.09549249999690801,False,
3137,0.0,0,0.0,250016.53407274958,optimal,0.08406239999749232,False,
3138,0.0,0,0.0,250016.53407274958,optimal,0.06608269999560434,False,
3139,0.0,0,0.0,250016.53407274958,optimal,0.07503530000394676,False,
3140,0.0,0,0.0,250016.53407274958,optimal,0.07402460000594147,False,
3141,0.0,0,0.0,250016.53407274958,optimal,0.07075009999971371,False,
3142,0.0,0,0.0,250016.53407274958,optimal,0.07637729999260046,False,
3143,0.0,0,0.0,250016.53407274958,optimal,0.07015149999642745,False,
3144,0.0,0,0.0,250016.53407274958,optimal,0.06704270000045653,False,
3145,0.0,0,0.0,250016.53407274958,optimal,0.16270369999983814,False,
3146,0.0,0,0.0,250016.53407274958,optimal,0.07612150000932161,False,
3147,0.0,0,0.0,250016.53407274958,optimal,0.07481069999630563,False,
3148,0.0,0,0.0,250016.53407274958,optimal,0.07572999999683816,False,
3149,0.0,0,0.0,250016.53407274958,optimal,0.08456600000499748,False,
3150,0.0,0,0.0,250016.53407274958,optimal,0.07575649999489542,False,
3151,0.0,0,0.0,250016.53407274958,optimal,0.0750969999935478,False,
3152,0.0,0,0.0,250016.53407274958,optimal,0.07095080001454335,False,
3153,0.0,0,0.0,250016.53407274958,optimal,0.07390289999602828,False,
3154,0.0,0,0.0,250016.53407274958,optimal,0.07587950000015553,False,
3155,0.0,0,0.0,250016.53407274958,optimal,0.0758538999943994,False,
3156,0.0,0,0.0,250016.53407274958,optimal,0.0703907999995863,False,
3157,0.0,0,0.0,250016.53407274958,optimal,0.1502866999944672,False,
3158,0.0,0,0.0,250016.53407274958,optimal,0.07850669999606907,False,
3159,0.0,0,0.0,250016.53407274958,optimal,0.061122200000681914,False,
3160,0.0,0,0.0,250016.53407274958,optimal,0.07167889999982435,False,
3161,0.0,0,0.0,250016.53407274958,optimal,0.08148210000945255,False,
3162,0.0,0,0.0,250016.53407274958,optimal,0.15223449999757577,False,
3163,0.0,0,0.0,250016.53407274958,optimal,0.07278619999124203,False,
3164,0.0,0,0.0,250016.53407274958,optimal,0.07289329999184702,False,
3165,0.0,0,0.0,250016.53407274958,optimal,0.05515539999760222,False,
3166,0.0,0,0.0,250016.53407274958,optimal,0.06261069999891333,False,
3167,0.0,0,0.0,250016.53407274958,optimal,0.08119789999909699,False,
3168,0.0,0,0.0,250016.53407274958,optimal,0.0688910000026226,False,
3169,0.0,0,0.0,250016.53407274958,optimal,0.08056740000029095,False,
3170,0.0,0,0.0,250016.53407274958,optimal,0.07748839999840129,False,
3171,0.0,0,0.0,250016.53407274958,optimal,0.07343850001052488,False,
3172,0.0,0,0.0,250016.53407274958,optimal,0.07552939999732189,False,
3173,0.0,0,0.0,250016.53407274958,optimal,0.06678870000177994,False,
3174,0.0,0,0.0,250016.53407274958,optimal,0.07311199999821838,False,
3175,0.0,0,0.0,250016.53407274958,optimal,0.06790719999116845,False,
3176,0.0,0,0.0,250016.53407274958,optimal,0.0613055000139866,False,
3177,0.0,0,0.0,250016.53407274958,optimal,0.059133000002475455,False,
3178,0.0,0,0.0,250016.53407274958,optimal,0.08551039999292698,False,
3179,0.0,0,0.0,250016.53407274958,optimal,0.05637150000256952,False,
3180,0.0,0,0.0,250016.53407274958,optimal,0.14822250000725035,False,
3181,0.0,0,0.0,250016.53407274958,optimal,0.07298189999710303,False,
3182,0.0,0,0.0,250016.53407274958,optimal,0.06589230000099633,False,
3183,0.0,0,0.0,250016.53407274958,optimal,0.08785329999227542,False,
3184,0.0,0,0.0,250016.53407274958,optimal,0.08117910000146367,False,
3185,0.0,0,0.0,250016.53407274958,optimal,0.06630019999283832,False,
3186,0.0,0,0.0,250016.53407274958,optimal,0.14890149999700952,False,
3187,0.0,0,0.0,250016.53407274958,optimal,0.06713619999936782,False,
3188,0.0,0,0.0,250016.53407274958,optimal,0.06660900000133552,False,
3189,0.0,0,0.0,250016.53407274958,optimal,0.13893519999692217,False,
3190,0.0,0,0.0,250016.53407274958,optimal,0.08210420000250451,False,
3191,0.0,0,0.0,250016.53407274958,optimal,0.0747296999907121,False,
3192,0.0,0,0.0,250016.53407274958,optimal,0.08011999999871477,False,
3193,0.0,0,0.0,250016.53407274958,optimal,0.0851126000052318,False,
3194,0.0,0,0.0,250016.53407274958,optimal,0.07688059999782126,False,
3195,0.0,0,0.0,250016.53407274958,optimal,0.08502729999599978,False,
3196,0.0,0,0.0,250016.53407274958,optimal,0.07961870000872295,False,
3197,0.0,0,0.0,250016.53407274958,optimal,0.07404149998910725,False,
3198,0.0,0,0.0,250016.53407274958,optimal,0.08497380001062993,False,
3199,0.0,0,0.0,250016.53407274958,optimal,0.08152170000539627,False,
3200,0.0,0,0.0,250016.53407274958,optimal,0.08552439999766648,False,
3201,0.0,0,0.0,250016.53407274958,optimal,0.07768740000028629,False,
3202,0.0,0,0.0,250016.53407274958,optimal,0.0964590999938082,False,
3203,0.0,0,0.0,250016.53407274958,optimal,0.07550669999909587,False,
3204,0.0,0,0.0,250016.53407274958,optimal,0.07407960000273306,False,
3205,0.0,0,0.0,250016.53407274958,optimal,0.07916809999733232,False,
3206,0.0,0,0.0,250016.53407274958,optimal,0.07183640000585001,False,
3207,0.0,0,0.0,250016.53407274958,optimal,0.07444399999803863,False,
3208,0.0,0,0.0,250016.53407274958,optimal,0.0660951999889221,False,
3209,0.0,0,0.0,250016.53407274958,optimal,0.06380980000540148,False,
3210,0.0,0,0.0,250016.53407274958,optimal,0.062338899995666,False,
3211,0.0,0,0.0,250016.53407274958,optimal,0.06525610000244342,False,
3212,0.0,0,0.0,250016.53407274958,optimal,0.0674494999984745,False,
3213,0.0,0,0.0,250016.53407274958,optimal,0.06739229999948293,False,
3214,0.0,0,0.0,250016.53407274958,optimal,0.0585585000080755,False,
3215,0.0,0,0.0,250016.53407274958,optimal,0.07612709999375511,False,
3216,0.0,0,0.0,250016.53407274958,optimal,0.06869359999836888,False,
3217,0.0,0,0.0,250016.53407274958,optimal,0.07747449999442324,False,
3218,0.0,0,0.0,250016.53407274958,optimal,0.07809539999288972,False,
3219,0.0,0,0.0,250016.53407274958,optimal,0.07231230000616051,False,
3220,0.0,0,0.0,250016.53407274958,optimal,0.11838669999269769,False,
3221,0.0,0,0.0,250016.53407274958,optimal,0.08518769999500364,False,
3222,0.0,0,0.0,250016.53407274958,optimal,0.11603900000045542,False,
3223,0.0,0,0.0,250016.53407274958,optimal,0.09239969999180175,False,
3224,0.0,0,0.0,250016.53407274958,optimal,0.09874210000270978,False,
3225,0.0,0,0.0,250016.53407274958,optimal,0.0861871999950381,False,
3226,0.0,0,0.0,250016.53407274958,optimal,0.09747380000771955,False,
3227,0.0,0,0.0,250016.53407274958,optimal,0.09453940000094008,False,
3228,0.0,0,0.0,250016.53407274958,optimal,0.08207839999522548,False,
3229,0.0,0,0.0,250016.53407274958,optimal,0.07343570000375621,False,
3230,0.0,0,0.0,250016.53407274958,optimal,0.07769790000747889,False,
3231,0.0,0,0.0,250016.53407274958,optimal,0.07396169999265112,False,
3232,0.0,0,0.0,250016.53407274958,optimal,0.06577889999607578,False,
3233,0.0,0,0.0,250016.53407274958,optimal,0.0841052000032505,False,
3234,0.0,0,0.0,250016.53407274958,optimal,0.08027150000270922,False,
3235,0.0,0,0.0,250016.53407274958,optimal,0.13615440001012757,False,
3236,0.0,0,0.0,250016.53407274958,optimal,0.07651050000276882,False,
3237,0.0,0,0.0,250016.53407274958,optimal,0.08218240000132937,False,
3238,0.0,0,0.0,250016.53407274958,optimal,0.07361490000039339,False,
3239,0.0,0,0.0,250016.53407274958,optimal,0.07901050000509713,False,
3240,0.0,0,0.0,250016.53407274958,optimal,0.16722470000968315,False,
3241,0.0,0,0.0,250016.53407274958,optimal,0.08526949999213684,False,
3242,0.0,0,0.0,250016.53407274958,optimal,0.09263150001061149,False,
3243,0.0,0,0.0,250016.53407274958,optimal,0.08803650000481866,False,
3244,0.0,0,0.0,250016.53407274958,optimal,0.08441039999888744,False,
3245,0.0,0,0.0,250016.53407274958,optimal,0.08471530000679195,False,
3246,0.0,0,0.0,270556.11493353953,optimal,0.08969239999714773,False,
3247,0.0,0,0.0,311572.0943728079,optimal,0.07471600000280887,False,
3248,0.0,0,0.0,350629.4453717327,optimal,0.07891319999180268,False,
3249,0.0,0,0.0,369605.16454255045,optimal,0.07763020000129472,False,
3250,0.0,0,0.0,347025.79842036794,optimal,0.08234470000024885,False,
3251,0.0,0,0.0,314150.7685622143,optimal,0.07904090000374708,False,
3252,0.0,0,0.0,278234.6564318752,optimal,0.08085389999905601,False,
3253,0.0,0,0.0,250016.53407274958,optimal,0.07293850000132807,False,
3254,0.0,0,0.0,250016.53407274958,optimal,0.09079360000032466,False,
3255,0.0,0,0.0,250016.53407274958,optimal,0.1467834000068251,False,
3256,0.0,0,0.0,250016.53407274958,optimal,0.067049200006295,False,
3257,0.0,0,0.0,250016.53407274958,optimal,0.07067680000909604,False,
3258,0.0,0,0.0,250016.53407274958,optimal,0.061645999987376854,False,
3259,0.0,0,0.0,250016.53407274958,optimal,0.13272930000675842,False,
3260,0.0,0,0.0,250016.53407274958,optimal,0.0845499999995809,False,
3261,0.0,0,0.0,250016.53407274958,optimal,0.09088590000465047,False,
3262,0.0,0,0.0,250016.53407274958,optimal,0.08828370000992436,False,
3263,0.0,0,0.0,250016.53407274958,optimal,0.1687065000005532,False,
3264,0.0,0,0.0,250016.53407274958,optimal,0.07568860000174027,False,
3265,0.0,0,0.0,250016.53407274958,optimal,0.06954630000109319,False,
3266,0.0,0,0.0,250016.53407274958,optimal,0.07296320000023115,False,
3267,0.0,0,0.0,250016.53407274958,optimal,0.0725523000000976,False,
3268,0.0,0,0.0,250016.53407274958,optimal,0.08373990000109188,False,
3269,0.0,0,0.0,251388.22699752872,optimal,0.08356959999946412,False,
3270,0.0,0,0.0,253361.2597972908,optimal,0.07959909999044612,False,
3271,0.0,0,0.0,250835.36108662095,optimal,0.08442319999448955,False,
3272,0.0,0,0.0,250649.1304471577,optimal,0.16943689998879563,False,
3273,0.0,0,0.0,250016.53407274958,optimal,0.09341710001172032,False,
3274,0.0,0,0.0,250016.53407274958,optimal,0.0976747999957297,False,
3275,0.0,0,0.0,250016.53407274958,optimal,0.09420720000343863,False,
3276,0.0,0,0.0,250016.53407274958,optimal,0.08527820000017527,False,
3277,0.0,0,0.0,250016.53407274958,optimal,0.08730870000727009,False,
3278,0.0,0,0.0,250016.53407274958,optimal,0.07852600001206156,False,
3279,0.0,0,0.0,250016.53407274958,optimal,0.07691170000180136,False,
3280,0.0,0,0.0,250016.53407274958,optimal,0.08123860000341665,False,
3281,0.0,0,0.0,250016.53407274958,optimal,0.08742819998587947,False,
3282,0.0,0,0.0,250016.53407274958,optimal,0.07867630000691861,False,
3283,0.0,0,0.0,250016.53407274958,optimal,0.18210189999081194,False,
3284,0.0,0,0.0,250016.53407274958,optimal,0.0788304000016069,False,
3285,0.0,0,0.0,250016.53407274958,optimal,0.0843524000083562,False,
3286,0.0,0,0.0,250016.53407274958,optimal,0.10200340001028962,False,
3287,0.0,0,0.0,250016.53407274958,optimal,0.08813590000499971,False,
3288,0.0,0,0.0,250016.53407274958,optimal,0.07914670000900514,False,
3289,0.0,0,0.0,250016.53407274958,optimal,0.15872809999564197,False,
3290,0.0,0,0.0,250016.53407274958,optimal,0.08409459999529645,False,
3291,0.0,0,0.0,250016.53407274958,optimal,0.07573280000360683,False,
3292,0.0,0,0.0,250016.53407274958,optimal,0.06037540000397712,False,
3293,0.0,0,0.0,250016.53407274958,optimal,0.07382439999491908,False,
3294,0.0,0,0.0,250016.53407274958,optimal,0.071700200001942,False,
3295,0.0,0,0.0,250016.53407274958,optimal,0.07116180000593886,False,
3296,0.0,0,0.0,250016.53407274958,optimal,0.0672335999988718,False,
3297,0.0,0,0.0,250016.53407274958,optimal,0.0741898999986006,False,
3298,0.0,0,0.0,250016.53407274958,optimal,0.0752031000010902,False,
3299,0.0,0,0.0,250016.53407274958,optimal,0.05867050000233576,False,
3300,0.0,0,0.0,250016.53407274958,optimal,0.06593169999541715,False,
3301,0.0,0,0.0,250016.53407274958,optimal,0.07211150000512134,False,
3302,0.0,0,0.0,250016.53407274958,optimal,0.09879610000643879,False,
3303,0.0,0,0.0,250016.53407274958,optimal,0.07975750000332482,False,
3304,0.0,0,0.0,250016.53407274958,optimal,0.05695360001118388,False,
3305,0.0,0,0.0,250016.53407274958,optimal,0.07618540000112262,False,
3306,0.0,0,0.0,250016.53407274958,optimal,0.07197779999114573,False,
3307,0.0,0,0.0,250016.53407274958,optimal,0.06979839999985415,False,
3308,0.0,0,0.0,250016.53407274958,optimal,0.07222420000471175,False,
3309,0.0,0,0.0,250016.53407274958,optimal,0.15907249999872874,False,
3310,0.0,0,0.0,250016.53407274958,optimal,0.0651211000076728,False,
3311,0.0,0,0.0,250016.53407274958,optimal,0.09015950000321027,False,
3312,0.0,0,0.0,250016.53407274958,optimal,0.08649320001131855,False,
3313,0.0,0,0.0,250016.53407274958,optimal,0.09404310000536498,False,
3314,0.0,0,0.0,250016.53407274958,optimal,0.10337699999217875,False,
3315,0.0,0,0.0,250016.53407274958,optimal,0.07899699998961296,False,
3316,0.0,0,0.0,250016.53407274958,optimal,0.08687410000129603,False,
3317,0.0,0,0.0,250016.53407274958,optimal,0.09999630000675097,False,
3318,0.0,0,0.0,250016.53407274958,optimal,0.08056519999809097,False,
3319,0.0,0,0.0,250016.53407274958,optimal,0.07494109999970533,False,
3320,0.0,0,0.0,250016.53407274958,optimal,0.1764398999948753,False,
3321,0.0,0,0.0,250016.53407274958,optimal,0.09786340000573546,False,
3322,0.0,0,0.0,250016.53407274958,optimal,0.06337760000315029,False,
3323,0.0,0,0.0,250016.53407274958,optimal,0.07732799999939743,False,
3324,0.0,0,0.0,250016.53407274958,optimal,0.08680300001287833,False,
3325,0.0,0,0.0,250016.53407274958,optimal,0.08888489998935256,False,
3326,0.0,0,0.0,250016.53407274958,optimal,0.17129680000653025,False,
3327,0.0,0,0.0,250016.53407274958,optimal,0.09720770000421908,False,
3328,0.0,0,0.0,250016.53407274958,optimal,0.10243289999198169,False,
3329,0.0,0,0.0,250016.53407274958,optimal,0.08216280001215637,False,
3330,0.0,0,0.0,250016.53407274958,optimal,0.0905648000043584,False,
3331,0.0,0,0.0,250016.53407274958,optimal,0.08960439999646042,False,
3332,0.0,0,0.0,250016.53407274958,optimal,0.09130509999522474,False,
3333,0.0,0,0.0,250016.53407274958,optimal,0.07879040000261739,False,
3334,0.0,0,0.0,250016.53407274958,optimal,0.09927370000514202,False,
3335,0.0,0,0.0,250016.53407274958,optimal,0.08349670001189224,False,
3336,0.0,0,0.0,250016.53407274958,optimal,0.07349640000029467,False,
3337,0.0,0,0.0,250016.53407274958,optimal,0.16561880000517704,False,
3338,0.0,0,0.0,250016.53407274958,optimal,0.2005602999997791,False,
3339,0.0,0,0.0,250016.53407274958,optimal,0.07778229999530595,False,
3340,0.0,0,0.0,250016.53407274958,optimal,0.08860920000006445,False,
3341,0.0,0,0.0,250016.53407274958,optimal,0.18720959998609032,False,
3342,0.0,0,0.0,250016.53407274958,optimal,0.10456859999976587,False,
3343,0.0,0,0.0,250016.53407274958,optimal,0.07919879999826662,False,
3344,0.0,0,0.0,250016.53407274958,optimal,0.07129729998996481,False,
3345,0.0,0,0.0,250016.53407274958,optimal,0.07007499999599531,False,
3346,0.0,0,0.0,250016.53407274958,optimal,0.06975410001177806,False,
3347,0.0,0,0.0,250016.53407274958,optimal,0.14802120000240393,False,
3348,0.0,0,0.0,250016.53407274958,optimal,0.05799480000860058,False,
3349,0.0,0,0.0,250016.53407274958,optimal,0.0717958000022918,False,
3350,0.0,0,0.0,250016.53407274958,optimal,0.056420100008836016,False,
3351,0.0,0,0.0,250016.53407274958,optimal,0.1834794000023976,False,
3352,0.0,0,0.0,250016.53407274958,optimal,0.07692919998953585,False,
3353,0.0,0,0.0,250016.53407274958,optimal,0.09030239999992773,False,
3354,0.0,0,0.0,250016.53407274958,optimal,0.07061649998649955,False,
3355,0.0,0,0.0,250016.53407274958,optimal,0.18556300000636838,False,
3356,0.0,0,0.0,250016.53407274958,optimal,0.09320519999891985,False,
3357,0.0,0,0.0,250016.53407274958,optimal,0.08732360000431072,False,
3358,0.0,0,0.0,250016.53407274958,optimal,0.09520170000905637,False,
3359,0.0,0,0.0,250016.53407274958,optimal,0.09189919999334961,False,
3360,0.0,0,0.0,250016.53407274958,optimal,0.1009494000027189,False,
3361,0.0,0,0.0,250016.53407274958,optimal,0.07781449999311008,False,
3362,0.0,0,0.0,250016.53407274958,optimal,0.0879815999942366,False,
3363,0.0,0,0.0,250016.53407274958,optimal,0.18678920000093058,False,
3364,0.0,0,0.0,250016.53407274958,optimal,0.08934779999253806,False,
3365,0.0,0,0.0,250016.53407274958,optimal,0.10098230000585318,False,
3366,0.0,0,0.0,250016.53407274958,optimal,0.11795879999408498,False,
3367,0.0,0,0.0,250016.53407274958,optimal,0.0882428000040818,False,
3368,0.0,0,0.0,250016.53407274958,optimal,0.08488739999302197,False,
3369,0.0,0,0.0,250016.53407274958,optimal,0.08383400000457186,False,
3370,0.0,0,0.0,250016.53407274958,optimal,0.0855879000009736,False,
3371,0.0,0,0.0,250016.53407274958,optimal,0.07989860000088811,False,
3372,0.0,0,0.0,250016.53407274958,optimal,0.14973199999076314,False,
3373,0.0,0,0.0,250016.53407274958,optimal,0.08332900000095833,False,
3374,0.0,0,0.0,250016.53407274958,optimal,0.08922460000030696,False,
3375,0.0,0,0.0,250016.53407274958,optimal,0.09938620000320952,False,
3376,0.0,0,0.0,250016.53407274958,optimal,0.08248440000170376,False,
3377,0.0,0,0.0,263154.33868891804,optimal,0.08233789999212604,False,
3378,0.0,0,0.0,274400.5334711132,optimal,0.08055120000790339,False,
3379,0.0,0,0.0,294147.1720104228,optimal,0.0853757000004407,False,
3380,0.0,0,0.0,312639.5522990037,optimal,0.17340990000229795,False,
3381,0.0,0,0.0,317095.0129901982,optimal,0.07819820000440814,False,
3382,0.0,0,0.0,311565.44159021776,optimal,0.08271899999817833,False,
3383,0.0,0,0.0,314746.8543191356,optimal,0.08833620000223164,False,
3384,0.0,0,0.0,316800.8885635468,optimal,0.08769410000240896,False,
3385,0.0,0,0.0,328553.06806290144,optimal,0.08486419999098871,False,
3386,0.0,0,0.0,336442.71163845796,optimal,0.08029079998959787,False,
3387,0.0,0,0.0,339755.51727396715,optimal,0.17873729999701027,False,
3388,0.0,0,0.0,345085.8419915454,optimal,0.18412790000729728,False,
3389,0.0,0,0.0,358255.7139059242,optimal,0.07845610000367742,False,
3390,0.0,0,0.0,365675.26494812395,optimal,0.19343700000899844,False,
3391,0.0,0,0.0,366797.59264615667,optimal,0.09711240000615362,False,
3392,0.0,0,0.0,356673.1053000137,optimal,0.08158030000049621,False,
3393,0.0,0,0.0,330367.14584245475,optimal,0.08978250001382548,False,
3394,0.0,0,0.0,302588.9742901194,optimal,0.0863511999923503,False,
3395,0.0,0,0.0,270701.77388741344,optimal,0.09515949999331497,False,
3396,0.0,0,0.0,250016.53407274958,optimal,0.06926050000765827,False,
3397,0.0,0,0.0,250016.53407274958,optimal,0.07095359999220818,False,
3398,0.0,0,0.0,250016.53407274958,optimal,0.07776680000824854,False,
3399,0.0,0,0.0,250016.53407274958,optimal,0.1487162000121316,False,
3400,0.0,0,0.0,250016.53407274958,optimal,0.07693510000535753,False,
3401,0.0,0,0.0,250016.53407274958,optimal,0.07601659999636468,False,
3402,0.0,0,0.0,250016.53407274958,optimal,0.08139069999742787,False,
3403,0.0,0,0.0,250016.53407274958,optimal,0.15841210000508,False,
3404,0.0,0,0.0,250016.53407274958,optimal,0.08564720000140369,False,
3405,0.0,0,0.0,250016.53407274958,optimal,0.0673123000015039,False,
3406,0.0,0,0.0,250016.53407274958,optimal,0.07631750000291504,False,
3407,0.0,0,0.0,250016.53407274958,optimal,0.07997720000275876,False,
3408,0.0,0,0.0,250016.53407274958,optimal,0.073028400001931,False,
3409,0.0,0,0.0,262445.8278878687,optimal,0.06487170000036713,False,
3410,0.0,0,0.0,280101.99368868076,optimal,0.06323800000245683,False,
3411,0.0,0,0.0,296399.9485098768,optimal,0.07062040000164416,False,
3412,0.0,0,0.0,313377.879194405,optimal,0.07325570000102744,False,
3413,0.0,0,0.0,330432.8334127526,optimal,0.07205619999149349,False,
3414,0.0,0,0.0,345168.8958856548,optimal,0.07187340001109987,False,
3415,0.0,0,0.0,349895.70505025063,optimal,0.17581309999513905,False,
3416,0.0,0,0.0,339353.1340862892,optimal,0.08442859999195207,False,
3417,0.0,0,0.0,302630.6176072338,optimal,0.08399020000069868,False,
3418,0.0,0,0.0,265544.696146058,optimal,0.08938950000447221,False,
3419,0.0,0,0.0,250016.53407274958,optimal,0.07882030001201201,False,
3420,0.0,0,0.0,250016.53407274958,optimal,0.07845570000063162,False,
3421,0.0,0,0.0,250016.53407274958,optimal,0.081505099995411,False,
3422,0.0,0,0.0,250016.53407274958,optimal,0.07829479999782052,False,
3423,0.0,0,0.0,250016.53407274958,optimal,0.08011539999279194,False,
3424,0.0,0,0.0,250016.53407274958,optimal,0.0836812000052305,False,
3425,0.0,0,0.0,250016.53407274958,optimal,0.07861250000132713,False,
3426,0.0,0,0.0,250016.53407274958,optimal,0.0696555000031367,False,
3427,0.0,0,0.0,250016.53407274958,optimal,0.07167049999407027,False,
3428,0.0,0,0.0,250016.53407274958,optimal,0.07225539999490138,False,
3429,0.0,0,0.0,250016.53407274958,optimal,0.06659119999676477,False,
3430,0.0,0,0.0,250016.53407274958,optimal,0.07981280000240076,False,
3431,0.0,0,0.0,250016.53407274958,optimal,0.07443229999626055,False,
3432,0.0,0,0.0,250016.53407274958,optimal,0.07788680000521708,False,
3433,0.0,0,0.0,250016.53407274958,optimal,0.08029440000245813,False,
3434,0.0,0,0.0,250016.53407274958,optimal,0.13518260000273585,False,
3435,0.0,0,0.0,250016.53407274958,optimal,0.08524470000702422,False,
3436,0.0,0,0.0,250016.53407274958,optimal,0.08944519999204203,False,
3437,0.0,0,0.0,250016.53407274958,optimal,0.07715559999633115,False,
3438,0.0,0,0.0,250016.53407274958,optimal,0.0836124000052223,False,
3439,0.0,0,0.0,250016.53407274958,optimal,0.07771349999529775,False,
3440,0.0,0,0.0,250016.53407274958,optimal,0.07101100000727456,False,
3441,0.0,0,0.0,250016.53407274958,optimal,0.06895549999899231,False,
3442,0.0,0,0.0,250016.53407274958,optimal,0.07312200000160374,False,
3443,0.0,0,0.0,250016.53407274958,optimal,0.0764158999954816,False,
3444,0.0,0,0.0,250016.53407274958,optimal,0.07321230000525247,False,
3445,0.0,0,0.0,250016.53407274958,optimal,0.07624289998784661,False,
3446,0.0,0,0.0,250016.53407274958,optimal,0.1287984999944456,False,
3447,0.0,0,0.0,250016.53407274958,optimal,0.08004879999498371,False,
3448,0.0,0,0.0,250016.53407274958,optimal,0.07587630000489298,False,
3449,0.0,0,0.0,250016.53407274958,optimal,0.06952289999753702,False,
3450,0.0,0,0.0,250016.53407274958,optimal,0.08163729999796487,False,
3451,0.0,0,0.0,250016.53407274958,optimal,0.14862019999418408,False,
3452,0.0,0,0.0,250016.53407274958,optimal,0.0848723999952199,False,
3453,0.0,0,0.0,250016.53407274958,optimal,0.08622910000849515,False,
3454,0.0,0,0.0,250016.53407274958,optimal,0.0813553000043612,False,
3455,0.0,0,0.0,250016.53407274958,optimal,0.07100670000363607,False,
3456,0.0,0,0.0,250016.53407274958,optimal,0.06632369999715593,False,
3457,0.0,0,0.0,250016.53407274958,optimal,0.08157609999761917,False,
3458,0.0,0,0.0,250016.53407274958,optimal,0.07674580000457354,False,
3459,0.0,0,0.0,250016.53407274958,optimal,0.08570349999354221,False,
3460,0.0,0,0.0,250016.53407274958,optimal,0.15671710000606254,False,
3461,0.0,0,0.0,250016.53407274958,optimal,0.08291149999422487,False,
3462,0.0,0,0.0,250016.53407274958,optimal,0.17536850000033155,False,
3463,0.0,0,0.0,250016.53407274958,optimal,0.0799572999967495,False,
3464,0.0,0,0.0,250016.53407274958,optimal,0.08477980000316165,False,
3465,0.0,0,0.0,250016.53407274958,optimal,0.17732230000547133,False,
3466,0.0,0,0.0,250016.53407274958,optimal,0.07710219999717083,False,
3467,0.0,0,0.0,250016.53407274958,optimal,0.1931825000065146,False,
3468,0.0,0,0.0,250016.53407274958,optimal,0.08527280000271276,False,
3469,0.0,0,0.0,250016.53407274958,optimal,0.09484450001036748,False,
3470,0.0,0,0.0,250016.53407274958,optimal,0.08835190000536386,False,
3471,0.0,0,0.0,250016.53407274958,optimal,0.07697100000223145,False,
3472,0.0,0,0.0,250016.53407274958,optimal,0.07643230000394396,False,
3473,0.0,0,0.0,250016.53407274958,optimal,0.09504250000463799,False,
3474,0.0,0,0.0,250016.53407274958,optimal,0.10176429999410175,False,
3475,0.0,0,0.0,250016.53407274958,optimal,0.17920290000620298,False,
3476,0.0,0,0.0,250016.53407274958,optimal,0.08259370000450872,False,
3477,0.0,0,0.0,250016.53407274958,optimal,0.07297369999287184,False,
3478,0.0,0,0.0,250016.53407274958,optimal,0.1404921000066679,False,
3479,0.0,0,0.0,250016.53407274958,optimal,0.0852906000072835,False,
3480,0.0,0,0.0,250016.53407274958,optimal,0.07572269999946002,False,
3481,0.0,0,0.0,250016.53407274958,optimal,0.15453729999717325,False,
3482,0.0,0,0.0,250016.53407274958,optimal,0.07300929998746142,False,
3483,0.0,0,0.0,250016.53407274958,optimal,0.07864859999972396,False,
3484,0.0,0,0.0,250016.53407274958,optimal,0.07685150000907015,False,
3485,0.0,0,0.0,250016.53407274958,optimal,0.0789638999995077,False,
3486,0.0,0,0.0,250016.53407274958,optimal,0.08011280000209808,False,
3487,0.0,0,0.0,250016.53407274958,optimal,0.07390059999306686,False,
3488,0.0,0,0.0,250016.53407274958,optimal,0.0742988999991212,False,
3489,0.0,0,0.0,250016.53407274958,optimal,0.07574260000546928,False,
3490,0.0,0,0.0,250016.53407274958,optimal,0.15688729999237694,False,
3491,0.0,0,0.0,250016.53407274958,optimal,0.08128100000612903,False,
3492,0.0,0,0.0,250016.53407274958,optimal,0.08774149999953806,False,
3493,0.0,0,0.0,250016.53407274958,optimal,0.07798259999253787,False,
3494,0.0,0,0.0,250016.53407274958,optimal,0.10394669999368489,False,
3495,0.0,0,0.0,250016.53407274958,optimal,0.09248510000179522,False,
3496,0.0,0,0.0,250016.53407274958,optimal,0.08448299999872688,False,
3497,0.0,0,0.0,250016.53407274958,optimal,0.08953539999492932,False,
3498,0.0,0,0.0,250016.53407274958,optimal,0.08323200000450015,False,
3499,0.0,0,0.0,250016.53407274958,optimal,0.14848560000245925,False,
3500,0.0,0,0.0,250016.53407274958,optimal,0.07529870000144001,False,
3501,0.0,0,0.0,250016.53407274958,optimal,0.079642500000773,False,
3502,0.0,0,0.0,250016.53407274958,optimal,0.08049080001364928,False,
3503,0.0,0,0.0,250016.53407274958,optimal,0.08016040000075009,False,
3504,0.0,0,0.0,250016.53407274958,optimal,0.07756610000797082,False,
3505,0.0,0,0.0,250016.53407274958,optimal,0.07933300000149757,False,
3506,0.0,0,0.0,269454.0117583059,optimal,0.06889900000533089,False,
3507,0.0,0,0.0,297457.47169615526,optimal,0.14559270000609104,False,
3508,0.0,0,0.0,320884.5077900463,optimal,0.07087399999727495,False,
3509,0.0,0,0.0,337937.1166960843,optimal,0.0762986999907298,False,
3510,0.0,0,0.0,376386.5777111105,optimal,0.07920629999716766,False,
3511,0.0,0,0.0,411507.34162377735,optimal,0.09397919999901205,False,
3512,0.0,0,0.0,418974.9974187134,optimal,0.08782669999345671,False,
3513,0.0,0,0.0,403681.2045818218,optimal,0.08725070000218693,False,
3514,0.0,0,0.0,424185.4464689989,optimal,0.09126529999775812,False,
3515,0.0,0,0.0,442204.76384989574,optimal,0.17072929999267217,False,
3516,0.0,0,0.0,458136.92591591494,optimal,0.089200799993705,False,
3517,0.0,0,0.0,471855.03169834253,optimal,0.08807509999314789,False,
3518,0.0,0,0.0,483468.4632268851,optimal,0.07100239999999758,False,
3519,0.0,0,0.0,487577.4823766046,optimal,0.08945440000388771,False,
3520,0.0,0,0.0,481803.5064676262,optimal,0.09299819999432657,False,
3521,0.0,0,0.0,478900.3187000303,optimal,0.07396779999544378,False,
3522,0.0,0,0.0,482519.75867551006,optimal,0.0779099000064889,False,
3523,0.0,0,0.0,482921.65248382755,optimal,0.07147249999979977,False,
3524,0.0,0,0.0,488358.35317622905,optimal,0.0781213000009302,False,
3525,0.0,0,0.0,532714.4210108727,optimal,0.08245380000153091,False,
3526,0.0,0,0.0,554803.8599883997,optimal,0.16085459999158047,False,
3527,0.0,0,0.0,607344.8449998444,optimal,0.07823060000373516,False,
3528,0.0,0,0.0,629861.4435846751,optimal,0.15190169999550562,False,
3529,0.0,0,0.0,647070.7951999775,optimal,0.08390110000618733,False,
3530,0.0,0,0.0,660847.1348474222,optimal,0.08174579999467824,False,
3531,0.0,0,0.0,687882.621157109,optimal,0.06428130000131205,False,
3532,0.0,0,0.0,691637.5196358799,optimal,0.16772169999603648,False,
3533,0.0,0,0.0,715946.1379385265,optimal,0.08970029999909457,False,
3534,0.0,0,0.0,735175.951544501,optimal,0.07491959999606479,False,
3535,0.0,0,0.0,734612.4107022813,optimal,0.07702730000892188,False,
3536,0.0,0,0.0,735015.3771807882,optimal,0.07064370000443887,False,
3537,0.0,0,0.0,746304.0102777552,optimal,0.1834625000046799,False,
3538,0.0,0,0.0,752961.031919738,optimal,0.08630290000292007,False,
3539,0.0,0,0.0,751646.7834112971,optimal,0.08768359999521635,False,
3540,0.0,0,0.0,742575.3497380095,optimal,0.07693769999605138,False,
3541,0.0,0,0.0,760536.000234303,optimal,0.0766052000108175,False,
3542,0.0,0,0.0,749714.4905932219,optimal,0.072007399998256,False,
3543,0.0,0,0.0,710546.557452569,optimal,0.06954430000041611,False,
3544,0.0,0,0.0,669765.9095267125,optimal,0.1357465999899432,False,
3545,0.0,0,0.0,575016.5734333056,optimal,0.07189459999790415,False,
3546,0.0,0,0.0,533750.3927025613,optimal,0.07603120000567287,False,
3547,0.0,0,0.0,485555.5566806686,optimal,0.0719054000073811,False,
3548,0.0,0,0.0,446651.4734846521,optimal,0.07656799998949282,False,
3549,0.0,0,0.0,449266.4784479743,optimal,0.06870170000183862,False,
3550,0.0,0,0.0,450171.1307951006,optimal,0.08444609999423847,False,
3551,0.0,0,0.0,441892.84507276036,optimal,0.068959399999585,False,
3552,0.0,0,0.0,442761.44062671857,optimal,0.07824790000449866,False,
3553,0.0,0,0.0,425181.6532288105,optimal,0.07118860000628047,False,
3554,0.0,0,0.0,396845.6211583603,optimal,0.13428790000034496,False,
3555,0.0,0,0.0,401760.4132720649,optimal,0.07521939999423921,False,
3556,0.0,0,0.0,411198.3289929959,optimal,0.07546769999316894,False,
3557,0.0,0,0.0,424418.41989764594,optimal,0.07623410000815056,False,
3558,0.0,0,0.0,429437.72374343313,optimal,0.07260790000145789,False,
3559,0.0,0,0.0,433262.22681226884,optimal,0.0847624000016367,False,
3560,0.0,0,0.0,427382.76503590075,optimal,0.07880049999221228,False,
3561,0.0,0,0.0,417508.99579403875,optimal,0.1620491000066977,False,
3562,0.0,0,0.0,364115.795174717,optimal,0.08461330000136513,False,
3563,0.0,0,0.0,302480.65299198776,optimal,0.08565639999869745,False,
3564,0.0,0,0.0,250016.53407274958,optimal,0.0891873999935342,False,
3565,0.0,0,0.0,250016.53407274958,optimal,0.08400600000459235,False,
3566,0.0,0,0.0,250016.53407274958,optimal,0.07448609999846667,False,
3567,0.0,0,0.0,250016.53407274958,optimal,0.0790949000074761,False,
3568,0.0,0,0.0,250016.53407274958,optimal,0.08217560000775848,False,
3569,0.0,0,0.0,250016.53407274958,optimal,0.07815510001091752,False,
3570,0.0,0,0.0,250016.53407274958,optimal,0.07213570000021718,False,
3571,0.0,0,0.0,250016.53407274958,optimal,0.0760180999932345,False,
3572,0.0,0,0.0,250016.53407274958,optimal,0.08524689999467228,False,
3573,0.0,0,0.0,250016.53407274958,optimal,0.0711522000055993,False,
3574,0.0,0,0.0,250016.53407274958,optimal,0.07357469999988098,False,
3575,0.0,0,0.0,250016.53407274958,optimal,0.07992220000596717,False,
3576,0.0,0,0.0,250016.53407274958,optimal,0.07301659999939147,False,
3577,0.0,0,0.0,250016.53407274958,optimal,0.08495709999988321,False,
3578,0.0,0,0.0,250016.53407274958,optimal,0.07382330000109505,False,
3579,0.0,0,0.0,250016.53407274958,optimal,0.1544175000017276,False,
3580,0.0,0,0.0,250016.53407274958,optimal,0.07294379999802914,False,
3581,0.0,0,0.0,250016.53407274958,optimal,0.07509600000048522,False,
3582,0.0,0,0.0,250016.53407274958,optimal,0.07958190000499599,False,
3583,0.0,0,0.0,250016.53407274958,optimal,0.07632169999124017,False,
3584,0.0,0,0.0,250016.53407274958,optimal,0.07576500000141095,False,
3585,0.0,0,0.0,250016.53407274958,optimal,0.07532489999721292,False,
3586,0.0,0,0.0,250016.53407274958,optimal,0.16300119999505114,False,
3587,0.0,0,0.0,250016.53407274958,optimal,0.06338189999223687,False,
3588,0.0,0,0.0,250016.53407274958,optimal,0.07265089999418706,False,
3589,0.0,0,0.0,250016.53407274958,optimal,0.07250920000660699,False,
3590,0.0,0,0.0,250016.53407274958,optimal,0.0654682999884244,False,
3591,0.0,0,0.0,250016.53407274958,optimal,0.06223590001172852,False,
3592,0.0,0,0.0,250016.53407274958,optimal,0.06465570000000298,False,
3593,0.0,0,0.0,250016.53407274958,optimal,0.1491651000105776,False,
3594,0.0,0,0.0,250016.53407274958,optimal,0.0613794999953825,False,
3595,0.0,0,0.0,250016.53407274958,optimal,0.07740859998739325,False,
3596,0.0,0,0.0,250016.53407274958,optimal,0.0763409000064712,False,
3597,0.0,0,0.0,250016.53407274958,optimal,0.12709999999788124,False,
3598,0.0,0,0.0,250016.53407274958,optimal,0.07885170000372455,False,
3599,0.0,0,0.0,250016.53407274958,optimal,0.08448099999804981,False,
3600,0.0,0,0.0,250016.53407274958,optimal,0.08043529999849852,False,
3601,0.0,0,0.0,250016.53407274958,optimal,0.07870919999550097,False,
3602,0.0,0,0.0,250016.53407274958,optimal,0.073275000002468,False,
3603,0.0,0,0.0,250016.53407274958,optimal,0.07906109999748878,False,
3604,0.0,0,0.0,250016.53407274958,optimal,0.07695889999740757,False,
3605,0.0,0,0.0,250016.53407274958,optimal,0.08829559999867342,False,
3606,0.0,0,0.0,250016.53407274958,optimal,0.07390019999002106,False,
3607,0.0,0,0.0,250016.53407274958,optimal,0.07440070000302512,False,
3608,0.0,0,0.0,250016.53407274958,optimal,0.07058810000307858,False,
3609,0.0,0,0.0,250016.53407274958,optimal,0.14873659999284428,False,
3610,0.0,0,0.0,250016.53407274958,optimal,0.15799769999284763,False,
3611,0.0,0,0.0,250016.53407274958,optimal,0.07448139999178238,False,
3612,0.0,0,0.0,250016.53407274958,optimal,0.08237139999982901,False,
3613,0.0,0,0.0,250016.53407274958,optimal,0.07719069998711348,False,
3614,0.0,0,0.0,263329.60082418635,optimal,0.07416219999140594,False,
3615,0.0,0,0.0,268400.6647018399,optimal,0.1552223999897251,False,
3616,0.0,0,0.0,250016.53407274958,optimal,0.08706170000368729,False,
3617,0.0,0,0.0,250016.53407274958,optimal,0.07129749999148771,False,
3618,0.0,0,0.0,250016.53407274958,optimal,0.07994270000199322,False,
3619,0.0,0,0.0,250016.53407274958,optimal,0.07684710000467021,False,
3620,0.0,0,0.0,250016.53407274958,optimal,0.0778895000112243,False,
3621,0.0,0,0.0,267469.6827522251,optimal,0.07349009999597911,False,
3622,0.0,0,0.0,277596.8345693277,optimal,0.19667710000067018,False,
3623,0.0,0,0.0,294602.8511488808,optimal,0.07133450001128949,False,
3624,0.0,0,0.0,308490.71713603067,optimal,0.06949510000413284,False,
3625,0.0,0,0.0,318501.8911120254,optimal,0.22111659999063704,False,
3626,0.0,0,0.0,314153.2653404412,optimal,0.10110010000062175,False,
3627,0.0,0,0.0,307225.6864986116,optimal,0.10177340000518598,False,
3628,0.0,0,0.0,305851.9815621332,optimal,0.17845289999968372,False,
3629,0.0,0,0.0,315334.0945358846,optimal,0.07790780000505038,False,
3630,0.0,0,0.0,324516.04148666444,optimal,0.09241990000009537,False,
3631,0.0,0,0.0,335123.3731986681,optimal,0.08545759999833535,False,
3632,0.0,0,0.0,338150.99563234084,optimal,0.08530320000136271,False,
3633,0.0,0,0.0,334200.4346108404,optimal,0.07129630001145415,False,
3634,0.0,0,0.0,332864.1524485125,optimal,0.08600029999797698,False,
3635,0.0,0,0.0,324550.8008871612,optimal,0.0749781000049552,False,
3636,0.0,0,0.0,315658.79774895305,optimal,0.08060030000342522,False,
3637,0.0,0,0.0,304108.6194395546,optimal,0.14605290000326931,False,
3638,0.0,0,0.0,286837.86890035466,optimal,0.06707770000502933,False,
3639,0.0,0,0.0,263410.753624402,optimal,0.06748160001006909,False,
3640,0.0,0,0.0,256294.36179599533,optimal,0.07109620000119321,False,
3641,0.0,0,0.0,250093.37920795698,optimal,0.08394840000255499,False,
3642,0.0,0,0.0,250016.53407274958,optimal,0.07548460000543855,False,
3643,0.0,0,0.0,252574.32291582215,optimal,0.07890120000229217,False,
3644,0.0,0,0.0,256155.94165315537,optimal,0.08309690000896808,False,
3645,0.0,0,0.0,250016.53407274958,optimal,0.16696950000186916,False,
3646,0.0,0,0.0,251015.87708930083,optimal,0.07060430001001805,False,
3647,0.0,0,0.0,252881.9766553813,optimal,0.0749089000019012,False,
3648,0.0,0,0.0,258372.33440764374,optimal,0.08719820000987966,False,
3649,0.0,0,0.0,264853.9026245863,optimal,0.09432589999050833,False,
3650,0.0,0,0.0,279895.2654257653,optimal,0.08353369998803828,False,
3651,0.0,0,0.0,295468.9275813386,optimal,0.07913959999859799,False,
3652,0.0,0,0.0,309322.24395565904,optimal,0.05636969998886343,False,
3653,0.0,0,0.0,326640.0659780692,optimal,0.07741539999551605,False,
3654,0.0,0,0.0,344057.72567295085,optimal,0.14155800000298768,False,
3655,0.0,0,0.0,352398.11642228905,optimal,0.08058209999580868,False,
3656,0.0,0,0.0,351087.57946191845,optimal,0.1012332999962382,False,
3657,0.0,0,0.0,327964.62347967725,optimal,0.0773304000031203,False,
3658,0.0,0,0.0,293855.78102660796,optimal,0.08503940000082366,False,
3659,0.0,0,0.0,271861.98143200984,optimal,0.08768339999369346,False,
3660,0.0,0,0.0,250016.53407274958,optimal,0.0874818000011146,False,
3661,0.0,0,0.0,250016.53407274958,optimal,0.08351220001350157,False,
3662,0.0,0,0.0,250016.53407274958,optimal,0.13880159999825992,False,
3663,0.0,0,0.0,250016.53407274958,optimal,0.16711630001373123,False,
3664,0.0,0,0.0,250016.53407274958,optimal,0.15501290000975132,False,
3665,0.0,0,0.0,250016.53407274958,optimal,0.08136919999378733,False,
3666,0.0,0,0.0,250016.53407274958,optimal,0.0897116999985883,False,
3667,0.0,0,0.0,250016.53407274958,optimal,0.07392959999560844,False,
3668,0.0,0,0.0,250016.53407274958,optimal,0.1745694999990519,False,
3669,0.0,0,0.0,250016.53407274958,optimal,0.09137169999303296,False,
3670,0.0,0,0.0,250016.53407274958,optimal,0.09467790000780951,False,
3671,0.0,0,0.0,257063.31325884617,optimal,0.08661009999923408,False,
3672,0.0,0,0.0,254004.57235304147,optimal,0.08684200000425335,False,
3673,0.0,0,0.0,274620.5052631314,optimal,0.08427380000648554,False,
3674,0.0,0,0.0,294624.9614509744,optimal,0.17183849999855738,False,
3675,0.0,0,0.0,310622.7892274704,optimal,0.07551009999588132,False,
3676,0.0,0,0.0,312320.05600078165,optimal,0.07765140000265092,False,
3677,0.0,0,0.0,313727.4713280889,optimal,0.07108429999789223,False,
3678,0.0,0,0.0,315142.6031734387,optimal,0.1723144000134198,False,
3679,0.0,0,0.0,320276.05066124245,optimal,0.15797839999140706,False,
3680,0.0,0,0.0,321442.8612537386,optimal,0.07756760000484064,False,
3681,0.0,0,0.0,308789.69611193374,optimal,0.08092900000337977,False,
3682,0.0,0,0.0,289670.9735697573,optimal,0.08660629999940284,False,
3683,0.0,0,0.0,271172.61391374766,optimal,0.09689880000951234,False,
3684,0.0,0,0.0,256347.03337454822,optimal,0.07831949999672361,False,
3685,0.0,0,0.0,250016.53407274958,optimal,0.0815988000103971,False,
3686,0.0,0,0.0,250016.53407274958,optimal,0.15643259999342263,False,
3687,0.0,0,0.0,250016.53407274958,optimal,0.0789604000019608,False,
3688,0.0,0,0.0,250016.53407274958,optimal,0.08583150000777096,False,
3689,0.0,0,0.0,250016.53407274958,optimal,0.07264119999308605,False,
3690,0.0,0,0.0,250016.53407274958,optimal,0.08288969998829998,False,
3691,0.0,0,0.0,250016.53407274958,optimal,0.06899739999789745,False,
3692,0.0,0,0.0,250016.53407274958,optimal,0.07323020001058467,False,
3693,0.0,0,0.0,250016.53407274958,optimal,0.07765580000705086,False,
3694,0.0,0,0.0,250016.53407274958,optimal,0.07112629999755882,False,
3695,0.0,0,0.0,250016.53407274958,optimal,0.07816869999805931,False,
3696,0.0,0,0.0,250016.53407274958,optimal,0.0827936999994563,False,
3697,0.0,0,0.0,250016.53407274958,optimal,0.08405849999689963,False,
3698,0.0,0,0.0,250016.53407274958,optimal,0.07877290000033099,False,
3699,0.0,0,0.0,250016.53407274958,optimal,0.07877320000261534,False,
3700,0.0,0,0.0,250016.53407274958,optimal,0.07178589999966789,False,
3701,0.0,0,0.0,250016.53407274958,optimal,0.06715360000089277,False,
3702,0.0,0,0.0,250016.53407274958,optimal,0.08180960000026971,False,
3703,0.0,0,0.0,250016.53407274958,optimal,0.07096559999627061,False,
3704,0.0,0,0.0,250016.53407274958,optimal,0.06830330000957474,False,
3705,0.0,0,0.0,250016.53407274958,optimal,0.14079439999477472,False,
3706,0.0,0,0.0,250016.53407274958,optimal,0.06966409999586176,False,
3707,0.0,0,0.0,275352.47673697636,optimal,0.07451099999889266,False,
3708,0.0,0,0.0,302980.48252326495,optimal,0.08479230001103133,False,
3709,0.0,0,0.0,326765.9858617058,optimal,0.0756900999986101,False,
3710,0.0,0,0.0,342626.1400335431,optimal,0.07447150000371039,False,
3711,0.0,0,0.0,384761.2526072189,optimal,0.08151649999490473,False,
3712,0.0,0,0.0,364089.0492563577,optimal,0.07956369999737944,False,
3713,0.0,0,0.0,355114.0387380607,optimal,0.07736429999931715,False,
3714,0.0,0,0.0,335486.4690350066,optimal,0.07867580000311136,False,
3715,0.0,0,0.0,335400.55024277733,optimal,0.07570010000199545,False,
3716,0.0,0,0.0,339141.8899160541,optimal,0.08273270000063349,False,
3717,0.0,0,0.0,348513.3857648022,optimal,0.07545479999680538,False,
3718,0.0,0,0.0,345068.3465170972,optimal,0.15703610000491608,False,
3719,0.0,0,0.0,360086.6775251549,optimal,0.07182270000339486,False,
3720,0.0,0,0.0,397841.97178976843,optimal,0.07712640000681859,False,
3721,0.0,0,0.0,408799.7116038896,optimal,0.15246150000893977,False,
3722,0.0,0,0.0,420096.1548739801,optimal,0.07214720000047237,False,
3723,0.0,0,0.0,437389.54460424994,optimal,0.07467149999865796,False,
3724,0.0,0,0.0,444869.632677773,optimal,0.08039360000111628,False,
3725,0.0,0,0.0,453939.1903757143,optimal,0.06404029999976046,False,
3726,0.0,0,0.0,458660.35408539744,optimal,0.06988989999808837,False,
3727,0.0,0,0.0,458196.4621586448,optimal,0.07596590000321157,False,
3728,0.0,0,0.0,450533.57266624033,optimal,0.09792990000278223,False,
3729,0.0,0,0.0,450004.33152902266,optimal,0.07399509999959264,False,
3730,0.0,0,0.0,459106.49925224634,optimal,0.08368219999829307,False,
3731,0.0,0,0.0,460995.5731922302,optimal,0.07563929999014363,False,
3732,0.0,0,0.0,460054.9720651401,optimal,0.08497549999447074,False,
3733,0.0,0,0.0,463440.4383320889,optimal,0.1605359000095632,False,
3734,0.0,0,0.0,459994.3094136176,optimal,0.09296789999643806,False,
3735,0.0,0,0.0,477659.28765996476,optimal,0.1603224999998929,False,
3736,0.0,0,0.0,495498.72143885895,optimal,0.07899740000721067,False,
3737,0.0,0,0.0,513797.97416246484,optimal,0.1623978999996325,False,
3738,0.0,0,0.0,522122.8268144642,optimal,0.10049179999623448,False,
3739,0.0,0,0.0,541153.1837913741,optimal,0.07989459999953397,False,
3740,0.0,0,0.0,569020.9063951888,optimal,0.1619931000022916,False,
3741,0.0,0,0.0,588702.2638663733,optimal,0.07398809998994693,False,
3742,0.0,0,0.0,610135.2819040784,optimal,0.09239049999450799,False,
3743,0.0,0,0.0,630555.8609961483,optimal,0.06782960001146421,False,
3744,0.0,0,0.0,650069.474074527,optimal,0.08116879999579396,False,
3745,0.0,0,0.0,671124.1808894937,optimal,0.08375589999195654,False,
3746,0.0,0,0.0,693601.3950997731,optimal,0.0654800000047544,False,
3747,0.0,0,0.0,711452.8822623019,optimal,0.13377949999994598,False,
3748,0.0,0,0.0,728595.9422623017,optimal,0.05636220000451431,False,
3749,0.0,0,0.0,745930.7976353017,optimal,0.061579899993375875,False,
3750,0.0,0,0.0,768915.6454769492,optimal,0.0685343999939505,False,
3751,0.0,0,0.0,788551.6224395563,optimal,0.06917620000604074,False,
3752,0.0,0,0.0,778430.443746151,optimal,0.07833829999435693,False,
3753,0.0,0,0.0,747043.1379973826,optimal,0.15962580000632443,False,
3754,0.0,0,0.0,699678.575980886,optimal,0.09235120000084862,False,
3755,0.0,0,0.0,649535.062298768,optimal,0.1600880999903893,False,
3756,0.0,0,0.0,598997.7369384903,optimal,0.07766540000739042,False,
3757,0.0,0,0.0,547913.5854380816,optimal,0.07636550000461284,False,
3758,0.0,0,0.0,496447.71284029045,optimal,0.0777756000024965,False,
3759,0.0,0,0.0,480224.581445421,optimal,0.08617899999080691,False,
3760,0.0,0,0.0,464454.36635361955,optimal,0.07169289999001194,False,
3761,0.0,0,0.0,460616.80314401945,optimal,0.06957659999898169,False,
3762,0.0,0,0.0,456461.6457657631,optimal,0.06812219999847002,False,
3763,0.0,0,0.0,445219.3998640194,optimal,0.06904800000484101,False,
3764,0.0,0,0.0,440311.1815157465,optimal,0.07743179998942651,False,
3765,0.0,0,0.0,430767.5565447834,optimal,0.0685801000072388,False,
3766,0.0,0,0.0,434583.0835768187,optimal,0.15971490000083577,False,
3767,0.0,0,0.0,418095.48385405616,optimal,0.07384630000160541,False,
3768,0.0,0,0.0,416365.75175388064,optimal,0.08357309999701101,False,
3769,0.0,0,0.0,417223.78297397913,optimal,0.07353130000410601,False,
3770,0.0,0,0.0,422532.22997105145,optimal,0.08430699999735225,False,
3771,0.0,0,0.0,427443.6895191179,optimal,0.08503740000014659,False,
3772,0.0,0,0.0,446262.98550239153,optimal,0.1721969999925932,False,
3773,0.0,0,0.0,489952.4867546603,optimal,0.08121669999673031,False,
3774,0.0,0,0.0,517401.2175485662,optimal,0.07802580000134185,False,
3775,0.0,0,0.0,543098.6812324182,optimal,0.07694579999952111,False,
3776,0.0,0,0.0,533988.2019960037,optimal,0.07992240000749007,False,
3777,0.0,0,0.0,499771.19493235217,optimal,0.08101320000423584,False,
3778,0.0,0,0.0,440789.4187988522,optimal,0.1495755000069039,False,
3779,0.0,0,0.0,408846.1337804681,optimal,0.07827990000077989,False,
3780,0.0,0,0.0,364698.96310638514,optimal,0.0757197999919299,False,
3781,0.0,0,0.0,327729.77493701834,optimal,0.07927090000885073,False,
3782,0.0,0,0.0,291144.2595508919,optimal,0.08149070000217762,False,
3783,0.0,0,0.0,250016.53407274958,optimal,0.07280730000638869,False,
3784,0.0,0,0.0,250016.53407274958,optimal,0.0716814999905182,False,
3785,0.0,0,0.0,250016.53407274958,optimal,0.08275879999564495,False,
3786,0.0,0,0.0,250016.53407274958,optimal,0.07979939998767804,False,
3787,0.0,0,0.0,250016.53407274958,optimal,0.07758979999925941,False,
3788,0.0,0,0.0,250016.53407274958,optimal,0.1780637000047136,False,
3789,0.0,0,0.0,250016.53407274958,optimal,0.11751009999716189,False,
3790,0.0,0,0.0,250016.53407274958,optimal,0.11704470000404399,False,
3791,0.0,0,0.0,250016.53407274958,optimal,0.10289410001132637,False,
3792,0.0,0,0.0,250016.53407274958,optimal,0.09176550000847783,False,
3793,0.0,0,0.0,250016.53407274958,optimal,0.08349140000063926,False,
3794,0.0,0,0.0,250016.53407274958,optimal,0.09327650000341237,False,
3795,0.0,0,0.0,250016.53407274958,optimal,0.08024470000236761,False,
3796,0.0,0,0.0,250016.53407274958,optimal,0.07548539999697823,False,
3797,0.0,0,0.0,250016.53407274958,optimal,0.07495229999767616,False,
3798,0.0,0,0.0,250016.53407274958,optimal,0.06269690000044648,False,
3799,0.0,0,0.0,250016.53407274958,optimal,0.06122289999620989,False,
3800,0.0,0,0.0,250016.53407274958,optimal,0.12388889999419916,False,
3801,0.0,0,0.0,250016.53407274958,optimal,0.06785500000114553,False,
3802,0.0,0,0.0,250016.53407274958,optimal,0.08073450000665616,False,
3803,0.0,0,0.0,250016.53407274958,optimal,0.07058770000003278,False,
3804,0.0,0,0.0,250016.53407274958,optimal,0.13798179999866989,False,
3805,0.0,0,0.0,250016.53407274958,optimal,0.07445530001132283,False,
3806,0.0,0,0.0,250016.53407274958,optimal,0.07471059999079444,False,
3807,0.0,0,0.0,250016.53407274958,optimal,0.06999700001324527,False,
3808,0.0,0,0.0,253565.73361089904,optimal,0.18778439999732655,False,
3809,0.0,0,0.0,264827.700400702,optimal,0.07867950000218116,False,
3810,0.0,0,0.0,272184.26691875065,optimal,0.07349549999344163,False,
3811,0.0,0,0.0,294413.07342157385,optimal,0.08748270000796765,False,
3812,0.0,0,0.0,318476.1906726381,optimal,0.08433250000234693,False,
3813,0.0,0,0.0,327176.4624637543,optimal,0.07579570000234526,False,
3814,0.0,0,0.0,333699.73915901815,optimal,0.07649019999371376,False,
3815,0.0,0,0.0,351556.38514290407,optimal,0.14651049999520183,False,
3816,0.0,0,0.0,371129.9160256075,optimal,0.06297339999582618,False,
3817,0.0,0,0.0,408497.1232324433,optimal,0.074707000007038,False,
3818,0.0,0,0.0,435090.39429800346,optimal,0.06867480000073556,False,
3819,0.0,0,0.0,445794.6859419696,optimal,0.06912210000155028,False,
3820,0.0,0,0.0,467881.53785634285,optimal,0.08095469999534544,False,
3821,0.0,0,0.0,481490.1428775741,optimal,0.06873539999651257,False,
3822,0.0,0,0.0,485918.8810674068,optimal,0.0716629000089597,False,
3823,0.0,0,0.0,490002.9424060929,optimal,0.06439549999777228,False,
3824,0.0,0,0.0,484171.53827931214,optimal,0.08347660000436008,False,
3825,0.0,0,0.0,523154.2759180359,optimal,0.1335821999964537,False,
3826,0.0,0,0.0,530564.3321224143,optimal,0.08082000000285916,False,
3827,0.0,0,0.0,527272.7571224138,optimal,0.057112000009510666,False,
3828,0.0,0,0.0,524249.88212241326,optimal,0.07708620000630617,False,
3829,0.0,0,0.0,538593.9932396316,optimal,0.06919939999352209,False,
3830,0.0,0,0.0,558714.319773382,optimal,0.06356939999386668,False,
3831,0.0,0,0.0,586891.6386466317,optimal,0.07107700000051409,False,
3832,0.0,0,0.0,604870.9346216833,optimal,0.06653290000394918,False,
3833,0.0,0,0.0,550264.8054405607,optimal,0.06123579999257345,False,
3834,0.0,0,0.0,565871.6997355508,optimal,0.0646301999950083,False,
3835,0.0,0,0.0,577832.1869731994,optimal,0.14173679999657907,False,
3836,0.0,0,0.0,587770.4319561681,optimal,0.0639528000028804,False,
3837,0.0,0,0.0,614118.998503007,optimal,0.08148300000175368,False,
3838,0.0,0,0.0,619032.012740942,optimal,0.06777509998937603,False,
3839,0.0,0,0.0,626069.7080564862,optimal,0.07965299999341369,False,
3840,0.0,0,0.0,660705.049834989,optimal,0.07246250000025611,False,
3841,0.0,0,0.0,718348.7651513227,optimal,0.06056430000171531,False,
3842,0.0,0,0.0,737726.5556988505,optimal,0.06913690001238137,False,
3843,0.0,0,0.0,772016.5131567167,optimal,0.06850649999978486,False,
3844,0.0,0,0.0,802004.4324076991,optimal,0.0689620999910403,False,
3845,0.0,0,0.0,838635.2531264202,optimal,0.05699510000704322,False,
3846,0.0,0,0.0,879964.9816697479,optimal,0.06674779999593738,False,
3847,0.0,0,0.0,893454.3958076852,optimal,0.06368059999658726,False,
3848,0.0,0,0.0,873493.7863203696,optimal,0.07428059999074321,False,
3849,0.0,0,0.0,847162.6751255376,optimal,0.08073980000335723,False,
3850,0.0,0,0.0,833600.5490860763,optimal,0.07538979999662843,False,
3851,0.0,0,0.0,817286.5397891827,optimal,0.07463820000702981,False,
3852,0.0,0,0.0,803572.4573820942,optimal,0.07936580000387039,False,
3853,0.0,0,0.0,793762.4479433054,optimal,0.08447030000388622,False,
3854,0.0,0,0.0,783479.2306331808,optimal,0.08630530000664294,False,
3855,0.0,0,0.0,752135.5802564529,optimal,0.07787049999751616,False,
3856,0.0,0,0.0,728422.1877053032,optimal,0.1641063999995822,False,
3857,0.0,0,0.0,725310.3578252734,optimal,0.07452280000143219,False,
3858,0.0,0,0.0,720962.9764286217,optimal,0.08281359999091364,False,
3859,0.0,0,0.0,698704.9055160846,optimal,0.09140939998906106,False,
3860,0.0,0,0.0,667139.9900427473,optimal,0.07213660000707023,False,
3861,0.0,0,0.0,643881.9797375879,optimal,0.06795739999506623,False,
3862,0.0,0,0.0,619539.4764415504,optimal,0.08085559999744873,False,
3863,0.0,0,0.0,602879.3340373955,optimal,0.0741721999947913,False,
3864,0.0,0,0.0,599128.0782651711,optimal,0.07078710000496358,False,
3865,0.0,0,0.0,585538.2286436083,optimal,0.09266480000223964,False,
3866,0.0,0,0.0,610223.5023800023,optimal,0.14005090000864584,False,
3867,0.0,0,0.0,659263.7155320036,optimal,0.07674170000245795,False,
3868,0.0,0,0.0,677687.7377012111,optimal,0.07768930000020191,False,
3869,0.0,0,0.0,698627.5944924819,optimal,0.05868779998854734,False,
3870,0.0,0,0.0,723070.8830151252,optimal,0.055738499999279156,False,
3871,0.0,0,0.0,743425.4748282774,optimal,0.057011600001715124,False,
3872,0.0,0,0.0,734075.6271456558,optimal,0.0750281999935396,False,
3873,0.0,0,0.0,693655.8537078962,optimal,0.06676879999577068,False,
3874,0.0,0,0.0,692482.415570786,optimal,0.06925840000621974,False,
3875,0.0,0,0.0,689244.457883979,optimal,0.08082829999329988,False,
3876,0.0,0,0.0,677303.5187457561,optimal,0.07485749998886604,False,
3877,0.0,0,0.0,657606.1679090542,optimal,0.06652279999980237,False,
3878,0.0,0,0.0,633703.9499016419,optimal,0.08459939999738708,False,
3879,0.0,0,0.0,654928.9929312718,optimal,0.06074179999995977,False,
3880,0.0,0,0.0,656629.0170999275,optimal,0.06687330000568181,False,
3881,0.0,0,0.0,644213.8782323339,optimal,0.07809360000828747,False,
3882,0.0,0,0.0,668635.7438325924,optimal,0.09034059999976307,False,
3883,0.0,0,0.0,692272.2440661119,optimal,0.05229150000377558,False,
3884,0.0,0,0.0,723972.7002461164,optimal,0.08631249998870771,False,
3885,0.0,0,0.0,733547.6286279598,optimal,0.17511380001087673,False,
3886,0.0,0,0.0,741095.9039223206,optimal,0.07904290000442415,False,
3887,0.0,0,0.0,765387.0041060062,optimal,0.14744210000208113,False,
3888,0.0,0,0.0,767618.3689158682,optimal,0.07289579999633133,False,
3889,0.0,0,0.0,776805.0611981401,optimal,0.07254829999874346,False,
3890,0.0,0,0.0,795735.9098869401,optimal,0.08027610000863206,False,
3891,0.0,0,0.0,819553.8585769779,optimal,0.07630200000130571,False,
3892,0.0,0,0.0,884610.3229422788,optimal,0.13790529999823775,False,
3893,0.0,0,0.0,907863.1248550563,optimal,0.08429900000919588,False,
3894,0.0,0,0.0,922550.4810842681,optimal,0.07116130000213161,False,
3895,0.0,0,0.0,939798.8559592483,optimal,0.07107050000922754,False,
3896,0.0,0,0.0,992520.6266440771,optimal,0.07646850000310224,False,
3897,0.0,0,0.0,1018583.931541559,optimal,0.07902350000222214,False,
3898,0.0,0,0.0,1031175.9631430857,optimal,0.1377624000015203,False,
3899,0.0,0,0.0,1045217.0952660345,optimal,0.07186480000382289,False,
3900,0.0,0,0.0,1032888.7374636094,optimal,0.06313860000227578,False,
3901,0.0,0,0.0,1016025.7151784244,optimal,0.08340039999166038,False,
3902,0.0,0,0.0,985278.1963363742,optimal,0.07583979998889845,False,
3903,0.0,0,0.0,946937.9199883748,optimal,0.1826569999975618,False,
3904,0.0,0,0.0,908194.5936403753,optimal,0.06717929999285843,False,
3905,0.0,0,0.0,878504.9686943755,optimal,0.064558300000499,False,
3906,0.0,0,0.0,852462.7514059743,optimal,0.08108570000331383,False,
3907,0.0,0,0.0,864602.9731058072,optimal,0.08708909999404568,False,
3908,0.0,0,0.0,883887.6800286674,optimal,0.08869920000142884,False,
3909,0.0,0,0.0,897915.1671368281,optimal,0.07864730000437703,False,
3910,0.0,0,0.0,909619.9552905016,optimal,0.07660660000692587,False,
3911,0.0,0,0.0,920195.1268345343,optimal,0.09373329998925328,False,
3912,0.0,0,0.0,922081.0919732238,optimal,0.1464164999924833,False,
3913,0.0,0,0.0,938956.869888976,optimal,0.07900640000298154,False,
3914,0.0,0,0.0,946910.2399230775,optimal,0.08160289999796078,False,
3915,0.0,0,0.0,943239.7261284867,optimal,0.08862149999185931,False,
3916,0.0,0,0.0,946431.1950582138,optimal,0.08053950000612531,False,
3917,0.0,0,0.0,959228.9059024028,optimal,0.07195739999588113,False,
3918,0.0,0,0.0,955439.5638899859,optimal,0.14124500000616536,False,
3919,0.0,0,0.0,975934.2284577228,optimal,0.08598790000542067,False,
3920,0.0,0,0.0,970915.1808371244,optimal,0.07857220000005327,False,
3921,0.0,0,0.0,937709.5952971003,optimal,0.07968310000433121,False,
3922,0.0,0,0.0,882415.2837162628,optimal,0.06607709999661893,False,
3923,0.0,0,0.0,813046.4722389529,optimal,0.07556850000401028,False,
3924,0.0,0,0.0,742340.0297298181,optimal,0.06828229999518953,False,
3925,0.0,0,0.0,671115.7621297708,optimal,0.0812895999988541,False,
3926,0.0,0,0.0,604700.9367004337,optimal,0.06251009998959489,False,
3927,0.0,0,0.0,532439.5765820537,optimal,0.07522250000329223,False,
3928,0.0,0,0.0,458808.9577827044,optimal,0.07116260001203045,False,
3929,0.0,0,0.0,402385.14032804745,optimal,0.06739050000032876,False,
3930,0.0,0,0.0,353502.0731335062,optimal,0.06340759999875445,False,
3931,0.0,0,0.0,337571.930325579,optimal,0.07372060000489,False,
3932,0.0,0,0.0,330428.868859216,optimal,0.07543599999917205,False,
3933,0.0,0,0.0,330080.8872706102,optimal,0.06751929999154527,False,
3934,0.0,0,0.0,335449.75070373446,optimal,0.07678299999679439,False,
3935,0.0,0,0.0,333689.27816836385,optimal,0.06546890000754502,False,
3936,0.0,0,0.0,332547.95452250604,optimal,0.07666810000955593,False,
3937,0.0,0,0.0,330940.028138403,optimal,0.19471559999510646,False,
3938,0.0,0,0.0,308701.139495591,optimal,0.20860949999769218,False,
3939,0.0,0,0.0,295260.87424449174,optimal,0.07137550000334159,False,
3940,0.0,0,0.0,286990.5315046384,optimal,0.07680189999518916,False,
3941,0.0,0,0.0,279188.69343373424,optimal,0.08573159998923074,False,
3942,0.0,0,0.0,264796.4670473589,optimal,0.10465190000832081,False,
3943,0.0,0,0.0,252291.4826804089,optimal,0.09512479999102652,False,
3944,0.0,0,0.0,250016.53407274958,optimal,0.19150110000919085,False,
3945,0.0,0,0.0,250016.53407274958,optimal,0.09330409999529365,False,
3946,0.0,0,0.0,250016.53407274958,optimal,0.16930830001365393,False,
3947,0.0,0,0.0,250016.53407274958,optimal,0.07613430000492372,False,
3948,0.0,0,0.0,250016.53407274958,optimal,0.05847560000256635,False,
3949,0.0,0,0.0,250016.53407274958,optimal,0.07182490000559483,False,
3950,0.0,0,0.0,250016.53407274958,optimal,0.1544757999945432,False,
3951,0.0,0,0.0,250016.53407274958,optimal,0.07872360000328626,False,
3952,0.0,0,0.0,250016.53407274958,optimal,0.06397580000339076,False,
3953,0.0,0,0.0,250016.53407274958,optimal,0.06802279999828897,False,
3954,0.0,0,0.0,250016.53407274958,optimal,0.0853936000057729,False,
3955,0.0,0,0.0,250016.53407274958,optimal,0.07702480000443757,False,
3956,0.0,0,0.0,250016.53407274958,optimal,0.08074249999481253,False,
3957,0.0,0,0.0,250016.53407274958,optimal,0.07664980000117794,False,
3958,0.0,0,0.0,250016.53407274958,optimal,0.08061400000588037,False,
3959,0.0,0,0.0,250016.53407274958,optimal,0.07793569999921601,False,
3960,0.0,0,0.0,250016.53407274958,optimal,0.07850780000444502,False,
3961,0.0,0,0.0,250016.53407274958,optimal,0.07748609999543987,False,
3962,0.0,0,0.0,250016.53407274958,optimal,0.08618489999207668,False,
3963,0.0,0,0.0,250016.53407274958,optimal,0.0869688000093447,False,
3964,0.0,0,0.0,250016.53407274958,optimal,0.1502619999955641,False,
3965,0.0,0,0.0,250016.53407274958,optimal,0.09165829999255948,False,
3966,0.0,0,0.0,250016.53407274958,optimal,0.08827950000704732,False,
3967,0.0,0,0.0,250016.53407274958,optimal,0.08650099999795202,False,
3968,0.0,0,0.0,250016.53407274958,optimal,0.08844420000968967,False,
3969,0.0,0,0.0,250016.53407274958,optimal,0.08191169999190606,False,
3970,0.0,0,0.0,250016.53407274958,optimal,0.07989680000173394,False,
3971,0.0,0,0.0,250016.53407274958,optimal,0.07952290000685025,False,
3972,0.0,0,0.0,250016.53407274958,optimal,0.08603190000576433,False,
3973,0.0,0,0.0,250016.53407274958,optimal,0.0838134999939939,False,
3974,0.0,0,0.0,250016.53407274958,optimal,0.08479619999707211,False,
3975,0.0,0,0.0,250016.53407274958,optimal,0.08420610000030138,False,
3976,0.0,0,0.0,250016.53407274958,optimal,0.07048970001051202,False,
3977,0.0,0,0.0,250016.53407274958,optimal,0.06997440000122879,False,
3978,0.0,0,0.0,250016.53407274958,optimal,0.07419050000316929,False,
3979,0.0,0,0.0,250016.53407274958,optimal,0.0777652999968268,False,
3980,0.0,0,0.0,250016.53407274958,optimal,0.13665419998869766,False,
3981,0.0,0,0.0,250016.53407274958,optimal,0.0910342999995919,False,
3982,0.0,0,0.0,250016.53407274958,optimal,0.07132129999808967,False,
3983,0.0,0,0.0,250016.53407274958,optimal,0.0700038999930257,False,
3984,0.0,0,0.0,250016.53407274958,optimal,0.06651430000783876,False,
3985,0.0,0,0.0,250016.53407274958,optimal,0.06862199999159202,False,
3986,0.0,0,0.0,268514.56502344453,optimal,0.07806960000016261,False,
3987,0.0,0,0.0,304072.9875897719,optimal,0.08205450000241399,False,
3988,0.0,0,0.0,331884.342918021,optimal,0.08130520000122488,False,
3989,0.0,0,0.0,393317.3723589424,optimal,0.08236730001226533,False,
3990,0.0,0,0.0,469757.80547841964,optimal,0.08533539999916684,False,
3991,0.0,0,0.0,539695.1089838572,optimal,0.08113819999562111,False,
3992,0.0,0,0.0,574665.5919367288,optimal,0.0702976999891689,False,
3993,0.0,0,0.0,592523.6074308737,optimal,0.08047530001203995,False,
3994,0.0,0,0.0,577411.4341089654,optimal,0.15069100000255276,False,
3995,0.0,0,0.0,568317.6613249568,optimal,0.07626519999757875,False,
3996,0.0,0,0.0,573229.2263900989,optimal,0.1606415999995079,False,
3997,0.0,0,0.0,568849.0741885577,optimal,0.06884039999567904,False,
3998,0.0,0,0.0,532406.1867324044,optimal,0.08607049999409355,False,
3999,0.0,0,0.0,516830.4431469706,optimal,0.09710879999329336,False,
4000,0.0,0,0.0,508132.8125874574,optimal,0.16358140000374988,False,
4001,0.0,0,0.0,488588.9887724579,optimal,0.07987030000367668,False,
4002,0.0,0,0.0,469959.81558536657,optimal,0.0725667000078829,False,
4003,0.0,0,0.0,465703.405138331,optimal,0.0727519000065513,False,
4004,0.0,0,0.0,469831.8204838154,optimal,0.06916199999977835,False,
4005,0.0,0,0.0,480174.73339101777,optimal,0.06581790000200272,False,
4006,0.0,0,0.0,495965.74099676963,optimal,0.13880040000367444,False,
4007,0.0,0,0.0,524823.7347294741,optimal,0.07704220000596251,False,
4008,0.0,0,0.0,549682.0006385483,optimal,0.09587180000380613,False,
4009,0.0,0,0.0,578360.7886053082,optimal,0.07311300000583287,False,
4010,0.0,0,0.0,610966.7246890723,optimal,0.07182370001100935,False,
4011,0.0,0,0.0,634998.5383526026,optimal,0.07253289999789558,False,
4012,0.0,0,0.0,670914.7950308073,optimal,0.18229869999049697,False,
4013,0.0,0,0.0,669864.5391026078,optimal,0.19426150000072084,False,
4014,0.0,0,0.0,667350.6364022293,optimal,0.09211759999743663,False,
4015,0.0,0,0.0,653396.3127634509,optimal,0.09416700000292622,False,
4016,0.0,0,0.0,624136.7053206349,optimal,0.08475130000442732,False,
4017,0.0,0,0.0,588488.9353148099,optimal,0.08563040000444744,False,
4018,0.0,0,0.0,536266.7880085157,optimal,0.15472079999744892,False,
4019,0.0,0,0.0,451822.1488783476,optimal,0.08211580000352114,False,
4020,0.0,0,0.0,403981.4133543854,optimal,0.08303589999559335,False,
4021,0.0,0,0.0,361111.31662440277,optimal,0.08055050000257324,False,
4022,0.0,0,0.0,320006.37010707054,optimal,0.0765708000108134,False,
4023,0.0,0,0.0,292256.9880923959,optimal,0.07655019999947399,False,
4024,0.0,0,0.0,276509.6698195588,optimal,0.07272179999563377,False,
4025,0.0,0,0.0,259337.1549511358,optimal,0.1558870000008028,False,
4026,0.0,0,0.0,255724.9664250215,optimal,0.07567780000681523,False,
4027,0.0,0,0.0,251134.6240690124,optimal,0.08794539999507833,False,
4028,0.0,0,0.0,252433.04510340493,optimal,0.0695106999919517,False,
4029,0.0,0,0.0,271466.77604971605,optimal,0.07865959999617189,False,
4030,0.0,0,0.0,283087.5655488953,optimal,0.14728699999977835,False,
4031,0.0,0,0.0,299971.1109251897,optimal,0.07652770000277087,False,
4032,0.0,0,0.0,315995.5867768242,optimal,0.06971009999688249,False,
4033,0.0,0,0.0,306631.66091554926,optimal,0.06047969999781344,False,
4034,0.0,0,0.0,304120.04914376047,optimal,0.06421080000291113,False,
4035,0.0,0,0.0,303189.0499351424,optimal,0.07334390000323765,False,
4036,0.0,0,0.0,292334.4224241138,optimal,0.16046890000870917,False,
4037,0.0,0,0.0,267934.09017526143,optimal,0.07670779999170918,False,
4038,0.0,0,0.0,270061.1490459373,optimal,0.0809158999909414,False,
4039,0.0,0,0.0,281375.8490623146,optimal,0.08732469999813475,False,
4040,0.0,0,0.0,288404.7149598972,optimal,0.08795680000912398,False,
4041,0.0,0,0.0,289344.58470032417,optimal,0.06361480000487063,False,
4042,0.0,0,0.0,286717.75716146897,optimal,0.14250419999007136,False,
4043,0.0,0,0.0,270937.65190423845,optimal,0.07900259998859838,False,
4044,0.0,0,0.0,254760.74884409952,optimal,0.06720639999548439,False,
4045,0.0,0,0.0,250016.53407274958,optimal,0.08182130000204779,False,
4046,0.0,0,0.0,250016.53407274958,optimal,0.07673589998739772,False,
4047,0.0,0,0.0,250016.53407274958,optimal,0.14640379999764264,False,
4048,0.0,0,0.0,250016.53407274958,optimal,0.058751599994138815,False,
4049,0.0,0,0.0,250016.53407274958,optimal,0.0675133999902755,False,
4050,0.0,0,0.0,250016.53407274958,optimal,0.07460179999179672,False,
4051,0.0,0,0.0,250016.53407274958,optimal,0.07140359999903012,False,
4052,0.0,0,0.0,250016.53407274958,optimal,0.06106329998874571,False,
4053,0.0,0,0.0,250016.53407274958,optimal,0.08099919999949634,False,
4054,0.0,0,0.0,250016.53407274958,optimal,0.07526030000008177,False,
4055,0.0,0,0.0,250016.53407274958,optimal,0.06631439999910071,False,
4056,0.0,0,0.0,250016.53407274958,optimal,0.07036909999442287,False,
4057,0.0,0,0.0,250016.53407274958,optimal,0.06440119999751914,False,
4058,0.0,0,0.0,250016.53407274958,optimal,0.07099390000803396,False,
4059,0.0,0,0.0,250016.53407274958,optimal,0.06651570000394713,False,
4060,0.0,0,0.0,250016.53407274958,optimal,0.06476209999527782,False,
4061,0.0,0,0.0,250016.53407274958,optimal,0.13393440000072587,False,
4062,0.0,0,0.0,250016.53407274958,optimal,0.08095299999695271,False,
4063,0.0,0,0.0,250016.53407274958,optimal,0.06711680001171771,False,
4064,0.0,0,0.0,250016.53407274958,optimal,0.06137289998878259,False,
4065,0.0,0,0.0,250016.53407274958,optimal,0.06452010000066366,False,
4066,0.0,0,0.0,250016.53407274958,optimal,0.0838248000072781,False,
4067,0.0,0,0.0,255704.6277699897,optimal,0.13456140000198502,False,
4068,0.0,0,0.0,267364.17449238035,optimal,0.06526209998992272,False,
4069,0.0,0,0.0,279170.1493284457,optimal,0.07217100000707433,False,
4070,0.0,0,0.0,260380.46266308075,optimal,0.07917820000147913,False,
4071,0.0,0,0.0,250016.53407274958,optimal,0.10046839999267831,False,
4072,0.0,0,0.0,250016.53407274958,optimal,0.15220609999960288,False,
4073,0.0,0,0.0,250016.53407274958,optimal,0.2804947000113316,False,
4074,0.0,0,0.0,250016.53407274958,optimal,0.22098850000475068,False,
4075,0.0,0,0.0,250016.53407274958,optimal,0.1227406000107294,False,
4076,0.0,0,0.0,250016.53407274958,optimal,0.10470149999309797,False,
4077,0.0,0,0.0,250016.53407274958,optimal,0.0989867000025697,False,
4078,0.0,0,0.0,250016.53407274958,optimal,0.12627209999482147,False,
4079,0.0,0,0.0,250016.53407274958,optimal,0.4676997999922605,False,
4080,0.0,0,0.0,250016.53407274958,optimal,0.24555050001072232,False,
4081,0.0,0,0.0,250016.53407274958,optimal,0.3497897000052035,False,
4082,0.0,0,0.0,250016.53407274958,optimal,0.5624771000002511,False,
4083,0.0,0,0.0,250016.53407274958,optimal,0.37474959999963176,False,
4084,0.0,0,0.0,250016.53407274958,optimal,0.3964116999995895,False,
4085,0.0,0,0.0,250016.53407274958,optimal,0.42269479999959003,False,
4086,0.0,0,0.0,250016.53407274958,optimal,0.3771704000100726,False,
4087,0.0,0,0.0,250016.53407274958,optimal,0.31522590000531636,False,
4088,0.0,0,0.0,250016.53407274958,optimal,0.2896085999964271,False,
4089,0.0,0,0.0,250016.53407274958,optimal,0.25281429999449756,False,
4090,0.0,0,0.0,250016.53407274958,optimal,0.2233903000014834,False,
4091,0.0,0,0.0,250016.53407274958,optimal,0.18797929999709595,False,
4092,0.0,0,0.0,250016.53407274958,optimal,0.13893069999176078,False,
4093,0.0,0,0.0,250016.53407274958,optimal,0.2081596000061836,False,
4094,0.0,0,0.0,250016.53407274958,optimal,0.1103443000029074,False,
4095,0.0,0,0.0,250016.53407274958,optimal,0.08485710000968538,False,
4096,0.0,0,0.0,250016.53407274958,optimal,0.21957380000094417,False,
4097,0.0,0,0.0,250016.53407274958,optimal,0.07669980000355281,False,
4098,0.0,0,0.0,250016.53407274958,optimal,0.09135200000309851,False,
4099,0.0,0,0.0,250016.53407274958,optimal,0.08428369999455754,False,
4100,0.0,0,0.0,250016.53407274958,optimal,0.09870770000270568,False,
4101,0.0,0,0.0,250016.53407274958,optimal,0.07887320000736509,False,
4102,0.0,0,0.0,250016.53407274958,optimal,0.08466630001203157,False,
4103,0.0,0,0.0,250016.53407274958,optimal,0.18276159999368247,False,
4104,0.0,0,0.0,250016.53407274958,optimal,0.08280730000115,False,
4105,0.0,0,0.0,250016.53407274958,optimal,0.07952800000202842,False,
4106,0.0,0,0.0,250016.53407274958,optimal,0.0833517999999458,False,
4107,0.0,0,0.0,250016.53407274958,optimal,0.09107039999798872,False,
4108,0.0,0,0.0,250016.53407274958,optimal,0.088489000001573,False,
4109,0.0,0,0.0,250016.53407274958,optimal,0.07775199999741744,False,
4110,0.0,0,0.0,250016.53407274958,optimal,0.07250890000432264,False,
4111,0.0,0,0.0,250016.53407274958,optimal,0.09119379999174271,False,
4112,0.0,0,0.0,250016.53407274958,optimal,0.09001869999337941,False,
4113,0.0,0,0.0,250016.53407274958,optimal,0.08476139999402221,False,
4114,0.0,0,0.0,250016.53407274958,optimal,0.07823469999129884,False,
4115,0.0,0,0.0,250016.53407274958,optimal,0.07146090001333505,False,
4116,0.0,0,0.0,250016.53407274958,optimal,0.0794614000042202,False,
4117,0.0,0,0.0,250016.53407274958,optimal,0.0753889000043273,False,
4118,0.0,0,0.0,250016.53407274958,optimal,0.07365020000725053,False,
4119,0.0,0,0.0,250016.53407274958,optimal,0.07882759999483824,False,
4120,0.0,0,0.0,250016.53407274958,optimal,0.1545546999986982,False,
4121,0.0,0,0.0,250016.53407274958,optimal,0.07682520001253579,False,
4122,0.0,0,0.0,250016.53407274958,optimal,0.08918589999666438,False,
4123,0.0,0,0.0,250016.53407274958,optimal,0.08052959998894949,False,
4124,0.0,0,0.0,250016.53407274958,optimal,0.0825159999949392,False,
4125,0.0,0,0.0,250016.53407274958,optimal,0.08666559999983292,False,
4126,0.0,0,0.0,250016.53407274958,optimal,0.08217019999574404,False,
4127,0.0,0,0.0,250016.53407274958,optimal,0.07758270000340417,False,
4128,0.0,0,0.0,250016.53407274958,optimal,0.08235409999906551,False,
4129,0.0,0,0.0,250016.53407274958,optimal,0.1680647999892244,False,
4130,0.0,0,0.0,250016.53407274958,optimal,0.08139510000182781,False,
4131,0.0,0,0.0,250016.53407274958,optimal,0.08104800000728574,False,
4132,0.0,0,0.0,250016.53407274958,optimal,0.0811431000038283,False,
4133,0.0,0,0.0,250016.53407274958,optimal,0.15886460000183433,False,
4134,0.0,0,0.0,250016.53407274958,optimal,0.08042459998978302,False,
4135,0.0,0,0.0,270026.3310647739,optimal,0.07936699999845587,False,
4136,0.0,0,0.0,289295.96462077374,optimal,0.07234130000870209,False,
4137,0.0,0,0.0,313211.8023227203,optimal,0.07777229999192059,False,
4138,0.0,0,0.0,311382.1101426086,optimal,0.08298639999702573,False,
4139,0.0,0,0.0,307192.20337481186,optimal,0.08474000000569504,False,
4140,0.0,0,0.0,299410.26469535276,optimal,0.08511059999000281,False,
4141,0.0,0,0.0,291263.22885647544,optimal,0.09908329999598209,False,
4142,0.0,0,0.0,285020.74969507003,optimal,0.10854590000235476,False,
4143,0.0,0,0.0,280192.6459890695,optimal,0.09271240000089165,False,
4144,0.0,0,0.0,270570.02367788734,optimal,0.09535760000289883,False,
4145,0.0,0,0.0,258398.44200949528,optimal,0.09889059999841265,False,
4146,0.0,0,0.0,250016.53407274958,optimal,0.0831179999950109,False,
4147,0.0,0,0.0,250016.53407274958,optimal,0.083104799996363,False,
4148,0.0,0,0.0,250016.53407274958,optimal,0.09173610000289045,False,
4149,0.0,0,0.0,250016.53407274958,optimal,0.08070250001037493,False,
4150,0.0,0,0.0,250016.53407274958,optimal,0.08417320001171902,False,
4151,0.0,0,0.0,250016.53407274958,optimal,0.08667630000854842,False,
4152,0.0,0,0.0,255514.14678533704,optimal,0.08510579999710899,False,
4153,0.0,0,0.0,257248.54387962815,optimal,0.08472080000501592,False,
4154,0.0,0,0.0,259491.90984792938,optimal,0.0776110000006156,False,
4155,0.0,0,0.0,256289.91753006077,optimal,0.08088680000219028,False,
4156,0.0,0,0.0,268305.93228176545,optimal,0.07737729999644216,False,
4157,0.0,0,0.0,271570.20858518896,optimal,0.08211989999108482,False,
4158,0.0,0,0.0,276708.9558928481,optimal,0.08362510000006296,False,
4159,0.0,0,0.0,274277.5333495686,optimal,0.08220509999955539,False,
4160,0.0,0,0.0,272773.49561433116,optimal,0.08046500000637025,False,
4161,0.0,0,0.0,259467.55994178954,optimal,0.09086880000540987,False,
4162,0.0,0,0.0,251507.775650073,optimal,0.08647799999744166,False,
4163,0.0,0,0.0,250016.53407274958,optimal,0.08616210000764113,False,
4164,0.0,0,0.0,250016.53407274958,optimal,0.07797319999372121,False,
4165,0.0,0,0.0,250016.53407274958,optimal,0.09230570000363514,False,
4166,0.0,0,0.0,250016.53407274958,optimal,0.08019459999923129,False,
4167,0.0,0,0.0,250016.53407274958,optimal,0.08261060000222642,False,
4168,0.0,0,0.0,250016.53407274958,optimal,0.08367570000700653,False,
4169,0.0,0,0.0,250016.53407274958,optimal,0.09029160000500269,False,
4170,0.0,0,0.0,250016.53407274958,optimal,0.08389929999248125,False,
4171,0.0,0,0.0,250016.53407274958,optimal,0.060286400010227226,False,
4172,0.0,0,0.0,250016.53407274958,optimal,0.08656680000422057,False,
4173,0.0,0,0.0,250016.53407274958,optimal,0.07158160000108182,False,
4174,0.0,0,0.0,250016.53407274958,optimal,0.06812300000456162,False,
4175,0.0,0,0.0,250016.53407274958,optimal,0.15706389999832027,False,
4176,0.0,0,0.0,250016.53407274958,optimal,0.08697240000765305,False,
4177,0.0,0,0.0,250016.53407274958,optimal,0.07408089999807999,False,
4178,0.0,0,0.0,250016.53407274958,optimal,0.07564289998845197,False,
4179,0.0,0,0.0,250016.53407274958,optimal,0.08277459999953862,False,
4180,0.0,0,0.0,250016.53407274958,optimal,0.08328960000653751,False,
4181,0.0,0,0.0,250016.53407274958,optimal,0.08830819999275263,False,
4182,0.0,0,0.0,250016.53407274958,optimal,0.08625339998980053,False,
4183,0.0,0,0.0,250016.53407274958,optimal,0.08629880000080448,False,
4184,0.0,0,0.0,250016.53407274958,optimal,0.07987990000401624,False,
4185,0.0,0,0.0,250016.53407274958,optimal,0.08743019998655654,False,
4186,0.0,0,0.0,250016.53407274958,optimal,0.10622220000368543,False,
4187,0.0,0,0.0,250016.53407274958,optimal,0.14970890000404324,False,
4188,0.0,0,0.0,250016.53407274958,optimal,0.08774749998701736,False,
4189,0.0,0,0.0,250016.53407274958,optimal,0.1009568000008585,False,
4190,0.0,0,0.0,250016.53407274958,optimal,0.08960210000805091,False,
4191,0.0,0,0.0,250016.53407274958,optimal,0.09780359998694621,False,
4192,0.0,0,0.0,250016.53407274958,optimal,0.08963499999663327,False,
4193,0.0,0,0.0,250016.53407274958,optimal,0.07531390000076499,False,
4194,0.0,0,0.0,250016.53407274958,optimal,0.07930889999261126,False,
4195,0.0,0,0.0,250016.53407274958,optimal,0.08182170000509359,False,
4196,0.0,0,0.0,250016.53407274958,optimal,0.17317129998991732,False,
4197,0.0,0,0.0,250016.53407274958,optimal,0.07299479999346659,False,
4198,0.0,0,0.0,256307.4515939934,optimal,0.06639730000460986,False,
4199,0.0,0,0.0,263023.17691034265,optimal,0.0774189999938244,False,
4200,0.0,0,0.0,266344.20903398417,optimal,0.10263730000588112,False,
4201,0.0,0,0.0,266525.45373014914,optimal,0.07228829999803565,False,
4202,0.0,0,0.0,276134.663600947,optimal,0.07761590000882279,False,
4203,0.0,0,0.0,279421.1612309441,optimal,0.089709000007133,False,
4204,0.0,0,0.0,293774.13778562145,optimal,0.08995179999328684,False,
4205,0.0,0,0.0,314976.609808855,optimal,0.07448979999753647,False,
4206,0.0,0,0.0,332355.07289597264,optimal,0.08728289999999106,False,
4207,0.0,0,0.0,344236.7526924848,optimal,0.08244880000711419,False,
4208,0.0,0,0.0,355725.5685118198,optimal,0.09290440000768285,False,
4209,0.0,0,0.0,370041.02367724123,optimal,0.09616899999673478,False,
4210,0.0,0,0.0,369242.2977344056,optimal,0.09162560000550002,False,
4211,0.0,0,0.0,366744.6504813493,optimal,0.086841700001969,False,
4212,0.0,0,0.0,360735.67979244597,optimal,0.17664350000268314,False,
4213,0.0,0,0.0,351022.3930985272,optimal,0.17387080000480637,False,
4214,0.0,0,0.0,339450.1207196773,optimal,0.08559499999682885,False,
4215,0.0,0,0.0,327528.14450397587,optimal,0.08478520000062417,False,
4216,0.0,0,0.0,326926.8951095296,optimal,0.09965950000332668,False,
4217,0.0,0,0.0,322831.14303769596,optimal,0.07813339999120217,False,
4218,0.0,0,0.0,324247.70711915754,optimal,0.09326960000908002,False,
4219,0.0,0,0.0,345536.03260350367,optimal,0.17139320001297165,False,
4220,0.0,0,0.0,362269.81816892297,optimal,0.08261050000146497,False,
4221,0.0,0,0.0,378469.8614162327,optimal,0.1012300000002142,False,
4222,0.0,0,0.0,367443.38800253184,optimal,0.08113739998952951,False,
4223,0.0,0,0.0,361115.17393753515,optimal,0.16750739999406505,False,
4224,0.0,0,0.0,346614.2891021013,optimal,0.09577429998898879,False,
4225,0.0,0,0.0,330283.9885629009,optimal,0.07972380000865087,False,
4226,0.0,0,0.0,322139.0033362807,optimal,0.09616319999622647,False,
4227,0.0,0,0.0,315815.2405366135,optimal,0.09471379999013152,False,
4228,0.0,0,0.0,305708.8041221544,optimal,0.07304689999727998,False,
4229,0.0,0,0.0,298954.868912243,optimal,0.0803786000033142,False,
4230,0.0,0,0.0,300697.387073126,optimal,0.08438879999448545,False,
4231,0.0,0,0.0,308887.0892420648,optimal,0.08461809999425896,False,
4232,0.0,0,0.0,312461.9207097915,optimal,0.07530719999340363,False,
4233,0.0,0,0.0,290694.079197491,optimal,0.1590247999993153,False,
4234,0.0,0,0.0,258690.57524450918,optimal,0.0889517000032356,False,
4235,0.0,0,0.0,250016.53407274958,optimal,0.08082789999025408,False,
4236,0.0,0,0.0,250016.53407274958,optimal,0.08597749999898952,False,
4237,0.0,0,0.0,250016.53407274958,optimal,0.07476329999917652,False,
4238,0.0,0,0.0,250016.53407274958,optimal,0.08596109999052715,False,
4239,0.0,0,0.0,250016.53407274958,optimal,0.07825399999273941,False,
4240,0.0,0,0.0,250016.53407274958,optimal,0.07152719999430701,False,
4241,0.0,0,0.0,250016.53407274958,optimal,0.066894500007038,False,
4242,0.0,0,0.0,250016.53407274958,optimal,0.07439249999879394,False,
4243,0.0,0,0.0,250016.53407274958,optimal,0.082374699995853,False,
4244,0.0,0,0.0,250016.53407274958,optimal,0.08865479999803938,False,
4245,0.0,0,0.0,250016.53407274958,optimal,0.08014550000370946,False,
4246,0.0,0,0.0,250016.53407274958,optimal,0.08286009999574162,False,
4247,0.0,0,0.0,250016.53407274958,optimal,0.12520419999782462,False,
4248,0.0,0,0.0,250016.53407274958,optimal,0.1229516000021249,False,
4249,0.0,0,0.0,250016.53407274958,optimal,0.07926399999996647,False,
4250,0.0,0,0.0,250016.53407274958,optimal,0.18637419999868143,False,
4251,0.0,0,0.0,250016.53407274958,optimal,0.07356409999192692,False,
4252,0.0,0,0.0,250016.53407274958,optimal,0.09296110000286717,False,
4253,0.0,0,0.0,250016.53407274958,optimal,0.08861890000116546,False,
4254,0.0,0,0.0,250016.53407274958,optimal,0.1051854999968782,False,
4255,0.0,0,0.0,250016.53407274958,optimal,0.09683350000705104,False,
4256,0.0,0,0.0,250016.53407274958,optimal,0.08926290000090376,False,
4257,0.0,0,0.0,250016.53407274958,optimal,0.0874861000047531,False,
4258,0.0,0,0.0,250016.53407274958,optimal,0.08690419999766164,False,
4259,0.0,0,0.0,250016.53407274958,optimal,0.0764132000040263,False,
4260,0.0,0,0.0,250016.53407274958,optimal,0.06467290000000503,False,
4261,0.0,0,0.0,250016.53407274958,optimal,0.07538120000390336,False,
4262,0.0,0,0.0,250016.53407274958,optimal,0.09079020000353921,False,
4263,0.0,0,0.0,250016.53407274958,optimal,0.06694520000019111,False,
4264,0.0,0,0.0,250016.53407274958,optimal,0.19346399999631103,False,
4265,0.0,0,0.0,250016.53407274958,optimal,0.1106776000087848,False,
4266,0.0,0,0.0,250016.53407274958,optimal,0.09245640000153799,False,
4267,0.0,0,0.0,250016.53407274958,optimal,0.1093638999882387,False,
4268,0.0,0,0.0,250016.53407274958,optimal,0.11394460000155959,False,
4269,0.0,0,0.0,250016.53407274958,optimal,0.11408129999472294,False,
4270,0.0,0,0.0,250016.53407274958,optimal,0.20692569999664556,False,
4271,0.0,0,0.0,250016.53407274958,optimal,0.09028269999544136,False,
4272,0.0,0,0.0,250016.53407274958,optimal,0.09126409998862073,False,
4273,0.0,0,0.0,250016.53407274958,optimal,0.09131450000859331,False,
4274,0.0,0,0.0,250016.53407274958,optimal,0.08487069999682717,False,
4275,0.0,0,0.0,250016.53407274958,optimal,0.07346770000003744,False,
4276,0.0,0,0.0,250016.53407274958,optimal,0.08759769999596756,False,
4277,0.0,0,0.0,250016.53407274958,optimal,0.08265039999969304,False,
4278,0.0,0,0.0,250016.53407274958,optimal,0.06618100000196137,False,
4279,0.0,0,0.0,250016.53407274958,optimal,0.0920996000058949,False,
4280,0.0,0,0.0,250016.53407274958,optimal,0.18530260000261478,False,
4281,0.0,0,0.0,250016.53407274958,optimal,0.0892390999943018,False,
4282,0.0,0,0.0,250016.53407274958,optimal,0.09283680000226013,False,
4283,0.0,0,0.0,250016.53407274958,optimal,0.0813242000003811,False,
4284,0.0,0,0.0,250016.53407274958,optimal,0.08254519999900367,False,
4285,0.0,0,0.0,250016.53407274958,optimal,0.1560176000057254,False,
4286,0.0,0,0.0,250016.53407274958,optimal,0.0743499999953201,False,
4287,0.0,0,0.0,250016.53407274958,optimal,0.0891824000136694,False,
4288,0.0,0,0.0,250016.53407274958,optimal,0.08251540000492241,False,
4289,0.0,0,0.0,250016.53407274958,optimal,0.07692969999334309,False,
4290,0.0,0,0.0,250016.53407274958,optimal,0.17896740000287537,False,
4291,0.0,0,0.0,250016.53407274958,optimal,0.07453420000092592,False,
4292,0.0,0,0.0,250016.53407274958,optimal,0.16395380000176374,False,
4293,0.0,0,0.0,250016.53407274958,optimal,0.09192279999842867,False,
4294,0.0,0,0.0,250016.53407274958,optimal,0.08368929999414831,False,
4295,0.0,0,0.0,250016.53407274958,optimal,0.07781030000478495,False,
4296,0.0,0,0.0,250016.53407274958,optimal,0.09156970000185538,False,
4297,0.0,0,0.0,250016.53407274958,optimal,0.15276230000017677,False,
4298,0.0,0,0.0,250016.53407274958,optimal,0.07875660000718199,False,
4299,0.0,0,0.0,250016.53407274958,optimal,0.0735045000037644,False,
4300,0.0,0,0.0,250016.53407274958,optimal,0.07807869999669492,False,
4301,0.0,0,0.0,250016.53407274958,optimal,0.07814759999746457,False,
4302,0.0,0,0.0,250016.53407274958,optimal,0.0711899000016274,False,
4303,0.0,0,0.0,250016.53407274958,optimal,0.08305429999018088,False,
4304,0.0,0,0.0,269333.98029963364,optimal,0.07847030000993982,False,
4305,0.0,0,0.0,268148.4731575392,optimal,0.16555969999171793,False,
4306,0.0,0,0.0,263651.70230460627,optimal,0.09718620000057854,False,
4307,0.0,0,0.0,257710.2853370323,optimal,0.08946830000786576,False,
4308,0.0,0,0.0,251663.76364184314,optimal,0.0775491999957012,False,
4309,0.0,0,0.0,250016.53407274958,optimal,0.07799160000286065,False,
4310,0.0,0,0.0,250016.53407274958,optimal,0.1872262000106275,False,
4311,0.0,0,0.0,250016.53407274958,optimal,0.095962999999756,False,
4312,0.0,0,0.0,250016.53407274958,optimal,0.1695328000059817,False,
4313,0.0,0,0.0,250016.53407274958,optimal,0.09132249999674968,False,
4314,0.0,0,0.0,250016.53407274958,optimal,0.08480000001145527,False,
4315,0.0,0,0.0,250016.53407274958,optimal,0.05861769999319222,False,
4316,0.0,0,0.0,250016.53407274958,optimal,0.08353400000487454,False,
4317,0.0,0,0.0,250016.53407274958,optimal,0.08675610000500455,False,
4318,0.0,0,0.0,250016.53407274958,optimal,0.07753530000627507,False,
4319,0.0,0,0.0,250016.53407274958,optimal,0.08908449999580625,False,
4320,0.0,0,0.0,250016.53407274958,optimal,0.08435669999744277,False,
4321,0.0,0,0.0,250016.53407274958,optimal,0.0841264000046067,False,
4322,0.0,0,0.0,250016.53407274958,optimal,0.17288410000037402,False,
4323,0.0,0,0.0,250016.53407274958,optimal,0.072781800001394,False,
4324,0.0,0,0.0,250016.53407274958,optimal,0.08520750000025146,False,
4325,0.0,0,0.0,250016.53407274958,optimal,0.07325509999645874,False,
4326,0.0,0,0.0,250016.53407274958,optimal,0.0809270000027027,False,
4327,0.0,0,0.0,250016.53407274958,optimal,0.0854955999966478,False,
4328,0.0,0,0.0,250016.53407274958,optimal,0.0800524999940535,False,
4329,0.0,0,0.0,250016.53407274958,optimal,0.077419799999916,False,
4330,0.0,0,0.0,250016.53407274958,optimal,0.0764805999933742,False,
4331,0.0,0,0.0,250016.53407274958,optimal,0.17354780000459868,False,
4332,0.0,0,0.0,250016.53407274958,optimal,0.07582169999659527,False,
4333,0.0,0,0.0,250016.53407274958,optimal,0.07997679999971297,False,
4334,0.0,0,0.0,250016.53407274958,optimal,0.08012779999990016,False,
4335,0.0,0,0.0,250016.53407274958,optimal,0.06389689999923576,False,
4336,0.0,0,0.0,250016.53407274958,optimal,0.07297599999583326,False,
4337,0.0,0,0.0,250016.53407274958,optimal,0.08423469999979716,False,
4338,0.0,0,0.0,250016.53407274958,optimal,0.16135270000086166,False,
4339,0.0,0,0.0,250016.53407274958,optimal,0.08117189999029506,False,
4340,0.0,0,0.0,250016.53407274958,optimal,0.06946320000861306,False,
4341,0.0,0,0.0,250016.53407274958,optimal,0.07313600000634324,False,
4342,0.0,0,0.0,250016.53407274958,optimal,0.15618089999770746,False,
4343,0.0,0,0.0,250016.53407274958,optimal,0.1654636000021128,False,
4344,0.0,0,0.0,250016.53407274958,optimal,0.0893668000062462,False,
4345,0.0,0,0.0,250016.53407274958,optimal,0.0840458999882685,False,
4346,0.0,0,0.0,250016.53407274958,optimal,0.09977190000063274,False,
4347,0.0,0,0.0,250016.53407274958,optimal,0.09003880000091158,False,
4348,0.0,0,0.0,250016.53407274958,optimal,0.16247670000302605,False,
4349,0.0,0,0.0,250016.53407274958,optimal,0.0833713999891188,False,
4350,0.0,0,0.0,250016.53407274958,optimal,0.05960600000980776,False,
4351,0.0,0,0.0,250016.53407274958,optimal,0.07492650000494905,False,
4352,0.0,0,0.0,250016.53407274958,optimal,0.08402249999926426,False,
4353,0.0,0,0.0,250016.53407274958,optimal,0.0760798999981489,False,
4354,0.0,0,0.0,250016.53407274958,optimal,0.07774639999843203,False,
4355,0.0,0,0.0,250016.53407274958,optimal,0.09401250000519212,False,
4356,0.0,0,0.0,250016.53407274958,optimal,0.06566999999631662,False,
4357,0.0,0,0.0,250016.53407274958,optimal,0.07285690000571776,False,
4358,0.0,0,0.0,250016.53407274958,optimal,0.08061590000579599,False,
4359,0.0,0,0.0,250016.53407274958,optimal,0.17718610000156332,False,
4360,0.0,0,0.0,250016.53407274958,optimal,0.12955080000392627,False,
4361,0.0,0,0.0,250016.53407274958,optimal,0.0939141999988351,False,
4362,0.0,0,0.0,250016.53407274958,optimal,0.09950060000119265,False,
4363,0.0,0,0.0,250016.53407274958,optimal,0.08724849999998696,False,
4364,0.0,0,0.0,250016.53407274958,optimal,0.08368920000793878,False,
4365,0.0,0,0.0,250016.53407274958,optimal,0.09425790001114365,False,
4366,0.0,0,0.0,250016.53407274958,optimal,0.09171070001320913,False,
4367,0.0,0,0.0,250016.53407274958,optimal,0.08393120000255294,False,
4368,0.0,0,0.0,250016.53407274958,optimal,0.07678469999518711,False,
4369,0.0,0,0.0,250016.53407274958,optimal,0.08915719999640714,False,
4370,0.0,0,0.0,250016.53407274958,optimal,0.09024869999848306,False,
4371,0.0,0,0.0,250016.53407274958,optimal,0.08316850000119302,False,
4372,0.0,0,0.0,250016.53407274958,optimal,0.08026279999467079,False,
4373,0.0,0,0.0,250016.53407274958,optimal,0.08661399999982677,False,
4374,0.0,0,0.0,250016.53407274958,optimal,0.08525649999501184,False,
4375,0.0,0,0.0,250016.53407274958,optimal,0.17096469999523833,False,
4376,0.0,0,0.0,250016.53407274958,optimal,0.08555409999098629,False,
4377,0.0,0,0.0,250016.53407274958,optimal,0.08616530000290368,False,
4378,0.0,0,0.0,250016.53407274958,optimal,0.09432279999600723,False,
4379,0.0,0,0.0,250016.53407274958,optimal,0.08363329998974223,False,
4380,0.0,0,0.0,250016.53407274958,optimal,0.08471929999359418,False,
4381,0.0,0,0.0,250016.53407274958,optimal,0.08847039999091066,False,
4382,0.0,0,0.0,250016.53407274958,optimal,0.08797959999355953,False,
4383,0.0,0,0.0,250016.53407274958,optimal,0.08473329999833368,False,
4384,0.0,0,0.0,250016.53407274958,optimal,0.09234669999568723,False,
4385,0.0,0,0.0,250016.53407274958,optimal,0.09450510000169743,False,
4386,0.0,0,0.0,250016.53407274958,optimal,0.09709029999794438,False,
4387,0.0,0,0.0,250016.53407274958,optimal,0.09030770001118071,False,
4388,0.0,0,0.0,250016.53407274958,optimal,0.0862665000022389,False,
4389,0.0,0,0.0,250016.53407274958,optimal,0.08884689999104012,False,
4390,0.0,0,0.0,250016.53407274958,optimal,0.10557509999489412,False,
4391,0.0,0,0.0,250016.53407274958,optimal,0.18993170000612736,False,
4392,0.0,0,0.0,250016.53407274958,optimal,0.07874529999389779,False,
4393,0.0,0,0.0,250016.53407274958,optimal,0.08725289998983499,False,
4394,0.0,0,0.0,250016.53407274958,optimal,0.07551529999182094,False,
4395,0.0,0,0.0,250016.53407274958,optimal,0.1530959000083385,False,
4396,0.0,0,0.0,250016.53407274958,optimal,0.09036750000086613,False,
4397,0.0,0,0.0,250016.53407274958,optimal,0.08383179998781998,False,
4398,0.0,0,0.0,250016.53407274958,optimal,0.08644620000268333,False,
4399,0.0,0,0.0,250016.53407274958,optimal,0.08367720000387635,False,
4400,0.0,0,0.0,250016.53407274958,optimal,0.0729126000078395,False,
4401,0.0,0,0.0,250016.53407274958,optimal,0.06914300000062212,False,
4402,0.0,0,0.0,250016.53407274958,optimal,0.3525000999943586,False,
4403,0.0,0,0.0,250016.53407274958,optimal,0.220007900003111,False,
4404,0.0,0,0.0,250016.53407274958,optimal,0.24410209999768995,False,
4405,0.0,0,0.0,250016.53407274958,optimal,0.34829170000739396,False,
4406,0.0,0,0.0,250016.53407274958,optimal,0.15115109999896958,False,
4407,0.0,0,0.0,250016.53407274958,optimal,0.1252558999985922,False,
4408,0.0,0,0.0,250016.53407274958,optimal,0.11081630000262521,False,
4409,0.0,0,0.0,250016.53407274958,optimal,0.11963250000553671,False,
4410,0.0,0,0.0,250016.53407274958,optimal,0.21554309999919496,False,
4411,0.0,0,0.0,250016.53407274958,optimal,0.10266150000097696,False,
4412,0.0,0,0.0,250016.53407274958,optimal,0.10279559998889454,False,
4413,0.0,0,0.0,250016.53407274958,optimal,0.10282879999431316,False,
4414,0.0,0,0.0,250016.53407274958,optimal,0.20042820001253858,False,
4415,0.0,0,0.0,250016.53407274958,optimal,0.09876599999552127,False,
4416,0.0,0,0.0,250016.53407274958,optimal,0.08882810000795871,False,
4417,0.0,0,0.0,250016.53407274958,optimal,0.0983569000090938,False,
4418,0.0,0,0.0,250016.53407274958,optimal,0.10048439999809489,False,
4419,0.0,0,0.0,250016.53407274958,optimal,0.1104611000046134,False,
4420,0.0,0,0.0,250016.53407274958,optimal,0.11487789999227971,False,
4421,0.0,0,0.0,250016.53407274958,optimal,0.24614899999869522,False,
4422,0.0,0,0.0,250016.53407274958,optimal,0.24495130000286736,False,
4423,0.0,0,0.0,250016.53407274958,optimal,0.09695649999775924,False,
4424,0.0,0,0.0,250016.53407274958,optimal,0.13525420000951272,False,
4425,0.0,0,0.0,250016.53407274958,optimal,0.13913039999897592,False,
4426,0.0,0,0.0,250016.53407274958,optimal,0.14273320000211243,False,
4427,0.0,0,0.0,250016.53407274958,optimal,0.1033434999990277,False,
4428,0.0,0,0.0,250016.53407274958,optimal,0.09514340000168886,False,
4429,0.0,0,0.0,250016.53407274958,optimal,0.09068249999836553,False,
4430,0.0,0,0.0,250016.53407274958,optimal,0.0850164000003133,False,
4431,0.0,0,0.0,250016.53407274958,optimal,0.15695780000532977,False,
4432,0.0,0,0.0,250016.53407274958,optimal,0.0822245000017574,False,
4433,0.0,0,0.0,250016.53407274958,optimal,0.07402210000145715,False,
4434,0.0,0,0.0,250016.53407274958,optimal,0.07413589999487158,False,
4435,0.0,0,0.0,250016.53407274958,optimal,0.08613450000120793,False,
4436,0.0,0,0.0,250016.53407274958,optimal,0.0786322000058135,False,
4437,0.0,0,0.0,250016.53407274958,optimal,0.15325859999575187,False,
4438,0.0,0,0.0,250016.53407274958,optimal,0.07087009999668226,False,
4439,0.0,0,0.0,250016.53407274958,optimal,0.0920715999964159,False,
4440,0.0,0,0.0,250016.53407274958,optimal,0.08853690000250936,False,
4441,0.0,0,0.0,250016.53407274958,optimal,0.14775770000414923,False,
4442,0.0,0,0.0,250016.53407274958,optimal,0.0788682999991579,False,
4443,0.0,0,0.0,250016.53407274958,optimal,0.04838799999561161,False,
4444,0.0,0,0.0,250016.53407274958,optimal,0.07526209999923594,False,
4445,0.0,0,0.0,250016.53407274958,optimal,0.06733079999685287,False,
4446,0.0,0,0.0,250016.53407274958,optimal,0.0657134000066435,False,
4447,0.0,0,0.0,250016.53407274958,optimal,0.0572396000061417,False,
4448,0.0,0,0.0,250016.53407274958,optimal,0.1265860999992583,False,
4449,0.0,0,0.0,250016.53407274958,optimal,0.07783989999734331,False,
4450,0.0,0,0.0,250016.53407274958,optimal,0.07525509998959024,False,
4451,0.0,0,0.0,250016.53407274958,optimal,0.07787030001054518,False,
4452,0.0,0,0.0,250016.53407274958,optimal,0.08131480000156444,False,
4453,0.0,0,0.0,250016.53407274958,optimal,0.06390479998663068,False,
4454,0.0,0,0.0,250016.53407274958,optimal,0.0678022000065539,False,
4455,0.0,0,0.0,250016.53407274958,optimal,0.06798490000073798,False,
4456,0.0,0,0.0,250016.53407274958,optimal,0.06320479999703821,False,
4457,0.0,0,0.0,250016.53407274958,optimal,0.143641699993168,False,
4458,0.0,0,0.0,250016.53407274958,optimal,0.07437709999794606,False,
4459,0.0,0,0.0,250016.53407274958,optimal,0.06727759999921545,False,
4460,0.0,0,0.0,250016.53407274958,optimal,0.0733334999968065,False,
4461,0.0,0,0.0,250016.53407274958,optimal,0.0700003999954788,False,
4462,0.0,0,0.0,250016.53407274958,optimal,0.07424279999395367,False,
4463,0.0,0,0.0,250016.53407274958,optimal,0.0826284999930067,False,
4464,0.0,0,0.0,250016.53407274958,optimal,0.08709719999751542,False,
4465,0.0,0,0.0,250016.53407274958,optimal,0.08396499999798834,False,
4466,0.0,0,0.0,250016.53407274958,optimal,0.0702467999944929,False,
4467,0.0,0,0.0,250016.53407274958,optimal,0.0767304999899352,False,
4468,0.0,0,0.0,250016.53407274958,optimal,0.07186179999553133,False,
4469,0.0,0,0.0,250016.53407274958,optimal,0.08357309999701101,False,
4470,0.0,0,0.0,250016.53407274958,optimal,0.09553809999488294,False,
4471,0.0,0,0.0,250016.53407274958,optimal,0.11707800001022406,False,
4472,0.0,0,0.0,250016.53407274958,optimal,0.1983930000133114,False,
4473,0.0,0,0.0,250016.53407274958,optimal,0.09954070000094362,False,
4474,0.0,0,0.0,250016.53407274958,optimal,0.19737870000244584,False,
4475,0.0,0,0.0,250016.53407274958,optimal,0.09878529999696184,False,
4476,0.0,0,0.0,250016.53407274958,optimal,0.09060799999861047,False,
4477,0.0,0,0.0,250016.53407274958,optimal,0.08543000000645407,False,
4478,0.0,0,0.0,250016.53407274958,optimal,0.08898840000620112,False,
4479,0.0,0,0.0,250016.53407274958,optimal,0.08310889999847859,False,
4480,0.0,0,0.0,250016.53407274958,optimal,0.09137039999768604,False,
4481,0.0,0,0.0,250016.53407274958,optimal,0.09265670001332182,False,
4482,0.0,0,0.0,250016.53407274958,optimal,0.07462020000093617,False,
4483,0.0,0,0.0,250016.53407274958,optimal,0.07916530000511557,False,
4484,0.0,0,0.0,250016.53407274958,optimal,0.1888038999895798,False,
4485,0.0,0,0.0,250016.53407274958,optimal,0.08287329999438953,False,
4486,0.0,0,0.0,250016.53407274958,optimal,0.08413279999513179,False,
4487,0.0,0,0.0,250016.53407274958,optimal,0.09488940000301227,False,
4488,0.0,0,0.0,250016.53407274958,optimal,0.08521279999695253,False,
4489,0.0,0,0.0,250016.53407274958,optimal,0.19421149999834597,False,
4490,0.0,0,0.0,250016.53407274958,optimal,0.15594370001053903,False,
4491,0.0,0,0.0,250016.53407274958,optimal,0.0765875000070082,False,
4492,0.0,0,0.0,250016.53407274958,optimal,0.0792817999899853,False,
4493,0.0,0,0.0,250016.53407274958,optimal,0.18491579999681562,False,
4494,0.0,0,0.0,250016.53407274958,optimal,0.07482310000341386,False,
4495,0.0,0,0.0,250016.53407274958,optimal,0.08431190000555944,False,
4496,0.0,0,0.0,250016.53407274958,optimal,0.09776350000174716,False,
4497,0.0,0,0.0,250016.53407274958,optimal,0.09069960001215804,False,
4498,0.0,0,0.0,250016.53407274958,optimal,0.08990239999548066,False,
4499,0.0,0,0.0,250016.53407274958,optimal,0.0809200000076089,False,
4500,0.0,0,0.0,250016.53407274958,optimal,0.07606950000626966,False,
4501,0.0,0,0.0,250016.53407274958,optimal,0.07462809998833109,False,
4502,0.0,0,0.0,250016.53407274958,optimal,0.08339220000198111,False,
4503,0.0,0,0.0,250016.53407274958,optimal,0.08027829999628011,False,
4504,0.0,0,0.0,250016.53407274958,optimal,0.15730030000850093,False,
4505,0.0,0,0.0,250016.53407274958,optimal,0.08124600000155624,False,
4506,0.0,0,0.0,250016.53407274958,optimal,0.07884550000017043,False,
4507,0.0,0,0.0,250016.53407274958,optimal,0.07378710000193678,False,
4508,0.0,0,0.0,250016.53407274958,optimal,0.07568289998744149,False,
4509,0.0,0,0.0,250016.53407274958,optimal,0.07074989999819081,False,
4510,0.0,0,0.0,250016.53407274958,optimal,0.0756798000074923,False,
4511,0.0,0,0.0,250016.53407274958,optimal,0.0817766000109259,False,
4512,0.0,0,0.0,250016.53407274958,optimal,0.07795900000201073,False,
4513,0.0,0,0.0,250016.53407274958,optimal,0.08967840000696015,False,
4514,0.0,0,0.0,250016.53407274958,optimal,0.08306299999821931,False,
4515,0.0,0,0.0,250016.53407274958,optimal,0.06622819999756757,False,
4516,0.0,0,0.0,250016.53407274958,optimal,0.09383559999696445,False,
4517,0.0,0,0.0,250016.53407274958,optimal,0.08091800000693183,False,
4518,0.0,0,0.0,250016.53407274958,optimal,0.07935699999507051,False,
4519,0.0,0,0.0,250016.53407274958,optimal,0.06929160001163837,False,
4520,0.0,0,0.0,250016.53407274958,optimal,0.11665759999596048,False,
4521,0.0,0,0.0,250016.53407274958,optimal,0.08890499999688473,False,
4522,0.0,0,0.0,250016.53407274958,optimal,0.1332674000004772,False,
4523,0.0,0,0.0,250016.53407274958,optimal,0.10170519999519456,False,
4524,0.0,0,0.0,250016.53407274958,optimal,0.1732546999992337,False,
4525,0.0,0,0.0,250016.53407274958,optimal,0.0866295000014361,False,
4526,0.0,0,0.0,250016.53407274958,optimal,0.08982919999107253,False,
4527,0.0,0,0.0,250016.53407274958,optimal,0.24074369999289047,False,
4528,0.0,0,0.0,250016.53407274958,optimal,0.1404538000060711,False,
4529,0.0,0,0.0,250016.53407274958,optimal,0.14662390000012238,False,
4530,0.0,0,0.0,250016.53407274958,optimal,0.11056030000327155,False,
4531,0.0,0,0.0,250016.53407274958,optimal,0.10816540000087116,False,
4532,0.0,0,0.0,250016.53407274958,optimal,0.08648559999710415,False,
4533,0.0,0,0.0,250016.53407274958,optimal,0.07991280000715051,False,
4534,0.0,0,0.0,250016.53407274958,optimal,0.0777620000008028,False,
4535,0.0,0,0.0,250016.53407274958,optimal,0.07011030000285245,False,
4536,0.0,0,0.0,250016.53407274958,optimal,0.08615210000425577,False,
4537,0.0,0,0.0,250016.53407274958,optimal,0.06307160000142176,False,
4538,0.0,0,0.0,250016.53407274958,optimal,0.07436169999709819,False,
4539,0.0,0,0.0,268268.7439037214,optimal,0.1957892000064021,False,
4540,0.0,0,0.0,286694.7178074331,optimal,0.11465140001382679,False,
4541,0.0,0,0.0,276166.2447883603,optimal,0.1894445999932941,False,
4542,0.0,0,0.0,266663.85950124706,optimal,0.1128820000012638,False,
4543,0.0,0,0.0,267057.9436598006,optimal,0.10400010000739712,False,
4544,0.0,0,0.0,250016.53407274958,optimal,0.09128510000300594,False,
4545,0.0,0,0.0,250016.53407274958,optimal,0.08066560000588652,False,
4546,0.0,0,0.0,250016.53407274958,optimal,0.07275599999411497,False,
4547,0.0,0,0.0,250016.53407274958,optimal,0.08231399999931455,False,
4548,0.0,0,0.0,250016.53407274958,optimal,0.07879590000084136,False,
4549,0.0,0,0.0,250016.53407274958,optimal,0.07909029998700134,False,
4550,0.0,0,0.0,250016.53407274958,optimal,0.057443100013188086,False,
4551,0.0,0,0.0,250016.53407274958,optimal,0.06767919998674188,False,
4552,0.0,0,0.0,250016.53407274958,optimal,0.14759620001132134,False,
4553,0.0,0,0.0,250016.53407274958,optimal,0.06768439999723341,False,
4554,0.0,0,0.0,250016.53407274958,optimal,0.06311499999719672,False,
4555,0.0,0,0.0,250016.53407274958,optimal,0.14552870001352858,False,
4556,0.0,0,0.0,250016.53407274958,optimal,0.06385349998890888,False,
4557,0.0,0,0.0,250016.53407274958,optimal,0.07039609999628738,False,
4558,0.0,0,0.0,250016.53407274958,optimal,0.0680411999928765,False,
4559,0.0,0,0.0,250016.53407274958,optimal,0.07229609999922104,False,
4560,0.0,0,0.0,250016.53407274958,optimal,0.06886429998849053,False,
4561,0.0,0,0.0,250016.53407274958,optimal,0.06322959999670275,False,
4562,0.0,0,0.0,250016.53407274958,optimal,0.2524847000022419,False,
4563,0.0,0,0.0,250016.53407274958,optimal,0.060628100007306784,False,
4564,0.0,0,0.0,250016.53407274958,optimal,0.2878749999945285,False,
4565,0.0,0,0.0,250016.53407274958,optimal,0.25720710000314284,False,
4566,0.0,0,0.0,250016.53407274958,optimal,0.21590870000363793,False,
4567,0.0,0,0.0,250016.53407274958,optimal,0.2140411000000313,False,
4568,0.0,0,0.0,250016.53407274958,optimal,0.12852660000498872,False,
4569,0.0,0,0.0,250016.53407274958,optimal,0.09228349999466445,False,
4570,0.0,0,0.0,250016.53407274958,optimal,0.18909770000027493,False,
4571,0.0,0,0.0,250016.53407274958,optimal,0.10821690000011586,False,
4572,0.0,0,0.0,250016.53407274958,optimal,0.10233809999772348,False,
4573,0.0,0,0.0,250016.53407274958,optimal,0.08310189998883288,False,
4574,0.0,0,0.0,250016.53407274958,optimal,0.061032500001601875,False,
4575,0.0,0,0.0,250016.53407274958,optimal,0.06773179999436252,False,
4576,0.0,0,0.0,250016.53407274958,optimal,0.06589130000793375,False,
4577,0.0,0,0.0,250016.53407274958,optimal,0.06538369999907445,False,
4578,0.0,0,0.0,250016.53407274958,optimal,0.07195379999757279,False,
4579,0.0,0,0.0,250016.53407274958,optimal,0.35975830000825226,False,
4580,0.0,0,0.0,250016.53407274958,optimal,0.07750510000914801,False,
4581,0.0,0,0.0,250016.53407274958,optimal,0.29164929999387823,False,
4582,0.0,0,0.0,250016.53407274958,optimal,0.26118090000818484,False,
4583,0.0,0,0.0,250016.53407274958,optimal,0.18810680000751745,False,
4584,0.0,0,0.0,250016.53407274958,optimal,0.14937250000366475,False,
4585,0.0,0,0.0,250016.53407274958,optimal,0.20400939999672119,False,
4586,0.0,0,0.0,250016.53407274958,optimal,0.08990509998693597,False,
4587,0.0,0,0.0,250016.53407274958,optimal,0.17893340000591706,False,
4588,0.0,0,0.0,250016.53407274958,optimal,0.096288500004448,False,
4589,0.0,0,0.0,250016.53407274958,optimal,0.09655410000414122,False,
4590,0.0,0,0.0,250016.53407274958,optimal,0.09904709999682382,False,
4591,0.0,0,0.0,250016.53407274958,optimal,0.08788050001021475,False,
4592,0.0,0,0.0,250016.53407274958,optimal,0.08008179999887943,False,
4593,0.0,0,0.0,250016.53407274958,optimal,0.07612209999933839,False,
4594,0.0,0,0.0,250016.53407274958,optimal,0.4594880000076955,False,
4595,0.0,0,0.0,250016.53407274958,optimal,0.07586599999922328,False,
4596,0.0,0,0.0,250016.53407274958,optimal,0.07965210000111256,False,
4597,0.0,0,0.0,250016.53407274958,optimal,0.38482189999194816,False,
4598,0.0,0,0.0,250016.53407274958,optimal,0.3567442000057781,False,
4599,0.0,0,0.0,250016.53407274958,optimal,0.3205625999980839,False,
4600,0.0,0,0.0,250016.53407274958,optimal,0.24345290000201203,False,
4601,0.0,0,0.0,250016.53407274958,optimal,0.186544900003355,False,
4602,0.0,0,0.0,250016.53407274958,optimal,0.19137079999200068,False,
4603,0.0,0,0.0,250016.53407274958,optimal,0.1023713000031421,False,
4604,0.0,0,0.0,250016.53407274958,optimal,0.08878019999247044,False,
4605,0.0,0,0.0,250016.53407274958,optimal,0.08375499999965541,False,
4606,0.0,0,0.0,250016.53407274958,optimal,0.053951199995935895,False,
4607,0.0,0,0.0,250016.53407274958,optimal,0.05835350000415929,False,
4608,0.0,0,0.0,250016.53407274958,optimal,0.06511399999726564,False,
4609,0.0,0,0.0,250016.53407274958,optimal,0.07230390000040643,False,
4610,0.0,0,0.0,250016.53407274958,optimal,0.07298590001300909,False,
4611,0.0,0,0.0,250016.53407274958,optimal,0.05705479999596719,False,
4612,0.0,0,0.0,250016.53407274958,optimal,0.11448859999654815,False,
4613,0.0,0,0.0,250016.53407274958,optimal,0.06615959999908227,False,
4614,0.0,0,0.0,250016.53407274958,optimal,0.07280029999674298,False,
4615,0.0,0,0.0,250016.53407274958,optimal,0.1432514999905834,False,
4616,0.0,0,0.0,250016.53407274958,optimal,0.05777250000392087,False,
4617,0.0,0,0.0,250016.53407274958,optimal,0.08137840000563301,False,
4618,0.0,0,0.0,250016.53407274958,optimal,0.14768870000261813,False,
4619,0.0,0,0.0,250016.53407274958,optimal,0.14583979999588337,False,
4620,0.0,0,0.0,250016.53407274958,optimal,0.09116749999520835,False,
4621,0.0,0,0.0,250016.53407274958,optimal,0.0837593000032939,False,
4622,0.0,0,0.0,250016.53407274958,optimal,0.12055669999972451,False,
4623,0.0,0,0.0,250016.53407274958,optimal,0.1317336000065552,False,
4624,0.0,0,0.0,250016.53407274958,optimal,0.05646619999606628,False,
4625,0.0,0,0.0,250016.53407274958,optimal,0.07440620000124909,False,
4626,0.0,0,0.0,250016.53407274958,optimal,0.07259020001220051,False,
4627,0.0,0,0.0,250016.53407274958,optimal,0.06255339999916032,False,
4628,0.0,0,0.0,250016.53407274958,optimal,0.06482829999004025,False,
4629,0.0,0,0.0,250016.53407274958,optimal,0.13292360000195913,False,
4630,0.0,0,0.0,250016.53407274958,optimal,0.0715481999941403,False,
4631,0.0,0,0.0,250016.53407274958,optimal,0.06766020000213757,False,
4632,0.0,0,0.0,250016.53407274958,optimal,0.06580080000276212,False,
4633,0.0,0,0.0,250016.53407274958,optimal,0.06434069998795167,False,
4634,0.0,0,0.0,250016.53407274958,optimal,0.06203010000172071,False,
4635,0.0,0,0.0,250016.53407274958,optimal,0.09085910000430886,False,
4636,0.0,0,0.0,250016.53407274958,optimal,0.08285669999895617,False,
4637,0.0,0,0.0,250016.53407274958,optimal,0.06901030000881292,False,
4638,0.0,0,0.0,250016.53407274958,optimal,0.08007159999397118,False,
4639,0.0,0,0.0,250016.53407274958,optimal,0.06674650000059046,False,
4640,0.0,0,0.0,250016.53407274958,optimal,0.07891580001160037,False,
4641,0.0,0,0.0,250016.53407274958,optimal,0.05611610000778455,False,
4642,0.0,0,0.0,250016.53407274958,optimal,0.053607499998179264,False,
4643,0.0,0,0.0,250016.53407274958,optimal,0.0689079000003403,False,
4644,0.0,0,0.0,250016.53407274958,optimal,0.062303699989570305,False,
4645,0.0,0,0.0,250016.53407274958,optimal,0.07386960000440013,False,
4646,0.0,0,0.0,250016.53407274958,optimal,0.07999489999201614,False,
4647,0.0,0,0.0,250016.53407274958,optimal,0.12782189999416005,False,
4648,0.0,0,0.0,250016.53407274958,optimal,0.05994200000714045,False,
4649,0.0,0,0.0,250016.53407274958,optimal,0.06288349999522325,False,
4650,0.0,0,0.0,250016.53407274958,optimal,0.06540590000804514,False,
4651,0.0,0,0.0,250016.53407274958,optimal,0.05744580000464339,False,
4652,0.0,0,0.0,250016.53407274958,optimal,0.05973670000093989,False,
4653,0.0,0,0.0,250016.53407274958,optimal,0.06926370000292081,False,
4654,0.0,0,0.0,250016.53407274958,optimal,0.0697987000021385,False,
4655,0.0,0,0.0,250016.53407274958,optimal,0.05629700000281446,False,
4656,0.0,0,0.0,250016.53407274958,optimal,0.05933799999183975,False,
4657,0.0,0,0.0,250016.53407274958,optimal,0.05105200000980403,False,
4658,0.0,0,0.0,251009.9988774082,optimal,0.056681099988054484,False,
4659,0.0,0,0.0,265459.0294551938,optimal,0.06707839999580756,False,
4660,0.0,0,0.0,281268.11479818943,optimal,0.08934050000971183,False,
4661,0.0,0,0.0,297173.8390685767,optimal,0.06795889999193605,False,
4662,0.0,0,0.0,314444.53274249105,optimal,0.06408870000450406,False,
4663,0.0,0,0.0,328893.70305611845,optimal,0.07534489998943172,False,
4664,0.0,0,0.0,328282.8633004212,optimal,0.13515950000146404,False,
4665,0.0,0,0.0,322852.4213771822,optimal,0.0967613000102574,False,
4666,0.0,0,0.0,281216.80668343656,optimal,0.0708701999974437,False,
4667,0.0,0,0.0,250016.53407274958,optimal,0.06936619999760296,False,
4668,0.0,0,0.0,250016.53407274958,optimal,0.06672490001074038,False,
4669,0.0,0,0.0,250016.53407274958,optimal,0.07428499999514315,False,
4670,0.0,0,0.0,250016.53407274958,optimal,0.06369460000132676,False,
4671,0.0,0,0.0,250016.53407274958,optimal,0.10955249999824446,False,
4672,0.0,0,0.0,250016.53407274958,optimal,0.0740663000033237,False,
4673,0.0,0,0.0,250016.53407274958,optimal,0.06683919999341015,False,
4674,0.0,0,0.0,250016.53407274958,optimal,0.060074499997426756,False,
4675,0.0,0,0.0,250016.53407274958,optimal,0.15193859999999404,False,
4676,0.0,0,0.0,250016.53407274958,optimal,0.07755459999316372,False,
4677,0.0,0,0.0,250016.53407274958,optimal,0.10230430000228807,False,
4678,0.0,0,0.0,250016.53407274958,optimal,0.13897680000809487,False,
4679,0.0,0,0.0,250016.53407274958,optimal,0.07476870001119096,False,
4680,0.0,0,0.0,250016.53407274958,optimal,0.05876400000124704,False,
4681,0.0,0,0.0,250016.53407274958,optimal,0.1155257999926107,False,
4682,0.0,0,0.0,250016.53407274958,optimal,0.06913990000612102,False,
4683,0.0,0,0.0,250016.53407274958,optimal,0.06795140000758693,False,
4684,0.0,0,0.0,250016.53407274958,optimal,0.07276389999606181,False,
4685,0.0,0,0.0,250016.53407274958,optimal,0.055165999991004355,False,
4686,0.0,0,0.0,250016.53407274958,optimal,0.056370100006461143,False,
4687,0.0,0,0.0,250016.53407274958,optimal,0.061457500007236376,False,
4688,0.0,0,0.0,250016.53407274958,optimal,0.06078919999708887,False,
4689,0.0,0,0.0,250016.53407274958,optimal,0.17478729999857023,False,
4690,0.0,0,0.0,250016.53407274958,optimal,0.06454259999736678,False,
4691,0.0,0,0.0,250016.53407274958,optimal,0.14324320000014268,False,
4692,0.0,0,0.0,250016.53407274958,optimal,0.1265986999933375,False,
4693,0.0,0,0.0,250016.53407274958,optimal,0.09526890001143329,False,
4694,0.0,0,0.0,250016.53407274958,optimal,0.07998249999945983,False,
4695,0.0,0,0.0,250016.53407274958,optimal,0.1807639000035124,False,
4696,0.0,0,0.0,250016.53407274958,optimal,0.1637574000051245,False,
4697,0.0,0,0.0,250016.53407274958,optimal,0.16183500000624917,False,
4698,0.0,0,0.0,250016.53407274958,optimal,0.1916038000053959,False,
4699,0.0,0,0.0,250016.53407274958,optimal,0.14231799999834038,False,
4700,0.0,0,0.0,250016.53407274958,optimal,0.06545650000043679,False,
4701,0.0,0,0.0,250016.53407274958,optimal,0.055657099990639836,False,
4702,0.0,0,0.0,250016.53407274958,optimal,0.05860530000063591,False,
4703,0.0,0,0.0,250016.53407274958,optimal,0.05558870000822935,False,
4704,0.0,0,0.0,250016.53407274958,optimal,0.06582309999794234,False,
4705,0.0,0,0.0,250016.53407274958,optimal,0.04992639999545645,False,
4706,0.0,0,0.0,250016.53407274958,optimal,0.06303809999371879,False,
4707,0.0,0,0.0,250016.53407274958,optimal,0.2833309000125155,False,
4708,0.0,0,0.0,250016.53407274958,optimal,0.26803919998928905,False,
4709,0.0,0,0.0,250016.53407274958,optimal,0.23824039999453817,False,
4710,0.0,0,0.0,250016.53407274958,optimal,0.24650819999806117,False,
4711,0.0,0,0.0,250016.53407274958,optimal,0.0991541999974288,False,
4712,0.0,0,0.0,250016.53407274958,optimal,0.07754290000593755,False,
4713,0.0,0,0.0,250016.53407274958,optimal,0.16226569999707863,False,
4714,0.0,0,0.0,250016.53407274958,optimal,0.08762210000713822,False,
4715,0.0,0,0.0,250016.53407274958,optimal,0.08885970000119414,False,
4716,0.0,0,0.0,250016.53407274958,optimal,0.08421710001130123,False,
4717,0.0,0,0.0,250016.53407274958,optimal,0.07719409999845084,False,
4718,0.0,0,0.0,250016.53407274958,optimal,0.08315599999332335,False,
4719,0.0,0,0.0,250016.53407274958,optimal,0.06344520000857301,False,
4720,0.0,0,0.0,250016.53407274958,optimal,0.06020150000404101,False,
4721,0.0,0,0.0,250016.53407274958,optimal,0.05995640000037383,False,
4722,0.0,0,0.0,250016.53407274958,optimal,0.07661329999973532,False,
4723,0.0,0,0.0,250016.53407274958,optimal,0.07386610000685323,False,
4724,0.0,0,0.0,250016.53407274958,optimal,0.06051340000703931,False,
4725,0.0,0,0.0,250016.53407274958,optimal,0.1544453000096837,False,
4726,0.0,0,0.0,250016.53407274958,optimal,0.06917689999681897,False,
4727,0.0,0,0.0,250016.53407274958,optimal,0.07736650000151712,False,
4728,0.0,0,0.0,250016.53407274958,optimal,0.08047529999748804,False,
4729,0.0,0,0.0,250016.53407274958,optimal,0.0744222999928752,False,
4730,0.0,0,0.0,250016.53407274958,optimal,0.13015569999697618,False,
4731,0.0,0,0.0,250016.53407274958,optimal,0.07164209999609739,False,
4732,0.0,0,0.0,250016.53407274958,optimal,0.078621499997098,False,
4733,0.0,0,0.0,250016.53407274958,optimal,0.06486240000231192,False,
4734,0.0,0,0.0,250016.53407274958,optimal,0.06597830000100657,False,
4735,0.0,0,0.0,250016.53407274958,optimal,0.05867299999226816,False,
4736,0.0,0,0.0,263851.12435557775,optimal,0.07256319999578409,False,
4737,0.0,0,0.0,275109.43097784446,optimal,0.06374679999134969,False,
4738,0.0,0,0.0,290398.2137107013,optimal,0.06718450000334997,False,
4739,0.0,0,0.0,305026.773099258,optimal,0.07108869998774026,False,
4740,0.0,0,0.0,317327.6113289845,optimal,0.07385249999060761,False,
4741,0.0,0,0.0,326739.7747780725,optimal,0.06585509999422356,False,
4742,0.0,0,0.0,319460.32842170866,optimal,0.06880110000201967,False,
4743,0.0,0,0.0,291527.38290891633,optimal,0.06575599999632686,False,
4744,0.0,0,0.0,271139.70396406925,optimal,0.11027850001119077,False,
4745,0.0,0,0.0,254172.59698068904,optimal,0.06948089999787044,False,
4746,0.0,0,0.0,250016.53407274958,optimal,0.0723269000009168,False,
4747,0.0,0,0.0,250016.53407274958,optimal,0.17035840000608005,False,
4748,0.0,0,0.0,250016.53407274958,optimal,0.062401999995927326,False,
4749,0.0,0,0.0,250016.53407274958,optimal,0.2204046999977436,False,
4750,0.0,0,0.0,250016.53407274958,optimal,0.319010299994261,False,
4751,0.0,0,0.0,250016.53407274958,optimal,0.2974728999979561,False,
4752,0.0,0,0.0,250016.53407274958,optimal,0.26869490000535734,False,
4753,0.0,0,0.0,250016.53407274958,optimal,0.2513197999942349,False,
4754,0.0,0,0.0,250016.53407274958,optimal,0.21352220000699162,False,
4755,0.0,0,0.0,259424.93218010635,optimal,0.18307009999989532,False,
4756,0.0,0,0.0,267497.4435289911,optimal,0.13985950000642333,False,
4757,0.0,0,0.0,276174.9886812392,optimal,0.0885446000029333,False,
4758,0.0,0,0.0,284294.79081540805,optimal,0.08528919999662321,False,
4759,0.0,0,0.0,296095.72664064605,optimal,0.12511219999578316,False,
4760,0.0,0,0.0,310026.5482879521,optimal,0.05059179999807384,False,
4761,0.0,0,0.0,291517.60917037405,optimal,0.13344979999237694,False,
4762,0.0,0,0.0,290118.1672807244,optimal,0.056050600003800355,False,
4763,0.0,0,0.0,283714.9487684563,optimal,0.05569829999876674,False,
4764,0.0,0,0.0,253783.22512080395,optimal,0.06884969999373425,False,
4765,0.0,0,0.0,250016.53407274958,optimal,0.07121840000036173,False,
4766,0.0,0,0.0,250016.53407274958,optimal,0.060110100006568246,False,
4767,0.0,0,0.0,250016.53407274958,optimal,0.1449881999869831,False,
4768,0.0,0,0.0,250016.53407274958,optimal,0.06268489999638405,False,
4769,0.0,0,0.0,250016.53407274958,optimal,0.07703279999259394,False,
4770,0.0,0,0.0,250016.53407274958,optimal,0.20180969999637455,False,
4771,0.0,0,0.0,250016.53407274958,optimal,0.07284950000757817,False,
4772,0.0,0,0.0,250016.53407274958,optimal,0.08460139999806415,False,
4773,0.0,0,0.0,250016.53407274958,optimal,0.1859896999958437,False,
4774,0.0,0,0.0,250016.53407274958,optimal,0.2802512000052957,False,
4775,0.0,0,0.0,250016.53407274958,optimal,0.15905740000016522,False,
4776,0.0,0,0.0,250016.53407274958,optimal,0.12259690000792034,False,
4777,0.0,0,0.0,250016.53407274958,optimal,0.1401579999946989,False,
4778,0.0,0,0.0,250016.53407274958,optimal,0.09375089999230113,False,
4779,0.0,0,0.0,250016.53407274958,optimal,0.09549669999978505,False,
4780,0.0,0,0.0,250016.53407274958,optimal,0.08000470000843052,False,
4781,0.0,0,0.0,250016.53407274958,optimal,0.06935259999590926,False,
4782,0.0,0,0.0,250016.53407274958,optimal,0.05969339999137446,False,
4783,0.0,0,0.0,250016.53407274958,optimal,0.07406810000247788,False,
4784,0.0,0,0.0,250016.53407274958,optimal,0.06762119999621063,False,
4785,0.0,0,0.0,250016.53407274958,optimal,0.06682079999882262,False,
4786,0.0,0,0.0,250016.53407274958,optimal,0.14742519998981152,False,
4787,0.0,0,0.0,250016.53407274958,optimal,0.1052915999898687,False,
4788,0.0,0,0.0,250016.53407274958,optimal,0.0664348999998765,False,
4789,0.0,0,0.0,250016.53407274958,optimal,0.0728473000053782,False,
4790,0.0,0,0.0,250016.53407274958,optimal,0.08312609999848064,False,
4791,0.0,0,0.0,250016.53407274958,optimal,0.07146019999345299,False,
4792,0.0,0,0.0,250016.53407274958,optimal,0.06794380000792444,False,
4793,0.0,0,0.0,250016.53407274958,optimal,0.05926059999910649,False,
4794,0.0,0,0.0,250016.53407274958,optimal,0.05137109999486711,False,
4795,0.0,0,0.0,250016.53407274958,optimal,0.05747110000811517,False,
4796,0.0,0,0.0,250016.53407274958,optimal,0.05881200000294484,False,
4797,0.0,0,0.0,250016.53407274958,optimal,0.08756780000112485,False,
4798,0.0,0,0.0,250016.53407274958,optimal,0.06744369999796618,False,
4799,0.0,0,0.0,250016.53407274958,optimal,0.0686275000043679,False,
4800,0.0,0,0.0,250016.53407274958,optimal,0.08041759999468923,False,
4801,0.0,0,0.0,250016.53407274958,optimal,0.15781540000170935,False,
4802,0.0,0,0.0,250016.53407274958,optimal,0.07915939998929389,False,
4803,0.0,0,0.0,250016.53407274958,optimal,0.08216649999667425,False,
4804,0.0,0,0.0,250016.53407274958,optimal,0.07647030000225641,False,
4805,0.0,0,0.0,250016.53407274958,optimal,0.10398040000291076,False,
4806,0.0,0,0.0,252513.00209602734,optimal,0.08822289999807253,False,
4807,0.0,0,0.0,266250.8287167922,optimal,0.0733118999924045,False,
4808,0.0,0,0.0,289675.73276083276,optimal,0.0746830999996746,False,
4809,0.0,0,0.0,285785.65338748746,optimal,0.15925919999426696,False,
4810,0.0,0,0.0,289199.8514698736,optimal,0.16483069999958389,False,
4811,0.0,0,0.0,311830.5583239924,optimal,0.15002270000695717,False,
4812,0.0,0,0.0,329920.39399641595,optimal,0.25697740000032354,False,
4813,0.0,0,0.0,347766.6639536778,optimal,0.49584829999366775,False,
4814,0.0,0,0.0,363468.468233415,optimal,0.4560744999907911,False,
4815,0.0,0,0.0,379729.73656773695,optimal,0.4191257000056794,False,
4816,0.0,0,0.0,391180.30632624566,optimal,0.23945900000398979,False,
4817,0.0,0,0.0,398375.22289906844,optimal,0.3444807999912882,False,
4818,0.0,0,0.0,417024.3639882422,optimal,0.25534560000232887,False,
4819,0.0,0,0.0,439990.640001314,optimal,0.2407939999975497,False,
4820,0.0,0,0.0,473968.8449202257,optimal,0.1896541000023717,False,
4821,0.0,0,0.0,493382.63771202666,optimal,0.1382576999894809,False,
4822,0.0,0,0.0,519191.670756256,optimal,0.09070960000099149,False,
4823,0.0,0,0.0,559125.3429444362,optimal,0.092924700002186,False,
4824,0.0,0,0.0,597288.8667323097,optimal,0.10187380001298152,False,
4825,0.0,0,0.0,606451.5278324675,optimal,0.07725390000268817,False,
4826,0.0,0,0.0,580743.9716791528,optimal,0.08821830000670161,False,
4827,0.0,0,0.0,568171.2585234477,optimal,0.08913009999378119,False,
4828,0.0,0,0.0,559304.1676902716,optimal,0.08963180000137072,False,
4829,0.0,0,0.0,562721.7715096377,optimal,0.1600437999877613,False,
4830,0.0,0,0.0,560812.2656650644,optimal,0.07729200000176206,False,
4831,0.0,0,0.0,563621.1217474269,optimal,0.06967330000770744,False,
4832,0.0,0,0.0,567487.6419880217,optimal,0.07808200000727084,False,
4833,0.0,0,0.0,553202.2260971663,optimal,0.1856843999994453,False,
4834,0.0,0,0.0,553140.627541719,optimal,0.07060619999538176,False,
4835,0.0,0,0.0,576339.6633544537,optimal,0.10165309999138117,False,
4836,0.0,0,0.0,568051.1917952993,optimal,0.11763820001215208,False,
4837,0.0,0,0.0,552867.3332228967,optimal,0.09975459999986924,False,
4838,0.0,0,0.0,551899.9244656003,optimal,0.09172089998901356,False,
4839,0.0,0,0.0,548462.3734716886,optimal,0.17510259999835398,False,
4840,0.0,0,0.0,546466.551659218,optimal,0.08572649999405257,False,
4841,0.0,0,0.0,542846.8595938651,optimal,0.08145060000242665,False,
4842,0.0,0,0.0,541259.8451560335,optimal,0.07739039999432862,False,
4843,0.0,0,0.0,548372.4197235123,optimal,0.0656165999971563,False,
4844,0.0,0,0.0,558810.5836459904,optimal,0.07589410000946373,False,
4845,0.0,0,0.0,557852.8837833809,optimal,0.20137710000562947,False,
4846,0.0,0,0.0,567872.4516162694,optimal,0.0895365999895148,False,
4847,0.0,0,0.0,549402.6720101732,optimal,0.12564859999110922,False,
4848,0.0,0,0.0,560431.3393310256,optimal,0.16811869999219198,False,
4849,0.0,0,0.0,601292.6710841458,optimal,0.08619659999385476,False,
4850,0.0,0,0.0,618880.8132468761,optimal,0.07691609999164939,False,
4851,0.0,0,0.0,636994.3632468747,optimal,0.05956460000015795,False,
4852,0.0,0,0.0,655369.0433370656,optimal,0.06999230000656098,False,
4853,0.0,0,0.0,672314.7610590672,optimal,0.05735129999811761,False,
4854,0.0,0,0.0,689432.2048265317,optimal,0.13754270000208635,False,
4855,0.0,0,0.0,704408.5220790954,optimal,0.10581850000016857,False,
4856,0.0,0,0.0,704082.5408998955,optimal,0.08919300000707153,False,
4857,0.0,0,0.0,707666.1852698262,optimal,0.07539859999087639,False,
4858,0.0,0,0.0,711982.7916220408,optimal,0.06566649999876972,False,
4859,0.0,0,0.0,715938.3021663633,optimal,0.12705640000058338,False,
4860,0.0,0,0.0,717897.8892275194,optimal,0.07261199998902157,False,
4861,0.0,0,0.0,718889.857646961,optimal,0.05295280000427738,False,
4862,0.0,0,0.0,696609.2415358217,optimal,0.061722200000076555,False,
4863,0.0,0,0.0,663623.0957410288,optimal,0.08124939999834169,False,
4864,0.0,0,0.0,635768.8414270686,optimal,0.08520539999881294,False,
4865,0.0,0,0.0,585493.2788862846,optimal,0.07499980001011863,False,
4866,0.0,0,0.0,544436.1637001825,optimal,0.054659200002788566,False,
4867,0.0,0,0.0,510834.77951803245,optimal,0.06613410000863951,False,
4868,0.0,0,0.0,496319.39712597337,optimal,0.14313759999640752,False,
4869,0.0,0,0.0,502624.93187576253,optimal,0.21143609999853652,False,
4870,0.0,0,0.0,504889.14379464404,optimal,0.2794255000044359,False,
4871,0.0,0,0.0,501592.0936254795,optimal,0.16409639999619685,False,
4872,0.0,0,0.0,514987.2095945934,optimal,0.09700140000495594,False,
4873,0.0,0,0.0,555393.4435649392,optimal,0.2690779999975348,False,
4874,0.0,0,0.0,600393.4807071689,optimal,0.18863959998998325,False,
4875,0.0,0,0.0,645390.5034779655,optimal,0.0740832000010414,False,
4876,0.0,0,0.0,683080.5279898301,optimal,0.11755969999649096,False,
4877,0.0,0,0.0,714197.6113065344,optimal,0.07946799999626819,False,
4878,0.0,0,0.0,751046.3446311636,optimal,0.06206009999732487,False,
4879,0.0,0,0.0,778276.2653233148,optimal,0.06376859999727458,False,
4880,0.0,0,0.0,806230.08588675,optimal,0.13176440000825096,False,
4881,0.0,0,0.0,788729.1788800004,optimal,0.05481030000373721,False,
4882,0.0,0,0.0,751103.0628022503,optimal,0.07357730000512674,False,
4883,0.0,0,0.0,690118.898838782,optimal,0.0647198000078788,False,
4884,0.0,0,0.0,624724.8596926733,optimal,0.0784064000035869,False,
4885,0.0,0,0.0,592719.1848688156,optimal,0.06874579998839181,False,
4886,0.0,0,0.0,545389.1453495716,optimal,0.06903460000467021,False,
4887,0.0,0,0.0,503471.9580831331,optimal,0.13623160000133794,False,
4888,0.0,0,0.0,465823.2036528336,optimal,0.08103960000153165,False,
4889,0.0,0,0.0,436197.019881819,optimal,0.06858839999767952,False,
4890,0.0,0,0.0,426886.7528548546,optimal,0.07381669999449514,False,
4891,0.0,0,0.0,416615.0852862505,optimal,0.05778360000113025,False,
4892,0.0,0,0.0,425381.0739049739,optimal,0.2374841999990167,False,
4893,0.0,0,0.0,448120.8056407735,optimal,0.18662550000590272,False,
4894,0.0,0,0.0,455509.6035830052,optimal,0.07833939998818096,False,
4895,0.0,0,0.0,469065.3118059269,optimal,0.13674130001163576,False,
4896,0.0,0,0.0,488521.0808855016,optimal,0.12445990000560414,False,
4897,0.0,0,0.0,503669.7138382637,optimal,0.08299779999651946,False,
4898,0.0,0,0.0,512557.62329427956,optimal,0.06293430000368971,False,
4899,0.0,0,0.0,525989.7201524636,optimal,0.10426740000548307,False,
4900,0.0,0,0.0,564339.3951524657,optimal,0.09365450000041164,False,
4901,0.0,0,0.0,580008.8658255656,optimal,0.12150079999992158,False,
4902,0.0,0,0.0,609804.8058402665,optimal,0.06732030000421219,False,
4903,0.0,0,0.0,632345.0011362301,optimal,0.06032709999999497,False,
4904,0.0,0,0.0,649660.8614200547,optimal,0.09141900000395253,False,
4905,0.0,0,0.0,685343.2363560247,optimal,0.08382559999881778,False,
4906,0.0,0,0.0,671216.1314745024,optimal,0.17278219999570865,False,
4907,0.0,0,0.0,654824.6528177026,optimal,0.1131872999976622,False,
4908,0.0,0,0.0,630332.1420874721,optimal,0.10209790000226349,False,
4909,0.0,0,0.0,586865.3983432302,optimal,0.08053510000172537,False,
4910,0.0,0,0.0,560115.6663221468,optimal,0.06304260001343209,False,
4911,0.0,0,0.0,542732.2374382523,optimal,0.07373129999905359,False,
4912,0.0,0,0.0,516094.52052459714,optimal,0.05895710000186227,False,
4913,0.0,0,0.0,518642.75489241956,optimal,0.062145799995050766,False,
4914,0.0,0,0.0,525620.8602379629,optimal,0.06853629999386612,False,
4915,0.0,0,0.0,529357.6264866648,optimal,0.09926909999921918,False,
4916,0.0,0,0.0,528909.8106191804,optimal,0.06056410000019241,False,
4917,0.0,0,0.0,530258.4421447375,optimal,0.06251800000609364,False,
4918,0.0,0,0.0,533922.7595361884,optimal,0.05436190000909846,False,
4919,0.0,0,0.0,542057.9337182734,optimal,0.06767479999689385,False,
4920,0.0,0,0.0,539972.3924336113,optimal,0.07537710000178777,False,
4921,0.0,0,0.0,527641.4954996789,optimal,0.1304526000021724,False,
4922,0.0,0,0.0,514441.59432776144,optimal,0.05057110000052489,False,
4923,0.0,0,0.0,506385.92728215083,optimal,0.05708949999825563,False,
4924,0.0,0,0.0,500201.1343204493,optimal,0.06546860000526067,False,
4925,0.0,0,0.0,494964.84801276465,optimal,0.0603761999955168,False,
4926,0.0,0,0.0,492551.7457008705,optimal,0.06154189999506343,False,
4927,0.0,0,0.0,494304.00918336335,optimal,0.09993260000192095,False,
4928,0.0,0,0.0,498417.0851691866,optimal,0.07978149999689776,False,
4929,0.0,0,0.0,491259.39430270524,optimal,0.07651949999853969,False,
4930,0.0,0,0.0,480319.75079867884,optimal,0.07797569999820553,False,
4931,0.0,0,0.0,459598.6461744997,optimal,0.07315870000456925,False,
4932,0.0,0,0.0,438251.0624838007,optimal,0.07887089998985175,False,
4933,0.0,0,0.0,428034.82424062095,optimal,0.08225719998881686,False,
4934,0.0,0,0.0,439419.95709044306,optimal,0.08811189999687485,False,
4935,0.0,0,0.0,436289.25832506246,optimal,0.0839984999911394,False,
4936,0.0,0,0.0,430423.99527537986,optimal,0.07643539999844506,False,
4937,0.0,0,0.0,419503.6477061117,optimal,0.05557820000103675,False,
4938,0.0,0,0.0,412039.3898427375,optimal,0.05556110000179615,False,
4939,0.0,0,0.0,405582.83014353237,optimal,0.05873399999109097,False,
4940,0.0,0,0.0,392852.3759860216,optimal,0.1112686999986181,False,
4941,0.0,0,0.0,397927.5943215195,optimal,0.0811740000062855,False,
4942,0.0,0,0.0,400993.60842129495,optimal,0.06532249999872874,False,
4943,0.0,0,0.0,405356.9343281636,optimal,0.06671900000947062,False,
4944,0.0,0,0.0,404857.27924580267,optimal,0.059927199996309355,False,
4945,0.0,0,0.0,409588.2270849259,optimal,0.08001900000090245,False,
4946,0.0,0,0.0,426680.28590474545,optimal,0.0835291999974288,False,
4947,0.0,0,0.0,467808.9881087885,optimal,0.15364709999994375,False,
4948,0.0,0,0.0,513140.63810878864,optimal,0.1533553000044776,False,
4949,0.0,0,0.0,562909.267435688,optimal,0.1395561999961501,False,
4950,0.0,0,0.0,612581.9114873928,optimal,0.07990630000131205,False,
4951,0.0,0,0.0,624033.6064489528,optimal,0.21156760001031216,False,
4952,0.0,0,0.0,615609.0950530367,optimal,0.3881569000077434,False,
4953,0.0,0,0.0,644176.0389355648,optimal,0.19591729999228846,False,
4954,0.0,0,0.0,704719.4915576617,optimal,0.1626003999990644,False,
4955,0.0,0,0.0,761069.4600615621,optimal,0.14837169999373145,False,
4956,0.0,0,0.0,818555.1383115608,optimal,0.2902838000009069,False,
4957,0.0,0,0.0,876896.919668555,optimal,0.4279508000036003,False,
4958,0.0,0,0.0,906487.0455004777,optimal,0.36867320000601467,False,
4959,0.0,0,0.0,923541.7220029782,optimal,0.3444450999959372,False,
4960,0.0,0,0.0,923015.8311829772,optimal,0.26579460001084954,False,
4961,0.0,0,0.0,923750.6352755956,optimal,0.19782970000233036,False,
4962,0.0,0,0.0,914915.8643111616,optimal,0.16169379999337252,False,
4963,0.0,0,0.0,905649.1689585034,optimal,0.08367550000548363,False,
4964,0.0,0,0.0,899894.4906549326,optimal,0.07642939999641385,False,
4965,0.0,0,0.0,932872.8721806771,optimal,0.07576769999286626,False,
4966,0.0,0,0.0,962032.6517136034,optimal,0.052070999998250045,False,
4967,0.0,0,0.0,981268.1841848085,optimal,0.15926889999536797,False,
4968,0.0,0,0.0,979429.6861799685,optimal,0.1092583999998169,False,
4969,0.0,0,0.0,994242.5065103723,optimal,0.0755724999908125,False,
4970,0.0,0,0.0,1040337.8357912598,optimal,0.07513250000192784,False,
4971,0.0,0,0.0,1058601.53579126,optimal,0.06437770000775345,False,
4972,0.0,0,0.0,1100421.7009061577,optimal,0.13849800000025425,False,
4973,0.0,0,0.0,1117647.9526876481,optimal,0.1403452000085963,False,
4974,0.0,0,0.0,1129208.719885683,optimal,0.09513660000811797,False,
4975,0.0,0,0.0,1141068.511071168,optimal,0.13957230000232812,False,
4976,0.0,0,0.0,1142520.3922426554,optimal,0.08354809999582358,False,
4977,0.0,0,0.0,1145775.4161761422,optimal,0.08686719999241177,False,
4978,0.0,0,0.0,1131245.0257535027,optimal,0.08536980001372285,False,
4979,0.0,0,0.0,1119563.905908636,optimal,0.09766339999623597,False,
4980,0.0,0,0.0,1120499.1099734302,optimal,0.0747607999946922,False,
4981,0.0,0,0.0,1082169.7680134312,optimal,0.07126070000231266,False,
4982,0.0,0,0.0,1064363.4986234312,optimal,0.0677292999898782,False,
4983,0.0,0,0.0,1048118.8356434312,optimal,0.06535079999594018,False,
4984,0.0,0,0.0,1017471.6836534307,optimal,0.07103440001083072,False,
4985,0.0,0,0.0,995842.6826234312,optimal,0.43861170001036953,False,
4986,0.0,0,0.0,990209.4202019415,optimal,0.07047260001127142,False,
4987,0.0,0,0.0,989668.5045304436,optimal,0.39178000000538304,False,
4988,0.0,0,0.0,1000148.8656583425,optimal,0.36808949999976903,False,
4989,0.0,0,0.0,1002484.861833421,optimal,0.3326078999962192,False,
4990,0.0,0,0.0,1003253.5958513961,optimal,0.2556170000025304,False,
4991,0.0,0,0.0,1027167.7554495995,optimal,0.2148182000091765,False,
4992,0.0,0,0.0,1072648.4901350562,optimal,0.10048449999885634,False,
4993,0.0,0,0.0,1115571.9559360014,optimal,0.08193610000307672,False,
4994,0.0,0,0.0,1132681.9739780729,optimal,0.07059789999038912,False,
4995,0.0,0,0.0,1150491.7167020726,optimal,0.07253020000644028,False,
4996,0.0,0,0.0,1188128.6884565158,optimal,0.05859050000435673,False,
4997,0.0,0,0.0,1214916.884207576,optimal,0.07726930000353605,False,
4998,0.0,0,0.0,1225117.0738726184,optimal,0.06074020000232849,False,
4999,0.0,0,0.0,1259876.1862408372,optimal,0.135510099993553,False,
5000,0.0,0,0.0,1267864.546318648,optimal,0.06706539999868255,False,
5001,0.0,0,0.0,1259449.4285006984,optimal,0.1710604000109015,False,
5002,0.0,0,0.0,1241338.6851793353,optimal,0.12052920000860468,False,
5003,0.0,0,0.0,1217756.1203552715,optimal,0.09346050000749528,False,
5004,0.0,0,0.0,1186022.9447888397,optimal,0.0898736000090139,False,
5005,0.0,0,0.0,1151163.3014597853,optimal,0.1011931000102777,False,
5006,0.0,0,0.0,1156016.2525582456,optimal,0.10663090000161901,False,
5007,0.0,0,0.0,1164620.670159922,optimal,0.18537069999729283,False,
5008,0.0,0,0.0,1160444.7067665523,optimal,0.20687049999833107,False,
5009,0.0,0,0.0,1162714.537254151,optimal,0.25411770000937395,False,
5010,0.0,0,0.0,1173855.8843296033,optimal,0.16486960000474937,False,
5011,0.0,0,0.0,1198087.3769764497,optimal,0.26223290000052657,False,
5012,0.0,0,0.0,1241911.076248797,optimal,0.22742539999308065,False,
5013,0.0,0,0.0,1299780.8259485355,optimal,0.18359810000401922,False,
5014,0.0,0,0.0,1359537.1926095716,optimal,0.14212319999933243,False,
5015,0.0,0,0.0,1420858.1708707288,optimal,0.15955289998964872,False,
5016,0.0,0,0.0,1518790.62081629,optimal,0.08292179999989457,False,
5017,0.0,0,0.0,1537098.469906283,optimal,0.09049060000688769,False,
5018,0.0,0,0.0,1553145.6655619636,optimal,0.05217489998904057,False,
5019,0.0,0,0.0,1567929.458243134,optimal,0.21649510000133887,False,
5020,0.0,0,0.0,1586269.373243135,optimal,0.18681660000584088,False,
5021,0.0,0,0.0,1605260.4982431345,optimal,0.15300890000071377,False,
5022,0.0,0,0.0,1655559.0454603645,optimal,0.19218650000402704,False,
5023,0.0,0,0.0,1697288.5258196744,optimal,0.08664170000702143,False,
5024,0.0,0,0.0,1696320.5416433504,optimal,0.08307619999686722,False,
5025,0.0,0,0.0,1680786.46747251,optimal,0.09631799999624491,False,
5026,0.0,0,0.0,1668067.227988633,optimal,0.0741180000040913,False,
5027,0.0,0,0.0,1644822.4692260346,optimal,0.06871599999431055,False,
5028,0.0,0,0.0,1616304.5591572179,optimal,0.08870390000811312,False,
5029,0.0,0,0.0,1588186.2845455843,optimal,0.062061299991910346,False,
5030,0.0,0,0.0,1560650.943360243,optimal,0.0754779000126291,False,
5031,0.0,0,0.0,1564773.5993763246,optimal,0.09490789999836124,False,
5032,0.0,0,0.0,1571046.5945974174,optimal,0.07107429999450687,False,
5033,0.0,0,0.0,1567105.352694316,optimal,0.1254317999992054,False,
5034,0.0,0,0.0,1571796.3395447102,optimal,0.08971680000831839,False,
5035,0.0,0,0.0,1603721.809517596,optimal,0.06283179999445565,False,
5036,0.0,0,0.0,1625022.1526812962,optimal,0.07169209999847226,False,
5037,0.0,0,0.0,1668149.785955733,optimal,0.06718460000411142,False,
5038,0.0,0,0.0,1739067.7566758716,optimal,0.16783260001102462,False,
5039,0.0,0,0.0,1794279.3473866151,optimal,0.08148330000403803,False,
5040,0.0,0,0.0,1841899.3709939937,optimal,0.0875819000066258,False,
5041,0.0,0,0.0,1862438.291445305,optimal,0.07793139999557752,False,
5042,0.0,0,0.0,1880584.5300477722,optimal,0.13264470000285655,False,
5043,0.0,0,0.0,1899507.3100477722,optimal,0.06626740000501741,False,
5044,0.0,0,0.0,1945350.320047772,optimal,0.06259469999349676,False,
5045,0.0,0,0.0,1954601.4740476997,optimal,0.06278169999131933,False,
5046,0.0,0,0.0,2000865.0880981947,optimal,0.07685209999908693,False,
5047,0.0,0,0.0,2019947.5108956245,optimal,0.11056739999912679,False,
5048,0.0,0,0.0,2026774.8649622288,optimal,0.056568999993032776,False,
5049,0.0,0,0.0,2016439.685167124,optimal,0.12721059999603312,False,
5050,0.0,0,0.0,1988406.2560519206,optimal,0.10590560000855476,False,
5051,0.0,0,0.0,1957035.0898316656,optimal,0.08073269999295007,False,
5052,0.0,0,0.0,1925818.5163925854,optimal,0.07816530000127386,False,
5053,0.0,0,0.0,1885484.1819894344,optimal,0.14185669999278616,False,
5054,0.0,0,0.0,1824116.9109836102,optimal,0.07868939999025315,False,
5055,0.0,0,0.0,1761890.7362663185,optimal,0.10538239999732468,False,
5056,0.0,0,0.0,1708366.5202301939,optimal,0.08453710000321735,False,
5057,0.0,0,0.0,1656875.2997160999,optimal,0.06627939999452792,False,
5058,0.0,0,0.0,1597009.9312151314,optimal,0.05143020000832621,False,
5059,0.0,0,0.0,1545701.61503842,optimal,0.06430919999547768,False,
5060,0.0,0,0.0,1539781.7679377925,optimal,0.06066800000553485,False,
5061,0.0,0,0.0,1543485.7611185662,optimal,0.0610848999931477,False,
5062,0.0,0,0.0,1537940.7400239832,optimal,0.06763970000611152,False,
5063,0.0,0,0.0,1515513.6252891517,optimal,0.05862389999674633,False,
5064,0.0,0,0.0,1536863.0250499595,optimal,0.07668369999737479,False,
5065,0.0,0,0.0,1556687.0480458322,optimal,0.06704310000350233,False,
5066,0.0,0,0.0,1591723.0703282654,optimal,0.07091779999609571,False,
5067,0.0,0,0.0,1608540.469642406,optimal,0.11868549999780953,False,
5068,0.0,0,0.0,1620812.8022839362,optimal,0.07517599999846425,False,
5069,0.0,0,0.0,1660988.8778605545,optimal,0.0885553000116488,False,
5070,0.0,0,0.0,1688244.277944623,optimal,0.06272969998826738,False,
5071,0.0,0,0.0,1710929.8313343846,optimal,0.06432740000309423,False,
5072,0.0,0,0.0,1733800.3651395093,optimal,0.1430901999992784,False,
5073,0.0,0,0.0,1726300.8466623,optimal,0.06482119999418501,False,
5074,0.0,0,0.0,1680686.8613301553,optimal,0.1474471999972593,False,
5075,0.0,0,0.0,1611920.011203798,optimal,0.09058099999674596,False,
5076,0.0,0,0.0,1542936.3627625685,optimal,0.08468320000974927,False,
5077,0.0,0,0.0,1478290.0887566642,optimal,0.08978780001052655,False,
5078,0.0,0,0.0,1416555.3157511293,optimal,0.08391889999620616,False,
5079,0.0,0,0.0,1334381.4613581274,optimal,0.08548080000036862,False,
5080,0.0,0,0.0,1258437.36843848,optimal,0.08299170000827871,False,
5081,0.0,0,0.0,1204624.5141845595,optimal,0.08765889999631327,False,
5082,0.0,0,0.0,1145208.5492919174,optimal,0.09048620000248775,False,
5083,0.0,0,0.0,1097684.2904268,optimal,0.08111919999646489,False,
5084,0.0,0,0.0,1079036.8930555603,optimal,0.07197650001035072,False,
5085,0.0,0,0.0,1062461.4544431726,optimal,0.0656989999988582,False,
5086,0.0,0,0.0,1047509.1589994386,optimal,0.06408650000230409,False,
5087,0.0,0,0.0,1083302.9751178208,optimal,0.13210719999915455,False,
5088,0.0,0,0.0,1121198.2284549016,optimal,0.10060459999658633,False,
5089,0.0,0,0.0,1163485.219788226,optimal,0.12361399999645073,False,
5090,0.0,0,0.0,1199692.3083212199,optimal,0.07134160000714473,False,
5091,0.0,0,0.0,1233735.2666690229,optimal,0.07474879999062978,False,
5092,0.0,0,0.0,1268049.325016827,optimal,0.0695828000025358,False,
5093,0.0,0,0.0,1293401.2053560205,optimal,0.07962509999924805,False,
5094,0.0,0,0.0,1313769.2742136696,optimal,0.06016170000657439,False,
5095,0.0,0,0.0,1343120.953941507,optimal,0.0512822999880882,False,
5096,0.0,0,0.0,1353413.763966729,optimal,0.06310060000396334,False,
5097,0.0,0,0.0,1335854.437316752,optimal,0.09696180000901222,False,
5098,0.0,0,0.0,1289488.9693097079,optimal,0.0648020000080578,False,
5099,0.0,0,0.0,1226364.7197695116,optimal,0.07338570000138134,False,
5100,0.0,0,0.0,1163650.2580514778,optimal,0.0537425000075018,False,
5101,0.0,0,0.0,1152953.507640237,optimal,0.06912139999622013,False,
5102,0.0,0,0.0,1134631.1166716565,optimal,0.06274629999825265,False,
5103,0.0,0,0.0,1135552.671203827,optimal,0.09514770000532735,False,
5104,0.0,0,0.0,1122254.3606416485,optimal,0.07165310000709724,False,
5105,0.0,0,0.0,1115941.7326958247,optimal,0.07420299999648705,False,
5106,0.0,0,0.0,1129436.8336366594,optimal,0.09134880000783596,False,
5107,0.0,0,0.0,1157939.7742475315,optimal,0.07872000000497792,False,
5108,0.0,0,0.0,1134759.5274229117,optimal,0.07006350001029205,False,
5109,0.0,0,0.0,1137733.0817840495,optimal,0.08349099999759346,False,
5110,0.0,0,0.0,1147547.0422911656,optimal,0.05382459999236744,False,
5111,0.0,0,0.0,1137970.1714898923,optimal,0.07680140000593383,False,
5112,0.0,0,0.0,1125138.1546824868,optimal,0.07035519999044482,False,
5113,0.0,0,0.0,1141324.3105178198,optimal,0.07077700000081677,False,
5114,0.0,0,0.0,1168287.2892524689,optimal,0.05657289999362547,False,
5115,0.0,0,0.0,1179258.923179591,optimal,0.05904600000940263,False,
5116,0.0,0,0.0,1196106.3305783882,optimal,0.06891539999924134,False,
5117,0.0,0,0.0,1224189.726134074,optimal,0.0839717000053497,False,
5118,0.0,0,0.0,1249086.5347687877,optimal,0.09553900000173599,False,
5119,0.0,0,0.0,1249476.6704995597,optimal,0.0614480999938678,False,
5120,0.0,0,0.0,1256352.3956875214,optimal,0.06987320000189357,False,
5121,0.0,0,0.0,1247726.5496571632,optimal,0.09544849999656435,False,
5122,0.0,0,0.0,1271252.0098095874,optimal,0.07701470000029076,False,
5123,0.0,0,0.0,1300981.5913768082,optimal,0.1288875000027474,False,
5124,0.0,0,0.0,1327065.3867836227,optimal,0.08669589999772143,False,
5125,0.0,0,0.0,1351278.9695500266,optimal,0.07899209999595769,False,
5126,0.0,0,0.0,1415196.0481172113,optimal,0.14155539999774192,False,
5127,0.0,0,0.0,1416182.834260959,optimal,0.07294440000259783,False,
5128,0.0,0,0.0,1429388.1629044206,optimal,0.07582790000014938,False,
5129,0.0,0,0.0,1438125.5695521568,optimal,0.06638030000613071,False,
5130,0.0,0,0.0,1440240.9212006312,optimal,0.06522109999787062,False,
5131,0.0,0,0.0,1426512.991940703,optimal,0.0708563999942271,False,
5132,0.0,0,0.0,1433375.6816861657,optimal,0.06132619999698363,False,
5133,0.0,0,0.0,1475399.194844666,optimal,0.06050839999807067,False,
5134,0.0,0,0.0,1526872.5974523837,optimal,0.06650299999455456,False,
5135,0.0,0,0.0,1557298.1850158803,optimal,0.07672399999864865,False,
5136,0.0,0,0.0,1574905.6390197754,optimal,0.06732760000159033,False,
5137,0.0,0,0.0,1580988.9427128173,optimal,0.06682609999552369,False,
5138,0.0,0,0.0,1592928.0170519392,optimal,0.0633224000048358,False,
5139,0.0,0,0.0,1625764.5803997417,optimal,0.06259020000288729,False,
5140,0.0,0,0.0,1627042.2354577899,optimal,0.1279740000027232,False,
5141,0.0,0,0.0,1659312.9488991923,optimal,0.06384999999136198,False,
5142,0.0,0,0.0,1702411.865302825,optimal,0.07308119999652263,False,
5143,0.0,0,0.0,1772387.7128533584,optimal,0.07438299999921583,False,
5144,0.0,0,0.0,1813794.3284392264,optimal,0.063328599993838,False,
5145,0.0,0,0.0,1823015.0940864848,optimal,0.07779500000469852,False,
5146,0.0,0,0.0,1824374.0577693563,optimal,0.06118800000695046,False,
5147,0.0,0,0.0,1813464.1998417766,optimal,0.07851469999877736,False,
5148,0.0,0,0.0,1800427.0103141773,optimal,0.1392005999950925,False,
5149,0.0,0,0.0,1794417.4965034914,optimal,0.061388000001898035,False,
5150,0.0,0,0.0,1780826.5667417669,optimal,0.07945200000540353,False,
5151,0.0,0,0.0,1773492.5971917398,optimal,0.07003020000411198,False,
5152,0.0,0,0.0,1760335.089531205,optimal,0.07681739999679849,False,
5153,0.0,0,0.0,1762981.334075577,optimal,0.06916590000037104,False,
5154,0.0,0,0.0,1744936.213295266,optimal,0.0641477000026498,False,
5155,0.0,0,0.0,1745147.9868174612,optimal,0.06896299999789335,False,
5156,0.0,0,0.0,1747734.16176286,optimal,0.05530490000091959,False,
5157,0.0,0,0.0,1737206.0819158235,optimal,0.06557839999732096,False,
5158,0.0,0,0.0,1742256.0440354822,optimal,0.07418510000570677,False,
5159,0.0,0,0.0,1756923.7027000687,optimal,0.06843680000747554,False,
5160,0.0,0,0.0,1786090.4302487513,optimal,0.059357400008593686,False,
5161,0.0,0,0.0,1844815.8677670935,optimal,0.07056629999715369,False,
5162,0.0,0,0.0,1858531.8354340943,optimal,0.07795989999431185,False,
5163,0.0,0,0.0,1904995.8290073243,optimal,0.06537050000042655,False,
5164,0.0,0,0.0,1920371.0753144012,optimal,0.1525642000051448,False,
5165,0.0,0,0.0,1939679.5526412125,optimal,0.07234759999846574,False,
5166,0.0,0,0.0,1953959.296543147,optimal,0.05773390000103973,False,
5167,0.0,0,0.0,2021581.5025823982,optimal,0.06868409999879077,False,
5168,0.0,0,0.0,2018052.8833355834,optimal,0.12771719999727793,False,
5169,0.0,0,0.0,1983681.1643408937,optimal,0.08585849999508355,False,
5170,0.0,0,0.0,1909080.9950511255,optimal,0.0887522999983048,False,
5171,0.0,0,0.0,1863437.8642912365,optimal,0.06193100000382401,False,
5172,0.0,0,0.0,1815266.6340183471,optimal,0.0735899999999674,False,
5173,0.0,0,0.0,1763437.936413187,optimal,0.06894610000017565,False,
5174,0.0,0,0.0,1730192.5364780226,optimal,0.07409419999748934,False,
5175,0.0,0,0.0,1701200.3221306559,optimal,0.13026850001187995,False,
5176,0.0,0,0.0,1673025.717861874,optimal,0.06684050000330899,False,
5177,0.0,0,0.0,1664707.8481299237,optimal,0.05820460000541061,False,
5178,0.0,0,0.0,1657744.8230589104,optimal,0.07237310000346042,False,
5179,0.0,0,0.0,1662627.2712786314,optimal,0.1272197999933269,False,
5180,0.0,0,0.0,1685600.911766281,optimal,0.06360789999598637,False,
5181,0.0,0,0.0,1688726.5230065424,optimal,0.07349689998955,False,
5182,0.0,0,0.0,1712742.2735758882,optimal,0.08563059999141842,False,
5183,0.0,0,0.0,1764337.2493795343,optimal,0.06631779999588616,False,
5184,0.0,0,0.0,1783053.2332989953,optimal,0.09002889999828767,False,
5185,0.0,0,0.0,1801516.7312582196,optimal,0.0718326999922283,False,
5186,0.0,0,0.0,1814336.8805973402,optimal,0.07977389999723528,False,
5187,0.0,0,0.0,1827319.6899364619,optimal,0.06215660000452772,False,
5188,0.0,0,0.0,1840153.3942755826,optimal,0.05311520000395831,False,
5189,0.0,0,0.0,1854125.7186147035,optimal,0.06188049999764189,False,
5190,0.0,0,0.0,1867110.6056102796,optimal,0.10892790000070818,False,
5191,0.0,0,0.0,1883310.746799364,optimal,0.060889700005645864,False,
5192,0.0,0,0.0,1876719.392303584,optimal,0.07456410001032054,False,
5193,0.0,0,0.0,1839811.2687269612,optimal,0.08248529999400489,False,
5194,0.0,0,0.0,1815796.6129764142,optimal,0.06664319999981672,False,
5195,0.0,0,0.0,1787908.803997762,optimal,0.07306500000413507,False,
5196,0.0,0,0.0,1756105.54229869,optimal,0.05645560000266414,False,
5197,0.0,0,0.0,1722505.9396546904,optimal,0.08459690000745468,False,
5198,0.0,0,0.0,1690058.5120106891,optimal,0.05700859999342356,False,
5199,0.0,0,0.0,1658153.2843666899,optimal,0.14019430000917055,False,
5200,0.0,0,0.0,1628527.0489157303,optimal,0.05747870000777766,False,
5201,0.0,0,0.0,1527991.7381423812,optimal,0.0717166999966139,False,
5202,0.0,0,0.0,1494624.7685522404,optimal,0.06258250000246335,False,
5203,0.0,0,0.0,1491578.6743116498,optimal,0.0659451999963494,False,
5204,0.0,0,0.0,1500739.9673905782,optimal,0.07514870000886731,False,
5205,0.0,0,0.0,1517745.4331143645,optimal,0.07208369999716524,False,
5206,0.0,0,0.0,1536337.660013929,optimal,0.052690799988340586,False,
5207,0.0,0,0.0,1536215.6650139291,optimal,0.07045850000577047,False,
5208,0.0,0,0.0,1535307.4800139281,optimal,0.07652069999312516,False,
5209,0.0,0,0.0,1541958.5050265277,optimal,0.06913930000155233,False,
5210,0.0,0,0.0,1542737.1617591137,optimal,0.05803929999819957,False,
5211,0.0,0,0.0,1557261.3146401297,optimal,0.07364520001283381,False,
5212,0.0,0,0.0,1562979.8705653886,optimal,0.07578440000361297,False,
5213,0.0,0,0.0,1577193.9138601995,optimal,0.059299700005794875,False,
5214,0.0,0,0.0,1579471.1538602,optimal,0.13030440000875387,False,
5215,0.0,0,0.0,1585503.128860201,optimal,0.05690440000034869,False,
5216,0.0,0,0.0,1588972.6115364279,optimal,0.06756979999772739,False,
5217,0.0,0,0.0,1597963.6259035775,optimal,0.07064710000122432,False,
5218,0.0,0,0.0,1601736.217666369,optimal,0.06522089999634773,False,
5219,0.0,0,0.0,1595043.0866488693,optimal,0.1738966000120854,False,
5220,0.0,0,0.0,1583554.2930740495,optimal,0.15361540000594687,False,
5221,0.0,0,0.0,1578532.2107394275,optimal,0.09243620000779629,False,
5222,0.0,0,0.0,1560500.4065092732,optimal,0.07741239998722449,False,
5223,0.0,0,0.0,1525137.7601211716,optimal,0.08332140000129584,False,
5224,0.0,0,0.0,1496406.109625242,optimal,0.08216959999117535,False,
5225,0.0,0,0.0,1495217.2049167578,optimal,0.08145779999904335,False,
5226,0.0,0,0.0,1477134.21621098,optimal,0.05861180000647437,False,
5227,0.0,0,0.0,1458190.3369007516,optimal,0.07522620000236202,False,
5228,0.0,0,0.0,1467917.1774856704,optimal,0.15892940000048839,False,
5229,0.0,0,0.0,1477090.1924449825,optimal,0.09049729999969713,False,
5230,0.0,0,0.0,1489946.660496685,optimal,0.08126269999775104,False,
5231,0.0,0,0.0,1492506.593811862,optimal,0.0829611999943154,False,
5232,0.0,0,0.0,1503251.1322405534,optimal,0.13690379999752622,False,
5233,0.0,0,0.0,1502145.2540172176,optimal,0.06339440000010654,False,
5234,0.0,0,0.0,1505380.7177968528,optimal,0.10190120000333991,False,
5235,0.0,0,0.0,1501040.9185728317,optimal,0.08799189999990631,False,
5236,0.0,0,0.0,1499481.0632697958,optimal,0.07779360000859015,False,
5237,0.0,0,0.0,1524431.7745540636,optimal,0.20238839999365155,False,
5238,0.0,0,0.0,1535094.5502364044,optimal,0.13284520000161137,False,
5239,0.0,0,0.0,1552856.5773009723,optimal,0.0908662000001641,False,
5240,0.0,0,0.0,1564858.658244712,optimal,0.09981430000334512,False,
5241,0.0,0,0.0,1557758.8922566632,optimal,0.0925308000005316,False,
5242,0.0,0,0.0,1547844.949196498,optimal,0.0679760999919381,False,
5243,0.0,0,0.0,1536750.2349484833,optimal,0.06881100000464357,False,
5244,0.0,0,0.0,1531480.1000189395,optimal,0.07363280000572558,False,
5245,0.0,0,0.0,1538618.7251082934,optimal,0.15564009999798145,False,
5246,0.0,0,0.0,1554117.3047390245,optimal,0.06758430000627413,False,
5247,0.0,0,0.0,1557946.0896293842,optimal,0.13825820000784006,False,
5248,0.0,0,0.0,1604061.2157593563,optimal,0.062043000012636185,False,
5249,0.0,0,0.0,1602165.8653114776,optimal,0.12216630000330042,False,
5250,0.0,0,0.0,1609602.3841945494,optimal,0.07378030000836588,False,
5251,0.0,0,0.0,1649901.6025937216,optimal,0.08428520000597928,False,
5252,0.0,0,0.0,1704970.929978609,optimal,0.07655610000074375,False,
5253,0.0,0,0.0,1755610.8793940644,optimal,0.08665489999111742,False,
5254,0.0,0,0.0,1774463.525372407,optimal,0.07590100000379607,False,
5255,0.0,0,0.0,1814752.161424411,optimal,0.07472449999477249,False,
5256,0.0,0,0.0,1829239.575763531,optimal,0.0715687999909278,False,
5257,0.0,0,0.0,1848977.6710761585,optimal,0.11808400000154506,False,
5258,0.0,0,0.0,1875178.2469740645,optimal,0.07376169999770354,False,
5259,0.0,0,0.0,1905596.2164227983,optimal,0.05897900000854861,False,
5260,0.0,0,0.0,1918524.80576192,optimal,0.1061420000041835,False,
5261,0.0,0,0.0,1932239.5851010412,optimal,0.0933184000023175,False,
5262,0.0,0,0.0,1970837.0234488444,optimal,0.0791153000027407,False,
5263,0.0,0,0.0,1973218.9737293879,optimal,0.06327059998875484,False,
5264,0.0,0,0.0,1984225.2758676654,optimal,0.0679933999927016,False,
5265,0.0,0,0.0,2004493.0989746018,optimal,0.07551059999968857,False,
5266,0.0,0,0.0,2010099.2271567099,optimal,0.521207300000242,False,
5267,0.0,0,0.0,2011799.4815644915,optimal,0.06871620001038536,False,
5268,0.0,0,0.0,2010187.5757555338,optimal,0.47565760000725277,False,
5269,0.0,0,0.0,1972955.6969419443,optimal,0.45610450000094716,False,
5270,0.0,0,0.0,1933468.9693980843,optimal,0.43961610000405926,False,
5271,0.0,0,0.0,1923847.4202444046,optimal,0.40513270000519697,False,
5272,0.0,0,0.0,1930820.3688506621,optimal,0.37813010001264047,False,
5273,0.0,0,0.0,1935834.4819728448,optimal,0.34125260000291746,False,
5274,0.0,0,0.0,1977526.802403268,optimal,0.3010137999954168,False,
5275,0.0,0,0.0,2015715.1424378445,optimal,0.2677710999996634,False,
5276,0.0,0,0.0,2071622.7973412497,optimal,0.30832620000001043,False,
5277,0.0,0,0.0,2087549.7722467615,optimal,0.14967469999101013,False,
5278,0.0,0,0.0,2112685.9918972263,optimal,0.1366682999941986,False,
5279,0.0,0,0.0,2139539.805573641,optimal,0.11049679999996442,False,
5280,0.0,0,0.0,2167655.478794316,optimal,0.0937817000085488,False,
5281,0.0,0,0.0,2215396.9979844247,optimal,0.1575639999937266,False,
5282,0.0,0,0.0,2257791.136891715,optimal,0.15827960000024177,False,
5283,0.0,0,0.0,2286700.3922307175,optimal,0.17641230000299402,False,
5284,0.0,0,0.0,2312336.957290133,optimal,0.1584722999978112,False,
5285,0.0,0,0.0,2350340.6245182557,optimal,0.14410160000261385,False,
5286,0.0,0,0.0,2360967.855148223,optimal,0.15538569999625906,False,
5287,0.0,0,0.0,2376172.0491566835,optimal,0.23323209999944083,False,
5288,0.0,0,0.0,2380794.8413591483,optimal,0.08718180000141729,False,
5289,0.0,0,0.0,2374213.795925901,optimal,0.07007420000445563,False,
5290,0.0,0,0.0,2314471.62718811,optimal,0.13126519999059383,False,
5291,0.0,0,0.0,2227346.5745934877,optimal,0.06279209999775048,False,
5292,0.0,0,0.0,2128671.392236897,optimal,0.06990000000223517,False,
5293,0.0,0,0.0,2025892.811342004,optimal,0.07040779999806546,False,
5294,0.0,0,0.0,1919882.3850782267,optimal,0.07739249999576714,False,
5295,0.0,0,0.0,1819575.629465117,optimal,0.05493969999952242,False,
5296,0.0,0,0.0,1775807.4248211945,optimal,0.06320800000685267,False,
5297,0.0,0,0.0,1698842.3847982856,optimal,0.11892950000765268,False,
5298,0.0,0,0.0,1616552.3148245271,optimal,0.08575460000429302,False,
5299,0.0,0,0.0,1550245.2387663492,optimal,0.07551919999241363,False,
5300,0.0,0,0.0,1516369.170247659,optimal,0.07331369999155868,False,
5301,0.0,0,0.0,1524079.9393960694,optimal,0.06468019999738317,False,
5302,0.0,0,0.0,1511325.7846001326,optimal,0.17442290000326466,False,
5303,0.0,0,0.0,1534764.2273978712,optimal,0.06372279999777675,False,
5304,0.0,0,0.0,1554888.1941011986,optimal,0.08175949999713339,False,
5305,0.0,0,0.0,1577898.168215698,optimal,0.06273140000121202,False,
5306,0.0,0,0.0,1587810.8515141616,optimal,0.08297289999609347,False,
5307,0.0,0,0.0,1620492.1156173884,optimal,0.09489700000267476,False,
5308,0.0,0,0.0,1632741.5828924284,optimal,0.07841400000324938,False,
5309,0.0,0,0.0,1667652.0612402323,optimal,0.07917679999081884,False,
5310,0.0,0,0.0,1705720.8545880362,optimal,0.06130090000806376,False,
5311,0.0,0,0.0,1711003.907780563,optimal,0.07815659999323543,False,
5312,0.0,0,0.0,1714780.856998142,optimal,0.06698099999630358,False,
5313,0.0,0,0.0,1734755.1993578805,optimal,0.0711664000118617,False,
5314,0.0,0,0.0,1699994.3777530876,optimal,0.05319049999525305,False,
5315,0.0,0,0.0,1649909.9052039105,optimal,0.06634950000443496,False,
5316,0.0,0,0.0,1598728.1472129053,optimal,0.05203790000814479,False,
5317,0.0,0,0.0,1618572.6083679593,optimal,0.0714637000055518,False,
5318,0.0,0,0.0,1586051.088431031,optimal,0.06644300000334624,False,
5319,0.0,0,0.0,1515733.33581919,optimal,0.08116709999740124,False,
5320,0.0,0,0.0,1451165.4370437854,optimal,0.06691649999993388,False,
5321,0.0,0,0.0,1365874.0669989972,optimal,0.06542569999874104,False,
5322,0.0,0,0.0,1290386.977264967,optimal,0.07882860000245273,False,
5323,0.0,0,0.0,1224303.7664457713,optimal,0.14805569998861756,False,
5324,0.0,0,0.0,1182217.2855529408,optimal,0.07292839999718126,False,
5325,0.0,0,0.0,1170413.4191143827,optimal,0.05356110000866465,False,
5326,0.0,0,0.0,1168242.2482999584,optimal,0.07800720000523143,False,
5327,0.0,0,0.0,1155697.1440951088,optimal,0.06662230000074487,False,
5328,0.0,0,0.0,1158334.2480241945,optimal,0.06713139999192208,False,
5329,0.0,0,0.0,1164196.1473457834,optimal,0.07763370001339354,False,
5330,0.0,0,0.0,1164697.6823457826,optimal,0.07098479999694973,False,
5331,0.0,0,0.0,1166256.5049090427,optimal,0.06844780000392348,False,
5332,0.0,0,0.0,1176394.2692225776,optimal,0.06931420000910293,False,
5333,0.0,0,0.0,1195028.642258219,optimal,0.0653630000015255,False,
5334,0.0,0,0.0,1203077.5925484775,optimal,0.05631179999909364,False,
5335,0.0,0,0.0,1208215.639287713,optimal,0.061378200000035577,False,
5336,0.0,0,0.0,1201444.7944808612,optimal,0.05468470000778325,False,
5337,0.0,0,0.0,1166210.8389433238,optimal,0.058392999999341555,False,
5338,0.0,0,0.0,1199294.3879461265,optimal,0.07602849999966566,False,
5339,0.0,0,0.0,1229007.1879889292,optimal,0.05557539999426808,False,
5340,0.0,0,0.0,1254149.5741292313,optimal,0.0681546999985585,False,
5341,0.0,0,0.0,1277231.1788121087,optimal,0.12361479998799041,False,
5342,0.0,0,0.0,1290184.0000896635,optimal,0.0691093999921577,False,
5343,0.0,0,0.0,1292950.2720932134,optimal,0.056804600011673756,False,
5344,0.0,0,0.0,1311712.3024470836,optimal,0.12640180000744294,False,
5345,0.0,0,0.0,1329388.337420357,optimal,0.08486989999073558,False,
5346,0.0,0,0.0,1356656.0526601395,optimal,0.1423071000026539,False,
5347,0.0,0,0.0,1374668.7677538067,optimal,0.08057340000232216,False,
5348,0.0,0,0.0,1394135.1504688677,optimal,0.08524909999687225,False,
5349,0.0,0,0.0,1405279.1757057959,optimal,0.11738860000332352,False,
5350,0.0,0,0.0,1399172.8018707675,optimal,0.07357340000453405,False,
5351,0.0,0,0.0,1355655.0134605828,optimal,0.1406756999931531,False,
5352,0.0,0,0.0,1334511.1622342782,optimal,0.060590899985982105,False,
5353,0.0,0,0.0,1310612.9017574855,optimal,0.0761181999987457,False,
5354,0.0,0,0.0,1269301.3263359403,optimal,0.05687519999628421,False,
5355,0.0,0,0.0,1246076.6208736831,optimal,0.07706239999970421,False,
5356,0.0,0,0.0,1239370.2676280797,optimal,0.08393989999603946,False,
5357,0.0,0,0.0,1249220.7457629638,optimal,0.07049369999731425,False,
5358,0.0,0,0.0,1279351.6422857563,optimal,0.0675617999950191,False,
5359,0.0,0,0.0,1302019.0716665748,optimal,0.07315620000008494,False,
5360,0.0,0,0.0,1303673.4313581395,optimal,0.1288148000021465,False,
5361,0.0,0,0.0,1304534.2982005135,optimal,0.07097699999576434,False,
5362,0.0,0,0.0,1308656.383667707,optimal,0.08084530000633094,False,
5363,0.0,0,0.0,1320064.3298325897,optimal,0.06829999999899883,False,
5364,0.0,0,0.0,1235107.4461108977,optimal,0.055279499996686354,False,
5365,0.0,0,0.0,1257528.472533186,optimal,0.14313560001028236,False,
5366,0.0,0,0.0,1303338.509594623,optimal,0.0715296000125818,False,
5367,0.0,0,0.0,1434697.1900021115,optimal,0.06402829999569803,False,
5368,0.0,0,0.0,1575045.482662208,optimal,0.0689293000032194,False,
5369,0.0,0,0.0,1710142.442059354,optimal,0.05463430000236258,False,
5370,0.0,0,0.0,1834429.895382236,optimal,0.13750150000851136,False,
5371,0.0,0,0.0,1939319.6576124013,optimal,0.07451639999635518,False,
5372,0.0,0,0.0,1978797.88950601,optimal,0.06609419999585953,False,
5373,0.0,0,0.0,2025112.6675238924,optimal,0.08446309999271762,False,
5374,0.0,0,0.0,2073470.1324775715,optimal,0.15364190000400413,False,
5375,0.0,0,0.0,2102131.631171376,optimal,0.08526429999619722,False,
5376,0.0,0,0.0,2123331.603950807,optimal,0.15556509999441914,False,
5377,0.0,0,0.0,2145434.7279722034,optimal,0.07107440000982024,False,
5378,0.0,0,0.0,2162143.3786811396,optimal,0.08144009999523405,False,
5379,0.0,0,0.0,2169980.0613638284,optimal,0.06903889999375679,False,
5380,0.0,0,0.0,2184352.8017690554,optimal,0.071997699997155,False,
5381,0.0,0,0.0,2207761.751907445,optimal,0.07289690000470728,False,
5382,0.0,0,0.0,2236541.861249177,optimal,0.1304602000018349,False,
5383,0.0,0,0.0,2261314.8138135565,optimal,0.07301199999346863,False,
5384,0.0,0,0.0,2249303.3178453906,optimal,0.05233429999498185,False,
5385,0.0,0,0.0,2268909.439338433,optimal,0.08286220001173206,False,
5386,0.0,0,0.0,2194908.9355409467,optimal,0.07317139999940991,False,
5387,0.0,0,0.0,2118665.766480665,optimal,0.05971210000279825,False,
5388,0.0,0,0.0,2044075.200645453,optimal,0.0623011999996379,False,
5389,0.0,0,0.0,1970275.2042252887,optimal,0.07240119999914896,False,
5390,0.0,0,0.0,1896475.2078051206,optimal,0.05189690001134295,False,
5391,0.0,0,0.0,1817299.3393626693,optimal,0.05631610000273213,False,
5392,0.0,0,0.0,1738281.584803225,optimal,0.1343652000068687,False,
5393,0.0,0,0.0,1657050.235881662,optimal,0.07551819999935105,False,
5394,0.0,0,0.0,1613172.1786991055,optimal,0.06184580000990536,False,
5395,0.0,0,0.0,1618231.8229553702,optimal,0.06325099999958184,False,
5396,0.0,0,0.0,1666552.2347893843,optimal,0.0636335000017425,False,
5397,0.0,0,0.0,1716582.40120078,optimal,0.056478800004697405,False,
5398,0.0,0,0.0,1853180.0248242728,optimal,0.13664469998911954,False,
5399,0.0,0,0.0,1895314.6886653062,optimal,0.05231349999667145,False,
5400,0.0,0,0.0,1942032.7299672016,optimal,0.07451549998950213,False,
5401,0.0,0,0.0,2051886.7855475293,optimal,0.07039410001016222,False,
5402,0.0,0,0.0,2103893.2216581223,optimal,0.06774390001373831,False,
5403,0.0,0,0.0,2155841.0819032067,optimal,0.07797900000878144,False,
5404,0.0,0,0.0,2192350.555707696,optimal,0.05342640000162646,False,
5405,0.0,0,0.0,2238065.929510821,optimal,0.056836400006432086,False,
5406,0.0,0,0.0,2363218.197257307,optimal,0.07115269999485463,False,
5407,0.0,0,0.0,2421673.700239734,optimal,0.06144019999192096,False,
5408,0.0,0,0.0,2443868.4473288967,optimal,0.07679839999764226,False,
5409,0.0,0,0.0,2484664.6361369784,optimal,0.07743889999983367,False,
5410,0.0,0,0.0,2450393.192468243,optimal,0.06882039998890832,False,
5411,0.0,0,0.0,2418008.135716431,optimal,0.10587300000770483,False,
5412,0.0,0,0.0,2389645.84088359,optimal,0.08215809999092016,False,
5413,0.0,0,0.0,2358583.1716218805,optimal,0.09073680000437889,False,
5414,0.0,0,0.0,2326773.097497893,optimal,0.1486428999924101,False,
5415,0.0,0,0.0,2290419.8396946117,optimal,0.0676431999891065,False,
5416,0.0,0,0.0,2255935.8873901987,optimal,0.07877400000870693,False,
5417,0.0,0,0.0,2219589.356874904,optimal,0.12474030000157654,False,
5418,0.0,0,0.0,2221971.470497834,optimal,0.07012859999667853,False,
5419,0.0,0,0.0,2268102.8533928753,optimal,0.06233430000429507,False,
5420,0.0,0,0.0,2326452.724473419,optimal,0.06443339999532327,False,
5421,0.0,0,0.0,2487212.8204460954,optimal,0.07537859999865759,False,
5422,0.0,0,0.0,2551511.3338644058,optimal,0.07590979999804404,False,
5423,0.0,0,0.0,2608571.237531599,optimal,0.06905400000687223,False,
5424,0.0,0,0.0,2750631.6064292374,optimal,0.07518709999567363,False,
5425,0.0,0,0.0,2806595.965989765,optimal,0.13430789999256376,False,
5426,0.0,0,0.0,2862638.2547255773,optimal,0.07340629999816883,False,
5427,0.0,0,0.0,2920086.637695601,optimal,0.06670140000642277,False,
5428,0.0,0,0.0,2976181.331568191,optimal,0.07325060000584926,False,
5429,0.0,0,0.0,3117805.1273678388,optimal,0.05964250001125038,False,
5430,0.0,0,0.0,3221064.845540835,optimal,0.0652513000095496,False,
5431,0.0,0,0.0,3279858.480365897,optimal,0.06518060000962578,False,
5432,0.0,0,0.0,3246491.9659048165,optimal,0.07072940000216477,False,
5433,0.0,0,0.0,3202449.8626371366,optimal,0.06721100000140723,False,
5434,0.0,0,0.0,3170395.880512831,optimal,0.07060170000477228,False,
5435,0.0,0,0.0,3132668.4997666483,optimal,0.07172069999796804,False,
5436,0.0,0,0.0,3093292.4488455215,optimal,0.06591879999905359,False,
5437,0.0,0,0.0,3061589.0925834635,optimal,0.05888359999516979,False,
5438,0.0,0,0.0,3001467.9886499434,optimal,0.07994480000343174,False,
5439,0.0,0,0.0,2959599.573208178,optimal,0.12439350000931881,False,
5440,0.0,0,0.0,2915520.6494437903,optimal,0.06869390000065323,False,
5441,0.0,0,0.0,2863882.5755028,optimal,0.07924059999641031,False,
5442,0.0,0,0.0,2817403.3164880946,optimal,0.14290380000602454,False,
5443,0.0,0,0.0,2808877.607018705,optimal,0.05466049999813549,False,
5444,0.0,0,0.0,2790809.66451493,optimal,0.12722999999823514,False,
5445,0.0,0,0.0,2731211.7298596418,optimal,0.06543790000432637,False,
5446,0.0,0,0.0,2692322.2447448033,optimal,0.08175050000136252,False,
5447,0.0,0,0.0,2655130.5671008034,optimal,0.07642740001028869,False,
5448,0.0,0,0.0,2618209.9894568035,optimal,0.06689300001016818,False,
5449,0.0,0,0.0,2579871.614111367,optimal,0.09259699999529403,False,
5450,0.0,0,0.0,2524417.4020621306,optimal,0.06543239999155048,False,
5451,0.0,0,0.0,2520956.374922104,optimal,0.13924910000059754,False,
5452,0.0,0,0.0,2477577.904794545,optimal,0.06426579999970272,False,
5453,0.0,0,0.0,2440211.35140649,optimal,0.06583039999532048,False,
5454,0.0,0,0.0,2386902.8321292074,optimal,0.07106319999729749,False,
5455,0.0,0,0.0,2390748.0409018937,optimal,0.06575059999886435,False,
5456,0.0,0,0.0,2351846.686409413,optimal,0.06404939999629278,False,
5457,0.0,0,0.0,2307547.198525175,optimal,0.07414569999673404,False,
5458,0.0,0,0.0,2234735.015714514,optimal,0.08395380000001751,False,
5459,0.0,0,0.0,2140157.1691101976,optimal,0.0830980000027921,False,
5460,0.0,0,0.0,2039660.6710459988,optimal,0.0745566000114195,False,
5461,0.0,0,0.0,1939605.6585805842,optimal,0.07441719999769703,False,
5462,0.0,0,0.0,1832336.3785898911,optimal,0.06352520000655204,False,
5463,0.0,0,0.0,1738091.507432063,optimal,0.07170100000803359,False,
5464,0.0,0,0.0,1643561.0457144107,optimal,0.06346420000772923,False,
5465,0.0,0,0.0,1547299.0945555044,optimal,0.07255120000627358,False,
5466,0.0,0,0.0,1432252.8126647035,optimal,0.067391000004136,False,
5467,0.0,0,0.0,1334379.8722397771,optimal,0.07494520000182092,False,
5468,0.0,0,0.0,1255302.4725574683,optimal,0.07807730000058655,False,
5469,0.0,0,0.0,1195180.4086427682,optimal,0.053919500001939014,False,
5470,0.0,0,0.0,1135268.7971221977,optimal,0.15674020000733435,False,
5471,0.0,0,0.0,1073624.8541727588,optimal,0.0886251999909291,False,
5472,0.0,0,0.0,1035533.7034002669,optimal,0.08259530000213999,False,
5473,0.0,0,0.0,995161.4222908168,optimal,0.16388659999938682,False,
5474,0.0,0,0.0,884689.9098912962,optimal,0.08855689999472816,False,
5475,0.0,0,0.0,789846.3575753242,optimal,0.07219579999218695,False,
5476,0.0,0,0.0,712414.9737057614,optimal,0.07833439999376424,False,
5477,0.0,0,0.0,641530.998268423,optimal,0.08910660000401549,False,
5478,0.0,0,0.0,589105.0473085642,optimal,0.09764619999623392,False,
5479,0.0,0,0.0,527738.0198605878,optimal,0.07358450000174344,False,
5480,0.0,0,0.0,465595.8545944516,optimal,0.06141829999978654,False,
5481,0.0,0,0.0,395265.59124863625,optimal,0.07178360001125839,False,
5482,0.0,0,0.0,328229.66869306006,optimal,0.06071390000579413,False,
5483,0.0,0,0.0,282749.44083199254,optimal,0.07580540000344627,False,
5484,0.0,0,0.0,250016.53407274958,optimal,0.06626859999960288,False,
5485,0.0,0,0.0,250016.53407274958,optimal,0.0834807999926852,False,
5486,0.0,0,0.0,250016.53407274958,optimal,0.054203199993935414,False,
5487,0.0,0,0.0,250016.53407274958,optimal,0.16572310001356527,False,
5488,0.0,0,0.0,250016.53407274958,optimal,0.1330743999860715,False,
5489,0.0,0,0.0,250016.53407274958,optimal,0.09929529999499209,False,
5490,0.0,0,0.0,250016.53407274958,optimal,0.3252919000078691,False,
5491,0.0,0,0.0,250016.53407274958,optimal,0.26073559999349527,False,
5492,0.0,0,0.0,250016.53407274958,optimal,0.1300351999962004,False,
5493,0.0,0,0.0,250016.53407274958,optimal,0.08811769999738317,False,
5494,0.0,0,0.0,250016.53407274958,optimal,0.2803180000046268,False,
5495,0.0,0,0.0,250016.53407274958,optimal,0.08487220000824891,False,
5496,0.0,0,0.0,250016.53407274958,optimal,0.15938019999885,False,
5497,0.0,0,0.0,250016.53407274958,optimal,0.13128020000294782,False,
5498,0.0,0,0.0,250016.53407274958,optimal,0.186285300005693,False,
5499,0.0,0,0.0,250016.53407274958,optimal,0.07639499999640975,False,
5500,0.0,0,0.0,250016.53407274958,optimal,0.07999100000597537,False,
5501,0.0,0,0.0,250016.53407274958,optimal,0.055894299992360175,False,
5502,0.0,0,0.0,250016.53407274958,optimal,0.17283929999393877,False,
5503,0.0,0,0.0,250016.53407274958,optimal,0.1321128999989014,False,
5504,0.0,0,0.0,250016.53407274958,optimal,0.13603969999530818,False,
5505,0.0,0,0.0,250016.53407274958,optimal,0.1061766000057105,False,
5506,0.0,0,0.0,250016.53407274958,optimal,0.2842233999981545,False,
5507,0.0,0,0.0,250016.53407274958,optimal,0.32351119999657385,False,
5508,0.0,0,0.0,250016.53407274958,optimal,0.28300409999792464,False,
5509,0.0,0,0.0,250016.53407274958,optimal,0.15700040000956506,False,
5510,0.0,0,0.0,250016.53407274958,optimal,0.12152109999442473,False,
5511,0.0,0,0.0,250016.53407274958,optimal,0.24147310000262223,False,
5512,0.0,0,0.0,268776.58619123336,optimal,0.3226139000034891,False,
5513,0.0,0,0.0,297651.34992793505,optimal,0.24000609999347944,False,
5514,0.0,0,0.0,320754.1857673883,optimal,0.3144068000110565,False,
5515,0.0,0,0.0,345901.6838185854,optimal,0.24621379999734927,False,
5516,0.0,0,0.0,358187.5200187519,optimal,0.23031640000408515,False,
5517,0.0,0,0.0,368386.057920549,optimal,0.18726549998973496,False,
5518,0.0,0,0.0,366080.3868693116,optimal,0.15719220000028145,False,
5519,0.0,0,0.0,367512.1297611478,optimal,0.09073359999456443,False,
5520,0.0,0,0.0,371577.04898776044,optimal,0.06370949999836739,False,
5521,0.0,0,0.0,387289.76939616835,optimal,0.09555399999953806,False,
5522,0.0,0,0.0,461648.8226276258,optimal,0.1513928000058513,False,
5523,0.0,0,0.0,567701.8759509443,optimal,0.09497769999143202,False,
5524,0.0,0,0.0,619268.1471947029,optimal,0.13240509999741334,False,
5525,0.0,0,0.0,680201.595146432,optimal,0.07928859999810811,False,
5526,0.0,0,0.0,724527.8861892379,optimal,0.06386740000743885,False,
5527,0.0,0,0.0,748648.7219838316,optimal,0.0601326999894809,False,
5528,0.0,0,0.0,772054.1462450459,optimal,0.12390570000570733,False,
5529,0.0,0,0.0,856659.672708811,optimal,0.0739058000035584,False,
5530,0.0,0,0.0,942323.9408607556,optimal,0.07391239999560639,False,
5531,0.0,0,0.0,1032595.7316542502,optimal,0.06454720000328962,False,
5532,0.0,0,0.0,1117431.7055363504,optimal,0.0763236000057077,False,
5533,0.0,0,0.0,1194805.1657859795,optimal,0.07545769998978358,False,
5534,0.0,0,0.0,1271765.9794613984,optimal,0.05730419998872094,False,
5535,0.0,0,0.0,1337685.85198769,optimal,0.0782236999948509,False,
5536,0.0,0,0.0,1405616.7761669413,optimal,0.05741140000463929,False,
5537,0.0,0,0.0,1469002.1926034326,optimal,0.055259500004467554,False,
5538,0.0,0,0.0,1527652.5943825596,optimal,0.12499879999086261,False,
5539,0.0,0,0.0,1576099.6667075588,optimal,0.06598100000701379,False,
5540,0.0,0,0.0,1629921.7529160231,optimal,0.07307319999381434,False,
5541,0.0,0,0.0,1679092.790262102,optimal,0.07935309999447782,False,
5542,0.0,0,0.0,1721508.079349695,optimal,0.05826760000491049,False,
5543,0.0,0,0.0,1719839.0634381808,optimal,0.08011009999609087,False,
5544,0.0,0,0.0,1744510.5445446803,optimal,0.059208100006799214,False,
5545,0.0,0,0.0,1756553.6662300313,optimal,0.34745259999181144,False,
5546,0.0,0,0.0,1757222.4586123184,optimal,0.39833090000320226,False,
5547,0.0,0,0.0,1760253.5301825546,optimal,0.31058620000840165,False,
5548,0.0,0,0.0,1768165.0722555914,optimal,0.2733009000075981,False,
5549,0.0,0,0.0,1808039.7687098256,optimal,0.25720359999104403,False,
5550,0.0,0,0.0,1834638.2802880846,optimal,0.15923849999671802,False,
5551,0.0,0,0.0,1843950.7268312096,optimal,0.1640252000070177,False,
5552,0.0,0,0.0,1847842.1221453927,optimal,0.18606249999720603,False,
5553,0.0,0,0.0,1842653.8237916927,optimal,0.08110390001093037,False,
5554,0.0,0,0.0,1824271.7325282514,optimal,0.051359200006118044,False,
5555,0.0,0,0.0,1795325.6786070731,optimal,0.05359279998810962,False,
5556,0.0,0,0.0,1764593.3176716517,optimal,0.08719909998762887,False,
5557,0.0,0,0.0,1736252.6138280332,optimal,0.07361900000250898,False,
5558,0.0,0,0.0,1691555.0307638012,optimal,0.08364749999600463,False,
5559,0.0,0,0.0,1668742.2498883128,optimal,0.06771490001119673,False,
5560,0.0,0,0.0,1671270.5470499902,optimal,0.07012829999439418,False,
5561,0.0,0,0.0,1682934.0825905437,optimal,0.06974600000830833,False,
5562,0.0,0,0.0,1702067.8981729138,optimal,0.14954589999979362,False,
5563,0.0,0,0.0,1734142.4624541576,optimal,0.07397189999755938,False,
5564,0.0,0,0.0,1768782.9249889725,optimal,0.1579597000090871,False,
5565,0.0,0,0.0,1786941.4205974569,optimal,0.07283469999674708,False,
5566,0.0,0,0.0,1814068.6568096834,optimal,0.07012079999549314,False,
5567,0.0,0,0.0,1835238.7090360061,optimal,0.07798200000252109,False,
5568,0.0,0,0.0,1851772.5785542123,optimal,0.1274593999987701,False,
5569,0.0,0,0.0,1808457.975788024,optimal,0.07185590000881348,False,
5570,0.0,0,0.0,1763594.9316988338,optimal,0.151039899996249,False,
5571,0.0,0,0.0,1758169.4873073378,optimal,0.12864919999265112,False,
5572,0.0,0,0.0,1749067.919894187,optimal,0.08307340000465047,False,
5573,0.0,0,0.0,1756898.41953138,optimal,0.07594569999491796,False,
5574,0.0,0,0.0,1782646.4142826418,optimal,0.13807400000223424,False,
5575,0.0,0,0.0,1795086.5196084832,optimal,0.07582659999025054,False,
5576,0.0,0,0.0,1768449.6250491636,optimal,0.07009409999591298,False,
5577,0.0,0,0.0,1728964.0294595696,optimal,0.06796050000411924,False,
5578,0.0,0,0.0,1668183.6712698531,optimal,0.06974350000382401,False,
5579,0.0,0,0.0,1593692.855087428,optimal,0.06133469998894725,False,
5580,0.0,0,0.0,1511454.082583365,optimal,0.07456639999873005,False,
5581,0.0,0,0.0,1422006.9710874588,optimal,0.06857079999463167,False,
5582,0.0,0,0.0,1327722.8571292174,optimal,0.05875549999473151,False,
5583,0.0,0,0.0,1257743.4829304132,optimal,0.06476769999426324,False,
5584,0.0,0,0.0,1193772.9981893315,optimal,0.057151999993948266,False,
5585,0.0,0,0.0,1149527.9576265798,optimal,0.05907180000212975,False,
5586,0.0,0,0.0,1129050.044896787,optimal,0.07162529999914113,False,
5587,0.0,0,0.0,1125062.170552987,optimal,0.06138610000198241,False,
5588,0.0,0,0.0,1132970.249258273,optimal,0.06477599999925587,False,
5589,0.0,0,0.0,1145623.0828490034,optimal,0.07822559999476653,False,
5590,0.0,0,0.0,1165203.0393174964,optimal,0.0726149000111036,False,
5591,0.0,0,0.0,1193876.3273455212,optimal,0.06430719999480061,False,
5592,0.0,0,0.0,1210064.8966060493,optimal,0.06088170000293758,False,
5593,0.0,0,0.0,1242566.5094044895,optimal,0.059730200009653345,False,
5594,0.0,0,0.0,1275256.9523917919,optimal,0.14882329999818467,False,
5595,0.0,0,0.0,1295289.2973205834,optimal,0.0911770999955479,False,
5596,0.0,0,0.0,1306931.7114609822,optimal,0.08042389999900479,False,
5597,0.0,0,0.0,1306512.241667953,optimal,0.07707820000359789,False,
5598,0.0,0,0.0,1314499.8188142094,optimal,0.0627946000022348,False,
5599,0.0,0,0.0,1338261.3587204749,optimal,0.08291040000040084,False,
5600,0.0,0,0.0,1353322.4608719496,optimal,0.07014090000302531,False,
5601,0.0,0,0.0,1352359.375108461,optimal,0.07198120000248309,False,
5602,0.0,0,0.0,1342333.0060534086,optimal,0.07668549999652896,False,
5603,0.0,0,0.0,1318675.2041345509,optimal,0.07065500000317115,False,
5604,0.0,0,0.0,1280272.6875953358,optimal,0.07237999999779277,False,
5605,0.0,0,0.0,1232346.246696885,optimal,0.0789463999972213,False,
5606,0.0,0,0.0,1165639.7830773327,optimal,0.06944809999549761,False,
5607,0.0,0,0.0,1105124.3744304604,optimal,0.06043810000119265,False,
5608,0.0,0,0.0,1030148.0289990929,optimal,0.06833090000145603,False,
5609,0.0,0,0.0,964090.9475938806,optimal,0.06110659999831114,False,
5610,0.0,0,0.0,909890.1959421207,optimal,0.06971699999121483,False,
5611,0.0,0,0.0,863930.0550843538,optimal,0.05438660000800155,False,
5612,0.0,0,0.0,874231.3953765397,optimal,0.06859199999598786,False,
5613,0.0,0,0.0,869698.56611089,optimal,0.06864249998761807,False,
5614,0.0,0,0.0,894753.037357699,optimal,0.07218000000284519,False,
5615,0.0,0,0.0,907059.861343651,optimal,0.06826130000990815,False,
5616,0.0,0,0.0,920566.5693433991,optimal,0.06966029999603052,False,
5617,0.0,0,0.0,922050.6855768051,optimal,0.06706990000384394,False,
5618,0.0,0,0.0,933745.6022326178,optimal,0.06534770000143908,False,
5619,0.0,0,0.0,970096.9079196027,optimal,0.1430543000024045,False,
5620,0.0,0,0.0,993463.1460409162,optimal,0.14684999999008141,False,
5621,0.0,0,0.0,1012222.9147080521,optimal,0.14820740000868682,False,
5622,0.0,0,0.0,1016879.4315302785,optimal,0.08847079999395646,False,
5623,0.0,0,0.0,1018589.7024725357,optimal,0.14297139999689534,False,
5624,0.0,0,0.0,1019383.3588176362,optimal,0.06648449999920558,False,
5625,0.0,0,0.0,1048394.1630142584,optimal,0.14557239999703597,False,
5626,0.0,0,0.0,1044631.8558900033,optimal,0.07379609999770764,False,
5627,0.0,0,0.0,1039660.5124005567,optimal,0.07022500000311993,False,
5628,0.0,0,0.0,1054311.8559374453,optimal,0.06415999999444466,False,
5629,0.0,0,0.0,1075777.3766860492,optimal,0.07617279999249149,False,
5630,0.0,0,0.0,1063368.2255962933,optimal,0.07198379999317694,False,
5631,0.0,0,0.0,1064386.2137698838,optimal,0.22808799998892937,False,
5632,0.0,0,0.0,1044264.3234311391,optimal,0.14477480000641663,False,
5633,0.0,0,0.0,1030625.832841493,optimal,0.09795710000616964,False,
5634,0.0,0,0.0,1046879.6776251207,optimal,0.086345200004871,False,
5635,0.0,0,0.0,1076071.372359335,optimal,0.07890639999823179,False,
5636,0.0,0,0.0,1119734.1107796547,optimal,0.3049045999941882,False,
5637,0.0,0,0.0,1148950.8834855836,optimal,0.12826789999962784,False,
5638,0.0,0,0.0,1155533.813092029,optimal,0.06735199999820907,False,
5639,0.0,0,0.0,1170938.5103661106,optimal,0.11710780000430532,False,
5640,0.0,0,0.0,1189374.2043390747,optimal,0.09648819999711122,False,
5641,0.0,0,0.0,1199278.3987913562,optimal,0.18583669999497943,False,
5642,0.0,0,0.0,1215551.3292957318,optimal,0.0940169999958016,False,
5643,0.0,0,0.0,1219045.0629038848,optimal,0.08783829999447335,False,
5644,0.0,0,0.0,1259410.2055301478,optimal,0.09311339999840129,False,
5645,0.0,0,0.0,1304058.3877447767,optimal,0.08897929999511689,False,
5646,0.0,0,0.0,1349722.7062344986,optimal,0.09316570000373758,False,
5647,0.0,0,0.0,1387061.24681777,optimal,0.5833909000066342,False,
5648,0.0,0,0.0,1424825.2782794528,optimal,0.2309153999958653,False,
5649,0.0,0,0.0,1453329.4135919865,optimal,0.1965007999970112,False,
5650,0.0,0,0.0,1459798.869791394,optimal,0.11490990000311285,False,
5651,0.0,0,0.0,1435218.2593160323,optimal,0.33117679999850225,False,
5652,0.0,0,0.0,1407244.5683432769,optimal,0.4100712000072235,False,
5653,0.0,0,0.0,1372804.8470038176,optimal,0.26738320000004023,False,
5654,0.0,0,0.0,1366186.7932987488,optimal,0.2784869000024628,False,
5655,0.0,0,0.0,1378764.675679193,optimal,0.11650550000194926,False,
5656,0.0,0,0.0,1392700.0968844588,optimal,0.1248836000013398,False,
5657,0.0,0,0.0,1399736.275053229,optimal,0.1099233999993885,False,
5658,0.0,0,0.0,1412748.655849963,optimal,0.07355830000597052,False,
5659,0.0,0,0.0,1403869.8046862837,optimal,0.0668943000055151,False,
5660,0.0,0,0.0,1433927.9291737827,optimal,0.06488649999664631,False,
5661,0.0,0,0.0,1473130.9834807685,optimal,0.06541769999603275,False,
5662,0.0,0,0.0,1512052.266032721,optimal,0.06536399999458808,False,
5663,0.0,0,0.0,1526601.7346988458,optimal,0.07301620001089759,False,
5664,0.0,0,0.0,1562774.954715238,optimal,0.07371719999355264,False,
5665,0.0,0,0.0,1595308.9900080091,optimal,0.2558288000000175,False,
5666,0.0,0,0.0,1611517.622753399,optimal,0.07636890000139829,False,
5667,0.0,0,0.0,1639534.3810957728,optimal,0.1514193999901181,False,
5668,0.0,0,0.0,1667356.129944667,optimal,0.1979120000032708,False,
5669,0.0,0,0.0,1695094.3431886488,optimal,0.0972433999995701,False,
5670,0.0,0,0.0,1734459.1944835053,optimal,0.0704251999995904,False,
5671,0.0,0,0.0,1761950.0697177171,optimal,0.08171060000313446,False,
5672,0.0,0,0.0,1778957.9919484083,optimal,0.08219719999760855,False,
5673,0.0,0,0.0,1784945.544090774,optimal,0.07404279999900609,False,
5674,0.0,0,0.0,1782416.0591815328,optimal,0.08151829999405891,False,
5675,0.0,0,0.0,1777576.8733909293,optimal,0.08253460000560153,False,
5676,0.0,0,0.0,1782195.1253308633,optimal,0.07703260000562295,False,
5677,0.0,0,0.0,1785030.4643179176,optimal,0.09070729999803007,False,
5678,0.0,0,0.0,1785996.126855517,optimal,0.09454700000060257,False,
5679,0.0,0,0.0,1822599.916363389,optimal,0.07954900000186171,False,
5680,0.0,0,0.0,1812618.1879495322,optimal,0.06491050000477117,False,
5681,0.0,0,0.0,1806452.639786261,optimal,0.08235969999805093,False,
5682,0.0,0,0.0,1821183.1420211676,optimal,0.08353090001037344,False,
5683,0.0,0,0.0,1832500.1877908905,optimal,0.07478819999960251,False,
5684,0.0,0,0.0,1854379.1463084375,optimal,0.08134499999869149,False,
5685,0.0,0,0.0,1870258.1783995333,optimal,0.08139959999243729,False,
5686,0.0,0,0.0,1859284.4717544005,optimal,0.07733580000058282,False,
5687,0.0,0,0.0,1857952.3953448168,optimal,0.14210349999484606,False,
5688,0.0,0,0.0,1870499.6994085459,optimal,0.08236900001065806,False,
5689,0.0,0,0.0,1876873.537255654,optimal,0.08435330000065733,False,
5690,0.0,0,0.0,1915189.407900152,optimal,0.1560691000049701,False,
5691,0.0,0,0.0,1954103.2914346035,optimal,0.08506099999067374,False,
5692,0.0,0,0.0,1959335.7689094394,optimal,0.07991190000029746,False,
5693,0.0,0,0.0,1998847.9646156651,optimal,0.09144309999828693,False,
5694,0.0,0,0.0,2054469.2222525596,optimal,0.08070690000022296,False,
5695,0.0,0,0.0,2127427.9763006745,optimal,0.07153200000175275,False,
5696,0.0,0,0.0,2190794.04873744,optimal,0.08165599999483675,False,
5697,0.0,0,0.0,2237415.5434466884,optimal,0.07258560000627767,False,
5698,0.0,0,0.0,2265012.603725662,optimal,0.07224709998990875,False,
5699,0.0,0,0.0,2298991.555751902,optimal,0.1506647000060184,False,
5700,0.0,0,0.0,2294318.034401181,optimal,0.08343190001323819,False,
5701,0.0,0,0.0,2248984.1749784965,optimal,0.07181950000813231,False,
5702,0.0,0,0.0,2192952.5708115944,optimal,0.06834559999697376,False,
5703,0.0,0,0.0,2129015.1787246447,optimal,0.06848870000976603,False,
5704,0.0,0,0.0,2112875.2391210394,optimal,0.06293739999819081,False,
5705,0.0,0,0.0,2136952.033151009,optimal,0.07344740000553429,False,
5706,0.0,0,0.0,2166421.130335709,optimal,0.08404990000417456,False,
5707,0.0,0,0.0,2158811.7378056278,optimal,0.08086339999863412,False,
5708,0.0,0,0.0,2122213.6839623447,optimal,0.08318609998968896,False,
5709,0.0,0,0.0,2121561.194905363,optimal,0.07797899999422953,False,
5710,0.0,0,0.0,2081521.4626676862,optimal,0.06564000000071246,False,
5711,0.0,0,0.0,2033873.2474444555,optimal,0.07514359999913722,False,
5712,0.0,0,0.0,1985387.2834617833,optimal,0.06961479999881703,False,
5713,0.0,0,0.0,1948969.7927607691,optimal,0.06458550000388641,False,
5714,0.0,0,0.0,1912618.3141495402,optimal,0.06547129999671597,False,
5715,0.0,0,0.0,1870807.240141649,optimal,0.13033259999065194,False,
5716,0.0,0,0.0,1837656.4068381402,optimal,0.12478980000014417,False,
5717,0.0,0,0.0,1801676.39615368,optimal,0.059861400004592724,False,
5718,0.0,0,0.0,1771641.5917539815,optimal,0.06945269998686854,False,
5719,0.0,0,0.0,1758263.478013269,optimal,0.1388437999994494,False,
5720,0.0,0,0.0,1743150.6524804116,optimal,0.07262370000535157,False,
5721,0.0,0,0.0,1716690.3659958642,optimal,0.05576339999970514,False,
5722,0.0,0,0.0,1668551.1117439924,optimal,0.0590239000011934,False,
5723,0.0,0,0.0,1594961.7488787104,optimal,0.07949990000633989,False,
5724,0.0,0,0.0,1496565.0104662057,optimal,0.058951700004399754,False,
5725,0.0,0,0.0,1391559.757297644,optimal,0.062062900004093535,False,
5726,0.0,0,0.0,1331863.8090466945,optimal,0.06800910001038574,False,
5727,0.0,0,0.0,1303944.8907825884,optimal,0.06679340000846423,False,
5728,0.0,0,0.0,1284238.9529685844,optimal,0.06072029999631923,False,
5729,0.0,0,0.0,1267398.6837789395,optimal,0.06780099999741651,False,
5730,0.0,0,0.0,1246950.696431397,optimal,0.056346699988353066,False,
5731,0.0,0,0.0,1212914.2504298384,optimal,0.06766000000061467,False,
5732,0.0,0,0.0,1213105.956591951,optimal,0.0682035000063479,False,
5733,0.0,0,0.0,1275684.2995607548,optimal,0.085602100007236,False,
5734,0.0,0,0.0,1259429.6208598341,optimal,0.08647490000294056,False,
5735,0.0,0,0.0,1303645.2307706156,optimal,0.07402620000357274,False,
5736,0.0,0,0.0,1264977.5287744037,optimal,0.06419750000350177,False,
5737,0.0,0,0.0,1224764.0180202066,optimal,0.06316720000177156,False,
5738,0.0,0,0.0,1248229.7926139885,optimal,0.05021790000319015,False,
5739,0.0,0,0.0,1216740.7685254747,optimal,0.061071000003721565,False,
5740,0.0,0,0.0,1182379.589690333,optimal,0.06850150000536814,False,
5741,0.0,0,0.0,1233186.339208209,optimal,0.060965099997702055,False,
5742,0.0,0,0.0,1213378.2588262092,optimal,0.05628050000814255,False,
5743,0.0,0,0.0,1216346.8184116038,optimal,0.07709229999454692,False,
5744,0.0,0,0.0,1278003.6820672567,optimal,0.062247299996670336,False,
5745,0.0,0,0.0,1277318.50944168,optimal,0.06907389999832958,False,
5746,0.0,0,0.0,1230542.213459608,optimal,0.128168099996401,False,
5747,0.0,0,0.0,1146460.8987917453,optimal,0.06440709999878891,False,
5748,0.0,0,0.0,1059495.207860433,optimal,0.07816390000516549,False,
5749,0.0,0,0.0,976635.3456540677,optimal,0.06294509999861475,False,
5750,0.0,0,0.0,899985.982025943,optimal,0.0758394999866141,False,
5751,0.0,0,0.0,852871.5194501838,optimal,0.07928990000800695,False,
5752,0.0,0,0.0,823286.5679728544,optimal,0.06564539999817498,False,
5753,0.0,0,0.0,798944.8106020928,optimal,0.07958890000008978,False,
5754,0.0,0,0.0,819546.5645357838,optimal,0.04592649999540299,False,
5755,0.0,0,0.0,864231.30204909,optimal,0.06302909999794792,False,
5756,0.0,0,0.0,915340.404326036,optimal,0.050800299999536946,False,
5757,0.0,0,0.0,977972.8143797151,optimal,0.061920699998154305,False,
5758,0.0,0,0.0,1036389.3948119102,optimal,0.07151510000403505,False,
5759,0.0,0,0.0,1096322.0390166233,optimal,0.0749225000035949,False,
5760,0.0,0,0.0,1153208.2054677082,optimal,0.05291820000275038,False,
5761,0.0,0,0.0,1198876.820704823,optimal,0.0666547000000719,False,
5762,0.0,0,0.0,1246976.509393731,optimal,0.05066889998852275,False,
5763,0.0,0,0.0,1295626.035972631,optimal,0.056639399990672246,False,
5764,0.0,0,0.0,1335461.3575988966,optimal,0.05915889999596402,False,
5765,0.0,0,0.0,1367798.599293512,optimal,0.07488869999360759,False,
5766,0.0,0,0.0,1393697.9646357293,optimal,0.05498269999225158,False,
5767,0.0,0,0.0,1417061.1422895195,optimal,0.0815258999937214,False,
5768,0.0,0,0.0,1461660.6927627902,optimal,0.055025199995725416,False,
5769,0.0,0,0.0,1501633.9686912987,optimal,0.07140749999962281,False,
5770,0.0,0,0.0,1500247.9865142244,optimal,0.12626830000954214,False,
5771,0.0,0,0.0,1509183.1145945697,optimal,0.1315211999899475,False,
5772,0.0,0,0.0,1499687.4787656714,optimal,0.0659726000012597,False,
5773,0.0,0,0.0,1488382.2219760586,optimal,0.07688310000230558,False,
5774,0.0,0,0.0,1497660.9981450066,optimal,0.07514770000125282,False,
5775,0.0,0,0.0,1515033.8908920153,optimal,0.0795590999914566,False,
5776,0.0,0,0.0,1527062.4999491058,optimal,0.06909859999723267,False,
5777,0.0,0,0.0,1547405.4824163553,optimal,0.06060050000087358,False,
5778,0.0,0,0.0,1560886.0433041796,optimal,0.15011400000366848,False,
5779,0.0,0,0.0,1609365.0942514306,optimal,0.0817352000012761,False,
5780,0.0,0,0.0,1635641.1014539322,optimal,0.08064179999928456,False,
5781,0.0,0,0.0,1696017.1036841404,optimal,0.08137109999370296,False,
5782,0.0,0,0.0,1745589.160085106,optimal,0.15089580000494607,False,
5783,0.0,0,0.0,1781028.2958419083,optimal,0.07493200000317302,False,
5784,0.0,0,0.0,1825577.6412254244,optimal,0.07282420000410639,False,
5785,0.0,0,0.0,1868106.7907976704,optimal,0.07401719999324996,False,
5786,0.0,0,0.0,1873349.718524873,optimal,0.06012090000149328,False,
5787,0.0,0,0.0,1877432.7492165314,optimal,0.06893470000068191,False,
5788,0.0,0,0.0,1903183.8835347602,optimal,0.06220039998879656,False,
5789,0.0,0,0.0,1923216.5889907833,optimal,0.07652050000615418,False,
5790,0.0,0,0.0,1951094.7868156165,optimal,0.16119590000016615,False,
5791,0.0,0,0.0,1970600.2025496562,optimal,0.07780230000207666,False,
5792,0.0,0,0.0,1995086.164167705,optimal,0.08583240000007208,False,
5793,0.0,0,0.0,2010492.0864908732,optimal,0.08041599999705795,False,
5794,0.0,0,0.0,2003775.3415515674,optimal,0.07787239999743178,False,
5795,0.0,0,0.0,1972070.403073681,optimal,0.1384228999959305,False,
5796,0.0,0,0.0,1919758.3381220268,optimal,0.09389479999663308,False,
5797,0.0,0,0.0,1850799.7947216474,optimal,0.07344160000502598,False,
5798,0.0,0,0.0,1783131.5173119728,optimal,0.14729110000189394,False,
5799,0.0,0,0.0,1741307.916956569,optimal,0.06868960001156665,False,
5800,0.0,0,0.0,1734134.913217234,optimal,0.1435023999947589,False,
5801,0.0,0,0.0,1700261.9735320911,optimal,0.0714869999937946,False,
5802,0.0,0,0.0,1631090.4420071403,optimal,0.07503550000546966,False,
5803,0.0,0,0.0,1564368.3737604327,optimal,0.08184909999545198,False,
5804,0.0,0,0.0,1518874.3337228247,optimal,0.06438949999574106,False,
5805,0.0,0,0.0,1459361.4189893918,optimal,0.06939669999701437,False,
5806,0.0,0,0.0,1408355.4937135305,optimal,0.06851860000460874,False,
5807,0.0,0,0.0,1312398.7604479939,optimal,0.07491659998777322,False,
5808,0.0,0,0.0,1279703.1228943858,optimal,0.0770982000103686,False,
5809,0.0,0,0.0,1210354.0453733185,optimal,0.07696370000485331,False,
5810,0.0,0,0.0,1178406.9552142834,optimal,0.06309049999981653,False,
5811,0.0,0,0.0,1129850.934299026,optimal,0.07034179999027401,False,
5812,0.0,0,0.0,1104435.6308876735,optimal,0.0760456999996677,False,
5813,0.0,0,0.0,1087231.7411627576,optimal,0.07902950000425335,False,
5814,0.0,0,0.0,1071295.2506837908,optimal,0.06150260000140406,False,
5815,0.0,0,0.0,1052164.7192536735,optimal,0.06945409999752883,False,
5816,0.0,0,0.0,994530.8624078836,optimal,0.10933510000177193,False,
5817,0.0,0,0.0,951525.6455534582,optimal,0.06504000000131782,False,
5818,0.0,0,0.0,917834.3419516106,optimal,0.09811020000779536,False,
5819,0.0,0,0.0,890798.7700089952,optimal,0.06862890000047628,False,
5820,0.0,0,0.0,859714.9316265582,optimal,0.06453710001369473,False,
5821,0.0,0,0.0,814086.9808219988,optimal,0.05933199998980854,False,
5822,0.0,0,0.0,723373.7893180513,optimal,0.05701780000526924,False,
5823,0.0,0,0.0,652684.2068210916,optimal,0.05969120000372641,False,
5824,0.0,0,0.0,575352.6607289995,optimal,0.06880829999863636,False,
5825,0.0,0,0.0,536645.28709776,optimal,0.06992150000587571,False,
5826,0.0,0,0.0,447607.7326738285,optimal,0.0802521000005072,False,
5827,0.0,0,0.0,384839.99930163566,optimal,0.119334599992726,False,
5828,0.0,0,0.0,349414.9482878661,optimal,0.05865849999827333,False,
5829,0.0,0,0.0,310858.578562751,optimal,0.06915579999622423,False,
5830,0.0,0,0.0,309925.9155069089,optimal,0.06095800000184681,False,
5831,0.0,0,0.0,289144.001720202,optimal,0.06437819999700878,False,
5832,0.0,0,0.0,295664.1885502554,optimal,0.06946129999414552,False,
5833,0.0,0,0.0,313856.30580010975,optimal,0.07769789999292698,False,
5834,0.0,0,0.0,345464.36186530633,optimal,0.06589569999778178,False,
5835,0.0,0,0.0,368580.32265194756,optimal,0.0670176999992691,False,
5836,0.0,0,0.0,385982.2990452604,optimal,0.06477739999536425,False,
5837,0.0,0,0.0,400264.0633822117,optimal,0.4085434000007808,False,
5838,0.0,0,0.0,425865.0148563925,optimal,0.2840751000039745,False,
5839,0.0,0,0.0,450308.8291915605,optimal,0.07300240000768099,False,
5840,0.0,0,0.0,493636.8880260446,optimal,0.18381740000040736,False,
5841,0.0,0,0.0,514683.91269238445,optimal,0.21136440000555012,False,
5842,0.0,0,0.0,545864.1860335171,optimal,0.260196300005191,False,
5843,0.0,0,0.0,566536.1416829382,optimal,0.34420830001181457,False,
5844,0.0,0,0.0,563450.3475990454,optimal,0.18936619999294635,False,
5845,0.0,0,0.0,570413.6901621373,optimal,0.2952884999976959,False,
5846,0.0,0,0.0,594202.7952363925,optimal,0.21590340000693686,False,
5847,0.0,0,0.0,563438.2291349308,optimal,0.2300072999933036,False,
5848,0.0,0,0.0,538318.6606470976,optimal,0.132363799988525,False,
5849,0.0,0,0.0,548621.2486253682,optimal,0.10917959999642335,False,
5850,0.0,0,0.0,562155.3520804592,optimal,0.1758857000095304,False,
5851,0.0,0,0.0,561007.46347271,optimal,0.06842539999342989,False,
5852,0.0,0,0.0,581088.2651200136,optimal,0.11396090000926051,False,
5853,0.0,0,0.0,610673.4327265011,optimal,0.09773349999159109,False,
5854,0.0,0,0.0,624764.2108470768,optimal,0.0845846000011079,False,
5855,0.0,0,0.0,727867.4187113175,optimal,0.07600410000304691,False,
5856,0.0,0,0.0,760636.7653741537,optimal,0.07744649999949615,False,
5857,0.0,0,0.0,798039.2341682889,optimal,0.09051520000502933,False,
5858,0.0,0,0.0,808184.7709910199,optimal,0.06753600000229198,False,
5859,0.0,0,0.0,807254.9104301127,optimal,0.09438799999770708,False,
5860,0.0,0,0.0,797377.1161799106,optimal,0.06525309999415185,False,
5861,0.0,0,0.0,788374.0347602494,optimal,0.06432849999691825,False,
5862,0.0,0,0.0,778881.54516617,optimal,0.06341040000552312,False,
5863,0.0,0,0.0,793809.0595389542,optimal,0.07743809999374207,False,
5864,0.0,0,0.0,802314.8545588097,optimal,0.08288479999464471,False,
5865,0.0,0,0.0,762541.684429529,optimal,0.14245980000123382,False,
5866,0.0,0,0.0,723070.089853838,optimal,0.06965399999171495,False,
5867,0.0,0,0.0,672767.395082728,optimal,0.0705415999982506,False,
5868,0.0,0,0.0,627076.1720774857,optimal,0.07433259999379516,False,
5869,0.0,0,0.0,612782.5238566858,optimal,0.08466469999984838,False,
5870,0.0,0,0.0,604573.6316661421,optimal,0.07863560000259895,False,
5871,0.0,0,0.0,611872.3439132631,optimal,0.0747479999990901,False,
5872,0.0,0,0.0,622738.7635093678,optimal,0.07450549998611677,False,
5873,0.0,0,0.0,635808.4101515315,optimal,0.05687000000034459,False,
5874,0.0,0,0.0,644837.3603500631,optimal,0.062023099992075004,False,
5875,0.0,0,0.0,650258.0261356625,optimal,0.0628839999990305,False,
5876,0.0,0,0.0,687964.9492181843,optimal,0.06386239999847021,False,
5877,0.0,0,0.0,694865.451225904,optimal,0.06543380000221077,False,
5878,0.0,0,0.0,697865.1675255301,optimal,0.0605719000013778,False,
5879,0.0,0,0.0,668582.4492560381,optimal,0.07056110000121407,False,
5880,0.0,0,0.0,646352.2898297433,optimal,0.062298599994392134,False,
5881,0.0,0,0.0,602132.7516154286,optimal,0.06024089999846183,False,
5882,0.0,0,0.0,580034.9833316372,optimal,0.05912700000044424,False,
5883,0.0,0,0.0,529858.1007916741,optimal,0.05436330000520684,False,
5884,0.0,0,0.0,484913.9147482668,optimal,0.05971580000186805,False,
5885,0.0,0,0.0,433467.48788569454,optimal,0.06334709998918697,False,
5886,0.0,0,0.0,409600.7535291829,optimal,0.07969779999984894,False,
5887,0.0,0,0.0,393137.8981914974,optimal,0.07425909998710267,False,
5888,0.0,0,0.0,370106.7336856809,optimal,0.07123610000417102,False,
5889,0.0,0,0.0,346545.7710768676,optimal,0.13651389999722596,False,
5890,0.0,0,0.0,333864.91121980094,optimal,0.07137279999733437,False,
5891,0.0,0,0.0,323565.83732880244,optimal,0.06603739999991376,False,
5892,0.0,0,0.0,314191.39947302523,optimal,0.1989636999933282,False,
5893,0.0,0,0.0,310230.89272318955,optimal,0.16415820000111125,False,
5894,0.0,0,0.0,311028.33089563914,optimal,0.10272249999979977,False,
5895,0.0,0,0.0,312193.5118222828,optimal,0.16922369999520015,False,
5896,0.0,0,0.0,299562.3507964803,optimal,0.07424539999919944,False,
5897,0.0,0,0.0,289720.30924364226,optimal,0.07936319999862462,False,
5898,0.0,0,0.0,283432.7952608456,optimal,0.16875850000360515,False,
5899,0.0,0,0.0,282814.9394269305,optimal,0.07547199999680743,False,
5900,0.0,0,0.0,271420.428456546,optimal,0.09194080000452232,False,
5901,0.0,0,0.0,261741.64677349446,optimal,0.07437679999566171,False,
5902,0.0,0,0.0,250016.53407274958,optimal,0.09601649999967776,False,
5903,0.0,0,0.0,250016.53407274958,optimal,0.17032130000006873,False,
5904,0.0,0,0.0,250016.53407274958,optimal,0.07790590000513475,False,
5905,0.0,0,0.0,250016.53407274958,optimal,0.09510190000582952,False,
5906,0.0,0,0.0,250016.53407274958,optimal,0.06986499999766238,False,
5907,0.0,0,0.0,250016.53407274958,optimal,0.06666840000252705,False,
5908,0.0,0,0.0,250016.53407274958,optimal,0.07019530000980012,False,
5909,0.0,0,0.0,250016.53407274958,optimal,0.07973490000586025,False,
5910,0.0,0,0.0,250016.53407274958,optimal,0.13704580000194255,False,
5911,0.0,0,0.0,250016.53407274958,optimal,0.0528214000078151,False,
5912,0.0,0,0.0,250016.53407274958,optimal,0.062456399988150224,False,
5913,0.0,0,0.0,250016.53407274958,optimal,0.08449719999043737,False,
5914,0.0,0,0.0,250016.53407274958,optimal,0.14599430000816938,False,
5915,0.0,0,0.0,250016.53407274958,optimal,0.06806600000709295,False,
5916,0.0,0,0.0,250016.53407274958,optimal,0.07498639999539591,False,
5917,0.0,0,0.0,250016.53407274958,optimal,0.07965480000711977,False,
5918,0.0,0,0.0,250016.53407274958,optimal,0.08116889999655541,False,
5919,0.0,0,0.0,250016.53407274958,optimal,0.07811339999898337,False,
5920,0.0,0,0.0,250016.53407274958,optimal,0.13450899999588728,False,
5921,0.0,0,0.0,250016.53407274958,optimal,0.07367170001089107,False,
5922,0.0,0,0.0,250016.53407274958,optimal,0.08055129999411292,False,
5923,0.0,0,0.0,250016.53407274958,optimal,0.07391530000313651,False,
5924,0.0,0,0.0,250016.53407274958,optimal,0.15506299999833573,False,
5925,0.0,0,0.0,250016.53407274958,optimal,0.15279550000559539,False,
5926,0.0,0,0.0,250016.53407274958,optimal,0.08163760000024922,False,
5927,0.0,0,0.0,250016.53407274958,optimal,0.07182199999806471,False,
5928,0.0,0,0.0,250016.53407274958,optimal,0.07902210000611376,False,
5929,0.0,0,0.0,250016.53407274958,optimal,0.08715780000784434,False,
5930,0.0,0,0.0,250016.53407274958,optimal,0.0745520999917062,False,
5931,0.0,0,0.0,250016.53407274958,optimal,0.07521209999686107,False,
5932,0.0,0,0.0,250016.53407274958,optimal,0.07295879999583121,False,
5933,0.0,0,0.0,250016.53407274958,optimal,0.08409979999123607,False,
5934,0.0,0,0.0,250016.53407274958,optimal,0.06939800000691321,False,
5935,0.0,0,0.0,250016.53407274958,optimal,0.07646330000716262,False,
5936,0.0,0,0.0,250016.53407274958,optimal,0.06376950000412762,False,
5937,0.0,0,0.0,250016.53407274958,optimal,0.06650259999150876,False,
5938,0.0,0,0.0,250016.53407274958,optimal,0.07664100000692997,False,
5939,0.0,0,0.0,250016.53407274958,optimal,0.14184620000014547,False,
5940,0.0,0,0.0,250016.53407274958,optimal,0.09357959999761079,False,
5941,0.0,0,0.0,250016.53407274958,optimal,0.07407459999376442,False,
5942,0.0,0,0.0,250016.53407274958,optimal,0.052878600006806664,False,
5943,0.0,0,0.0,250016.53407274958,optimal,0.06227190000936389,False,
5944,0.0,0,0.0,250016.53407274958,optimal,0.14051969999854919,False,
5945,0.0,0,0.0,250016.53407274958,optimal,0.08095139999932144,False,
5946,0.0,0,0.0,250016.53407274958,optimal,0.055983300000661984,False,
5947,0.0,0,0.0,250016.53407274958,optimal,0.0783718000020599,False,
5948,0.0,0,0.0,250016.53407274958,optimal,0.08039740000094753,False,
5949,0.0,0,0.0,250016.53407274958,optimal,0.09017979999771342,False,
5950,0.0,0,0.0,250016.53407274958,optimal,0.08148700000310782,False,
5951,0.0,0,0.0,250016.53407274958,optimal,0.06738310000218917,False,
5952,0.0,0,0.0,250016.53407274958,optimal,0.08131389999471139,False,
5953,0.0,0,0.0,313112.620433729,optimal,0.06342340000264812,False,
5954,0.0,0,0.0,396818.4304482973,optimal,0.06142189999809489,False,
5955,0.0,0,0.0,468373.7155786517,optimal,0.06670899999153335,False,
5956,0.0,0,0.0,510927.30258939794,optimal,0.06961350000347011,False,
5957,0.0,0,0.0,525058.8822022651,optimal,0.06669530000363011,False,
5958,0.0,0,0.0,568446.6134557852,optimal,0.07756980000704061,False,
5959,0.0,0,0.0,639575.1191745123,optimal,0.13205359999847133,False,
5960,0.0,0,0.0,676399.1850060871,optimal,0.06838139999308623,False,
5961,0.0,0,0.0,687546.8363867071,optimal,0.07769620000908617,False,
5962,0.0,0,0.0,675226.045464928,optimal,0.05583669999032281,False,
5963,0.0,0,0.0,641963.7372574774,optimal,0.08205679999082349,False,
5964,0.0,0,0.0,604742.379431904,optimal,0.08658270000887569,False,
5965,0.0,0,0.0,569429.0017519038,optimal,0.0894685999955982,False,
5966,0.0,0,0.0,577384.6711995044,optimal,0.14525269999285229,False,
5967,0.0,0,0.0,546523.6731145679,optimal,0.08959930000128224,False,
5968,0.0,0,0.0,528920.2943803986,optimal,0.07488119999470655,False,
5969,0.0,0,0.0,532140.3329173349,optimal,0.08104889999958687,False,
5970,0.0,0,0.0,518629.2600291695,optimal,0.07732349999423604,False,
5971,0.0,0,0.0,524851.2300462816,optimal,0.07222440000623465,False,
5972,0.0,0,0.0,539091.9264588872,optimal,0.06481060000078287,False,
5973,0.0,0,0.0,595940.1070298289,optimal,0.054228200009674765,False,
5974,0.0,0,0.0,615125.11622773,optimal,0.08050439998623915,False,
5975,0.0,0,0.0,657332.1169202817,optimal,0.08087400000658818,False,
5976,0.0,0,0.0,677556.24162041,optimal,0.16484729999501724,False,
5977,0.0,0,0.0,726859.5585862309,optimal,0.07990369999606628,False,
5978,0.0,0,0.0,709127.6117284073,optimal,0.08185319999756757,False,
5979,0.0,0,0.0,701768.5054231688,optimal,0.08823360000678804,False,
5980,0.0,0,0.0,683698.7864326098,optimal,0.07875630000489764,False,
5981,0.0,0,0.0,649274.4305970185,optimal,0.0669116000062786,False,
5982,0.0,0,0.0,648635.9241866234,optimal,0.08758409999427386,False,
5983,0.0,0,0.0,605867.8843674865,optimal,0.08753150000120513,False,
5984,0.0,0,0.0,567877.6956745776,optimal,0.0807792999985395,False,
5985,0.0,0,0.0,509673.0111667033,optimal,0.07728820000193082,False,
5986,0.0,0,0.0,443802.91354324593,optimal,0.153180399996927,False,
5987,0.0,0,0.0,352511.63418501854,optimal,0.08691640000324696,False,
5988,0.0,0,0.0,314812.6284726532,optimal,0.07152250000217464,False,
5989,0.0,0,0.0,271356.51064861123,optimal,0.06393270000990015,False,
5990,0.0,0,0.0,250016.53407274958,optimal,0.08081110000784975,False,
5991,0.0,0,0.0,250016.53407274958,optimal,0.07287050000741147,False,
5992,0.0,0,0.0,250016.53407274958,optimal,0.16438689999631606,False,
5993,0.0,0,0.0,250016.53407274958,optimal,0.14442090000375174,False,
5994,0.0,0,0.0,250016.53407274958,optimal,0.054888900005607866,False,
5995,0.0,0,0.0,250016.53407274958,optimal,0.08773659999133088,False,
5996,0.0,0,0.0,250016.53407274958,optimal,0.0867456999985734,False,
5997,0.0,0,0.0,250016.53407274958,optimal,0.0852963999932399,False,
5998,0.0,0,0.0,250016.53407274958,optimal,0.07235119999677408,False,
5999,0.0,0,0.0,250016.53407274958,optimal,0.08373289999144617,False,
6000,0.0,0,0.0,250016.53407274958,optimal,0.08366469999600668,False,
6001,0.0,0,0.0,250016.53407274958,optimal,0.07804059999762103,False,
6002,0.0,0,0.0,250016.53407274958,optimal,0.08916319999843836,False,
6003,0.0,0,0.0,250016.53407274958,optimal,0.08857229999557603,False,
6004,0.0,0,0.0,250016.53407274958,optimal,0.08959070000855718,False,
6005,0.0,0,0.0,250016.53407274958,optimal,0.0663065000117058,False,
6006,0.0,0,0.0,250016.53407274958,optimal,0.08957859998918138,False,
6007,0.0,0,0.0,250016.53407274958,optimal,0.0794807999918703,False,
6008,0.0,0,0.0,250016.53407274958,optimal,0.08258040000509936,False,
6009,0.0,0,0.0,250016.53407274958,optimal,0.08109720000356901,False,
6010,0.0,0,0.0,250016.53407274958,optimal,0.08269290000316687,False,
6011,0.0,0,0.0,250016.53407274958,optimal,0.07776559999911115,False,
6012,0.0,0,0.0,250016.53407274958,optimal,0.08910070000274573,False,
6013,0.0,0,0.0,250016.53407274958,optimal,0.1812091000028886,False,
6014,0.0,0,0.0,250016.53407274958,optimal,0.07674910000059754,False,
6015,0.0,0,0.0,250016.53407274958,optimal,0.08250770000449847,False,
6016,0.0,0,0.0,250016.53407274958,optimal,0.07956410000042524,False,
6017,0.0,0,0.0,250016.53407274958,optimal,0.08404459999292158,False,
6018,0.0,0,0.0,250016.53407274958,optimal,0.13817500000004657,False,
6019,0.0,0,0.0,250016.53407274958,optimal,0.1738653000065824,False,
6020,0.0,0,0.0,250016.53407274958,optimal,0.07262639999680687,False,
6021,0.0,0,0.0,250016.53407274958,optimal,0.08895440000924282,False,
6022,0.0,0,0.0,250016.53407274958,optimal,0.08357539999997243,False,
6023,0.0,0,0.0,250016.53407274958,optimal,0.07306949999474455,False,
6024,0.0,0,0.0,250016.53407274958,optimal,0.07526780001353472,False,
6025,0.0,0,0.0,250016.53407274958,optimal,0.06514120000065304,False,
6026,0.0,0,0.0,250016.53407274958,optimal,0.08537809998961166,False,
6027,0.0,0,0.0,250016.53407274958,optimal,0.08295010001165792,False,
6028,0.0,0,0.0,250016.53407274958,optimal,0.07637289998820052,False,
6029,0.0,0,0.0,250016.53407274958,optimal,0.0653018000011798,False,
6030,0.0,0,0.0,250016.53407274958,optimal,0.06680629999027587,False,
6031,0.0,0,0.0,250016.53407274958,optimal,0.07538719999138266,False,
6032,0.0,0,0.0,250016.53407274958,optimal,0.062288000000989996,False,
6033,0.0,0,0.0,250016.53407274958,optimal,0.06396010000025854,False,
6034,0.0,0,0.0,250016.53407274958,optimal,0.07546829999773763,False,
6035,0.0,0,0.0,250016.53407274958,optimal,0.08295680000446737,False,
6036,0.0,0,0.0,250016.53407274958,optimal,0.0708703999989666,False,
6037,0.0,0,0.0,250016.53407274958,optimal,0.08065519999945536,False,
6038,0.0,0,0.0,250016.53407274958,optimal,0.11478749998786952,False,
6039,0.0,0,0.0,250016.53407274958,optimal,0.13300200000230689,False,
6040,0.0,0,0.0,250016.53407274958,optimal,0.09538789998623542,False,
6041,0.0,0,0.0,250016.53407274958,optimal,0.09558750000724103,False,
6042,0.0,0,0.0,250016.53407274958,optimal,0.17198679999273736,False,
6043,0.0,0,0.0,250016.53407274958,optimal,0.09239299999899231,False,
6044,0.0,0,0.0,250016.53407274958,optimal,0.22363079999922775,False,
6045,0.0,0,0.0,250016.53407274958,optimal,0.08117230000789277,False,
6046,0.0,0,0.0,250016.53407274958,optimal,0.2002758000016911,False,
6047,0.0,0,0.0,250016.53407274958,optimal,0.21062979999987874,False,
6048,0.0,0,0.0,250016.53407274958,optimal,0.2320616999932099,False,
6049,0.0,0,0.0,250016.53407274958,optimal,0.14175999999861233,False,
6050,0.0,0,0.0,250016.53407274958,optimal,0.1504543999908492,False,
6051,0.0,0,0.0,250016.53407274958,optimal,0.15548190000117756,False,
6052,0.0,0,0.0,250016.53407274958,optimal,0.11026140001195017,False,
6053,0.0,0,0.0,250016.53407274958,optimal,0.12145959999179468,False,
6054,0.0,0,0.0,250016.53407274958,optimal,0.09206239999912214,False,
6055,0.0,0,0.0,250016.53407274958,optimal,0.1008709000016097,False,
6056,0.0,0,0.0,250016.53407274958,optimal,0.0923793999972986,False,
6057,0.0,0,0.0,250016.53407274958,optimal,0.08837779999885242,False,
6058,0.0,0,0.0,250016.53407274958,optimal,0.06743759999517351,False,
6059,0.0,0,0.0,250016.53407274958,optimal,0.0851425000000745,False,
6060,0.0,0,0.0,250016.53407274958,optimal,0.08754160000535194,False,
6061,0.0,0,0.0,250016.53407274958,optimal,0.07145920000039041,False,
6062,0.0,0,0.0,250016.53407274958,optimal,0.09089469999889843,False,
6063,0.0,0,0.0,250016.53407274958,optimal,0.06168410000100266,False,
6064,0.0,0,0.0,250016.53407274958,optimal,0.06556680001085624,False,
6065,0.0,0,0.0,250016.53407274958,optimal,0.09174039999197703,False,
6066,0.0,0,0.0,250016.53407274958,optimal,0.15982960000110324,False,
6067,0.0,0,0.0,250016.53407274958,optimal,0.08989889999793377,False,
6068,0.0,0,0.0,250016.53407274958,optimal,0.09382520000508521,False,
6069,0.0,0,0.0,250016.53407274958,optimal,0.08553870000469033,False,
6070,0.0,0,0.0,250016.53407274958,optimal,0.19439360000251327,False,
6071,0.0,0,0.0,250016.53407274958,optimal,0.11235699999087956,False,
6072,0.0,0,0.0,250016.53407274958,optimal,0.09369180000794586,False,
6073,0.0,0,0.0,250016.53407274958,optimal,0.13476060000539292,False,
6074,0.0,0,0.0,250016.53407274958,optimal,0.11594999999215361,False,
6075,0.0,0,0.0,250016.53407274958,optimal,0.11923060000117403,False,
6076,0.0,0,0.0,250016.53407274958,optimal,0.09223239999846555,False,
6077,0.0,0,0.0,250016.53407274958,optimal,0.11532070000248495,False,
6078,0.0,0,0.0,250016.53407274958,optimal,0.12080609999247827,False,
6079,0.0,0,0.0,250016.53407274958,optimal,0.09545029999571852,False,
6080,0.0,0,0.0,250016.53407274958,optimal,0.09132949999184348,False,
6081,0.0,0,0.0,250016.53407274958,optimal,0.08767629999783821,False,
6082,0.0,0,0.0,250016.53407274958,optimal,0.08966209999925923,False,
6083,0.0,0,0.0,250016.53407274958,optimal,0.08987090000300668,False,
6084,0.0,0,0.0,261386.93882869807,optimal,0.17020000000775326,False,
6085,0.0,0,0.0,281952.3786190945,optimal,0.08386549999704584,False,
6086,0.0,0,0.0,304285.97892985516,optimal,0.08179030001338106,False,
6087,0.0,0,0.0,326986.65573851805,optimal,0.07358609999937471,False,
6088,0.0,0,0.0,344610.1252087715,optimal,0.08539079999900423,False,
6089,0.0,0,0.0,362853.01625329844,optimal,0.08099489999585785,False,
6090,0.0,0,0.0,380870.444967574,optimal,0.08449140000448097,False,
6091,0.0,0,0.0,419207.5186198276,optimal,0.08079930000531022,False,
6092,0.0,0,0.0,440315.5057878182,optimal,0.08352590000140481,False,
6093,0.0,0,0.0,451191.5077745805,optimal,0.081482200010214,False,
6094,0.0,0,0.0,460988.92102003563,optimal,0.08214840000437107,False,
6095,0.0,0,0.0,473738.61487353407,optimal,0.15217099999426864,False,
6096,0.0,0,0.0,484971.20319650485,optimal,0.07695230000535958,False,
6097,0.0,0,0.0,495332.11239249946,optimal,0.07982819998869672,False,
6098,0.0,0,0.0,498929.561441791,optimal,0.07094749998941552,False,
6099,0.0,0,0.0,500572.9382235784,optimal,0.08722499999566935,False,
6100,0.0,0,0.0,510560.1213498768,optimal,0.0840953000006266,False,
6101,0.0,0,0.0,527149.9632456959,optimal,0.09087900001031812,False,
6102,0.0,0,0.0,536282.7367443643,optimal,0.09289340001123492,False,
6103,0.0,0,0.0,545200.97042294,optimal,0.09058740000182297,False,
6104,0.0,0,0.0,549267.6979468,optimal,0.08807480000541545,False,
6105,0.0,0,0.0,523410.29261353833,optimal,0.08798760001081973,False,
6106,0.0,0,0.0,492197.50676463114,optimal,0.09141969999473076,False,
6107,0.0,0,0.0,480344.2663917436,optimal,0.19442699999490287,False,
6108,0.0,0,0.0,457381.0389921005,optimal,0.07400639999832492,False,
6109,0.0,0,0.0,435221.33180422336,optimal,0.08246150000195485,False,
6110,0.0,0,0.0,421692.12698504445,optimal,0.09125329999369569,False,
6111,0.0,0,0.0,420416.0297427452,optimal,0.10392270000011194,False,
6112,0.0,0,0.0,426861.3285717058,optimal,0.09893010000814684,False,
6113,0.0,0,0.0,436726.5722122811,optimal,0.0947640000085812,False,
6114,0.0,0,0.0,447251.70735067443,optimal,0.10476119999657385,False,
6115,0.0,0,0.0,477981.7845019092,optimal,0.16757419999339618,False,
6116,0.0,0,0.0,477407.90307577874,optimal,0.7275832000013907,False,
6117,0.0,0,0.0,462925.9333335238,optimal,0.09188779999385588,False,
6118,0.0,0,0.0,447721.8911917866,optimal,0.09620299999369308,False,
6119,0.0,0,0.0,430074.62252618687,optimal,0.5342980999994325,False,
6120,0.0,0,0.0,413214.99386058666,optimal,0.7117725000134669,False,
6121,0.0,0,0.0,397034.36519498687,optimal,0.5119865000015125,False,
6122,0.0,0,0.0,381206.81652938644,optimal,0.3977327000029618,False,
6123,0.0,0,0.0,365678.0278637864,optimal,0.6209818000061205,False,
6124,0.0,0,0.0,353723.7483000779,optimal,0.2988615999929607,False,
6125,0.0,0,0.0,355723.4527460119,optimal,0.33637729998736177,False,
6126,0.0,0,0.0,359690.71489694295,optimal,0.3222451000037836,False,
6127,0.0,0,0.0,369212.70098523237,optimal,0.3170514999947045,False,
6128,0.0,0,0.0,363484.5354854275,optimal,0.23803349999070633,False,
6129,0.0,0,0.0,336462.16629029106,optimal,0.3509510000003502,False,
6130,0.0,0,0.0,294769.08769079274,optimal,0.2790956999961054,False,
6131,0.0,0,0.0,250016.53407274958,optimal,0.19277839999995194,False,
6132,0.0,0,0.0,250016.53407274958,optimal,0.17669290000048932,False,
6133,0.0,0,0.0,250016.53407274958,optimal,0.1348678999929689,False,
6134,0.0,0,0.0,250016.53407274958,optimal,0.10666309999942314,False,
6135,0.0,0,0.0,250016.53407274958,optimal,0.08596959999704268,False,
6136,0.0,0,0.0,250016.53407274958,optimal,0.1616170999914175,False,
6137,0.0,0,0.0,250016.53407274958,optimal,0.078460399992764,False,
6138,0.0,0,0.0,250016.53407274958,optimal,0.06750419999298174,False,
6139,0.0,0,0.0,250016.53407274958,optimal,0.07608790000085719,False,
6140,0.0,0,0.0,250016.53407274958,optimal,0.08064169999852311,False,
6141,0.0,0,0.0,250016.53407274958,optimal,0.08056859999487642,False,
6142,0.0,0,0.0,250016.53407274958,optimal,0.07473870000103489,False,
6143,0.0,0,0.0,250016.53407274958,optimal,0.0870059000008041,False,
6144,0.0,0,0.0,250016.53407274958,optimal,0.0817726999957813,False,
6145,0.0,0,0.0,250016.53407274958,optimal,0.09569680001004599,False,
6146,0.0,0,0.0,250016.53407274958,optimal,0.08322129999578465,False,
6147,0.0,0,0.0,250016.53407274958,optimal,0.08137729999725707,False,
6148,0.0,0,0.0,250016.53407274958,optimal,0.08385299998917617,False,
6149,0.0,0,0.0,250016.53407274958,optimal,0.11534270000993274,False,
6150,0.0,0,0.0,250016.53407274958,optimal,0.0785252999921795,False,
6151,0.0,0,0.0,250016.53407274958,optimal,0.10248859999410342,False,
6152,0.0,0,0.0,250016.53407274958,optimal,0.08310649999475572,False,
6153,0.0,0,0.0,250016.53407274958,optimal,0.06216549999953713,False,
6154,0.0,0,0.0,250016.53407274958,optimal,0.08537619998969603,False,
6155,0.0,0,0.0,250016.53407274958,optimal,0.06007490000047255,False,
6156,0.0,0,0.0,250016.53407274958,optimal,0.07360530000005383,False,
6157,0.0,0,0.0,250016.53407274958,optimal,0.06425160000799224,False,
6158,0.0,0,0.0,250016.53407274958,optimal,0.05782790000375826,False,
6159,0.0,0,0.0,250016.53407274958,optimal,0.08134160000190604,False,
6160,0.0,0,0.0,250016.53407274958,optimal,0.0811054000078002,False,
6161,0.0,0,0.0,250016.53407274958,optimal,0.14258949999930337,False,
6162,0.0,0,0.0,250016.53407274958,optimal,0.07456409999576863,False,
6163,0.0,0,0.0,250016.53407274958,optimal,0.08566919999429956,False,
6164,0.0,0,0.0,250016.53407274958,optimal,0.15120890000252984,False,
6165,0.0,0,0.0,250016.53407274958,optimal,0.1563248000020394,False,
6166,0.0,0,0.0,250016.53407274958,optimal,0.07948010000109207,False,
6167,0.0,0,0.0,250016.53407274958,optimal,0.08386729999620002,False,
6168,0.0,0,0.0,250016.53407274958,optimal,0.08654580000438727,False,
6169,0.0,0,0.0,250016.53407274958,optimal,0.0845644000073662,False,
6170,0.0,0,0.0,250016.53407274958,optimal,0.08171079999010544,False,
6171,0.0,0,0.0,250016.53407274958,optimal,0.06921449999208562,False,
6172,0.0,0,0.0,250016.53407274958,optimal,0.07643529999768361,False,
6173,0.0,0,0.0,250016.53407274958,optimal,0.16296100000909064,False,
6174,0.0,0,0.0,250016.53407274958,optimal,0.07918880000943318,False,
6175,0.0,0,0.0,250016.53407274958,optimal,0.08845389999623876,False,
6176,0.0,0,0.0,250016.53407274958,optimal,0.08149460000277031,False,
6177,0.0,0,0.0,250016.53407274958,optimal,0.08441900000616442,False,
6178,0.0,0,0.0,250016.53407274958,optimal,0.0823342999938177,False,
6179,0.0,0,0.0,250016.53407274958,optimal,0.06802679999964312,False,
6180,0.0,0,0.0,250016.53407274958,optimal,0.14046770001004916,False,
6181,0.0,0,0.0,250016.53407274958,optimal,0.0763301999977557,False,
6182,0.0,0,0.0,250016.53407274958,optimal,0.08006279999972321,False,
6183,0.0,0,0.0,250016.53407274958,optimal,0.06318779999855906,False,
6184,0.0,0,0.0,250016.53407274958,optimal,0.13251619999937247,False,
6185,0.0,0,0.0,250016.53407274958,optimal,0.08093410001310986,False,
6186,0.0,0,0.0,250016.53407274958,optimal,0.07554609999351669,False,
6187,0.0,0,0.0,250016.53407274958,optimal,0.08712560001004022,False,
6188,0.0,0,0.0,250016.53407274958,optimal,0.06270190000941511,False,
6189,0.0,0,0.0,250016.53407274958,optimal,0.08170459998655133,False,
6190,0.0,0,0.0,250016.53407274958,optimal,0.08600900000601541,False,
6191,0.0,0,0.0,250016.53407274958,optimal,0.13201580000168178,False,
6192,0.0,0,0.0,273842.6231238321,optimal,0.0800333000079263,False,
6193,0.0,0,0.0,305805.3845036099,optimal,0.0851805999991484,False,
6194,0.0,0,0.0,358025.05444807885,optimal,0.14258640000480227,False,
6195,0.0,0,0.0,428697.73780330725,optimal,0.08086000000184868,False,
6196,0.0,0,0.0,513844.09481352614,optimal,0.15551690000575036,False,
6197,0.0,0,0.0,582588.8987586179,optimal,0.05923649999022018,False,
6198,0.0,0,0.0,658127.413090947,optimal,0.08158280000498053,False,
6199,0.0,0,0.0,737883.8526172051,optimal,0.0695175000000745,False,
6200,0.0,0,0.0,802465.9462604527,optimal,0.07918510001036339,False,
6201,0.0,0,0.0,862860.9817291695,optimal,0.07749799999874085,False,
6202,0.0,0,0.0,939461.367638376,optimal,0.13763090000429656,False,
6203,0.0,0,0.0,995214.8273772354,optimal,0.08526930000516586,False,
6204,0.0,0,0.0,1050482.8267827916,optimal,0.07392490000347607,False,
6205,0.0,0,0.0,1106137.0603601665,optimal,0.08488799999759067,False,
6206,0.0,0,0.0,1157283.3779781994,optimal,0.05991159999393858,False,
6207,0.0,0,0.0,1227510.3484240405,optimal,0.08498350001173094,False,
6208,0.0,0,0.0,1296785.5127802577,optimal,0.07472560000314843,False,
6209,0.0,0,0.0,1374058.6632616995,optimal,0.08197189999918919,False,
6210,0.0,0,0.0,1463232.0356528475,optimal,0.08334499999182299,False,
6211,0.0,0,0.0,1499779.3379707916,optimal,0.07159099999989849,False,
6212,0.0,0,0.0,1537136.5663832116,optimal,0.15600350000022445,False,
6213,0.0,0,0.0,1573679.041092586,optimal,0.07544960000086576,False,
6214,0.0,0,0.0,1597693.5023492738,optimal,0.0778792000055546,False,
6215,0.0,0,0.0,1588689.4250524621,optimal,0.14028350000444334,False,
6216,0.0,0,0.0,1564414.9154608727,optimal,0.0767558000079589,False,
6217,0.0,0,0.0,1534248.5511420132,optimal,0.0725244999921415,False,
6218,0.0,0,0.0,1503423.837585327,optimal,0.07676749999518506,False,
6219,0.0,0,0.0,1512319.7810835207,optimal,0.10253699999884702,False,
6220,0.0,0,0.0,1541074.395448906,optimal,0.07047459999739658,False,
6221,0.0,0,0.0,1545910.140953093,optimal,0.1524197999970056,False,
6222,0.0,0,0.0,1565993.9375891115,optimal,0.07882039999822155,False,
6223,0.0,0,0.0,1595269.6522292844,optimal,0.06627180000941735,False,
6224,0.0,0,0.0,1615750.2121960728,optimal,0.07214589999057353,False,
6225,0.0,0,0.0,1604258.4910964274,optimal,0.08741100000042934,False,
6226,0.0,0,0.0,1587804.4420297076,optimal,0.08487339998828247,False,
6227,0.0,0,0.0,1544684.1563651534,optimal,0.07860870000149589,False,
6228,0.0,0,0.0,1520477.567227708,optimal,0.0743637999985367,False,
6229,0.0,0,0.0,1495973.09499258,optimal,0.06937029999971855,False,
6230,0.0,0,0.0,1484959.5418871038,optimal,0.13508900000306312,False,
6231,0.0,0,0.0,1387470.8827915469,optimal,0.07525979999627452,False,
6232,0.0,0,0.0,1312069.4548683658,optimal,0.15205839999543969,False,
6233,0.0,0,0.0,1247447.560067837,optimal,0.07985589999589138,False,
6234,0.0,0,0.0,1210588.2462279538,optimal,0.07575400000496302,False,
6235,0.0,0,0.0,1189747.519106161,optimal,0.07817830001295079,False,
6236,0.0,0,0.0,1159507.4412524274,optimal,0.08033089998934884,False,
6237,0.0,0,0.0,1129478.9220309681,optimal,0.08465289999730885,False,
6238,0.0,0,0.0,1072453.9355646125,optimal,0.07301290000032168,False,
6239,0.0,0,0.0,1032016.8317056543,optimal,0.13596620000316761,False,
6240,0.0,0,0.0,983711.9460771478,optimal,0.06911630000104196,False,
6241,0.0,0,0.0,956500.2735887866,optimal,0.09562150000419933,False,
6242,0.0,0,0.0,924658.4798869987,optimal,0.07382720000168774,False,
6243,0.0,0,0.0,891288.7877731347,optimal,0.0750432000058936,False,
6244,0.0,0,0.0,861169.3040647733,optimal,0.08900400000857189,False,
6245,0.0,0,0.0,805553.8790810448,optimal,0.07336320000467822,False,
6246,0.0,0,0.0,713143.5440036008,optimal,0.0856740000017453,False,
6247,0.0,0,0.0,660062.0845153781,optimal,0.07712549999996554,False,
6248,0.0,0,0.0,617299.1795731949,optimal,0.07831640000222251,False,
6249,0.0,0,0.0,577100.5005213451,optimal,0.07771979999961331,False,
6250,0.0,0,0.0,516151.106066847,optimal,0.07057329999224748,False,
6251,0.0,0,0.0,472018.7606607878,optimal,0.081454200000735,False,
6252,0.0,0,0.0,410446.31021703186,optimal,0.08223200000065845,False,
6253,0.0,0,0.0,371055.4369323177,optimal,0.1577535000105854,False,
6254,0.0,0,0.0,347038.1254566314,optimal,0.07480790000408888,False,
6255,0.0,0,0.0,307293.4701710152,optimal,0.07643450000614394,False,
6256,0.0,0,0.0,282973.35348171496,optimal,0.07658969999465626,False,
6257,0.0,0,0.0,250016.53407274958,optimal,0.07607569999527186,False,
6258,0.0,0,0.0,250016.53407274958,optimal,0.07323489998816513,False,
6259,0.0,0,0.0,250016.53407274958,optimal,0.07327960000839084,False,
6260,0.0,0,0.0,250016.53407274958,optimal,0.07978269999148324,False,
6261,0.0,0,0.0,250016.53407274958,optimal,0.07689500000560656,False,
6262,0.0,0,0.0,250016.53407274958,optimal,0.067476500000339,False,
6263,0.0,0,0.0,250016.53407274958,optimal,0.16200409999873955,False,
6264,0.0,0,0.0,250016.53407274958,optimal,0.09640720000606962,False,
6265,0.0,0,0.0,250016.53407274958,optimal,0.09540799999376759,False,
6266,0.0,0,0.0,250016.53407274958,optimal,0.10333310000714846,False,
6267,0.0,0,0.0,250016.53407274958,optimal,0.08464530001219828,False,
6268,0.0,0,0.0,250016.53407274958,optimal,0.08514420001301914,False,
6269,0.0,0,0.0,250016.53407274958,optimal,0.07729190000100061,False,
6270,0.0,0,0.0,250016.53407274958,optimal,0.0642336000018986,False,
6271,0.0,0,0.0,250016.53407274958,optimal,0.08161850000033155,False,
6272,0.0,0,0.0,250016.53407274958,optimal,0.0782686000020476,False,
6273,0.0,0,0.0,250016.53407274958,optimal,0.0754397999990033,False,
6274,0.0,0,0.0,250016.53407274958,optimal,0.07787249999819323,False,
6275,0.0,0,0.0,250016.53407274958,optimal,0.07525779999559745,False,
6276,0.0,0,0.0,250016.53407274958,optimal,0.0783858000067994,False,
6277,0.0,0,0.0,250016.53407274958,optimal,0.07763189999968745,False,
6278,0.0,0,0.0,250016.53407274958,optimal,0.07381889999669511,False,
6279,0.0,0,0.0,250016.53407274958,optimal,0.06433739999192767,False,
6280,0.0,0,0.0,250016.53407274958,optimal,0.08429870000691153,False,
6281,0.0,0,0.0,250016.53407274958,optimal,0.08597480000753421,False,
6282,0.0,0,0.0,250016.53407274958,optimal,0.07807889999821782,False,
6283,0.0,0,0.0,250016.53407274958,optimal,0.08787030000530649,False,
6284,0.0,0,0.0,250016.53407274958,optimal,0.136467399992398,False,
6285,0.0,0,0.0,250016.53407274958,optimal,0.07907659999909811,False,
6286,0.0,0,0.0,250016.53407274958,optimal,0.09136069999658503,False,
6287,0.0,0,0.0,250016.53407274958,optimal,0.08477430000493769,False,
6288,0.0,0,0.0,250016.53407274958,optimal,0.08234680000168737,False,
6289,0.0,0,0.0,250016.53407274958,optimal,0.17387450000387616,False,
6290,0.0,0,0.0,250016.53407274958,optimal,0.15468809999583755,False,
6291,0.0,0,0.0,250016.53407274958,optimal,0.09101449999434408,False,
6292,0.0,0,0.0,250016.53407274958,optimal,0.15396729999338277,False,
6293,0.0,0,0.0,250016.53407274958,optimal,0.08858699999109376,False,
6294,0.0,0,0.0,250016.53407274958,optimal,0.08589660000870936,False,
6295,0.0,0,0.0,250016.53407274958,optimal,0.07674499999848194,False,
6296,0.0,0,0.0,250016.53407274958,optimal,0.06550979999883566,False,
6297,0.0,0,0.0,250016.53407274958,optimal,0.07791019999422133,False,
6298,0.0,0,0.0,250016.53407274958,optimal,0.06474899999739137,False,
6299,0.0,0,0.0,256251.76324233756,optimal,0.13695280000683852,False,
6300,0.0,0,0.0,281615.15324152895,optimal,0.05562639998970553,False,
6301,0.0,0,0.0,308055.7791439212,optimal,0.08062280000012834,False,
6302,0.0,0,0.0,296877.680657094,optimal,0.060161999994306825,False,
6303,0.0,0,0.0,284647.22981769,optimal,0.0849750000052154,False,
6304,0.0,0,0.0,284013.3976088991,optimal,0.08011300000362098,False,
6305,0.0,0,0.0,311440.8851206232,optimal,0.15166440000757575,False,
6306,0.0,0,0.0,367432.60973595246,optimal,0.0846179999934975,False,
6307,0.0,0,0.0,432624.9749749898,optimal,0.07348590000765398,False,
6308,0.0,0,0.0,504897.7605062391,optimal,0.07925809999869671,False,
6309,0.0,0,0.0,619321.033533252,optimal,0.07595939999737311,False,
6310,0.0,0,0.0,717129.622531809,optimal,0.16735760000301525,False,
6311,0.0,0,0.0,782471.170915842,optimal,0.065895100007765,False,
6312,0.0,0,0.0,828294.373760541,optimal,0.07439699998940341,False,
6313,0.0,0,0.0,861067.1930406447,optimal,0.07525589999568183,False,
6314,0.0,0,0.0,905962.0235633283,optimal,0.15362169999571051,False,
6315,0.0,0,0.0,945631.4153172334,optimal,0.07382940000388771,False,
6316,0.0,0,0.0,958989.3592261194,optimal,0.0848899000120582,False,
6317,0.0,0,0.0,990564.5293496882,optimal,0.07532960000389721,False,
6318,0.0,0,0.0,1067004.5115227269,optimal,0.08386379999865312,False,
6319,0.0,0,0.0,1133182.6361920778,optimal,0.06954029999906197,False,
6320,0.0,0,0.0,1206435.0609577436,optimal,0.1687658000009833,False,
6321,0.0,0,0.0,1237461.4539222002,optimal,0.08673399999679532,False,
6322,0.0,0,0.0,1240490.0664665997,optimal,0.16596499999286607,False,
6323,0.0,0,0.0,1238016.7227578615,optimal,0.08033559999603312,False,
6324,0.0,0,0.0,1250696.9274385865,optimal,0.08206079999217764,False,
6325,0.0,0,0.0,1253616.5111547112,optimal,0.07963690000178758,False,
6326,0.0,0,0.0,1214362.4368128788,optimal,0.07302870000421535,False,
6327,0.0,0,0.0,1195195.8014494982,optimal,0.08334209999884479,False,
6328,0.0,0,0.0,1177714.8965058688,optimal,0.07480299999588169,False,
6329,0.0,0,0.0,1169772.2256718527,optimal,0.08092920000490267,False,
6330,0.0,0,0.0,1174284.561359148,optimal,0.1369399999966845,False,
6331,0.0,0,0.0,1193183.709109693,optimal,0.08264489998691715,False,
6332,0.0,0,0.0,1255957.3162801452,optimal,0.06875859999854583,False,
6333,0.0,0,0.0,1322231.3208683531,optimal,0.08239019999746233,False,
6334,0.0,0,0.0,1379519.7857775274,optimal,0.08689570000569802,False,
6335,0.0,0,0.0,1392211.7396679418,optimal,0.0777597000123933,False,
6336,0.0,0,0.0,1428689.1114691999,optimal,0.08284620000631548,False,
6337,0.0,0,0.0,1473818.3740535467,optimal,0.08050549999461509,False,
6338,0.0,0,0.0,1507074.2828864127,optimal,0.08104109999840148,False,
6339,0.0,0,0.0,1549115.7028213623,optimal,0.16305860001011752,False,
6340,0.0,0,0.0,1560199.8791580389,optimal,0.08189159999892581,False,
6341,0.0,0,0.0,1535019.0838450259,optimal,0.14906650000193622,False,
6342,0.0,0,0.0,1525330.4775173508,optimal,0.0849756000097841,False,
6343,0.0,0,0.0,1477404.364080729,optimal,0.07863969999016263,False,
6344,0.0,0,0.0,1464103.3819789446,optimal,0.09025059999839868,False,
6345,0.0,0,0.0,1405847.818730287,optimal,0.08134619999327697,False,
6346,0.0,0,0.0,1351735.8625115273,optimal,0.0836321999959182,False,
6347,0.0,0,0.0,1298331.3985107196,optimal,0.07746899999619927,False,
6348,0.0,0,0.0,1247171.9767936775,optimal,0.08051359999808483,False,
6349,0.0,0,0.0,1260042.4905110423,optimal,0.08142950000183191,False,
6350,0.0,0,0.0,1276511.8533422332,optimal,0.07150159998855088,False,
6351,0.0,0,0.0,1279803.0842095478,optimal,0.15783329999248963,False,
6352,0.0,0,0.0,1247835.6087580707,optimal,0.0866814000037266,False,
6353,0.0,0,0.0,1212220.8403824707,optimal,0.08878280001226813,False,
6354,0.0,0,0.0,1164814.7079990571,optimal,0.08255219999409746,False,
6355,0.0,0,0.0,1111461.0265886795,optimal,0.08626039999944624,False,
6356,0.0,0,0.0,1041715.6309989159,optimal,0.08045219999621622,False,
6357,0.0,0,0.0,926720.7258675345,optimal,0.06762620000517927,False,
6358,0.0,0,0.0,857143.7074410884,optimal,0.08059620000130963,False,
6359,0.0,0,0.0,802707.8861571675,optimal,0.0895648000005167,False,
6360,0.0,0,0.0,760478.0605013693,optimal,0.08112819999223575,False,
6361,0.0,0,0.0,751585.3735244848,optimal,0.07734720000007655,False,
6362,0.0,0,0.0,730807.581771015,optimal,0.06109410000499338,False,
6363,0.0,0,0.0,742141.5009747695,optimal,0.07868230000894982,False,
6364,0.0,0,0.0,739320.2723586296,optimal,0.0788198999944143,False,
6365,0.0,0,0.0,735593.1003096082,optimal,0.15980590000981465,False,
6366,0.0,0,0.0,723405.859143187,optimal,0.08048000000417233,False,
6367,0.0,0,0.0,711953.6852165676,optimal,0.07718880000174977,False,
6368,0.0,0,0.0,692997.5748349035,optimal,0.08313890000863466,False,
6369,0.0,0,0.0,651978.8842137352,optimal,0.0896115999930771,False,
6370,0.0,0,0.0,644346.688806644,optimal,0.1600270999915665,False,
6371,0.0,0,0.0,610821.231429058,optimal,0.08683459999156184,False,
6372,0.0,0,0.0,571994.995858691,optimal,0.07516220000979956,False,
6373,0.0,0,0.0,557214.0439556541,optimal,0.06914609999512322,False,
6374,0.0,0,0.0,543455.9018796452,optimal,0.07864259999769274,False,
6375,0.0,0,0.0,532820.6452426756,optimal,0.07327060001261998,False,
6376,0.0,0,0.0,524816.5023181657,optimal,0.07606659999873955,False,
6377,0.0,0,0.0,519358.45553167234,optimal,0.14248599999700673,False,
6378,0.0,0,0.0,513792.74585126387,optimal,0.07175650000863243,False,
6379,0.0,0,0.0,504245.0809519952,optimal,0.07622260000789538,False,
6380,0.0,0,0.0,486298.46670381643,optimal,0.07165699999313802,False,
6381,0.0,0,0.0,478959.39501966094,optimal,0.08055840000452008,False,
6382,0.0,0,0.0,482528.5709053547,optimal,0.08016539999516681,False,
6383,0.0,0,0.0,479695.216192442,optimal,0.07722310000099242,False,
6384,0.0,0,0.0,481804.1734208922,optimal,0.08618119999300689,False,
6385,0.0,0,0.0,501598.9573415277,optimal,0.08430700001190417,False,
6386,0.0,0,0.0,535046.2350919438,optimal,0.1392939000070328,False,
6387,0.0,0,0.0,581140.0882029601,optimal,0.07084829999075737,False,
6388,0.0,0,0.0,630073.2008525213,optimal,0.06819369998993352,False,
6389,0.0,0,0.0,666621.9957059567,optimal,0.07306210001115687,False,
6390,0.0,0,0.0,677789.9635863453,optimal,0.07642880000639707,False,
6391,0.0,0,0.0,680924.4590287731,optimal,0.09258070000214502,False,
6392,0.0,0,0.0,732577.5349905834,optimal,0.07024169999931473,False,
6393,0.0,0,0.0,765610.7931513856,optimal,0.07521370000904426,False,
6394,0.0,0,0.0,788314.9575650415,optimal,0.07290819998888765,False,
6395,0.0,0,0.0,795771.6331885236,optimal,0.08471389999613166,False,
6396,0.0,0,0.0,798986.2190703709,optimal,0.06995290001214016,False,
6397,0.0,0,0.0,797763.8012243506,optimal,0.08125239999208134,False,
6398,0.0,0,0.0,799453.1463603239,optimal,0.07453939999686554,False,
6399,0.0,0,0.0,817374.7346672737,optimal,0.164350100007141,False,
6400,0.0,0,0.0,834424.5692198345,optimal,0.0781892999948468,False,
6401,0.0,0,0.0,839703.3794023652,optimal,0.08985319999919739,False,
6402,0.0,0,0.0,857386.9329343337,optimal,0.17984910000814125,False,
6403,0.0,0,0.0,892917.6461123588,optimal,0.0985991999914404,False,
6404,0.0,0,0.0,951167.1527662387,optimal,0.08096069999737665,False,
6405,0.0,0,0.0,1044109.9223908716,optimal,0.06538300000829622,False,
6406,0.0,0,0.0,1161978.1729912756,optimal,0.08963460000813939,False,
6407,0.0,0,0.0,1276189.1430845058,optimal,0.08207460000994615,False,
6408,0.0,0,0.0,1324465.9566470832,optimal,0.08070449999650009,False,
6409,0.0,0,0.0,1347899.4412476188,optimal,0.08125940000172704,False,
6410,0.0,0,0.0,1381010.4219656303,optimal,0.06677429999399465,False,
6411,0.0,0,0.0,1386834.6975496053,optimal,0.16171960000065155,False,
6412,0.0,0,0.0,1412717.9086700394,optimal,0.07874070000252686,False,
6413,0.0,0,0.0,1462224.6076393214,optimal,0.1684129000059329,False,
6414,0.0,0,0.0,1524574.8555891681,optimal,0.10092589999840129,False,
6415,0.0,0,0.0,1592953.7227075975,optimal,0.09053249999124091,False,
6416,0.0,0,0.0,1701380.2627156235,optimal,0.08882299999822862,False,
6417,0.0,0,0.0,1825425.1571287627,optimal,0.07926359999692068,False,
6418,0.0,0,0.0,1888389.574696303,optimal,0.08882830000948161,False,
6419,0.0,0,0.0,1908965.2720900078,optimal,0.08197420000215061,False,
6420,0.0,0,0.0,1925266.0616954407,optimal,0.08211719999962952,False,
6421,0.0,0,0.0,1954968.5295945532,optimal,0.06879679999838118,False,
6422,0.0,0,0.0,1977691.0739984957,optimal,0.07844979999936186,False,
6423,0.0,0,0.0,2005713.5829370304,optimal,0.07348289999936242,False,
6424,0.0,0,0.0,2037517.1840486068,optimal,0.07731839999905787,False,
6425,0.0,0,0.0,2091883.6117984245,optimal,0.0807729000080144,False,
6426,0.0,0,0.0,2165345.669036974,optimal,0.0671336999948835,False,
6427,0.0,0,0.0,2270770.9385865703,optimal,0.07592170000134502,False,
6428,0.0,0,0.0,2404056.1210459336,optimal,0.15022060000046622,False,
6429,0.0,0,0.0,2487862.595694572,optimal,0.08285400000750087,False,
6430,0.0,0,0.0,2603122.981990862,optimal,0.07572870000149123,False,
6431,0.0,0,0.0,2713749.544761835,optimal,0.07748550000542309,False,
6432,0.0,0,0.0,2776048.0115452465,optimal,0.06999319999886211,False,
6433,0.0,0,0.0,2737272.4627011074,optimal,0.07616520000738092,False,
6434,0.0,0,0.0,2789073.5084587582,optimal,0.061405599990393966,False,
6435,0.0,0,0.0,2751776.2364036464,optimal,0.0782527000119444,False,
6436,0.0,0,0.0,2803074.739471012,optimal,0.15513499999360647,False,
6437,0.0,0,0.0,2871269.777342411,optimal,0.07659959999728017,False,
6438,0.0,0,0.0,2959910.652753124,optimal,0.07813680000253953,False,
6439,0.0,0,0.0,3076467.8255861076,optimal,0.08687199999985751,False,
6440,0.0,0,0.0,3190956.756979862,optimal,0.15780139999696985,False,
6441,0.0,0,0.0,3293532.5076342695,optimal,0.09292029999778606,False,
6442,0.0,0,0.0,3256065.8438585666,optimal,0.07445189999998547,False,
6443,0.0,0,0.0,3243926.6965684835,optimal,0.08014720000210218,False,
6444,0.0,0,0.0,3192771.0653348467,optimal,0.1624176999903284,False,
6445,0.0,0,0.0,3142013.89392566,optimal,0.0847858999914024,False,
6446,0.0,0,0.0,3097929.2577354833,optimal,0.07542090000060853,False,
6447,0.0,0,0.0,3071953.119296152,optimal,0.07623980000789743,False,
6448,0.0,0,0.0,3126250.2880224143,optimal,0.09332369999901857,False,
6449,0.0,0,0.0,3190660.8748949757,optimal,0.08856469999591354,False,
6450,0.0,0,0.0,3280891.0005055186,optimal,0.09441920000244863,False,
6451,0.0,0,0.0,3256583.1314361636,optimal,0.08804450000752695,False,
6452,0.0,0,0.0,3163904.5625593266,optimal,0.09082990000024438,False,
6453,0.0,0,0.0,3047895.2686191057,optimal,0.17086950001248624,False,
6454,0.0,0,0.0,2917761.830131512,optimal,0.07606209999357816,False,
6455,0.0,0,0.0,2846725.1484284154,optimal,0.08310350000101607,False,
6456,0.0,0,0.0,2815782.060440637,optimal,0.08806189999449998,False,
6457,0.0,0,0.0,2773318.4643295337,optimal,0.07793430000310764,False,
6458,0.0,0,0.0,2754160.9166557984,optimal,0.07978369999909773,False,
6459,0.0,0,0.0,2725063.5971872862,optimal,0.08281429999624379,False,
6460,0.0,0,0.0,2704243.4294993123,optimal,0.19050419999985024,False,
6461,0.0,0,0.0,2668673.8171771895,optimal,0.07706599999801256,False,
6462,0.0,0,0.0,2621071.4599984144,optimal,0.1632813000032911,False,
6463,0.0,0,0.0,2530010.2626591614,optimal,0.08076399999845307,False,
6464,0.0,0,0.0,2379465.455432554,optimal,0.0664192000112962,False,
6465,0.0,0,0.0,2340811.0284604416,optimal,0.08995949999371078,False,
6466,0.0,0,0.0,2254320.592215165,optimal,0.09106760000577196,False,
6467,0.0,0,0.0,2130752.7599475337,optimal,0.1510195000009844,False,
6468,0.0,0,0.0,2016661.6426051531,optimal,0.09436370000184979,False,
6469,0.0,0,0.0,1883776.0175349673,optimal,0.06964800000423566,False,
6470,0.0,0,0.0,1751023.0588749852,optimal,0.1772497000056319,False,
6471,0.0,0,0.0,1615951.3205216508,optimal,0.08927640000183601,False,
6472,0.0,0,0.0,1474489.3055409058,optimal,0.08737459999974817,False,
6473,0.0,0,0.0,1344398.7569101036,optimal,0.08493929999531247,False,
6474,0.0,0,0.0,1226964.163180927,optimal,0.07924580000690185,False,
6475,0.0,0,0.0,1135543.4281626085,optimal,0.17979310000373516,False,
6476,0.0,0,0.0,1105441.025866265,optimal,0.08150209998711944,False,
6477,0.0,0,0.0,1262149.5026604363,optimal,0.08067549999395851,False,
6478,0.0,0,0.0,1281401.4312842928,optimal,0.08515410000109114,False,
6479,0.0,0,0.0,1393622.144950303,optimal,0.08528060000389814,False,
6480,0.0,0,0.0,1554886.1250103773,optimal,0.09206969999650028,False,
6481,0.0,0,0.0,1575993.4184856275,optimal,0.08279590000165626,False,
6482,0.0,0,0.0,1681069.3555533637,optimal,0.09119200000714045,False,
6483,0.0,0,0.0,1795385.69296845,optimal,0.10457619999942835,False,
6484,0.0,0,0.0,1795069.4652024324,optimal,0.08509039999626111,False,
6485,0.0,0,0.0,1827064.037986578,optimal,0.22182700000121258,False,
6486,0.0,0,0.0,1819790.7993681908,optimal,0.0838417000049958,False,
6487,0.0,0,0.0,1803346.9555353157,optimal,0.11598030000459403,False,
6488,0.0,0,0.0,1786698.8326154866,optimal,0.09662690000550356,False,
6489,0.0,0,0.0,1766043.7675210254,optimal,0.2016147000103956,False,
6490,0.0,0,0.0,1864946.4184259116,optimal,0.08253100000729319,False,
6491,0.0,0,0.0,1947827.0595856905,optimal,0.08435479999752715,False,
6492,0.0,0,0.0,2030232.014284649,optimal,0.09209259999624919,False,
6493,0.0,0,0.0,2054096.7187052928,optimal,0.10195209999801591,False,
6494,0.0,0,0.0,2126136.736256754,optimal,0.09702280000783503,False,
6495,0.0,0,0.0,2234784.5599583993,optimal,0.09067499999946449,False,
6496,0.0,0,0.0,2234784.5599584,optimal,0.19822869999916293,False,
6497,0.0,0,0.0,2241781.210298071,optimal,0.0991890000004787,False,
6498,0.0,0,0.0,2273187.3772192886,optimal,0.09774080000352114,False,
6499,0.0,0,0.0,2320551.9963505305,optimal,0.09984559999429621,False,
6500,0.0,0,0.0,2327991.5547415745,optimal,0.233303100001649,False,
6501,0.0,0,0.0,2469038.9708277066,optimal,0.10135569999692962,False,
6502,0.0,0,0.0,2545198.9221663796,optimal,0.2068581999919843,False,
6503,0.0,0,0.0,2558934.3653537408,optimal,0.13309109999681823,False,
6504,0.0,0,0.0,2549947.2364175105,optimal,0.11821030000282917,False,
6505,0.0,0,0.0,2517781.156477018,optimal,0.11271329999726731,False,
6506,0.0,0,0.0,2563571.487478483,optimal,0.09362549999787007,False,
6507,0.0,0,0.0,2690626.3591001467,optimal,0.09189039999910165,False,
6508,0.0,0,0.0,2728173.8806122188,optimal,0.08688360000087414,False,
6509,0.0,0,0.0,2850137.0465015266,optimal,0.08642120000149589,False,
6510,0.0,0,0.0,2930588.7540817787,optimal,0.08034989998850506,False,
6511,0.0,0,0.0,3033100.376682299,optimal,0.16994890000205487,False,
6512,0.0,0,0.0,3145831.4785964643,optimal,0.1810185999929672,False,
6513,0.0,0,0.0,3187948.984366901,optimal,0.08445169999322388,False,
6514,0.0,0,0.0,3149033.748225653,optimal,0.08838729999843054,False,
6515,0.0,0,0.0,3074205.6832488803,optimal,0.09498310000344645,False,
6516,0.0,0,0.0,3069376.146249154,optimal,0.08082060000742786,False,
6517,0.0,0,0.0,3068591.867065723,optimal,0.0967878999945242,False,
6518,0.0,0,0.0,3105729.7208706457,optimal,0.09156990000337828,False,
6519,0.0,0,0.0,3121772.542039984,optimal,0.08543509998708032,False,
6520,0.0,0,0.0,3140618.9038282936,optimal,0.07638939999742433,False,
6521,0.0,0,0.0,3149537.545052455,optimal,0.07567510000080802,False,
6522,0.0,0,0.0,3155231.88878057,optimal,0.14457560000300873,False,
6523,0.0,0,0.0,3191365.4285285114,optimal,0.07521569999516942,False,
6524,0.0,0,0.0,3271041.557548489,optimal,0.06544259999645874,False,
6525,0.0,0,0.0,3289471.0221169516,optimal,0.07384550001006573,False,
6526,0.0,0,0.0,3289442.291596595,optimal,0.10029909999866504,False,
6527,0.0,0,0.0,3198405.9236613563,optimal,0.09438500000396743,False,
6528,0.0,0,0.0,3087307.2430762756,optimal,0.1940030999976443,False,
6529,0.0,0,0.0,3019351.1583427032,optimal,0.08742700000584591,False,
6530,0.0,0,0.0,2979308.5394937214,optimal,0.09101940000255127,False,
6531,0.0,0,0.0,2937802.3624736406,optimal,0.08724710000387859,False,
6532,0.0,0,0.0,2897478.933928945,optimal,0.13377139999647625,False,
6533,0.0,0,0.0,2828203.793008238,optimal,0.1285749999951804,False,
6534,0.0,0,0.0,2794365.860005366,optimal,0.10710769999423064,False,
6535,0.0,0,0.0,2769834.7319698837,optimal,0.09123780000663828,False,
6536,0.0,0,0.0,2752922.9646794097,optimal,0.17648510000435635,False,
6537,0.0,0,0.0,2730901.879477056,optimal,0.0891470000060508,False,
6538,0.0,0,0.0,2696232.6613479205,optimal,0.08638809999683872,False,
6539,0.0,0,0.0,2613103.9458302585,optimal,0.10643770000024233,False,
6540,0.0,0,0.0,2518370.125194945,optimal,0.09496229999058414,False,
6541,0.0,0,0.0,2435873.865209315,optimal,0.08819640000001527,False,
6542,0.0,0,0.0,2367224.7894597366,optimal,0.08480240000062622,False,
6543,0.0,0,0.0,2290106.910064662,optimal,0.08137639999040402,False,
6544,0.0,0,0.0,2217612.4297943325,optimal,0.08899170000222512,False,
6545,0.0,0,0.0,2168701.98299331,optimal,0.07521799999813084,False,
6546,0.0,0,0.0,2093002.497935501,optimal,0.07595250000304077,False,
6547,0.0,0,0.0,1978185.284203378,optimal,0.08819680000306107,False,
6548,0.0,0,0.0,1893475.4298556312,optimal,0.07475490000797436,False,
6549,0.0,0,0.0,1811927.8531680515,optimal,0.07794230000581592,False,
6550,0.0,0,0.0,1715620.35492009,optimal,0.08481879999453668,False,
6551,0.0,0,0.0,1672574.0959782745,optimal,0.08229879999998957,False,
6552,0.0,0,0.0,1660491.2949100567,optimal,0.07720780000090599,False,
6553,0.0,0,0.0,1615971.6772844275,optimal,0.06442929999320768,False,
6554,0.0,0,0.0,1572973.0209084088,optimal,0.1861203000007663,False,
6555,0.0,0,0.0,1588089.3945506113,optimal,0.11038420000113547,False,
6556,0.0,0,0.0,1552963.1334144918,optimal,0.10553109999455046,False,
6557,0.0,0,0.0,1556701.3121399675,optimal,0.08288469999388326,False,
6558,0.0,0,0.0,1598279.5926815371,optimal,0.08671340000000782,False,
6559,0.0,0,0.0,1628728.760904683,optimal,0.08761789998970926,False,
6560,0.0,0,0.0,1698103.33529076,optimal,0.15613610000582412,False,
6561,0.0,0,0.0,1757515.8165761442,optimal,0.10176920000230893,False,
6562,0.0,0,0.0,1828926.4914413388,optimal,0.06948589999228716,False,
6563,0.0,0,0.0,1861466.598540798,optimal,0.15568050000001676,False,
6564,0.0,0,0.0,1788856.9760365942,optimal,0.1488285000086762,False,
6565,0.0,0,0.0,1704741.571230895,optimal,0.09065540001029149,False,
6566,0.0,0,0.0,1627428.6466323114,optimal,0.08327449999342207,False,
6567,0.0,0,0.0,1530432.2421301831,optimal,0.07359290000749752,False,
6568,0.0,0,0.0,1477707.5686354397,optimal,0.084357399988221,False,
6569,0.0,0,0.0,1428683.1287665127,optimal,0.08207550000224728,False,
6570,0.0,0,0.0,1460315.9368308126,optimal,0.1714388999971561,False,
6571,0.0,0,0.0,1441439.9384860785,optimal,0.059188500003074296,False,
6572,0.0,0,0.0,1441987.4971287707,optimal,0.0747620000038296,False,
6573,0.0,0,0.0,1431503.8632538791,optimal,0.0793682999938028,False,
6574,0.0,0,0.0,1445424.0592753952,optimal,0.08103380000102334,False,
6575,0.0,0,0.0,1484711.5909851494,optimal,0.06956259999424219,False,
6576,0.0,0,0.0,1472816.6497132427,optimal,0.076161899996805,False,
6577,0.0,0,0.0,1461034.3054957653,optimal,0.07532639999408275,False,
6578,0.0,0,0.0,1421243.7999835336,optimal,0.17020659999980126,False,
6579,0.0,0,0.0,1378479.8139341045,optimal,0.07075210000039078,False,
6580,0.0,0,0.0,1391038.2080695122,optimal,0.08677979999629315,False,
6581,0.0,0,0.0,1339310.212660661,optimal,0.08825259999139234,False,
6582,0.0,0,0.0,1297000.270804255,optimal,0.08047719999740366,False,
6583,0.0,0,0.0,1239151.882461655,optimal,0.06897720000415575,False,
6584,0.0,0,0.0,1183490.3048509697,optimal,0.07369879999896511,False,
6585,0.0,0,0.0,1152739.4744537827,optimal,0.06627219999791123,False,
6586,0.0,0,0.0,1113355.2344169628,optimal,0.0803548999974737,False,
6587,0.0,0,0.0,1200526.9262045762,optimal,0.14725049999833573,False,
6588,0.0,0,0.0,1161746.4668832803,optimal,0.06383690000802744,False,
6589,0.0,0,0.0,1164288.7121764258,optimal,0.14568159999907948,False,
6590,0.0,0,0.0,1140148.7562510523,optimal,0.07484290000866167,False,
6591,0.0,0,0.0,1116960.1368011767,optimal,0.1428235999919707,False,
6592,0.0,0,0.0,1096764.3783612703,optimal,0.0834195999923395,False,
6593,0.0,0,0.0,1115460.424649652,optimal,0.08234770000854041,False,
6594,0.0,0,0.0,1159738.3592091103,optimal,0.07430339998973068,False,
6595,0.0,0,0.0,1179019.0572564914,optimal,0.08230530000582803,False,
6596,0.0,0,0.0,1203664.9737084717,optimal,0.08266340001136996,False,
6597,0.0,0,0.0,1262799.403993313,optimal,0.17985420000331942,False,
6598,0.0,0,0.0,1280176.0339085367,optimal,0.08106890000635758,False,
6599,0.0,0,0.0,1286970.368073611,optimal,0.08957240000017919,False,
6600,0.0,0,0.0,1228021.9969680312,optimal,0.08958689999417402,False,
6601,0.0,0,0.0,1197418.016885882,optimal,0.09466090000933036,False,
6602,0.0,0,0.0,1150432.338949398,optimal,0.1733725000085542,False,
6603,0.0,0,0.0,1107383.563924525,optimal,0.07851170000503771,False,
6604,0.0,0,0.0,1047684.5395186434,optimal,0.09605720000399742,False,
6605,0.0,0,0.0,993811.6536256821,optimal,0.08113330000196584,False,
6606,0.0,0,0.0,918614.524493362,optimal,0.08774709999852348,False,
6607,0.0,0,0.0,853255.8016088958,optimal,0.09761800001433585,False,
6608,0.0,0,0.0,790193.2963293941,optimal,0.08726400000159629,False,
6609,0.0,0,0.0,716576.2759240986,optimal,0.0818650000001071,False,
6610,0.0,0,0.0,671669.091972552,optimal,0.08361270000750665,False,
6611,0.0,0,0.0,697044.0354101062,optimal,0.07967700000153854,False,
6612,0.0,0,0.0,709431.4267955609,optimal,0.16323160000320058,False,
6613,0.0,0,0.0,752179.4845027722,optimal,0.08073629999125842,False,
6614,0.0,0,0.0,806956.3261855931,optimal,0.08546760000172071,False,
6615,0.0,0,0.0,848232.3903373657,optimal,0.0939510999887716,False,
6616,0.0,0,0.0,893750.1575450354,optimal,0.16445759999623988,False,
6617,0.0,0,0.0,891985.2714884792,optimal,0.08080860000336543,False,
6618,0.0,0,0.0,923185.9568890985,optimal,0.10669179999968037,False,
6619,0.0,0,0.0,943760.3910956288,optimal,0.09793619999254588,False,
6620,0.0,0,0.0,973880.24781461,optimal,0.10286559999804012,False,
6621,0.0,0,0.0,983702.7330415411,optimal,0.0807275999977719,False,
6622,0.0,0,0.0,978709.4315483768,optimal,0.07908510000561364,False,
6623,0.0,0,0.0,976795.0556527245,optimal,0.0731272999983048,False,
6624,0.0,0,0.0,976146.3893924446,optimal,0.07516889998805709,False,
6625,0.0,0,0.0,964067.5372631038,optimal,0.17755980000947602,False,
6626,0.0,0,0.0,947053.2586849234,optimal,0.0830368000024464,False,
6627,0.0,0,0.0,926159.4242738116,optimal,0.0868083000095794,False,
6628,0.0,0,0.0,891237.4417889497,optimal,0.0727238999970723,False,
6629,0.0,0,0.0,861543.6220328794,optimal,0.0782405999925686,False,
6630,0.0,0,0.0,820720.0134073037,optimal,0.0757401999871945,False,
6631,0.0,0,0.0,793410.1103678313,optimal,0.09424809999472927,False,
6632,0.0,0,0.0,756333.033231643,optimal,0.09697289999166969,False,
6633,0.0,0,0.0,698133.7553779914,optimal,0.07160080000176094,False,
6634,0.0,0,0.0,603563.3381420654,optimal,0.07718629999726545,False,
6635,0.0,0,0.0,563634.8999584416,optimal,0.07771599999978207,False,
6636,0.0,0,0.0,504954.79145915323,optimal,0.07341689999157097,False,
6637,0.0,0,0.0,476701.3557672155,optimal,0.08165610001015011,False,
6638,0.0,0,0.0,444064.0797146101,optimal,0.1648602000059327,False,
6639,0.0,0,0.0,422649.77020367695,optimal,0.08949070000380743,False,
6640,0.0,0,0.0,393632.38557276985,optimal,0.09289970000099856,False,
6641,0.0,0,0.0,360356.4004759557,optimal,0.07916329998988658,False,
6642,0.0,0,0.0,308045.1850889375,optimal,0.0875367999979062,False,
6643,0.0,0,0.0,255149.12277675964,optimal,0.2104943999875104,False,
6644,0.0,0,0.0,250016.53407274958,optimal,0.08477440000569914,False,
6645,0.0,0,0.0,250016.53407274958,optimal,0.0910851999942679,False,
6646,0.0,0,0.0,250016.53407274958,optimal,0.08354880000115372,False,
6647,0.0,0,0.0,250016.53407274958,optimal,0.12551280000479892,False,
6648,0.0,0,0.0,250016.53407274958,optimal,0.10160819999873638,False,
6649,0.0,0,0.0,250016.53407274958,optimal,0.10854590000235476,False,
6650,0.0,0,0.0,250016.53407274958,optimal,0.09793319999880623,False,
6651,0.0,0,0.0,250016.53407274958,optimal,0.16689920000499114,False,
6652,0.0,0,0.0,250016.53407274958,optimal,0.08973749999131542,False,
6653,0.0,0,0.0,250016.53407274958,optimal,0.07508520000556018,False,
6654,0.0,0,0.0,250016.53407274958,optimal,0.08235510000668,False,
6655,0.0,0,0.0,250016.53407274958,optimal,0.08656820000032894,False,
6656,0.0,0,0.0,250016.53407274958,optimal,0.07927339999878313,False,
6657,0.0,0,0.0,250016.53407274958,optimal,0.0795261000021128,False,
6658,0.0,0,0.0,250016.53407274958,optimal,0.17168240000319201,False,
6659,0.0,0,0.0,250016.53407274958,optimal,0.07071499999437947,False,
6660,0.0,0,0.0,250016.53407274958,optimal,0.06761990000086371,False,
6661,0.0,0,0.0,250016.53407274958,optimal,0.0683186999958707,False,
6662,0.0,0,0.0,250016.53407274958,optimal,0.08118759999342728,False,
6663,0.0,0,0.0,250016.53407274958,optimal,0.07894380000652745,False,
6664,0.0,0,0.0,250016.53407274958,optimal,0.07950069999787956,False,
6665,0.0,0,0.0,250016.53407274958,optimal,0.07566629999200813,False,
6666,0.0,0,0.0,250016.53407274958,optimal,0.0659419000003254,False,
6667,0.0,0,0.0,250016.53407274958,optimal,0.062082799995550886,False,
6668,0.0,0,0.0,250016.53407274958,optimal,0.08152450001216494,False,
6669,0.0,0,0.0,250016.53407274958,optimal,0.15408279999974184,False,
6670,0.0,0,0.0,250016.53407274958,optimal,0.08626959999674,False,
6671,0.0,0,0.0,250016.53407274958,optimal,0.08756879999418743,False,
6672,0.0,0,0.0,250016.53407274958,optimal,0.06725429999642074,False,
6673,0.0,0,0.0,250016.53407274958,optimal,0.09129909999319352,False,
6674,0.0,0,0.0,250016.53407274958,optimal,0.07950410000921693,False,
6675,0.0,0,0.0,250016.53407274958,optimal,0.07933900000352878,False,
6676,0.0,0,0.0,250016.53407274958,optimal,0.0794752000074368,False,
6677,0.0,0,0.0,250016.53407274958,optimal,0.07680579999578185,False,
6678,0.0,0,0.0,250016.53407274958,optimal,0.07302320000599138,False,
6679,0.0,0,0.0,250016.53407274958,optimal,0.08687120000831783,False,
6680,0.0,0,0.0,250016.53407274958,optimal,0.08361370000056922,False,
6681,0.0,0,0.0,250016.53407274958,optimal,0.06812660000286996,False,
6682,0.0,0,0.0,250016.53407274958,optimal,0.08218310000665952,False,
6683,0.0,0,0.0,250016.53407274958,optimal,0.07949480001116171,False,
6684,0.0,0,0.0,250016.53407274958,optimal,0.08028490000288002,False,
6685,0.0,0,0.0,250016.53407274958,optimal,0.07669180000084452,False,
6686,0.0,0,0.0,250016.53407274958,optimal,0.149025899998378,False,
6687,0.0,0,0.0,250016.53407274958,optimal,0.0802030999911949,False,
6688,0.0,0,0.0,250016.53407274958,optimal,0.08087380000506528,False,
6689,0.0,0,0.0,250016.53407274958,optimal,0.09351150000293273,False,
6690,0.0,0,0.0,250016.53407274958,optimal,0.10524919998715632,False,
6691,0.0,0,0.0,250016.53407274958,optimal,0.08076729999447707,False,
6692,0.0,0,0.0,250016.53407274958,optimal,0.07202770000731107,False,
6693,0.0,0,0.0,250016.53407274958,optimal,0.08336209999106359,False,
6694,0.0,0,0.0,250016.53407274958,optimal,0.07398079999256879,False,
6695,0.0,0,0.0,250016.53407274958,optimal,0.06882829999085516,False,
6696,0.0,0,0.0,250016.53407274958,optimal,0.06859129999065772,False,
6697,0.0,0,0.0,250016.53407274958,optimal,0.06500670000968967,False,
6698,0.0,0,0.0,250016.53407274958,optimal,0.06470850000914652,False,
6699,0.0,0,0.0,250016.53407274958,optimal,0.06561479999800213,False,
6700,0.0,0,0.0,276138.9123350713,optimal,0.06532609999703709,False,
6701,0.0,0,0.0,303301.0867114045,optimal,0.06325680000009015,False,
6702,0.0,0,0.0,341040.77618420665,optimal,0.07690529999672435,False,
6703,0.0,0,0.0,381733.5873654712,optimal,0.06183130000135861,False,
6704,0.0,0,0.0,427606.69018995296,optimal,0.08291359999566339,False,
6705,0.0,0,0.0,472180.68696825136,optimal,0.07508190000953618,False,
6706,0.0,0,0.0,514367.805619425,optimal,0.06895339999755379,False,
6707,0.0,0,0.0,541181.6311765262,optimal,0.07547389999672305,False,
6708,0.0,0,0.0,576082.4505275582,optimal,0.08254819999274332,False,
6709,0.0,0,0.0,600465.4020896215,optimal,0.08354950000648387,False,
6710,0.0,0,0.0,606452.0951538442,optimal,0.17823730000236537,False,
6711,0.0,0,0.0,602480.968948646,optimal,0.07941069999651518,False,
6712,0.0,0,0.0,627918.2590341216,optimal,0.07827980000001844,False,
6713,0.0,0,0.0,659637.4812420801,optimal,0.08096400000795256,False,
6714,0.0,0,0.0,668747.3436349742,optimal,0.07955399999627843,False,
6715,0.0,0,0.0,669814.4708840683,optimal,0.10049919999437407,False,
6716,0.0,0,0.0,693507.8409956609,optimal,0.09972669999115169,False,
6717,0.0,0,0.0,705681.3031333672,optimal,0.10324499999114778,False,
6718,0.0,0,0.0,700566.8611258109,optimal,0.08981390000553802,False,
6719,0.0,0,0.0,689220.5790572088,optimal,0.09527809999417514,False,
6720,0.0,0,0.0,667786.2124519062,optimal,0.1419719000114128,False,
6721,0.0,0,0.0,643550.8772880132,optimal,0.07653739998931997,False,
6722,0.0,0,0.0,620584.0930138131,optimal,0.07962800000677817,False,
6723,0.0,0,0.0,590315.6718393287,optimal,0.08736020000651479,False,
6724,0.0,0,0.0,562155.2712349565,optimal,0.08615089999511838,False,
6725,0.0,0,0.0,533417.422518924,optimal,0.06761169999663252,False,
6726,0.0,0,0.0,502216.97763254447,optimal,0.06147430000419263,False,
6727,0.0,0,0.0,467626.3770360928,optimal,0.17397869999695104,False,
6728,0.0,0,0.0,448688.551031062,optimal,0.08490359999996144,False,
6729,0.0,0,0.0,422785.43057925627,optimal,0.08365990000311285,False,
6730,0.0,0,0.0,407483.7650873971,optimal,0.094856499999878,False,
6731,0.0,0,0.0,394477.0742808103,optimal,0.08191449999867473,False,
6732,0.0,0,0.0,392015.525388527,optimal,0.1810960000002524,False,
6733,0.0,0,0.0,394555.10900227283,optimal,0.1051249000011012,False,
6734,0.0,0,0.0,405318.3889136323,optimal,0.10240410000551492,False,
6735,0.0,0,0.0,417971.0207997705,optimal,0.11103999998886138,False,
6736,0.0,0,0.0,458008.080708212,optimal,0.18831179999688175,False,
6737,0.0,0,0.0,486044.7215962043,optimal,0.07273230000282638,False,
6738,0.0,0,0.0,506710.49323301,optimal,0.1585713999957079,False,
6739,0.0,0,0.0,486725.6073877084,optimal,0.07541530000162311,False,
6740,0.0,0,0.0,470826.6806555835,optimal,0.08380829999805428,False,
6741,0.0,0,0.0,438111.1486633638,optimal,0.07490389999293257,False,
6742,0.0,0,0.0,443515.5246763788,optimal,0.08215410000411794,False,
6743,0.0,0,0.0,437031.243169243,optimal,0.08231709999381565,False,
6744,0.0,0,0.0,417046.7741986314,optimal,0.07631550000223797,False,
6745,0.0,0,0.0,400225.88381551125,optimal,0.07822380001016427,False,
6746,0.0,0,0.0,375051.45526592585,optimal,0.08449259999906644,False,
6747,0.0,0,0.0,345193.54483872815,optimal,0.15432280000823084,False,
6748,0.0,0,0.0,318497.2251098234,optimal,0.19089859999075998,False,
6749,0.0,0,0.0,293886.90817122895,optimal,0.08662149999872781,False,
6750,0.0,0,0.0,267878.51646533253,optimal,0.08477270000730641,False,
6751,0.0,0,0.0,250016.53407274958,optimal,0.10728840000228956,False,
6752,0.0,0,0.0,250016.53407274958,optimal,0.09274829999776557,False,
6753,0.0,0,0.0,250016.53407274958,optimal,0.08350860000064131,False,
6754,0.0,0,0.0,250016.53407274958,optimal,0.08514100000320468,False,
6755,0.0,0,0.0,250016.53407274958,optimal,0.08513880000100471,False,
6756,0.0,0,0.0,250016.53407274958,optimal,0.08869440000853501,False,
6757,0.0,0,0.0,250016.53407274958,optimal,0.08922739999252371,False,
6758,0.0,0,0.0,250016.53407274958,optimal,0.08172970000305213,False,
6759,0.0,0,0.0,250016.53407274958,optimal,0.08097660000203177,False,
6760,0.0,0,0.0,250016.53407274958,optimal,0.07414510000671726,False,
6761,0.0,0,0.0,250016.53407274958,optimal,0.07426100000157021,False,
6762,0.0,0,0.0,250016.53407274958,optimal,0.08014089999778662,False,
6763,0.0,0,0.0,250016.53407274958,optimal,0.07186250000086147,False,
6764,0.0,0,0.0,250016.53407274958,optimal,0.08133889999589883,False,
6765,0.0,0,0.0,250016.53407274958,optimal,0.07579430000623688,False,
6766,0.0,0,0.0,250016.53407274958,optimal,0.08320959999400657,False,
6767,0.0,0,0.0,250016.53407274958,optimal,0.07075359999726061,False,
6768,0.0,0,0.0,250016.53407274958,optimal,0.14240119999158196,False,
6769,0.0,0,0.0,250016.53407274958,optimal,0.05660169999464415,False,
6770,0.0,0,0.0,250016.53407274958,optimal,0.06943019999016542,False,
6771,0.0,0,0.0,250016.53407274958,optimal,0.07341290000476874,False,
6772,0.0,0,0.0,250016.53407274958,optimal,0.0702272000053199,False,
6773,0.0,0,0.0,250016.53407274958,optimal,0.08164240000769496,False,
6774,0.0,0,0.0,267960.15250261023,optimal,0.07641040001180954,False,
6775,0.0,0,0.0,288618.86548917124,optimal,0.06902170000830665,False,
6776,0.0,0,0.0,310947.50388631166,optimal,0.07671239999763202,False,
6777,0.0,0,0.0,326010.07520562876,optimal,0.07733820000430569,False,
6778,0.0,0,0.0,334248.4273860858,optimal,0.1274450000055367,False,
6779,0.0,0,0.0,334060.42010516993,optimal,0.07436240000242833,False,
6780,0.0,0,0.0,321726.9653034373,optimal,0.07242700000642799,False,
6781,0.0,0,0.0,302677.7077864739,optimal,0.0890097999945283,False,
6782,0.0,0,0.0,281189.12714043685,optimal,0.0843209000013303,False,
6783,0.0,0,0.0,262859.95480056695,optimal,0.2655889000016032,False,
6784,0.0,0,0.0,250581.99509838375,optimal,0.11012299999129027,False,
6785,0.0,0,0.0,274564.6299776523,optimal,0.15823320001072716,False,
6786,0.0,0,0.0,306553.96954818413,optimal,0.26015729999926407,False,
6787,0.0,0,0.0,344531.5605679061,optimal,0.16002959999605082,False,
6788,0.0,0,0.0,378800.3989696816,optimal,0.12327229999937117,False,
6789,0.0,0,0.0,402914.59606305574,optimal,0.10410820000106469,False,
6790,0.0,0,0.0,420561.3815001553,optimal,0.09245490000466816,False,
6791,0.0,0,0.0,438662.75802629057,optimal,0.08408619998954237,False,
6792,0.0,0,0.0,452847.093267475,optimal,0.07673010000144131,False,
6793,0.0,0,0.0,469172.9783132865,optimal,0.09181689999240916,False,
6794,0.0,0,0.0,475913.862285392,optimal,0.09956450000754558,False,
6795,0.0,0,0.0,481574.3888269542,optimal,0.18674419999297243,False,
6796,0.0,0,0.0,485236.6113651687,optimal,0.08862119998957496,False,
6797,0.0,0,0.0,492201.0084921608,optimal,0.07860559999244288,False,
6798,0.0,0,0.0,500599.97924572555,optimal,0.08094200000050478,False,
6799,0.0,0,0.0,512466.96673911216,optimal,0.18132380000315607,False,
6800,0.0,0,0.0,531313.5071801968,optimal,0.09507919999305159,False,
6801,0.0,0,0.0,546479.0183087975,optimal,0.08558579999953508,False,
6802,0.0,0,0.0,555506.9402846037,optimal,0.08828109999012668,False,
6803,0.0,0,0.0,576024.56388699,optimal,0.08588610000151675,False,
6804,0.0,0,0.0,597730.0218744762,optimal,0.10396780000883155,False,
6805,0.0,0,0.0,597100.0493024759,optimal,0.08243740000762045,False,
6806,0.0,0,0.0,594686.0791127093,optimal,0.10724549999576993,False,
6807,0.0,0,0.0,593613.8706619719,optimal,0.07810940001218114,False,
6808,0.0,0,0.0,590685.1783125715,optimal,0.1565485000028275,False,
6809,0.0,0,0.0,591519.9850412838,optimal,0.08445799999753945,False,
6810,0.0,0,0.0,597201.9891351402,optimal,0.07651800000166986,False,
6811,0.0,0,0.0,600443.6826586829,optimal,0.08256350000738166,False,
6812,0.0,0,0.0,594695.0017677373,optimal,0.08920420000504237,False,
6813,0.0,0,0.0,585162.4135825821,optimal,0.09207479999167845,False,
6814,0.0,0,0.0,584342.1535825818,optimal,0.08238659999915399,False,
6815,0.0,0,0.0,587177.4681774505,optimal,0.0852147999976296,False,
6816,0.0,0,0.0,586824.571937611,optimal,0.07754779999959283,False,
6817,0.0,0,0.0,586624.2269398523,optimal,0.07861729999422096,False,
6818,0.0,0,0.0,574301.6777253775,optimal,0.08569469999929424,False,
6819,0.0,0,0.0,575096.1081635011,optimal,0.0786692999972729,False,
6820,0.0,0,0.0,573923.0030374394,optimal,0.07919040000706445,False,
6821,0.0,0,0.0,573944.1012407383,optimal,0.07690689999435563,False,
6822,0.0,0,0.0,579234.2903522074,optimal,0.0824307000002591,False,
6823,0.0,0,0.0,582951.5418713996,optimal,0.07928900000115391,False,
6824,0.0,0,0.0,586673.3636751721,optimal,0.07680169999366626,False,
6825,0.0,0,0.0,583032.6311926201,optimal,0.0744177999877138,False,
6826,0.0,0,0.0,562920.5837040509,optimal,0.08031629999459255,False,
6827,0.0,0,0.0,530093.5900029414,optimal,0.07362600001215469,False,
6828,0.0,0,0.0,503737.9658008801,optimal,0.16883900000539143,False,
6829,0.0,0,0.0,480054.28702471603,optimal,0.08003300000564195,False,
6830,0.0,0,0.0,455329.159952831,optimal,0.1798653000005288,False,
6831,0.0,0,0.0,436980.82218117185,optimal,0.08829200000036508,False,
6832,0.0,0,0.0,403520.0051810185,optimal,0.06699609999486711,False,
6833,0.0,0,0.0,375025.40117563895,optimal,0.08578929999202956,False,
6834,0.0,0,0.0,345319.57408433,optimal,0.08569290000014007,False,
6835,0.0,0,0.0,318171.68174038664,optimal,0.07714980001037475,False,
6836,0.0,0,0.0,294336.20855805406,optimal,0.17770640000526328,False,
6837,0.0,0,0.0,274136.4184704586,optimal,0.08226389999617822,False,
6838,0.0,0,0.0,256797.41058961293,optimal,0.09518730000127107,False,
6839,0.0,0,0.0,250016.53407274958,optimal,0.15396579999651294,False,
6840,0.0,0,0.0,250016.53407274958,optimal,0.08964790000754874,False,
6841,0.0,0,0.0,250016.53407274958,optimal,0.097417899989523,False,
6842,0.0,0,0.0,250016.53407274958,optimal,0.08206309999513905,False,
6843,0.0,0,0.0,250016.53407274958,optimal,0.07146669999929145,False,
6844,0.0,0,0.0,250016.53407274958,optimal,0.10081020000507124,False,
6845,0.0,0,0.0,250016.53407274958,optimal,0.09848240000428632,False,
6846,0.0,0,0.0,250016.53407274958,optimal,0.09015249999356456,False,
6847,0.0,0,0.0,250016.53407274958,optimal,0.16590310000174213,False,
6848,0.0,0,0.0,250016.53407274958,optimal,0.0963455999881262,False,
6849,0.0,0,0.0,250016.53407274958,optimal,0.08636020000267308,False,
6850,0.0,0,0.0,252875.6370174101,optimal,0.08403830000315793,False,
6851,0.0,0,0.0,250016.53407274958,optimal,0.0764904999959981,False,
6852,0.0,0,0.0,250016.53407274958,optimal,0.07804980000946671,False,
6853,0.0,0,0.0,250016.53407274958,optimal,0.1536058000056073,False,
6854,0.0,0,0.0,250016.53407274958,optimal,0.0913177999900654,False,
6855,0.0,0,0.0,250016.53407274958,optimal,0.07817290000093635,False,
6856,0.0,0,0.0,250016.53407274958,optimal,0.07916670000122394,False,
6857,0.0,0,0.0,250016.53407274958,optimal,0.057072299998253584,False,
6858,0.0,0,0.0,250016.53407274958,optimal,0.13756160000048112,False,
6859,0.0,0,0.0,250016.53407274958,optimal,0.08709069999167696,False,
6860,0.0,0,0.0,250016.53407274958,optimal,0.08238300000084564,False,
6861,0.0,0,0.0,250016.53407274958,optimal,0.171957200000179,False,
6862,0.0,0,0.0,250016.53407274958,optimal,0.07816210000601131,False,
6863,0.0,0,0.0,250016.53407274958,optimal,0.07869580000988208,False,
6864,0.0,0,0.0,250016.53407274958,optimal,0.0849610000004759,False,
6865,0.0,0,0.0,250016.53407274958,optimal,0.0937809000024572,False,
6866,0.0,0,0.0,250016.53407274958,optimal,0.17835839999315795,False,
6867,0.0,0,0.0,250016.53407274958,optimal,0.0935489000112284,False,
6868,0.0,0,0.0,250016.53407274958,optimal,0.08739509999577422,False,
6869,0.0,0,0.0,250016.53407274958,optimal,0.20787299999210518,False,
6870,0.0,0,0.0,250016.53407274958,optimal,0.09439060000295285,False,
6871,0.0,0,0.0,250016.53407274958,optimal,0.08691240000189282,False,
6872,0.0,0,0.0,250016.53407274958,optimal,0.14628190000075847,False,
6873,0.0,0,0.0,250016.53407274958,optimal,0.13324879998981487,False,
6874,0.0,0,0.0,265285.8266754726,optimal,0.10990190001029987,False,
6875,0.0,0,0.0,313659.1045827266,optimal,0.08956159999070223,False,
6876,0.0,0,0.0,344183.55154719146,optimal,0.09389809999265708,False,
6877,0.0,0,0.0,366507.01215271116,optimal,0.0913313999917591,False,
6878,0.0,0,0.0,389026.3022837179,optimal,0.17507320000731852,False,
6879,0.0,0,0.0,438787.72426924476,optimal,0.08802490000380203,False,
6880,0.0,0,0.0,473793.1495511711,optimal,0.07194429999799468,False,
6881,0.0,0,0.0,509445.6755855781,optimal,0.08819970001059119,False,
6882,0.0,0,0.0,552066.7560044351,optimal,0.07357340000453405,False,
6883,0.0,0,0.0,592036.3402861462,optimal,0.08627689999411814,False,
6884,0.0,0,0.0,625711.8201440017,optimal,0.1935220000013942,False,
6885,0.0,0,0.0,655301.2267594631,optimal,0.09491020000132266,False,
6886,0.0,0,0.0,676282.9462202605,optimal,0.08454320000601001,False,
6887,0.0,0,0.0,697429.5690415724,optimal,0.15975419999449514,False,
6888,0.0,0,0.0,717689.9194208398,optimal,0.08896950000780635,False,
6889,0.0,0,0.0,735440.8610624216,optimal,0.11113400000613183,False,
6890,0.0,0,0.0,746533.4575883404,optimal,0.11174249999749009,False,
6891,0.0,0,0.0,762260.2031412204,optimal,0.10833590000402182,False,
6892,0.0,0,0.0,771874.203355221,optimal,0.09836849999555852,False,
6893,0.0,0,0.0,782551.187309294,optimal,0.09004010001081042,False,
6894,0.0,0,0.0,815940.2169418345,optimal,0.07876479999686126,False,
6895,0.0,0,0.0,840976.9831378962,optimal,0.08057749998988584,False,
6896,0.0,0,0.0,863520.8190338095,optimal,0.07431379999616183,False,
6897,0.0,0,0.0,873176.7072215995,optimal,0.16987009999866132,False,
6898,0.0,0,0.0,881048.6294292448,optimal,0.07483319999300875,False,
6899,0.0,0,0.0,908327.1507983182,optimal,0.08633790000749286,False,
6900,0.0,0,0.0,945305.8753762805,optimal,0.07515910000074655,False,
6901,0.0,0,0.0,978779.2111736762,optimal,0.08294449999812059,False,
6902,0.0,0,0.0,988859.7769617995,optimal,0.0909350000001723,False,
6903,0.0,0,0.0,1000395.4851762893,optimal,0.0851978999999119,False,
6904,0.0,0,0.0,1016214.6479652439,optimal,0.08172930000000633,False,
6905,0.0,0,0.0,1043328.4480946251,optimal,0.07960179999645334,False,
6906,0.0,0,0.0,1069504.7881148967,optimal,0.09133840000140481,False,
6907,0.0,0,0.0,1087624.7741712444,optimal,0.16762250001193024,False,
6908,0.0,0,0.0,1105018.014385244,optimal,0.0708574000018416,False,
6909,0.0,0,0.0,1121126.6242582386,optimal,0.08639709999260958,False,
6910,0.0,0,0.0,1134902.969866355,optimal,0.1008686000132002,False,
6911,0.0,0,0.0,1139909.2115592891,optimal,0.0958797999919625,False,
6912,0.0,0,0.0,1149192.5235966726,optimal,0.09647550000227056,False,
6913,0.0,0,0.0,1153299.6560910905,optimal,0.08102929999586195,False,
6914,0.0,0,0.0,1164711.2713914665,optimal,0.08613179999520071,False,
6915,0.0,0,0.0,1175955.3020118766,optimal,0.07515440000861418,False,
6916,0.0,0,0.0,1186659.7765761912,optimal,0.09103070000128355,False,
6917,0.0,0,0.0,1194673.0057099243,optimal,0.07355180000013206,False,
6918,0.0,0,0.0,1210802.6962986495,optimal,0.09635799999523442,False,
6919,0.0,0,0.0,1232045.6287529266,optimal,0.09622460001264699,False,
6920,0.0,0,0.0,1245875.999111879,optimal,0.09157730000151787,False,
6921,0.0,0,0.0,1247463.5991118788,optimal,0.07260889999452047,False,
6922,0.0,0,0.0,1232437.1377700232,optimal,0.0853895000036573,False,
6923,0.0,0,0.0,1221226.3396534845,optimal,0.09883270000864286,False,
6924,0.0,0,0.0,1203059.4415329664,optimal,0.09247810000670142,False,
6925,0.0,0,0.0,1176279.386575688,optimal,0.08551740000257269,False,
6926,0.0,0,0.0,1144873.1111025999,optimal,0.08034469999256544,False,
6927,0.0,0,0.0,1122902.293198064,optimal,0.18987570000172127,False,
6928,0.0,0,0.0,1108359.4744712526,optimal,0.09175359999062493,False,
6929,0.0,0,0.0,1090658.9122985657,optimal,0.08933419999084435,False,
6930,0.0,0,0.0,1072299.5452392134,optimal,0.0795745000068564,False,
6931,0.0,0,0.0,1053587.5093127254,optimal,0.1044285999960266,False,
6932,0.0,0,0.0,1019313.5951576025,optimal,0.221768700008397,False,
6933,0.0,0,0.0,996719.2899979175,optimal,0.1108752000000095,False,
6934,0.0,0,0.0,976041.0139934813,optimal,0.13088660000357777,False,
6935,0.0,0,0.0,962145.2443460362,optimal,0.24280819999694359,False,
6936,0.0,0,0.0,960909.8922869931,optimal,0.12029119998624083,False,
6937,0.0,0,0.0,967932.0249755902,optimal,0.12926480000896845,False,
6938,0.0,0,0.0,971809.1954479656,optimal,0.11254850000841543,False,
6939,0.0,0,0.0,983143.0956619659,optimal,0.08923440000216942,False,
6940,0.0,0,0.0,994340.3575125538,optimal,0.0980497000127798,False,
6941,0.0,0,0.0,994562.9236036203,optimal,0.18880299999727868,False,
6942,0.0,0,0.0,997871.4260044203,optimal,0.09514600000693463,False,
6943,0.0,0,0.0,1007230.1833266058,optimal,0.09217269999498967,False,
6944,0.0,0,0.0,1023179.5916946387,optimal,0.09077589999651536,False,
6945,0.0,0,0.0,1037081.4401944974,optimal,0.07954099999915343,False,
6946,0.0,0,0.0,1037889.0873226847,optimal,0.10050990000308957,False,
6947,0.0,0,0.0,982369.7980402956,optimal,0.10445389999949839,False,
6948,0.0,0,0.0,926089.7005577955,optimal,0.08352190000005066,False,
6949,0.0,0,0.0,872418.5977071603,optimal,0.09405539999715984,False,
6950,0.0,0,0.0,822711.7946757026,optimal,0.05355400001280941,False,
6951,0.0,0,0.0,776606.1080567711,optimal,0.11014299999806099,False,
6952,0.0,0,0.0,737118.2804564507,optimal,0.10740870000154246,False,
6953,0.0,0,0.0,706055.0867311293,optimal,0.10680029999639373,False,
6954,0.0,0,0.0,684631.7207471009,optimal,0.08347840000351425,False,
6955,0.0,0,0.0,660788.5227708514,optimal,0.10175599998910911,False,
6956,0.0,0,0.0,632060.1750052779,optimal,0.19401840001228265,False,
6957,0.0,0,0.0,606445.9614166932,optimal,0.17551889999595005,False,
6958,0.0,0,0.0,577646.9238278198,optimal,0.08927179999591317,False,
6959,0.0,0,0.0,551260.549837815,optimal,0.07413189999351744,False,
6960,0.0,0,0.0,522005.8368293103,optimal,0.11959429999114946,False,
6961,0.0,0,0.0,494387.4847150886,optimal,0.10544609998760279,False,
6962,0.0,0,0.0,466937.43664850155,optimal,0.10671529998944607,False,
6963,0.0,0,0.0,440331.73765476025,optimal,0.10215589999279473,False,
6964,0.0,0,0.0,416530.3026551979,optimal,0.16313489999447484,False,
6965,0.0,0,0.0,392703.0723759645,optimal,0.09329010000510607,False,
6966,0.0,0,0.0,362764.69011633133,optimal,0.10030599999299739,False,
6967,0.0,0,0.0,336927.0659205686,optimal,0.06529579999914858,False,
6968,0.0,0,0.0,313611.72166021727,optimal,0.09088400000473484,False,
6969,0.0,0,0.0,287881.7197206181,optimal,0.05992339999647811,False,
6970,0.0,0,0.0,257159.56762029437,optimal,0.0870606999960728,False,
6971,0.0,0,0.0,250016.53407274958,optimal,0.08583100000396371,False,
6972,0.0,0,0.0,250016.53407274958,optimal,0.06402299999899697,False,
6973,0.0,0,0.0,250016.53407274958,optimal,0.08400110001093708,False,
6974,0.0,0,0.0,250016.53407274958,optimal,0.07285669998964295,False,
6975,0.0,0,0.0,250016.53407274958,optimal,0.07592100001056679,False,
6976,0.0,0,0.0,250016.53407274958,optimal,0.07357469999988098,False,
6977,0.0,0,0.0,250016.53407274958,optimal,0.08469160000095144,False,
6978,0.0,0,0.0,250016.53407274958,optimal,0.07973130000755191,False,
6979,0.0,0,0.0,250016.53407274958,optimal,0.092814499992528,False,
6980,0.0,0,0.0,250016.53407274958,optimal,0.08974940000916831,False,
6981,0.0,0,0.0,250016.53407274958,optimal,0.10305749998951796,False,
6982,0.0,0,0.0,250016.53407274958,optimal,0.0706281000020681,False,
6983,0.0,0,0.0,250016.53407274958,optimal,0.09128960000816733,False,
6984,0.0,0,0.0,250016.53407274958,optimal,0.08907820000604261,False,
6985,0.0,0,0.0,250016.53407274958,optimal,0.09150810001301579,False,
6986,0.0,0,0.0,250016.53407274958,optimal,0.09608820000721607,False,
6987,0.0,0,0.0,250016.53407274958,optimal,0.11171019999892451,False,
6988,0.0,0,0.0,250016.53407274958,optimal,0.09720489999745041,False,
6989,0.0,0,0.0,250016.53407274958,optimal,0.08146879999549128,False,
6990,0.0,0,0.0,250016.53407274958,optimal,0.09287779999431223,False,
6991,0.0,0,0.0,250016.53407274958,optimal,0.07836740001221187,False,
6992,0.0,0,0.0,250016.53407274958,optimal,0.09296719999110792,False,
6993,0.0,0,0.0,250016.53407274958,optimal,0.08978330000536516,False,
6994,0.0,0,0.0,250016.53407274958,optimal,0.08712769999692682,False,
6995,0.0,0,0.0,250016.53407274958,optimal,0.08193490000849124,False,
6996,0.0,0,0.0,250016.53407274958,optimal,0.076285299990559,False,
6997,0.0,0,0.0,250016.53407274958,optimal,0.0821159000042826,False,
6998,0.0,0,0.0,250016.53407274958,optimal,0.09304969999357127,False,
6999,0.0,0,0.0,250016.53407274958,optimal,0.07761750000645407,False,
7000,0.0,0,0.0,250016.53407274958,optimal,0.06637339999724645,False,
7001,0.0,0,0.0,250016.53407274958,optimal,0.08386850000533741,False,
7002,0.0,0,0.0,250016.53407274958,optimal,0.08533250000618864,False,
7003,0.0,0,0.0,309923.5144947549,optimal,0.08503710001241416,False,
7004,0.0,0,0.0,413979.1172478839,optimal,0.08265050000045449,False,
7005,0.0,0,0.0,523346.92008512514,optimal,0.07199910000781529,False,
7006,0.0,0,0.0,620485.1662757435,optimal,0.08043750000069849,False,
7007,0.0,0,0.0,708936.3474308122,optimal,0.0859780999890063,False,
7008,0.0,0,0.0,793832.9995973796,optimal,0.06976220000069588,False,
7009,0.0,0,0.0,876431.1300075888,optimal,0.09690619999310002,False,
7010,0.0,0,0.0,964694.300779115,optimal,0.08487569999124389,False,
7011,0.0,0,0.0,1049526.0164964523,optimal,0.1992477999883704,False,
7012,0.0,0,0.0,1127357.2884013893,optimal,0.0820561999862548,False,
7013,0.0,0,0.0,1218663.6743203884,optimal,0.18423329999495763,False,
7014,0.0,0,0.0,1314150.7402393878,optimal,0.10096599999815226,False,
7015,0.0,0,0.0,1412874.6848323052,optimal,0.08834449999267235,False,
7016,0.0,0,0.0,1518898.386647561,optimal,0.09747180000704248,False,
7017,0.0,0,0.0,1627160.8635039418,optimal,0.08441480000328738,False,
7018,0.0,0,0.0,1717325.0415436851,optimal,0.08408459999191109,False,
7019,0.0,0,0.0,1782995.3781280175,optimal,0.08712920000834856,False,
7020,0.0,0,0.0,1852271.9543978139,optimal,0.09220059998915531,False,
7021,0.0,0,0.0,1926114.333890676,optimal,0.0910132999997586,False,
7022,0.0,0,0.0,1999061.595832673,optimal,0.09345739999844227,False,
7023,0.0,0,0.0,2081390.8247729137,optimal,0.07027250000101048,False,
7024,0.0,0,0.0,2162321.833998879,optimal,0.16205050000280607,False,
7025,0.0,0,0.0,2213242.8284411905,optimal,0.07791570000699721,False,
7026,0.0,0,0.0,2262731.6497752275,optimal,0.07766489998903126,False,
7027,0.0,0,0.0,2272968.566400023,optimal,0.08347219999996014,False,
7028,0.0,0,0.0,2282555.045837549,optimal,0.08208340000419412,False,
7029,0.0,0,0.0,2293441.8538668305,optimal,0.08321450000221375,False,
7030,0.0,0,0.0,2336804.4701989014,optimal,0.08027730000321753,False,
7031,0.0,0,0.0,2404514.2829828043,optimal,0.09453779998875689,False,
7032,0.0,0,0.0,2424257.197856953,optimal,0.07902000000467524,False,
7033,0.0,0,0.0,2383283.1670927154,optimal,0.07526219999999739,False,
7034,0.0,0,0.0,2338318.2141315727,optimal,0.0844885999977123,False,
7035,0.0,0,0.0,2346223.3863072605,optimal,0.09868400001141708,False,
7036,0.0,0,0.0,2377178.7992676604,optimal,0.08315479999873787,False,
7037,0.0,0,0.0,2391370.1479817345,optimal,0.09108290000585839,False,
7038,0.0,0,0.0,2415929.255343364,optimal,0.08638449999853037,False,
7039,0.0,0,0.0,2454177.787477833,optimal,0.1568629000103101,False,
7040,0.0,0,0.0,2512984.883227602,optimal,0.08132690000638831,False,
7041,0.0,0,0.0,2647359.923252962,optimal,0.08060329999716487,False,
7042,0.0,0,0.0,2595497.2585223727,optimal,0.08278189999691676,False,
7043,0.0,0,0.0,2583367.3804882243,optimal,0.09094460000051185,False,
7044,0.0,0,0.0,2586394.67781641,optimal,0.09514599999238271,False,
7045,0.0,0,0.0,2593951.4765846147,optimal,0.08572060000733472,False,
7046,0.0,0,0.0,2583322.386019939,optimal,0.09037000000535045,False,
7047,0.0,0,0.0,2562776.239203085,optimal,0.08858470000268426,False,
7048,0.0,0,0.0,2509951.585463814,optimal,0.08916559998760931,False,
7049,0.0,0,0.0,2430913.8893314567,optimal,0.10774720000335947,False,
7050,0.0,0,0.0,2347252.206415755,optimal,0.1045081000047503,False,
7051,0.0,0,0.0,2294765.898170001,optimal,0.21607360000780318,False,
7052,0.0,0,0.0,2201953.0433535194,optimal,0.1336130999989109,False,
7053,0.0,0,0.0,2139148.2105807415,optimal,0.1261574000091059,False,
7054,0.0,0,0.0,2089409.3807804007,optimal,0.13204660000337753,False,
7055,0.0,0,0.0,2034592.72147518,optimal,0.11240350001025945,False,
7056,0.0,0,0.0,1994213.0821855613,optimal,0.10210099999676459,False,
7057,0.0,0,0.0,1941072.18370218,optimal,0.19412620000366587,False,
7058,0.0,0,0.0,1895624.7856446828,optimal,0.09510810000938363,False,
7059,0.0,0,0.0,1804196.6469445056,optimal,0.121240200009197,False,
7060,0.0,0,0.0,1712831.9311557424,optimal,0.09304809999593999,False,
7061,0.0,0,0.0,1624003.735583944,optimal,0.10255510000570212,False,
7062,0.0,0,0.0,1571652.3625457468,optimal,0.09079779998864979,False,
7063,0.0,0,0.0,1508960.892788009,optimal,0.08245159999933094,False,
7064,0.0,0,0.0,1470026.8597768447,optimal,0.0888515999977244,False,
7065,0.0,0,0.0,1418814.1494928724,optimal,0.0904238999937661,False,
7066,0.0,0,0.0,1304850.6269856307,optimal,0.07841049999115057,False,
7067,0.0,0,0.0,1203012.635017297,optimal,0.09486769999784883,False,
7068,0.0,0,0.0,1101202.260205548,optimal,0.08521979999204632,False,
7069,0.0,0,0.0,982344.2325388032,optimal,0.14438959999824874,False,
7070,0.0,0,0.0,880243.2297159242,optimal,0.08661479999136645,False,
7071,0.0,0,0.0,778349.9616551843,optimal,0.09332670000731014,False,
7072,0.0,0,0.0,677987.2133087179,optimal,0.08305710001150146,False,
7073,0.0,0,0.0,608560.5797459075,optimal,0.18347209999046754,False,
7074,0.0,0,0.0,543235.1096790374,optimal,0.09770250000292435,False,
7075,0.0,0,0.0,483199.6693759261,optimal,0.08346400001028087,False,
7076,0.0,0,0.0,466142.1574871716,optimal,0.09131210000487044,False,
7077,0.0,0,0.0,449258.90641204757,optimal,0.09313409999595024,False,
7078,0.0,0,0.0,437837.5348988953,optimal,0.08260249999875668,False,
7079,0.0,0,0.0,437805.70043762866,optimal,0.08087009999144357,False,
7080,0.0,0,0.0,445573.4608988792,optimal,0.07866959999955725,False,
7081,0.0,0,0.0,496813.44759400375,optimal,0.08590939998975955,False,
7082,0.0,0,0.0,559307.6590482348,optimal,0.09603529999731109,False,
7083,0.0,0,0.0,571630.3988869439,optimal,0.08314570000220556,False,
7084,0.0,0,0.0,573342.8633950973,optimal,0.0812590999994427,False,
7085,0.0,0,0.0,590942.7273806835,optimal,0.09007430000929162,False,
7086,0.0,0,0.0,616688.9426585075,optimal,0.1892301000043517,False,
7087,0.0,0,0.0,630305.2834972229,optimal,0.09235719998832792,False,
7088,0.0,0,0.0,630665.8009972232,optimal,0.07727660000091419,False,
7089,0.0,0,0.0,630390.1905221265,optimal,0.08263270001043566,False,
7090,0.0,0,0.0,622482.304527773,optimal,0.08435639999515843,False,
7091,0.0,0,0.0,585497.6167865567,optimal,0.08332019999215845,False,
7092,0.0,0,0.0,530746.0968059776,optimal,0.08681500000238884,False,
7093,0.0,0,0.0,472779.7238417381,optimal,0.08535409999603871,False,
7094,0.0,0,0.0,455913.2033535222,optimal,0.07880899999872781,False,
7095,0.0,0,0.0,441906.2118754752,optimal,0.07483460000366904,False,
7096,0.0,0,0.0,446142.50253790175,optimal,0.06079669999598991,False,
7097,0.0,0,0.0,461801.4192107917,optimal,0.08079010000801645,False,
7098,0.0,0,0.0,529938.4988228547,optimal,0.07645019999472424,False,
7099,0.0,0,0.0,578899.5806385414,optimal,0.08727219999127556,False,
7100,0.0,0,0.0,651088.9830200205,optimal,0.19405659999756608,False,
7101,0.0,0,0.0,690386.2623390184,optimal,0.09137460000056308,False,
7102,0.0,0,0.0,708873.7496135993,optimal,0.1060181999928318,False,
7103,0.0,0,0.0,738464.3232734448,optimal,0.11919050000142306,False,
7104,0.0,0,0.0,751936.7272863359,optimal,0.3262813999899663,False,
7105,0.0,0,0.0,783593.647551848,optimal,0.13024079999013338,False,
7106,0.0,0,0.0,802077.5755868192,optimal,0.1254659999976866,False,
7107,0.0,0,0.0,865338.3331744957,optimal,0.4316769000142813,False,
7108,0.0,0,0.0,929950.9437932611,optimal,0.1433547000051476,False,
7109,0.0,0,0.0,977090.3979315578,optimal,0.33640960000047926,False,
7110,0.0,0,0.0,1031306.4561207563,optimal,1.205360899999505,False,
7111,0.0,0,0.0,1103112.6178987853,optimal,0.2731867999973474,False,
7112,0.0,0,0.0,1154981.7436947674,optimal,0.35447919998841826,False,
7113,0.0,0,0.0,1207919.0774799264,optimal,0.20833319998928346,False,
7114,0.0,0,0.0,1328765.9134161435,optimal,0.18128879999858327,False,
7115,0.0,0,0.0,1434942.6092950415,optimal,0.14126700001361314,False,
7116,0.0,0,0.0,1515792.2764313438,optimal,0.9206428999896161,False,
7117,0.0,0,0.0,1581118.8814918315,optimal,0.8890194999985397,False,
7118,0.0,0,0.0,1636050.7652791243,optimal,0.6827406000084011,False,
7119,0.0,0,0.0,1691389.8124576225,optimal,0.6188103000022238,False,
7120,0.0,0,0.0,1714463.4037331564,optimal,0.5678508999990299,False,
7121,0.0,0,0.0,1743041.6292116807,optimal,0.48165590000280645,False,
7122,0.0,0,0.0,1783562.8042594753,optimal,0.0905996000074083,False,
7123,0.0,0,0.0,1820423.8290816194,optimal,0.0998847000009846,False,
7124,0.0,0,0.0,1849879.5719950884,optimal,0.1529199999931734,False,
7125,0.0,0,0.0,1844026.4322515908,optimal,0.1475347000086913,False,
7126,0.0,0,0.0,1843510.4622515908,optimal,0.2613310999877285,False,
7127,0.0,0,0.0,1844366.5280837216,optimal,0.20006049999210518,False,
7128,0.0,0,0.0,1816268.6243144255,optimal,0.10283799999160692,False,
7129,0.0,0,0.0,1782276.682021084,optimal,0.09300720000464935,False,
7130,0.0,0,0.0,1787950.6419151714,optimal,0.10185110000020359,False,
7131,0.0,0,0.0,1808144.5724782762,optimal,0.08060080000723246,False,
7132,0.0,0,0.0,1806906.7234859467,optimal,0.10305429999425542,False,
7133,0.0,0,0.0,1805187.5847723181,optimal,0.17585429998871405,False,
7134,0.0,0,0.0,1812738.924704363,optimal,0.08826390000467654,False,
7135,0.0,0,0.0,1835601.524393791,optimal,0.08928260000539012,False,
7136,0.0,0,0.0,1847007.7268542182,optimal,0.09398760000476614,False,
7137,0.0,0,0.0,1888787.3122156367,optimal,0.15641120000509545,False,
7138,0.0,0,0.0,1902189.8507619647,optimal,0.07710489998862613,False,
7139,0.0,0,0.0,1921655.1049083124,optimal,0.08937139999761712,False,
7140,0.0,0,0.0,1936663.16314679,optimal,0.08968350000213832,False,
7141,0.0,0,0.0,1968223.6287481203,optimal,0.0838789999979781,False,
7142,0.0,0,0.0,2001264.0251357567,optimal,0.08696339999733027,False,
7143,0.0,0,0.0,2022031.8970823924,optimal,0.07322750000457745,False,
7144,0.0,0,0.0,2005524.586444733,optimal,0.17226369999116287,False,
7145,0.0,0,0.0,1959009.159583411,optimal,0.09439490000659134,False,
7146,0.0,0,0.0,1966406.5982233996,optimal,0.08207950000360142,False,
7147,0.0,0,0.0,1941837.2756357866,optimal,0.09504509999533184,False,
7148,0.0,0,0.0,1942295.1194976484,optimal,0.09137239999836311,False,
7149,0.0,0,0.0,1944321.8020824657,optimal,0.19602980000490788,False,
7150,0.0,0,0.0,1943012.0320824664,optimal,0.08153080000192858,False,
7151,0.0,0,0.0,1947058.2299540685,optimal,0.08576479999464937,False,
7152,0.0,0,0.0,1966024.8979755696,optimal,0.10727279999991879,False,
7153,0.0,0,0.0,1981709.715327783,optimal,0.10736189999443013,False,
7154,0.0,0,0.0,1970106.4849929898,optimal,0.10187199999927543,False,
7155,0.0,0,0.0,1942004.4116286375,optimal,0.19233499999972992,False,
7156,0.0,0,0.0,1931377.5668133907,optimal,0.08948629999940749,False,
7157,0.0,0,0.0,1936310.4534903646,optimal,0.0971787000016775,False,
7158,0.0,0,0.0,1929827.1665893528,optimal,0.0929440999898361,False,
7159,0.0,0,0.0,1944225.5206018907,optimal,0.3090929000027245,False,
7160,0.0,0,0.0,1948904.322375324,optimal,0.11365049998858012,False,
7161,0.0,0,0.0,1898784.4552023457,optimal,0.1748414000030607,False,
7162,0.0,0,0.0,1845896.7684304402,optimal,0.19812139999703504,False,
7163,0.0,0,0.0,1793431.096259388,optimal,0.18777600000612438,False,
7164,0.0,0,0.0,1739392.3203834884,optimal,0.1868244999932358,False,
7165,0.0,0,0.0,1688428.4098711023,optimal,0.13382229999115225,False,
7166,0.0,0,0.0,1632811.1588024565,optimal,0.20093520000227727,False,
7167,0.0,0,0.0,1577876.5141693107,optimal,0.08748149999883026,False,
7168,0.0,0,0.0,1535237.362869772,optimal,0.10863420000532642,False,
7169,0.0,0,0.0,1501591.513047925,optimal,0.09602119999181014,False,
7170,0.0,0,0.0,1467326.6139257462,optimal,0.10582480000448413,False,
7171,0.0,0,0.0,1456750.3719806138,optimal,0.09115540000493638,False,
7172,0.0,0,0.0,1467519.9952883446,optimal,0.06778409999969881,False,
7173,0.0,0,0.0,1502647.7381446562,optimal,0.08181620000686962,False,
7174,0.0,0,0.0,1532652.031025591,optimal,0.25686510000377893,False,
7175,0.0,0,0.0,1531504.6264866719,optimal,0.14332610000565182,False,
7176,0.0,0,0.0,1534779.904303516,optimal,0.19722629999159835,False,
7177,0.0,0,0.0,1546489.8315976234,optimal,0.08439499999803957,False,
7178,0.0,0,0.0,1566557.6091634424,optimal,0.07887669999036007,False,
7179,0.0,0,0.0,1590072.0157478868,optimal,0.08101059999899007,False,
7180,0.0,0,0.0,1609982.9279672103,optimal,0.06763700000010431,False,
7181,0.0,0,0.0,1607181.3490672163,optimal,0.12477150000631809,False,
7182,0.0,0,0.0,1606920.1140903593,optimal,0.17311449999397155,False,
7183,0.0,0,0.0,1639725.1427090452,optimal,0.09981669999251608,False,
7184,0.0,0,0.0,1639835.0330477154,optimal,0.07964949999586679,False,
7185,0.0,0,0.0,1640508.4682879213,optimal,0.07024459999229293,False,
7186,0.0,0,0.0,1627177.0781483157,optimal,0.058511499999440275,False,
7187,0.0,0,0.0,1586796.2366477938,optimal,0.1080365000088932,False,
7188,0.0,0,0.0,1547815.4803954451,optimal,0.14155539999774192,False,
7189,0.0,0,0.0,1532946.8036738294,optimal,0.09744479999062605,False,
7190,0.0,0,0.0,1478430.8480957747,optimal,0.08596199999738019,False,
7191,0.0,0,0.0,1433111.9506996563,optimal,0.1078088999929605,False,
7192,0.0,0,0.0,1385419.573141712,optimal,0.08360899999388494,False,
7193,0.0,0,0.0,1367105.330021473,optimal,0.10301600000821054,False,
7194,0.0,0,0.0,1389844.5156808891,optimal,0.11097239999799058,False,
7195,0.0,0,0.0,1401501.8141790933,optimal,0.11078190000262111,False,
7196,0.0,0,0.0,1415015.5719940339,optimal,0.12087149999570101,False,
7197,0.0,0,0.0,1444050.6168153835,optimal,0.10490230000868905,False,
7198,0.0,0,0.0,1477094.8283877491,optimal,0.10450869999476708,False,
7199,0.0,0,0.0,1505952.7789350965,optimal,0.07588800000667106,False,
7200,0.0,0,0.0,1533745.099470096,optimal,0.07003719999920577,False,
7201,0.0,0,0.0,1559592.6100050951,optimal,0.07618960000399966,False,
7202,0.0,0,0.0,1567075.703707094,optimal,0.05618240000330843,False,
7203,0.0,0,0.0,1573902.9199691745,optimal,0.21746520001033787,False,
7204,0.0,0,0.0,1576332.4143614392,optimal,0.106011199997738,False,
7205,0.0,0,0.0,1604016.320366721,optimal,0.09340940001129638,False,
7206,0.0,0,0.0,1594475.1533696102,optimal,0.08956349999061786,False,
7207,0.0,0,0.0,1608472.0526219418,optimal,0.07302369999524672,False,
7208,0.0,0,0.0,1581025.1198512593,optimal,0.06409319999511354,False,
7209,0.0,0,0.0,1560942.4102627202,optimal,0.07124119999934919,False,
7210,0.0,0,0.0,1550806.5825442928,optimal,0.07502230000682175,False,
7211,0.0,0,0.0,1541771.3467389068,optimal,0.08383489999687299,False,
7212,0.0,0,0.0,1508595.86090071,optimal,0.15094629999657627,False,
7213,0.0,0,0.0,1469825.5551437442,optimal,0.08283669999218546,False,
7214,0.0,0,0.0,1437621.2808952022,optimal,0.0837739000126021,False,
7215,0.0,0,0.0,1411220.5904457576,optimal,0.06867929999134503,False,
7216,0.0,0,0.0,1392234.7931020616,optimal,0.09599640000669751,False,
7217,0.0,0,0.0,1383286.8267093077,optimal,0.07673760000034235,False,
7218,0.0,0,0.0,1349179.331679337,optimal,0.06309069998678751,False,
7219,0.0,0,0.0,1337757.1392739273,optimal,0.08309279999230057,False,
7220,0.0,0,0.0,1312350.26752765,optimal,0.0639458000077866,False,
7221,0.0,0,0.0,1270775.6831916694,optimal,0.0762284000084037,False,
7222,0.0,0,0.0,1248384.235112679,optimal,0.08022010000422597,False,
7223,0.0,0,0.0,1201763.4987410086,optimal,0.07339309999952093,False,
7224,0.0,0,0.0,1173958.9112497075,optimal,0.15027469999040477,False,
7225,0.0,0,0.0,1143103.1983907332,optimal,0.08241689999704249,False,
7226,0.0,0,0.0,1099093.9863641567,optimal,0.0607361000002129,False,
7227,0.0,0,0.0,1052673.925523538,optimal,0.08503319999726955,False,
7228,0.0,0,0.0,1027866.9981348526,optimal,0.13759589999972377,False,
7229,0.0,0,0.0,1002053.8498021744,optimal,0.07446739998704288,False,
7230,0.0,0,0.0,978263.1486889691,optimal,0.06370830000378191,False,
7231,0.0,0,0.0,954233.1148614173,optimal,0.06326179999450687,False,
7232,0.0,0,0.0,945785.3132612347,optimal,0.06409960000019055,False,
7233,0.0,0,0.0,935008.5317991592,optimal,0.05934599999454804,False,
7234,0.0,0,0.0,884807.696232439,optimal,0.07167099999787752,False,
7235,0.0,0,0.0,887683.082380222,optimal,0.07901950000086799,False,
7236,0.0,0,0.0,861696.4730141249,optimal,0.07040879999112803,False,
7237,0.0,0,0.0,855019.4661219845,optimal,0.1737864000024274,False,
7238,0.0,0,0.0,859090.1436656697,optimal,0.0770807000080822,False,
7239,0.0,0,0.0,858277.1030725024,optimal,0.21605250000720844,False,
7240,0.0,0,0.0,869371.3882124299,optimal,0.09542649998911656,False,
7241,0.0,0,0.0,865248.6379182122,optimal,0.08443279999482911,False,
7242,0.0,0,0.0,842042.7768997701,optimal,0.09181810000154655,False,
7243,0.0,0,0.0,850178.9267745522,optimal,0.09211490000598133,False,
7244,0.0,0,0.0,856713.4566258134,optimal,0.15204230000381358,False,
7245,0.0,0,0.0,841270.2853724641,optimal,0.0733643999992637,False,
7246,0.0,0,0.0,814423.9873680967,optimal,0.08058019999589305,False,
7247,0.0,0,0.0,793608.0574632098,optimal,0.0783367999974871,False,
7248,0.0,0,0.0,760938.3904962094,optimal,0.059900699998252094,False,
7249,0.0,0,0.0,728018.2967147605,optimal,0.07764639999368228,False,
7250,0.0,0,0.0,695017.6697477597,optimal,0.06395460000203457,False,
7251,0.0,0,0.0,673199.8628101523,optimal,0.06550730000890326,False,
7252,0.0,0,0.0,680524.2192252921,optimal,0.06783349999750499,False,
7253,0.0,0,0.0,694088.2742618336,optimal,0.06507960001181345,False,
7254,0.0,0,0.0,740687.4989891286,optimal,0.1573573000059696,False,
7255,0.0,0,0.0,797790.2154063314,optimal,0.14236919999530073,False,
7256,0.0,0,0.0,883469.5859677439,optimal,0.07844270000350662,False,
7257,0.0,0,0.0,995889.0198138994,optimal,0.0926474000007147,False,
7258,0.0,0,0.0,932285.1268483102,optimal,0.17586060000758152,False,
7259,0.0,0,0.0,869738.4204246816,optimal,0.1304489000031026,False,
7260,0.0,0,0.0,827006.2943424021,optimal,0.10911250000935979,False,
7261,0.0,0,0.0,792449.0505631878,optimal,0.07861609999963548,False,
7262,0.0,0,0.0,761340.5362037123,optimal,0.07556569999724161,False,
7263,0.0,0,0.0,750214.7263347155,optimal,0.1701242999988608,False,
7264,0.0,0,0.0,754800.0289419582,optimal,0.08063019999826793,False,
7265,0.0,0,0.0,774320.8361413408,optimal,0.07149809999100398,False,
7266,0.0,0,0.0,801251.386861923,optimal,0.07062519999453798,False,
7267,0.0,0,0.0,795676.3249909835,optimal,0.07122410000010859,False,
7268,0.0,0,0.0,799955.9828364776,optimal,0.06259899999713525,False,
7269,0.0,0,0.0,913768.3982763326,optimal,0.06825250000110827,False,
7270,0.0,0,0.0,952359.3338121683,optimal,0.41165470000123605,False,
7271,0.0,0,0.0,989729.5539475912,optimal,0.1045111999992514,False,
7272,0.0,0,0.0,1056200.0574435205,optimal,0.1056144000031054,False,
7273,0.0,0,0.0,1143636.0215585222,optimal,0.2460193999868352,False,
7274,0.0,0,0.0,1226633.9665575705,optimal,0.26688730000751093,False,
7275,0.0,0,0.0,1275210.3051444248,optimal,0.8781296000088332,False,
7276,0.0,0,0.0,1313181.3389209236,optimal,0.6432542000111425,False,
7277,0.0,0,0.0,1354919.753069031,optimal,0.8526626999955624,False,
7278,0.0,0,0.0,1453700.6990323248,optimal,0.37230560000170954,False,
7279,0.0,0,0.0,1513046.816117044,optimal,0.6964152000000468,False,
7280,0.0,0,0.0,1566318.0851164954,optimal,0.6533186000015121,False,
7281,0.0,0,0.0,1636697.7120520251,optimal,0.6116261999995913,False,
7282,0.0,0,0.0,1688780.0858880614,optimal,0.23983799999405164,False,
7283,0.0,0,0.0,1664582.9219048189,optimal,0.6949779999995371,False,
7284,0.0,0,0.0,1643472.8090799819,optimal,0.48550570000952575,False,
7285,0.0,0,0.0,1617470.1379923834,optimal,0.42067010000755545,False,
7286,0.0,0,0.0,1585046.2443941624,optimal,0.5204595000104746,False,
7287,0.0,0,0.0,1553855.8557229345,optimal,0.36754479999945033,False,
7288,0.0,0,0.0,1564092.4150072727,optimal,0.30625520000467077,False,
7289,0.0,0,0.0,1603504.4515827524,optimal,0.24208130000624806,False,
7290,0.0,0,0.0,1664395.1767005755,optimal,0.18566079999436624,False,
7291,0.0,0,0.0,1728393.1881728054,optimal,0.1427274000016041,False,
7292,0.0,0,0.0,1795404.0422632927,optimal,0.11424709999118932,False,
7293,0.0,0,0.0,1867895.5609743823,optimal,0.1313564000010956,False,
7294,0.0,0,0.0,1928253.3740043463,optimal,0.11849969999457244,False,
7295,0.0,0,0.0,1952027.2699383982,optimal,0.12422860000515357,False,
7296,0.0,0,0.0,1996512.8850990909,optimal,0.10131310000724625,False,
7297,0.0,0,0.0,2045987.2362359809,optimal,0.12472840001282748,False,
7298,0.0,0,0.0,2096322.7497491227,optimal,0.10474290000274777,False,
7299,0.0,0,0.0,2152165.6474018814,optimal,0.09993269998813048,False,
7300,0.0,0,0.0,2209687.1766671482,optimal,0.11785940000845585,False,
7301,0.0,0,0.0,2224321.412808543,optimal,0.08856750000268221,False,
7302,0.0,0,0.0,2243463.655682515,optimal,0.20576759999676142,False,
7303,0.0,0,0.0,2298066.67436136,optimal,0.11955109999689739,False,
7304,0.0,0,0.0,2289480.5678143697,optimal,0.42489260000002105,False,
7305,0.0,0,0.0,2344038.4647950376,optimal,0.08613119999063201,False,
7306,0.0,0,0.0,2418520.2170664985,optimal,0.3115306999970926,False,
7307,0.0,0,0.0,2402602.3075134163,optimal,0.30203229999460746,False,
7308,0.0,0,0.0,2324938.9588685865,optimal,0.25207360000058543,False,
7309,0.0,0,0.0,2279430.6496645138,optimal,0.17072880000341684,False,
7310,0.0,0,0.0,2251459.4317544447,optimal,0.09547270000621211,False,
7311,0.0,0,0.0,2210175.6694832984,optimal,0.11626169999362901,False,
7312,0.0,0,0.0,2224797.07766739,optimal,0.20601500000339001,False,
7313,0.0,0,0.0,2237829.7857947643,optimal,0.09020380000583827,False,
7314,0.0,0,0.0,2244930.2632831107,optimal,0.08304440000210889,False,
7315,0.0,0,0.0,2308552.6385064637,optimal,0.09040010000171605,False,
7316,0.0,0,0.0,2308841.085262566,optimal,0.0740362000069581,False,
7317,0.0,0,0.0,2254457.291808147,optimal,0.08162199999787845,False,
7318,0.0,0,0.0,2202986.696564456,optimal,0.09622210000816267,False,
7319,0.0,0,0.0,2171698.764064504,optimal,0.06191049999324605,False,
7320,0.0,0,0.0,2137706.9872742025,optimal,0.31166900000243913,False,
7321,0.0,0,0.0,2108328.507656878,optimal,0.29383249999955297,False,
7322,0.0,0,0.0,2074742.110865521,optimal,0.17732030000479426,False,
7323,0.0,0,0.0,2049521.9280098786,optimal,0.08200210001086816,False,
7324,0.0,0,0.0,2015553.7436462538,optimal,0.06013339999481104,False,
7325,0.0,0,0.0,1980547.5896142898,optimal,0.07557970000198111,False,
7326,0.0,0,0.0,1938975.3191796497,optimal,0.10613860000739805,False,
7327,0.0,0,0.0,1900483.084808679,optimal,0.11411660000158008,False,
7328,0.0,0,0.0,1854723.7559558183,optimal,0.08976480001001619,False,
7329,0.0,0,0.0,1803266.7280851721,optimal,0.31155429998761974,False,
7330,0.0,0,0.0,1805808.158737192,optimal,0.07484950000070967,False,
7331,0.0,0,0.0,1787464.331677494,optimal,0.21465719999105204,False,
7332,0.0,0,0.0,1783186.3575568506,optimal,0.16987040000094566,False,
7333,0.0,0,0.0,1795538.2213209567,optimal,0.1085385999904247,False,
7334,0.0,0,0.0,1805058.1111866555,optimal,0.11115980001341086,False,
7335,0.0,0,0.0,1811376.2286381845,optimal,0.1004745000100229,False,
7336,0.0,0,0.0,1798676.8174283928,optimal,0.0990278999961447,False,
7337,0.0,0,0.0,1779628.504523911,optimal,0.17524260000209324,False,
7338,0.0,0,0.0,1729382.3977700053,optimal,0.09028099999704864,False,
7339,0.0,0,0.0,1673779.7584318127,optimal,0.09329380000417586,False,
7340,0.0,0,0.0,1630506.0466013555,optimal,0.07027730000845622,False,
7341,0.0,0,0.0,1582381.3421607,optimal,0.08251009999366943,False,
7342,0.0,0,0.0,1568793.882319837,optimal,0.07840719999512658,False,
7343,0.0,0,0.0,1553612.048043347,optimal,0.07888739999907557,False,
7344,0.0,0,0.0,1502010.2884521682,optimal,0.07467020000331104,False,
7345,0.0,0,0.0,1445780.4689155773,optimal,0.07815139999729581,False,
7346,0.0,0,0.0,1377537.8923814604,optimal,0.07953849999466911,False,
7347,0.0,0,0.0,1299455.1434030633,optimal,0.07415720001154114,False,
7348,0.0,0,0.0,1236594.6779739636,optimal,0.13228430000890512,False,
7349,0.0,0,0.0,1237592.8912021427,optimal,0.0814745999959996,False,
7350,0.0,0,0.0,1192247.4617718742,optimal,0.07286099999328144,False,
7351,0.0,0,0.0,1128756.5825311176,optimal,0.060309399996185675,False,
7352,0.0,0,0.0,1072221.950183777,optimal,0.13673980000021402,False,
7353,0.0,0,0.0,1023734.8171931456,optimal,0.06711440000799485,False,
7354,0.0,0,0.0,996104.9628120123,optimal,0.09621109999716282,False,
7355,0.0,0,0.0,955498.1193105027,optimal,0.07074070000089705,False,
7356,0.0,0,0.0,900931.1496954133,optimal,0.14192799999727868,False,
7357,0.0,0,0.0,858143.7848728981,optimal,0.11712530000659171,False,
7358,0.0,0,0.0,812830.8781213989,optimal,0.08785680000437424,False,
7359,0.0,0,0.0,802001.5414569522,optimal,0.08702140000241343,False,
7360,0.0,0,0.0,807565.1389276995,optimal,0.06172659998992458,False,
7361,0.0,0,0.0,824310.4586618516,optimal,0.07382159998815041,False,
7362,0.0,0,0.0,793702.2684727,optimal,0.0768270999978995,False,
7363,0.0,0,0.0,791886.0668852985,optimal,1.2381156000046758,False,
7364,0.0,0,0.0,816224.7311796733,optimal,0.2635632000019541,False,
7365,0.0,0,0.0,838406.3637782783,optimal,0.15271470000152476,False,
7366,0.0,0,0.0,805561.3051800608,optimal,0.13578319999214727,False,
7367,0.0,0,0.0,769216.0329405891,optimal,0.13217519999307115,False,
7368,0.0,0,0.0,738096.7372550794,optimal,0.7731367999949725,False,
7369,0.0,0,0.0,715330.8838201402,optimal,0.0979730999970343,False,
7370,0.0,0,0.0,723579.1902378555,optimal,0.9558084000018425,False,
7371,0.0,0,0.0,731685.9682867255,optimal,0.9202920999960043,False,
7372,0.0,0,0.0,737645.3071382426,optimal,0.5780628000065917,False,
7373,0.0,0,0.0,742493.1977698901,optimal,0.80383730000176,False,
7374,0.0,0,0.0,753602.7794276585,optimal,0.7392733000015141,False,
7375,0.0,0,0.0,761816.7797506499,optimal,0.39497860000119545,False,
7376,0.0,0,0.0,735195.3727140786,optimal,0.3584993999975268,False,
7377,0.0,0,0.0,720642.2967690778,optimal,0.5608129000029294,False,
7378,0.0,0,0.0,700968.4485863842,optimal,0.5138040000019828,False,
7379,0.0,0,0.0,666784.4172428601,optimal,0.46043920000374783,False,
7380,0.0,0,0.0,619078.8898917565,optimal,0.432010899996385,False,
7381,0.0,0,0.0,568108.003008945,optimal,0.3806165999994846,False,
7382,0.0,0,0.0,517683.2144899212,optimal,0.3257652999891434,False,
7383,0.0,0,0.0,466454.01125315065,optimal,0.28848469999502413,False,
7384,0.0,0,0.0,429545.32931736216,optimal,0.2380154999991646,False,
7385,0.0,0,0.0,415303.6935294911,optimal,0.31159279998973943,False,
7386,0.0,0,0.0,404908.83619633375,optimal,0.15895959999761544,False,
7387,0.0,0,0.0,399205.6512157882,optimal,0.13986579999618698,False,
7388,0.0,0,0.0,394648.3051880675,optimal,0.28313860000343993,False,
7389,0.0,0,0.0,380912.34513010964,optimal,0.13251409999793395,False,
7390,0.0,0,0.0,362878.3431480091,optimal,0.11278100000345148,False,
7391,0.0,0,0.0,346389.7265977818,optimal,0.10531009999976959,False,
7392,0.0,0,0.0,354544.49187318207,optimal,0.102131300009205,False,
7393,0.0,0,0.0,348078.7320293177,optimal,0.07597729998815339,False,
7394,0.0,0,0.0,349452.4924459378,optimal,0.07187260000500828,False,
7395,0.0,0,0.0,338255.48000989784,optimal,0.13906220000353642,False,
7396,0.0,0,0.0,306391.90522710606,optimal,0.08193529999698512,False,
7397,0.0,0,0.0,278748.51889925275,optimal,0.07558449999487493,False,
7398,0.0,0,0.0,292771.6809228767,optimal,0.06699540000408888,False,
7399,0.0,0,0.0,305127.2481725984,optimal,0.11521109999739565,False,
7400,0.0,0,0.0,300069.7154591944,optimal,0.4304357999935746,False,
7401,0.0,0,0.0,307540.81412673934,optimal,0.0785388999938732,False,
7402,0.0,0,0.0,304585.33975213615,optimal,0.41592640000453684,False,
7403,0.0,0,0.0,315027.6339238128,optimal,0.3547963000019081,False,
7404,0.0,0,0.0,312497.2225516258,optimal,0.33483580000756774,False,
7405,0.0,0,0.0,312884.6470838284,optimal,0.2914762000000337,False,
7406,0.0,0,0.0,301523.73461528413,optimal,0.2384535000019241,False,
7407,0.0,0,0.0,281882.99253789516,optimal,0.1953370000119321,False,
7408,0.0,0,0.0,267479.03369390435,optimal,0.14637539999966975,False,
7409,0.0,0,0.0,265740.2972388714,optimal,0.16707910000695847,False,
7410,0.0,0,0.0,269664.31514616346,optimal,0.07882629999949131,False,
7411,0.0,0,0.0,269136.1078513758,optimal,0.07802739999897312,False,
7412,0.0,0,0.0,256367.3452919755,optimal,0.07172459999856073,False,
7413,0.0,0,0.0,261872.22348300696,optimal,0.1920628000079887,False,
7414,0.0,0,0.0,307072.6814281286,optimal,0.18230009998660535,False,
7415,0.0,0,0.0,370613.77370164817,optimal,0.07418720000714529,False,
7416,0.0,0,0.0,464284.86930241814,optimal,0.10163039999315515,False,
7417,0.0,0,0.0,531861.440735759,optimal,0.07989979999547359,False,
7418,0.0,0,0.0,523023.8652158454,optimal,0.08232990000396967,False,
7419,0.0,0,0.0,512817.4905132464,optimal,0.07567969999217894,False,
7420,0.0,0,0.0,540329.3145199368,optimal,0.07893590000458062,False,
7421,0.0,0,0.0,568854.4873408919,optimal,0.12955220000003465,False,
7422,0.0,0,0.0,598941.7770511274,optimal,0.10100350000720937,False,
7423,0.0,0,0.0,634451.0562577404,optimal,0.08921029999328312,False,
7424,0.0,0,0.0,722676.1839096355,optimal,0.07931279999320395,False,
7425,0.0,0,0.0,807836.7067136829,optimal,0.07235149999905843,False,
7426,0.0,0,0.0,883438.2551484243,optimal,0.05568390000553336,False,
7427,0.0,0,0.0,964790.463394532,optimal,0.06957199999305885,False,
7428,0.0,0,0.0,1050805.413725251,optimal,0.06708960000833031,False,
7429,0.0,0,0.0,1142366.5161640486,optimal,0.06696520000696182,False,
7430,0.0,0,0.0,1240844.0508067498,optimal,0.1871125000034226,False,
7431,0.0,0,0.0,1324777.1774875345,optimal,0.09814729999925476,False,
7432,0.0,0,0.0,1414584.484392286,optimal,0.10433059999195393,False,
7433,0.0,0,0.0,1496387.8341241134,optimal,0.08094630000414327,False,
7434,0.0,0,0.0,1579204.5240764103,optimal,0.08968900000036228,False,
7435,0.0,0,0.0,1617213.833370673,optimal,0.1655248000024585,False,
7436,0.0,0,0.0,1710268.9102984783,optimal,0.12886779999826103,False,
7437,0.0,0,0.0,1740428.681857001,optimal,0.23428079999575857,False,
7438,0.0,0,0.0,1709691.7859698082,optimal,0.09429889998864383,False,
7439,0.0,0,0.0,1669526.5795813785,optimal,0.15200789998925757,False,
7440,0.0,0,0.0,1617163.7076862552,optimal,0.1251769999944372,False,
7441,0.0,0,0.0,1617984.057577693,optimal,0.20349990000249818,False,
7442,0.0,0,0.0,1667500.535432561,optimal,0.07590260000142734,False,
7443,0.0,0,0.0,1729096.5446287848,optimal,0.17075379999005236,False,
7444,0.0,0,0.0,1797471.6124446574,optimal,0.18935760000022128,False,
7445,0.0,0,0.0,1800832.2920590346,optimal,0.09297159999550786,False,
7446,0.0,0,0.0,1774183.2801200813,optimal,0.08796520000032615,False,
7447,0.0,0,0.0,1733127.7877558218,optimal,0.09525829998892732,False,
7448,0.0,0,0.0,1676917.2710263035,optimal,0.08557939999445807,False,
7449,0.0,0,0.0,1621061.2325175235,optimal,0.0713821000099415,False,
7450,0.0,0,0.0,1605584.8973037966,optimal,0.05756589998782147,False,
7451,0.0,0,0.0,1541750.2094643798,optimal,0.16933479999715928,False,
7452,0.0,0,0.0,1540163.7212158535,optimal,0.059527000004891306,False,
7453,0.0,0,0.0,1544737.6102843045,optimal,0.07144840000546537,False,
7454,0.0,0,0.0,1587508.9971594617,optimal,0.09970419999444857,False,
7455,0.0,0,0.0,1677594.770223356,optimal,0.08936779999930877,False,
7456,0.0,0,0.0,1748865.046669851,optimal,0.08442379999905825,False,
7457,0.0,0,0.0,1779634.0607752113,optimal,0.07246239999949466,False,
7458,0.0,0,0.0,1787111.1436975014,optimal,0.08487439999589697,False,
7459,0.0,0,0.0,1795900.475212296,optimal,0.08440849999897182,False,
7460,0.0,0,0.0,1795379.8635417696,optimal,0.18442239999421872,False,
7461,0.0,0,0.0,1710700.60927829,optimal,0.10191700000723358,False,
7462,0.0,0,0.0,1613940.108995797,optimal,0.10066389999701641,False,
7463,0.0,0,0.0,1507562.2040735397,optimal,0.07730570000421721,False,
7464,0.0,0,0.0,1399358.3712273254,optimal,0.07725289999507368,False,
7465,0.0,0,0.0,1367349.0260191115,optimal,0.07891649998782668,False,
7466,0.0,0,0.0,1333137.8634426312,optimal,0.06563529999402817,False,
7467,0.0,0,0.0,1326364.8910386628,optimal,0.07200129999546334,False,
7468,0.0,0,0.0,1296744.284940609,optimal,0.3483119999873452,False,
7469,0.0,0,0.0,1266138.380962278,optimal,0.2222083999949973,False,
7470,0.0,0,0.0,1265237.5362580745,optimal,0.19528519999585114,False,
7471,0.0,0,0.0,1166009.4730021616,optimal,0.1791665000055218,False,
7472,0.0,0,0.0,1062039.9907144734,optimal,0.08507619998999871,False,
7473,0.0,0,0.0,970393.2101025397,optimal,0.3528935999929672,False,
7474,0.0,0,0.0,878913.9693399878,optimal,0.33402989999740385,False,
7475,0.0,0,0.0,785638.3205472071,optimal,0.28966829999990296,False,
7476,0.0,0,0.0,696311.4859312081,optimal,0.2451301999972202,False,
7477,0.0,0,0.0,619357.8874463001,optimal,0.17819810000946745,False,
7478,0.0,0,0.0,575369.4304534689,optimal,0.13947920000646263,False,
7479,0.0,0,0.0,541566.3590956037,optimal,0.10459600000467617,False,
7480,0.0,0,0.0,509992.7233497273,optimal,0.11998329999914858,False,
7481,0.0,0,0.0,467239.38613996224,optimal,0.08653970000159461,False,
7482,0.0,0,0.0,449782.18940098444,optimal,0.22584810000262223,False,
7483,0.0,0,0.0,477084.74492074095,optimal,0.07115709999925457,False,
7484,0.0,0,0.0,465360.83705728047,optimal,0.08412089999183081,False,
7485,0.0,0,0.0,530849.3597326558,optimal,0.11587629999849014,False,
7486,0.0,0,0.0,570612.9748210907,optimal,0.1387240999902133,False,
7487,0.0,0,0.0,637965.9806096312,optimal,0.11266810000233818,False,
7488,0.0,0,0.0,703328.6945997723,optimal,0.10554109999793582,False,
7489,0.0,0,0.0,653301.6476665046,optimal,0.09145279999938793,False,
7490,0.0,0,0.0,612531.5351367692,optimal,0.08143189999100287,False,
7491,0.0,0,0.0,598973.3869947699,optimal,0.08196929999394342,False,
7492,0.0,0,0.0,584826.1888527701,optimal,0.07347889999800827,False,
7493,0.0,0,0.0,633541.1746560818,optimal,0.08260100000188686,False,
7494,0.0,0,0.0,694144.7435280803,optimal,0.07637040001282003,False,
7495,0.0,0,0.0,753727.2924000812,optimal,0.07771819998743013,False,
7496,0.0,0,0.0,834123.6381268433,optimal,0.1454639000003226,False,
7497,0.0,0,0.0,908721.5067538193,optimal,0.14904499999829568,False,
7498,0.0,0,0.0,948545.8173400295,optimal,0.07313730000169016,False,
7499,0.0,0,0.0,982668.1549859719,optimal,0.09623260000080336,False,
7500,0.0,0,0.0,989429.492984513,optimal,0.05891649999830406,False,
7501,0.0,0,0.0,999255.4779427783,optimal,0.09376829999382608,False,
7502,0.0,0,0.0,1024055.5420070034,optimal,0.10341470000275876,False,
7503,0.0,0,0.0,1034703.290995679,optimal,0.32987380000122357,False,
7504,0.0,0,0.0,1065085.1963854712,optimal,0.30233639999642037,False,
7505,0.0,0,0.0,1161073.7713452382,optimal,0.2496238000021549,False,
7506,0.0,0,0.0,1230683.2602172391,optimal,0.1930661000078544,False,
7507,0.0,0,0.0,1317073.864449999,optimal,0.15477110000210814,False,
7508,0.0,0,0.0,1386343.0133219995,optimal,0.7316886000044178,False,
7509,0.0,0,0.0,1467707.7459372506,optimal,0.35654839999915566,False,
7510,0.0,0,0.0,1535563.1748092507,optimal,0.6379869999946095,False,
7511,0.0,0,0.0,1606892.817371204,optimal,0.17861420000554062,False,
7512,0.0,0,0.0,1684844.552374643,optimal,0.09218669999972917,False,
7513,0.0,0,0.0,1764996.5887679057,optimal,0.32971349998842925,False,
7514,0.0,0,0.0,1829142.254733928,optimal,0.31711439999344293,False,
7515,0.0,0,0.0,1892115.1136059298,optimal,0.33201050000207033,False,
7516,0.0,0,0.0,1961349.3347509098,optimal,0.24711389999720268,False,
7517,0.0,0,0.0,2024047.3036229103,optimal,0.15950840000004973,False,
7518,0.0,0,0.0,2106706.4005540563,optimal,0.147697699998389,False,
7519,0.0,0,0.0,2190924.5729425475,optimal,0.08908999999403022,False,
7520,0.0,0,0.0,2277742.412378773,optimal,0.09817720000864938,False,
7521,0.0,0,0.0,2324994.448918108,optimal,0.10298929999407846,False,
7522,0.0,0,0.0,2379361.761215972,optimal,0.1625835000013467,False,
7523,0.0,0,0.0,2453151.2868796787,optimal,0.09876229999645147,False,
7524,0.0,0,0.0,2469762.8726128247,optimal,0.6700074999971548,False,
7525,0.0,0,0.0,2458305.2623330774,optimal,0.10865460000059102,False,
7526,0.0,0,0.0,2462094.9130410524,optimal,0.5435959000024013,False,
7527,0.0,0,0.0,2468363.3423666838,optimal,0.2908601999952225,False,
7528,0.0,0,0.0,2505230.8762737405,optimal,0.49817970000731293,False,
7529,0.0,0,0.0,2544487.710054394,optimal,0.37344060000032187,False,
7530,0.0,0,0.0,2520122.7039274583,optimal,0.35940089999348857,False,
7531,0.0,0,0.0,2543743.039042631,optimal,0.4081365000020014,False,
7532,0.0,0,0.0,2519820.5117257135,optimal,0.2462461999966763,False,
7533,0.0,0,0.0,2476674.984763213,optimal,0.30122059999848716,False,
7534,0.0,0,0.0,2449948.0849684863,optimal,0.1179130999953486,False,
7535,0.0,0,0.0,2424869.0694051445,optimal,0.09309059999941383,False,
7536,0.0,0,0.0,2454750.600729839,optimal,0.29547540000930894,False,
7537,0.0,0,0.0,2472329.4923625845,optimal,0.08271580000291578,False,
7538,0.0,0,0.0,2487794.1166843576,optimal,0.10783550000633113,False,
7539,0.0,0,0.0,2497654.4597703177,optimal,0.4585657999996329,False,
7540,0.0,0,0.0,2434558.135005151,optimal,0.42262129999289755,False,
7541,0.0,0,0.0,2377931.1034258697,optimal,0.3929317000001902,False,
7542,0.0,0,0.0,2323850.095132155,optimal,0.3300442000036128,False,
7543,0.0,0,0.0,2270274.7891070982,optimal,0.30339199998707045,False,
7544,0.0,0,0.0,2218805.2846363094,optimal,0.22810690000187606,False,
7545,0.0,0,0.0,2226299.9906318127,optimal,0.17176470000413246,False,
7546,0.0,0,0.0,2208177.4149328154,optimal,0.09242139999696519,False,
7547,0.0,0,0.0,2210963.5830632993,optimal,0.08567939999920782,False,
7548,0.0,0,0.0,2182230.0871811877,optimal,0.08740490001218859,False,
7549,0.0,0,0.0,2137542.8766074427,optimal,0.052385100003448315,False,
7550,0.0,0,0.0,2090289.104167476,optimal,0.12317900000198279,False,
7551,0.0,0,0.0,2046465.9700231666,optimal,0.07240279999678023,False,
7552,0.0,0,0.0,1973567.1005980815,optimal,0.07638510000833776,False,
7553,0.0,0,0.0,1875618.5587518672,optimal,0.07140269999217708,False,
7554,0.0,0,0.0,1771375.6608966726,optimal,0.0623807000083616,False,
7555,0.0,0,0.0,1677436.1489079876,optimal,0.07506500001181848,False,
7556,0.0,0,0.0,1561747.1361654291,optimal,0.08190140000078827,False,
7557,0.0,0,0.0,1446149.7534228717,optimal,0.06348180001077708,False,
7558,0.0,0,0.0,1358320.9760719384,optimal,0.06077739999454934,False,
7559,0.0,0,0.0,1248325.034260322,optimal,0.06365710000682157,False,
7560,0.0,0,0.0,1138197.3123141641,optimal,0.14204469999822322,False,
7561,0.0,0,0.0,1052556.8310238558,optimal,0.07120239999494515,False,
7562,0.0,0,0.0,967306.7039220785,optimal,0.07480740000028163,False,
7563,0.0,0,0.0,902980.0008998155,optimal,0.08571050000318792,False,
7564,0.0,0,0.0,840934.7711148127,optimal,0.07609829999273643,False,
7565,0.0,0,0.0,777097.4981084085,optimal,0.07949720000033267,False,
7566,0.0,0,0.0,709538.1959422686,optimal,0.09238879999611527,False,
7567,0.0,0,0.0,654057.7696052658,optimal,0.07284849999996368,False,
7568,0.0,0,0.0,626476.0047989875,optimal,0.09757490000629332,False,
7569,0.0,0,0.0,608775.8345950561,optimal,0.07690900001034606,False,
7570,0.0,0,0.0,589424.1089543271,optimal,0.12895050000224728,False,
7571,0.0,0,0.0,574176.7412189257,optimal,0.07591739999770653,False,
7572,0.0,0,0.0,572590.844190066,optimal,0.0818820999993477,False,
7573,0.0,0,0.0,574363.8288434622,optimal,0.0774395999906119,False,
7574,0.0,0,0.0,552010.5159218211,optimal,0.07615910000458825,False,
7575,0.0,0,0.0,532194.1381333539,optimal,0.39065830000618007,False,
7576,0.0,0,0.0,516306.0377370396,optimal,0.27056739998806734,False,
7577,0.0,0,0.0,510515.6440497637,optimal,0.3325433999998495,False,
7578,0.0,0,0.0,505412.5637854142,optimal,0.2706408999947598,False,
7579,0.0,0,0.0,493263.35786359455,optimal,0.11266620000242256,False,
7580,0.0,0,0.0,486702.794491356,optimal,0.14011030000983737,False,
7581,0.0,0,0.0,456390.15728222637,optimal,0.0863454000063939,False,
7582,0.0,0,0.0,433284.91083279054,optimal,0.12293420000059996,False,
7583,0.0,0,0.0,428589.31676390267,optimal,0.06296560000919271,False,
7584,0.0,0,0.0,440619.25263580144,optimal,0.07100980001268908,False,
7585,0.0,0,0.0,455250.7960742331,optimal,0.06403860000136774,False,
7586,0.0,0,0.0,498305.63201477367,optimal,0.056058699992718175,False,
7587,0.0,0,0.0,519716.06583054434,optimal,0.08585990000574384,False,
7588,0.0,0,0.0,540122.5016395127,optimal,0.13020719999622088,False,
7589,0.0,0,0.0,554310.0033799527,optimal,0.07282460000715218,False,
7590,0.0,0,0.0,589329.0191330584,optimal,0.12940279999747872,False,
7591,0.0,0,0.0,629266.8537846468,optimal,0.05535540000710171,False,
7592,0.0,0,0.0,676897.7788904207,optimal,0.0783608999918215,False,
7593,0.0,0,0.0,732792.8670985521,optimal,0.07932949998939876,False,
7594,0.0,0,0.0,795301.4756676798,optimal,0.06602319999365136,False,
7595,0.0,0,0.0,853980.7003919169,optimal,0.09558819999801926,False,
7596,0.0,0,0.0,908854.0766816967,optimal,0.1007164000038756,False,
7597,0.0,0,0.0,960117.3913524584,optimal,0.07156120000581723,False,
7598,0.0,0,0.0,983098.689571739,optimal,0.07035840000025928,False,
7599,0.0,0,0.0,1029526.2690211223,optimal,0.08019480000075419,False,
7600,0.0,0,0.0,1113518.249811602,optimal,0.06303999999363441,False,
7601,0.0,0,0.0,1227548.2541145643,optimal,0.06759069999679923,False,
7602,0.0,0,0.0,1371071.5579467423,optimal,0.05632499999774154,False,
7603,0.0,0,0.0,1511895.6446213892,optimal,0.05885790000320412,False,
7604,0.0,0,0.0,1643299.4721426487,optimal,0.1686483999947086,False,
7605,0.0,0,0.0,1768663.9344393907,optimal,0.1394914999982575,False,
7606,0.0,0,0.0,1887885.4753738444,optimal,0.08720800001174212,False,
7607,0.0,0,0.0,2003082.9110560338,optimal,0.18804269999964163,False,
7608,0.0,0,0.0,2113238.039736805,optimal,0.07418009999673814,False,
7609,0.0,0,0.0,2184373.1789374836,optimal,0.08428209999692626,False,
7610,0.0,0,0.0,2245430.294474433,optimal,0.06351070001255721,False,
7611,0.0,0,0.0,2359298.954404506,optimal,0.06243900000117719,False,
7612,0.0,0,0.0,2464080.186964827,optimal,0.05520259999320842,False,
7613,0.0,0,0.0,2626516.8300120425,optimal,0.06140120000054594,False,
7614,0.0,0,0.0,2769916.216861398,optimal,0.06054299999959767,False,
7615,0.0,0,0.0,2896465.994854415,optimal,0.0559718000004068,False,
7616,0.0,0,0.0,3019440.2911734623,optimal,0.06862740000360645,False,
7617,0.0,0,0.0,3126859.309770938,optimal,0.06788780000351835,False,
7618,0.0,0,0.0,3247828.7577095386,optimal,0.06863589999557007,False,
7619,0.0,0,0.0,3223378.5706659434,optimal,0.0744533999968553,False,
7620,0.0,0,0.0,3171832.3062531976,optimal,0.1408470999886049,False,
7621,0.0,0,0.0,3275231.944136743,optimal,0.06898159999400377,False,
7622,0.0,0,0.0,3374970.562650405,optimal,0.07557529999758117,False,
7623,0.0,0,0.0,3498440.9370458233,optimal,0.07270440000866074,False,
7624,0.0,0,0.0,3603573.0116308453,optimal,0.05812440000590868,False,
7625,0.0,0,0.0,3698663.5710573704,optimal,0.05356270000629593,False,
7626,0.0,0,0.0,3863276.9077691766,optimal,0.08511770000040997,False,
7627,0.0,0,0.0,4048043.108881247,optimal,0.05700549999892246,False,
7628,0.0,0,0.0,4203902.860354844,optimal,0.07747940000263043,False,
7629,0.0,0,0.0,4335636.905307796,optimal,0.06324170000152662,False,
7630,0.0,0,0.0,4402129.130568806,optimal,0.07674859999679029,False,
7631,0.0,0,0.0,4418557.124077795,optimal,0.07651780000014696,False,
7632,0.0,0,0.0,4451467.992766949,optimal,0.06915730000764597,False,
7633,0.0,0,0.0,4468435.293869905,optimal,0.06870139999955427,False,
7634,0.0,0,0.0,4460088.239683508,optimal,0.06743589999678079,False,
7635,0.0,0,0.0,4403935.572485558,optimal,0.05901850000373088,False,
7636,0.0,0,0.0,4421132.587947613,optimal,0.06707050000841264,False,
7637,0.0,0,0.0,4458357.522535191,optimal,0.08820380001270678,False,
7638,0.0,0,0.0,4506570.640573666,optimal,0.06658559999777935,False,
7639,0.0,0,0.0,4562542.516383238,optimal,0.07040559999586549,False,
7640,0.0,0,0.0,4640670.681117535,optimal,0.1732966999989003,False,
7641,0.0,0,0.0,4711709.094077395,optimal,0.08470289999968372,False,
7642,0.0,0,0.0,4796210.902173689,optimal,0.08238690000143833,False,
7643,0.0,0,0.0,4770167.2556119785,optimal,0.07743540000228677,False,
7644,0.0,0,0.0,4718526.556282035,optimal,0.08839410000655334,False,
7645,0.0,0,0.0,4642318.8373301355,optimal,0.0551528999931179,False,
7646,0.0,0,0.0,4557187.284749898,optimal,0.0746664000034798,False,
7647,0.0,0,0.0,4464851.62647843,optimal,0.06659059999219608,False,
7648,0.0,0,0.0,4385839.850015351,optimal,0.06058689999917988,False,
7649,0.0,0,0.0,4274791.528823631,optimal,0.15044169999600854,False,
7650,0.0,0,0.0,4143795.205906136,optimal,0.06395850000262726,False,
7651,0.0,0,0.0,4008082.736746792,optimal,0.08991969999624416,False,
7652,0.0,0,0.0,3883274.686296651,optimal,0.08219409998855554,False,
7653,0.0,0,0.0,3758912.6882467335,optimal,0.0666334999987157,False,
7654,0.0,0,0.0,3625472.048728923,optimal,0.06787359999725595,False,
7655,0.0,0,0.0,3509455.185726031,optimal,0.07649449999735225,False,
7656,0.0,0,0.0,3442930.5323096793,optimal,0.08015160000650212,False,
7657,0.0,0,0.0,3415796.974344652,optimal,0.09001439998974092,False,
7658,0.0,0,0.0,3344112.1494643665,optimal,0.07725869999558199,False,
7659,0.0,0,0.0,3303916.743752971,optimal,0.08520810000482015,False,
7660,0.0,0,0.0,3161830.417017897,optimal,0.09240870000212453,False,
7661,0.0,0,0.0,3049831.4411430308,optimal,0.08648010001343209,False,
7662,0.0,0,0.0,3013865.1422607806,optimal,0.09059890000207815,False,
7663,0.0,0,0.0,2975813.309867616,optimal,0.16722930000105407,False,
7664,0.0,0,0.0,2948492.31265214,optimal,0.2585164000047371,False,
7665,0.0,0,0.0,2933969.8985140733,optimal,0.25448239999241196,False,
7666,0.0,0,0.0,2912284.552893414,optimal,0.20554559999436606,False,
7667,0.0,0,0.0,2894838.602418575,optimal,0.16351649998978246,False,
7668,0.0,0,0.0,2810769.413247254,optimal,0.08879069999966305,False,
7669,0.0,0,0.0,2731909.7725708177,optimal,0.17415739998978097,False,
7670,0.0,0,0.0,2692848.1354580205,optimal,0.14590039999166038,False,
7671,0.0,0,0.0,2708770.5529951486,optimal,0.08676479999849107,False,
7672,0.0,0,0.0,2717488.734505564,optimal,0.08217829999921378,False,
7673,0.0,0,0.0,2715938.754656947,optimal,0.0705253000051016,False,
7674,0.0,0,0.0,2672858.5567017347,optimal,0.05866000000969507,False,
7675,0.0,0,0.0,2642210.4411168457,optimal,0.08749560000433121,False,
7676,0.0,0,0.0,2634645.9186782157,optimal,0.06497049999597948,False,
7677,0.0,0,0.0,2726929.1013770546,optimal,0.06865110000944696,False,
7678,0.0,0,0.0,2881650.425605177,optimal,0.12540370000351686,False,
7679,0.0,0,0.0,2902363.344279281,optimal,0.08166670000355225,False,
7680,0.0,0,0.0,2925764.1989645255,optimal,0.06943249999312684,False,
7681,0.0,0,0.0,2953136.4924536687,optimal,0.1531303000083426,False,
7682,0.0,0,0.0,3071893.695114636,optimal,0.08121800000662915,False,
7683,0.0,0,0.0,3119440.8267201725,optimal,0.12921369999821763,False,
7684,0.0,0,0.0,3181875.2214643057,optimal,0.07335849999799393,False,
7685,0.0,0,0.0,3216337.2941216496,optimal,0.07077890000073239,False,
7686,0.0,0,0.0,3223601.4743845994,optimal,0.0688501999975415,False,
7687,0.0,0,0.0,3236516.687537542,optimal,0.062287200009450316,False,
7688,0.0,0,0.0,3240905.2488844655,optimal,0.07544580000103451,False,
7689,0.0,0,0.0,3355064.0194050563,optimal,0.05165940000733826,False,
7690,0.0,0,0.0,3462627.6095498847,optimal,0.08425080000597518,False,
7691,0.0,0,0.0,3438328.3739811424,optimal,0.0595789000071818,False,
7692,0.0,0,0.0,3375226.7425268237,optimal,0.06635199999436736,False,
7693,0.0,0,0.0,3315621.914791141,optimal,0.061700000005657785,False,
7694,0.0,0,0.0,3279375.6779884645,optimal,0.07025260000955313,False,
7695,0.0,0,0.0,3256323.285689643,optimal,0.06953639999846928,False,
7696,0.0,0,0.0,3290944.709413946,optimal,0.061743700003717095,False,
7697,0.0,0,0.0,3429035.9682289283,optimal,0.06191889999900013,False,
7698,0.0,0,0.0,3518351.5455012247,optimal,0.06272480000916403,False,
7699,0.0,0,0.0,3572349.3612519316,optimal,0.06485550000797957,False,
7700,0.0,0,0.0,3663266.791680339,optimal,0.0668227999994997,False,
7701,0.0,0,0.0,3680579.5340171,optimal,0.052661399997305125,False,
7702,0.0,0,0.0,3788129.2291841884,optimal,0.07610040000872687,False,
7703,0.0,0,0.0,3852475.5597323794,optimal,0.06205410000984557,False,
7704,0.0,0,0.0,3968431.789081262,optimal,0.07545199999003671,False,
7705,0.0,0,0.0,4077242.6438377486,optimal,0.07096569999703206,False,
7706,2.5820871556797726,1,2.5820871556797726,4118270.7708570673,optimal,0.06428279999818187,False,
7707,27.69167395360789,1,27.69167395360789,4386561.982906919,optimal,0.05664170000818558,False,
7708,64.82416763073273,1,64.82416763073273,4790673.329290324,optimal,0.1371214999962831,False,
7709,81.96186208727008,1,81.96186208727008,4988864.787511686,optimal,0.1859981999878073,False,
7710,96.36186208726963,1,96.36186208726963,5163407.552476886,optimal,0.08694670000113547,False,
7711,116.47029295878733,2,99.6,5401797.453706354,optimal,0.08661440000287257,False,
7712,135.97029295878735,2,98.0,5641715.105634948,optimal,0.12738720000197645,False,
7713,156.87029295878892,2,98.2,5900801.802526116,optimal,0.10732549999374896,False,
7714,159.25437610549295,2,97.4,5977621.00501893,optimal,0.07881959999212995,False,
7715,118.77916010549465,2,99.6,5625873.144338679,optimal,0.08052069999394007,False,
7716,74.70394410549598,1,74.70394410549598,5239234.81527361,optimal,0.16990190000797156,False,
7717,25.228728105494852,1,25.228728105494852,4784390.069115016,optimal,0.18022879998898134,False,
7718,0.0,0,0.0,4537197.758144058,optimal,0.14919060000102036,False,
7719,0.0,0,0.0,4515228.305115699,optimal,0.08805710000160616,False,
7720,0.0,0,0.0,4498284.491513902,optimal,0.07659290000447072,False,
7721,0.0,0,0.0,4567869.072052532,optimal,0.07715870000538416,False,
7722,0.0,0,0.0,4657563.179880867,optimal,0.07967790000839159,False,
7723,0.0,0,0.0,4657203.97712004,optimal,0.06461630000558216,False,
7724,0.0,0,0.0,4556155.105338375,optimal,0.07115829999384005,False,
7725,0.0,0,0.0,4430019.413642422,optimal,0.06665090000024065,False,
7726,0.0,0,0.0,4335032.156899124,optimal,0.0640512999962084,False,
7727,0.0,0,0.0,4242732.836166973,optimal,0.0717933000123594,False,
7728,0.0,0,0.0,4148061.8071896946,optimal,0.0710586999921361,False,
7729,0.0,0,0.0,4051809.639382332,optimal,0.07716659999277908,False,
7730,0.0,0,0.0,3955241.2438089554,optimal,0.06811150000430644,False,
7731,0.0,0,0.0,3857566.051054518,optimal,0.06922930000291672,False,
7732,0.0,0,0.0,3760839.541598132,optimal,0.07387540000490844,False,
7733,0.0,0,0.0,3717860.7577906735,optimal,0.060648099999525584,False,
7734,0.0,0,0.0,3661394.3844813835,optimal,0.09078320000844542,False,
7735,0.0,0,0.0,3593922.8419921724,optimal,0.08020680000481661,False,
7736,0.0,0,0.0,3575603.058437325,optimal,0.14397629999439232,False,
7737,0.0,0,0.0,3548014.757494773,optimal,0.07552430000214372,False,
7738,0.0,0,0.0,3494556.0543130473,optimal,0.06117420000373386,False,
7739,0.0,0,0.0,3451705.8499766146,optimal,0.08230310000362806,False,
7740,0.0,0,0.0,3436540.9091580445,optimal,0.06333759998960886,False,
7741,0.0,0,0.0,3417441.2908566017,optimal,0.06046879998757504,False,
7742,0.0,0,0.0,3407152.0666980236,optimal,0.07590709999203682,False,
7743,0.0,0,0.0,3429478.1448300495,optimal,0.06949719999101944,False,
7744,0.0,0,0.0,3445083.4570642672,optimal,0.06891790000372566,False,
7745,0.0,0,0.0,3409688.9326412803,optimal,0.12329479999607429,False,
7746,0.0,0,0.0,3330524.0271797553,optimal,0.08745679999992717,False,
7747,0.0,0,0.0,3281308.997038267,optimal,0.08221800001047086,False,
7748,0.0,0,0.0,3241388.779247064,optimal,0.0623187000019243,False,
7749,0.0,0,0.0,3202693.6438009557,optimal,0.06549829999858048,False,
7750,0.0,0,0.0,3124241.079512809,optimal,0.057775699999183416,False,
7751,0.0,0,0.0,3035046.1167357326,optimal,0.07312880000972655,False,
7752,0.0,0,0.0,2937737.640096808,optimal,0.13718380000500474,False,
7753,0.0,0,0.0,2820422.9263754617,optimal,0.08456619999196846,False,
7754,0.0,0,0.0,2761058.5647619036,optimal,0.0736280999990413,False,
7755,0.0,0,0.0,2682183.085223802,optimal,0.06594010000117123,False,
7756,0.0,0,0.0,2595912.564429051,optimal,0.07284860000072513,False,
7757,0.0,0,0.0,2519705.950612068,optimal,0.07396150000568014,False,
7758,0.0,0,0.0,2427319.231217489,optimal,0.07122589999926277,False,
7759,0.0,0,0.0,2342012.180191232,optimal,0.08408420000341721,False,
7760,0.0,0,0.0,2251958.0624637636,optimal,0.06977050000568852,False,
7761,0.0,0,0.0,2150465.0533070285,optimal,0.08261890000721905,False,
7762,0.0,0,0.0,2055442.5581314072,optimal,0.07614249999460299,False,
7763,0.0,0,0.0,1962205.7240768683,optimal,0.17475389999162871,False,
7764,0.0,0,0.0,1869980.8249636397,optimal,0.08609690000594128,False,
7765,0.0,0,0.0,1780586.7424406507,optimal,0.09492030000546947,False,
7766,0.0,0,0.0,1702102.9836115504,optimal,0.09405479999259114,False,
7767,0.0,0,0.0,1640416.0030551283,optimal,0.08148179999261629,False,
7768,0.0,0,0.0,1617340.5384084382,optimal,0.060780400002840906,False,
7769,0.0,0,0.0,1637879.3539781044,optimal,0.37912860000506043,False,
7770,0.0,0,0.0,1648305.6926754331,optimal,0.3176387999992585,False,
7771,0.0,0,0.0,1674689.8432933341,optimal,0.29205889999866486,False,
7772,0.0,0,0.0,1713455.2492675267,optimal,0.25600979999580886,False,
7773,0.0,0,0.0,1748165.9052215018,optimal,0.21627439999429043,False,
7774,0.0,0,0.0,1769652.129367741,optimal,0.16700639999180567,False,
7775,0.0,0,0.0,1793246.7006679042,optimal,0.12344120000489056,False,
7776,0.0,0,0.0,1816245.8306679043,optimal,0.09717429999727756,False,
7777,0.0,0,0.0,1836570.562816909,optimal,0.07012060000852216,False,
7778,0.0,0,0.0,1845217.5986450866,optimal,0.12019770000188146,False,
7779,0.0,0,0.0,1851654.3834255503,optimal,0.078997899996466,False,
7780,0.0,0,0.0,1862990.0659329982,optimal,0.07703840000613127,False,
7781,0.0,0,0.0,1877587.0139800601,optimal,0.08171199999924283,False,
7782,0.0,0,0.0,1891363.0181726848,optimal,0.06260290001227986,False,
7783,0.0,0,0.0,1905356.2281726846,optimal,0.07118710000941064,False,
7784,0.0,0,0.0,1858968.399300684,optimal,0.0648399000056088,False,
7785,0.0,0,0.0,1811991.5204286836,optimal,0.14788859999680426,False,
7786,0.0,0,0.0,1771649.7996799473,optimal,0.05988919999799691,False,
7787,0.0,0,0.0,1738437.6781161427,optimal,0.05401710000296589,False,
7788,0.0,0,0.0,1662309.0702529014,optimal,0.07105720000981819,False,
7789,0.0,0,0.0,1617927.1639184707,optimal,0.06277800000680145,False,
7790,0.0,0,0.0,1517156.6698783133,optimal,0.06318269998882897,False,
7791,0.0,0,0.0,1425337.1280405156,optimal,0.1300074000027962,False,
7792,0.0,0,0.0,1379918.3862584739,optimal,0.06820920000609476,False,
7793,0.0,0,0.0,1367918.001188202,optimal,0.14517369998793583,False,
7794,0.0,0,0.0,1326650.998854723,optimal,0.08454250000067987,False,
7795,0.0,0,0.0,1273202.1266051368,optimal,0.13936119999561924,False,
7796,0.0,0,0.0,1193176.8691362147,optimal,0.08499420000589453,False,
7797,0.0,0,0.0,1141082.7707198395,optimal,0.15372499999648426,False,
7798,0.0,0,0.0,1113253.2509068316,optimal,0.07324830000288785,False,
7799,0.0,0,0.0,1074618.2754889277,optimal,0.06564059999072924,False,
7800,0.0,0,0.0,1046617.5475937665,optimal,0.09075950000260491,False,
7801,0.0,0,0.0,996778.4490440377,optimal,0.08334389999799896,False,
7802,0.0,0,0.0,967159.0694312231,optimal,0.14382860000478104,False,
7803,0.0,0,0.0,929363.8110313431,optimal,0.0722550000064075,False,
7804,0.0,0,0.0,896938.7546160438,optimal,0.07214940000267234,False,
7805,0.0,0,0.0,863687.3771552854,optimal,0.07380729999567848,False,
7806,0.0,0,0.0,847530.5641233942,optimal,0.12128249999659602,False,
7807,0.0,0,0.0,827006.5910396993,optimal,0.07954550000431482,False,
7808,0.0,0,0.0,810152.0424905587,optimal,0.06558890000451356,False,
7809,0.0,0,0.0,793627.418278697,optimal,0.06702349999977741,False,
7810,0.0,0,0.0,775713.2549492316,optimal,0.14919329999247566,False,
7811,0.0,0,0.0,751769.5837816112,optimal,0.07875609998882283,False,
7812,0.0,0,0.0,723205.165988963,optimal,0.1668742000038037,False,
7813,0.0,0,0.0,682795.0352087512,optimal,0.08438749999913853,False,
7814,0.0,0,0.0,621364.0794751003,optimal,0.06601969999610446,False,
7815,0.0,0,0.0,578640.998082625,optimal,0.07433200000377838,False,
7816,0.0,0,0.0,545271.380106539,optimal,0.06734749999304768,False,
7817,0.0,0,0.0,509935.92393687926,optimal,0.0631783999997424,False,
7818,0.0,0,0.0,466747.0647063907,optimal,0.06100519999745302,False,
7819,0.0,0,0.0,413802.67014272336,optimal,0.07450870001048315,False,
7820,0.0,0,0.0,355114.1710709316,optimal,0.05744760000379756,False,
7821,0.0,0,0.0,290679.37050511956,optimal,0.07516639999812469,False,
7822,0.0,0,0.0,250016.53407274958,optimal,0.06977899999765214,False,
7823,0.0,0,0.0,250016.53407274958,optimal,0.054663800008711405,False,
7824,0.0,0,0.0,250016.53407274958,optimal,0.06161479999718722,False,
7825,0.0,0,0.0,250016.53407274958,optimal,0.13849979999940842,False,
7826,0.0,0,0.0,250016.53407274958,optimal,0.05788370000664145,False,
7827,0.0,0,0.0,250016.53407274958,optimal,0.08744309999747202,False,
7828,0.0,0,0.0,250016.53407274958,optimal,0.07251669999095611,False,
7829,0.0,0,0.0,250016.53407274958,optimal,0.09601280000060797,False,
7830,0.0,0,0.0,250016.53407274958,optimal,0.07779290000326,False,
7831,0.0,0,0.0,250016.53407274958,optimal,0.1285176999954274,False,
7832,0.0,0,0.0,250016.53407274958,optimal,0.071169100003317,False,
7833,0.0,0,0.0,250016.53407274958,optimal,0.09058019999065436,False,
7834,0.0,0,0.0,250016.53407274958,optimal,0.07344500000181142,False,
7835,0.0,0,0.0,250016.53407274958,optimal,0.060570200002985075,False,
7836,0.0,0,0.0,250016.53407274958,optimal,0.0666382000054,False,
7837,0.0,0,0.0,250016.53407274958,optimal,0.07353429999784566,False,
7838,0.0,0,0.0,250016.53407274958,optimal,0.06413559999782592,False,
7839,0.0,0,0.0,250016.53407274958,optimal,0.05667609999363776,False,
7840,0.0,0,0.0,250016.53407274958,optimal,0.05451090000860859,False,
7841,0.0,0,0.0,250016.53407274958,optimal,0.06347350000578444,False,
7842,0.0,0,0.0,250016.53407274958,optimal,0.06553180000628345,False,
7843,0.0,0,0.0,255309.00214831438,optimal,0.0606712000007974,False,
7844,0.0,0,0.0,319692.81008305366,optimal,0.12276620000193361,False,
7845,0.0,0,0.0,372475.3489252934,optimal,0.08899579998978879,False,
7846,0.0,0,0.0,408239.8693351884,optimal,0.07784539999556728,False,
7847,0.0,0,0.0,434040.5908315519,optimal,0.07541439999477006,False,
7848,0.0,0,0.0,433258.3216596934,optimal,0.07273960000020452,False,
7849,0.0,0,0.0,428237.21237464325,optimal,0.05518830000073649,False,
7850,0.0,0,0.0,436123.8555861842,optimal,0.06672919999982696,False,
7851,0.0,0,0.0,443013.7004232927,optimal,0.08169979999365751,False,
7852,0.0,0,0.0,458988.5157491596,optimal,0.06875500000023749,False,
7853,0.0,0,0.0,473630.613920033,optimal,0.06735279998974875,False,
7854,0.0,0,0.0,490654.31970510515,optimal,0.0599313999991864,False,
7855,0.0,0,0.0,528509.6559870673,optimal,0.12937130000500474,False,
7856,0.0,0,0.0,530350.208881498,optimal,0.07575819999328814,False,
7857,0.0,0,0.0,533072.9530343423,optimal,0.05633579999266658,False,
7858,0.0,0,0.0,536735.7634486275,optimal,0.07268289999046829,False,
7859,0.0,0,0.0,541960.143902658,optimal,0.07193919998826459,False,
7860,0.0,0,0.0,541901.722512999,optimal,0.06227369999396615,False,
7861,0.0,0,0.0,540075.4262455598,optimal,0.07290720001037698,False,
7862,0.0,0,0.0,542089.520297997,optimal,0.06779300000926014,False,
7863,0.0,0,0.0,544917.308546322,optimal,0.09266919999208767,False,
7864,0.0,0,0.0,570894.0399626784,optimal,0.08289639999566134,False,
7865,0.0,0,0.0,603081.1885184981,optimal,0.060768900002585724,False,
7866,0.0,0,0.0,636758.9382435634,optimal,0.0704317999916384,False,
7867,0.0,0,0.0,717124.1783834188,optimal,0.07450230000540614,False,
7868,0.0,0,0.0,779465.8089892725,optimal,0.07145680001121946,False,
7869,0.0,0,0.0,889360.2311828627,optimal,0.08543220000865404,False,
7870,0.0,0,0.0,995855.892764555,optimal,0.07839739999326412,False,
7871,0.0,0,0.0,1124726.823858262,optimal,0.07653259999642614,False,
7872,0.0,0,0.0,1223734.6543046795,optimal,0.0918721999914851,False,
7873,0.0,0,0.0,1235688.450248168,optimal,0.06858389999251813,False,
7874,0.0,0,0.0,1241095.3760610996,optimal,0.0623014000011608,False,
7875,0.0,0,0.0,1266833.8900111022,optimal,0.07837540000036824,False,
7876,0.0,0,0.0,1304239.3686278888,optimal,0.068134100001771,False,
7877,0.0,0,0.0,1341783.6437717928,optimal,0.08291350000945386,False,
7878,0.0,0,0.0,1450771.386204336,optimal,0.0829574999952456,False,
7879,0.0,0,0.0,1481844.174267571,optimal,0.16151399999216665,False,
7880,0.0,0,0.0,1460665.2075344531,optimal,0.06956160000117961,False,
7881,0.0,0,0.0,1416738.4298809075,optimal,0.09022090000507887,False,
7882,0.0,0,0.0,1389715.4492069986,optimal,0.06947230000514537,False,
7883,0.0,0,0.0,1345180.34401224,optimal,0.07419150001078378,False,
7884,0.0,0,0.0,1304463.7771542454,optimal,0.0761278999998467,False,
7885,0.0,0,0.0,1253728.602261413,optimal,0.1529309000034118,False,
7886,0.0,0,0.0,1199994.6622266076,optimal,0.08021939999889582,False,
7887,0.0,0,0.0,1148878.4004943445,optimal,0.07891620000009425,False,
7888,0.0,0,0.0,1144192.6389651338,optimal,0.06751969999459106,False,
7889,0.0,0,0.0,1120045.9256005883,optimal,0.17797129999962635,False,
7890,0.0,0,0.0,1094440.644306104,optimal,0.057509899997967295,False,
7891,0.0,0,0.0,1056294.8130627554,optimal,0.18057599999883678,False,
7892,0.0,0,0.0,1023690.7541907559,optimal,0.11607469999580644,False,
7893,0.0,0,0.0,1021326.7136498214,optimal,0.10965720000967849,False,
7894,0.0,0,0.0,1011158.036657894,optimal,0.08239729999331757,False,
7895,0.0,0,0.0,1024980.8354179908,optimal,0.10059660000842996,False,
7896,0.0,0,0.0,1066814.5518916384,optimal,0.08151109999744222,False,
7897,0.0,0,0.0,1089715.2573595915,optimal,0.06671840000490192,False,
7898,0.0,0,0.0,1083012.6735986848,optimal,0.07233549999364186,False,
7899,0.0,0,0.0,1081079.4926902456,optimal,0.07294339999498334,False,
7900,0.0,0,0.0,1084748.2549438274,optimal,0.08183969999663532,False,
7901,0.0,0,0.0,1098814.5092170378,optimal,0.07667409999703523,False,
7902,0.0,0,0.0,1103059.477182063,optimal,0.08108099999662954,False,
7903,0.0,0,0.0,1123159.0225466017,optimal,0.0747646999952849,False,
7904,0.0,0,0.0,1186090.1148384677,optimal,0.2179137999919476,False,
7905,0.0,0,0.0,1252832.054520186,optimal,0.10297089999949094,False,
7906,0.0,0,0.0,1319424.2519253264,optimal,0.13561500000650994,False,
7907,0.0,0,0.0,1404175.6944315722,optimal,0.15748749999329448,False,
7908,0.0,0,0.0,1462476.3173932284,optimal,0.11172960000112653,False,
7909,0.0,0,0.0,1501461.190822043,optimal,0.09779549999802839,False,
7910,0.0,0,0.0,1526604.5537577434,optimal,0.09919200000877026,False,
7911,0.0,0,0.0,1565411.467941677,optimal,0.10126899999158923,False,
7912,0.0,0,0.0,1559630.8570225697,optimal,0.10861159999330994,False,
7913,0.0,0,0.0,1542400.838078317,optimal,0.18326479999814183,False,
7914,0.0,0,0.0,1520481.0436071884,optimal,0.19105330000456888,False,
7915,0.0,0,0.0,1468820.3623943569,optimal,0.08291489999101032,False,
7916,0.0,0,0.0,1409384.5167202798,optimal,0.09795899999153335,False,
7917,0.0,0,0.0,1326409.8204663668,optimal,0.09969010000349954,False,
7918,0.0,0,0.0,1274498.1106729347,optimal,0.09224510000785813,False,
7919,0.0,0,0.0,1159064.9275207038,optimal,0.09812850000162143,False,
7920,0.0,0,0.0,1173093.0353498126,optimal,0.09351710000191815,False,
7921,0.0,0,0.0,1205908.1669503616,optimal,0.1100220999942394,False,
7922,0.0,0,0.0,1194519.9274877962,optimal,0.10331740000401624,False,
7923,0.0,0,0.0,1164731.4501308822,optimal,0.07755980000365525,False,
7924,0.0,0,0.0,1145580.2181978978,optimal,0.09300680000160355,False,
7925,0.0,0,0.0,1033025.6038333983,optimal,0.09377360000507906,False,
7926,0.0,0,0.0,940723.2660585957,optimal,0.09723659999144729,False,
7927,0.0,0,0.0,897287.139918054,optimal,0.08624710000003688,False,
7928,0.0,0,0.0,873379.6779766487,optimal,0.08938689999922644,False,
7929,0.0,0,0.0,868345.4857988734,optimal,0.09222510000108741,False,
7930,0.0,0,0.0,876882.6330745982,optimal,0.08292600000277162,False,
7931,0.0,0,0.0,899915.2052206654,optimal,0.09037210000678897,False,
7932,0.0,0,0.0,948155.7606819865,optimal,0.09421500000462402,False,
7933,0.0,0,0.0,998937.4014391277,optimal,0.09567029999743681,False,
7934,0.0,0,0.0,1017720.1784720101,optimal,0.09685399998852517,False,
7935,0.0,0,0.0,1003474.4418500786,optimal,0.08825139999680687,False,
7936,0.0,0,0.0,1006377.191895092,optimal,0.09447809999983292,False,
7937,0.0,0,0.0,1005890.1216712336,optimal,0.10018359999230597,False,
7938,0.0,0,0.0,992507.6199652349,optimal,0.0971434999955818,False,
7939,0.0,0,0.0,987270.1817693451,optimal,0.18057979999866802,False,
7940,0.0,0,0.0,980765.3435734541,optimal,0.09224460000405088,False,
7941,0.0,0,0.0,983842.2571285887,optimal,0.09001369999896269,False,
7942,0.0,0,0.0,985311.1768001838,optimal,0.10150079999584705,False,
7943,0.0,0,0.0,963343.5900064374,optimal,0.09202530000766274,False,
7944,0.0,0,0.0,944723.1911515435,optimal,0.10034760000417009,False,
7945,0.0,0,0.0,944173.5639831561,optimal,0.09928120000404306,False,
7946,0.0,0,0.0,907868.7508356496,optimal,0.09284379999735393,False,
7947,0.0,0,0.0,885210.2702939034,optimal,0.07480679999571294,False,
7948,0.0,0,0.0,871067.7676662364,optimal,0.07348180000553839,False,
7949,0.0,0,0.0,871287.9774027454,optimal,0.08270810000249185,False,
7950,0.0,0,0.0,885147.027913127,optimal,0.07920529998955317,False,
7951,0.0,0,0.0,828316.1326947315,optimal,0.05651019999640994,False,
7952,0.0,0,0.0,786062.074402731,optimal,0.14111029999912716,False,
7953,0.0,0,0.0,733126.1846856705,optimal,0.06703949999064207,False,
7954,0.0,0,0.0,687244.7990793133,optimal,0.08917669999937061,False,
7955,0.0,0,0.0,641770.4402524289,optimal,0.06434640000225045,False,
7956,0.0,0,0.0,606585.400314477,optimal,0.08137319999514148,False,
7957,0.0,0,0.0,566413.5355484593,optimal,0.07721409999066964,False,
7958,0.0,0,0.0,541744.4032462958,optimal,0.09353480000572745,False,
7959,0.0,0,0.0,514852.0238621241,optimal,0.09080040000844747,False,
7960,0.0,0,0.0,518350.06072938896,optimal,0.08834260000730865,False,
7961,0.0,0,0.0,585304.4524293983,optimal,0.09057810000376776,False,
7962,0.0,0,0.0,640361.488643414,optimal,0.0956636999908369,False,
7963,0.0,0,0.0,692163.2345959308,optimal,0.09595499999704771,False,
7964,0.0,0,0.0,734367.3775063631,optimal,0.10923440000624396,False,
7965,0.0,0,0.0,797612.6397420065,optimal,0.1218899999948917,False,
7966,0.0,0,0.0,859144.8904724396,optimal,0.1461559000017587,False,
7967,0.0,0,0.0,927994.4146955917,optimal,0.14569600000686478,False,
7968,0.0,0,0.0,957399.2084350672,optimal,0.11827080001239665,False,
7969,0.0,0,0.0,976667.6427975249,optimal,0.10206430000835098,False,
7970,0.0,0,0.0,1070423.0076851444,optimal,0.10532059999241028,False,
7971,0.0,0,0.0,1166630.984634411,optimal,0.09354439999151509,False,
7972,0.0,0,0.0,1260628.9803749558,optimal,0.09211700000741985,False,
7973,0.0,0,0.0,1347036.1056152117,optimal,0.0909370999870589,False,
7974,0.0,0,0.0,1436119.9257823152,optimal,0.09319660000619479,False,
7975,0.0,0,0.0,1554386.2385517566,optimal,0.08957130000635516,False,
7976,0.0,0,0.0,1641942.0616036134,optimal,0.10158339999907184,False,
7977,0.0,0,0.0,1735935.891796325,optimal,0.10298500000499189,False,
7978,0.0,0,0.0,1826682.280681428,optimal,0.10669749999942724,False,
7979,0.0,0,0.0,1904232.4923046678,optimal,0.09731029999966267,False,
7980,0.0,0,0.0,1953591.8144779545,optimal,0.20221820000733715,False,
7981,0.0,0,0.0,1987312.245554402,optimal,0.08492199999454897,False,
7982,0.0,0,0.0,2011849.9786200766,optimal,0.08289379999041557,False,
7983,0.0,0,0.0,2075302.675718013,optimal,0.10771510000631679,False,
7984,0.0,0,0.0,2139005.148181117,optimal,0.11029409999900963,False,
7985,0.0,0,0.0,2205663.2610831745,optimal,0.09261999999580439,False,
7986,0.0,0,0.0,2327558.87548101,optimal,0.18186949999653734,False,
7987,0.0,0,0.0,2453246.1883892627,optimal,0.09894109999004286,False,
7988,0.0,0,0.0,2581210.46308387,optimal,0.18723129999125376,False,
7989,0.0,0,0.0,2626212.117837116,optimal,0.10080549999838695,False,
7990,0.0,0,0.0,2670351.5032610963,optimal,0.08986240001104306,False,
7991,0.0,0,0.0,2768310.2520694896,optimal,0.08639270000276156,False,
7992,0.0,0,0.0,2780753.5404496514,optimal,0.08242199999222066,False,
7993,0.0,0,0.0,2791903.4004987357,optimal,0.09374299999035429,False,
7994,0.0,0,0.0,2866732.6451517385,optimal,0.10175389998767059,False,
7995,0.0,0,0.0,2916636.0568071413,optimal,0.08627149999665562,False,
7996,0.0,0,0.0,2978759.916382171,optimal,0.09291350000421517,False,
7997,0.0,0,0.0,3008584.9835336283,optimal,0.08991099998820573,False,
7998,0.0,0,0.0,3104538.634256323,optimal,0.0708703999989666,False,
7999,0.0,0,0.0,3192999.139547351,optimal,0.07703529999707825,False,
8000,0.0,0,0.0,3206219.472914551,optimal,0.07937029999447986,False,
8001,0.0,0,0.0,3223516.9863903304,optimal,0.0703639999992447,False,
8002,0.0,0,0.0,3324728.547971506,optimal,0.07823240000288934,False,
8003,0.0,0,0.0,3374470.7776296195,optimal,0.07746610000322107,False,
8004,0.0,0,0.0,3465047.4838459874,optimal,0.0610988999978872,False,
8005,0.0,0,0.0,3471782.6791960523,optimal,0.07315430000016931,False,
8006,0.0,0,0.0,3552554.9256170425,optimal,0.05939949999446981,False,
8007,0.0,0,0.0,3655029.5433286126,optimal,0.0807585000002291,False,
8008,0.0,0,0.0,3685088.123234442,optimal,0.08903950000240002,False,
8009,0.0,0,0.0,3858798.8822045783,optimal,0.0687482000066666,False,
8010,0.0,0,0.0,3963109.8208723613,optimal,0.07786019999184646,False,
8011,0.0,0,0.0,3961100.693177337,optimal,0.06819890000042506,False,
8012,0.0,0,0.0,3887506.4942508256,optimal,0.14678660000208765,False,
8013,0.0,0,0.0,3978847.2624358167,optimal,0.06805640000675339,False,
8014,0.0,0,0.0,3889563.7433122536,optimal,0.20599880001100246,False,
8015,0.0,0,0.0,3991334.2349724146,optimal,0.08209979999810457,False,
8016,0.0,0,0.0,4010737.0185344764,optimal,0.08321329999307636,False,
8017,0.0,0,0.0,3909315.6521926885,optimal,0.12869800000044052,False,
8018,0.0,0,0.0,3809836.630892956,optimal,0.13272910000523552,False,
8019,0.0,0,0.0,3718862.5218789577,optimal,0.0954998999950476,False,
8020,0.0,0,0.0,3618582.5779826012,optimal,0.07555480000155512,False,
8021,0.0,0,0.0,3520455.1169590647,optimal,0.10069929999008309,False,
8022,0.0,0,0.0,3421156.455339124,optimal,0.10521470000094268,False,
8023,0.0,0,0.0,3403705.312312226,optimal,0.13068309999653138,False,
8024,0.0,0,0.0,3381791.773268229,optimal,0.1322245000046678,False,
8025,0.0,0,0.0,3367137.8364128205,optimal,0.13453660000232048,False,
8026,0.0,0,0.0,3351855.14232581,optimal,0.19745100000000093,False,
8027,0.0,0,0.0,3360979.7406409453,optimal,0.09454859999823384,False,
8028,0.0,0,0.0,3371754.0245614853,optimal,0.09649619999981951,False,
8029,0.0,0,0.0,3363442.6558651263,optimal,0.09352470000158064,False,
8030,0.0,0,0.0,3332394.9706740757,optimal,0.09098330000415444,False,
8031,0.0,0,0.0,3324630.940636894,optimal,0.09138440000242554,False,
8032,0.0,0,0.0,3301361.10386778,optimal,0.08764169999631122,False,
8033,0.0,0,0.0,3219185.4263818045,optimal,0.07637830000021495,False,
8034,0.0,0,0.0,3148451.661302458,optimal,0.10045139999419916,False,
8035,0.0,0,0.0,3075590.5086221923,optimal,0.09292970001115464,False,
8036,0.0,0,0.0,3103963.7850313256,optimal,0.214924300002167,False,
8037,0.0,0,0.0,3124119.9772446454,optimal,0.08897959999740124,False,
8038,0.0,0,0.0,3156297.1292528096,optimal,0.08943719998933375,False,
8039,0.0,0,0.0,3169857.7789676315,optimal,0.09134239998820703,False,
8040,0.0,0,0.0,3181255.237117484,optimal,0.10800880000169855,False,
8041,0.0,0,0.0,3085937.7044348074,optimal,0.1045453999977326,False,
8042,0.0,0,0.0,3060262.7625900414,optimal,0.0822970000008354,False,
8043,0.0,0,0.0,3003956.8088635528,optimal,0.08206950000021607,False,
8044,0.0,0,0.0,2989253.5461382135,optimal,0.0873748999874806,False,
8045,0.0,0,0.0,2979466.257272504,optimal,0.07858699999633245,False,
8046,0.0,0,0.0,2960758.957091487,optimal,0.0858404999889899,False,
8047,0.0,0,0.0,2960151.520689289,optimal,0.09434530000726227,False,
8048,0.0,0,0.0,2967756.4233131246,optimal,0.1578570999990916,False,
8049,0.0,0,0.0,2994280.7273449795,optimal,0.08415330000570975,False,
8050,0.0,0,0.0,3037041.9301045923,optimal,0.10762650000106078,False,
8051,0.0,0,0.0,3035330.793679598,optimal,0.10985510000318754,False,
8052,0.0,0,0.0,3094787.924242234,optimal,0.17359649999707472,False,
8053,0.0,0,0.0,3144755.1918014656,optimal,0.07984249999572057,False,
8054,0.0,0,0.0,3080722.201044652,optimal,0.07664030000159983,False,
8055,0.0,0,0.0,3028974.69373582,optimal,0.09075580000353511,False,
8056,0.0,0,0.0,3002275.2462954284,optimal,0.0893820999917807,False,
8057,0.0,0,0.0,2949509.827029482,optimal,0.0830673000018578,False,
8058,0.0,0,0.0,2988675.7157300194,optimal,0.08779520000098273,False,
8059,0.0,0,0.0,2997681.4565974046,optimal,0.08518660000117961,False,
8060,0.0,0,0.0,2992755.3628413994,optimal,0.166800000006333,False,
8061,0.0,0,0.0,3025686.138812951,optimal,0.09410329999809619,False,
8062,0.0,0,0.0,3043139.0234349146,optimal,0.08968499999900814,False,
8063,0.0,0,0.0,3048304.057698525,optimal,0.06125080000492744,False,
8064,0.0,0,0.0,3022323.6843460603,optimal,0.07340549999207724,False,
8065,0.0,0,0.0,3023401.7351297447,optimal,0.08942420000676066,False,
8066,0.0,0,0.0,3029299.764832987,optimal,0.06818820000626147,False,
8067,0.0,0,0.0,3010664.930858938,optimal,0.16458500000589993,False,
8068,0.0,0,0.0,2990523.2234864417,optimal,0.1685157000028994,False,
8069,0.0,0,0.0,2979325.9691478643,optimal,0.0982538999960525,False,
8070,0.0,0,0.0,2938334.8885849877,optimal,0.10967499999969732,False,
8071,0.0,0,0.0,2900202.757812611,optimal,0.1581678000075044,False,
8072,0.0,0,0.0,2867872.502963853,optimal,0.0806738000101177,False,
8073,0.0,0,0.0,2834923.859305947,optimal,0.08668149998993613,False,
8074,0.0,0,0.0,2798554.4540663324,optimal,0.16326000000117347,False,
8075,0.0,0,0.0,2814906.890913535,optimal,0.07461130000592675,False,
8076,0.0,0,0.0,2793619.1896386645,optimal,0.08014720000210218,False,
8077,0.0,0,0.0,2764837.2309050295,optimal,0.09114530000078958,False,
8078,0.0,0,0.0,2748035.258625503,optimal,0.0871430999977747,False,
8079,0.0,0,0.0,2790821.14725298,optimal,0.09095530000922736,False,
8080,0.0,0,0.0,2782930.9307090896,optimal,0.14962690000538714,False,
8081,0.0,0,0.0,2785676.24655282,optimal,0.08319910000136588,False,
8082,0.0,0,0.0,2782332.7476523044,optimal,0.0812488000083249,False,
8083,0.0,0,0.0,2771916.693232357,optimal,0.06901619999553077,False,
8084,0.0,0,0.0,2756451.9060522234,optimal,0.15358470000501256,False,
8085,0.0,0,0.0,2759125.4882992646,optimal,0.07867750000150409,False,
8086,0.0,0,0.0,2758649.9106083023,optimal,0.173320199988666,False,
8087,0.0,0,0.0,2766477.9128791424,optimal,0.0678914000018267,False,
8088,0.0,0,0.0,2776423.1941101127,optimal,0.07887669999036007,False,
8089,0.0,0,0.0,2793833.6856775517,optimal,0.08174589999543969,False,
8090,0.0,0,0.0,2770578.2325725444,optimal,0.09706919999734964,False,
8091,0.0,0,0.0,2753872.783794743,optimal,0.09236589999636635,False,
8092,0.0,0,0.0,2709323.556862351,optimal,0.08730009999999311,False,
8093,0.0,0,0.0,2659917.2857932686,optimal,0.07861169999523554,False,
8094,0.0,0,0.0,2622935.9889389426,optimal,0.10337650000292342,False,
8095,0.0,0,0.0,2585121.9859680072,optimal,0.09317290000035428,False,
8096,0.0,0,0.0,2532631.1443689885,optimal,0.07772990000376012,False,
8097,0.0,0,0.0,2534088.835042354,optimal,0.08236900001065806,False,
8098,0.0,0,0.0,2519646.7154677426,optimal,0.07841180000104941,False,
8099,0.0,0,0.0,2560115.4865862997,optimal,0.08441700000548735,False,
8100,0.0,0,0.0,2568068.188465261,optimal,0.14603750000242144,False,
8101,0.0,0,0.0,2582977.0974052474,optimal,0.08392439999443013,False,
8102,0.0,0,0.0,2661926.6441241,optimal,0.14235680000274442,False,
8103,0.0,0,0.0,2748424.7993550785,optimal,0.08111650000500958,False,
8104,0.0,0,0.0,2891959.994619323,optimal,0.07400919999054167,False,
8105,0.0,0,0.0,3027169.8127499763,optimal,0.07683170000382233,False,
8106,0.0,0,0.0,3097239.228349642,optimal,0.07964640000136569,False,
8107,0.0,0,0.0,3193730.2688274886,optimal,0.07701700000325218,False,
8108,0.0,0,0.0,3282473.145153496,optimal,0.15834940000786446,False,
8109,0.0,0,0.0,3373137.4850449627,optimal,0.09255919999850448,False,
8110,0.0,0,0.0,3487527.362565331,optimal,0.09168700000736862,False,
8111,0.0,0,0.0,3563447.837074901,optimal,0.08766630000900477,False,
8112,0.0,0,0.0,3620565.6566130854,optimal,0.07852319999074098,False,
8113,0.0,0,0.0,3599134.5777667044,optimal,0.08260970000992529,False,
8114,0.0,0,0.0,3561948.8786544115,optimal,0.13813589999335818,False,
8115,0.0,0,0.0,3567640.978442714,optimal,0.08257050000247546,False,
8116,0.0,0,0.0,3599088.3120016954,optimal,0.07886979999602772,False,
8117,0.0,0,0.0,3632622.548545475,optimal,0.08415739999327343,False,
8118,0.0,0,0.0,3682399.8676015367,optimal,0.08126059999631252,False,
8119,0.0,0,0.0,3731570.4629582674,optimal,0.13097450000350364,False,
8120,0.0,0,0.0,3823932.4800471375,optimal,0.07214050000766292,False,
8121,0.0,0,0.0,3932164.373927772,optimal,0.07355900001130067,False,
8122,0.0,0,0.0,4031427.8616842413,optimal,0.07759090000763535,False,
8123,0.0,0,0.0,4139250.519937976,optimal,0.07166649999271613,False,
8124,0.0,0,0.0,4213260.7881609015,optimal,0.07251730001007672,False,
8125,0.0,0,0.0,4271511.0237803785,optimal,0.06792660000792239,False,
8126,0.0,0,0.0,4320685.928353529,optimal,0.06607280000753235,False,
8127,0.0,0,0.0,4376789.9292865805,optimal,0.16230529999302235,False,
8128,0.0,0,0.0,4409512.387724007,optimal,0.06330940000771079,False,
8129,0.0,0,0.0,4423904.58624225,optimal,0.07243049998942297,False,
8130,0.0,0,0.0,4432766.105107616,optimal,0.06987550000485498,False,
8131,0.0,0,0.0,4445280.485408414,optimal,0.07633009999699425,False,
8132,0.0,0,0.0,4470689.8158955,optimal,0.07964739999442827,False,
8133,0.0,0,0.0,4508324.086538726,optimal,0.08021280000684783,False,
8134,0.0,0,0.0,4541818.234885121,optimal,0.08179080000263639,False,
8135,0.0,0,0.0,4556237.799620501,optimal,0.07295459999295417,False,
8136,0.0,0,0.0,4572470.704355882,optimal,0.0850819000042975,False,
8137,0.0,0,0.0,4590613.725098026,optimal,0.07471049999003299,False,
8138,0.0,0,0.0,4644089.380960014,optimal,0.06124890000501182,False,
8139,0.0,0,0.0,4696010.1612463035,optimal,0.0710700000054203,False,
8140,0.0,0,0.0,4773667.480197431,optimal,0.07216670000343584,False,
8141,0.0,0,0.0,4851094.218057962,optimal,0.0762199999880977,False,
8142,0.0,0,0.0,4908275.683642413,optimal,0.08922759999404661,False,
8143,0.0,0,0.0,4968972.315996245,optimal,0.08331499999621883,False,
8144,0.0,0,0.0,5032382.96343015,optimal,0.07829170000331942,False,
8145,0.0,0,0.0,5066729.88050063,optimal,0.08802920000744052,False,
8146,0.0,0,0.0,5070279.951466231,optimal,0.09599259999231435,False,
8147,0.0,0,0.0,5061675.517437084,optimal,0.08667019999120384,False,
8148,0.0,0,0.0,5069532.479765234,optimal,0.10916149998956826,False,
8149,0.0,0,0.0,4973404.195750646,optimal,0.11312330000509974,False,
8150,0.0,0,0.0,4895704.353722873,optimal,0.08224979999067727,False,
8151,0.0,0,0.0,4798567.382747199,optimal,0.0743374000012409,False,
8152,0.0,0,0.0,4712919.056961788,optimal,0.08356800000183284,False,
8153,0.0,0,0.0,4716579.281596331,optimal,0.07722669999930076,False,
8154,0.0,0,0.0,4744231.213915658,optimal,0.07561390000046231,False,
8155,0.0,0,0.0,4767052.925099035,optimal,0.2907237999897916,False,
8156,0.0,0,0.0,4777046.614352801,optimal,0.1636134000000311,False,
8157,0.0,0,0.0,4683771.705155781,optimal,0.0854890000045998,False,
8158,0.0,0,0.0,4587243.817003619,optimal,0.09822250000433996,False,
8159,0.0,0,0.0,4522336.0459425,optimal,0.08720999999786727,False,
8160,0.0,0,0.0,4561156.76057985,optimal,0.0744136000139406,False,
8161,0.0,0,0.0,4609082.961129542,optimal,0.8977676999929827,False,
8162,0.0,0,0.0,4544345.202741023,optimal,0.7520464999979595,False,
8163,0.0,0,0.0,4499212.4294593185,optimal,0.11335539999708999,False,
8164,0.0,0,0.0,4441109.688274708,optimal,0.8748190000042086,False,
8165,0.0,0,0.0,4385003.507118727,optimal,0.8296143999905325,False,
8166,0.0,0,0.0,4308610.582473157,optimal,0.7890879999904428,False,
8167,0.0,0,0.0,4209427.9405762935,optimal,0.6460296000004746,False,
8168,0.0,0,0.0,4111270.8071190906,optimal,0.5676151999941794,False,
8169,0.0,0,0.0,4009278.389397062,optimal,0.5300034999963827,False,
8170,0.0,0,0.0,3917246.21272373,optimal,0.3640046000073198,False,
8171,0.0,0,0.0,3806444.39943049,optimal,0.33710610000707675,False,
8172,0.0,0,0.0,3692036.3538879394,optimal,0.29342640000686515,False,
8173,0.0,0,0.0,3574505.8298329897,optimal,0.3245108999981312,False,
8174,0.0,0,0.0,3522339.745218554,optimal,0.17901839999831282,False,
8175,0.0,0,0.0,3496280.4602957102,optimal,0.08919080000487156,False,
8176,0.0,0,0.0,3502290.059101834,optimal,0.1201054999983171,False,
8177,0.0,0,0.0,3514423.3823588663,optimal,0.11607640000875108,False,
8178,0.0,0,0.0,3530248.149630963,optimal,0.21248090000881348,False,
8179,0.0,0,0.0,3525698.7283093487,optimal,0.10502639999322128,False,
8180,0.0,0,0.0,3523993.933727325,optimal,0.0917535000044154,False,
8181,0.0,0,0.0,3540655.4870557166,optimal,0.08937989998958074,False,
8182,0.0,0,0.0,3564947.6076237727,optimal,0.08606010000221431,False,
8183,0.0,0,0.0,3612118.763359704,optimal,0.09303899999940768,False,
8184,0.0,0,0.0,3665607.314814349,optimal,0.09643970000615809,False,
8185,0.0,0,0.0,3703444.786917034,optimal,0.18693440000060946,False,
8186,0.0,0,0.0,3743820.6401388436,optimal,0.2012795000046026,False,
8187,0.0,0,0.0,3722215.67582808,optimal,0.10165350000897888,False,
8188,0.0,0,0.0,3662404.092538092,optimal,0.16189329999906477,False,
8189,0.0,0,0.0,3650285.5786927263,optimal,0.11415720000513829,False,
8190,0.0,0,0.0,3616533.167260749,optimal,0.07767870000679977,False,
8191,0.0,0,0.0,3549254.975350384,optimal,0.08633179999014828,False,
8192,0.0,0,0.0,3532162.239307311,optimal,0.11074910000024829,False,
8193,0.0,0,0.0,3527362.872528933,optimal,0.08451340001192875,False,
8194,0.0,0,0.0,3541694.318294136,optimal,0.0875036000070395,False,
8195,0.0,0,0.0,3554022.897168735,optimal,0.18247040000278503,False,
8196,0.0,0,0.0,3565661.84985971,optimal,0.08460229999036528,False,
8197,0.0,0,0.0,3567003.209413667,optimal,0.16732670000055805,False,
8198,0.0,0,0.0,3589386.758176251,optimal,0.08160279999719933,False,
8199,0.0,0,0.0,3597172.1943190093,optimal,0.08150270000624005,False,
8200,0.0,0,0.0,3679856.7548496504,optimal,0.07646250000107102,False,
8201,0.0,0,0.0,3694826.585979323,optimal,0.17784060000849422,False,
8202,0.0,0,0.0,3705413.5778389894,optimal,0.08533529999840539,False,
8203,0.0,0,0.0,3684682.591917083,optimal,0.07510590000310913,False,
8204,0.0,0,0.0,3639570.516241017,optimal,0.08188660000450909,False,
8205,0.0,0,0.0,3595068.7177183577,optimal,0.09015800000634044,False,
8206,0.0,0,0.0,3591422.6313674473,optimal,0.17163419999997132,False,
8207,0.0,0,0.0,3566877.3816745384,optimal,0.08423719998972956,False,
8208,0.0,0,0.0,3538353.504603204,optimal,0.0858040000020992,False,
8209,0.0,0,0.0,3507849.2472671536,optimal,0.18169929999567103,False,
8210,0.0,0,0.0,3438933.610975412,optimal,0.1844922000018414,False,
8211,0.0,0,0.0,3378666.9876681347,optimal,0.08733389999542851,False,
8212,0.0,0,0.0,3303496.0169057604,optimal,0.08266689999436494,False,
8213,0.0,0,0.0,3227780.55914937,optimal,0.08683789998758584,False,
8214,0.0,0,0.0,3157462.663000127,optimal,0.09487539999827277,False,
8215,0.0,0,0.0,3120789.1316714548,optimal,0.0932028000097489,False,
8216,0.0,0,0.0,3080533.926695482,optimal,0.08625799999572337,False,
8217,0.0,0,0.0,3024201.5138280424,optimal,0.07765520000248216,False,
8218,0.0,0,0.0,3003388.5419975515,optimal,0.0791997999913292,False,
8219,0.0,0,0.0,2961184.5289812805,optimal,0.10193129999970552,False,
8220,0.0,0,0.0,2903791.7287456053,optimal,0.07760610000696033,False,
8221,0.0,0,0.0,2857220.142861502,optimal,0.09490900000673719,False,
8222,0.0,0,0.0,2910600.717969797,optimal,0.07905159999791067,False,
8223,0.0,0,0.0,2962017.4768718984,optimal,0.08256870000332128,False,
8224,0.0,0,0.0,3003516.789912475,optimal,0.08057999999437016,False,
8225,0.0,0,0.0,2943034.3554485976,optimal,0.08961120000458322,False,
8226,0.0,0,0.0,2975520.0458800555,optimal,0.08340819999284577,False,
8227,0.0,0,0.0,3012556.7850791914,optimal,0.07961770000110846,False,
8228,0.0,0,0.0,3053213.6387735647,optimal,0.09308710000186693,False,
8229,0.0,0,0.0,3093480.689136019,optimal,0.07395970000652596,False,
8230,0.0,0,0.0,3129628.8619303396,optimal,0.08448439999483526,False,
8231,0.0,0,0.0,3145932.4927229513,optimal,0.08179810000001453,False,
8232,0.0,0,0.0,3142996.389779787,optimal,0.07048789999680594,False,
8233,0.0,0,0.0,3036727.2249275004,optimal,0.17121459999179933,False,
8234,0.0,0,0.0,3017945.8060695915,optimal,0.08485060000384692,False,
8235,0.0,0,0.0,2981889.9295178233,optimal,0.1645656000036979,False,
8236,0.0,0,0.0,2875872.9183913264,optimal,0.08320680000178982,False,
8237,0.0,0,0.0,2775396.3679256383,optimal,0.08348909999767784,False,
8238,0.0,0,0.0,2688236.143619133,optimal,0.09090029999788385,False,
8239,0.0,0,0.0,2614204.960016678,optimal,0.07835569999588188,False,
8240,0.0,0,0.0,2550210.437918688,optimal,0.07916339999064803,False,
8241,0.0,0,0.0,2506604.414891452,optimal,0.07148519999464042,False,
8242,0.0,0,0.0,2481654.710217134,optimal,0.0750016000092728,False,
8243,0.0,0,0.0,2467709.8193270657,optimal,0.08398599999782164,False,
8244,0.0,0,0.0,2447751.667716678,optimal,0.16531860000395682,False,
8245,0.0,0,0.0,2443783.446879654,optimal,0.06205180000688415,False,
8246,0.0,0,0.0,2437453.5124090943,optimal,0.09326799999689683,False,
8247,0.0,0,0.0,2427619.5326439585,optimal,0.1854903000057675,False,
8248,0.0,0,0.0,2435878.4109757585,optimal,0.0806453999975929,False,
8249,0.0,0,0.0,2524247.1843265756,optimal,0.09627949999412522,False,
8250,0.0,0,0.0,2620793.5437052916,optimal,0.07866009999997914,False,
8251,0.0,0,0.0,2781919.5918414583,optimal,0.09239109999907669,False,
8252,0.0,0,0.0,2942677.61352602,optimal,0.15510139999969397,False,
8253,0.0,0,0.0,3097346.022147816,optimal,0.07797929999651387,False,
8254,0.0,0,0.0,3193592.0293534086,optimal,0.08988669999234844,False,
8255,0.0,0,0.0,3284162.325779949,optimal,0.08211149999988265,False,
8256,0.0,0,0.0,3311076.0735982335,optimal,0.08127509999030735,False,
8257,0.0,0,0.0,3315655.6809996613,optimal,0.07482110000273678,False,
8258,0.0,0,0.0,3328594.5789844585,optimal,0.16761299999780022,False,
8259,0.0,0,0.0,3404157.687646645,optimal,0.06392019998747855,False,
8260,0.0,0,0.0,3443123.3621356436,optimal,0.08705009998811875,False,
8261,0.0,0,0.0,3512266.3566859034,optimal,0.07827530000940897,False,
8262,0.0,0,0.0,3578652.3204425685,optimal,0.12468639999860898,False,
8263,0.0,0,0.0,3645635.2955190362,optimal,0.11161399999400601,False,
8264,0.0,0,0.0,3753500.3083221214,optimal,0.10328470000240486,False,
8265,0.0,0,0.0,3904287.4464431964,optimal,0.08381480000389274,False,
8266,0.0,0,0.0,4060736.1044219285,optimal,0.062385099998209625,False,
8267,0.0,0,0.0,4219709.138899602,optimal,0.07972789999621455,False,
8268,0.0,0,0.0,4296336.215167974,optimal,0.07306850000168197,False,
8269,0.0,0,0.0,4373906.557406763,optimal,0.07881830001133494,False,
8270,0.0,0,0.0,4449324.0530659715,optimal,0.07370199999422766,False,
8271,0.0,0,0.0,4517739.827111518,optimal,0.07154039999295492,False,
8272,0.0,0,0.0,4582148.067424214,optimal,0.07666069999686442,False,
8273,0.0,0,0.0,4667829.449628273,optimal,0.07745870000508148,False,
8274,0.0,0,0.0,4779740.912173201,optimal,0.07522969999990892,False,
8275,0.0,0,0.0,4858376.158549566,optimal,0.06436020000546705,False,
8276,0.0,0,0.0,4976022.449547239,optimal,0.07065410001087002,False,
8277,0.0,0,0.0,5055056.521826752,optimal,0.07064579999132548,False,
8278,0.0,0,0.0,5133329.267989276,optimal,0.07978100000764243,False,
8279,0.0,0,0.0,5261963.0716357585,optimal,0.07271459999901708,False,
8280,0.0,0,0.0,5336410.862266245,optimal,0.06972559999849182,False,
8281,0.0,0,0.0,5409879.254718985,optimal,0.15060299998731352,False,
8282,0.0,0,0.0,5490996.679664495,optimal,0.0770085999974981,False,
8283,0.0,0,0.0,5579517.30098762,optimal,0.07904179999604821,False,
8284,0.0,0,0.0,5664030.434835516,optimal,0.09468719999131281,False,
8285,0.0,0,0.0,5748924.455215446,optimal,0.07684829999925569,False,
8286,0.0,0,0.0,5833756.9454783825,optimal,0.07500290000461973,False,
8287,0.0,0,0.0,5961912.059216408,optimal,0.07940260000759736,False,
8288,0.0,0,0.0,6056122.737405132,optimal,0.10306019999552518,False,
8289,0.0,0,0.0,6187816.41394862,optimal,0.0906297000037739,False,
8290,0.0,0,0.0,6305646.2386115845,optimal,0.07334810000611469,False,
8291,0.0,0,0.0,6388974.738591374,optimal,0.09313239999755751,False,
8292,0.0,0,0.0,6411483.649921663,optimal,0.07277090000570752,False,
8293,0.0,0,0.0,6421040.024202134,optimal,0.088293299995712,False,
8294,0.0,0,0.0,6435345.682089084,optimal,0.07990910000808071,False,
8295,0.0,0,0.0,6464010.670532573,optimal,0.07453019999957178,False,
8296,0.0,0,0.0,6545188.796175862,optimal,0.08035309999831952,False,
8297,0.0,0,0.0,6598349.6696873,optimal,0.7164313999965088,False,
8298,0.0,0,0.0,6574904.222391212,optimal,0.07768240000586957,False,
8299,0.0,0,0.0,6550018.538567661,optimal,0.6489910999953281,False,
8300,0.0,0,0.0,6515012.486214722,optimal,0.6305260000081034,False,
8301,0.0,0,0.0,6541689.935264936,optimal,0.597039100000984,False,
8302,0.0,0,0.0,6558160.613575023,optimal,0.5479875000019092,False,
8303,0.0,0,0.0,6554606.426591726,optimal,0.4127870000083931,False,
8304,0.0,0,0.0,6523861.327659674,optimal,0.3647854000009829,False,
8305,0.0,0,0.0,6481483.075009947,optimal,0.28771629999391735,False,
8306,0.0,0,0.0,6412298.787889933,optimal,0.24408289999701083,False,
8307,0.0,0,0.0,6343032.391222608,optimal,0.2602900000056252,False,
8308,0.0,0,0.0,6231811.54633605,optimal,0.1389532000030158,False,
8309,0.0,0,0.0,6121186.437204031,optimal,0.10099150000314694,False,
8310,0.0,0,0.0,6016725.983599997,optimal,0.08207720000064,False,
8311,0.0,0,0.0,5900762.655342641,optimal,0.08253430000331718,False,
8312,0.0,0,0.0,5766098.457871934,optimal,0.06736839999211952,False,
8313,0.0,0,0.0,5644532.100964117,optimal,0.07699940000020433,False,
8314,0.0,0,0.0,5537373.167308985,optimal,0.12815899999986868,False,
8315,0.0,0,0.0,5431811.647151898,optimal,0.09237699999357574,False,
8316,0.0,0,0.0,5336767.32524514,optimal,0.06370489999244455,False,
8317,0.0,0,0.0,5237706.390853862,optimal,0.06835730001330376,False,
8318,0.0,0,0.0,5140799.403690965,optimal,0.1532695999921998,False,
8319,0.0,0,0.0,5044701.925190411,optimal,0.054339100010111,False,
8320,0.0,0,0.0,4953478.523924751,optimal,0.074151199994958,False,
8321,0.0,0,0.0,4863425.8467622865,optimal,0.18090289999963716,False,
8322,0.0,0,0.0,4770591.451327359,optimal,0.09191239999199752,False,
8323,0.0,0,0.0,4673988.38950799,optimal,0.08214850000513252,False,
8324,0.0,0,0.0,4565906.148679317,optimal,0.08207540000148583,False,
8325,0.0,0,0.0,4463572.552978774,optimal,0.08145949999743607,False,
8326,0.0,0,0.0,4353481.396753623,optimal,0.0605916999920737,False,
8327,0.0,0,0.0,4243165.115280064,optimal,0.06702479999512434,False,
8328,0.0,0,0.0,4134256.220096281,optimal,0.0612464000005275,False,
8329,0.0,0,0.0,4037641.8811931447,optimal,0.05891859999974258,False,
8330,0.0,0,0.0,3938798.863858504,optimal,0.14811049999843817,False,
8331,0.0,0,0.0,3814653.0886813356,optimal,0.0557144999911543,False,
8332,0.0,0,0.0,3712237.3885269105,optimal,0.14315329999953974,False,
8333,0.0,0,0.0,3611348.9891637713,optimal,0.08466710000357125,False,
8334,0.0,0,0.0,3492257.7486200603,optimal,0.08274779999919701,False,
8335,0.0,0,0.0,3381022.915944281,optimal,0.06918330000189599,False,
8336,0.0,0,0.0,3254438.5522946375,optimal,0.06558349999249913,False,
8337,0.0,0,0.0,3219601.7360760667,optimal,0.0576541000045836,False,
8338,0.0,0,0.0,3198483.181203135,optimal,0.08678360001067631,False,
8339,0.0,0,0.0,3172709.2339220177,optimal,0.14040509999904316,False,
8340,0.0,0,0.0,3246333.378376536,optimal,0.07777099999657366,False,
8341,0.0,0,0.0,3232610.92712112,optimal,0.07164700000430457,False,
8342,0.0,0,0.0,3198846.570557351,optimal,0.0598007999942638,False,
8343,0.0,0,0.0,3164790.096259724,optimal,0.14399720000801608,False,
8344,0.0,0,0.0,3130272.618408296,optimal,0.1326717999909306,False,
8345,0.0,0,0.0,3104734.198296981,optimal,0.06556040000577923,False,
8346,0.0,0,0.0,3141736.2521846546,optimal,0.08381300000473857,False,
8347,0.0,0,0.0,3231645.748287245,optimal,0.08157989999745041,False,
8348,0.0,0,0.0,3321544.08005873,optimal,0.0740016000054311,False,
8349,0.0,0,0.0,3404322.4132118244,optimal,0.06298380000225734,False,
8350,0.0,0,0.0,3398093.4146665423,optimal,0.07370470000023488,False,
8351,0.0,0,0.0,3408955.3407888287,optimal,0.07631790000596084,False,
8352,0.0,0,0.0,3447494.3466746905,optimal,0.16600539999490138,False,
8353,0.0,0,0.0,3491929.892511292,optimal,0.06815259999711998,False,
8354,0.0,0,0.0,3542439.283653632,optimal,0.08178019999468233,False,
8355,0.0,0,0.0,3590145.0320048355,optimal,0.1669047000032151,False,
8356,0.0,0,0.0,3587958.244556629,optimal,0.16008570000121836,False,
8357,0.0,0,0.0,3603633.0997818415,optimal,0.08768860000418499,False,
8358,0.0,0,0.0,3668568.4797537783,optimal,0.0815976000012597,False,
8359,0.0,0,0.0,3677453.016769509,optimal,0.07484889999614097,False,
8360,0.0,0,0.0,3778420.8605599734,optimal,0.08698379999259487,False,
8361,0.0,0,0.0,3857689.456173767,optimal,0.07122280000476167,False,
8362,0.0,0,0.0,3948859.0688182125,optimal,0.07315989999915473,False,
8363,0.0,0,0.0,4037700.022938264,optimal,0.06542600000102539,False,
8364,0.0,0,0.0,4119761.898770472,optimal,0.08295300000463612,False,
8365,0.0,0,0.0,4181100.9781975807,optimal,0.09600670001236722,False,
8366,0.0,0,0.0,4168514.302868154,optimal,0.3288887000089744,False,
8367,0.0,0,0.0,4156459.538717331,optimal,0.3686420000012731,False,
8368,0.0,0,0.0,4178252.1457777317,optimal,0.25556910000159405,False,
8369,0.0,0,0.0,4232242.006158689,optimal,0.22494490000826772,False,
8370,0.0,0,0.0,4304260.806047857,optimal,0.1985768000013195,False,
8371,0.0,0,0.0,4385131.860049029,optimal,0.15829680000024382,False,
8372,0.0,0,0.0,4472655.105409264,optimal,0.10805339999205898,False,
8373,0.0,0,0.0,4561135.481405056,optimal,0.18429010000545532,False,
8374,0.0,0,0.0,4649479.156354724,optimal,0.0999939000030281,False,
8375,0.0,0,0.0,4714992.377755899,optimal,0.09910550000495277,False,
8376,0.0,0,0.0,4770233.188969719,optimal,0.0871599999954924,False,
8377,0.0,0,0.0,4811506.34684491,optimal,0.09199280000757426,False,
8378,0.0,0,0.0,4846565.311691767,optimal,0.08028680000279564,False,
8379,0.0,0,0.0,4882417.717734066,optimal,0.14531439999700524,False,
8380,0.0,0,0.0,4912235.626138428,optimal,0.08635420000064187,False,
8381,0.0,0,0.0,4949146.84697585,optimal,0.19631900000968017,False,
8382,0.0,0,0.0,4998035.090242599,optimal,0.08149989999947138,False,
8383,0.0,0,0.0,5055295.0459531825,optimal,0.12536399999225978,False,
8384,0.0,0,0.0,5127223.535371979,optimal,0.1118819999974221,False,
8385,0.0,0,0.0,5206594.073299689,optimal,0.13400340000225697,False,
8386,0.0,0,0.0,5287339.212868734,optimal,0.12233840000408236,False,
8387,0.0,0,0.0,5360084.530843256,optimal,0.11987339999177493,False,
8388,0.0,0,0.0,5411741.710624827,optimal,0.20983049999631476,False,
8389,0.0,0,0.0,5473647.097776822,optimal,0.1022382000082871,False,
8390,0.0,0,0.0,5546124.72002581,optimal,0.12918059999356046,False,
8391,0.0,0,0.0,5611520.920623259,optimal,0.22258069999224972,False,
8392,0.0,0,0.0,5634258.214609768,optimal,0.10632730000361335,False,
8393,0.0,0,0.0,5720717.557660128,optimal,0.18426049999834504,False,
8394,0.0,0,0.0,5837151.605285224,optimal,0.17758319999848027,False,
8395,0.0,0,0.0,5939358.706917325,optimal,0.09877630000119098,False,
8396,0.0,0,0.0,6036216.893092235,optimal,0.1152598000044236,False,
8397,0.0,0,0.0,6103216.465123751,optimal,0.10205210000276566,False,
8398,0.0,0,0.0,6077126.706537208,optimal,0.10220740000659134,False,
8399,0.0,0,0.0,5970620.808426482,optimal,0.09936609999567736,False,
8400,0.0,0,0.0,5822636.02666191,optimal,0.08899119999841787,False,
8401,0.0,0,0.0,5673843.216327763,optimal,0.0837831999961054,False,
8402,0.0,0,0.0,5542816.469403486,optimal,0.07412520000070799,False,
8403,0.0,0,0.0,5534582.140019069,optimal,0.08609219999925699,False,
8404,0.0,0,0.0,5520106.202875869,optimal,0.07908949999546167,False,
8405,0.0,0,0.0,5505358.565305619,optimal,0.0820261000044411,False,
8406,0.0,0,0.0,5484991.010721074,optimal,0.07938219999778084,False,
8407,0.0,0,0.0,5443519.98715026,optimal,0.07528770000499208,False,
8408,0.0,0,0.0,5455425.383039829,optimal,0.08192790001339745,False,
8409,0.0,0,0.0,5471035.909312863,optimal,0.15692420001141727,False,
8410,0.0,0,0.0,5478063.493512241,optimal,0.07269359999918379,False,
8411,0.0,0,0.0,5474159.167927604,optimal,0.08387039999070112,False,
8412,0.0,0,0.0,5475904.761903374,optimal,0.08153170000878163,False,
8413,0.0,0,0.0,5492190.999544231,optimal,0.09356989999650978,False,
8414,0.0,0,0.0,5501977.065428164,optimal,0.06813439998950344,False,
8415,0.0,0,0.0,5514276.924496026,optimal,0.0763139000046067,False,
8416,0.0,0,0.0,5564667.18201617,optimal,0.0853857999900356,False,
8417,0.0,0,0.0,5646123.478711424,optimal,0.08249820000492036,False,
8418,0.0,0,0.0,5660627.056110479,optimal,0.06466980000550393,False,
8419,0.0,0,0.0,5702958.503012667,optimal,0.07586549999541603,False,
8420,0.0,0,0.0,5720510.133891925,optimal,0.08087439999508206,False,
8421,0.0,0,0.0,5729232.722719217,optimal,0.07048379999469034,False,
8422,0.0,0,0.0,5736894.853738149,optimal,0.07630270000663586,False,
8423,0.0,0,0.0,5683982.507168981,optimal,0.08408859999326523,False,
8424,0.0,0,0.0,5656242.770712158,optimal,0.15448870000545867,False,
8425,0.0,0,0.0,5666607.500787381,optimal,0.06136190000688657,False,
8426,0.0,0,0.0,5656594.098232079,optimal,0.06630279999808408,False,
8427,0.0,0,0.0,5616463.242283762,optimal,0.08046670000476297,False,
8428,0.0,0,0.0,5611372.290483875,optimal,0.07308760000159964,False,
8429,0.0,0,0.0,5560344.712781685,optimal,0.1632443999988027,False,
8430,0.0,0,0.0,5505087.508390499,optimal,0.16785310000705067,False,
8431,0.0,0,0.0,5453405.8437573295,optimal,0.08002900000428781,False,
8432,0.0,0,0.0,5446528.628345416,optimal,0.08492930000647902,False,
8433,0.0,0,0.0,5401783.16630488,optimal,0.09014230000320822,False,
8434,0.0,0,0.0,5411598.869442162,optimal,0.08505429999786429,False,
8435,0.0,0,0.0,5525517.021592216,optimal,0.08673009999620263,False,
8436,0.0,0,0.0,5564130.697939551,optimal,0.0870230000000447,False,
8437,0.0,0,0.0,5594789.067186428,optimal,0.07751550000102725,False,
8438,0.0,0,0.0,5622068.270329062,optimal,0.08065809999243356,False,
8439,0.0,0,0.0,5593961.961610007,optimal,0.06685270000889432,False,
8440,0.0,0,0.0,5576486.659597968,optimal,0.07235519999812823,False,
8441,0.0,0,0.0,5592095.900471209,optimal,0.07637359999353066,False,
8442,0.0,0,0.0,5603328.834741926,optimal,0.05679550000058953,False,
8443,40.88073916897724,1,40.88073916897724,6035209.429346935,optimal,0.06206549999478739,False,
8444,92.05967784904436,1,92.05967784904436,6547841.636147606,optimal,0.16332429999602027,False,
8445,131.6239959278319,2,91.8,6946966.282651523,optimal,0.08133429998997599,False,
8446,158.43159119813777,2,91.2,7251978.27034657,optimal,0.07840810000197962,False,
8447,160.03159119813824,2,121.1,7331310.540792129,optimal,0.15943440000410192,False,
8448,162.83159119813803,2,121.3,7435156.829543015,optimal,0.08421310000994708,False,
8449,165.63159119813756,2,119.5,7499737.50331873,optimal,0.07990199999767356,False,
8450,168.53159119813762,2,122.9,7501569.755473072,optimal,0.08503760000166949,False,
8451,170.93159119813737,2,125.5,7483915.180272132,optimal,0.08227339999575634,False,
8452,196.9388174859419,2,116.7,7702728.694636535,optimal,0.08436120000260416,False,
8453,199.13881748594258,2,120.3,7684009.568050143,optimal,0.06293220000225119,False,
8454,223.95617917815022,3,118.4,7894864.113898741,optimal,0.08759779999672901,False,
8455,226.1561791781504,3,111.1,7867476.561594891,optimal,0.15651319999597035,False,
8456,228.1561791781506,3,105.7,7839371.7869159095,optimal,0.06825349999417085,False,
8457,280.58763492246874,3,122.9,8307212.5204470605,optimal,0.08798620000015944,False,
8458,284.48763492246877,3,97.88763492246876,8306885.946748944,optimal,0.08456469999509864,False,
8459,288.8876349224689,4,98.0,8313935.30378386,optimal,0.15382589999353513,False,
8460,292.78763492246924,3,122.0,8298164.293057165,optimal,0.08234259999881033,False,
8461,302.4719839872967,4,105.7,8338560.2522820495,optimal,0.17092140000022482,False,
8462,306.17198398729704,3,116.57198398729706,8319482.012412089,optimal,0.07522850000532344,False,
8463,309.27198398729723,4,108.2,8297306.525621091,optimal,0.0668020000011893,False,
8464,311.5719839872967,4,103.8,8263534.991138695,optimal,0.08387599998968653,False,
8465,312.67198398729715,4,98.0,8236600.998340695,optimal,0.14460990000225138,False,
8466,315.1719839872965,4,108.2,8251731.780725888,optimal,0.0868938000057824,False,
8467,318.5719839872967,4,111.1,8294067.494566267,optimal,0.08632369998667855,False,
8468,322.071983987295,4,103.8,8336957.901311312,optimal,0.08143740000377875,False,
8469,366.4911210094879,4,122.9,8740404.081373448,optimal,0.17546969999966677,False,
8470,401.65085771243434,5,118.4,9057380.51819966,optimal,0.09260200000426266,False,
8471,432.27392435076166,5,118.4,9404129.13326898,optimal,0.09447999999974854,False,
8472,439.77392435076115,5,119.5,9471532.965301145,optimal,0.17584599999827333,False,
8473,448.37392435076146,5,118.4,9531991.324865047,optimal,0.09601559999282472,False,
8474,456.473924350761,5,111.1,9620353.144293563,optimal,0.08676249999552965,False,
8475,464.1739243507611,5,108.2,9749156.024398675,optimal,0.0903631000110181,False,
8476,471.4739243507614,5,116.2,9796142.627371753,optimal,0.09041249999427237,False,
8477,496.25323866243735,5,115.7,10086190.905984735,optimal,0.0799364999984391,False,
8478,502.95323866243587,5,119.5,10191652.976347152,optimal,0.18194380000932142,False,
8479,516.1883412456853,6,115.7,10350254.851951402,optimal,0.0822766000055708,False,
8480,519.5883412456861,5,116.2,10328805.60879611,optimal,0.08118570000806358,False,
8481,522.7883412456864,5,116.2,10396052.142437885,optimal,0.18126730000949465,False,
8482,526.3883412456864,6,116.2,10407935.512643201,optimal,0.08656690000498202,False,
8483,531.9883412456869,6,116.2,10451559.42457022,optimal,0.14510010000958573,False,
8484,538.8883412456863,6,108.2,10511782.106083114,optimal,0.08267830000841059,False,
8485,547.1883412456857,6,108.2,10571834.660068212,optimal,0.07833730000129435,False,
8486,555.6883412456859,6,108.8,10617349.142469378,optimal,0.08418910000182223,False,
8487,564.0883412456856,6,109.1,10732243.859393883,optimal,0.0841562999994494,False,
8488,572.0883412456853,6,108.8,10863658.400323661,optimal,0.0740862999955425,False,
8489,609.0527724093821,7,109.1,11222350.15813714,optimal,0.07337969999935012,False,
8490,677.9599986971871,7,111.1,11899075.291984383,optimal,0.07971510000061244,False,
8491,682.2599986971868,7,103.8,11946059.342947751,optimal,0.08306649999576621,False,
8492,685.5599986971877,7,106.95999869718771,11970102.75404167,optimal,0.07515429999330081,False,
8493,687.2599986971877,8,102.8,11971803.843762225,optimal,0.07288730000436772,False,
8494,667.5509458743421,7,102.7,11706125.15200486,optimal,0.06958329999179114,False,
8495,623.1898920757191,7,98.5,11179218.991166128,optimal,0.08135750000656117,False,
8496,582.3335256276789,6,103.8,10767674.586457064,optimal,0.07803779999085236,False,
8497,584.9335256276795,7,99.7,10841343.176968932,optimal,0.08123589999740943,False,
8498,587.5335256276801,6,102.7,10928814.902384939,optimal,0.0758034000027692,False,
8499,589.1335256276795,6,102.8,10989007.436299475,optimal,0.0789919000089867,False,
8500,589.6335256276792,6,102.8,11052367.714324838,optimal,0.0804123999987496,False,
8501,588.8335256276794,7,100.6,11104026.09974084,optimal,0.0912357999914093,False,
8502,585.9335256276797,7,99.7,11131576.93760171,optimal,0.08688550000078976,False,
8503,593.5771649099211,7,108.2,11246555.282905418,optimal,0.08929190000344533,False,
8504,594.8149192969138,7,106.4,11293701.196444765,optimal,0.08482709999952931,False,
8505,579.5149192969133,7,100.6,11170751.822955154,optimal,0.07864040001004469,False,
8506,562.7149192969136,6,98.5,11044519.028736688,optimal,0.08608639999874867,False,
8507,554.6868619202469,6,98.5,10999106.225150773,optimal,0.1622069000004558,False,
8508,555.7220064266863,6,99.7,11020463.4600816,optimal,0.08553870000469033,False,
8509,547.7220064266864,6,99.7,10952239.558807407,optimal,0.07901460000721272,False,
8510,541.9220064266867,6,98.5,10899115.002525955,optimal,0.08627030000207014,False,
8511,589.7268527144927,7,99.7,11384248.545054607,optimal,0.0849344000016572,False,
8512,585.4268527144922,6,103.42685271449216,11361636.202627545,optimal,0.09326610001153313,False,
8513,581.526852714492,6,106.5,11325840.107308658,optimal,0.08498169999802485,False,
8514,577.0268527144917,6,100.9,11276108.136580637,optimal,0.0771870000025956,False,
8515,570.7268527144907,6,102.7,11209310.217705175,optimal,0.08160389999102335,False,
8516,563.3268527144926,6,98.5,11142129.18024209,optimal,0.07630240000435151,False,
8517,555.8268527144928,6,100.6,11079321.23764064,optimal,0.07840630000282545,False,
8518,504.3528169992921,6,102.7,10578422.71372297,optimal,0.15682780000497587,False,
8519,497.4528169992925,6,100.9,10534274.471967096,optimal,0.18267130000458565,False,
8520,490.55281699929236,5,100.9,10493854.108195145,optimal,0.07586339999397751,False,
8521,483.7528169992909,5,102.8,10446163.806359293,optimal,0.19096420001005754,False,
8522,424.2787812840913,5,100.6,9848543.497015085,optimal,0.09494490000361111,False,
8523,416.57878128409175,5,100.6,9750479.736778496,optimal,0.09789479999744799,False,
8524,353.7047455688907,4,96.6,9094634.039427426,optimal,0.18530399999872316,False,
8525,290.65070985369215,4,96.6,8444929.324013112,optimal,0.08879230001184624,False,
8526,228.3766741384913,3,93.7,7833294.660026546,optimal,0.08665630000177771,False,
8527,215.67667413849222,3,96.4,7756713.911232389,optimal,0.0860194999986561,False,
8528,153.74263842329202,2,90.0,7170680.173849806,optimal,0.08681589999468997,False,
8529,142.96681395782423,2,93.7,7051368.959582174,optimal,0.07271930000570137,False,
8530,127.266813957824,2,92.0,6864270.6983189145,optimal,0.07696220000798348,False,
8531,176.07404024562993,2,91.8,7348977.911830859,optimal,0.0733089999994263,False,
8532,164.2740402456304,2,93.6,7237157.650001123,optimal,0.18302219999895897,False,
8533,153.77404024562907,2,93.7,7152771.283348069,optimal,0.08529560000170022,False,
8534,98.36550453043033,2,90.0,6603688.57747525,optimal,0.0711616999906255,False,
8535,46.886172815229244,1,46.886172815229244,6099501.222649426,optimal,0.07987070000672247,False,
8536,101.93168910303578,2,91.8,6672668.61059807,optimal,0.10253410000586882,False,
8537,92.73168910303531,1,92.73168910303531,6597322.643256354,optimal,0.08270119999360759,False,
8538,84.43168910303564,1,84.43168910303564,6514099.707313328,optimal,0.07610469999781344,False,
8539,140.6389153908408,2,87.9,7052587.834954219,optimal,0.07633250000071712,False,
8540,131.6389153908408,2,87.9,6974205.031377225,optimal,0.08284699999785516,False,
8541,122.33891539084149,2,88.3,6894192.638653367,optimal,0.07795459999761079,False,
8542,167.5461416786468,2,93.7,7391412.60170434,optimal,0.08664629999839235,False,
8543,160.74614167864672,2,89.1,7400652.918759772,optimal,0.08466550000593998,False,
8544,141.7829024250576,2,87.9,7208488.315409089,optimal,0.08457400000770576,False,
8545,81.80768642505777,1,81.80768642505777,6607376.184940656,optimal,0.0961237000010442,False,
8546,22.83247042505822,1,22.83247042505822,6006641.808917085,optimal,0.08931670000310987,False,
8547,0.0,0,0.0,5718754.558058847,optimal,0.0905373999994481,False,
8548,0.0,0,0.0,5612907.367550303,optimal,0.08159709999745246,False,
8549,0.0,0,0.0,5512598.581928728,optimal,0.08741449999797624,False,
8550,0.0,0,0.0,5406319.118672554,optimal,0.08067329999175854,False,
8551,0.0,0,0.0,5326134.713785836,optimal,0.08227899999474175,False,
8552,0.0,0,0.0,5266413.1403434435,optimal,0.08764710000832565,False,
8553,0.0,0,0.0,5209475.176984277,optimal,0.08067779999691993,False,
8554,0.0,0,0.0,5134387.927967148,optimal,0.07788029999937862,False,
8555,0.0,0,0.0,5108742.394305129,optimal,0.0816147000005003,False,
8556,0.0,0,0.0,5054305.178343366,optimal,0.08606679999502376,False,
8557,0.0,0,0.0,4968913.613321125,optimal,0.16561739999451675,False,
8558,0.0,0,0.0,4881990.1646112595,optimal,0.07950039999559522,False,
8559,0.0,0,0.0,4858930.815672175,optimal,0.0864646999980323,False,
8560,0.0,0,0.0,4826619.526286002,optimal,0.08221920000505634,False,
8561,0.0,0,0.0,4830679.131902888,optimal,0.09000029999879189,False,
8562,0.0,0,0.0,4812262.806253836,optimal,0.07462640000449028,False,
8563,0.0,0,0.0,4774504.2871073345,optimal,0.08501329999126028,False,
8564,0.0,0,0.0,4755222.541686974,optimal,0.08067740000842605,False,
8565,0.0,0,0.0,4732336.489994567,optimal,0.08043940000061411,False,
8566,0.0,0,0.0,4723445.503099275,optimal,0.0760149999987334,False,
8567,0.0,0,0.0,4701967.114784689,optimal,0.08479530000477098,False,
8568,0.0,0,0.0,4690158.263061165,optimal,0.09015679999720305,False,
8569,0.0,0,0.0,4644989.148278031,optimal,0.08457929998985492,False,
8570,0.0,0,0.0,4611800.186454307,optimal,0.0809029000083683,False,
8571,0.0,0,0.0,4595817.023734683,optimal,0.07831930000975262,False,
8572,0.0,0,0.0,4581488.729436683,optimal,0.08201489999191836,False,
8573,0.0,0,0.0,4554850.460739672,optimal,0.07886609999695793,False,
8574,0.0,0,0.0,4488226.728377022,optimal,0.07645030001003761,False,
8575,0.0,0,0.0,4401300.223846053,optimal,0.08055080000485759,False,
8576,0.0,0,0.0,4356725.343146865,optimal,0.16190869999991264,False,
8577,0.0,0,0.0,4375066.553575841,optimal,0.0817718999896897,False,
8578,0.0,0,0.0,4390675.890670497,optimal,0.07568080000055488,False,
8579,0.0,0,0.0,4381056.097164977,optimal,0.07338370000070427,False,
8580,0.0,0,0.0,4387600.252543664,optimal,0.07124749998911284,False,
8581,0.0,0,0.0,4391891.949314526,optimal,0.08268300000054296,False,
8582,0.0,0,0.0,4404707.824814692,optimal,0.07643790000292938,False,
8583,0.0,0,0.0,4367963.397311819,optimal,0.07118040000204928,False,
8584,0.0,0,0.0,4337221.377038329,optimal,0.0687404000054812,False,
8585,0.0,0,0.0,4312046.8605445465,optimal,0.08100569999078289,False,
8586,0.0,0,0.0,4320146.938199581,optimal,0.06125650000467431,False,
8587,0.0,0,0.0,4370533.877970648,optimal,0.06314969999948516,False,
8588,0.0,0,0.0,4426088.806258632,optimal,0.12792240000271704,False,
8589,0.0,0,0.0,4445704.076826201,optimal,0.08732370000507217,False,
8590,0.0,0,0.0,4394857.142466885,optimal,0.09005980000074487,False,
8591,0.0,0,0.0,4418728.24459367,optimal,0.14208720000169706,False,
8592,0.0,0,0.0,4449629.265897978,optimal,0.07586529999389313,False,
8593,0.0,0,0.0,4470081.479128814,optimal,0.08562820000224747,False,
8594,0.0,0,0.0,4461362.144537467,optimal,0.09883490001084283,False,
8595,0.0,0,0.0,4473473.591130057,optimal,0.07585209999524523,False,
8596,0.0,0,0.0,4505341.042294245,optimal,0.08279549999861047,False,
8597,0.0,0,0.0,4538087.5828718925,optimal,0.08819160000712145,False,
8598,0.0,0,0.0,4552491.271833634,optimal,0.08541510000941344,False,
8599,0.0,0,0.0,4529997.825830714,optimal,0.10653010000532959,False,
8600,0.0,0,0.0,4477724.090244691,optimal,0.14233030000468716,False,
8601,0.0,0,0.0,4437135.985993635,optimal,0.10798380000051111,False,
8602,0.0,0,0.0,4384271.78262419,optimal,0.10012309999729041,False,
8603,0.0,0,0.0,4250723.881402974,optimal,0.10483320000639651,False,
8604,0.0,0,0.0,4147576.6334286733,optimal,0.2066936000046553,False,
8605,0.0,0,0.0,4064765.579745524,optimal,0.13711110000440385,False,
8606,0.0,0,0.0,4047192.153517684,optimal,0.09344459998828825,False,
8607,0.0,0,0.0,4059153.657827613,optimal,0.11433300000499003,False,
8608,0.0,0,0.0,4066149.634937133,optimal,0.43988639999588486,False,
8609,0.0,0,0.0,4035032.4250709177,optimal,0.4162235999974655,False,
8610,0.0,0,0.0,4080910.1422003047,optimal,0.39017089999106247,False,
8611,0.0,0,0.0,4151797.829293148,optimal,0.33966610000061337,False,
8612,0.0,0,0.0,4195692.2741454905,optimal,0.3255968000012217,False,
8613,0.0,0,0.0,4265557.208233396,optimal,0.2630558000091696,False,
8614,0.0,0,0.0,4291558.076664497,optimal,0.18211100000189617,False,
8615,0.0,0,0.0,4255120.210437789,optimal,0.2225514000019757,False,
8616,0.0,0,0.0,4285543.85352659,optimal,0.1475802999921143,False,
8617,0.0,0,0.0,4373115.186236216,optimal,0.0896119999961229,False,
8618,0.0,0,0.0,4417819.695134828,optimal,0.23114309999800753,False,
8619,0.0,0,0.0,4488828.9654472275,optimal,0.1973364000004949,False,
8620,0.0,0,0.0,4564907.804322843,optimal,0.20846949999395292,False,
8621,0.0,0,0.0,4614333.909167635,optimal,0.14206300000660121,False,
8622,0.0,0,0.0,4625876.2226272505,optimal,0.10773489999701269,False,
8623,0.0,0,0.0,4647912.145578421,optimal,0.08992230000148993,False,
8624,0.0,0,0.0,4656116.470193854,optimal,0.07613000000128523,False,
8625,0.0,0,0.0,4711431.139777454,optimal,0.18660519999684766,False,
8626,0.0,0,0.0,4791419.369272649,optimal,0.07859599999210332,False,
8627,0.0,0,0.0,4826998.469994381,optimal,0.08217449999938253,False,
8628,0.0,0,0.0,4828757.588186037,optimal,0.07240839999576565,False,
8629,0.0,0,0.0,4829869.20664993,optimal,0.077315999995335,False,
8630,0.0,0,0.0,4790343.122862468,optimal,0.1609018000017386,False,
8631,0.0,0,0.0,4822312.815840116,optimal,0.07937269999820273,False,
8632,0.0,0,0.0,4867503.167860887,optimal,0.07885599999281112,False,
8633,0.0,0,0.0,4911096.342501182,optimal,0.08414690000063274,False,
8634,0.0,0,0.0,4923772.096084635,optimal,0.06708839999919292,False,
8635,0.0,0,0.0,4905766.370653145,optimal,0.08316799999738578,False,
8636,0.0,0,0.0,4886472.255564005,optimal,0.07110100000863895,False,
8637,0.0,0,0.0,4856776.694474845,optimal,0.08883070001320448,False,
8638,0.0,0,0.0,4842152.249029722,optimal,0.08964569999079686,False,
8639,0.0,0,0.0,4823535.376478569,optimal,0.08350390000850894,False,
8640,0.0,0,0.0,4821914.708489505,optimal,0.08939880000252742,False,
8641,0.0,0,0.0,4851522.299149977,optimal,0.09276499999396037,False,
8642,0.0,0,0.0,4882872.808538817,optimal,0.08227070000430103,False,
8643,0.0,0,0.0,4908780.00647727,optimal,0.08200840000063181,False,
8644,0.0,0,0.0,4918942.269335149,optimal,0.0792345999943791,False,
8645,0.0,0,0.0,4932978.142318457,optimal,0.0781730000016978,False,
8646,0.0,0,0.0,4951135.859484517,optimal,0.07685230000060983,False,
8647,0.0,0,0.0,5001209.685733475,optimal,0.07862120000936557,False,
8648,0.0,0,0.0,5080662.072736812,optimal,0.0864500999887241,False,
8649,0.0,0,0.0,5173532.173781184,optimal,0.08098499999323394,False,
8650,0.0,0,0.0,5273413.35093891,optimal,0.07966899999883026,False,
8651,0.0,0,0.0,5355834.873444945,optimal,0.1604605000029551,False,
8652,0.0,0,0.0,5389572.439486355,optimal,0.08041870000306517,False,
8653,0.0,0,0.0,5403856.049175619,optimal,0.08483229999546893,False,
8654,0.0,0,0.0,5335074.259734906,optimal,0.06119599999510683,False,
8655,0.0,0,0.0,5318385.244847431,optimal,0.08234920000541024,False,
8656,0.0,0,0.0,5397744.612462693,optimal,0.18724900000961497,False,
8657,0.0,0,0.0,5415829.2997367615,optimal,0.08234180000727065,False,
8658,0.0,0,0.0,5326808.308457212,optimal,0.08593250000558328,False,
8659,0.0,0,0.0,5282291.775934126,optimal,0.08071840000047814,False,
8660,0.0,0,0.0,5254377.555807743,optimal,0.0862968000001274,False,
8661,0.0,0,0.0,5225162.004023838,optimal,0.11000899999635294,False,
8662,0.0,0,0.0,5212617.439796183,optimal,0.07291680001071654,False,
8663,0.0,0,0.0,5243558.058032518,optimal,0.08308340000803582,False,
8664,0.0,0,0.0,5162562.252863452,optimal,0.08372720000625122,False,
8665,0.0,0,0.0,5091511.759198506,optimal,0.20627490000333637,False,
8666,0.0,0,0.0,5049613.151070714,optimal,0.09606840000196826,True,
8667,0.0,0,0.0,5004527.532222888,optimal,0.18010889999277424,True,
8668,0.0,0,0.0,4941977.849225035,optimal,0.09972990000096615,True,
8669,0.0,0,0.0,4900230.68658669,optimal,0.08270889999403153,True,
8670,0.0,0,0.0,4901092.911929784,optimal,0.08887850001337938,True,
8671,0.0,0,0.0,4906379.275386229,optimal,0.09430650000285823,True,
8672,0.0,0,0.0,4857757.89907249,optimal,0.09628009999869391,True,
8673,0.0,0,0.0,4817965.997204164,optimal,0.08439590000489261,True,
8674,0.0,0,0.0,4848763.93064716,optimal,0.0836779000092065,True,
8675,0.0,0,0.0,4869401.17056458,optimal,0.07996480001020245,True,
8676,0.0,0,0.0,4905245.466460845,optimal,0.07009110000217333,True,
8677,0.0,0,0.0,4945394.301388157,optimal,0.07017500000074506,True,
8678,0.0,0,0.0,4987233.154828581,optimal,0.07357420001062565,True,
8679,0.0,0,0.0,4990445.812188547,optimal,0.072980800003279,True,
8680,0.0,0,0.0,4940541.086712545,optimal,0.14469739999913145,True,
8681,0.0,0,0.0,4971432.496374884,optimal,0.06587170000420883,True,
8682,0.0,0,0.0,4999287.290273722,optimal,0.06252340000355616,True,
8683,0.0,0,0.0,5032523.6132354215,optimal,0.04380179999861866,True,
8684,0.0,0,0.0,5061283.289472761,optimal,0.06137089998810552,True,
8685,0.0,0,0.0,5085251.522882574,optimal,0.06191549998766277,True,
8686,0.0,0,0.0,5104766.414503573,optimal,0.07998379999480676,True,
8687,0.0,0,0.0,5114195.573729681,optimal,0.07508580001012888,True,
8688,0.0,0,0.0,5101990.772290831,optimal,0.06633230000443291,True,
8689,0.0,0,0.0,5090687.899128202,optimal,0.059513300002436154,True,
8690,0.0,0,0.0,5092934.624691218,optimal,0.05682269998942502,True,
8691,0.0,0,0.0,5163789.100223415,optimal,0.05742579999787267,True,
8692,0.0,0,0.0,5193205.127964984,optimal,0.06411469999875408,True,
8693,0.0,0,0.0,5223694.029173766,optimal,0.0526596999989124,True,
8694,0.0,0,0.0,5244982.314863461,optimal,0.05816010000125971,True,
8695,0.0,0,0.0,5205806.312205733,optimal,0.05689089999941643,True,
8696,0.0,0,0.0,5125033.182316884,optimal,0.04007190000265837,True,
8697,0.0,0,0.0,5035333.124611363,optimal,0.047595199997886084,True,
8698,0.0,0,0.0,4942704.566833449,optimal,0.056078899986459874,True,
8699,0.0,0,0.0,4867458.549727514,optimal,0.12299170000187587,True,
8700,0.0,0,0.0,4790922.550297347,optimal,0.059948599999188446,True,
8701,0.0,0,0.0,4779314.841356652,optimal,0.05516160000115633,True,
8702,0.0,0,0.0,4723389.761972558,optimal,0.13948569999774918,True,
8703,0.0,0,0.0,4674582.624307394,optimal,0.05817250000836793,True,
8704,0.0,0,0.0,4632857.270532326,optimal,0.06300550000742078,True,
8705,0.0,0,0.0,4680277.132598112,optimal,0.06442290000268258,True,
8706,0.0,0,0.0,4715416.296724147,optimal,0.06050759999197908,True,
8707,0.0,0,0.0,4853433.307330842,optimal,0.04875099999480881,True,
8708,0.0,0,0.0,4915673.816774549,optimal,0.0552181999955792,True,
8709,0.0,0,0.0,4980703.032860796,optimal,0.052809000000706874,True,
8710,0.0,0,0.0,4977910.823498722,optimal,0.06600279999838676,True,
8711,0.0,0,0.0,5041991.356286919,optimal,0.05500860000029206,True,
8712,0.0,0,0.0,5097896.532137707,optimal,0.056964700008393265,True,
8713,0.0,0,0.0,5167352.9369481895,optimal,0.04643909999867901,True,
8714,0.0,0,0.0,4980545.92434679,optimal,0.045924600010039285,True,
8715,0.0,0,0.0,4799431.011533694,optimal,0.0440499000105774,True,
8716,0.0,0,0.0,4622110.8319128,optimal,0.04340799999772571,True,
8717,0.0,0,0.0,4408253.984809208,optimal,0.04655349999666214,True,
8718,0.0,0,0.0,4184001.934650512,optimal,0.04754200000024866,True,
8719,0.0,0,0.0,4048787.5601780135,optimal,0.04515700000047218,True,
8720,0.0,0,0.0,3854232.9673092016,optimal,0.049455000000307336,True,
8721,0.0,0,0.0,3657781.0078442893,optimal,0.04593740000564139,True,
8722,0.0,0,0.0,3460538.4789643344,optimal,0.0415013000019826,True,
8723,0.0,0,0.0,3264086.5194994216,optimal,0.03532929999346379,True,
8724,0.0,0,0.0,3067476.4461515006,optimal,0.04021849999844562,True,
8725,0.0,0,0.0,2777144.0271243523,optimal,0.04052650000085123,True,
8726,0.0,0,0.0,2571205.2346789343,optimal,0.03318700000818353,True,
8727,0.0,0,0.0,2365424.556116525,optimal,0.1250436999980593,True,
8728,0.0,0,0.0,2162648.0413312754,optimal,0.04177500000514556,True,
8729,0.0,0,0.0,1963191.9180892028,optimal,0.039544900006148964,True,
8730,0.0,0,0.0,1768162.9835713657,optimal,0.04016030000639148,True,
8731,0.0,0,0.0,1580565.4015549244,optimal,0.11132849998830352,True,
8732,0.0,0,0.0,1402138.4247529714,optimal,0.0418608000036329,True,
8733,0.0,0,0.0,1234305.0781125824,optimal,0.03990450000856072,True,
8734,0.0,0,0.0,1075326.108920665,optimal,0.034745899989502504,True,
8735,0.0,0,0.0,922197.3534000589,optimal,0.039601799988304265,True,
8736,0.0,0,0.0,772230.8755396213,optimal,0.04014519999327604,True,
8737,0.0,0,0.0,623687.4226262595,optimal,0.03702849999535829,True,
8738,0.0,0,0.0,473879.0586488303,optimal,0.035899399998015724,True,
8739,0.0,0,0.0,331035.3998916119,optimal,0.03254000000015367,True,
8740,0.0,0,0.0,171898.31681668593,optimal,0.03471360000548884,True,
8741,0.0,0,0.0,52086.77793182283,optimal,0.035748200010857545,True,
8742,0.0,0,0.0,49482.43903523169,optimal,0.03216259999317117,True,
8743,0.0,0,0.0,46878.10013864054,optimal,0.03320930000336375,True,
8744,0.0,0,0.0,44273.761242049404,optimal,0.024956199995358475,True,
8745,0.0,0,0.0,41669.42234545826,optimal,0.02652980000129901,True,
8746,0.0,0,0.0,39065.08344886712,optimal,0.02455220000410918,True,
8747,0.0,0,0.0,36460.74455227598,optimal,0.024760300002526492,True,
8748,0.0,0,0.0,33856.40565568484,optimal,0.023753899993607774,True,
8749,0.0,0,0.0,31252.066759093697,optimal,0.018567000006441958,True,
8750,0.0,0,0.0,28647.727862502557,optimal,0.023547100005089305,True,
8751,0.0,0,0.0,26043.388965911414,optimal,0.021326200003386475,True,
8752,0.0,0,0.0,23439.05006932027,optimal,0.020779999991646037,True,
8753,0.0,0,0.0,20834.71117272913,optimal,0.02370639999571722,True,
8754,0.0,0,0.0,18230.37227613799,optimal,0.022112100006779656,True,
8755,0.0,0,0.0,15626.033379546849,optimal,0.02218830000492744,True,
8756,0.0,0,0.0,13021.694482955707,optimal,0.022331799991661683,True,
8757,0.0,0,0.0,10417.355586364565,optimal,0.021510499995201826,True,
8758,0.0,0,0.0,7813.016689773424,optimal,0.019376199998077936,True,
8759,0.0,0,0.0,5208.677793182283,optimal,0.016414600002462976,True,
8760,0.0,0,0.0,2604.3388965911413,optimal,0.018788000001222827,True,
