hour,EUE,USE_hours,max_unserved_MW,objective_value,solver_status,solve_time_s,truncated,error_message
1,0.0,0,0.0,33333.97590536073,optimal,2.2894161000003805,False,
2,0.0,0,0.0,28146.41559965638,optimal,2.3099934000056237,False,
3,0.0,0,0.0,23331.535089445668,optimal,2.2764416999998502,False,
4,0.0,0,0.0,21571.773465540176,optimal,2.133296900006826,False,
5,0.0,0,0.0,19040.563508309046,optimal,2.004459899995709,False,
6,0.0,0,0.0,16142.589923528754,optimal,2.0013749999925494,False,
7,0.0,0,0.0,15788.086392760704,optimal,1.9415913999982877,False,
8,0.0,0,0.0,16869.54295739897,optimal,2.591635899996618,False,
9,0.0,0,0.0,20048.027682907923,optimal,2.476424499996938,False,
10,0.0,0,0.0,24646.782611077462,optimal,2.390372399997432,False,
11,0.0,0,0.0,25775.949338239116,optimal,2.08038050000323,False,
12,0.0,0,0.0,19526.600965219557,optimal,1.8189991999970516,False,
13,0.0,0,0.0,10540.228468603666,optimal,1.9531299000082072,False,
14,0.0,0,0.0,6084.107210975178,optimal,1.8639088000054471,False,
15,0.0,0,0.0,5456.769112304657,optimal,1.6824278999993112,False,
16,0.0,0,0.0,5456.769112304657,optimal,0.2434969000023557,False,
17,0.0,0,0.0,5456.769112304657,optimal,1.2400319000007585,False,
18,0.0,0,0.0,6328.316057161439,optimal,1.2224507999926573,False,
19,0.0,0,0.0,9049.384775003724,optimal,0.10014320000482257,False,
20,0.0,0,0.0,12028.256312063748,optimal,0.1848832000105176,False,
21,0.0,0,0.0,12935.186241447362,optimal,0.37905019999016076,False,
22,0.0,0,0.0,14720.632015964953,optimal,1.1282532999903196,False,
23,0.0,0,0.0,14924.862661371508,optimal,0.15270239999517798,False,
24,0.0,0,0.0,15820.448456600681,optimal,0.13762199999473523,False,
25,0.0,0,0.0,17368.63228100407,optimal,0.998663199992734,False,
26,0.0,0,0.0,19703.39967248008,optimal,0.19811870000557974,False,
27,0.0,0,0.0,21078.533681101922,optimal,0.15598419999878388,False,
28,0.0,0,0.0,21785.69094787696,optimal,0.8660686000075657,False,
29,0.0,0,0.0,20545.983109074798,optimal,0.08255209999333601,False,
30,0.0,0,0.0,19193.775089256975,optimal,0.13764900001115166,False,
31,0.0,0,0.0,21316.190499297692,optimal,0.8366597999993246,False,
32,0.0,0,0.0,24060.731568665724,optimal,0.15531329999794252,False,
33,0.0,0,0.0,28742.294695010423,optimal,0.1325252999959048,False,
34,0.0,0,0.0,32920.38287443986,optimal,0.1359424999973271,False,
35,0.0,0,0.0,34193.29321155024,optimal,0.1313215999980457,False,
36,0.0,0,0.0,33308.37996133173,optimal,0.10365299999830313,False,
37,0.0,0,0.0,33438.65947637535,optimal,0.09651830000802875,False,
38,0.0,0,0.0,30802.85418419991,optimal,0.09098550000635441,False,
39,0.0,0,0.0,28293.436150849735,optimal,0.09791670000413433,False,
40,0.0,0,0.0,28293.436150849724,optimal,0.10346230000141077,False,
41,0.0,0,0.0,31279.786006618113,optimal,0.08625999999640044,False,
42,0.0,0,0.0,29492.622536843366,optimal,0.07261259999359027,False,
43,0.0,0,0.0,28333.636835934707,optimal,0.07095179999305401,False,
44,0.0,0,0.0,30209.831742583654,optimal,0.06789460001164116,False,
45,0.0,0,0.0,36553.994673234585,optimal,0.07597059999534395,False,
46,0.0,0,0.0,41130.50314943226,optimal,0.07802090000768658,False,
47,1.0765133925892485,1,1.0765133925892485,58700.33914874066,optimal,0.06294689999776892,False,
48,3.1406134875568528,2,2.7182229855141458,84080.12385189712,optimal,0.0778380000119796,False,
49,5.359942985514138,2,3.0,108507.1287875518,optimal,0.0873723999975482,False,
50,7.954302985514147,3,3.0,133766.62538857822,optimal,0.07826439999917056,False,
51,7.954302985514147,3,3.0,134388.63407988765,optimal,0.07189349998952821,False,
52,10.375252985514138,4,3.0,156855.61400152318,optimal,0.06838589999824762,False,
53,13.130311631836884,6,3.0,182499.0568670847,optimal,0.09096669999416918,False,
54,18.692318447349315,9,3.0,234932.8422270471,optimal,0.0909315000026254,False,
55,19.82578504172254,9,3.0,244146.2480798916,optimal,0.08104790000652429,False,
56,20.56243318985991,9,3.0,252524.4068378618,optimal,0.1044568000070285,False,
57,21.572672131989066,10,3.0,264589.9456712392,optimal,0.1111181000014767,False,
58,22.713146294016113,10,3.0,278168.0426004836,optimal,0.11172760000044946,False,
59,22.11035071512488,8,3.0,273175.8049236872,optimal,0.10950099999899976,False,
60,19.47396271512489,7,3.0,245626.03262716692,optimal,0.10411119999480434,False,
61,18.507498715124882,7,3.0,235961.39262716682,optimal,0.10387710000213701,False,
62,19.33273733491932,9,3.0,242908.96199926912,optimal,0.0814550000068266,False,
63,21.468309603119724,9,3.0,259978.04654992127,optimal,0.07770170000731014,False,
64,24.17941760311972,9,3.0,282802.4884185694,optimal,0.0713677000021562,False,
65,26.36713184761986,10,3.0,301559.36429992097,optimal,0.08012719999533147,False,
66,27.128064421615758,10,3.0,307493.50507218234,optimal,0.10801240000000689,False,
67,27.787635235268436,11,3.22431,312531.25387387397,optimal,0.1011931000102777,False,
68,25.507372700599078,10,3.0,291731.69520275586,optimal,0.0884717000008095,False,
69,24.045049205895797,9,3.0,279346.4737259327,optimal,0.07224649999989197,False,
70,21.060978209971598,8,3.0,251224.0363778458,optimal,0.09199570000055246,False,
71,18.814124901278117,8,3.0,228729.77104012427,optimal,0.0867007999913767,False,
72,17.981746490012874,6,3.0,220759.05345271184,optimal,0.07411070000671316,False,
73,20.05614541573567,7,3.0,239122.61370417057,optimal,0.09141249999811407,False,
74,20.05614541573567,7,3.0,239607.49249388833,optimal,0.09837279999919701,False,
75,20.05614541573567,7,3.0,240131.88106215023,optimal,0.10888669999258127,False,
76,20.05614541573567,7,3.0,236998.83347647774,optimal,0.10798989998875186,False,
77,20.05614541573567,7,3.0,234990.1287678722,optimal,0.10118990000046324,False,
78,21.0298329274434,9,3.0,243720.4901435798,optimal,0.11422329999913927,False,
79,25.949473142594826,10,3.062149888476401,290085.4680027938,optimal,0.09764459999860264,False,
80,26.53997668772239,11,3.062149888476401,295131.7432119915,optimal,0.08228760000201873,False,
81,26.08276422730891,11,3.062149888476401,287598.961032366,optimal,0.07815739999932703,False,
82,25.54537411931155,10,3.062149888476401,278867.9842495163,optimal,0.09011479999753647,False,
83,23.102084230835153,9,3.0,254208.70104261517,optimal,0.08518970001023263,False,
84,20.73631512683515,7,3.0,225670.48720498092,optimal,0.08365909999702126,False,
85,18.02520712683515,7,3.0,199005.04756192392,optimal,0.10028280000551604,False,
86,15.314099126835146,6,3.0,171893.9675619239,optimal,0.09364859999914188,False,
87,12.602991126835143,5,3.0,144782.88756192385,optimal,0.10085329999856185,False,
88,12.602991126835143,5,3.0,146318.8353818349,optimal,0.1019053000054555,False,
89,15.465841180032065,6,3.0,170105.46167079895,optimal,0.08571479999227449,False,
90,15.465841180032065,6,3.0,169062.3972180378,optimal,0.09161049999238458,False,
91,15.465841180032065,6,3.0,168904.2423033912,optimal,0.10704200000327546,False,
92,15.465841180032065,6,3.0,167940.89519251662,optimal,0.10364620000473224,False,
93,18.463420687164415,7,3.0,193800.31131991468,optimal,0.09771290000935551,False,
94,18.463420687164415,7,3.0,193687.79598056962,optimal,0.07865719999244902,False,
95,18.463420687164415,7,3.0,195143.9924923432,optimal,0.0904722999985097,False,
96,19.277909861230697,7,3.0,203779.23588174712,optimal,0.08047410000290256,False,
97,20.204867209732647,8,3.0,213144.73458293037,optimal,0.06734910000523087,False,
98,19.428979016525588,7,3.0,204772.84198607685,optimal,0.06488089999766089,False,
99,19.428979016525588,7,3.0,203058.4246016115,optimal,0.07007469999371096,False,
100,18.84855155699465,7,3.0,195723.8543720279,optimal,0.07073700000182725,False,
101,16.998199496450667,6,3.0,182178.95812351877,optimal,0.06989189999876544,False,
102,16.998199496450667,6,3.0,185190.63747440456,optimal,0.08264819999749307,False,
103,16.998199496450667,6,3.0,188423.92792482316,optimal,0.06871160000446253,False,
104,16.998199496450667,6,3.0,192456.96983306753,optimal,0.06997969999792986,False,
105,16.998199496450667,6,3.0,198907.89650763923,optimal,0.05959879999863915,False,
106,17.321948029688187,6,3.0,209682.00635178664,optimal,0.0894675999879837,False,
107,17.321948029688187,6,3.0,212551.02798766663,optimal,0.0901536000019405,False,
108,14.610840029688184,5,3.0,184452.2775505566,optimal,0.10241159998986404,False,
109,11.899732029688181,4,3.0,155996.40030636883,optimal,0.0984496000019135,False,
110,9.188624029688178,4,3.0,126609.81501775626,optimal,0.20128449999901932,False,
111,7.315016029688181,3,3.0,107873.73501775629,optimal,0.19001489999936894,False,
112,7.315016029688181,3,3.0,108775.36421420616,optimal,0.09234719999949448,False,
113,7.315016029688181,3,3.0,111901.31950200212,optimal,0.0780629999935627,False,
114,7.315016029688181,3,3.0,115699.21876831814,optimal,0.09012490000168327,False,
115,7.315016029688181,3,3.0,121091.66086155595,optimal,0.09966169999097474,False,
116,7.315016029688181,3,3.0,127296.0601930185,optimal,0.09576880000531673,False,
117,12.403405109125883,5,3.1365,180994.00327138323,optimal,0.09562930000538472,False,
118,12.969719436615566,5,3.1365,190011.77720118366,optimal,0.09958850000111852,False,
119,16.310910844461834,7,3.1365,225486.87580204927,optimal,0.10125959999277256,False,
120,19.82804169804671,9,3.58808,260658.18433789804,optimal,0.1050900999980513,False,
121,23.13904646011154,10,3.41627,293768.2319585463,optimal,0.10198289999971166,False,
122,26.65785348137578,11,3.1365,328956.30217118876,optimal,0.09120730000722688,False,
123,27.774137795570393,11,3.22792,340119.1453131349,optimal,0.08359329999075271,False,
124,29.56689879809692,11,3.22792,358046.75533840014,optimal,0.09746720000111964,False,
125,29.54386627302538,12,3.22792,357816.4300876847,optimal,0.09528329999011476,False,
126,27.583103036577526,11,3.2836489783999987,338208.7977232062,optimal,0.10189320000063162,False,
127,24.990311059494243,12,3.58808,312059.15551091015,optimal,0.09476370000629686,False,
128,20.737273466863346,9,3.0,269189.3522369013,optimal,0.09001469999202527,False,
129,16.016372462069604,10,3.62906,221235.80165535896,optimal,0.07882940000854433,False,
130,12.816013493896392,7,3.0,189424.68555415454,optimal,0.08556920000410173,False,
131,7.775041800653343,7,3.0,139401.41410612772,optimal,0.09213499999896158,False,
132,5.921080238733683,5,3.0,120889.38270969756,optimal,0.08748249999189284,False,
133,3.5592081130386246,5,1.7987824350217467,97236.82659069268,optimal,0.08075979999557603,False,
134,0.7667864234386457,1,0.7667864234386457,68555.46508605106,optimal,0.09128949999285396,False,
135,1.2486153770386466,1,1.2486153770386466,73309.93092616253,optimal,0.2024136000109138,False,
136,5.3812865927043925,4,3.0,112827.91772690599,optimal,0.2085260999883758,False,
137,5.315655361525202,2,3.0,107884.9672837622,optimal,0.09104650000517722,False,
138,2.028332496929537,2,1.0636045396842917,70725.10050645366,optimal,0.10233500000322238,False,
139,0.0,0,0.0,43155.95006162337,optimal,0.10525379999307916,False,
140,0.0,0,0.0,31317.651391855634,optimal,0.08370620000641793,False,
141,0.0,0,0.0,20859.511969044128,optimal,0.09896120001212694,False,
142,0.0,0,0.0,10556.794925414644,optimal,0.10936919999949168,False,
143,0.0,0,0.0,5456.769112304657,optimal,0.0928764999989653,False,
144,0.0,0,0.0,5456.769112304657,optimal,0.08057170000392944,False,
145,0.0,0,0.0,5456.769112304657,optimal,0.10005969999474473,False,
146,0.0,0,0.0,5456.769112304657,optimal,0.08326500000839587,False,
147,0.0,0,0.0,5456.769112304657,optimal,0.1948837999952957,False,
148,0.0,0,0.0,5456.769112304657,optimal,0.08144540000648703,False,
149,0.0,0,0.0,5456.769112304657,optimal,0.09193770001002122,False,
150,0.0,0,0.0,5456.769112304657,optimal,0.08944199999677949,False,
151,0.0,0,0.0,5456.769112304657,optimal,0.08252429999993183,False,
152,0.0,0,0.0,5456.769112304657,optimal,0.08640949999971781,False,
153,0.0,0,0.0,5456.769112304657,optimal,0.08667260000947863,False,
154,0.0,0,0.0,5456.769112304657,optimal,0.07216559999505989,False,
155,0.0,0,0.0,5456.769112304657,optimal,0.21011339999677148,False,
156,0.0,0,0.0,5456.769112304657,optimal,0.09921559999929741,False,
157,0.0,0,0.0,5456.769112304657,optimal,0.08788890000141691,False,
158,0.0,0,0.0,5456.769112304657,optimal,0.1038838999957079,False,
159,0.0,0,0.0,5456.769112304657,optimal,0.08959680001134984,False,
160,0.0,0,0.0,5456.769112304657,optimal,0.08306769999035168,False,
161,0.0,0,0.0,5456.769112304657,optimal,0.08645780000369996,False,
162,0.0,0,0.0,5456.769112304657,optimal,0.09777970000868663,False,
163,0.0,0,0.0,5456.769112304657,optimal,0.20362159999785945,False,
164,0.0,0,0.0,5456.769112304657,optimal,0.19386210000084247,False,
165,0.0,0,0.0,5456.769112304657,optimal,0.09056669998972211,False,
166,0.0,0,0.0,5456.769112304657,optimal,0.09543349999876227,False,
167,0.0,0,0.0,5456.769112304657,optimal,0.08902899999520741,False,
168,0.0,0,0.0,5456.769112304657,optimal,0.08061010000528768,False,
169,0.0,0,0.0,5456.769112304657,optimal,0.08003070000268053,False,
170,0.0,0,0.0,5456.769112304657,optimal,0.20307010000396986,False,
171,0.0,0,0.0,5456.769112304657,optimal,0.09163090000220109,False,
172,0.0,0,0.0,5456.769112304657,optimal,0.09039230000053067,False,
173,0.0,0,0.0,5456.769112304657,optimal,0.09181949999765493,False,
174,0.0,0,0.0,5456.769112304657,optimal,0.08946369998739101,False,
175,0.0,0,0.0,5456.769112304657,optimal,0.07266999999410473,False,
176,0.0,0,0.0,5456.769112304657,optimal,0.0921781000070041,False,
177,0.0,0,0.0,5456.769112304657,optimal,0.11349699999846052,False,
178,0.0,0,0.0,5456.769112304657,optimal,0.09312089999730233,False,
179,0.0,0,0.0,8813.50100740469,optimal,0.10149279999313876,False,
180,0.0,0,0.0,15603.001778048261,optimal,0.20872500000405125,False,
181,0.0,0,0.0,18363.69470349938,optimal,0.2193942000012612,False,
182,0.0,0,0.0,21588.304160047992,optimal,0.20159480000438634,False,
183,0.0,0,0.0,23783.11753490111,optimal,0.11689050000859424,False,
184,0.0,0,0.0,24755.61449363727,optimal,0.09935750000295229,False,
185,0.0,0,0.0,19156.35763423794,optimal,0.16908340000372846,False,
186,0.0,0,0.0,13424.625228872806,optimal,0.08386919999611564,False,
187,0.0,0,0.0,8879.680732508157,optimal,0.07809870000346564,False,
188,0.0,0,0.0,5456.769112304657,optimal,0.16868780000368133,False,
189,0.0,0,0.0,5456.769112304657,optimal,0.1519611999974586,False,
190,0.0,0,0.0,5456.769112304657,optimal,0.07372159999795258,False,
191,0.0,0,0.0,5456.769112304657,optimal,0.17828739999094978,False,
192,0.0,0,0.0,5456.769112304657,optimal,0.0841406000108691,False,
193,0.0,0,0.0,5456.769112304657,optimal,0.16153709999343846,False,
194,0.0,0,0.0,5456.769112304657,optimal,0.07893719999992754,False,
195,0.0,0,0.0,5456.769112304657,optimal,0.1488305999955628,False,
196,0.0,0,0.0,5456.769112304657,optimal,0.06961289999890141,False,
197,0.0,0,0.0,5456.769112304657,optimal,0.06152170000132173,False,
198,0.0,0,0.0,5456.769112304657,optimal,0.07086669999989681,False,
199,0.0,0,0.0,5456.769112304657,optimal,0.17503410000063013,False,
200,0.0,0,0.0,5456.769112304657,optimal,0.08787460000894498,False,
201,0.0,0,0.0,5456.769112304657,optimal,0.08005709999997634,False,
202,0.0,0,0.0,5456.769112304657,optimal,0.0823240000026999,False,
203,0.0,0,0.0,5456.769112304657,optimal,0.19062789999588858,False,
204,0.0,0,0.0,5456.769112304657,optimal,0.07325200000195764,False,
205,0.0,0,0.0,5456.769112304657,optimal,0.08314129999780562,False,
206,0.0,0,0.0,5456.769112304657,optimal,0.08253030000196304,False,
207,0.0,0,0.0,5456.769112304657,optimal,0.08134239999344572,False,
208,0.0,0,0.0,5456.769112304657,optimal,0.17392370000015944,False,
209,0.0,0,0.0,5456.769112304657,optimal,0.07177350000711158,False,
210,0.0,0,0.0,5456.769112304657,optimal,0.08410639999783598,False,
211,0.0,0,0.0,5456.769112304657,optimal,0.08405869999842253,False,
212,0.0,0,0.0,5456.769112304657,optimal,0.0688539000111632,False,
213,0.0,0,0.0,5456.769112304657,optimal,0.07437879999633878,False,
214,0.0,0,0.0,5456.769112304657,optimal,0.06780150000122376,False,
215,0.0,0,0.0,5456.769112304657,optimal,0.0671345000009751,False,
216,0.0,0,0.0,5456.769112304657,optimal,0.06332109999493696,False,
217,0.0,0,0.0,5456.769112304657,optimal,0.06875930000387598,False,
218,0.0,0,0.0,5456.769112304657,optimal,0.06502639999962412,False,
219,0.0,0,0.0,5456.769112304657,optimal,0.060505200002808124,False,
220,0.0,0,0.0,5456.769112304657,optimal,0.061821299997973256,False,
221,0.0,0,0.0,5456.769112304657,optimal,0.06909509999968577,False,
222,0.0,0,0.0,5456.769112304657,optimal,0.06951970000227448,False,
223,0.0,0,0.0,5456.769112304657,optimal,0.07217259999015369,False,
224,0.0,0,0.0,5456.769112304657,optimal,0.08078709999972489,False,
225,0.0,0,0.0,5456.769112304657,optimal,0.06902669998817146,False,
226,0.0,0,0.0,5456.769112304657,optimal,0.06677760000457056,False,
227,0.0,0,0.0,5456.769112304657,optimal,0.06531140000151936,False,
228,0.0,0,0.0,5456.769112304657,optimal,0.06342409999342635,False,
229,0.0,0,0.0,5456.769112304657,optimal,0.06889700000465382,False,
230,0.0,0,0.0,5456.769112304657,optimal,0.06394190000719391,False,
231,0.0,0,0.0,5456.769112304657,optimal,0.07930000001215376,False,
232,0.0,0,0.0,5456.769112304657,optimal,0.08068649999040645,False,
233,0.0,0,0.0,5456.769112304657,optimal,0.07230089999211486,False,
234,0.0,0,0.0,5456.769112304657,optimal,0.07576539998990484,False,
235,0.0,0,0.0,5456.769112304657,optimal,0.07307309999305289,False,
236,0.0,0,0.0,5456.769112304657,optimal,0.06960370000160765,False,
237,0.0,0,0.0,5456.769112304657,optimal,0.0667369000002509,False,
238,0.0,0,0.0,5456.769112304657,optimal,0.06518429999414366,False,
239,0.0,0,0.0,5456.769112304657,optimal,0.06568850000621751,False,
240,0.0,0,0.0,5456.769112304657,optimal,0.07130510000570212,False,
241,0.0,0,0.0,5456.769112304657,optimal,0.07990719999361318,False,
242,0.0,0,0.0,5456.769112304657,optimal,0.08640929999819491,False,
243,0.0,0,0.0,5456.769112304657,optimal,0.08430000000225846,False,
244,0.0,0,0.0,5456.769112304657,optimal,0.09282259999599773,False,
245,0.0,0,0.0,5456.769112304657,optimal,0.08994189999066293,False,
246,0.0,0,0.0,5456.769112304657,optimal,0.09978400000545662,False,
247,0.0,0,0.0,5456.769112304657,optimal,0.09828350000316277,False,
248,0.0,0,0.0,5456.769112304657,optimal,0.09995099999650847,False,
249,0.0,0,0.0,5456.769112304657,optimal,0.0834848999948008,False,
250,0.0,0,0.0,5456.769112304657,optimal,0.08629460001247935,False,
251,0.0,0,0.0,5456.769112304657,optimal,0.07835060000070371,False,
252,0.0,0,0.0,5456.769112304657,optimal,0.08992049998778384,False,
253,0.0,0,0.0,5456.769112304657,optimal,0.0867283999978099,False,
254,0.0,0,0.0,5456.769112304657,optimal,0.08530350000364706,False,
255,0.0,0,0.0,5456.769112304657,optimal,0.08553759999631438,False,
256,0.0,0,0.0,5456.769112304657,optimal,0.08978569999453612,False,
257,0.0,0,0.0,5456.769112304657,optimal,0.07919469999615103,False,
258,0.0,0,0.0,5456.769112304657,optimal,0.06286910000198986,False,
259,0.0,0,0.0,5456.769112304657,optimal,0.07068760000402108,False,
260,0.0,0,0.0,5456.769112304657,optimal,0.06549119998817332,False,
261,0.0,0,0.0,5456.769112304657,optimal,0.06148849999590311,False,
262,0.0,0,0.0,5456.769112304657,optimal,0.07437420000496786,False,
263,0.0,0,0.0,5456.769112304657,optimal,0.07993799999530893,False,
264,0.0,0,0.0,5456.769112304657,optimal,0.06495520001044497,False,
265,0.0,0,0.0,5456.769112304657,optimal,0.05886340000142809,False,
266,0.0,0,0.0,5456.769112304657,optimal,0.06459339999128133,False,
267,0.0,0,0.0,5456.769112304657,optimal,0.0758858000044711,False,
268,0.0,0,0.0,5456.769112304657,optimal,0.07961109999450855,False,
269,0.0,0,0.0,5456.769112304657,optimal,0.07884459999331739,False,
270,0.0,0,0.0,5456.769112304657,optimal,0.0764469999994617,False,
271,0.0,0,0.0,5456.769112304657,optimal,0.07488640000519808,False,
272,0.0,0,0.0,5456.769112304657,optimal,0.07030209999356885,False,
273,0.0,0,0.0,5456.769112304657,optimal,0.08229259999643546,False,
274,0.0,0,0.0,5456.769112304657,optimal,0.06455270000151359,False,
275,0.0,0,0.0,5456.769112304657,optimal,0.060076800000388175,False,
276,0.0,0,0.0,5456.769112304657,optimal,0.07670959999086335,False,
277,0.0,0,0.0,8785.7336928358,optimal,0.08468889999494422,False,
278,0.0,0,0.0,12740.258131057104,optimal,0.07519060000777245,False,
279,0.0,0,0.0,8602.414366346726,optimal,0.07654039999761153,False,
280,0.0,0,0.0,10996.843508699334,optimal,0.07061049999902025,False,
281,0.0,0,0.0,5456.769112304657,optimal,0.08912500001315493,False,
282,0.0,0,0.0,5456.769112304657,optimal,0.08355670000310056,False,
283,0.0,0,0.0,5456.769112304657,optimal,0.0658355999912601,False,
284,0.0,0,0.0,5456.769112304657,optimal,0.061537900008261204,False,
285,0.0,0,0.0,5456.769112304657,optimal,0.07572459999937564,False,
286,0.0,0,0.0,5456.769112304657,optimal,0.06376930000260472,False,
287,0.0,0,0.0,5456.769112304657,optimal,0.06012980001105461,False,
288,0.0,0,0.0,5456.769112304657,optimal,0.06134380000003148,False,
289,0.0,0,0.0,5456.769112304657,optimal,0.06020669999998063,False,
290,0.0,0,0.0,5456.769112304657,optimal,0.05741449999914039,False,
291,0.0,0,0.0,5456.769112304657,optimal,0.06332080000720453,False,
292,0.0,0,0.0,5456.769112304657,optimal,0.06848519999766722,False,
293,0.0,0,0.0,5456.769112304657,optimal,0.07788180001080036,False,
294,0.0,0,0.0,5456.769112304657,optimal,0.07888370000000577,False,
295,0.0,0,0.0,5456.769112304657,optimal,0.0784843000001274,False,
296,0.0,0,0.0,5456.769112304657,optimal,0.07571019999159034,False,
297,0.0,0,0.0,5456.769112304657,optimal,0.08865659999719355,False,
298,0.0,0,0.0,5456.769112304657,optimal,0.08104799999273382,False,
299,0.0,0,0.0,5456.769112304657,optimal,0.0691411000007065,False,
300,0.0,0,0.0,5456.769112304657,optimal,0.08032340000499971,False,
301,0.0,0,0.0,5456.769112304657,optimal,0.08345510000071954,False,
302,0.0,0,0.0,5456.769112304657,optimal,0.09584719999111257,False,
303,0.0,0,0.0,5456.769112304657,optimal,0.08538830000907183,False,
304,0.0,0,0.0,5456.769112304657,optimal,0.07430469999962952,False,
305,0.0,0,0.0,5456.769112304657,optimal,0.07581249999930151,False,
306,0.0,0,0.0,5478.30001774812,optimal,0.07518479999271221,False,
307,0.0,0,0.0,7859.824494662328,optimal,0.08055369999783579,False,
308,0.0,0,0.0,10606.088131913944,optimal,0.07750390000001062,False,
309,0.0,0,0.0,12856.408921407623,optimal,0.0625232999882428,False,
310,0.0,0,0.0,15371.057697263483,optimal,0.07832000000053085,False,
311,0.0,0,0.0,17614.716949194568,optimal,0.06088109999836888,False,
312,0.0,0,0.0,20053.230744131663,optimal,0.07636550000461284,False,
313,0.0,0,0.0,24717.5560967208,optimal,0.08828110000467859,False,
314,0.0,0,0.0,29116.749758337683,optimal,0.07740730000659823,False,
315,0.0,0,0.0,32900.08293957484,optimal,0.09403279999969527,False,
316,0.0,0,0.0,36820.13568511837,optimal,0.07185799999570008,False,
317,0.0,0,0.0,42673.305652622235,optimal,0.06613429999561049,False,
318,0.0,0,0.0,47497.3137934144,optimal,0.07805430000007618,False,
319,0.0,0,0.0,52504.0728147834,optimal,0.07523299999593291,False,
320,0.0,0,0.0,57007.93625365128,optimal,0.07471860000805464,False,
321,0.0,0,0.0,61456.847036215535,optimal,0.08266110000840854,False,
322,2.8582398499099355,1,2.8582398499099355,90960.1658565303,optimal,0.06657730000733864,False,
323,2.2909541839802605,2,2.1461122698530204,85287.30919723355,optimal,0.09488319999945816,False,
324,0.0,0,0.0,59407.43188162851,optimal,0.09549980000883806,False,
325,0.0,0,0.0,55806.98902886719,optimal,0.07958229999348987,False,
326,0.0,0,0.0,47945.9001760065,optimal,0.06874879999668337,False,
327,0.0,0,0.0,43659.26204465462,optimal,0.10096250000060536,False,
328,0.0,0,0.0,38038.45964647003,optimal,0.09492299999692477,False,
329,0.0,0,0.0,39548.74343744408,optimal,0.09606399999756832,False,
330,0.0,0,0.0,38129.583612145274,optimal,0.08721700000751298,False,
331,0.0,0,0.0,41281.96182352588,optimal,0.08292630000505596,False,
332,0.17451810284785552,1,0.17451810284785552,44766.56395546913,optimal,0.08575879999261815,False,
333,0.0,0,0.0,43881.647811931194,optimal,0.08190340000146534,False,
334,0.0,0,0.0,44020.76939080951,optimal,0.07711050000216346,False,
335,0.0,0,0.0,43469.48572444738,optimal,0.0838106000010157,False,
336,0.0,0,0.0,42536.35573540485,optimal,0.08010269999795128,False,
337,0.0,0,0.0,41633.134053315516,optimal,0.0782350000081351,False,
338,0.0,0,0.0,41528.86959240603,optimal,0.081188000011025,False,
339,0.0,0,0.0,40639.48258477505,optimal,0.07281420000072103,False,
340,0.0,0,0.0,38188.83599413335,optimal,0.222449199995026,False,
341,0.0,0,0.0,37590.94193998442,optimal,0.07165529999474529,False,
342,0.0,0,0.0,37568.81415356361,optimal,0.21514690000913106,False,
343,0.0,0,0.0,39169.53167371797,optimal,0.09637700000894256,False,
344,0.0,0,0.0,41213.0047985354,optimal,0.08886819999315776,False,
345,0.05142699999999982,1,0.05142699999999982,44113.00884164064,optimal,0.072753799991915,False,
346,0.14864999999999995,1,0.14864999999999995,49977.108456649796,optimal,0.0779020999907516,False,
347,0.0,0,0.0,48724.964063475476,optimal,0.08534309999959078,False,
348,0.0,0,0.0,38321.51289478225,optimal,0.08240469999145716,False,
349,0.0,0,0.0,37609.28574649315,optimal,0.08460449999256525,False,
350,0.0,0,0.0,33322.64761514125,optimal,0.08865780000633094,False,
351,0.0,0,0.0,30573.948528806082,optimal,0.09229049998975825,False,
352,0.0,0,0.0,31118.111790168656,optimal,0.09201619999657851,False,
353,0.0,0,0.0,30336.883975061286,optimal,0.07730439999431837,False,
354,0.0,0,0.0,27327.68988692359,optimal,0.06911499999114312,False,
355,0.0,0,0.0,25774.090587954874,optimal,0.06682000000728294,False,
356,0.0,0,0.0,27689.601756796706,optimal,0.06811160000506788,False,
357,0.0,0,0.0,33077.92373482425,optimal,0.07185199999366887,False,
358,0.0,0,0.0,39151.96732359675,optimal,0.07272839998768177,False,
359,1.6940148914785236,1,1.6940148914785236,60377.82891681708,optimal,0.07377529999939725,False,
360,4.280550189644303,3,3.31153,88119.82229662049,optimal,0.07407740000053309,False,
361,6.46137454142431,4,3.31153,109751.38761912742,optimal,0.06997310000588186,False,
362,8.77393112916607,3,3.31153,132277.81729666435,optimal,0.07542109998757951,False,
363,11.807875317442615,4,3.31153,162333.5514869309,optimal,0.07033489999594167,False,
364,14.490539001901777,6,3.31153,189987.40410204948,optimal,0.21146679999947082,False,
365,16.18246026904392,6,3.31153,210330.00553047503,optimal,0.09172730000864249,False,
366,17.36882263391865,7,3.31153,225944.24859806508,optimal,0.08614670000679325,False,
367,17.54429825087335,7,3.31153,231547.9393989094,optimal,0.20031930001277942,False,
368,17.517518250873348,7,3.31153,235506.4444347829,optimal,0.07671740000660066,False,
369,19.181274569459156,8,3.0,254190.5130520225,optimal,0.08326200000010431,False,
370,22.593034569459157,10,3.0,288308.11305202247,optimal,0.0762383000110276,False,
371,24.021383712765495,10,3.44428,302591.6044850859,optimal,0.08805040000879671,False,
372,21.637478138365495,9,3.0,278064.02803987585,optimal,0.10138239999650978,False,
373,21.63747813836549,8,3.0531936851919177,274508.4800784734,optimal,0.08595160000550095,False,
374,23.840206138365488,12,3.43661,292249.1219471215,optimal,0.08946109999669716,False,
375,25.32044213836549,10,3.43661,302764.84381576965,optimal,0.10610150000138674,False,
376,28.090787785424315,10,3.43661,326181.662155006,optimal,0.10010739999415819,False,
377,31.39450941196549,12,3.43661,355126.65378360427,optimal,0.19854389999818522,False,
378,31.63251941196549,12,3.43661,355118.86199322814,optimal,0.0735430000058841,False,
379,31.172289498545044,12,3.43661,350182.27664787776,optimal,0.08062019999488257,False,
380,29.141044648766925,11,3.43661,330319.8770423808,optimal,0.079627499988419,False,
381,26.620813739081726,10,3.43661,306537.71674350987,optimal,0.08314139999856707,False,
382,23.281421724540067,8,3.43661,274387.26323463576,optimal,0.08484959999623243,False,
383,20.520890441754148,9,3.0,248417.2354276418,optimal,0.07152310000674333,False,
384,18.768131496428033,7,3.43661,229941.30310079895,optimal,0.10071790000074543,False,
385,19.159480894947556,7,3.43661,232919.39498189348,optimal,0.08684019999054726,False,
386,19.28898012867812,7,3.43661,235666.33323088128,optimal,0.0872287999955006,False,
387,19.296064423981058,7,3.43661,237289.4089886914,optimal,0.2268874000001233,False,
388,18.791728725750236,7,3.43661,233620.99487770462,optimal,0.08490280000842176,False,
389,17.601661443581197,7,3.0,222657.1438654893,optimal,0.09427139999752399,False,
390,17.473551107624278,7,3.43661,221984.1494011852,optimal,0.08593390000169165,False,
391,17.651291107624278,7,3.36516,223781.57114555055,optimal,0.07613630000560079,False,
392,17.82591110762428,6,3.30822,226252.7622708614,optimal,0.0853351000114344,False,
393,18.00793110762428,7,3.43661,228549.69402735494,optimal,0.0930246000061743,False,
394,17.954301107624282,6,3.43661,228753.76627750412,optimal,0.2099240999959875,False,
395,14.51769110762428,5,3.0,194640.4729946216,optimal,0.19314990000566468,False,
396,11.806583107624277,4,3.0,162152.93633084075,optimal,0.07623370000510477,False,
397,9.095475107624267,4,3.0,130635.26348558808,optimal,0.06984539999393746,False,
398,6.384367107624271,3,3.0,100823.42565999582,optimal,0.06053660000907257,False,
399,3.6732591076242613,2,3.0,72112.59696031894,optimal,0.062319899996509776,False,
400,3.6732591076242613,2,3.0,71732.6018689069,optimal,0.07575849999557249,False,
401,3.6732591076242613,2,3.0,71128.38596347158,optimal,0.195935499999905,False,
402,6.673259107624261,3,3.0,99264.19401650477,optimal,0.07333299999299925,False,
403,8.232523547468395,5,3.0,112870.33453613472,optimal,0.07965149999654386,False,
404,10.926563768441358,6,3.0,139363.93877019652,optimal,0.0844723000045633,False,
405,12.019181359456194,7,3.0,149826.02836584504,optimal,0.07997020000766497,False,
406,13.314112896483504,6,3.0,158593.02498044612,optimal,0.07304180000210181,False,
407,13.230083409096023,6,3.0,153466.09197521943,optimal,0.06994020000274759,False,
408,14.267181173982925,7,3.0,160336.59963525104,optimal,0.07884170000033919,False,
409,14.719143239678997,9,3.0,160569.58216085986,optimal,0.22791289999440778,False,
410,12.618351876085335,5,3.0,135128.34025662957,optimal,0.0665002000023378,False,
411,13.73015603985425,5,3.0,142758.32951084716,optimal,0.2306871000037063,False,
412,13.73015603985425,5,3.0,142758.32951084716,optimal,0.07999070000369102,False,
413,16.102256039854247,6,3.0,166479.32951084714,optimal,0.24556559999473393,False,
414,18.536536039854248,7,3.0,190822.12951084715,optimal,0.09873559999687131,False,
415,21.209486039854248,8,3.0,217551.62951084715,optimal,0.23213340000074822,False,
416,24.129516039854252,9,3.0,246751.9295108472,optimal,0.08223749999888241,False,
417,24.129516039854252,9,3.0,246751.9295108472,optimal,0.22056239999074023,False,
418,24.38238837001605,10,3.0,249280.65281246515,optimal,0.08192500000586733,False,
419,24.129516039854252,9,3.0,246751.9295108472,optimal,0.08265820000087842,False,
420,21.88082003985425,8,3.0,224264.96951084715,optimal,0.21173530000669416,False,
421,19.169712039854247,7,3.0,197153.88951084713,optimal,0.070679199998267,False,
422,17.984330860255227,6,3.0,185300.07771485695,optimal,0.2234043000062229,False,
423,17.984330860255227,6,3.0,185300.07771485695,optimal,0.22777959999802988,False,
424,17.984330860255227,6,3.0,185300.07771485695,optimal,0.08755000001110602,False,
425,17.984330860255227,6,3.0,185300.07771485695,optimal,0.08664690000296105,False,
426,17.77289218488091,6,3.0,183185.69096111375,optimal,0.25726559999748133,False,
427,17.77289218488091,6,3.0,183185.69096111375,optimal,0.08794910000870004,False,
428,17.77289218488091,6,3.0,183185.69096111375,optimal,0.1011756000079913,False,
429,17.77289218488091,6,3.0,183185.69096111375,optimal,0.2757670999999391,False,
430,17.77289218488091,6,3.0,183185.69096111375,optimal,0.09013199999753851,False,
431,17.173124534195395,6,3.0,177188.0144542586,optimal,0.09723640000447631,False,
432,17.173124534195395,6,3.0,177188.0144542586,optimal,0.1032236000028206,False,
433,17.173124534195395,6,3.0,177188.0144542586,optimal,0.24917780001123901,False,
434,17.173124534195395,6,3.0,177188.0144542586,optimal,0.06953470000007655,False,
435,17.173124534195395,6,3.0,177188.0144542586,optimal,0.10622149999835528,False,
436,17.173124534195395,6,3.0,177188.0144542586,optimal,0.10388349999266211,False,
437,17.173124534195395,6,3.0,177188.0144542586,optimal,0.08398539999325294,False,
438,17.173124534195395,6,3.0,177188.0144542586,optimal,0.07922720001079142,False,
439,17.173124534195395,6,3.0,177188.0144542586,optimal,0.1891209000023082,False,
440,17.173124534195395,6,3.0,177188.0144542586,optimal,0.06651079999573994,False,
441,17.173124534195395,6,3.0,177188.0144542586,optimal,0.05960970000887755,False,
442,17.173124534195395,6,3.0,183266.65529347552,optimal,0.06038769999577198,False,
443,15.661900916782606,6,3.0,174396.41369453273,optimal,0.07338790000358131,False,
444,12.950792916782603,5,3.0,154844.36386276645,optimal,0.06760880000365432,False,
445,10.2396849167826,4,3.0,133150.61911317194,optimal,0.06404100000509061,False,
446,7.5285769167825976,3,3.0,110278.53076682899,optimal,0.06482639999012463,False,
447,4.8174689167825875,2,3.0,85104.96330950307,optimal,0.06908060000569094,False,
448,2.1063609167825916,1,2.1063609167825916,60627.53838131737,optimal,0.07208530000934843,False,
449,0.6019535362216857,1,0.6019535362216857,51764.65662819848,optimal,0.07574859999294858,False,
450,0.0,0,0.0,51656.55684234708,optimal,0.07050549999985378,False,
451,1.088857152813651,2,0.7151156479999998,67092.32847217142,optimal,0.07645630001206882,False,
452,3.415218067196392,3,3.0,92703.49350045474,optimal,0.06293279999226797,False,
453,2.864842983555832,1,2.864842983555832,89591.30015602981,optimal,0.063568600002327,False,
454,4.727438837979994,3,3.0,109652.15573723089,optimal,0.07893209999019746,False,
455,9.097958357271603,5,3.0,153357.35093014696,optimal,0.08912129999953322,False,
456,10.244625011157723,5,3.0,164824.01746900816,optimal,0.06375190000107978,False,
457,8.989190736314738,8,3.0,151974.06388853505,optimal,0.065490500011947,False,
458,2.673781593376343,4,2.3629897460678944,87922.46958549107,optimal,0.06469349999679253,False,
459,0.0,0,0.0,58550.60901555435,optimal,0.06555050000315532,False,
460,0.0,0,0.0,49716.438493821115,optimal,0.06049559998791665,False,
461,0.0,0,0.0,38806.412087848745,optimal,0.06808209999871906,False,
462,0.0,0,0.0,20082.39596514178,optimal,0.06986499999766238,False,
463,0.0,0,0.0,10218.23367065521,optimal,0.0745046999945771,False,
464,0.0,0,0.0,5456.769112304657,optimal,0.07579560000158381,False,
465,0.0,0,0.0,5456.769112304657,optimal,0.07406499999342486,False,
466,0.0,0,0.0,5456.769112304657,optimal,0.07340979999571573,False,
467,0.0,0,0.0,5456.769112304657,optimal,0.08578319998923689,False,
468,0.0,0,0.0,5456.769112304657,optimal,0.07525969999551307,False,
469,0.0,0,0.0,5456.769112304657,optimal,0.05897440000262577,False,
470,0.0,0,0.0,5456.769112304657,optimal,0.06657640000048559,False,
471,0.0,0,0.0,5456.769112304657,optimal,0.058393499988596886,False,
472,0.0,0,0.0,5456.769112304657,optimal,0.06072619999758899,False,
473,0.0,0,0.0,5456.769112304657,optimal,0.06109129999822471,False,
474,0.0,0,0.0,5456.769112304657,optimal,0.06372750000446104,False,
475,0.0,0,0.0,5456.769112304657,optimal,0.07629900000756606,False,
476,0.0,0,0.0,5456.769112304657,optimal,0.07259480000357144,False,
477,0.0,0,0.0,5456.769112304657,optimal,0.06981169999926351,False,
478,0.0,0,0.0,5456.769112304657,optimal,0.06622649999917485,False,
479,0.0,0,0.0,5456.769112304657,optimal,0.0663356000004569,False,
480,0.0,0,0.0,5456.769112304657,optimal,0.06832679999934044,False,
481,0.0,0,0.0,5456.769112304657,optimal,0.09088669999619015,False,
482,0.0,0,0.0,5456.769112304657,optimal,0.08180089999223128,False,
483,0.0,0,0.0,5456.769112304657,optimal,0.10741449998749886,False,
484,0.0,0,0.0,5456.769112304657,optimal,0.08939470000041183,False,
485,0.0,0,0.0,5456.769112304657,optimal,0.06655950000276789,False,
486,0.0,0,0.0,5456.769112304657,optimal,0.07075899999472313,False,
487,0.0,0,0.0,5456.769112304657,optimal,0.08493160000944044,False,
488,0.0,0,0.0,5456.769112304657,optimal,0.09363509999820963,False,
489,0.0,0,0.0,5456.769112304657,optimal,0.08787900001334492,False,
490,0.0,0,0.0,5456.769112304657,optimal,0.07721600000513718,False,
491,0.0,0,0.0,5456.769112304657,optimal,0.07961450000584591,False,
492,0.0,0,0.0,5456.769112304657,optimal,0.08876699999382254,False,
493,0.0,0,0.0,5456.769112304657,optimal,0.08165989999542944,False,
494,0.0,0,0.0,5456.769112304657,optimal,0.08500060001097154,False,
495,0.0,0,0.0,5456.769112304657,optimal,0.07099670000025071,False,
496,0.0,0,0.0,5456.769112304657,optimal,0.06861190000199713,False,
497,0.0,0,0.0,5456.769112304657,optimal,0.06738849999965169,False,
498,0.0,0,0.0,5456.769112304657,optimal,0.07104419999814127,False,
499,0.0,0,0.0,5456.769112304657,optimal,0.08825780000188388,False,
500,0.0,0,0.0,5456.769112304657,optimal,0.0974694000033196,False,
501,0.0,0,0.0,5456.769112304657,optimal,0.09503359999507666,False,
502,0.0,0,0.0,5456.769112304657,optimal,0.0723223999957554,False,
503,0.0,0,0.0,5456.769112304657,optimal,0.06755049999628682,False,
504,0.0,0,0.0,5456.769112304657,optimal,0.0891358999942895,False,
505,0.0,0,0.0,5456.769112304657,optimal,0.07664959999965504,False,
506,0.0,0,0.0,5456.769112304657,optimal,0.08953510000719689,False,
507,0.0,0,0.0,5456.769112304657,optimal,0.10469520000333432,False,
508,0.0,0,0.0,5456.769112304657,optimal,0.08743530001083855,False,
509,0.0,0,0.0,5456.769112304657,optimal,0.09075090000987984,False,
510,0.0,0,0.0,5456.769112304657,optimal,0.07635620000655763,False,
511,0.0,0,0.0,5456.769112304657,optimal,0.07428020000224933,False,
512,0.0,0,0.0,5456.769112304657,optimal,0.08220830000936985,False,
513,0.0,0,0.0,5456.769112304657,optimal,0.07225300000573043,False,
514,0.0,0,0.0,5456.769112304657,optimal,0.06406360000255518,False,
515,0.0,0,0.0,5456.769112304657,optimal,0.07106909999856725,False,
516,0.0,0,0.0,5456.769112304657,optimal,0.067425600005663,False,
517,0.0,0,0.0,5456.769112304657,optimal,0.06844510001246817,False,
518,0.0,0,0.0,5456.769112304657,optimal,0.07512169999245089,False,
519,0.0,0,0.0,5456.769112304657,optimal,0.07804210000904277,False,
520,0.0,0,0.0,5456.769112304657,optimal,0.07201409999106545,False,
521,0.0,0,0.0,5456.769112304657,optimal,0.07215400000859518,False,
522,0.0,0,0.0,5456.769112304657,optimal,0.08557419999851845,False,
523,0.0,0,0.0,5456.769112304657,optimal,0.0822003999928711,False,
524,0.0,0,0.0,5456.769112304657,optimal,0.06600530000287108,False,
525,0.0,0,0.0,5456.769112304657,optimal,0.06512410000141244,False,
526,0.0,0,0.0,5456.769112304657,optimal,0.07182599999941885,False,
527,0.0,0,0.0,5456.769112304657,optimal,0.06851559999631718,False,
528,0.0,0,0.0,5456.769112304657,optimal,0.07606870000017807,False,
529,0.0,0,0.0,5456.769112304657,optimal,0.07831159999477677,False,
530,0.0,0,0.0,5456.769112304657,optimal,0.09001280000666156,False,
531,0.0,0,0.0,5456.769112304657,optimal,0.09299889999965671,False,
532,0.0,0,0.0,5456.769112304657,optimal,0.07556080000358634,False,
533,0.0,0,0.0,5456.769112304657,optimal,0.07050309999613091,False,
534,0.0,0,0.0,5456.769112304657,optimal,0.06277720000070985,False,
535,0.0,0,0.0,5456.769112304657,optimal,0.06831790000433102,False,
536,0.0,0,0.0,5456.769112304657,optimal,0.0948220999998739,False,
537,0.0,0,0.0,5456.769112304657,optimal,0.09877039999992121,False,
538,0.0,0,0.0,5456.769112304657,optimal,0.08293439999397378,False,
539,0.0,0,0.0,5456.769112304657,optimal,0.06498999999894295,False,
540,0.0,0,0.0,5456.769112304657,optimal,0.06165289999626111,False,
541,0.0,0,0.0,5456.769112304657,optimal,0.06695069999841508,False,
542,0.0,0,0.0,5456.769112304657,optimal,0.07124399999156594,False,
543,0.0,0,0.0,5456.769112304657,optimal,0.07294840000395197,False,
544,0.0,0,0.0,5456.769112304657,optimal,0.0660143999994034,False,
545,0.0,0,0.0,5456.769112304657,optimal,0.07631279999623075,False,
546,0.0,0,0.0,5456.769112304657,optimal,0.07395000000542495,False,
547,0.0,0,0.0,5456.769112304657,optimal,0.07143039999937173,False,
548,0.0,0,0.0,5456.769112304657,optimal,0.06651039999269415,False,
549,0.0,0,0.0,5456.769112304657,optimal,0.09778949999599718,False,
550,0.0,0,0.0,5456.769112304657,optimal,0.09876939999230672,False,
551,0.0,0,0.0,5456.769112304657,optimal,0.07188979999045841,False,
552,0.0,0,0.0,5456.769112304657,optimal,0.06459670000185724,False,
553,0.0,0,0.0,5456.769112304657,optimal,0.07118479999189731,False,
554,0.0,0,0.0,5456.769112304657,optimal,0.07680920000711922,False,
555,0.0,0,0.0,5456.769112304657,optimal,0.08401330000197049,False,
556,0.0,0,0.0,5456.769112304657,optimal,0.07832240000425372,False,
557,0.0,0,0.0,5456.769112304657,optimal,0.07681490000686608,False,
558,0.0,0,0.0,5456.769112304657,optimal,0.08052479999605566,False,
559,0.0,0,0.0,5456.769112304657,optimal,0.09424210000724997,False,
560,0.0,0,0.0,5456.769112304657,optimal,0.08619080000789836,False,
561,0.0,0,0.0,5456.769112304657,optimal,0.07855490001384169,False,
562,0.0,0,0.0,5456.769112304657,optimal,0.07711399999971036,False,
563,0.0,0,0.0,5456.769112304657,optimal,0.08748310001101345,False,
564,0.0,0,0.0,5456.769112304657,optimal,0.10449529999459628,False,
565,0.0,0,0.0,5456.769112304657,optimal,0.10505250000278465,False,
566,0.0,0,0.0,5456.769112304657,optimal,0.08276479999767616,False,
567,0.0,0,0.0,5456.769112304657,optimal,0.10590870000305586,False,
568,0.0,0,0.0,5456.769112304657,optimal,0.09293829998932779,False,
569,0.0,0,0.0,5456.769112304657,optimal,0.09186479999334551,False,
570,0.0,0,0.0,5456.769112304657,optimal,0.22576259999186732,False,
571,0.0,0,0.0,5456.769112304657,optimal,0.07883250000304542,False,
572,0.0,0,0.0,5456.769112304657,optimal,0.09974890000012238,False,
573,0.0,0,0.0,5456.769112304657,optimal,0.21579109999584034,False,
574,0.0,0,0.0,5456.769112304657,optimal,0.06700029999774415,False,
575,0.0,0,0.0,5456.769112304657,optimal,0.0662632999883499,False,
576,0.0,0,0.0,5456.769112304657,optimal,0.06626729998970404,False,
577,0.0,0,0.0,5456.769112304657,optimal,0.07753269998647738,False,
578,0.0,0,0.0,5456.769112304657,optimal,0.07943349999550264,False,
579,0.0,0,0.0,5456.769112304657,optimal,0.07140630000503734,False,
580,0.0,0,0.0,5456.769112304657,optimal,0.0791282999998657,False,
581,0.0,0,0.0,5456.769112304657,optimal,0.08648850000463426,False,
582,0.0,0,0.0,5456.769112304657,optimal,0.07040969999798108,False,
583,0.0,0,0.0,5456.769112304657,optimal,0.06813299999339506,False,
584,0.0,0,0.0,5456.769112304657,optimal,0.07398710001143627,False,
585,0.0,0,0.0,5456.769112304657,optimal,0.0659970999986399,False,
586,0.0,0,0.0,5456.769112304657,optimal,0.07000969999353401,False,
587,0.0,0,0.0,5456.769112304657,optimal,0.0860032000055071,False,
588,0.0,0,0.0,5456.769112304657,optimal,0.1726595000072848,False,
589,0.0,0,0.0,5456.769112304657,optimal,0.17095339999650605,False,
590,0.0,0,0.0,5456.769112304657,optimal,0.09755800000857562,False,
591,0.0,0,0.0,5456.769112304657,optimal,0.07064119999995455,False,
592,0.0,0,0.0,5456.769112304657,optimal,0.06881710000743624,False,
593,0.0,0,0.0,5456.769112304657,optimal,0.05947279999963939,False,
594,0.0,0,0.0,5456.769112304657,optimal,0.20222310000099242,False,
595,0.0,0,0.0,5456.769112304657,optimal,0.09700100000191014,False,
596,0.0,0,0.0,5456.769112304657,optimal,0.08746929999324493,False,
597,0.0,0,0.0,5456.769112304657,optimal,0.09287560000666417,False,
598,0.0,0,0.0,5456.769112304657,optimal,0.22336839999479707,False,
599,0.0,0,0.0,5456.769112304657,optimal,0.09715349999896716,False,
600,0.0,0,0.0,5456.769112304657,optimal,0.09851509999134578,False,
601,0.0,0,0.0,5456.769112304657,optimal,0.12303320001228712,False,
602,0.0,0,0.0,5456.769112304657,optimal,0.10441440000431612,False,
603,0.0,0,0.0,5456.769112304657,optimal,0.08640970000124071,False,
604,0.0,0,0.0,5456.769112304657,optimal,0.068648900007247,False,
605,0.0,0,0.0,5456.769112304657,optimal,0.06193579999671783,False,
606,0.0,0,0.0,5456.769112304657,optimal,0.06897029999527149,False,
607,0.0,0,0.0,5456.769112304657,optimal,0.07095419999677688,False,
608,0.0,0,0.0,5456.769112304657,optimal,0.21263140000519343,False,
609,0.0,0,0.0,5456.769112304657,optimal,0.08425739999802317,False,
610,0.0,0,0.0,5456.769112304657,optimal,0.0801830999989761,False,
611,0.0,0,0.0,5456.769112304657,optimal,0.07795540000370238,False,
612,0.0,0,0.0,5456.769112304657,optimal,0.08014629999524914,False,
613,0.0,0,0.0,5456.769112304657,optimal,0.08012009999947622,False,
614,0.0,0,0.0,5456.769112304657,optimal,0.09440230000473093,False,
615,0.0,0,0.0,5456.769112304657,optimal,0.0795749000099022,False,
616,0.0,0,0.0,5456.769112304657,optimal,0.06760520000534598,False,
617,0.0,0,0.0,5456.769112304657,optimal,0.07087199999659788,False,
618,0.0,0,0.0,5456.769112304657,optimal,0.1820624000101816,False,
619,0.0,0,0.0,5456.769112304657,optimal,0.06380869999702554,False,
620,0.0,0,0.0,5456.769112304657,optimal,0.06115129998943303,False,
621,0.0,0,0.0,5456.769112304657,optimal,0.07037149999814574,False,
622,0.0,0,0.0,5456.769112304657,optimal,0.06821389999822713,False,
623,0.0,0,0.0,5456.769112304657,optimal,0.18214119999902323,False,
624,0.0,0,0.0,5456.769112304657,optimal,0.06913190000341274,False,
625,0.0,0,0.0,5456.769112304657,optimal,0.07277240000257734,False,
626,0.0,0,0.0,5456.769112304657,optimal,0.18807770000421442,False,
627,0.0,0,0.0,5456.769112304657,optimal,0.06148699999903329,False,
628,0.0,0,0.0,5456.769112304657,optimal,0.06728630000725389,False,
629,0.0,0,0.0,5456.769112304657,optimal,0.0730113000026904,False,
630,0.0,0,0.0,5456.769112304657,optimal,0.06497640001180116,False,
631,0.0,0,0.0,5456.769112304657,optimal,0.07210390000545885,False,
632,0.0,0,0.0,5456.769112304657,optimal,0.20253309998952318,False,
633,0.0,0,0.0,5456.769112304657,optimal,0.06141569999454077,False,
634,0.0,0,0.0,5456.769112304657,optimal,0.08123039999918547,False,
635,0.0,0,0.0,5456.769112304657,optimal,0.07381570000143256,False,
636,0.0,0,0.0,5456.769112304657,optimal,0.06525959999999031,False,
637,0.0,0,0.0,5456.769112304657,optimal,0.06507120000605937,False,
638,0.0,0,0.0,5456.769112304657,optimal,0.08131040001171641,False,
639,0.0,0,0.0,5456.769112304657,optimal,0.22236749999865424,False,
640,0.0,0,0.0,5456.769112304657,optimal,0.06533679999120068,False,
641,0.0,0,0.0,5456.769112304657,optimal,0.09025209999526851,False,
642,0.0,0,0.0,5456.769112304657,optimal,0.08560629999556113,False,
643,0.0,0,0.0,5456.769112304657,optimal,0.19319990000803955,False,
644,0.0,0,0.0,5456.769112304657,optimal,0.22844269999768585,False,
645,0.0,0,0.0,5456.769112304657,optimal,0.07500539999455214,False,
646,0.0,0,0.0,5456.769112304657,optimal,0.06386529999144841,False,
647,0.0,0,0.0,5456.769112304657,optimal,0.2660226000007242,False,
648,0.0,0,0.0,5456.769112304657,optimal,0.2564672000007704,False,
649,0.0,0,0.0,5456.769112304657,optimal,0.10356290001072921,False,
650,0.0,0,0.0,5456.769112304657,optimal,0.26290570000128355,False,
651,0.0,0,0.0,5456.769112304657,optimal,0.08770510001340881,False,
652,0.0,0,0.0,5456.769112304657,optimal,0.07708580000326037,False,
653,0.0,0,0.0,5456.769112304657,optimal,0.24192839999159332,False,
654,0.0,0,0.0,5456.769112304657,optimal,0.24625520000699908,False,
655,0.0,0,0.0,5456.769112304657,optimal,0.07959680000203662,False,
656,0.0,0,0.0,5456.769112304657,optimal,0.08232990000396967,False,
657,0.0,0,0.0,5456.769112304657,optimal,0.23613679999834858,False,
658,0.0,0,0.0,5456.769112304657,optimal,0.07653279999794904,False,
659,0.0,0,0.0,5456.769112304657,optimal,0.08452889999898616,False,
660,0.0,0,0.0,5456.769112304657,optimal,0.2547149000019999,False,
661,0.0,0,0.0,5456.769112304657,optimal,0.08955580000474583,False,
662,0.0,0,0.0,5456.769112304657,optimal,0.08601059998909477,False,
663,0.0,0,0.0,5456.769112304657,optimal,0.0828060999920126,False,
664,0.0,0,0.0,5456.769112304657,optimal,0.2145520000049146,False,
665,0.0,0,0.0,5456.769112304657,optimal,0.08095190000312869,False,
666,0.0,0,0.0,5456.769112304657,optimal,0.07892259999061935,False,
667,0.0,0,0.0,5456.769112304657,optimal,0.0858003000030294,False,
668,0.0,0,0.0,5456.769112304657,optimal,0.07747179998841602,False,
669,0.0,0,0.0,5456.769112304657,optimal,0.19105349999153987,False,
670,0.0,0,0.0,5456.769112304657,optimal,0.08251039999595378,False,
671,0.0,0,0.0,5456.769112304657,optimal,0.07741230000101496,False,
672,0.0,0,0.0,5456.769112304657,optimal,0.07321210000372957,False,
673,0.0,0,0.0,5456.769112304657,optimal,0.06965410000702832,False,
674,0.0,0,0.0,5456.769112304657,optimal,0.06942369999887887,False,
675,0.0,0,0.0,5456.769112304657,optimal,0.07820059999357909,False,
676,0.0,0,0.0,5456.769112304657,optimal,0.07754070000373758,False,
677,0.0,0,0.0,5456.769112304657,optimal,0.07210230000782758,False,
678,0.0,0,0.0,5456.769112304657,optimal,0.07401240000035614,False,
679,0.0,0,0.0,5456.769112304657,optimal,0.07686469999316614,False,
680,0.0,0,0.0,5456.769112304657,optimal,0.09005769999930635,False,
681,0.30589999999999984,1,0.30589999999999984,8515.769112304655,optimal,0.08476769999833778,False,
682,0.0,0,0.0,5456.769112304657,optimal,0.0742956000030972,False,
683,0.0,0,0.0,5456.769112304657,optimal,0.06432520000089426,False,
684,0.0,0,0.0,5456.769112304657,optimal,0.07332799999858253,False,
685,0.0,0,0.0,5456.769112304657,optimal,0.09097879999899305,False,
686,0.0,0,0.0,5456.769112304657,optimal,0.07484570000087842,False,
687,0.0,0,0.0,5456.769112304657,optimal,0.08287380001274869,False,
688,0.0,0,0.0,5456.769112304657,optimal,0.06944789999397472,False,
689,0.0,0,0.0,5456.769112304657,optimal,0.06181080000533257,False,
690,0.0,0,0.0,5456.769112304657,optimal,0.06356480000249576,False,
691,0.0,0,0.0,5456.769112304657,optimal,0.0748602999956347,False,
692,0.0,0,0.0,5456.769112304657,optimal,0.08701920000021346,False,
693,0.0,0,0.0,5456.769112304657,optimal,0.08352269999159034,False,
694,0.0,0,0.0,5456.769112304657,optimal,0.07956430000194814,False,
695,0.0,0,0.0,5456.769112304657,optimal,0.08162949999677949,False,
696,0.0,0,0.0,5456.769112304657,optimal,0.08127549999335315,False,
697,0.0,0,0.0,5456.769112304657,optimal,0.07370839999930467,False,
698,0.0,0,0.0,5456.769112304657,optimal,0.07077920000301674,False,
699,0.0,0,0.0,5456.769112304657,optimal,0.06889899999077898,False,
700,0.0,0,0.0,5456.769112304657,optimal,0.06699049999588169,False,
701,0.0,0,0.0,5456.769112304657,optimal,0.07118879999325145,False,
702,0.0,0,0.0,5456.769112304657,optimal,0.06720130000030622,False,
703,0.0,0,0.0,6353.525787672099,optimal,0.062041400000452995,False,
704,0.0,0,0.0,16083.359934539247,optimal,0.07623260001128074,False,
705,0.0,0,0.0,25910.977016153036,optimal,0.0794064000074286,False,
706,0.0,0,0.0,32182.70222725326,optimal,0.09859619999770075,False,
707,0.0,0,0.0,34136.54977315346,optimal,0.08514930000819732,False,
708,0.0,0,0.0,33611.625468070604,optimal,0.09495379999862053,False,
709,0.0,0,0.0,33353.44494639039,optimal,0.07724830000370275,False,
710,0.0,0,0.0,36563.80319161147,optimal,0.07711309999285731,False,
711,0.0,0,0.0,38801.996755571105,optimal,0.07183709999662824,False,
712,0.0,0,0.0,42215.654911217905,optimal,0.06541419999848586,False,
713,0.0,0,0.0,49403.30073385486,optimal,0.0761484999966342,False,
714,0.0,0,0.0,55671.275949799194,optimal,0.09066590000293218,False,
715,0.0,0,0.0,57432.15675667276,optimal,0.08913680000114255,False,
716,0.0,0,0.0,59374.20620296216,optimal,0.0856943999970099,False,
717,0.0,0,0.0,58771.61514639242,optimal,0.0819779000012204,False,
718,0.0,0,0.0,56693.338204553715,optimal,0.0694589999911841,False,
719,0.0,0,0.0,52629.64465222799,optimal,0.06892179998976644,False,
720,0.0,0,0.0,47597.23341881389,optimal,0.0720115000003716,False,
721,0.0,0,0.0,42598.79203177153,optimal,0.06465080000634771,False,
722,0.0,0,0.0,38460.5457174957,optimal,0.0814820000086911,False,
723,0.0,0,0.0,35305.83497563735,optimal,0.10134379999362864,False,
724,0.0,0,0.0,35751.135848728925,optimal,0.08578110000235029,False,
725,0.0,0,0.0,34377.48491243743,optimal,0.07175189998815767,False,
726,0.0,0,0.0,31450.128941880248,optimal,0.07310749999305699,False,
727,0.0,0,0.0,26949.99967919607,optimal,0.05943999999726657,False,
728,0.0,0,0.0,23959.57017223011,optimal,0.07465310000407044,False,
729,0.0,0,0.0,21824.93477673419,optimal,0.07673380000051111,False,
730,0.0,0,0.0,18358.979393762274,optimal,0.0748475000000326,False,
731,0.0,0,0.0,5456.769112304657,optimal,0.06784469999547582,False,
732,0.0,0,0.0,5456.769112304657,optimal,0.056449100011377595,False,
733,0.0,0,0.0,5456.769112304657,optimal,0.07659250000142492,False,
734,0.0,0,0.0,5456.769112304657,optimal,0.07627909998700488,False,
735,0.0,0,0.0,5456.769112304657,optimal,0.08377129999280442,False,
736,0.0,0,0.0,5456.769112304657,optimal,0.06580929999472573,False,
737,0.0,0,0.0,5456.769112304657,optimal,0.07380089999060147,False,
738,0.0,0,0.0,5456.769112304657,optimal,0.07758789999934379,False,
739,0.0,0,0.0,5456.769112304657,optimal,0.07165579999855254,False,
740,0.0,0,0.0,5456.769112304657,optimal,0.06856790000165347,False,
741,0.0,0,0.0,5456.769112304657,optimal,0.06938230000378098,False,
742,0.0,0,0.0,5456.769112304657,optimal,0.07724369999777991,False,
743,0.0,0,0.0,5456.769112304657,optimal,0.06724239999311976,False,
744,0.0,0,0.0,5456.769112304657,optimal,0.06458019999263342,False,
745,0.0,0,0.0,5456.769112304657,optimal,0.060072499996749684,False,
746,0.0,0,0.0,5456.769112304657,optimal,0.0700483999971766,False,
747,0.0,0,0.0,5456.769112304657,optimal,0.07254850000026636,False,
748,0.0,0,0.0,5456.769112304657,optimal,0.0818829000054393,False,
749,0.0,0,0.0,5456.769112304657,optimal,0.08055139999487437,False,
750,0.0,0,0.0,5456.769112304657,optimal,0.08027289999881759,False,
751,0.0,0,0.0,8795.253987000578,optimal,0.07521989999804646,False,
752,0.0,0,0.0,14329.794046835837,optimal,0.07667600001150277,False,
753,0.0,0,0.0,19220.177391344743,optimal,0.07258129998808727,False,
754,0.0,0,0.0,25513.024553582974,optimal,0.07428669999353588,False,
755,0.0,0,0.0,27983.34150226401,optimal,0.08523060000152327,False,
756,0.0,0,0.0,33581.43529617123,optimal,0.09802180000406224,False,
757,0.0,0,0.0,33581.43529617123,optimal,0.0878004999976838,False,
758,0.0,0,0.0,39243.61403457934,optimal,0.06189599999925122,False,
759,1.5806149340006117,2,1.3645649340006116,62821.687862220446,optimal,0.06778289999056142,False,
760,11.149029866328187,7,3.21605,154219.1990541443,optimal,0.07293480000225827,False,
761,19.76725352525264,12,3.0,236114.79751203695,optimal,0.08006930000556167,False,
762,23.633276568478024,13,3.09622,270488.38981293887,optimal,0.09571639999921899,False,
763,21.91673840232515,11,3.21605,251471.26057283473,optimal,0.0780491999903461,False,
764,17.632923352994712,10,3.0,206987.11925919142,optimal,0.07760050000797492,False,
765,12.365104696654216,7,3.0,156195.53137013636,optimal,0.07217500000842847,False,
766,4.210797085352812,4,2.9615721666832684,76648.60508277171,optimal,0.06942069999058731,False,
767,0.0,0,0.0,31035.03369562012,optimal,0.0646374000061769,False,
768,0.0,0,0.0,17596.57812674474,optimal,0.0740730999968946,False,
769,0.0,0,0.0,11634.697540760884,optimal,0.07216409999819007,False,
770,0.0,0,0.0,14566.427922187153,optimal,0.06427589998929761,False,
771,0.0,0,0.0,17999.459795619154,optimal,0.06775079999351874,False,
772,0.0,0,0.0,20009.776070736712,optimal,0.07586910000827629,False,
773,0.0,0,0.0,22824.28070385971,optimal,0.06654410000192001,False,
774,0.0,0,0.0,26262.909808750195,optimal,0.07124889999977313,False,
775,0.0,0,0.0,29970.285080590125,optimal,0.07138449999911245,False,
776,0.0,0,0.0,34218.96323090934,optimal,0.07098189998941962,False,
777,0.0,0,0.0,39054.243887189805,optimal,0.07019240000227,False,
778,0.0,0,0.0,40310.2215168672,optimal,0.0647329999919748,False,
779,0.0,0,0.0,36234.526653008645,optimal,0.07448690000455827,False,
780,0.0,0,0.0,31350.09746699669,optimal,0.07128580000426155,False,
781,0.0,0,0.0,28725.053643502095,optimal,0.08613739999418613,False,
782,0.0,0,0.0,24438.4155121502,optimal,0.07372249999025371,False,
783,0.0,0,0.0,20151.777380798318,optimal,0.05880260000412818,False,
784,0.0,0,0.0,15865.139249446416,optimal,0.07276260000071488,False,
785,0.0,0,0.0,16106.190476035858,optimal,0.08236020000185817,False,
786,0.0,0,0.0,22019.39503853601,optimal,0.08397109998622909,False,
787,0.0,0,0.0,24145.018687311727,optimal,0.07886629999848083,False,
788,0.0,0,0.0,25729.191858131835,optimal,0.08139290001417976,False,
789,0.0,0,0.0,27816.85349395795,optimal,0.0889100999920629,False,
790,0.0,0,0.0,29832.631413989602,optimal,0.07099950000701938,False,
791,0.0,0,0.0,31487.063770879475,optimal,0.07522590000007767,False,
792,0.0,0,0.0,32676.66950508477,optimal,0.09269049999420531,False,
793,0.0,0,0.0,33763.48456365631,optimal,0.09291160000429954,False,
794,0.0,0,0.0,34512.238896778515,optimal,0.08170360000804067,False,
795,0.0,0,0.0,36347.61597656962,optimal,0.06992429999809247,False,
796,0.0,0,0.0,39222.23101023934,optimal,0.08429499999328982,False,
797,0.0,0,0.0,42230.83429659705,optimal,0.08279400000174064,False,
798,0.0,0,0.0,45425.05632038106,optimal,0.09599099999468308,False,
799,0.0,0,0.0,49449.410304141624,optimal,0.0761991999897873,False,
800,0.0,0,0.0,53902.15023187152,optimal,0.23635449999710545,False,
801,0.34138,1,0.34138,61516.83055535731,optimal,0.09644170000683516,False,
802,0.0,0,0.0,58560.01130002824,optimal,0.0905715999979293,False,
803,0.0,0,0.0,53897.5138182825,optimal,0.08336330000020098,False,
804,0.0,0,0.0,47917.76930748799,optimal,0.2510930999997072,False,
805,0.0,0,0.0,39348.21107376949,optimal,0.08848049999505747,False,
806,0.0,0,0.0,31765.270345306326,optimal,0.07557320001069456,False,
807,0.0,0,0.0,26018.083811713874,optimal,0.10105539999494795,False,
808,0.0,0,0.0,18198.171456932458,optimal,0.09934279999288265,False,
809,0.0,0,0.0,14283.82901322025,optimal,0.09803959999408107,False,
810,0.0,0,0.0,13835.464134367556,optimal,0.07718429999658838,False,
811,0.0,0,0.0,12000.7177636237,optimal,0.07643600000301376,False,
812,0.0,0,0.0,11921.062203454923,optimal,0.08102289999078494,False,
813,0.0,0,0.0,10940.664028559504,optimal,0.09613700000045355,False,
814,0.0,0,0.0,13374.134895781695,optimal,0.09956030000466853,False,
815,0.0,0,0.0,15481.773737474521,optimal,0.09451500000432134,False,
816,0.0,0,0.0,18022.38842011645,optimal,0.09247809999214951,False,
817,0.0,0,0.0,20089.501966867716,optimal,0.08643389999633655,False,
818,0.0,0,0.0,22308.970391720755,optimal,0.09568389999913052,False,
819,0.0,0,0.0,24909.178206647426,optimal,0.09273540000140201,False,
820,0.0,0,0.0,26064.76497896538,optimal,0.08128030000079889,False,
821,0.0,0,0.0,27629.180949540947,optimal,0.08448910000151955,False,
822,0.0,0,0.0,31850.4080808497,optimal,0.0751921999908518,False,
823,0.0,0,0.0,34697.319301389885,optimal,0.06838470000366215,False,
824,0.0,0,0.0,37694.27847359901,optimal,0.10577580000972375,False,
825,0.06485999999999992,1,0.06485999999999992,39835.71123446368,optimal,0.23281129999668337,False,
826,0.0,0,0.0,37491.88243141865,optimal,0.08720949999406002,False,
827,0.0,0,0.0,37049.06159514518,optimal,0.07622149999951944,False,
828,0.0,0,0.0,37049.06159514518,optimal,0.0706925999984378,False,
829,0.0,0,0.0,36403.36187330203,optimal,0.19288139999844134,False,
830,0.0,0,0.0,32116.72374195014,optimal,0.0681851999979699,False,
831,0.0,0,0.0,32116.723741950133,optimal,0.0740757999883499,False,
832,0.0,0,0.0,32116.723741950125,optimal,0.06761360001110006,False,
833,0.0,0,0.0,35353.942731652554,optimal,0.05921279999893159,False,
834,1.2624654967089697,1,1.2624654967089697,52328.871621343314,optimal,0.064140700007556,False,
835,1.6987789866526195,2,1.3924555592436008,58509.323220191334,optimal,0.061528999998699874,False,
836,1.922428798509919,2,1.6161053711009004,62824.574691584516,optimal,0.06570350000401959,False,
837,1.4843074055994496,2,0.858046372220798,60830.731582840584,optimal,0.07724729999608826,False,
838,1.2314515523356846,1,1.2314515523356846,60596.17111207558,optimal,0.30484830000204965,False,
839,0.45426560310600905,1,0.45426560310600905,55007.13888042657,optimal,0.10653339998680167,False,
840,0.0,0,0.0,51751.86040792531,optimal,0.14364159999240655,False,
841,0.0,0,0.0,52755.92798151862,optimal,0.1392645000014454,False,
842,0.0,0,0.0,57112.17144685064,optimal,0.09007209999253973,False,
843,0.0,0,0.0,61075.2685901137,optimal,0.07133990000875201,False,
844,2.9590288108247513,5,1.402112435021746,91968.05546567845,optimal,0.10210289999668021,False,
845,6.5044255957509,7,2.27239,127422.02331493994,optimal,0.10448759999417234,False,
846,8.801518367104801,8,2.24421,150392.95102847894,optimal,0.07480069999292027,False,
847,12.05068110675598,9,3.0,182884.57842499073,optimal,0.24846350000007078,False,
848,16.650235973700568,8,3.0,228880.1270944366,optimal,0.07329120000940748,False,
849,21.43820493082159,10,3.0,276759.81666564685,optimal,0.08297629999287892,False,
850,26.117178608521137,13,3.0,323549.55344264227,optimal,0.09170000000449363,False,
851,21.920541145726613,10,3.31557,281583.1788146971,optimal,0.08620219999284018,False,
852,21.176472510071676,10,3.31557,269855.8543267958,optimal,0.23263449998921715,False,
853,18.33901461149066,9,3.31557,237194.63720963377,optimal,0.07751399998960551,False,
854,18.13190474027519,7,3.0,230836.90036612717,optimal,0.07686820000526495,False,
855,15.91766677884411,8,3.0,207081.72508056957,optimal,0.07268179999664426,False,
856,15.202034814966586,7,3.31557,195638.76731044246,optimal,0.08460740000009537,False,
857,14.562930940903598,6,3.0,186381.20678022457,optimal,0.24999080000270624,False,
858,15.902705871936515,7,3.31557,199924.8918044896,optimal,0.09305390001100022,False,
859,15.761655452080074,7,3.31557,200284.6496137534,optimal,0.09985989998676814,False,
860,15.931969984470879,7,3.31557,204105.0946466816,optimal,0.08830409999063704,False,
861,15.803979632983234,9,2.92476,204933.60283937427,optimal,0.08946820000710431,False,
862,15.778749632983228,6,3.31557,206224.3905352872,optimal,0.08905989999766462,False,
863,15.825920906479748,8,3.0,208507.36476540798,optimal,0.17481779999798164,False,
864,15.126381791181277,7,3.31557,203288.60262810934,optimal,0.06875230000878219,False,
865,13.96340716204028,6,3.0,193460.5662206301,optimal,0.07367490000615362,False,
866,13.183523775334352,6,3.31557,187166.99074818764,optimal,0.06855549999454524,False,
867,11.217426904813475,6,3.0,170024.56873120548,optimal,0.06286750000435859,False,
868,9.595951433638389,5,3.31557,157022.32460852494,optimal,0.05629749999206979,False,
869,10.963638213078175,7,3.0,172014.1494882127,optimal,0.06662290000531357,False,
870,12.37216321259529,7,3.31557,186099.39948338384,optimal,0.18520490000082646,False,
871,13.731361800398805,6,3.1083136360831096,199691.385361419,optimal,0.0767548000003444,False,
872,13.965843054091932,9,3.0,202036.19789835028,optimal,0.06966059999831486,False,
873,13.3739703224824,7,3.0,196117.47058225493,optimal,0.0876696999912383,False,
874,14.484372719528313,7,2.378242709442867,207221.49455271408,optimal,0.230445499997586,False,
875,11.44603408205382,4,3.0,176838.10817796914,optimal,0.20984060000046156,False,
876,12.417271193742241,7,3.0,182263.84116350146,optimal,0.08012959999905434,False,
877,10.320352077324817,6,3.0,157008.01186797532,optimal,0.07942259999981616,False,
878,10.76958123156908,5,3.0,157213.6652790661,optimal,0.21862820000387728,False,
879,10.957114898786983,5,3.0,154802.36381989322,optimal,0.22038539999630302,False,
880,13.108920133655207,7,3.0,172033.7780372236,optimal,0.09309590001066681,False,
881,13.944044012055205,6,3.0,176098.37868987166,optimal,0.07258490000094753,False,
882,16.586729388055193,7,3.25457,198238.59431851967,optimal,0.07302009999693837,False,
883,16.892009388055207,8,3.0,199430.50775750648,optimal,0.1921911999961594,False,
884,17.08007716548613,8,3.25457,202525.47790716914,optimal,0.22516270000778604,False,
885,17.329499287940735,8,3.25457,206658.91031878584,optimal,0.22184469999046996,False,
886,18.189288794842504,8,3.25457,216362.9915797868,optimal,0.08193869999377057,False,
887,18.53282129562971,8,3.25457,220951.10505384993,optimal,0.07476540000061505,False,
888,18.694578740777587,8,3.25457,223954.96001082283,optimal,0.26546340000641067,False,
889,18.602448301452608,8,3.25457,224537.74215821025,optimal,0.10315419999824371,False,
890,18.851819178969606,8,3.25457,228626.2805655696,optimal,0.1036063999927137,False,
891,19.223596594078284,9,3.0,233816.15266875885,optimal,0.27102430000377353,False,
892,19.438016500304,8,3.25457,238330.6808663827,optimal,0.0908651999925496,False,
893,19.504906500304,8,3.25457,242057.0132107282,optimal,0.09548289999656845,False,
894,19.76588579700984,8,3.25457,247733.4249387349,optimal,0.1118762000114657,False,
895,20.02157579700984,8,3.25457,252687.41961917724,optimal,0.09915199999522883,False,
896,20.56809308756697,8,3.096562435021747,260902.33120808803,optimal,0.22209149999252986,False,
897,21.005493087566975,8,3.0,268456.08981148456,optimal,0.07716780000191648,False,
898,19.893385092584147,8,3.0,261311.6182832724,optimal,0.08612859999993816,False,
899,15.997570358615562,6,3.0,218033.4372443858,optimal,0.23714820000168402,False,
900,16.054056641384147,7,3.0,217897.87139000426,optimal,0.08778509999683592,False,
901,17.036000922984154,7,3.0,223430.67607465247,optimal,0.07213580000097863,False,
902,20.095273185384148,9,3.0,249736.76056730052,optimal,0.07555809999757912,False,
903,20.576156922984154,9,3.0,250258.95981194868,optimal,0.07551379999495111,False,
904,23.28726492298415,10,3.0,273083.40168059675,optimal,0.10088640000321902,False,
905,25.990691380960623,12,3.0,295831.0281290096,optimal,0.0953985000087414,False,
906,29.413141751784153,13,3.0,325768.89370589296,optimal,0.0901259999955073,False,
907,29.56449073034504,13,3.0,324069.74385517597,optimal,0.08309470000676811,False,
908,29.69021926222293,13,3.0,325387.1043004,optimal,0.08693269999639597,False,
909,29.17228962657459,12,3.0,319894.71333175374,optimal,0.07008130000031088,False,
910,29.8575921368679,12,3.0,326645.33427924674,optimal,0.07470359999570064,False,
911,30.422581929572488,13,3.0,332543.6913820776,optimal,0.06873590000031982,False,
912,30.87984390120781,13,3.0,337102.940399334,optimal,0.07578460000513587,False,
913,30.881400391858037,13,3.0,336205.62587257253,optimal,0.06857429999217857,False,
914,30.598564488861676,13,3.0,332854.9328987079,optimal,0.08726329999626614,False,
915,30.65180824356589,13,3.0,334456.30080969137,optimal,0.08100140000169631,False,
916,30.863218243565893,13,3.0,337094.4612240905,optimal,0.08211020000453573,False,
917,30.99174069112869,13,3.0,334093.0475683666,optimal,0.0770397000014782,False,
918,31.33207069112869,12,3.0,333209.70943701465,optimal,0.08974029999808408,False,
919,32.19432646949933,12,3.0,337545.62908936926,optimal,0.11081759999797214,False,
920,33.333409027574284,12,3.0,344649.81653876684,optimal,0.10226390000025276,False,
921,34.576923108324486,12,3.0,352798.31921491696,optimal,0.09638960000302177,False,
922,33.960153108324484,12,3.0,345058.3001955495,optimal,0.09680279999156483,False,
923,32.19260510832448,11,3.0,327382.82019554946,optimal,0.095438499993179,False,
924,29.481497108324483,10,3.0,300271.7401955495,optimal,0.09332079999148846,False,
925,27.675169108324475,10,3.0,282208.4601955494,optimal,0.09975400000985246,False,
926,25.76866110832448,9,3.0,263143.38019554946,optimal,0.09916379999776836,False,
927,25.76866110832448,9,3.0,263143.38019554946,optimal,0.09505020000506192,False,
928,23.17385310832448,8,3.0,237195.30019554947,optimal,0.0904047000076389,False,
929,23.129494315373066,8,3.0,236751.71226603532,optimal,0.08073380000132602,False,
930,23.606466038325408,8,3.0,241521.42949555875,optimal,0.08045619999757037,False,
931,23.606466038325408,8,3.0,241521.42949555875,optimal,0.08141969999996945,False,
932,26.19827776970341,9,3.0,267439.54680933873,optimal,0.07016120001208037,False,
933,26.19827776970341,9,3.0,267439.54680933873,optimal,0.08062150000478141,False,
934,26.19827776970341,9,3.0,267439.54680933873,optimal,0.08617899999080691,False,
935,26.19827776970341,9,3.0,267439.54680933873,optimal,0.07383579999441281,False,
936,26.19827776970341,9,3.0,267439.54680933873,optimal,0.06930909999937285,False,
937,26.19827776970341,9,3.0,267439.54680933873,optimal,0.07436880000750534,False,
938,26.19827776970341,9,3.0,267439.54680933873,optimal,0.07412760000443086,False,
939,28.164187769703403,10,3.0,287098.6468093387,optimal,0.09152430000540335,False,
940,30.097877769703402,11,3.0,306435.5468093387,optimal,0.08504550000361633,False,
941,30.097877769703402,11,3.0,306435.5468093387,optimal,0.07537809999485034,False,
942,31.613933385656203,11,3.0,321596.1029688667,optimal,0.07003249999252148,False,
943,33.353009770990724,12,3.0,338986.8668222119,optimal,0.06520110000565182,False,
944,33.353009770990724,12,3.0,338986.8668222119,optimal,0.0697655000112718,False,
945,35.999999770990726,12,3.0,365456.7668222119,optimal,0.06803409999702126,False,
946,34.57171577099072,12,3.0,351173.9268222119,optimal,0.06976260000374168,False,
947,32.824787770990724,11,3.0,333704.6468222119,optimal,0.06870150000031572,False,
948,32.824787770990724,11,3.0,337125.75032686297,optimal,0.06446389999473467,False,
949,31.468137335531793,11,3.0,324630.7631747889,optimal,0.07430900000326801,False,
950,29.346414576423953,10,3.0,305059.1140670963,optimal,0.06965870001295116,False,
951,26.63530657642395,9,3.0,282085.9635467498,optimal,0.0681617000082042,False,
952,23.924198576423947,8,3.0,260052.9806187079,optimal,0.06935499999963213,False,
953,22.920666850903906,8,3.0,257047.60818456352,optimal,0.06162639999820385,False,
954,22.920666850903906,8,3.0,261073.2810579586,optimal,0.06276670000806917,False,
955,22.920666850903906,8,3.0,262777.7979027554,optimal,0.06609940000635106,False,
956,20.3980711735107,7,3.0,244506.44922655556,optimal,0.0689284999971278,False,
957,20.3333224639688,7,3.0,252358.911319968,optimal,0.07233830000041053,False,
958,20.726142100348163,7,3.0,265333.5929988718,optimal,0.06470329999865498,False,
959,21.376911438024553,8,3.0,271861.2262840599,optimal,0.06248159999086056,False,
960,24.916085685433362,10,3.0,303649.56146694545,optimal,0.06861180000123568,False,
961,33.52548878214604,16,3.0,389013.484192725,optimal,0.0794068000104744,False,
962,33.45415361378948,17,3.0,389779.3062369886,optimal,0.08286799999768846,False,
963,33.74006916336687,16,3.0,394179.24245924957,optimal,0.10038519999943674,False,
964,29.857552001268203,14,3.0,355809.55123280303,optimal,0.08608430001186207,False,
965,28.435267535833173,13,3.0,342366.4420487775,optimal,0.08144350000657141,False,
966,24.094438344844555,11,3.0,300300.39939567534,optimal,0.07385889999568462,False,
967,14.544542344844551,7,3.0,206275.45513993964,optimal,0.06371390000276733,False,
968,5.772624771795719,2,3.0,119134.9373702925,optimal,0.07518840000557248,False,
969,3.7677510923789725,2,3.0,92832.48787669015,optimal,0.0709911000012653,False,
970,1.0566430923789625,1,1.0566430923789625,62871.53652614362,optimal,0.07076140001299791,False,
971,0.0,0,0.0,48605.86445148253,optimal,0.07953669999551494,False,
972,0.0,0,0.0,43643.120418214414,optimal,0.076594500002102,False,
973,0.0,0,0.0,42938.98118881683,optimal,0.06350960000418127,False,
974,0.0,0,0.0,38412.93091974975,optimal,0.07398859999375418,False,
975,0.0,0,0.0,35449.27229882017,optimal,0.05823749999399297,False,
976,0.0,0,0.0,31508.600129948467,optimal,0.06463150000490714,False,
977,0.0,0,0.0,30654.838111947927,optimal,0.07281230000080541,False,
978,0.0,0,0.0,31764.89714662076,optimal,0.08430940000107512,False,
979,0.0,0,0.0,26927.19135194168,optimal,0.07671900000423193,False,
980,0.0,0,0.0,22730.04573433352,optimal,0.07562180000240915,False,
981,0.0,0,0.0,24038.765725059562,optimal,0.07368240000505466,False,
982,0.0,0,0.0,19916.15153903233,optimal,0.08616059999621939,False,
983,0.0,0,0.0,24493.773416852506,optimal,0.07607779999671038,False,
984,0.0,0,0.0,28115.34620426805,optimal,0.06342910000239499,False,
985,0.0,0,0.0,34883.31029986391,optimal,0.06312270001217257,False,
986,0.0,0,0.0,37760.10830518998,optimal,0.06652419999591075,False,
987,0.0,0,0.0,39675.641096400606,optimal,0.07898260001093149,False,
988,0.0,0,0.0,42670.80926684143,optimal,0.07268789999943692,False,
989,0.0,0,0.0,45334.66377992113,optimal,0.08994789999269415,False,
990,0.0,0,0.0,48739.503858488766,optimal,0.09443660000397358,False,
991,0.0,0,0.0,52194.76654387172,optimal,0.0857596999994712,False,
992,0.0,0,0.0,56866.83938073536,optimal,0.062404399999650195,False,
993,2.6537648985767732,2,2.15916,88915.41634319868,optimal,0.06956580000405665,False,
994,9.022230813706187,4,3.0,152600.0754944928,optimal,0.06433989999641199,False,
995,11.874848780676452,7,3.0,181126.25516419546,optimal,0.07077950000530109,False,
996,6.832710997229938,3,3.0,128843.11778781631,optimal,0.07633460000215564,False,
997,2.7894924644891512,2,2.353409488,87248.35874263938,optimal,0.07434169999032747,False,
998,1.5431734771393337,1,1.5431734771393337,71117.8256392673,optimal,0.07105360001150984,False,
999,1.2163479068722296,1,1.2163479068722296,64347.36490397104,optimal,0.06512480000674259,False,
1000,0.3455442588722235,1,0.3455442588722235,54834.32315575413,optimal,0.0639381999935722,False,
1001,0.0,0,0.0,45138.77356245338,optimal,0.0665615999896545,False,
1002,1.2392467868722203,1,1.2392467868722203,58455.27863589191,optimal,0.06415530000231229,False,
1003,0.0,0,0.0,45523.3804028131,optimal,0.07963120000204071,False,
1004,0.0,0,0.0,47339.634630165805,optimal,0.07795289999921806,False,
1005,0.0,0,0.0,51383.60502909467,optimal,0.06435240000428166,False,
1006,0.0,0,0.0,46257.866735453674,optimal,0.06862189999083057,False,
1007,0.0,0,0.0,44519.75493246477,optimal,0.08396239999274258,False,
1008,0.0,0,0.0,41943.74308869499,optimal,0.08712719999311958,False,
1009,0.0,0,0.0,44002.83039379255,optimal,0.07955509999010246,False,
1010,0.0,0,0.0,46075.59712664757,optimal,0.07184180000331253,False,
1011,0.0,0,0.0,45198.33973043368,optimal,0.07466650000424124,False,
1012,0.0,0,0.0,46683.65913953974,optimal,0.07276399999682326,False,
1013,0.0,0,0.0,49372.152237440736,optimal,0.06782480000401847,False,
1014,0.0,0,0.0,52569.16040258133,optimal,0.0647976999898674,False,
1015,0.0,0,0.0,55510.183999734174,optimal,0.0708191000012448,False,
1016,0.0,0,0.0,55253.92975016145,optimal,0.08669530000770465,False,
1017,0.0,0,0.0,53950.66504572265,optimal,0.06632540001010057,False,
1018,0.0,0,0.0,56266.00889161673,optimal,0.06586160000006203,False,
1019,0.0,0,0.0,56488.15147543645,optimal,0.0582972999982303,False,
1020,0.0,0,0.0,60112.66846236102,optimal,0.07109870000567753,False,
1021,1.8246018524096854,1,1.8246018524096854,79597.38930334101,optimal,0.07023019999905955,False,
1022,5.722233366009668,5,2.258551487982544,115971.8867190737,optimal,0.06940020000911318,False,
1023,10.116314219821046,7,3.0,155725.37591600895,optimal,0.07333210000069812,False,
1024,13.934435544621051,9,2.472906702146803,192754.84776598797,optimal,0.07086530000378843,False,
1025,19.765934223021034,13,2.59243,249590.03218815825,optimal,0.06369999999878928,False,
1026,22.693227423478604,14,2.35025,274576.3260613821,optimal,0.06037790000846144,False,
1027,22.56909001038069,14,2.472906702146803,269048.31379905104,optimal,0.07458410000253934,False,
1028,21.306104030268543,14,2.23204,252131.8158665777,optimal,0.06736000000091735,False,
1029,20.35345294247102,13,2.23204,238318.66685725056,optimal,0.08729809999931604,False,
1030,20.373644691633892,13,2.59243,234233.9462175274,optimal,0.07285479998972733,False,
1031,21.04994395944967,13,3.0,236710.3007643333,optimal,0.0720803000003798,False,
1032,20.51488254028959,13,3.0,227073.04844138064,optimal,0.18485239999426994,False,
1033,19.974811335520716,12,3.0,217385.69826233998,optimal,0.067387700008112,False,
1034,19.896821335520716,12,3.0,212319.1601309881,optimal,0.058353800006443635,False,
1035,19.96586133552071,12,3.0,208722.92199963616,optimal,0.20185859999037348,False,
1036,20.02819133552071,12,3.0,205738.68246751177,optimal,0.06458040000870824,False,
1037,20.30391333552071,11,3.0,208495.90246751177,optimal,0.07696259999647737,False,
1038,20.43276333552071,11,3.0,209784.40246751177,optimal,0.10743160000129137,False,
1039,20.884350427165145,11,3.0,214300.2733839561,optimal,0.11232879999442957,False,
1040,22.039064052603415,11,3.0,225847.4096383388,optimal,0.09232609999889974,False,
1041,23.82767855736808,10,3.0,243733.55468598547,optimal,0.09265109999978449,False,
1042,24.605882602801984,10,3.0,251515.5951403245,optimal,0.09219270000176039,False,
1043,23.076023124699546,8,3.0,236217.00035930012,optimal,0.08471080000163056,False,
1044,23.076023124699546,8,3.0,236217.00035930012,optimal,0.06677330000093207,False,
1045,23.076023124699546,8,3.0,236217.00035930012,optimal,0.06575939999311231,False,
1046,23.076023124699546,8,3.0,236217.00035930012,optimal,0.06881419999990612,False,
1047,23.076023124699546,8,3.0,236217.00035930012,optimal,0.06513829999312293,False,
1048,23.076023124699546,8,3.0,236217.00035930012,optimal,0.06331339999451302,False,
1049,23.076023124699546,8,3.0,236217.00035930012,optimal,0.06457149999914691,False,
1050,25.082333124699538,9,3.0,256280.10035930004,optimal,0.06117950000043493,False,
1051,25.636217103844807,9,3.0,261818.94015075272,optimal,0.07210479999775998,False,
1052,28.109151742629443,10,3.0,286548.2865385991,optimal,0.07460370000626426,False,
1053,28.109151742629443,10,3.0,286548.2865385991,optimal,0.06802370000514202,False,
1054,28.109151742629443,10,3.0,286548.2865385991,optimal,0.06632719999470282,False,
1055,30.701581742629443,11,3.0,312472.5865385991,optimal,0.06712920000427403,False,
1056,30.701581742629443,11,3.0,312472.5865385991,optimal,0.18446610000682995,False,
1057,30.701581742629443,11,3.0,312472.5865385991,optimal,0.07625759999791626,False,
1058,30.701581742629443,11,3.0,312472.5865385991,optimal,0.06917709999834187,False,
1059,30.701581742629443,11,3.0,312472.5865385991,optimal,0.07630410000274424,False,
1060,30.701581742629443,11,3.0,312472.5865385991,optimal,0.17651479999767616,False,
1061,30.701581742629443,11,3.0,312472.5865385991,optimal,0.06596669999998994,False,
1062,30.701581742629443,11,3.0,313181.1773843037,optimal,0.061697700002696365,False,
1063,32.046228787027125,11,3.0,332225.8722419638,optimal,0.08693819999461994,False,
1064,32.895083271581086,11,3.0,347005.1117275739,optimal,0.07919109999784268,False,
1065,34.470218680106285,12,3.0,369610.6331670156,optimal,0.07570359999954235,False,
1066,35.378943801229084,12,3.0,386700.1021080079,optimal,0.06503689999226481,False,
1067,35.999999770990726,12,3.0,401466.7705290693,optimal,0.05906830000458285,False,
1068,35.350846636447606,12,3.0,403617.74098569667,optimal,0.16390919999685138,False,
1069,33.70532306194669,12,3.0,397021.0389287438,optimal,0.07679250001092441,False,
1070,38.336759323048916,15,3.0,445745.3605879201,optimal,0.07479630000307225,False,
1071,43.748233264444664,19,3.0,499860.1000018776,optimal,0.07413730000553187,False,
1072,50.463221320675956,23,3.0,566360.4326044063,optimal,0.08180330001050606,False,
1073,53.0427039470435,24,3.0,590656.0590325164,optimal,0.0668298000091454,False,
1074,53.66144043845535,24,3.0,595157.5757148863,optimal,0.07112910000432748,False,
1075,50.98216476706242,24,3.0,567351.0503929419,optimal,0.07553360000019893,False,
1076,49.191210209879664,23,3.0,549471.7143676302,optimal,0.07659890000650194,False,
1077,47.9178332094599,23,3.0,538588.3952218887,optimal,0.08117489999858662,False,
1078,46.023696718815685,23,3.0,521627.2425768097,optimal,0.21594680000271183,False,
1079,42.66807493396016,22,3.0,489058.51669703255,optimal,0.06679189999704249,False,
1080,36.99779693396015,20,3.0,432289.6122752207,optimal,0.06558150000637397,False,
1081,34.47123211721257,19,3.0,407090.0885295567,optimal,0.06490550001035444,False,
1082,30.47777341571596,18,3.0,367155.5015145905,optimal,0.06912169999850448,False,
1083,21.97825973888525,15,3.0,282160.36474628345,optimal,0.06899349999730475,False,
1084,13.988088780905189,12,3.0,202258.65516648284,optimal,0.17484479999984615,False,
1085,10.817704144990108,12,3.0,170554.808807332,optimal,0.06252569999196567,False,
1086,6.496365852283709,9,2.2188392141813438,127341.42588026804,optimal,0.06086450000293553,False,
1087,3.5222795914300704,2,1.8108217391463697,97600.56327173165,optimal,0.0761140999966301,False,
1088,0.6904015914300743,1,0.6904015914300743,69281.78327173168,optimal,0.1661450999963563,False,
1089,0.0,0,0.0,60492.10993361639,optimal,0.0698331000021426,False,
1090,0.0,0,0.0,57572.83830051859,optimal,0.061797000002115965,False,
1091,0.0,0,0.0,48364.37192473699,optimal,0.06057880001026206,False,
1092,0.0,0,0.0,37849.280875385724,optimal,0.06607859999348875,False,
1093,0.0,0,0.0,37981.08733724773,optimal,0.1796396999998251,False,
1094,0.0,0,0.0,30848.827775925565,optimal,0.0645552000059979,False,
1095,0.0,0,0.0,30305.093995592088,optimal,0.0700522999977693,False,
1096,0.0,0,0.0,29116.446642408457,optimal,0.06773359999351669,False,
1097,0.0,0,0.0,29442.14129909837,optimal,0.06951919999846723,False,
1098,0.0,0,0.0,34224.857750665105,optimal,0.0703230000071926,False,
1099,0.0,0,0.0,33351.929884969926,optimal,0.07322750000457745,False,
1100,0.0,0,0.0,29313.148822519248,optimal,0.059069900002214126,False,
1101,0.0,0,0.0,23983.79991114093,optimal,0.17757919999712612,False,
1102,0.0,0,0.0,24183.401287911453,optimal,0.06210149999242276,False,
1103,0.0,0,0.0,27226.388014777884,optimal,0.0689291000016965,False,
1104,0.0,0,0.0,33021.24109605595,optimal,0.06371180000132881,False,
1105,0.0,0,0.0,38212.57999225594,optimal,0.1872150999988662,False,
1106,0.0,0,0.0,40402.562432714316,optimal,0.1993740999896545,False,
1107,0.0,0,0.0,46109.63944658419,optimal,0.06839619998936541,False,
1108,0.0,0,0.0,50665.75692080996,optimal,0.066856799996458,False,
1109,0.0,0,0.0,54663.36071721483,optimal,0.18715879999217577,False,
1110,0.0,0,0.0,60631.41712834194,optimal,0.17377850000048056,False,
1111,1.511139397598009,2,1.3881209801997259,77489.16133341103,optimal,0.06813169999804813,False,
1112,3.2980030195859307,3,2.32965,95357.79755329025,optimal,0.07013920000463258,False,
1113,4.900483581632468,3,2.32965,111382.60317375562,optimal,0.06715500001155306,False,
1114,6.3581639612098115,3,3.0,125959.40696952905,optimal,0.20642889999726322,False,
1115,10.416666200409797,7,2.44969,163982.5186662244,optimal,0.19729900000675116,False,
1116,14.491506007732124,6,3.0,200444.27860809583,optimal,0.19450710000819527,False,
1117,13.559971761150273,7,2.32965,186842.2980109254,optimal,0.07491819999995641,False,
1118,12.774573332379028,7,3.0,174701.67559186107,optimal,0.07943509999313392,False,
1119,11.027242413458644,7,2.32965,152941.72827130536,optimal,0.21788830000150483,False,
1120,11.271180749458644,6,2.32965,151094.47349995346,optimal,0.07690220000222325,False,
1121,6.804319435509919,4,2.250417981312027,102139.22222911433,optimal,0.08245079999323934,False,
1122,4.322956752855685,3,2.0627439905915708,73038.9572712201,optimal,0.22135709998838138,False,
1123,5.124359498696048,4,2.1033751439577344,76766.34659827185,optimal,0.0774200000014389,False,
1124,11.51524190216732,6,3.0,136388.53250163267,optimal,0.08509589999448508,False,
1125,16.05426241068483,10,3.0,177492.0994554559,optimal,0.07470529999409337,False,
1126,17.415417725508753,8,3.0,186817.01447234323,optimal,0.22070520000124816,False,
1127,16.61793948174274,8,3.0,174555.59390333123,optimal,0.06559610000113025,False,
1128,14.607979808720323,8,3.0,151536.5671995079,optimal,0.06955810000363272,False,
1129,12.936960945838077,7,3.0,134826.37857068543,optimal,0.08121849999588449,False,
1130,10.701896628914998,6,3.0,112475.73540145463,optimal,0.2323315000103321,False,
1131,9.810278608066838,5,3.0,103559.55519297303,optimal,0.09411580000596587,False,
1132,9.2961843389806,4,3.0,98418.61250211066,optimal,0.0803279000101611,False,
1133,10.39410078491673,4,3.0,109397.77696147196,optimal,0.07196590000239667,False,
1134,10.39410078491673,4,3.0,109397.77696147196,optimal,0.06929940001282375,False,
1135,13.39410078491673,5,3.0,139397.77696147197,optimal,0.06684229998791125,False,
1136,13.39410078491673,5,3.0,139397.77696147197,optimal,0.061732599991955794,False,
1137,13.39410078491673,5,3.0,139397.77696147197,optimal,0.06651220000640023,False,
1138,13.39410078491673,5,3.0,139397.77696147197,optimal,0.06820300000254065,False,
1139,13.39410078491673,5,3.0,139397.77696147197,optimal,0.06254009999975096,False,
1140,15.953760784916724,6,3.0,164994.37696147192,optimal,0.06613750000542495,False,
1141,16.980609613530483,6,3.0,175262.8652476095,optimal,0.06678459999966435,False,
1142,17.855082196227364,6,3.0,184007.59107457832,optimal,0.061652399992453866,False,
1143,17.855082196227364,6,3.0,184007.59107457832,optimal,0.06637889999547042,False,
1144,20.05620219622736,7,3.0,206018.79107457827,optimal,0.06411110000044573,False,
1145,20.05620219622736,7,3.0,206018.79107457827,optimal,0.06133670000417624,False,
1146,22.840552196227364,8,3.0,233862.2910745783,optimal,0.06058379999012686,False,
1147,22.840552196227364,8,3.0,233862.2910745783,optimal,0.06252550000499468,False,
1148,22.840552196227364,8,3.0,233862.2910745783,optimal,0.0659075000003213,False,
1149,22.84739411237048,8,3.0,233930.71023600947,optimal,0.06639869998616632,False,
1150,22.84739411237048,8,3.0,233930.71023600947,optimal,0.0686612999998033,False,
1151,22.84739411237048,8,3.0,233930.71023600947,optimal,0.06523439999727998,False,
1152,25.297084112370477,9,3.0,258427.61023600944,optimal,0.07124589999148156,False,
1153,25.297084112370477,9,3.0,258427.61023600944,optimal,0.06669310000143014,False,
1154,28.297084112370477,10,3.0,288427.61023600947,optimal,0.06470200000330806,False,
1155,28.297084112370477,10,3.0,288427.61023600947,optimal,0.061801600008038804,False,
1156,28.297084112370477,10,3.0,288427.61023600947,optimal,0.06611990000237711,False,
1157,30.404974112370482,11,3.0,309506.5102360095,optimal,0.06847300000663381,False,
1158,32.54394411237048,11,3.0,330896.2102360095,optimal,0.07465149999188725,False,
1159,34.87359411237048,12,3.0,354192.7102360095,optimal,0.06630829999630805,False,
1160,34.87359411237048,12,3.0,354192.7102360095,optimal,0.06922409999242518,False,
1161,35.999999770990726,12,3.0,365456.7668222119,optimal,0.06754499999806285,False,
1162,34.37969402001375,12,3.0,349253.70931244217,optimal,0.06498569999530446,False,
1163,31.66858602001375,11,3.0,322142.62931244215,optimal,0.05997200000274461,False,
1164,31.66858602001375,11,3.0,322142.62931244215,optimal,0.06058780000603292,False,
1165,28.957478020013745,10,3.0,295031.54931244213,optimal,0.06613540000398643,False,
1166,26.246370020013742,9,3.0,267920.4693124421,optimal,0.06219109999074135,False,
1167,23.53526202001374,8,3.0,240809.38931244207,optimal,0.06251160000101663,False,
1168,23.53526202001374,8,3.0,240809.38931244207,optimal,0.06726179999532178,False,
1169,20.824154020013736,7,3.0,213698.30931244203,optimal,0.06017749999591615,False,
1170,18.113046020013734,7,3.0,186587.229312442,optimal,0.06539070000872016,False,
1171,15.40193802001373,6,3.0,159476.14931244196,optimal,0.06898330000694841,False,
1172,12.69083002001372,5,3.0,132365.06931244186,optimal,0.06531979999272153,False,
1173,9.979722020013718,4,3.0,105253.98931244183,optimal,0.06367419999151025,False,
1174,7.268614020013715,3,3.0,78142.9093124418,optimal,0.06223429999954533,False,
1175,7.268614020013715,3,3.0,78142.9093124418,optimal,0.05785050000122283,False,
1176,4.557506020013719,2,3.0,51031.82931244184,optimal,0.06194800000230316,False,
1177,1.8463980200137087,1,1.8463980200137087,23920.749312441745,optimal,0.06388370000058785,False,
1178,0.0,0,0.0,5456.769112304657,optimal,0.060565899999346584,False,
1179,0.0,0,0.0,5456.769112304657,optimal,0.06068689998937771,False,
1180,0.0,0,0.0,5456.769112304657,optimal,0.06029750000743661,False,
1181,0.0,0,0.0,5456.769112304657,optimal,0.06101160000253003,False,
1182,0.0,0,0.0,5456.769112304657,optimal,0.05664739999338053,False,
1183,0.0,0,0.0,5456.769112304657,optimal,0.06527639999694657,False,
1184,0.0,0,0.0,5456.769112304657,optimal,0.06282320000173058,False,
1185,0.0,0,0.0,5456.769112304657,optimal,0.059658400001353584,False,
1186,0.0,0,0.0,5456.769112304657,optimal,0.060231700001168065,False,
1187,0.0,0,0.0,5456.769112304657,optimal,0.06077460000233259,False,
1188,0.0,0,0.0,5456.769112304657,optimal,0.05953600000066217,False,
1189,0.0,0,0.0,5456.769112304657,optimal,0.06305959999735933,False,
1190,0.0,0,0.0,5456.769112304657,optimal,0.060764499998185784,False,
1191,0.0,0,0.0,5456.769112304657,optimal,0.05948990001343191,False,
1192,0.0,0,0.0,5456.769112304657,optimal,0.06606480000482406,False,
1193,0.0,0,0.0,5456.769112304657,optimal,0.06864409999980126,False,
1194,0.0,0,0.0,5456.769112304657,optimal,0.06330359999265056,False,
1195,0.0,0,0.0,5456.769112304657,optimal,0.06372030000784434,False,
1196,0.0,0,0.0,5456.769112304657,optimal,0.06145579999429174,False,
1197,0.0,0,0.0,5456.769112304657,optimal,0.06281069999386091,False,
1198,0.0,0,0.0,5456.769112304657,optimal,0.059568800003034994,False,
1199,0.0,0,0.0,5456.769112304657,optimal,0.06248629999754485,False,
1200,0.0,0,0.0,5456.769112304657,optimal,0.06450130000303034,False,
1201,0.0,0,0.0,5456.769112304657,optimal,0.060467199989943765,False,
1202,0.0,0,0.0,5456.769112304657,optimal,0.06185289999120869,False,
1203,0.0,0,0.0,5456.769112304657,optimal,0.056377200002316386,False,
1204,0.0,0,0.0,5456.769112304657,optimal,0.061034700003801845,False,
1205,0.0,0,0.0,5456.769112304657,optimal,0.05994799999461975,False,
1206,0.0,0,0.0,5456.769112304657,optimal,0.06099520000861958,False,
1207,0.0,0,0.0,5456.769112304657,optimal,0.06534380000084639,False,
1208,0.0,0,0.0,5456.769112304657,optimal,0.06786740000825375,False,
1209,0.0,0,0.0,5456.769112304657,optimal,0.059687699991627596,False,
1210,0.0,0,0.0,5456.769112304657,optimal,0.058392100007040426,False,
1211,0.0,0,0.0,5456.769112304657,optimal,0.058999700006097555,False,
1212,0.0,0,0.0,5456.769112304657,optimal,0.059459900003275834,False,
1213,0.0,0,0.0,5456.769112304657,optimal,0.059554699997534044,False,
1214,0.0,0,0.0,5456.769112304657,optimal,0.05715090000012424,False,
1215,0.0,0,0.0,5456.769112304657,optimal,0.061520800009020604,False,
1216,0.0,0,0.0,5456.769112304657,optimal,0.0580028999975184,False,
1217,0.0,0,0.0,5456.769112304657,optimal,0.058818000004976057,False,
1218,0.0,0,0.0,5456.769112304657,optimal,0.05892199999652803,False,
1219,0.0,0,0.0,5456.769112304657,optimal,0.06501269999716897,False,
1220,0.0,0,0.0,5456.769112304657,optimal,0.060437599997385405,False,
1221,0.0,0,0.0,5456.769112304657,optimal,0.06195060000754893,False,
1222,0.0,0,0.0,5456.769112304657,optimal,0.06535570000414737,False,
1223,0.0,0,0.0,5456.769112304657,optimal,0.06619690000661649,False,
1224,0.0,0,0.0,5456.769112304657,optimal,0.06268080000882037,False,
1225,0.0,0,0.0,5456.769112304657,optimal,0.06717140000546351,False,
1226,0.0,0,0.0,5456.769112304657,optimal,0.06334749999223277,False,
1227,0.0,0,0.0,5456.769112304657,optimal,0.05846830000518821,False,
1228,0.0,0,0.0,5456.769112304657,optimal,0.06299500000022817,False,
1229,0.0,0,0.0,5456.769112304657,optimal,0.06873369999811985,False,
1230,0.0,0,0.0,5456.769112304657,optimal,0.06586180000158492,False,
1231,0.0,0,0.0,5456.769112304657,optimal,0.07001039999886416,False,
1232,0.0,0,0.0,5456.769112304657,optimal,0.0752280000015162,False,
1233,0.0,0,0.0,5456.769112304657,optimal,0.0696965000097407,False,
1234,0.0,0,0.0,5456.769112304657,optimal,0.08213379999506287,False,
1235,0.0,0,0.0,5456.769112304657,optimal,0.07142769999336451,False,
1236,0.0,0,0.0,5456.769112304657,optimal,0.06349260000570212,False,
1237,0.0,0,0.0,5456.769112304657,optimal,0.06793189999007154,False,
1238,0.0,0,0.0,5456.769112304657,optimal,0.058220999999321066,False,
1239,0.0,0,0.0,5456.769112304657,optimal,0.06572319999395404,False,
1240,0.0,0,0.0,5456.769112304657,optimal,0.06022240000311285,False,
1241,0.0,0,0.0,5456.769112304657,optimal,0.06501630001002923,False,
1242,0.0,0,0.0,5456.769112304657,optimal,0.061417899996740744,False,
1243,0.0,0,0.0,5456.769112304657,optimal,0.07296710000082385,False,
1244,0.0,0,0.0,5456.769112304657,optimal,0.0713479000114603,False,
1245,0.0,0,0.0,5456.769112304657,optimal,0.07004659999802243,False,
1246,0.0,0,0.0,5456.769112304657,optimal,0.08967059999122284,False,
1247,0.0,0,0.0,5456.769112304657,optimal,0.07445369999913964,False,
1248,0.0,0,0.0,5456.769112304657,optimal,0.06831090000923723,False,
1249,0.0,0,0.0,5456.769112304657,optimal,0.06401300001016352,False,
1250,0.0,0,0.0,5456.769112304657,optimal,0.08085480000590906,False,
1251,0.0,0,0.0,5456.769112304657,optimal,0.06821689999196678,False,
1252,0.0,0,0.0,5456.769112304657,optimal,0.07281289999082219,False,
1253,0.0,0,0.0,5456.769112304657,optimal,0.06259979998867493,False,
1254,0.0,0,0.0,5456.769112304657,optimal,0.06349749999935739,False,
1255,0.0,0,0.0,5456.769112304657,optimal,0.07019080000463873,False,
1256,0.0,0,0.0,5456.769112304657,optimal,0.08511189999990165,False,
1257,0.0,0,0.0,5456.769112304657,optimal,0.08442009999998845,False,
1258,0.0,0,0.0,5456.769112304657,optimal,0.07720970000082161,False,
1259,0.0,0,0.0,5456.769112304657,optimal,0.05833939999865834,False,
1260,0.0,0,0.0,5456.769112304657,optimal,0.06807679998746607,False,
1261,0.0,0,0.0,5456.769112304657,optimal,0.06181140000990126,False,
1262,0.0,0,0.0,5456.769112304657,optimal,0.18061999999918044,False,
1263,0.0,0,0.0,5456.769112304657,optimal,0.07208559999708086,False,
1264,0.0,0,0.0,5456.769112304657,optimal,0.07145390000368934,False,
1265,0.0,0,0.0,5456.769112304657,optimal,0.06505229999311268,False,
1266,0.0,0,0.0,5456.769112304657,optimal,0.2259454999875743,False,
1267,0.0,0,0.0,5456.769112304657,optimal,0.07434259999718051,False,
1268,0.0,0,0.0,5456.769112304657,optimal,0.08264919999055564,False,
1269,0.0,0,0.0,5456.769112304657,optimal,0.09161990000575315,False,
1270,0.0,0,0.0,11182.260059839416,optimal,0.09039469998970162,False,
1271,0.0,0,0.0,20480.38848314414,optimal,0.08571709999523591,False,
1272,0.0,0,0.0,15178.151799004823,optimal,0.07370419999642763,False,
1273,0.0,0,0.0,14492.786352443794,optimal,0.07125839999935124,False,
1274,0.0,0,0.0,14929.960976742621,optimal,0.06579579999379348,False,
1275,0.0,0,0.0,10556.629003337237,optimal,0.05875150000792928,False,
1276,0.0,0,0.0,5456.769112304657,optimal,0.0616462999896612,False,
1277,0.0,0,0.0,5456.769112304657,optimal,0.06756250000034925,False,
1278,0.0,0,0.0,5456.769112304657,optimal,0.06431450000673067,False,
1279,0.0,0,0.0,5456.769112304657,optimal,0.057761000003665686,False,
1280,0.0,0,0.0,5456.769112304657,optimal,0.06402990000788122,False,
1281,0.0,0,0.0,5456.769112304657,optimal,0.05971870000939816,False,
1282,0.0,0,0.0,5456.769112304657,optimal,0.059258799999952316,False,
1283,0.0,0,0.0,5456.769112304657,optimal,0.059467799990670756,False,
1284,0.0,0,0.0,5456.769112304657,optimal,0.0597604000067804,False,
1285,0.0,0,0.0,5456.769112304657,optimal,0.06635449999885168,False,
1286,0.0,0,0.0,5456.769112304657,optimal,0.05976780000491999,False,
1287,0.0,0,0.0,5456.769112304657,optimal,0.2003270999994129,False,
1288,0.0,0,0.0,5456.769112304657,optimal,0.07135230000130832,False,
1289,0.0,0,0.0,5456.769112304657,optimal,0.22300479999103118,False,
1290,0.0,0,0.0,5456.769112304657,optimal,0.06854020000901073,False,
1291,0.0,0,0.0,5456.769112304657,optimal,0.08175430000119377,False,
1292,0.0,0,0.0,5456.769112304657,optimal,0.08599940000567585,False,
1293,0.0,0,0.0,5456.769112304657,optimal,0.06786460000148509,False,
1294,0.0,0,0.0,5456.769112304657,optimal,0.059964900006889366,False,
1295,0.0,0,0.0,5456.769112304657,optimal,0.057538300010492094,False,
1296,0.0,0,0.0,5456.769112304657,optimal,0.059241800001473166,False,
1297,0.0,0,0.0,5456.769112304657,optimal,0.06532879998849239,False,
1298,0.0,0,0.0,5456.769112304657,optimal,0.07043229999544565,False,
1299,0.0,0,0.0,5456.769112304657,optimal,0.07539640000322834,False,
1300,0.0,0,0.0,5456.769112304657,optimal,0.21142229999531992,False,
1301,0.0,0,0.0,5456.769112304657,optimal,0.0745825999911176,False,
1302,0.0,0,0.0,5456.769112304657,optimal,0.06646149999869522,False,
1303,0.0,0,0.0,5456.769112304657,optimal,0.06074240000452846,False,
1304,0.0,0,0.0,5456.769112304657,optimal,0.0694770999980392,False,
1305,0.0,0,0.0,5456.769112304657,optimal,0.07481890000053681,False,
1306,0.0,0,0.0,5456.769112304657,optimal,0.07398600000306033,False,
1307,0.0,0,0.0,5456.769112304657,optimal,0.062004999999771826,False,
1308,0.0,0,0.0,5456.769112304657,optimal,0.06926210000528954,False,
1309,0.0,0,0.0,5456.769112304657,optimal,0.06521430000429973,False,
1310,0.0,0,0.0,5456.769112304657,optimal,0.07746749999932945,False,
1311,0.0,0,0.0,5456.769112304657,optimal,0.23285489999398123,False,
1312,0.0,0,0.0,5456.769112304657,optimal,0.07860479998635128,False,
1313,0.0,0,0.0,5456.769112304657,optimal,0.07853900000918657,False,
1314,0.0,0,0.0,5456.769112304657,optimal,0.07281139999395236,False,
1315,0.0,0,0.0,5456.769112304657,optimal,0.19447379998746328,False,
1316,0.0,0,0.0,5456.769112304657,optimal,0.06719289999455214,False,
1317,0.0,0,0.0,5456.769112304657,optimal,0.06804109999211505,False,
1318,0.0,0,0.0,5456.769112304657,optimal,0.05766389999189414,False,
1319,0.0,0,0.0,5456.769112304657,optimal,0.22503270000743214,False,
1320,0.0,0,0.0,5456.769112304657,optimal,0.07904229999985546,False,
1321,0.0,0,0.0,5456.769112304657,optimal,0.0634066999919014,False,
1322,0.0,0,0.0,5456.769112304657,optimal,0.06668929998704698,False,
1323,0.0,0,0.0,5456.769112304657,optimal,0.23345379999955185,False,
1324,0.0,0,0.0,5456.769112304657,optimal,0.08069640000758227,False,
1325,0.0,0,0.0,5456.769112304657,optimal,0.08465889999934006,False,
1326,0.0,0,0.0,5456.769112304657,optimal,0.08134889999928419,False,
1327,0.0,0,0.0,5456.769112304657,optimal,0.0692371000041021,False,
1328,0.0,0,0.0,5456.769112304657,optimal,0.0657165000011446,False,
1329,0.0,0,0.0,5456.769112304657,optimal,0.06818059999204706,False,
1330,0.0,0,0.0,5456.769112304657,optimal,0.07915570000477601,False,
1331,0.0,0,0.0,5456.769112304657,optimal,0.07633440000063274,False,
1332,0.0,0,0.0,5456.769112304657,optimal,0.07075899999472313,False,
1333,0.0,0,0.0,5456.769112304657,optimal,0.20614029999705963,False,
1334,0.0,0,0.0,5456.769112304657,optimal,0.07489249999343883,False,
1335,0.0,0,0.0,5456.769112304657,optimal,0.0740110999904573,False,
1336,0.0,0,0.0,5456.769112304657,optimal,0.22170290000212844,False,
1337,0.0,0,0.0,5456.769112304657,optimal,0.25051019999955315,False,
1338,0.0,0,0.0,5456.769112304657,optimal,0.07635889999801293,False,
1339,0.0,0,0.0,5456.769112304657,optimal,0.07607629999984056,False,
1340,0.0,0,0.0,5456.769112304657,optimal,0.36567690000811126,False,
1341,0.0,0,0.0,5456.769112304657,optimal,0.373004300010507,False,
1342,0.0,0,0.0,5456.769112304657,optimal,0.17919229999824893,False,
1343,0.0,0,0.0,5456.769112304657,optimal,0.1664407000062056,False,
1344,0.0,0,0.0,5456.769112304657,optimal,0.13364099999307655,False,
1345,0.0,0,0.0,5456.769112304657,optimal,0.45474889999604784,False,
1346,0.0,0,0.0,5456.769112304657,optimal,0.4537170999974478,False,
1347,0.0,0,0.0,5456.769112304657,optimal,0.27966479999304283,False,
1348,0.0,0,0.0,5456.769112304657,optimal,0.268204500011052,False,
1349,0.0,0,0.0,5456.769112304657,optimal,0.22559640000690706,False,
1350,0.0,0,0.0,5456.769112304657,optimal,0.22779370000353083,False,
1351,0.0,0,0.0,5456.769112304657,optimal,0.09903710000799038,False,
1352,0.0,0,0.0,5456.769112304657,optimal,0.0976558000111254,False,
1353,0.0,0,0.0,5456.769112304657,optimal,0.08020339999347925,False,
1354,0.0,0,0.0,7339.213779603882,optimal,0.07224589999532327,False,
1355,0.0,0,0.0,14965.212332286315,optimal,0.19500149998930283,False,
1356,0.0,0,0.0,20961.75900716676,optimal,0.05952429999888409,False,
1357,0.0,0,0.0,24585.497643565548,optimal,0.20413890000781976,False,
1358,0.0,0,0.0,33020.89076146674,optimal,0.06563590001314878,False,
1359,0.0,0,0.0,36736.39655033815,optimal,0.06413220000104047,False,
1360,0.0,0,0.0,40835.112220897776,optimal,0.06779309999546967,False,
1361,0.0,0,0.0,50167.773160636745,optimal,0.2188459999888437,False,
1362,0.0,0,0.0,54290.1579067414,optimal,0.07388529999298044,False,
1363,0.0,0,0.0,50776.75674557872,optimal,0.07334619999164715,False,
1364,0.0,0,0.0,39798.005738588574,optimal,0.06155750001198612,False,
1365,0.0,0,0.0,28175.085116364735,optimal,0.08826019999105483,False,
1366,0.0,0,0.0,22017.608127332056,optimal,0.10922230000142008,False,
1367,0.0,0,0.0,11755.101980027455,optimal,0.09933189999719616,False,
1368,0.0,0,0.0,5456.769112304657,optimal,0.08716350000759121,False,
1369,0.0,0,0.0,5456.769112304657,optimal,0.08559539999987464,False,
1370,0.0,0,0.0,5456.769112304657,optimal,0.0823445999994874,False,
1371,0.0,0,0.0,5456.769112304657,optimal,0.06329919998825062,False,
1372,0.0,0,0.0,5456.769112304657,optimal,0.07126979999884497,False,
1373,0.0,0,0.0,5456.769112304657,optimal,0.06707369998912327,False,
1374,0.0,0,0.0,5456.769112304657,optimal,0.06446300000243355,False,
1375,0.0,0,0.0,5456.769112304657,optimal,0.061867399999755435,False,
1376,0.0,0,0.0,5456.769112304657,optimal,0.06028309999965131,False,
1377,0.0,0,0.0,5456.769112304657,optimal,0.057562500005587935,False,
1378,0.0,0,0.0,5456.769112304657,optimal,0.05642019999504555,False,
1379,0.0,0,0.0,5456.769112304657,optimal,0.06210799999826122,False,
1380,0.0,0,0.0,5456.769112304657,optimal,0.06412559999444056,False,
1381,0.0,0,0.0,5456.769112304657,optimal,0.06252940000558738,False,
1382,0.0,0,0.0,5456.769112304657,optimal,0.0639826999977231,False,
1383,0.0,0,0.0,5456.769112304657,optimal,0.06240320000506472,False,
1384,0.0,0,0.0,5456.769112304657,optimal,0.06259480000881013,False,
1385,0.0,0,0.0,5456.769112304657,optimal,0.060688800003845245,False,
1386,0.0,0,0.0,5456.769112304657,optimal,0.06109209998976439,False,
1387,0.0,0,0.0,5456.769112304657,optimal,0.06060599999909755,False,
1388,0.0,0,0.0,5456.769112304657,optimal,0.06322560000990052,False,
1389,0.0,0,0.0,5456.769112304657,optimal,0.05876200000056997,False,
1390,0.0,0,0.0,5456.769112304657,optimal,0.05930069999885745,False,
1391,0.0,0,0.0,5456.769112304657,optimal,0.059522499999729916,False,
1392,0.0,0,0.0,5456.769112304657,optimal,0.06148320001375396,False,
1393,0.0,0,0.0,5456.769112304657,optimal,0.05839570000534877,False,
1394,0.0,0,0.0,5456.769112304657,optimal,0.06715010000334587,False,
1395,0.0,0,0.0,5456.769112304657,optimal,0.08247229999687988,False,
1396,0.0,0,0.0,5456.769112304657,optimal,0.0902285999909509,False,
1397,0.0,0,0.0,5456.769112304657,optimal,0.07811299999593757,False,
1398,0.0,0,0.0,5456.769112304657,optimal,0.06479869999748189,False,
1399,0.0,0,0.0,5456.769112304657,optimal,0.06394480000017211,False,
1400,0.0,0,0.0,5456.769112304657,optimal,0.05916299999807961,False,
1401,0.0,0,0.0,5456.769112304657,optimal,0.06241949999821372,False,
1402,0.0,0,0.0,5456.769112304657,optimal,0.06102020000980701,False,
1403,0.0,0,0.0,5456.769112304657,optimal,0.05701479999697767,False,
1404,0.0,0,0.0,5456.769112304657,optimal,0.05841599999985192,False,
1405,0.0,0,0.0,5456.769112304657,optimal,0.060976300010224804,False,
1406,0.0,0,0.0,5456.769112304657,optimal,0.05990819999715313,False,
1407,0.0,0,0.0,5456.769112304657,optimal,0.06217319999996107,False,
1408,0.0,0,0.0,5456.769112304657,optimal,0.059708600005251355,False,
1409,0.0,0,0.0,5456.769112304657,optimal,0.06386870000278577,False,
1410,0.0,0,0.0,5456.769112304657,optimal,0.06641430000308901,False,
1411,0.0,0,0.0,5456.769112304657,optimal,0.06851630000164732,False,
1412,0.0,0,0.0,5456.769112304657,optimal,0.06629960000282153,False,
1413,0.0,0,0.0,5456.769112304657,optimal,0.06023779998940881,False,
1414,0.0,0,0.0,5456.769112304657,optimal,0.060251000002608635,False,
1415,0.0,0,0.0,5456.769112304657,optimal,0.06032709999999497,False,
1416,0.0,0,0.0,5456.769112304657,optimal,0.060263499995926395,False,
1417,0.0,0,0.0,5456.769112304657,optimal,0.06675860000541434,False,
1418,0.0,0,0.0,5456.769112304657,optimal,0.06364340000436641,False,
1419,0.0,0,0.0,5456.769112304657,optimal,0.06426280000596307,False,
1420,0.0,0,0.0,5456.769112304657,optimal,0.06557469999825116,False,
1421,0.0,0,0.0,5456.769112304657,optimal,0.06413640000391752,False,
1422,0.0,0,0.0,5456.769112304657,optimal,0.07154569998965599,False,
1423,0.0,0,0.0,5456.769112304657,optimal,0.07172140000329819,False,
1424,0.0,0,0.0,5456.769112304657,optimal,0.07846370000333991,False,
1425,0.0,0,0.0,5456.769112304657,optimal,0.0733784000040032,False,
1426,0.0,0,0.0,5456.769112304657,optimal,0.07804560000658967,False,
1427,0.0,0,0.0,5456.769112304657,optimal,0.07470420000026934,False,
1428,0.0,0,0.0,5456.769112304657,optimal,0.06112759999814443,False,
1429,0.0,0,0.0,5456.769112304657,optimal,0.057954999996582046,False,
1430,0.0,0,0.0,5456.769112304657,optimal,0.06284169999707956,False,
1431,0.0,0,0.0,5456.769112304657,optimal,0.06479469999612775,False,
1432,0.0,0,0.0,5456.769112304657,optimal,0.06756619999941904,False,
1433,0.0,0,0.0,5456.769112304657,optimal,0.07650450000073761,False,
1434,0.0,0,0.0,5456.769112304657,optimal,0.07557479999377392,False,
1435,0.0,0,0.0,5456.769112304657,optimal,0.06540169999061618,False,
1436,0.0,0,0.0,5456.769112304657,optimal,0.07006660000479314,False,
1437,0.0,0,0.0,5456.769112304657,optimal,0.07097500000963919,False,
1438,0.0,0,0.0,5456.769112304657,optimal,0.06846790001145564,False,
1439,0.0,0,0.0,5456.769112304657,optimal,0.07071580000047106,False,
1440,0.0,0,0.0,5456.769112304657,optimal,0.08474160000332631,False,
1441,0.0,0,0.0,5456.769112304657,optimal,0.09785839999676682,False,
1442,0.0,0,0.0,5456.769112304657,optimal,0.07777279999572784,False,
1443,0.0,0,0.0,5456.769112304657,optimal,0.12060629999905359,False,
1444,0.0,0,0.0,5456.769112304657,optimal,0.13014819999807514,False,
1445,0.0,0,0.0,5456.769112304657,optimal,0.14656239999749232,False,
1446,0.0,0,0.0,5456.769112304657,optimal,0.1441659999982221,False,
1447,0.0,0,0.0,5456.769112304657,optimal,0.10881639999570325,False,
1448,0.0,0,0.0,5456.769112304657,optimal,0.11432330000388902,False,
1449,0.0,0,0.0,5456.769112304657,optimal,0.13831850000133272,False,
1450,0.0,0,0.0,5456.769112304657,optimal,0.10024250000424217,False,
1451,0.0,0,0.0,5456.769112304657,optimal,0.07607919999281876,False,
1452,0.0,0,0.0,5456.769112304657,optimal,0.06796549999853596,False,
1453,0.0,0,0.0,5456.769112304657,optimal,0.07216789999802131,False,
1454,0.0,0,0.0,5456.769112304657,optimal,0.07084800000302494,False,
1455,0.0,0,0.0,5456.769112304657,optimal,0.0657509000011487,False,
1456,0.0,0,0.0,5456.769112304657,optimal,0.08298569999169558,False,
1457,0.0,0,0.0,5456.769112304657,optimal,0.08028459998604376,False,
1458,0.0,0,0.0,5456.769112304657,optimal,0.07934699999168515,False,
1459,0.0,0,0.0,5456.769112304657,optimal,0.07978749999892898,False,
1460,0.0,0,0.0,5456.769112304657,optimal,0.09480269999767188,False,
1461,0.0,0,0.0,5456.769112304657,optimal,0.13889250000647735,False,
1462,0.0,0,0.0,5456.769112304657,optimal,0.1549302999919746,False,
1463,0.0,0,0.0,5456.769112304657,optimal,0.13087750000704546,False,
1464,0.0,0,0.0,5456.769112304657,optimal,0.08558379999885801,False,
1465,0.0,0,0.0,5456.769112304657,optimal,0.07625849999021739,False,
1466,0.0,0,0.0,5456.769112304657,optimal,0.06818439999187831,False,
1467,0.0,0,0.0,5456.769112304657,optimal,0.062188700001570396,False,
1468,0.0,0,0.0,5456.769112304657,optimal,0.06910819999757223,False,
1469,0.0,0,0.0,5456.769112304657,optimal,0.05993289999605622,False,
1470,0.0,0,0.0,5456.769112304657,optimal,0.06111499998951331,False,
1471,0.0,0,0.0,5456.769112304657,optimal,0.05875119999109302,False,
1472,0.0,0,0.0,5456.769112304657,optimal,0.05968450001091696,False,
1473,0.0,0,0.0,5456.769112304657,optimal,0.06860589999996591,False,
1474,0.0,0,0.0,5456.769112304657,optimal,0.06762780000281055,False,
1475,0.0,0,0.0,5456.769112304657,optimal,0.06331379999755882,False,
1476,0.0,0,0.0,5456.769112304657,optimal,0.060123399991425686,False,
1477,0.0,0,0.0,5456.769112304657,optimal,0.06205469999986235,False,
1478,0.0,0,0.0,5456.769112304657,optimal,0.05685619999712799,False,
1479,0.0,0,0.0,5456.769112304657,optimal,0.06330290000187233,False,
1480,0.0,0,0.0,5456.769112304657,optimal,0.06419479999749456,False,
1481,0.0,0,0.0,5456.769112304657,optimal,0.07670250000956003,False,
1482,0.0,0,0.0,5456.769112304657,optimal,0.08289950000471435,False,
1483,0.0,0,0.0,5456.769112304657,optimal,0.0778781999979401,False,
1484,0.0,0,0.0,5456.769112304657,optimal,0.06412090000230819,False,
1485,0.0,0,0.0,5456.769112304657,optimal,0.05754809999780264,False,
1486,0.0,0,0.0,5456.769112304657,optimal,0.05823100000270642,False,
1487,0.0,0,0.0,5456.769112304657,optimal,0.06535140000050887,False,
1488,0.0,0,0.0,5456.769112304657,optimal,0.06675650000397582,False,
1489,0.0,0,0.0,5456.769112304657,optimal,0.06596490000083577,False,
1490,0.0,0,0.0,5456.769112304657,optimal,0.06444179998652544,False,
1491,0.0,0,0.0,5456.769112304657,optimal,0.06626429999596439,False,
1492,0.0,0,0.0,5456.769112304657,optimal,0.1818516999919666,False,
1493,0.0,0,0.0,5456.769112304657,optimal,0.06339540000772104,False,
1494,0.0,0,0.0,5456.769112304657,optimal,0.056682299997191876,False,
1495,0.0,0,0.0,5456.769112304657,optimal,0.06154040001274552,False,
1496,0.0,0,0.0,5456.769112304657,optimal,0.06419390000519343,False,
1497,0.0,0,0.0,5456.769112304657,optimal,0.23394370000460185,False,
1498,0.0,0,0.0,5456.769112304657,optimal,0.11350449999736156,False,
1499,0.0,0,0.0,5456.769112304657,optimal,0.10980620000918861,False,
1500,0.0,0,0.0,5456.769112304657,optimal,0.06351530000392813,False,
1501,0.0,0,0.0,5456.769112304657,optimal,0.06197439999959897,False,
1502,0.0,0,0.0,5456.769112304657,optimal,0.06362849999277387,False,
1503,0.0,0,0.0,5456.769112304657,optimal,0.06339640000078361,False,
1504,0.0,0,0.0,5456.769112304657,optimal,0.05644989998836536,False,
1505,0.0,0,0.0,5456.769112304657,optimal,0.06192880000162404,False,
1506,0.0,0,0.0,5456.769112304657,optimal,0.06270019999647047,False,
1507,0.0,0,0.0,5456.769112304657,optimal,0.06101820000912994,False,
1508,0.0,0,0.0,5456.769112304657,optimal,0.05751099999179132,False,
1509,0.0,0,0.0,5456.769112304657,optimal,0.06443129999388475,False,
1510,0.0,0,0.0,5456.769112304657,optimal,0.05760780000127852,False,
1511,0.0,0,0.0,5456.769112304657,optimal,0.061421200007316656,False,
1512,0.0,0,0.0,5456.769112304657,optimal,0.06354770000325516,False,
1513,0.0,0,0.0,5456.769112304657,optimal,0.06283739999344107,False,
1514,0.0,0,0.0,5456.769112304657,optimal,0.06463639999856241,False,
1515,0.0,0,0.0,5456.769112304657,optimal,0.0888420999981463,False,
1516,0.0,0,0.0,5456.769112304657,optimal,0.08826540000154637,False,
1517,0.0,0,0.0,5456.769112304657,optimal,0.2503392999933567,False,
1518,0.0,0,0.0,5456.769112304657,optimal,0.09095330000855029,False,
1519,0.0,0,0.0,5456.769112304657,optimal,0.26697700000659097,False,
1520,0.0,0,0.0,5456.769112304657,optimal,0.09044240000366699,False,
1521,0.0,0,0.0,5456.769112304657,optimal,0.0796556999994209,False,
1522,0.0,0,0.0,5456.769112304657,optimal,0.0967528999899514,False,
1523,0.0,0,0.0,5456.769112304657,optimal,0.08335430000443012,False,
1524,0.0,0,0.0,5456.769112304657,optimal,0.08560269999725278,False,
1525,0.0,0,0.0,5456.769112304657,optimal,0.08113099999900442,False,
1526,0.0,0,0.0,5456.769112304657,optimal,0.0792308999953093,False,
1527,0.0,0,0.0,5456.769112304657,optimal,0.074296000006143,False,
1528,0.0,0,0.0,5456.769112304657,optimal,0.07934860000386834,False,
1529,0.0,0,0.0,5456.769112304657,optimal,0.07901839999249205,False,
1530,0.0,0,0.0,5456.769112304657,optimal,0.27051139999821316,False,
1531,0.0,0,0.0,5456.769112304657,optimal,0.08377729999483563,False,
1532,0.0,0,0.0,5456.769112304657,optimal,0.0884714999992866,False,
1533,0.0,0,0.0,5456.769112304657,optimal,0.07119029999012128,False,
1534,0.0,0,0.0,5456.769112304657,optimal,0.09277500001189765,False,
1535,0.0,0,0.0,5456.769112304657,optimal,0.07718139998905826,False,
1536,0.0,0,0.0,5456.769112304657,optimal,0.06606300000566989,False,
1537,0.0,0,0.0,5456.769112304657,optimal,0.06975000000966247,False,
1538,0.0,0,0.0,5456.769112304657,optimal,0.06694920000154525,False,
1539,0.0,0,0.0,5456.769112304657,optimal,0.0687105000106385,False,
1540,0.0,0,0.0,5456.769112304657,optimal,0.0958463999995729,False,
1541,0.0,0,0.0,5456.769112304657,optimal,0.07739269999729004,False,
1542,0.0,0,0.0,5456.769112304657,optimal,0.07942300000286195,False,
1543,0.0,0,0.0,5456.769112304657,optimal,0.22176839999156073,False,
1544,0.0,0,0.0,5456.769112304657,optimal,0.09393900001305155,False,
1545,0.0,0,0.0,5456.769112304657,optimal,0.20330820001254324,False,
1546,0.0,0,0.0,5456.769112304657,optimal,0.05746080000244547,False,
1547,0.0,0,0.0,5456.769112304657,optimal,0.06854659999953583,False,
1548,0.0,0,0.0,5456.769112304657,optimal,0.09116149999317713,False,
1549,0.0,0,0.0,5456.769112304657,optimal,0.08458380000956822,False,
1550,0.0,0,0.0,5456.769112304657,optimal,0.211086899988004,False,
1551,0.0,0,0.0,5456.769112304657,optimal,0.06369680000352673,False,
1552,0.0,0,0.0,5456.769112304657,optimal,0.06101150000176858,False,
1553,0.0,0,0.0,5456.769112304657,optimal,0.05966830000397749,False,
1554,0.0,0,0.0,5456.769112304657,optimal,0.06591540000226814,False,
1555,0.0,0,0.0,5456.769112304657,optimal,0.21808330000203568,False,
1556,0.0,0,0.0,5456.769112304657,optimal,0.07534920000762213,False,
1557,0.0,0,0.0,5456.769112304657,optimal,0.06741289999627043,False,
1558,0.0,0,0.0,5456.769112304657,optimal,0.07501719999709167,False,
1559,0.0,0,0.0,5456.769112304657,optimal,0.06668720000016037,False,
1560,0.0,0,0.0,5456.769112304657,optimal,0.05939829999988433,False,
1561,0.0,0,0.0,5456.769112304657,optimal,0.06589320000784937,False,
1562,0.0,0,0.0,5456.769112304657,optimal,0.07125470000028145,False,
1563,0.0,0,0.0,5456.769112304657,optimal,0.060282799997366965,False,
1564,0.0,0,0.0,5456.769112304657,optimal,0.19924210000317544,False,
1565,0.0,0,0.0,5456.769112304657,optimal,0.05788160000520293,False,
1566,0.0,0,0.0,5456.769112304657,optimal,0.20021599999745376,False,
1567,0.0,0,0.0,5456.769112304657,optimal,0.06277899999986403,False,
1568,0.0,0,0.0,5456.769112304657,optimal,0.05997060000663623,False,
1569,0.0,0,0.0,5456.769112304657,optimal,0.23716489999787882,False,
1570,0.0,0,0.0,5456.769112304657,optimal,0.07588489999761805,False,
1571,0.0,0,0.0,5456.769112304657,optimal,0.2395395999919856,False,
1572,0.0,0,0.0,5456.769112304657,optimal,0.08012759999837726,False,
1573,0.0,0,0.0,5456.769112304657,optimal,0.23269770000479184,False,
1574,0.0,0,0.0,5456.769112304657,optimal,0.09739580001041759,False,
1575,0.0,0,0.0,5456.769112304657,optimal,0.08239730000786949,False,
1576,0.0,0,0.0,5456.769112304657,optimal,0.18130300000484567,False,
1577,0.0,0,0.0,5456.769112304657,optimal,0.07077330000174697,False,
1578,0.0,0,0.0,5456.769112304657,optimal,0.19159880001097918,False,
1579,0.0,0,0.0,5456.769112304657,optimal,0.20019079999474343,False,
1580,0.0,0,0.0,5456.769112304657,optimal,0.06397289999586064,False,
1581,0.0,0,0.0,5456.769112304657,optimal,0.07283460001053754,False,
1582,0.0,0,0.0,5456.769112304657,optimal,0.18974210000305902,False,
1583,0.0,0,0.0,5456.769112304657,optimal,0.07144840000546537,False,
1584,0.0,0,0.0,5456.769112304657,optimal,0.06790179999370594,False,
1585,0.0,0,0.0,5456.769112304657,optimal,0.06664900000032503,False,
1586,0.0,0,0.0,5456.769112304657,optimal,0.202774599994882,False,
1587,0.0,0,0.0,5456.769112304657,optimal,0.065370600001188,False,
1588,0.0,0,0.0,5456.769112304657,optimal,0.06672960000287276,False,
1589,0.0,0,0.0,5456.769112304657,optimal,0.22549909999361262,False,
1590,0.0,0,0.0,5456.769112304657,optimal,0.07252940000034869,False,
1591,0.0,0,0.0,5456.769112304657,optimal,0.2349071000062395,False,
1592,0.0,0,0.0,5456.769112304657,optimal,0.07412859999749344,False,
1593,0.0,0,0.0,5456.769112304657,optimal,0.08200510000460781,False,
1594,0.0,0,0.0,5456.769112304657,optimal,0.07909210000070743,False,
1595,0.0,0,0.0,5456.769112304657,optimal,0.09121009999944363,False,
1596,0.0,0,0.0,5456.769112304657,optimal,0.08505629999854136,False,
1597,0.0,0,0.0,5456.769112304657,optimal,0.08026299999619368,False,
1598,0.0,0,0.0,5456.769112304657,optimal,0.10636730000260286,False,
1599,0.0,0,0.0,5456.769112304657,optimal,0.1074013999896124,False,
1600,0.0,0,0.0,5456.769112304657,optimal,0.10226260000490583,False,
1601,0.0,0,0.0,5456.769112304657,optimal,0.07939020000048913,False,
1602,0.0,0,0.0,5456.769112304657,optimal,0.08427459999802522,False,
1603,0.0,0,0.0,5456.769112304657,optimal,0.07304269999440294,False,
1604,0.0,0,0.0,5456.769112304657,optimal,0.07758899999316782,False,
1605,0.0,0,0.0,5456.769112304657,optimal,0.07446909999998752,False,
1606,0.0,0,0.0,5456.769112304657,optimal,0.08207689999835566,False,
1607,0.0,0,0.0,5456.769112304657,optimal,0.07746110000880435,False,
1608,0.0,0,0.0,5456.769112304657,optimal,0.08276789999217726,False,
1609,0.0,0,0.0,5456.769112304657,optimal,0.06696430000010878,False,
1610,0.0,0,0.0,5456.769112304657,optimal,0.07799209999211598,False,
1611,0.0,0,0.0,5456.769112304657,optimal,0.07300499999837484,False,
1612,0.0,0,0.0,5456.769112304657,optimal,0.08113720000255853,False,
1613,0.0,0,0.0,5456.769112304657,optimal,0.06918659999791998,False,
1614,0.0,0,0.0,5456.769112304657,optimal,0.07291250000707805,False,
1615,0.0,0,0.0,5456.769112304657,optimal,0.06957569999212865,False,
1616,0.0,0,0.0,5456.769112304657,optimal,0.061281500005861744,False,
1617,0.0,0,0.0,5456.769112304657,optimal,0.06197220001195092,False,
1618,0.0,0,0.0,5456.769112304657,optimal,0.06223130000580568,False,
1619,0.0,0,0.0,5456.769112304657,optimal,0.06711940000241157,False,
1620,0.0,0,0.0,5456.769112304657,optimal,0.07110469999315683,False,
1621,0.0,0,0.0,5456.769112304657,optimal,0.057358299993211403,False,
1622,0.0,0,0.0,5456.769112304657,optimal,0.06449439999414608,False,
1623,0.0,0,0.0,5456.769112304657,optimal,0.06230710000090767,False,
1624,0.0,0,0.0,5456.769112304657,optimal,0.06924330000765622,False,
1625,0.0,0,0.0,5456.769112304657,optimal,0.06667859999288339,False,
1626,0.0,0,0.0,5456.769112304657,optimal,0.06892679999873508,False,
1627,0.0,0,0.0,5456.769112304657,optimal,0.07368499999574851,False,
1628,0.0,0,0.0,5456.769112304657,optimal,0.06350109999766573,False,
1629,0.0,0,0.0,5456.769112304657,optimal,0.06375390000175685,False,
1630,0.0,0,0.0,5456.769112304657,optimal,0.06494810000003781,False,
1631,0.0,0,0.0,5456.769112304657,optimal,0.06755439999687951,False,
1632,0.0,0,0.0,5456.769112304657,optimal,0.08156189999135677,False,
1633,0.0,0,0.0,5456.769112304657,optimal,0.060727899995981716,False,
1634,0.0,0,0.0,5456.769112304657,optimal,0.0675253000081284,False,
1635,0.0,0,0.0,5456.769112304657,optimal,0.0641275000089081,False,
1636,0.0,0,0.0,5456.769112304657,optimal,0.06423100001120474,False,
1637,0.0,0,0.0,5456.769112304657,optimal,0.06389029999263585,False,
1638,0.0,0,0.0,5456.769112304657,optimal,0.058799499995075166,False,
1639,0.0,0,0.0,5456.769112304657,optimal,0.06928219999826979,False,
1640,0.0,0,0.0,5456.769112304657,optimal,0.08610729999782052,False,
1641,0.0,0,0.0,5456.769112304657,optimal,0.07170539999788161,False,
1642,0.0,0,0.0,5456.769112304657,optimal,0.07570339999801945,False,
1643,0.0,0,0.0,5456.769112304657,optimal,0.06985050000366755,False,
1644,0.0,0,0.0,5456.769112304657,optimal,0.06790270000055898,False,
1645,0.0,0,0.0,5456.769112304657,optimal,0.07581939999363385,False,
1646,0.0,0,0.0,5456.769112304657,optimal,0.07176299999991897,False,
1647,0.0,0,0.0,5456.769112304657,optimal,0.06247740000253543,False,
1648,0.0,0,0.0,5456.769112304657,optimal,0.0675450999988243,False,
1649,0.0,0,0.0,5456.769112304657,optimal,0.09222459999728017,False,
1650,0.0,0,0.0,5456.769112304657,optimal,0.09023110000998713,False,
1651,0.0,0,0.0,5456.769112304657,optimal,0.08932060000370257,False,
1652,0.0,0,0.0,5456.769112304657,optimal,0.082443899998907,False,
1653,0.0,0,0.0,5456.769112304657,optimal,0.0832683999906294,False,
1654,0.0,0,0.0,5456.769112304657,optimal,0.06684729999687988,False,
1655,0.0,0,0.0,5456.769112304657,optimal,0.07255799999984447,False,
1656,0.0,0,0.0,5456.769112304657,optimal,0.059825000003911555,False,
1657,0.0,0,0.0,5456.769112304657,optimal,0.06951479999406729,False,
1658,0.0,0,0.0,5456.769112304657,optimal,0.06690639999578707,False,
1659,0.0,0,0.0,5456.769112304657,optimal,0.06334229999629315,False,
1660,0.0,0,0.0,5456.769112304657,optimal,0.07828739999968093,False,
1661,0.0,0,0.0,5456.769112304657,optimal,0.08169370000541676,False,
1662,0.0,0,0.0,5456.769112304657,optimal,0.08052839999436401,False,
1663,0.0,0,0.0,5456.769112304657,optimal,0.08445389999542385,False,
1664,0.0,0,0.0,5456.769112304657,optimal,0.08696529999724589,False,
1665,0.0,0,0.0,5456.769112304657,optimal,0.07900840000365861,False,
1666,0.0,0,0.0,5456.769112304657,optimal,0.058478199993260205,False,
1667,0.0,0,0.0,5456.769112304657,optimal,0.06315440000616945,False,
1668,0.0,0,0.0,5456.769112304657,optimal,0.06724889999895822,False,
1669,0.0,0,0.0,5456.769112304657,optimal,0.08895400000619702,False,
1670,0.0,0,0.0,5456.769112304657,optimal,0.07668189999822062,False,
1671,0.0,0,0.0,5456.769112304657,optimal,0.07131429998844396,False,
1672,0.0,0,0.0,5456.769112304657,optimal,0.0776763000030769,False,
1673,0.0,0,0.0,5456.769112304657,optimal,0.07144899999548215,False,
1674,0.0,0,0.0,5456.769112304657,optimal,0.06357790000038221,False,
1675,0.0,0,0.0,5456.769112304657,optimal,0.07698159999563359,False,
1676,0.0,0,0.0,5456.769112304657,optimal,0.08262709999689832,False,
1677,0.0,0,0.0,5456.769112304657,optimal,0.06918459999724291,False,
1678,0.0,0,0.0,5456.769112304657,optimal,0.07575609999184962,False,
1679,0.0,0,0.0,5456.769112304657,optimal,0.07626450000680052,False,
1680,0.0,0,0.0,5456.769112304657,optimal,0.06735810000100173,False,
1681,0.0,0,0.0,5456.769112304657,optimal,0.06025280000176281,False,
1682,0.0,0,0.0,5456.769112304657,optimal,0.06336649999138899,False,
1683,0.0,0,0.0,5456.769112304657,optimal,0.06613769999239594,False,
1684,0.0,0,0.0,5456.769112304657,optimal,0.07261339999968186,False,
1685,0.0,0,0.0,5456.769112304657,optimal,0.08421319999615662,False,
1686,0.0,0,0.0,5456.769112304657,optimal,0.08785809999972116,False,
1687,0.0,0,0.0,5456.769112304657,optimal,0.09369699998933356,False,
1688,0.0,0,0.0,5456.769112304657,optimal,0.10479440000199247,False,
1689,0.0,0,0.0,5456.769112304657,optimal,0.10301069999695756,False,
1690,0.0,0,0.0,5456.769112304657,optimal,0.0862321000022348,False,
1691,0.0,0,0.0,5456.769112304657,optimal,0.08277989999623969,False,
1692,0.0,0,0.0,5456.769112304657,optimal,0.06596280001394916,False,
1693,0.0,0,0.0,5456.769112304657,optimal,0.0717717000079574,False,
1694,0.0,0,0.0,5456.769112304657,optimal,0.08190399999148212,False,
1695,0.0,0,0.0,5456.769112304657,optimal,0.08053250001103152,False,
1696,0.0,0,0.0,5456.769112304657,optimal,0.07253989999298938,False,
1697,0.0,0,0.0,5456.769112304657,optimal,0.07265230000484735,False,
1698,0.0,0,0.0,5456.769112304657,optimal,0.07150829999591224,False,
1699,0.0,0,0.0,5456.769112304657,optimal,0.07038979999197181,False,
1700,0.0,0,0.0,5456.769112304657,optimal,0.05924600000435021,False,
1701,0.0,0,0.0,5456.769112304657,optimal,0.08111610000196379,False,
1702,0.0,0,0.0,5456.769112304657,optimal,0.07587359999888577,False,
1703,0.0,0,0.0,5456.769112304657,optimal,0.07038020000618417,False,
1704,0.0,0,0.0,5456.769112304657,optimal,0.0778273000032641,False,
1705,0.0,0,0.0,5456.769112304657,optimal,0.07479269999021199,False,
1706,0.0,0,0.0,5456.769112304657,optimal,0.07265689999621827,False,
1707,0.0,0,0.0,5456.769112304657,optimal,0.08876850000524428,False,
1708,0.0,0,0.0,5456.769112304657,optimal,0.08410349999030586,False,
1709,0.0,0,0.0,5456.769112304657,optimal,0.0664056000096025,False,
1710,0.0,0,0.0,5456.769112304657,optimal,0.057294400001410395,False,
1711,0.0,0,0.0,5456.769112304657,optimal,0.06760059999942314,False,
1712,0.0,0,0.0,5456.769112304657,optimal,0.07859489999827929,False,
1713,0.0,0,0.0,5456.769112304657,optimal,0.07605580000381451,False,
1714,0.0,0,0.0,5456.769112304657,optimal,0.0880823000043165,False,
1715,0.0,0,0.0,5456.769112304657,optimal,0.0898563000082504,False,
1716,0.0,0,0.0,5456.769112304657,optimal,0.0814908999891486,False,
1717,0.0,0,0.0,5456.769112304657,optimal,0.08167270000558347,False,
1718,0.0,0,0.0,5456.769112304657,optimal,0.07833109999774024,False,
1719,0.0,0,0.0,5456.769112304657,optimal,0.09124249999877065,False,
1720,0.0,0,0.0,5456.769112304657,optimal,0.08828000001085456,False,
1721,0.0,0,0.0,5456.769112304657,optimal,0.0831692999927327,False,
1722,0.0,0,0.0,5456.769112304657,optimal,0.06974959999206476,False,
1723,0.0,0,0.0,5456.769112304657,optimal,0.2504696999967564,False,
1724,0.0,0,0.0,5456.769112304657,optimal,0.08554659999208525,False,
1725,0.0,0,0.0,5456.769112304657,optimal,0.08413689999724738,False,
1726,0.0,0,0.0,5456.769112304657,optimal,0.08261230000061914,False,
1727,0.0,0,0.0,5456.769112304657,optimal,0.07656399998813868,False,
1728,0.0,0,0.0,5456.769112304657,optimal,0.07227780000539497,False,
1729,0.0,0,0.0,5456.769112304657,optimal,0.2449083000101382,False,
1730,0.0,0,0.0,5456.769112304657,optimal,0.10733309999341145,False,
1731,0.0,0,0.0,5456.769112304657,optimal,0.0926958000054583,False,
1732,0.0,0,0.0,5456.769112304657,optimal,0.08489840000402182,False,
1733,0.0,0,0.0,5456.769112304657,optimal,0.07952430000295863,False,
1734,0.0,0,0.0,5456.769112304657,optimal,0.08118910000484902,False,
1735,0.0,0,0.0,5456.769112304657,optimal,0.09325580000586342,False,
1736,0.0,0,0.0,5456.769112304657,optimal,0.08059909999428783,False,
1737,0.0,0,0.0,5456.769112304657,optimal,0.06752299999061506,False,
1738,0.0,0,0.0,5456.769112304657,optimal,0.06522869999753311,False,
1739,0.0,0,0.0,5456.769112304657,optimal,0.06755760000669397,False,
1740,0.0,0,0.0,5456.769112304657,optimal,0.0643607000092743,False,
1741,0.0,0,0.0,5456.769112304657,optimal,0.06510989999515004,False,
1742,0.0,0,0.0,5456.769112304657,optimal,0.059856599997146986,False,
1743,0.0,0,0.0,5456.769112304657,optimal,0.06181719999585766,False,
1744,0.0,0,0.0,5456.769112304657,optimal,0.05944080000335816,False,
1745,0.0,0,0.0,5456.769112304657,optimal,0.06407100000069477,False,
1746,0.0,0,0.0,5456.769112304657,optimal,0.21127749999868684,False,
1747,0.0,0,0.0,5456.769112304657,optimal,0.06833870000264142,False,
1748,0.0,0,0.0,5456.769112304657,optimal,0.07527260000642855,False,
1749,0.0,0,0.0,5456.769112304657,optimal,0.06221239999285899,False,
1750,0.0,0,0.0,5456.769112304657,optimal,0.2012479999975767,False,
1751,0.0,0,0.0,5456.769112304657,optimal,0.05948379999608733,False,
1752,0.0,0,0.0,5456.769112304657,optimal,0.06104080000659451,False,
1753,0.0,0,0.0,5456.769112304657,optimal,0.07056989999546204,False,
1754,0.0,0,0.0,5456.769112304657,optimal,0.06430779999936931,False,
1755,0.0,0,0.0,5456.769112304657,optimal,0.061900600005174056,False,
1756,0.0,0,0.0,5456.769112304657,optimal,0.06390400000964291,False,
1757,0.0,0,0.0,5456.769112304657,optimal,0.05394809998688288,False,
1758,0.0,0,0.0,5456.769112304657,optimal,0.05900829999882262,False,
1759,0.0,0,0.0,5456.769112304657,optimal,0.05993000000307802,False,
1760,0.0,0,0.0,5456.769112304657,optimal,0.2208673999994062,False,
1761,0.0,0,0.0,5456.769112304657,optimal,0.06654130000970326,False,
1762,0.0,0,0.0,5456.769112304657,optimal,0.06441439999616705,False,
1763,0.0,0,0.0,5456.769112304657,optimal,0.06522669999685604,False,
1764,0.0,0,0.0,5456.769112304657,optimal,0.06804620000184514,False,
1765,0.0,0,0.0,5456.769112304657,optimal,0.08963839999341872,False,
1766,0.0,0,0.0,5456.769112304657,optimal,0.08496740000555292,False,
1767,0.0,0,0.0,5456.769112304657,optimal,0.06918469999800436,False,
1768,0.0,0,0.0,5456.769112304657,optimal,0.08120950000011362,False,
1769,0.0,0,0.0,5456.769112304657,optimal,0.06463640001311433,False,
1770,0.0,0,0.0,5456.769112304657,optimal,0.06580739999481011,False,
1771,0.0,0,0.0,5456.769112304657,optimal,0.2079407999990508,False,
1772,0.0,0,0.0,5456.769112304657,optimal,0.0708264999993844,False,
1773,0.0,0,0.0,5456.769112304657,optimal,0.06373239999811631,False,
1774,0.0,0,0.0,5456.769112304657,optimal,0.20384570000169333,False,
1775,0.0,0,0.0,5456.769112304657,optimal,0.05601160001242533,False,
1776,0.0,0,0.0,5456.769112304657,optimal,0.05886679999821354,False,
1777,0.0,0,0.0,5456.769112304657,optimal,0.06486270000459626,False,
1778,0.0,0,0.0,5456.769112304657,optimal,0.07107120000000577,False,
1779,0.0,0,0.0,5456.769112304657,optimal,0.06858080001256894,False,
1780,0.0,0,0.0,5456.769112304657,optimal,0.06854619999649003,False,
1781,0.0,0,0.0,5456.769112304657,optimal,0.06868520000716671,False,
1782,0.0,0,0.0,5456.769112304657,optimal,0.062149600009433925,False,
1783,0.0,0,0.0,5456.769112304657,optimal,0.22932450000371318,False,
1784,0.0,0,0.0,5456.769112304657,optimal,0.061502199998358265,False,
1785,0.0,0,0.0,5456.769112304657,optimal,0.084590999991633,False,
1786,0.0,0,0.0,5456.769112304657,optimal,0.06649840000318363,False,
1787,0.0,0,0.0,5456.769112304657,optimal,0.206475800005137,False,
1788,0.0,0,0.0,5456.769112304657,optimal,0.05695209999976214,False,
1789,0.0,0,0.0,5456.769112304657,optimal,0.058015799993881956,False,
1790,0.0,0,0.0,5456.769112304657,optimal,0.06720829999540001,False,
1791,0.0,0,0.0,5456.769112304657,optimal,0.06613429999561049,False,
1792,0.0,0,0.0,5456.769112304657,optimal,0.05576190000283532,False,
1793,0.0,0,0.0,5456.769112304657,optimal,0.05889299999398645,False,
1794,0.0,0,0.0,5456.769112304657,optimal,0.055613299991819076,False,
1795,0.0,0,0.0,5456.769112304657,optimal,0.20320790000550915,False,
1796,0.0,0,0.0,5456.769112304657,optimal,0.06106979999458417,False,
1797,0.0,0,0.0,5456.769112304657,optimal,0.21678659999452066,False,
1798,0.0,0,0.0,5456.769112304657,optimal,0.0654898999928264,False,
1799,0.0,0,0.0,5456.769112304657,optimal,0.05794359999708831,False,
1800,0.0,0,0.0,5456.769112304657,optimal,0.23567580000963062,False,
1801,0.0,0,0.0,5456.769112304657,optimal,0.07127840000612196,False,
1802,0.0,0,0.0,5456.769112304657,optimal,0.24210599999059923,False,
1803,0.0,0,0.0,5456.769112304657,optimal,0.07335009999223985,False,
1804,0.0,0,0.0,5456.769112304657,optimal,0.24068470000929665,False,
1805,0.0,0,0.0,5456.769112304657,optimal,0.09321039999485947,False,
1806,0.0,0,0.0,5456.769112304657,optimal,0.2703417000011541,False,
1807,0.0,0,0.0,5456.769112304657,optimal,0.2589026999921771,False,
1808,0.0,0,0.0,5456.769112304657,optimal,0.07394930000009481,False,
1809,0.0,0,0.0,5456.769112304657,optimal,0.0982916000066325,False,
1810,0.0,0,0.0,5456.769112304657,optimal,0.29433039999275934,False,
1811,0.0,0,0.0,5456.769112304657,optimal,0.09361799999896903,False,
1812,0.0,0,0.0,5456.769112304657,optimal,0.07737780000024941,False,
1813,0.0,0,0.0,5456.769112304657,optimal,0.2668203000066569,False,
1814,0.0,0,0.0,5456.769112304657,optimal,0.10836660000495613,False,
1815,0.0,0,0.0,5456.769112304657,optimal,0.11025320000771899,False,
1816,0.0,0,0.0,5456.769112304657,optimal,0.09063759999116883,False,
1817,0.0,0,0.0,5456.769112304657,optimal,0.23269839999557007,False,
1818,0.0,0,0.0,5456.769112304657,optimal,0.07720790000166744,False,
1819,0.0,0,0.0,5456.769112304657,optimal,0.07235729999956675,False,
1820,0.0,0,0.0,5456.769112304657,optimal,0.23436290000972804,False,
1821,0.0,0,0.0,5456.769112304657,optimal,0.07507750000513624,False,
1822,0.0,0,0.0,5456.769112304657,optimal,0.2398659000027692,False,
1823,0.0,0,0.0,5456.769112304657,optimal,0.06797410000581294,False,
1824,0.0,0,0.0,5456.769112304657,optimal,0.08315230000880547,False,
1825,0.0,0,0.0,5456.769112304657,optimal,0.07717819999379572,False,
1826,0.0,0,0.0,5456.769112304657,optimal,0.07670590000634547,False,
1827,0.0,0,0.0,5456.769112304657,optimal,0.06892180000431836,False,
1828,0.0,0,0.0,5456.769112304657,optimal,0.0679387999989558,False,
1829,0.0,0,0.0,5456.769112304657,optimal,0.07769849999749567,False,
1830,0.0,0,0.0,5456.769112304657,optimal,0.07905490000848658,False,
1831,0.0,0,0.0,5456.769112304657,optimal,0.07746220000262838,False,
1832,0.0,0,0.0,5456.769112304657,optimal,0.07341140000789892,False,
1833,0.0,0,0.0,5456.769112304657,optimal,0.07505320000927895,False,
1834,0.0,0,0.0,5456.769112304657,optimal,0.0784674000024097,False,
1835,0.0,0,0.0,5456.769112304657,optimal,0.07541060000949074,False,
1836,0.0,0,0.0,5456.769112304657,optimal,0.05706810000992846,False,
1837,0.0,0,0.0,5456.769112304657,optimal,0.07535169999755453,False,
1838,0.0,0,0.0,5456.769112304657,optimal,0.08113659999798983,False,
1839,0.0,0,0.0,5456.769112304657,optimal,0.07873390000895597,False,
1840,0.0,0,0.0,5456.769112304657,optimal,0.09820000000763685,False,
1841,0.0,0,0.0,5456.769112304657,optimal,0.09223110000311863,False,
1842,0.0,0,0.0,5456.769112304657,optimal,0.07218760000250768,False,
1843,0.0,0,0.0,5456.769112304657,optimal,0.07183099999383558,False,
1844,0.0,0,0.0,5456.769112304657,optimal,0.08062190000782721,False,
1845,0.0,0,0.0,5456.769112304657,optimal,0.0812242999963928,False,
1846,0.0,0,0.0,5456.769112304657,optimal,0.0633875000057742,False,
1847,0.0,0,0.0,5456.769112304657,optimal,0.060403399998904206,False,
1848,0.0,0,0.0,5456.769112304657,optimal,0.05896230001235381,False,
1849,0.0,0,0.0,5456.769112304657,optimal,0.05812809999042656,False,
1850,0.0,0,0.0,5456.769112304657,optimal,0.057596600003307685,False,
1851,0.0,0,0.0,5456.769112304657,optimal,0.06160499999532476,False,
1852,0.0,0,0.0,5456.769112304657,optimal,0.06558110000332817,False,
1853,0.0,0,0.0,5456.769112304657,optimal,0.06538569999975152,False,
1854,0.0,0,0.0,5456.769112304657,optimal,0.07155709998914972,False,
1855,0.0,0,0.0,5456.769112304657,optimal,0.06514449999667704,False,
1856,0.0,0,0.0,5456.769112304657,optimal,0.06294489999709185,False,
1857,0.0,0,0.0,5456.769112304657,optimal,0.05903379998926539,False,
1858,0.0,0,0.0,5456.769112304657,optimal,0.05986839999968652,False,
1859,0.0,0,0.0,5456.769112304657,optimal,0.062670999992406,False,
1860,0.0,0,0.0,5456.769112304657,optimal,0.057419500008109026,False,
1861,0.0,0,0.0,5456.769112304657,optimal,0.05948609999904875,False,
1862,0.0,0,0.0,5456.769112304657,optimal,0.05901559999620076,False,
1863,0.0,0,0.0,5456.769112304657,optimal,0.05900570000812877,False,
1864,0.0,0,0.0,5456.769112304657,optimal,0.06936740000674035,False,
1865,0.0,0,0.0,5456.769112304657,optimal,0.06860670000605751,False,
1866,0.0,0,0.0,5456.769112304657,optimal,0.059421099998871796,False,
1867,0.0,0,0.0,5456.769112304657,optimal,0.05895940000482369,False,
1868,0.0,0,0.0,5456.769112304657,optimal,0.06074029998853803,False,
1869,0.0,0,0.0,5456.769112304657,optimal,0.07787670000107028,False,
1870,0.0,0,0.0,5456.769112304657,optimal,0.07267900000442751,False,
1871,0.0,0,0.0,5456.769112304657,optimal,0.06237369999871589,False,
1872,0.0,0,0.0,5456.769112304657,optimal,0.06733819999499246,False,
1873,0.0,0,0.0,5456.769112304657,optimal,0.06282089999876916,False,
1874,0.0,0,0.0,5456.769112304657,optimal,0.07043449999764562,False,
1875,0.0,0,0.0,5456.769112304657,optimal,0.05898170000000391,False,
1876,0.0,0,0.0,5456.769112304657,optimal,0.06631070000003092,False,
1877,0.0,0,0.0,5456.769112304657,optimal,0.07255469998926856,False,
1878,0.0,0,0.0,5456.769112304657,optimal,0.08515780000016093,False,
1879,0.0,0,0.0,5456.769112304657,optimal,0.09195039999030996,False,
1880,0.0,0,0.0,5456.769112304657,optimal,0.06622590000915807,False,
1881,0.0,0,0.0,5456.769112304657,optimal,0.05783200000587385,False,
1882,0.0,0,0.0,5456.769112304657,optimal,0.05973470000026282,False,
1883,0.0,0,0.0,5456.769112304657,optimal,0.0731717999879038,False,
1884,0.0,0,0.0,5456.769112304657,optimal,0.06799259998661,False,
1885,0.0,0,0.0,5456.769112304657,optimal,0.07034760000533424,False,
1886,0.0,0,0.0,5456.769112304657,optimal,0.06570590000774246,False,
1887,0.0,0,0.0,5456.769112304657,optimal,0.0771462000120664,False,
1888,0.0,0,0.0,5456.769112304657,optimal,0.08010490000015125,False,
1889,0.0,0,0.0,5456.769112304657,optimal,0.07063020000350662,False,
1890,0.0,0,0.0,5456.769112304657,optimal,0.059655500008375384,False,
1891,0.0,0,0.0,5456.769112304657,optimal,0.06200689999968745,False,
1892,0.0,0,0.0,5456.769112304657,optimal,0.05764600000111386,False,
1893,0.0,0,0.0,5456.769112304657,optimal,0.07143870000436436,False,
1894,0.0,0,0.0,5456.769112304657,optimal,0.06589889999304432,False,
1895,0.0,0,0.0,5456.769112304657,optimal,0.06888510000135284,False,
1896,0.0,0,0.0,5456.769112304657,optimal,0.06586439999227878,False,
1897,0.0,0,0.0,5456.769112304657,optimal,0.08639170000969898,False,
1898,0.0,0,0.0,5456.769112304657,optimal,0.0896294999984093,False,
1899,0.0,0,0.0,5456.769112304657,optimal,0.073970500001451,False,
1900,0.0,0,0.0,5456.769112304657,optimal,0.0820945000014035,False,
1901,0.0,0,0.0,5456.769112304657,optimal,0.07275199999276083,False,
1902,0.0,0,0.0,5456.769112304657,optimal,0.0682405999978073,False,
1903,0.0,0,0.0,5456.769112304657,optimal,0.06667400000151247,False,
1904,0.0,0,0.0,5456.769112304657,optimal,0.07097549999889452,False,
1905,0.0,0,0.0,5456.769112304657,optimal,0.07317370000237133,False,
1906,0.0,0,0.0,5456.769112304657,optimal,0.07689080000272952,False,
1907,0.0,0,0.0,5456.769112304657,optimal,0.06818790000397712,False,
1908,0.0,0,0.0,5456.769112304657,optimal,0.06275610000011511,False,
1909,0.0,0,0.0,5456.769112304657,optimal,0.061112499999580905,False,
1910,0.0,0,0.0,5456.769112304657,optimal,0.0684627000009641,False,
1911,0.0,0,0.0,5456.769112304657,optimal,0.06242240000574384,False,
1912,0.0,0,0.0,5456.769112304657,optimal,0.05836690000433009,False,
1913,0.0,0,0.0,5456.769112304657,optimal,0.0606541000015568,False,
1914,0.0,0,0.0,5456.769112304657,optimal,0.05897630000254139,False,
1915,0.0,0,0.0,5456.769112304657,optimal,0.0658798999938881,False,
1916,0.0,0,0.0,5456.769112304657,optimal,0.0798608999903081,False,
1917,0.0,0,0.0,5456.769112304657,optimal,0.06646299999556504,False,
1918,0.0,0,0.0,5456.769112304657,optimal,0.06326789999729954,False,
1919,0.0,0,0.0,5456.769112304657,optimal,0.060197500002686866,False,
1920,0.0,0,0.0,5456.769112304657,optimal,0.06334349999087863,False,
1921,0.0,0,0.0,5456.769112304657,optimal,0.06543270000838675,False,
1922,0.0,0,0.0,5456.769112304657,optimal,0.07344959999318235,False,
1923,0.0,0,0.0,5456.769112304657,optimal,0.07152720000885893,False,
1924,0.0,0,0.0,5456.769112304657,optimal,0.07681070000398904,False,
1925,0.0,0,0.0,5456.769112304657,optimal,0.08233279999694787,False,
1926,0.0,0,0.0,5456.769112304657,optimal,0.08349419999285601,False,
1927,0.0,0,0.0,5456.769112304657,optimal,0.07620889999088831,False,
1928,0.0,0,0.0,5456.769112304657,optimal,0.078943700005766,False,
1929,0.0,0,0.0,5456.769112304657,optimal,0.07160749999457039,False,
1930,0.0,0,0.0,5456.769112304657,optimal,0.06483000000298489,False,
1931,0.0,0,0.0,5456.769112304657,optimal,0.0661229999968782,False,
1932,0.0,0,0.0,5456.769112304657,optimal,0.07256869999400806,False,
1933,0.0,0,0.0,5456.769112304657,optimal,0.060762199995224364,False,
1934,0.0,0,0.0,5456.769112304657,optimal,0.06545009999535978,False,
1935,0.0,0,0.0,5456.769112304657,optimal,0.08198810000612866,False,
1936,0.0,0,0.0,5456.769112304657,optimal,0.07942719999118708,False,
1937,0.0,0,0.0,5456.769112304657,optimal,0.06547329999739304,False,
1938,0.0,0,0.0,5456.769112304657,optimal,0.06389150000177324,False,
1939,0.0,0,0.0,5456.769112304657,optimal,0.06689220000407659,False,
1940,0.0,0,0.0,5456.769112304657,optimal,0.07070470000326168,False,
1941,0.0,0,0.0,5456.769112304657,optimal,0.09960790000332054,False,
1942,0.0,0,0.0,5456.769112304657,optimal,0.08565170000656508,False,
1943,0.0,0,0.0,5456.769112304657,optimal,0.07860920000530314,False,
1944,0.0,0,0.0,5456.769112304657,optimal,0.068883799991454,False,
1945,0.0,0,0.0,5456.769112304657,optimal,0.06298219999007415,False,
1946,0.0,0,0.0,5456.769112304657,optimal,0.06957769999280572,False,
1947,0.0,0,0.0,5456.769112304657,optimal,0.06728560000192374,False,
1948,0.0,0,0.0,5456.769112304657,optimal,0.06968329999654088,False,
1949,0.0,0,0.0,5456.769112304657,optimal,0.05672259999846574,False,
1950,0.0,0,0.0,5456.769112304657,optimal,0.08064569999987725,False,
1951,0.0,0,0.0,5456.769112304657,optimal,0.0727844999928493,False,
1952,0.0,0,0.0,5456.769112304657,optimal,0.07425820000935346,False,
1953,0.0,0,0.0,5456.769112304657,optimal,0.07055400000535883,False,
1954,0.0,0,0.0,5456.769112304657,optimal,0.19975509999494534,False,
1955,0.0,0,0.0,5456.769112304657,optimal,0.08658619999187067,False,
1956,0.0,0,0.0,5456.769112304657,optimal,0.07319369999459013,False,
1957,0.0,0,0.0,5456.769112304657,optimal,0.06258519999391865,False,
1958,0.0,0,0.0,5456.769112304657,optimal,0.058485599991399795,False,
1959,0.0,0,0.0,5456.769112304657,optimal,0.22104570000374224,False,
1960,0.0,0,0.0,5456.769112304657,optimal,0.07471220000297762,False,
1961,0.0,0,0.0,5456.769112304657,optimal,0.06991010000638198,False,
1962,0.0,0,0.0,5456.769112304657,optimal,0.09551149999606423,False,
1963,0.0,0,0.0,5456.769112304657,optimal,0.08651340000506025,False,
1964,0.0,0,0.0,5456.769112304657,optimal,0.07251200001337565,False,
1965,0.0,0,0.0,5456.769112304657,optimal,0.0853781999903731,False,
1966,0.0,0,0.0,5456.769112304657,optimal,0.0668876999989152,False,
1967,0.0,0,0.0,5456.769112304657,optimal,0.060256699987803586,False,
1968,0.0,0,0.0,5456.769112304657,optimal,0.06936410001071636,False,
1969,0.0,0,0.0,5456.769112304657,optimal,0.061751799992634915,False,
1970,0.0,0,0.0,5456.769112304657,optimal,0.06705019999935757,False,
1971,0.0,0,0.0,5456.769112304657,optimal,0.06575470000097994,False,
1972,0.0,0,0.0,5456.769112304657,optimal,0.06619979999959469,False,
1973,0.0,0,0.0,5456.769112304657,optimal,0.06517149999854155,False,
1974,0.0,0,0.0,5456.769112304657,optimal,0.06044770000153221,False,
1975,0.0,0,0.0,5456.769112304657,optimal,0.05822299999999814,False,
1976,0.0,0,0.0,5456.769112304657,optimal,0.18342099999426864,False,
1977,0.0,0,0.0,5456.769112304657,optimal,0.05769780000264291,False,
1978,0.0,0,0.0,5456.769112304657,optimal,0.06579160000546835,False,
1979,0.0,0,0.0,5456.769112304657,optimal,0.07280039999750443,False,
1980,0.0,0,0.0,5456.769112304657,optimal,0.0658662999921944,False,
1981,0.0,0,0.0,5456.769112304657,optimal,0.22480199999699835,False,
1982,0.0,0,0.0,5456.769112304657,optimal,0.07202320000214968,False,
1983,0.0,0,0.0,5456.769112304657,optimal,0.07767519999470096,False,
1984,0.0,0,0.0,5456.769112304657,optimal,0.07263700000476092,False,
1985,0.0,0,0.0,5456.769112304657,optimal,0.07082900000386871,False,
1986,0.0,0,0.0,5456.769112304657,optimal,0.0681919999915408,False,
1987,0.0,0,0.0,5456.769112304657,optimal,0.0649039999989327,False,
1988,0.0,0,0.0,5456.769112304657,optimal,0.06409960000019055,False,
1989,0.0,0,0.0,5456.769112304657,optimal,0.07333410000137519,False,
1990,0.0,0,0.0,5456.769112304657,optimal,0.06864369999675546,False,
1991,0.0,0,0.0,5456.769112304657,optimal,0.19409119999909308,False,
1992,0.0,0,0.0,5456.769112304657,optimal,0.06491649999225046,False,
1993,0.0,0,0.0,5456.769112304657,optimal,0.06899970000085887,False,
1994,0.0,0,0.0,5456.769112304657,optimal,0.07713659999717493,False,
1995,0.0,0,0.0,5456.769112304657,optimal,0.07044090000272263,False,
1996,0.0,0,0.0,5456.769112304657,optimal,0.06997739999496844,False,
1997,0.0,0,0.0,5456.769112304657,optimal,0.06576820000191219,False,
1998,0.0,0,0.0,5456.769112304657,optimal,0.06551089999265969,False,
1999,0.0,0,0.0,5456.769112304657,optimal,0.07167939998907968,False,
2000,0.0,0,0.0,5456.769112304657,optimal,0.06787279999116436,False,
2001,0.0,0,0.0,5456.769112304657,optimal,0.06534950000059325,False,
2002,0.0,0,0.0,5456.769112304657,optimal,0.21341779999784194,False,
2003,0.0,0,0.0,5456.769112304657,optimal,0.07129340000392403,False,
2004,0.0,0,0.0,5456.769112304657,optimal,0.07375979999778792,False,
2005,0.0,0,0.0,5456.769112304657,optimal,0.21604430000297725,False,
2006,0.0,0,0.0,5456.769112304657,optimal,0.06807389999448787,False,
2007,0.0,0,0.0,5456.769112304657,optimal,0.06005490000825375,False,
2008,0.0,0,0.0,5456.769112304657,optimal,0.05929679999826476,False,
2009,0.0,0,0.0,5456.769112304657,optimal,0.0821126000082586,False,
2010,0.0,0,0.0,5456.769112304657,optimal,0.0806486999936169,False,
2011,0.0,0,0.0,5456.769112304657,optimal,0.07278950000181794,False,
2012,0.0,0,0.0,5456.769112304657,optimal,0.07300410000607371,False,
2013,0.0,0,0.0,5456.769112304657,optimal,0.22343019999971148,False,
2014,0.0,0,0.0,5456.769112304657,optimal,0.07771409999986645,False,
2015,0.0,0,0.0,5456.769112304657,optimal,0.07076919999963138,False,
2016,0.0,0,0.0,5456.769112304657,optimal,0.07771679999132175,False,
2017,0.0,0,0.0,5456.769112304657,optimal,0.07328039999993052,False,
2018,0.0,0,0.0,5456.769112304657,optimal,0.07345859998895321,False,
2019,0.0,0,0.0,5456.769112304657,optimal,0.21580039999389555,False,
2020,0.0,0,0.0,5456.769112304657,optimal,0.07001019999734126,False,
2021,0.0,0,0.0,5456.769112304657,optimal,0.06962229999771807,False,
2022,0.0,0,0.0,5456.769112304657,optimal,0.0649975000123959,False,
2023,0.0,0,0.0,5456.769112304657,optimal,0.06846180000866298,False,
2024,0.0,0,0.0,5456.769112304657,optimal,0.07476000000315253,False,
2025,0.0,0,0.0,5456.769112304657,optimal,0.0807562000118196,False,
2026,0.0,0,0.0,5456.769112304657,optimal,0.07236170000396669,False,
2027,0.0,0,0.0,5456.769112304657,optimal,0.23339320000377484,False,
2028,0.0,0,0.0,5456.769112304657,optimal,0.22886610000568908,False,
2029,0.0,0,0.0,5456.769112304657,optimal,0.07481940000434406,False,
2030,0.0,0,0.0,5456.769112304657,optimal,0.07708060000732075,False,
2031,0.0,0,0.0,5456.769112304657,optimal,0.2270420999993803,False,
2032,0.0,0,0.0,5456.769112304657,optimal,0.07136000000173226,False,
2033,0.0,0,0.0,5456.769112304657,optimal,0.22700909999548458,False,
2034,0.0,0,0.0,5456.769112304657,optimal,0.07874379999702796,False,
2035,0.0,0,0.0,5456.769112304657,optimal,0.23925680000684224,False,
2036,0.0,0,0.0,5456.769112304657,optimal,0.08851709999726154,False,
2037,0.0,0,0.0,5456.769112304657,optimal,0.230511400004616,False,
2038,0.0,0,0.0,5456.769112304657,optimal,0.08786919999693055,False,
2039,0.0,0,0.0,5456.769112304657,optimal,0.19934160000411794,False,
2040,0.0,0,0.0,5456.769112304657,optimal,0.07709560000512283,False,
2041,0.0,0,0.0,5456.769112304657,optimal,0.058337199996458367,False,
2042,0.0,0,0.0,5456.769112304657,optimal,0.18927849999454338,False,
2043,0.0,0,0.0,5456.769112304657,optimal,0.06697170001280028,False,
2044,0.0,0,0.0,5456.769112304657,optimal,0.06664330000057817,False,
2045,0.0,0,0.0,5456.769112304657,optimal,0.22029620000103023,False,
2046,0.0,0,0.0,5456.769112304657,optimal,0.061492499997257255,False,
2047,0.0,0,0.0,5456.769112304657,optimal,0.05617700000584591,False,
2048,0.0,0,0.0,5456.769112304657,optimal,0.2037925000040559,False,
2049,0.0,0,0.0,5456.769112304657,optimal,0.07326090001151897,False,
2050,0.0,0,0.0,5456.769112304657,optimal,0.07061260000045877,False,
2051,0.0,0,0.0,5456.769112304657,optimal,0.06585240000276826,False,
2052,0.0,0,0.0,5456.769112304657,optimal,0.23463510000146925,False,
2053,0.0,0,0.0,5456.769112304657,optimal,0.24616740000783466,False,
2054,0.0,0,0.0,5456.769112304657,optimal,0.08777470000495669,False,
2055,0.0,0,0.0,5456.769112304657,optimal,0.08604000000923406,False,
2056,0.0,0,0.0,5456.769112304657,optimal,0.07478189999528695,False,
2057,0.0,0,0.0,5456.769112304657,optimal,0.08641089999582618,False,
2058,0.0,0,0.0,5456.769112304657,optimal,0.07540990000416059,False,
2059,0.0,0,0.0,5456.769112304657,optimal,0.06674920000659768,False,
2060,0.0,0,0.0,5456.769112304657,optimal,0.07479870000679512,False,
2061,0.0,0,0.0,5456.769112304657,optimal,0.07795700000133365,False,
2062,0.0,0,0.0,5456.769112304657,optimal,0.07291460000851657,False,
2063,0.0,0,0.0,5456.769112304657,optimal,0.062079800001811236,False,
2064,0.0,0,0.0,5456.769112304657,optimal,0.059141900012036785,False,
2065,0.0,0,0.0,5456.769112304657,optimal,0.06465270000626333,False,
2066,0.0,0,0.0,5456.769112304657,optimal,0.07595850000507198,False,
2067,0.0,0,0.0,5456.769112304657,optimal,0.06993399999919347,False,
2068,0.0,0,0.0,5456.769112304657,optimal,0.08099550000042655,False,
2069,0.0,0,0.0,5456.769112304657,optimal,0.08138170000165701,False,
2070,0.0,0,0.0,5456.769112304657,optimal,0.07673159999831114,False,
2071,0.0,0,0.0,5456.769112304657,optimal,0.06562600001052488,False,
2072,0.0,0,0.0,5456.769112304657,optimal,0.06821159999526571,False,
2073,0.0,0,0.0,5456.769112304657,optimal,0.06010100001003593,False,
2074,0.0,0,0.0,5456.769112304657,optimal,0.06196549999003764,False,
2075,0.0,0,0.0,5456.769112304657,optimal,0.06821149999450427,False,
2076,0.0,0,0.0,6190.559575816452,optimal,0.0701785999990534,False,
2077,0.0,0,0.0,10264.03578514912,optimal,0.06558140000561252,False,
2078,0.0,0,0.0,17869.23793883341,optimal,0.06397709999873769,False,
2079,0.0,0,0.0,28475.15912989487,optimal,0.06285960000241175,False,
2080,0.0,0,0.0,39882.58227631118,optimal,0.07232359999034088,False,
2081,0.0,0,0.0,47047.12337465928,optimal,0.06231660000048578,False,
2082,0.0,0,0.0,48129.91829240229,optimal,0.06349380000028759,False,
2083,0.0,0,0.0,47876.06315434423,optimal,0.06813629998941906,False,
2084,0.0,0,0.0,49115.276633225585,optimal,0.06150850000267383,False,
2085,0.0,0,0.0,50788.5484279722,optimal,0.06731689999287482,False,
2086,0.0,0,0.0,49892.43626451408,optimal,0.06942489999346435,False,
2087,0.0,0,0.0,49344.55432236772,optimal,0.06071700000029523,False,
2088,0.0,0,0.0,51129.30323610736,optimal,0.06576500000664964,False,
2089,0.0,0,0.0,53292.08105149947,optimal,0.07713669999793638,False,
2090,0.0,0,0.0,55191.96609445305,optimal,0.06976099999155849,False,
2091,0.0,0,0.0,56150.19967373939,optimal,0.06959109999297652,False,
2092,0.0,0,0.0,57546.10101220544,optimal,0.07085940000251867,False,
2093,0.0,0,0.0,55520.218835780455,optimal,0.059375500000896864,False,
2094,0.0,0,0.0,55363.65034908609,optimal,0.05823850000160746,False,
2095,0.0,0,0.0,56386.44312974607,optimal,0.05715710000367835,False,
2096,0.0,0,0.0,57658.07371356826,optimal,0.059135799994692206,False,
2097,0.0,0,0.0,58902.36626356111,optimal,0.059965499996906146,False,
2098,0.0,0,0.0,53625.20755685457,optimal,0.06680600000254344,False,
2099,0.0,0,0.0,43414.690637309526,optimal,0.061406700013321824,False,
2100,0.0,0,0.0,39655.55881225434,optimal,0.06608479999704286,False,
2101,0.0,0,0.0,34481.393124031485,optimal,0.07532859999628272,False,
2102,0.0,0,0.0,31218.360996912525,optimal,0.06951630000548903,False,
2103,0.0,0,0.0,23641.83625154141,optimal,0.06757280000601895,False,
2104,0.0,0,0.0,19530.381401208084,optimal,0.06972430000314489,False,
2105,0.0,0,0.0,18780.575453100188,optimal,0.06730930000776425,False,
2106,0.0,0,0.0,23161.79898148014,optimal,0.07882380000955891,False,
2107,2.50835564999835,1,2.50835564999835,45925.728685537266,optimal,0.0738252999872202,False,
2108,3.6298552836599294,3,3.0,52854.086890801176,optimal,0.07369439999456517,False,
2109,5.3922321546452,2,3.0,66350.75087583967,optimal,0.07936550000158604,False,
2110,8.811618067183657,5,3.0,96257.97186987236,optimal,0.06549829999858048,False,
2111,12.034003372414425,6,3.0,125796.8028364489,optimal,0.06178350000118371,False,
2112,11.724812931111297,6,2.1415583251448425,122704.89842341762,optimal,0.06306140001106542,False,
2113,11.186471863438848,5,3.0,117321.48774669314,optimal,0.07568609999725595,False,
2114,11.203517930549944,6,2.510609770990712,117491.9484178041,optimal,0.07980439999664668,False,
2115,11.631989634648209,6,3.0,121776.66545878674,optimal,0.07215209999412764,False,
2116,11.73841914681531,6,3.0,122840.96058045776,optimal,0.06665009999414906,False,
2117,11.74605914681531,6,3.0,122917.36058045777,optimal,0.07621929999731947,False,
2118,11.860469146815314,6,3.0,124061.46058045779,optimal,0.08548629999859259,False,
2119,12.463709770990718,5,3.0,130093.86682221183,optimal,0.07342080000671558,False,
2120,15.073949770990716,6,3.0,156196.26682221182,optimal,0.06876009999541566,False,
2121,16.75116977099072,6,3.0,172968.4668222119,optimal,0.06509610000648536,False,
2122,17.78393977099072,6,3.0,183296.16682221188,optimal,0.0728992000076687,False,
2123,20.643619770990725,7,3.0,211892.96682221192,optimal,0.0748131000000285,False,
2124,20.643619770990725,7,3.0,211892.96682221192,optimal,0.07331550000526477,False,
2125,20.643619770990725,7,3.0,211892.96682221192,optimal,0.08926409999548923,False,
2126,20.643619770990725,7,3.0,211892.96682221192,optimal,0.09561839999514632,False,
2127,20.643619770990725,7,3.0,211892.96682221192,optimal,0.06983160000527278,False,
2128,20.643619770990725,7,3.0,211892.96682221192,optimal,0.05946150000090711,False,
2129,20.643619770990725,7,3.0,211892.96682221192,optimal,0.06605559999297839,False,
2130,23.315129770990723,8,3.0,244304.26172375074,optimal,0.0700485999986995,False,
2131,26.00848977099072,9,3.0,273630.5637071381,optimal,0.06889809999847785,False,
2132,26.00848977099072,9,3.0,274394.45410989405,optimal,0.06780520000029355,False,
2133,26.00848977099072,9,3.0,271957.9160889126,optimal,0.07532410000567324,False,
2134,26.00848977099072,9,3.0,270308.5103026114,optimal,0.0789195999968797,False,
2135,26.00848977099072,9,3.0,272825.2462751953,optimal,0.06728000000293832,False,
2136,28.11905977099073,10,3.0,295898.0758007833,optimal,0.07320879999315366,False,
2137,28.11905977099073,10,3.0,300950.318398233,optimal,0.06436930000199936,False,
2138,30.035859770990726,11,3.0,324197.5302102694,optimal,0.06366379999963101,False,
2139,30.035859770990726,11,3.0,329322.5224696319,optimal,0.06830970000009984,False,
2140,31.93931977099073,11,3.0,351584.05286088114,optimal,0.06731959999888204,False,
2141,33.876049770990726,12,3.0,373118.92970154126,optimal,0.07003880001138896,False,
2142,35.999999770990726,12,3.0,395797.16930527263,optimal,0.07623320000129752,False,
2143,35.999999770990726,12,3.0,399151.2821331264,optimal,0.07173999999940861,False,
2144,37.939510708825026,14,3.0,424083.232597582,optimal,0.06883250000828411,False,
2145,39.65716460390491,15,3.0,440938.65240996843,optimal,0.063249699989683,False,
2146,38.01814216866977,14,3.0,424514.7344413759,optimal,0.07575790000555571,False,
2147,36.23730935857121,13,3.0,407069.54771842965,optimal,0.07095009999466129,False,
2148,35.999999770990726,12,3.0,401179.7676270945,optimal,0.07569030000013299,False,
2149,35.999999770990726,12,3.0,401291.5445634314,optimal,0.07508760000928305,False,
2150,35.999999770990726,12,3.0,401172.89083363046,optimal,0.06148879999818746,False,
2151,35.999999770990726,12,3.0,403250.99459786044,optimal,0.059258300010696985,False,
2152,35.999999770990726,12,3.0,403301.3687658949,optimal,0.05762989999493584,False,
2153,35.999999770990726,12,3.0,402765.76938067074,optimal,0.06738079999922775,False,
2154,35.999999770990726,12,3.0,401578.9606000939,optimal,0.06364809999649879,False,
2155,35.24015072385024,12,3.0,394340.87488325965,optimal,0.07314300000143703,False,
2156,34.95453173715285,12,3.0,390989.8022794532,optimal,0.06618179999350104,False,
2157,34.31371699030358,12,3.0,387679.29138211947,optimal,0.07361310000123922,False,
2158,34.31371699030358,12,3.0,388379.13800710044,optimal,0.0729633000009926,False,
2159,34.31371699030358,12,3.0,388387.21718461195,optimal,0.08348929999920074,False,
2160,34.31371699030358,12,3.0,389286.68493286247,optimal,0.06829559999459889,False,
2161,34.31371699030358,12,3.0,387508.85191426973,optimal,0.0733635999931721,False,
2162,34.31371699030358,12,3.0,383308.60969752463,optimal,0.06875370000489056,False,
2163,31.67361116400322,11,3.0,352742.1299210575,optimal,0.06807150000531692,False,
2164,31.67361116400322,11,3.0,349402.9765469626,optimal,0.06872490000387188,False,
2165,30.589107328588327,11,3.0,335621.0638554766,optimal,0.08757680001144763,False,
2166,28.57096328932311,10,3.0,313677.9376423016,optimal,0.07194470000104047,False,
2167,28.57096328932311,10,3.0,313811.57471846516,optimal,0.06702390000282321,False,
2168,27.762648224938488,10,3.0,304336.3175877017,optimal,0.08148239999718498,False,
2169,27.762648224938488,10,3.0,305161.44468502107,optimal,0.07129130000248551,False,
2170,29.543612478852843,10,3.0,324213.243629153,optimal,0.06426350001129322,False,
2171,29.543612478852843,10,3.0,322525.67289929447,optimal,0.06278490000113379,False,
2172,29.543612478852843,10,3.0,320721.41411603696,optimal,0.059347099988372065,False,
2173,28.61372047885284,10,3.0,307937.1131352557,optimal,0.061393199997837655,False,
2174,28.61372047885284,10,3.0,305239.43810045166,optimal,0.06700749999436084,False,
2175,28.61372047885284,10,3.0,301282.60090563865,optimal,0.06582420000631828,False,
2176,28.61372047885284,10,3.0,299851.4611158317,optimal,0.06486220000078902,False,
2177,31.296550478852836,11,3.0,322533.78860922786,optimal,0.0639239999873098,False,
2178,31.296550478852836,11,3.0,319221.56445707864,optimal,0.07143050000013318,False,
2179,31.296550478852836,11,3.0,318422.27390083304,optimal,0.09113679999427404,False,
2180,31.296550478852836,11,3.0,318422.27390083304,optimal,0.08917170000495389,False,
2181,31.296550478852836,11,3.0,318422.27390083304,optimal,0.0858278999949107,False,
2182,31.296550478852836,11,3.0,318422.27390083304,optimal,0.08339840000553522,False,
2183,31.296550478852836,11,3.0,318422.27390083304,optimal,0.09033679999993183,False,
2184,31.296550478852836,11,3.0,318422.27390083304,optimal,0.07441329999710433,False,
2185,31.296550478852836,11,3.0,318422.27390083304,optimal,0.21322629999485798,False,
2186,31.296550478852836,11,3.0,318422.27390083304,optimal,0.07587610000337008,False,
2187,31.296550478852836,11,3.0,318533.0288797888,optimal,0.07282580000173766,False,
2188,31.296550478852836,11,3.0,320886.2620268499,optimal,0.08205719999386929,False,
2189,31.296550478852836,11,3.0,321035.5781794695,optimal,0.23025520000373945,False,
2190,31.296550478852836,11,3.0,320639.55291313224,optimal,0.07778340000368189,False,
2191,31.296550478852836,11,3.0,320963.28716662584,optimal,0.06966959999408573,False,
2192,31.296550478852836,11,3.0,321236.4121250049,optimal,0.07677549999789335,False,
2193,31.296550478852836,11,3.0,322352.2983440839,optimal,0.07438760000513867,False,
2194,31.296550478852836,11,3.0,322502.7532989975,optimal,0.07025619999330956,False,
2195,31.296550478852836,11,3.0,320062.94300112844,optimal,0.07339780000620522,False,
2196,31.296550478852836,11,3.0,318422.27390083304,optimal,0.06835929999942891,False,
2197,31.296550478852836,11,3.0,319448.17010712,optimal,0.07390480001049582,False,
2198,31.296550478852836,11,3.0,320282.5764322937,optimal,0.06923040001129266,False,
2199,31.296550478852836,11,3.0,320073.21439418447,optimal,0.06394650001311675,False,
2200,31.296550478852836,11,3.0,318422.27390083304,optimal,0.06654980000166688,False,
2201,31.296550478852836,11,3.0,318422.27390083304,optimal,0.06245379999745637,False,
2202,34.296550478852836,12,3.0,348422.27390083304,optimal,0.05938679999962915,False,
2203,33.49133977099073,12,3.0,340370.16682221193,optimal,0.06332999998994637,False,
2204,33.49133977099073,12,3.0,340370.16682221193,optimal,0.07306619999872055,False,
2205,33.49133977099073,12,3.0,340370.16682221193,optimal,0.07234349999635015,False,
2206,33.49133977099073,12,3.0,340370.16682221193,optimal,0.06483429999207146,False,
2207,35.999999770990726,12,3.0,365456.7668222119,optimal,0.20271230000071228,False,
2208,35.999999770990726,12,3.0,365456.7668222119,optimal,0.07167989999288693,False,
2209,35.999999770990726,12,3.0,365456.7668222119,optimal,0.07101020000118297,False,
2210,35.999999770990726,12,3.0,365456.7668222119,optimal,0.06373009999515489,False,
2211,35.999999770990726,12,3.0,365456.7668222119,optimal,0.07188410000526346,False,
2212,35.999999770990726,12,3.0,365456.7668222119,optimal,0.20150780001131352,False,
2213,35.999999770990726,12,3.0,365456.7668222119,optimal,0.06949629999871831,False,
2214,35.999999770990726,12,3.0,365456.7668222119,optimal,0.06756460000178777,False,
2215,35.999999770990726,12,3.0,365456.7668222119,optimal,0.07554510000045411,False,
2216,35.999999770990726,12,3.0,365456.7668222119,optimal,0.07488240000384394,False,
2217,35.999999770990726,12,3.0,365456.7668222119,optimal,0.07125289998657536,False,
2218,35.999999770990726,12,3.0,365456.7668222119,optimal,0.06338350000442006,False,
2219,35.999999770990726,12,3.0,365456.7668222119,optimal,0.07759030000306666,False,
2220,35.999999770990726,12,3.0,365456.7668222119,optimal,0.07603079998807516,False,
2221,35.999999770990726,12,3.0,365456.7668222119,optimal,0.23188479999953415,False,
2222,35.999999770990726,12,3.0,365456.7668222119,optimal,0.07636269999784417,False,
2223,35.999999770990726,12,3.0,365456.7668222119,optimal,0.06618789999629371,False,
2224,35.999999770990726,12,3.0,365456.7668222119,optimal,0.07770759999402799,False,
2225,35.999999770990726,12,3.0,365456.7668222119,optimal,0.09541290000197478,False,
2226,35.999999770990726,12,3.0,365456.7668222119,optimal,0.09721690000151284,False,
2227,34.8895864498009,12,3.0,354352.6336103137,optimal,0.08161400000972208,False,
2228,34.8895864498009,12,3.0,354352.6336103137,optimal,0.07168850000016391,False,
2229,34.8895864498009,12,3.0,354352.6336103137,optimal,0.07205009998870082,False,
2230,33.48369682378737,12,3.0,340293.73735017836,optimal,0.06097129998670425,False,
2231,32.498256078330826,11,3.0,330439.3298956129,optimal,0.06857030000537634,False,
2232,32.498256078330826,11,3.0,330439.3298956129,optimal,0.06542230000195559,False,
2233,32.16841749121135,11,3.0,327140.9440244182,optimal,0.20161990000633523,False,
2234,31.072162805412958,11,3.0,316178.39716643427,optimal,0.20996269999886863,False,
2235,31.072162805412958,11,3.0,316178.39716643427,optimal,0.07507459999760613,False,
2236,31.072162805412958,11,3.0,316178.39716643427,optimal,0.07392369999433868,False,
2237,31.072162805412958,11,3.0,316178.39716643427,optimal,0.09002579998923466,False,
2238,29.734822140572625,10,3.0,302804.99051803094,optimal,0.07675820001168177,False,
2239,29.734822140572625,10,3.0,302804.99051803094,optimal,0.07778700000199024,False,
2240,29.734822140572625,10,3.0,303122.6600435155,optimal,0.08831550000468269,False,
2241,29.734822140572625,10,3.0,306733.3804261374,optimal,0.08646720000251662,False,
2242,29.734822140572625,10,3.0,308418.090578919,optimal,0.07632619999640156,False,
2243,29.734822140572625,10,3.0,308418.090578919,optimal,0.07791670000005979,False,
2244,29.734822140572625,10,3.0,308418.0905789189,optimal,0.22065889999794308,False,
2245,29.734822140572625,10,3.0,308418.0905789189,optimal,0.09291300000040792,False,
2246,27.023714140572615,10,3.0,281307.0105789188,optimal,0.10096569999586791,False,
2247,27.023714140572615,10,3.0,281307.0105789188,optimal,0.10142809999524616,False,
2248,24.312606140572612,9,3.0,256517.72000832262,optimal,0.0883686999877682,False,
2249,21.60149814057261,8,3.0,232530.8172823302,optimal,0.1003809999965597,False,
2250,21.60149814057261,8,3.0,234269.1299691848,optimal,0.09943420000490732,False,
2251,21.60149814057261,8,3.0,232864.9490834057,optimal,0.21887409999908414,False,
2252,21.60149814057261,8,3.0,228358.17220804156,optimal,0.08110549999400973,False,
2253,20.911375340741735,7,3.0,220235.39223200557,optimal,0.09031669999239966,False,
2254,23.911375340741735,8,3.0,249214.99334806265,optimal,0.0805296000035014,False,
2255,23.911375340741735,8,3.0,249387.0076790053,optimal,0.083860899991123,False,
2256,23.911375340741735,8,3.0,250080.83632222182,optimal,0.07186850000289269,False,
2257,22.858559450495157,8,3.0,241816.33719518306,optimal,0.08294759999262169,False,
2258,22.858559450495157,8,3.0,244691.47741154622,optimal,0.19756760000018403,False,
2259,22.858559450495157,8,3.0,244861.68330486063,optimal,0.08405400000629015,False,
2260,22.858559450495157,8,3.0,245710.57820243356,optimal,0.20138409998617135,False,
2261,22.858559450495157,8,3.0,245478.72870736237,optimal,0.06455189999542199,False,
2262,22.858559450495157,8,3.0,244063.99962817598,optimal,0.20122600000468083,False,
2263,22.858559450495157,8,3.0,242179.34689746358,optimal,0.07084700000996236,False,
2264,22.858559450495157,8,3.0,241185.68264432566,optimal,0.20267530001001433,False,
2265,22.858559450495157,8,3.0,242653.96697268705,optimal,0.09082379999745172,False,
2266,22.858559450495157,8,3.0,247014.969577385,optimal,0.08065730000089388,False,
2267,20.147451450495154,7,3.0,222169.71989203023,optimal,0.2134261999890441,False,
2268,17.43634345049515,6,3.0,197416.80432805416,optimal,0.22614809998776764,False,
2269,17.43634345049515,6,3.0,200944.01506460705,optimal,0.09091389999957755,False,
2270,14.725235450495148,5,3.0,179986.362678885,optimal,0.20334030000958592,False,
2271,12.014127450495145,5,3.0,160230.45555798063,optimal,0.07528789999196306,False,
2272,12.014127450495145,5,3.0,166591.07762710712,optimal,0.22002780000912026,False,
2273,9.303019450495142,4,3.0,141997.87201103882,optimal,0.07104550000804011,False,
2274,8.170836885008768,3,3.0,132102.98055470985,optimal,0.08082309999736026,False,
2275,8.170836885008768,3,3.0,136390.1565495073,optimal,0.0888418999966234,False,
2276,8.170836885008768,3,3.0,141243.73372928894,optimal,0.270654400010244,False,
2277,8.850875572960213,3,3.0,144081.2297110138,optimal,0.09397599998919759,False,
2278,8.850875572960213,3,3.0,140390.0809775061,optimal,0.08594970000558533,False,
2279,9.173489640780138,4,3.0,139948.87146119034,optimal,0.08755969999765512,False,
2280,8.850875572960213,3,3.0,132660.914584885,optimal,0.2237312000070233,False,
2281,8.850875572960213,3,3.0,127985.69427981772,optimal,0.08590530000219587,False,
2282,9.25586840378977,4,3.0,127001.64415192307,optimal,0.24024030000146013,False,
2283,9.25586840378977,4,3.0,122674.54373284847,optimal,0.06708459999936167,False,
2284,9.25586840378977,4,3.0,118386.9234352586,optimal,0.06532999999762978,False,
2285,9.25586840378977,4,3.0,115244.88643601583,optimal,0.21253439999418333,False,
2286,9.25586840378977,4,3.0,113395.70458165377,optimal,0.08365870000852738,False,
2287,12.140272298111482,5,3.0,138351.85318010268,optimal,0.08113530000264291,False,
2288,11.73605840378977,4,3.0,130023.07610553369,optimal,0.0858756999950856,False,
2289,14.616043433511667,7,3.0,154607.2220102123,optimal,0.070641300000716,False,
2290,14.498462877125473,6,3.0,150441.3978835594,optimal,0.0760595000028843,False,
2291,12.274605928188054,5,3.0,128202.82839418518,optimal,0.09451779999653809,False,
2292,9.024950403789767,4,3.0,95706.27315020232,optimal,0.08995330000470858,False,
2293,9.024950403789767,4,3.0,95706.27315020232,optimal,0.09086180001031607,False,
2294,6.313842403789764,3,3.0,68595.19315020229,optimal,0.08131629999843426,False,
2295,6.313842403789764,3,3.0,68595.19315020229,optimal,0.0816534000041429,False,
2296,5.0150642380248485,2,3.0,55607.41149255315,optimal,0.08394279998901766,False,
2297,8.015064238024848,3,3.0,85607.41149255313,optimal,0.0762998999998672,False,
2298,8.015064238024848,3,3.0,85607.41149255313,optimal,0.06419360000290908,False,
2299,8.015064238024848,3,3.0,85607.41149255313,optimal,0.08338830000138842,False,
2300,8.015064238024848,3,3.0,85607.41149255313,optimal,0.08094600000185892,False,
2301,11.015064238024848,4,3.0,115607.41149255313,optimal,0.06704100000206381,False,
2302,11.015064238024848,4,3.0,115607.41149255313,optimal,0.08580549999896903,False,
2303,11.015064238024848,4,3.0,115607.41149255313,optimal,0.08123559999512509,False,
2304,11.015064238024848,4,3.0,115607.41149255313,optimal,0.07524519998696633,False,
2305,11.015064238024848,4,3.0,115607.41149255313,optimal,0.06562560000747908,False,
2306,11.015064238024848,4,3.0,115607.41149255313,optimal,0.06543410000449512,False,
2307,11.015064238024848,4,3.0,115607.41149255313,optimal,0.06807220001064707,False,
2308,14.015064238024848,5,3.0,145607.41149255316,optimal,0.0721622999990359,False,
2309,14.015064238024848,5,3.0,145607.41149255316,optimal,0.07183179999992717,False,
2310,16.06022423802485,6,3.0,166059.01149255317,optimal,0.06971260000136681,False,
2311,16.06022423802485,6,3.0,166059.01149255317,optimal,0.0702276000083657,False,
2312,16.06022423802485,6,3.0,166059.01149255317,optimal,0.061504500001319684,False,
2313,16.177836097932172,6,3.0,167235.13009162637,optimal,0.06654309999430552,False,
2314,16.177836097932172,6,3.0,167235.13009162637,optimal,0.07794780000403989,False,
2315,16.177836097932172,6,3.0,167235.13009162637,optimal,0.07142520000343211,False,
2316,16.177836097932172,6,3.0,167235.13009162637,optimal,0.06440800000564195,False,
2317,16.177836097932172,6,3.0,167235.13009162637,optimal,0.06689449999248609,False,
2318,19.177836097932172,7,3.0,197235.13009162637,optimal,0.07051969999156427,False,
2319,19.177836097932172,7,3.0,197235.13009162637,optimal,0.06770729999698233,False,
2320,19.177836097932172,7,3.0,200001.57243929437,optimal,0.0724396000005072,False,
2321,19.177836097932172,7,3.0,203541.12524865306,optimal,0.06817790000059176,False,
2322,19.177836097932172,7,3.0,213002.24368811623,optimal,0.07444030001352075,False,
2323,21.730533063072727,8,3.0,240865.16564261945,optimal,0.07617290000780486,False,
2324,21.730533063072727,8,3.0,245773.1085400185,optimal,0.07008620000851806,False,
2325,21.730533063072727,8,3.0,251668.17427760968,optimal,0.06208350000088103,False,
2326,19.019425063072724,7,3.0,230759.75836098086,optimal,0.058589499996742234,False,
2327,19.019425063072724,7,3.0,239220.24439184586,optimal,0.06080250001105014,False,
2328,19.019425063072724,7,3.0,244289.2561043802,optimal,0.06254769999941345,False,
2329,19.019425063072724,7,3.0,248905.2591572347,optimal,0.059548600009293295,False,
2330,21.35354494427137,10,3.0,275913.21680014464,optimal,0.05786149999767076,False,
2331,23.23790951057956,10,3.0,294756.86246322654,optimal,0.06312619999516755,False,
2332,26.002711442600187,13,3.12931,322404.8817834328,optimal,0.06815370000549592,False,
2333,27.734675238696745,14,3.0,339724.5197443984,optimal,0.06645330000901595,False,
2334,26.796630226694806,13,3.0,328582.7120705569,optimal,0.07754950001253746,False,
2335,21.947869886383078,11,3.0,275808.4705360877,optimal,0.08164099999703467,False,
2336,19.561041086383078,9,3.12931,247653.54440473582,optimal,0.07001309999031946,False,
2337,15.383139486383076,8,3.0,201587.89027338393,optimal,0.06646380000165664,False,
2338,11.12593151838307,5,3.0,154729.17246203197,optimal,0.07001329999184236,False,
2339,7.963757052171057,4,3.0,118820.78966855997,optimal,0.05746710000676103,False,
2340,5.108970174053398,4,2.752777063072699,85986.28275603149,optimal,0.07227209999109618,False,
2341,5.1289711660533985,4,2.752777063072699,81899.65454467961,optimal,0.07427599999937229,False,
2342,3.4808410220534043,3,1.688550521710364,61131.71497332779,optimal,0.076129300010507,False,
2343,6.566098295183067,4,2.11604,87697.64957327252,optimal,0.07820230000652373,False,
2344,10.448215527183056,7,2.11604,122232.18376192053,optimal,0.07829389999096747,False,
2345,11.781228595865642,5,3.33312,131275.67631739448,optimal,0.07582729999558069,False,
2346,9.655379354760328,5,3.0,105730.54577498947,optimal,0.07028670000727288,False,
2347,9.883518321160329,5,3.0,104291.95232390794,optimal,0.05765600000449922,False,
2348,7.0362015211603275,4,2.11604,75818.78432390792,optimal,0.06265010000788607,False,
2349,1.342819819747132,1,1.342819819747132,18884.967309775977,optimal,0.05661099999269936,False,
2350,0.0,0,0.0,5456.769112304657,optimal,0.05966479999187868,False,
2351,0.0,0,0.0,5456.769112304657,optimal,0.07536740000068676,False,
2352,0.0,0,0.0,5456.769112304657,optimal,0.06001580000156537,False,
2353,0.0,0,0.0,5456.769112304657,optimal,0.07325489999493584,False,
2354,0.0,0,0.0,5456.769112304657,optimal,0.07512069999938831,False,
2355,0.0,0,0.0,5456.769112304657,optimal,0.08196150000730995,False,
2356,0.0,0,0.0,5456.769112304657,optimal,0.06605069999932311,False,
2357,0.0,0,0.0,5456.769112304657,optimal,0.05894030000490602,False,
2358,0.0,0,0.0,5456.769112304657,optimal,0.058140200009802356,False,
2359,0.0,0,0.0,5456.769112304657,optimal,0.0670587000058731,False,
2360,0.0,0,0.0,5456.769112304657,optimal,0.06892459999653511,False,
2361,0.0,0,0.0,5456.769112304657,optimal,0.06548049999400973,False,
2362,0.0,0,0.0,5456.769112304657,optimal,0.06456849999085534,False,
2363,0.0,0,0.0,5456.769112304657,optimal,0.07651030000124592,False,
2364,0.0,0,0.0,5456.769112304657,optimal,0.07706529999268241,False,
2365,0.0,0,0.0,5456.769112304657,optimal,0.07083530000818428,False,
2366,0.0,0,0.0,5456.769112304657,optimal,0.06270540000696201,False,
2367,0.0,0,0.0,5456.769112304657,optimal,0.06400689999281894,False,
2368,0.0,0,0.0,5456.769112304657,optimal,0.05760409998765681,False,
2369,0.0,0,0.0,5456.769112304657,optimal,0.06577080000715796,False,
2370,1.5547575368281201,1,1.5547575368281201,21004.34448058586,optimal,0.06182930000068154,False,
2371,4.55475753682812,2,3.0,51004.34448058586,optimal,0.0631405000021914,False,
2372,4.55475753682812,2,3.0,51004.34448058586,optimal,0.06208800000604242,False,
2373,4.55475753682812,2,3.0,51004.34448058586,optimal,0.06347000000823755,False,
2374,4.55475753682812,2,3.0,51004.34448058586,optimal,0.06292959999700543,False,
2375,7.436377536828118,3,3.0,79820.54448058584,optimal,0.06997660000342876,False,
2376,10.436377536828125,4,3.0,109820.5444805859,optimal,0.06938169999921229,False,
2377,10.436377536828125,4,3.0,109820.5444805859,optimal,0.06628069998987485,False,
2378,12.47018753682812,5,3.0,130158.64448058586,optimal,0.062032599991653115,False,
2379,12.47018753682812,5,3.0,130158.64448058586,optimal,0.07097369999974035,False,
2380,14.391707536828122,5,3.0,149373.8444805859,optimal,0.06561419999343343,False,
2381,14.391707536828122,5,3.0,149373.8444805859,optimal,0.06824199999391567,False,
2382,14.391707536828122,5,3.0,149373.8444805859,optimal,0.06466839999484364,False,
2383,14.391707536828122,5,3.0,149373.8444805859,optimal,0.0597630999982357,False,
2384,14.16705574519321,5,3.0,147127.32656423678,optimal,0.0656479000026593,False,
2385,14.16705574519321,5,3.0,147127.32656423678,optimal,0.06837939999240916,False,
2386,14.16705574519321,5,3.0,147127.32656423678,optimal,0.06610789999831468,False,
2387,11.455947745193207,4,3.0,120016.24656423672,optimal,0.06761110000661574,False,
2388,11.455947745193207,4,3.0,120016.24656423672,optimal,0.0733676999952877,False,
2389,8.744839745193204,3,3.0,92905.16656423669,optimal,0.06989639998937491,False,
2390,8.744839745193204,3,3.0,92905.16656423669,optimal,0.08429959999921266,False,
2391,6.033731745193194,3,3.0,65794.0865642366,optimal,0.0704433000064455,False,
2392,6.033731745193194,3,3.0,65794.0865642366,optimal,0.06028540000261273,False,
2393,6.033731745193194,3,3.0,65794.0865642366,optimal,0.06452529999660328,False,
2394,6.033731745193194,3,3.0,65794.0865642366,optimal,0.06569760000274982,False,
2395,3.322623745193198,2,3.0,38683.00656423664,optimal,0.06271439998818096,False,
2396,3.322623745193198,2,3.0,38683.00656423664,optimal,0.07134169999335427,False,
2397,3.322623745193198,2,3.0,38683.00656423664,optimal,0.06721749999269377,False,
2398,2.085853162218257,1,2.085853162218257,26315.300734487224,optimal,0.0713465000008,False,
2399,2.085853162218257,1,2.085853162218257,26315.300734487224,optimal,0.0738922000018647,False,
2400,2.085853162218257,1,2.085853162218257,26315.300734487224,optimal,0.08285040000919253,False,
2401,2.085853162218257,1,2.085853162218257,26315.300734487224,optimal,0.07804779999423772,False,
2402,2.085853162218257,1,2.085853162218257,26315.300734487224,optimal,0.07737129999441095,False,
2403,0.8485864579265296,1,0.8485864579265296,13942.633691569954,optimal,0.08017659999313764,False,
2404,0.8485864579265296,1,0.8485864579265296,13942.633691569954,optimal,0.07255019999865908,False,
2405,0.8485864579265296,1,0.8485864579265296,13942.633691569954,optimal,0.08297760000277776,False,
2406,0.0,0,0.0,5456.769112304657,optimal,0.07192699999723118,False,
2407,0.0,0,0.0,5456.769112304657,optimal,0.06963710000854917,False,
2408,0.0,0,0.0,5456.769112304657,optimal,0.06558490000315942,False,
2409,0.0,0,0.0,5456.769112304657,optimal,0.05862949999573175,False,
2410,0.0,0,0.0,5456.769112304657,optimal,0.05948160000843927,False,
2411,0.0,0,0.0,5456.769112304657,optimal,0.05998239999462385,False,
2412,0.0,0,0.0,5456.769112304657,optimal,0.060860400000819936,False,
2413,0.0,0,0.0,5456.769112304657,optimal,0.05991960001119878,False,
2414,0.0,0,0.0,5456.769112304657,optimal,0.06080029999429826,False,
2415,0.0,0,0.0,5456.769112304657,optimal,0.06271109999215696,False,
2416,0.0,0,0.0,5456.769112304657,optimal,0.1962065999978222,False,
2417,0.0,0,0.0,5456.769112304657,optimal,0.06847840000409633,False,
2418,0.0,0,0.0,5456.769112304657,optimal,0.0682535999949323,False,
2419,0.0,0,0.0,5456.769112304657,optimal,0.06675320000795182,False,
2420,0.0,0,0.0,5456.769112304657,optimal,0.1882191999902716,False,
2421,0.0,0,0.0,5456.769112304657,optimal,0.06284310000773985,False,
2422,0.0,0,0.0,5456.769112304657,optimal,0.059393900010036305,False,
2423,0.0,0,0.0,5456.769112304657,optimal,0.06040469999425113,False,
2424,0.0,0,0.0,5456.769112304657,optimal,0.07561639999039471,False,
2425,0.0,0,0.0,5456.769112304657,optimal,0.07836630000383593,False,
2426,0.0,0,0.0,5456.769112304657,optimal,0.0595138000062434,False,
2427,0.0,0,0.0,5456.769112304657,optimal,0.06939590000547469,False,
2428,0.0,0,0.0,5456.769112304657,optimal,0.06801319999794941,False,
2429,0.0,0,0.0,5456.769112304657,optimal,0.06509760000335518,False,
2430,0.0,0,0.0,5456.769112304657,optimal,0.05985800000780728,False,
2431,0.0,0,0.0,5456.769112304657,optimal,0.05891080001310911,False,
2432,0.0,0,0.0,5456.769112304657,optimal,0.06581639999058098,False,
2433,0.0,0,0.0,5456.769112304657,optimal,0.06651509999937844,False,
2434,0.0,0,0.0,5456.769112304657,optimal,0.06824940000660717,False,
2435,0.0,0,0.0,5456.769112304657,optimal,0.06354550000105519,False,
2436,0.0,0,0.0,5456.769112304657,optimal,0.07041559999925084,False,
2437,0.0,0,0.0,5456.769112304657,optimal,0.0635411999974167,False,
2438,0.0,0,0.0,5456.769112304657,optimal,0.18655790000048,False,
2439,0.0,0,0.0,5456.769112304657,optimal,0.06968830000550952,False,
2440,0.0,0,0.0,5456.769112304657,optimal,0.06595730000117328,False,
2441,0.0,0,0.0,5456.769112304657,optimal,0.059333800003514625,False,
2442,0.0,0,0.0,5456.769112304657,optimal,0.062066499987849966,False,
2443,0.0,0,0.0,5456.769112304657,optimal,0.07211700000334531,False,
2444,0.0,0,0.0,5456.769112304657,optimal,0.19335250000585802,False,
2445,0.0,0,0.0,5456.769112304657,optimal,0.0690863000054378,False,
2446,0.0,0,0.0,5456.769112304657,optimal,0.06298500001139473,False,
2447,0.0,0,0.0,5456.769112304657,optimal,0.06766999998944812,False,
2448,0.0,0,0.0,5456.769112304657,optimal,0.07117290000314824,False,
2449,0.0,0,0.0,5456.769112304657,optimal,0.06509410000580829,False,
2450,0.0,0,0.0,5456.769112304657,optimal,0.06969849999586586,False,
2451,0.0,0,0.0,5456.769112304657,optimal,0.19140760001027957,False,
2452,0.0,0,0.0,5456.769112304657,optimal,0.06666100000438746,False,
2453,0.0,0,0.0,5456.769112304657,optimal,0.06839910001144744,False,
2454,0.0,0,0.0,5456.769112304657,optimal,0.07379090000176802,False,
2455,0.0,0,0.0,5456.769112304657,optimal,0.07268040000053588,False,
2456,0.0,0,0.0,5456.769112304657,optimal,0.07327409999561496,False,
2457,0.0,0,0.0,5456.769112304657,optimal,0.07926410000072792,False,
2458,0.0,0,0.0,5456.769112304657,optimal,0.08388510000077076,False,
2459,0.0,0,0.0,5456.769112304657,optimal,0.07729340001242235,False,
2460,0.0,0,0.0,5456.769112304657,optimal,0.06947610000497662,False,
2461,0.0,0,0.0,5456.769112304657,optimal,0.07300770000438206,False,
2462,0.0,0,0.0,5456.769112304657,optimal,0.06695020000915974,False,
2463,0.0,0,0.0,5456.769112304657,optimal,0.08095220000541303,False,
2464,0.0,0,0.0,5456.769112304657,optimal,0.19672510000236798,False,
2465,0.0,0,0.0,5456.769112304657,optimal,0.06400150000990834,False,
2466,0.0,0,0.0,5456.769112304657,optimal,0.20014780000201426,False,
2467,0.0,0,0.0,5456.769112304657,optimal,0.06594319999567233,False,
2468,0.0,0,0.0,5456.769112304657,optimal,0.06979969999520108,False,
2469,0.0,0,0.0,5456.769112304657,optimal,0.06900350000069011,False,
2470,0.0,0,0.0,5456.769112304657,optimal,0.06849550000333693,False,
2471,0.0,0,0.0,5456.769112304657,optimal,0.07344420001027174,False,
2472,0.0,0,0.0,5456.769112304657,optimal,0.07408140000188723,False,
2473,0.0,0,0.0,5456.769112304657,optimal,0.07084859999304172,False,
2474,0.0,0,0.0,5456.769112304657,optimal,0.07127179999952205,False,
2475,0.0,0,0.0,5456.769112304657,optimal,0.19864719999895897,False,
2476,0.0,0,0.0,5456.769112304657,optimal,0.061913999990792945,False,
2477,0.0,0,0.0,5456.769112304657,optimal,0.06331019999925047,False,
2478,0.0,0,0.0,5456.769112304657,optimal,0.06001990000368096,False,
2479,0.0,0,0.0,5456.769112304657,optimal,0.06018450000556186,False,
2480,0.0,0,0.0,5456.769112304657,optimal,0.05906830000458285,False,
2481,0.0,0,0.0,5456.769112304657,optimal,0.06172060000244528,False,
2482,0.0,0,0.0,5456.769112304657,optimal,0.17642610000621062,False,
2483,0.0,0,0.0,5456.769112304657,optimal,0.0721520000079181,False,
2484,0.0,0,0.0,5456.769112304657,optimal,0.07045469999138732,False,
2485,0.0,0,0.0,5456.769112304657,optimal,0.06320579999010079,False,
2486,0.0,0,0.0,5456.769112304657,optimal,0.06089300000166986,False,
2487,0.0,0,0.0,5456.769112304657,optimal,0.05912049999460578,False,
2488,0.0,0,0.0,5456.769112304657,optimal,0.06188970000948757,False,
2489,0.0,0,0.0,5456.769112304657,optimal,0.20493310000165366,False,
2490,0.0,0,0.0,5456.769112304657,optimal,0.17913079999561887,False,
2491,0.0,0,0.0,5456.769112304657,optimal,0.0584281000046758,False,
2492,0.0,0,0.0,5456.769112304657,optimal,0.06274540000595152,False,
2493,0.0,0,0.0,5456.769112304657,optimal,0.2092535000119824,False,
2494,0.0,0,0.0,5456.769112304657,optimal,0.06567260000156239,False,
2495,0.0,0,0.0,5456.769112304657,optimal,0.22890430000552442,False,
2496,0.0,0,0.0,5456.769112304657,optimal,0.0870435999968322,False,
2497,0.0,0,0.0,5456.769112304657,optimal,0.09156939999957103,False,
2498,0.0,0,0.0,5456.769112304657,optimal,0.23949130000255536,False,
2499,0.0,0,0.0,5456.769112304657,optimal,0.22195669999928214,False,
2500,0.0,0,0.0,5456.769112304657,optimal,0.06657460000133142,False,
2501,0.0,0,0.0,5456.769112304657,optimal,0.21705829999700654,False,
2502,0.0,0,0.0,5456.769112304657,optimal,0.07679680000001099,False,
2503,0.0,0,0.0,5456.769112304657,optimal,0.22543469999800436,False,
2504,0.0,0,0.0,5456.769112304657,optimal,0.08432270000048447,False,
2505,0.0,0,0.0,5456.769112304657,optimal,0.08201429998734966,False,
2506,0.0,0,0.0,5456.769112304657,optimal,0.2272478999948362,False,
2507,0.0,0,0.0,5456.769112304657,optimal,0.07985569999436848,False,
2508,0.0,0,0.0,5456.769112304657,optimal,0.078258099994855,False,
2509,0.0,0,0.0,5456.769112304657,optimal,0.08451299999433104,False,
2510,0.0,0,0.0,5456.769112304657,optimal,0.09323289999156259,False,
2511,0.0,0,0.0,5456.769112304657,optimal,0.20441069999651518,False,
2512,0.0,0,0.0,5456.769112304657,optimal,0.1937920999916969,False,
2513,0.0,0,0.0,5456.769112304657,optimal,0.07961960000102408,False,
2514,0.0,0,0.0,5456.769112304657,optimal,0.0714806000032695,False,
2515,0.0,0,0.0,5456.769112304657,optimal,0.05901330000779126,False,
2516,0.0,0,0.0,5456.769112304657,optimal,0.05701840000983793,False,
2517,0.0,0,0.0,5456.769112304657,optimal,0.19095409999135882,False,
2518,0.0,0,0.0,5456.769112304657,optimal,0.06701350001094397,False,
2519,0.0,0,0.0,5456.769112304657,optimal,0.0657402000069851,False,
2520,0.0,0,0.0,5456.769112304657,optimal,0.06890579999890178,False,
2521,0.0,0,0.0,5456.769112304657,optimal,0.064510700001847,False,
2522,0.0,0,0.0,5456.769112304657,optimal,0.060275299998465925,False,
2523,0.0,0,0.0,5456.769112304657,optimal,0.06342030000814702,False,
2524,0.0,0,0.0,5456.769112304657,optimal,0.06685899999865796,False,
2525,0.0,0,0.0,5456.769112304657,optimal,0.06845450001128484,False,
2526,0.0,0,0.0,5456.769112304657,optimal,0.0636565999884624,False,
2527,0.0,0,0.0,5456.769112304657,optimal,0.060864299986860715,False,
2528,0.0,0,0.0,5456.769112304657,optimal,0.0607869999948889,False,
2529,0.0,0,0.0,5456.769112304657,optimal,0.06097370000497904,False,
2530,0.0,0,0.0,5456.769112304657,optimal,0.0653223999979673,False,
2531,0.0,0,0.0,5456.769112304657,optimal,0.0766528000094695,False,
2532,0.0,0,0.0,5456.769112304657,optimal,0.06817879999289289,False,
2533,0.0,0,0.0,5456.769112304657,optimal,0.06936110000242479,False,
2534,0.0,0,0.0,5456.769112304657,optimal,0.06836980000662152,False,
2535,0.0,0,0.0,5456.769112304657,optimal,0.08402160000696313,False,
2536,0.0,0,0.0,5456.769112304657,optimal,0.0706897000054596,False,
2537,0.0,0,0.0,5456.769112304657,optimal,0.07771860000502784,False,
2538,0.0,0,0.0,5456.769112304657,optimal,0.06494720000773668,False,
2539,0.0,0,0.0,5456.769112304657,optimal,0.07268019999901298,False,
2540,0.0,0,0.0,5456.769112304657,optimal,0.07105220000084955,False,
2541,0.0,0,0.0,5456.769112304657,optimal,0.06521709999651648,False,
2542,0.0,0,0.0,5456.769112304657,optimal,0.06652459999895655,False,
2543,0.0,0,0.0,5456.769112304657,optimal,0.07593950000591576,False,
2544,0.0,0,0.0,5456.769112304657,optimal,0.06569230000604875,False,
2545,0.0,0,0.0,5456.769112304657,optimal,0.06415940000442788,False,
2546,0.0,0,0.0,5456.769112304657,optimal,0.057050000003073364,False,
2547,0.0,0,0.0,5456.769112304657,optimal,0.06440010000369512,False,
2548,0.0,0,0.0,5456.769112304657,optimal,0.062394799999310635,False,
2549,0.0,0,0.0,5456.769112304657,optimal,0.05728850000014063,False,
2550,0.0,0,0.0,5456.769112304657,optimal,0.06781779999437276,False,
2551,0.0,0,0.0,5456.769112304657,optimal,0.05871579999802634,False,
2552,0.0,0,0.0,5456.769112304657,optimal,0.06605020001006778,False,
2553,0.0,0,0.0,5456.769112304657,optimal,0.0669859999907203,False,
2554,0.0,0,0.0,5456.769112304657,optimal,0.0793281000078423,False,
2555,0.0,0,0.0,5456.769112304657,optimal,0.07115539998630993,False,
2556,0.0,0,0.0,5456.769112304657,optimal,0.07504480000352487,False,
2557,0.0,0,0.0,5456.769112304657,optimal,0.08904960000654683,False,
2558,0.0,0,0.0,5456.769112304657,optimal,0.0832146000029752,False,
2559,0.0,0,0.0,5456.769112304657,optimal,0.07115370000246912,False,
2560,0.0,0,0.0,5456.769112304657,optimal,0.06932940000842791,False,
2561,0.0,0,0.0,5456.769112304657,optimal,0.07079820000217296,False,
2562,0.0,0,0.0,5456.769112304657,optimal,0.08297460000903811,False,
2563,0.0,0,0.0,5456.769112304657,optimal,0.07440700000734068,False,
2564,0.0,0,0.0,5456.769112304657,optimal,0.06422549999842886,False,
2565,0.0,0,0.0,5456.769112304657,optimal,0.06637070000579115,False,
2566,0.0,0,0.0,5456.769112304657,optimal,0.058588500003679655,False,
2567,0.0,0,0.0,5456.769112304657,optimal,0.05929080001078546,False,
2568,0.0,0,0.0,5456.769112304657,optimal,0.06384839999373071,False,
2569,0.0,0,0.0,5456.769112304657,optimal,0.07412560000375379,False,
2570,0.0,0,0.0,5456.769112304657,optimal,0.07280100000207312,False,
2571,0.0,0,0.0,5456.769112304657,optimal,0.07203350000781938,False,
2572,0.0,0,0.0,5456.769112304657,optimal,0.060831700000562705,False,
2573,0.0,0,0.0,5456.769112304657,optimal,0.06369650000124238,False,
2574,0.0,0,0.0,5456.769112304657,optimal,0.06578530000115279,False,
2575,0.0,0,0.0,5456.769112304657,optimal,0.06771250000747386,False,
2576,0.0,0,0.0,5456.769112304657,optimal,0.06825189999653958,False,
2577,0.0,0,0.0,5456.769112304657,optimal,0.06545029999688268,False,
2578,0.0,0,0.0,5456.769112304657,optimal,0.06324990000575781,False,
2579,0.0,0,0.0,5456.769112304657,optimal,0.05860599999141414,False,
2580,0.0,0,0.0,5456.769112304657,optimal,0.05892080000194255,False,
2581,0.0,0,0.0,5456.769112304657,optimal,0.05774220000603236,False,
2582,0.0,0,0.0,5456.769112304657,optimal,0.0595988999994006,False,
2583,0.0,0,0.0,5456.769112304657,optimal,0.06471489999967162,False,
2584,0.0,0,0.0,5456.769112304657,optimal,0.06194100000720937,False,
2585,0.0,0,0.0,5456.769112304657,optimal,0.06688650000432972,False,
2586,0.0,0,0.0,5456.769112304657,optimal,0.07488329999614507,False,
2587,0.0,0,0.0,5456.769112304657,optimal,0.07469839999976102,False,
2588,0.0,0,0.0,5456.769112304657,optimal,0.07298509999236558,False,
2589,0.0,0,0.0,5456.769112304657,optimal,0.06533720000879839,False,
2590,0.0,0,0.0,5456.769112304657,optimal,0.07481480001297314,False,
2591,0.0,0,0.0,5456.769112304657,optimal,0.07716919999802485,False,
2592,0.0,0,0.0,5456.769112304657,optimal,0.08188469999004155,False,
2593,0.0,0,0.0,5456.769112304657,optimal,0.06420599999546539,False,
2594,0.0,0,0.0,5456.769112304657,optimal,0.08141220000106841,False,
2595,0.0,0,0.0,5456.769112304657,optimal,0.08084499998949468,False,
2596,0.0,0,0.0,5456.769112304657,optimal,0.08581870001216885,False,
2597,0.0,0,0.0,5456.769112304657,optimal,0.06725229999574367,False,
2598,0.0,0,0.0,5456.769112304657,optimal,0.07665779998933431,False,
2599,0.0,0,0.0,5456.769112304657,optimal,0.07528249999450054,False,
2600,0.0,0,0.0,5456.769112304657,optimal,0.08640509999531787,False,
2601,0.0,0,0.0,5456.769112304657,optimal,0.07633559999521822,False,
2602,0.0,0,0.0,5456.769112304657,optimal,0.07669909999822266,False,
2603,0.0,0,0.0,5456.769112304657,optimal,0.07668810000177473,False,
2604,0.0,0,0.0,5456.769112304657,optimal,0.07724679999228101,False,
2605,0.0,0,0.0,5456.769112304657,optimal,0.07351610000478104,False,
2606,0.0,0,0.0,5456.769112304657,optimal,0.07022439999855123,False,
2607,0.0,0,0.0,5456.769112304657,optimal,0.0765737000037916,False,
2608,0.0,0,0.0,5456.769112304657,optimal,0.09578279999550432,False,
2609,0.0,0,0.0,5456.769112304657,optimal,0.08136939999531023,False,
2610,0.0,0,0.0,5456.769112304657,optimal,0.0845329000003403,False,
2611,0.0,0,0.0,5456.769112304657,optimal,0.07397820000187494,False,
2612,0.0,0,0.0,5456.769112304657,optimal,0.06156080000801012,False,
2613,0.0,0,0.0,5456.769112304657,optimal,0.06123459999798797,False,
2614,0.0,0,0.0,5456.769112304657,optimal,0.06012499998905696,False,
2615,0.0,0,0.0,5456.769112304657,optimal,0.06499800000165123,False,
2616,0.0,0,0.0,5456.769112304657,optimal,0.06899849999172147,False,
2617,0.0,0,0.0,5456.769112304657,optimal,0.07127369999943767,False,
2618,0.0,0,0.0,5456.769112304657,optimal,0.07858100000885315,False,
2619,0.0,0,0.0,5456.769112304657,optimal,0.07605100001092069,False,
2620,0.0,0,0.0,5456.769112304657,optimal,0.07641169999260455,False,
2621,0.0,0,0.0,5456.769112304657,optimal,0.06779309999546967,False,
2622,0.0,0,0.0,5456.769112304657,optimal,0.05856520000088494,False,
2623,0.0,0,0.0,5456.769112304657,optimal,0.06031359999906272,False,
2624,0.0,0,0.0,5456.769112304657,optimal,0.05814600001031067,False,
2625,0.0,0,0.0,5456.769112304657,optimal,0.06251869999687187,False,
2626,0.0,0,0.0,5456.769112304657,optimal,0.06072379999386612,False,
2627,0.0,0,0.0,5456.769112304657,optimal,0.0642272000113735,False,
2628,0.0,0,0.0,5456.769112304657,optimal,0.06560940000053961,False,
2629,0.0,0,0.0,5456.769112304657,optimal,0.0743856000044616,False,
2630,0.0,0,0.0,5456.769112304657,optimal,0.074005100002978,False,
2631,0.0,0,0.0,5456.769112304657,optimal,0.07854899999802001,False,
2632,0.0,0,0.0,5456.769112304657,optimal,0.07143440000072587,False,
2633,0.0,0,0.0,5456.769112304657,optimal,0.07573080000292975,False,
2634,0.0,0,0.0,5456.769112304657,optimal,0.07706399999733549,False,
2635,0.0,0,0.0,5456.769112304657,optimal,0.07788179999624845,False,
2636,0.0,0,0.0,5456.769112304657,optimal,0.06953349999093916,False,
2637,0.0,0,0.0,5456.769112304657,optimal,0.06389510000008158,False,
2638,0.0,0,0.0,5456.769112304657,optimal,0.06840760000341106,False,
2639,0.0,0,0.0,5456.769112304657,optimal,0.07656349999888334,False,
2640,0.0,0,0.0,5456.769112304657,optimal,0.08622979999927338,False,
2641,0.0,0,0.0,5456.769112304657,optimal,0.07335739998961799,False,
2642,0.0,0,0.0,5456.769112304657,optimal,0.0686857999971835,False,
2643,0.0,0,0.0,5456.769112304657,optimal,0.06805659999372438,False,
2644,0.0,0,0.0,5456.769112304657,optimal,0.07486269999935757,False,
2645,0.0,0,0.0,5456.769112304657,optimal,0.0789397999906214,False,
2646,0.0,0,0.0,5456.769112304657,optimal,0.0667914999939967,False,
2647,0.0,0,0.0,5456.769112304657,optimal,0.21128909999970347,False,
2648,0.0,0,0.0,5456.769112304657,optimal,0.08036110000102781,False,
2649,0.0,0,0.0,5456.769112304657,optimal,0.06998650000605267,False,
2650,0.0,0,0.0,5456.769112304657,optimal,0.0729367000021739,False,
2651,0.0,0,0.0,5456.769112304657,optimal,0.20393479999620467,False,
2652,0.0,0,0.0,5456.769112304657,optimal,0.07765690000087488,False,
2653,0.0,0,0.0,5456.769112304657,optimal,0.0687818000005791,False,
2654,0.0,0,0.0,5456.769112304657,optimal,0.07719570001063403,False,
2655,0.0,0,0.0,5456.769112304657,optimal,0.0835940999968443,False,
2656,0.0,0,0.0,5456.769112304657,optimal,0.08053049999580253,False,
2657,0.0,0,0.0,5456.769112304657,optimal,0.07927420000487473,False,
2658,0.0,0,0.0,5456.769112304657,optimal,0.08360279999033082,False,
2659,0.0,0,0.0,5456.769112304657,optimal,0.0804370999976527,False,
2660,0.0,0,0.0,5456.769112304657,optimal,0.07699210000282619,False,
2661,0.0,0,0.0,5456.769112304657,optimal,0.06347610001103021,False,
2662,0.0,0,0.0,5456.769112304657,optimal,0.07248240000626538,False,
2663,0.0,0,0.0,5456.769112304657,optimal,0.05941529999836348,False,
2664,0.0,0,0.0,5456.769112304657,optimal,0.08093470000312664,False,
2665,0.0,0,0.0,5456.769112304657,optimal,0.07242440000118222,False,
2666,0.0,0,0.0,5456.769112304657,optimal,0.06836299999849871,False,
2667,0.0,0,0.0,5456.769112304657,optimal,0.06643140000232961,False,
2668,0.0,0,0.0,5456.769112304657,optimal,0.06303270001080818,False,
2669,0.0,0,0.0,5456.769112304657,optimal,0.17846159999317024,False,
2670,0.0,0,0.0,5456.769112304657,optimal,0.05963719999999739,False,
2671,0.0,0,0.0,5456.769112304657,optimal,0.0635076000035042,False,
2672,0.0,0,0.0,5456.769112304657,optimal,0.06228209999972023,False,
2673,0.0,0,0.0,5456.769112304657,optimal,0.0587674000125844,False,
2674,0.0,0,0.0,5456.769112304657,optimal,0.18404610001016408,False,
2675,0.0,0,0.0,5456.769112304657,optimal,0.06962860000203364,False,
2676,0.0,0,0.0,5456.769112304657,optimal,0.0626131000026362,False,
2677,0.0,0,0.0,5456.769112304657,optimal,0.05663260001165327,False,
2678,0.0,0,0.0,5456.769112304657,optimal,0.06671479999204166,False,
2679,0.0,0,0.0,5456.769112304657,optimal,0.0591368000023067,False,
2680,0.0,0,0.0,5456.769112304657,optimal,0.07581950000894722,False,
2681,0.0,0,0.0,5456.769112304657,optimal,0.08041219999722671,False,
2682,0.0,0,0.0,5456.769112304657,optimal,0.18442980000691023,False,
2683,0.0,0,0.0,5456.769112304657,optimal,0.06240780001098756,False,
2684,0.0,0,0.0,5456.769112304657,optimal,0.05820020000101067,False,
2685,0.0,0,0.0,5456.769112304657,optimal,0.059348399998270907,False,
2686,0.0,0,0.0,5456.769112304657,optimal,0.05930209999496583,False,
2687,0.0,0,0.0,5456.769112304657,optimal,0.06639020000875462,False,
2688,0.0,0,0.0,5456.769112304657,optimal,0.07001839998702053,False,
2689,0.0,0,0.0,5456.769112304657,optimal,0.07343430000764783,False,
2690,0.0,0,0.0,5456.769112304657,optimal,0.07000509998761117,False,
2691,0.0,0,0.0,5456.769112304657,optimal,0.07101440000406001,False,
2692,0.0,0,0.0,5456.769112304657,optimal,0.08275120001053438,False,
2693,0.0,0,0.0,5456.769112304657,optimal,0.07228039999608882,False,
2694,0.0,0,0.0,5456.769112304657,optimal,0.07277379999868572,False,
2695,0.0,0,0.0,5456.769112304657,optimal,0.06595699999888893,False,
2696,0.0,0,0.0,5456.769112304657,optimal,0.17485690000467002,False,
2697,0.0,0,0.0,5456.769112304657,optimal,0.06653399999777321,False,
2698,0.0,0,0.0,5456.769112304657,optimal,0.06230150000192225,False,
2699,0.0,0,0.0,5456.769112304657,optimal,0.20578949998889584,False,
2700,0.0,0,0.0,5456.769112304657,optimal,0.06129639998835046,False,
2701,0.0,0,0.0,5456.769112304657,optimal,0.07131099999241997,False,
2702,0.0,0,0.0,5456.769112304657,optimal,0.0655692000000272,False,
2703,0.0,0,0.0,5456.769112304657,optimal,0.060408200006349944,False,
2704,0.0,0,0.0,5456.769112304657,optimal,0.06441300000005867,False,
2705,0.0,0,0.0,5456.769112304657,optimal,0.07748399999400135,False,
2706,0.0,0,0.0,5456.769112304657,optimal,0.17494779999833554,False,
2707,0.0,0,0.0,5456.769112304657,optimal,0.05816410000261385,False,
2708,0.0,0,0.0,5456.769112304657,optimal,0.06197329999122303,False,
2709,0.0,0,0.0,5456.769112304657,optimal,0.06255349999992177,False,
2710,0.0,0,0.0,5456.769112304657,optimal,0.05915469999308698,False,
2711,0.0,0,0.0,5456.769112304657,optimal,0.05926389999513049,False,
2712,0.0,0,0.0,5456.769112304657,optimal,0.07376780000049621,False,
2713,0.0,0,0.0,5456.769112304657,optimal,0.06246479999390431,False,
2714,0.0,0,0.0,5456.769112304657,optimal,0.19173759999102913,False,
2715,0.0,0,0.0,5456.769112304657,optimal,0.06594530001166277,False,
2716,0.0,0,0.0,5456.769112304657,optimal,0.06672509999771137,False,
2717,0.0,0,0.0,5456.769112304657,optimal,0.06781529998988844,False,
2718,0.0,0,0.0,5456.769112304657,optimal,0.06856820000393782,False,
2719,0.0,0,0.0,5456.769112304657,optimal,0.07588449999457225,False,
2720,0.0,0,0.0,5456.769112304657,optimal,0.21064689999911934,False,
2721,0.0,0,0.0,5456.769112304657,optimal,0.20705130000715144,False,
2722,0.0,0,0.0,5456.769112304657,optimal,0.0726406999892788,False,
2723,0.0,0,0.0,5456.769112304657,optimal,0.06444750000082422,False,
2724,0.0,0,0.0,5456.769112304657,optimal,0.08523419999983162,False,
2725,0.0,0,0.0,5456.769112304657,optimal,0.191471799989813,False,
2726,0.0,0,0.0,5456.769112304657,optimal,0.20455399999627843,False,
2727,0.0,0,0.0,5456.769112304657,optimal,0.07570340001257136,False,
2728,0.0,0,0.0,5456.769112304657,optimal,0.1944287000078475,False,
2729,0.0,0,0.0,5456.769112304657,optimal,0.06049790000542998,False,
2730,0.0,0,0.0,5456.769112304657,optimal,0.0663730999949621,False,
2731,0.0,0,0.0,5456.769112304657,optimal,0.19707999999809545,False,
2732,0.0,0,0.0,5456.769112304657,optimal,0.2161911000002874,False,
2733,0.0,0,0.0,5456.769112304657,optimal,0.0837928999972064,False,
2734,0.0,0,0.0,5456.769112304657,optimal,0.210213999991538,False,
2735,0.0,0,0.0,5456.769112304657,optimal,0.08051710001018364,False,
2736,0.0,0,0.0,5456.769112304657,optimal,0.06952980000642128,False,
2737,0.0,0,0.0,5456.769112304657,optimal,0.20396970000001602,False,
2738,0.0,0,0.0,5456.769112304657,optimal,0.0645821999933105,False,
2739,0.0,0,0.0,5456.769112304657,optimal,0.06784709999919869,False,
2740,0.0,0,0.0,5456.769112304657,optimal,0.0707943999877898,False,
2741,0.0,0,0.0,5456.769112304657,optimal,0.223185700000613,False,
2742,0.0,0,0.0,5456.769112304657,optimal,0.22185170000011567,False,
2743,0.0,0,0.0,5456.769112304657,optimal,0.0774439000088023,False,
2744,0.0,0,0.0,5456.769112304657,optimal,0.08498780000081751,False,
2745,0.0,0,0.0,5456.769112304657,optimal,0.07824909999908414,False,
2746,0.0,0,0.0,5456.769112304657,optimal,0.06371030000445899,False,
2747,0.0,0,0.0,5456.769112304657,optimal,0.060635500005446374,False,
2748,0.0,0,0.0,5456.769112304657,optimal,0.19698860000062268,False,
2749,0.0,0,0.0,5456.769112304657,optimal,0.06197949999477714,False,
2750,0.0,0,0.0,5456.769112304657,optimal,0.06217819999437779,False,
2751,0.0,0,0.0,5456.769112304657,optimal,0.06477499999164138,False,
2752,0.0,0,0.0,5456.769112304657,optimal,0.07191969999985304,False,
2753,0.0,0,0.0,5456.769112304657,optimal,0.06382429999939632,False,
2754,0.0,0,0.0,5456.769112304657,optimal,0.07228959999338258,False,
2755,0.0,0,0.0,5456.769112304657,optimal,0.06698049999249633,False,
2756,0.0,0,0.0,5456.769112304657,optimal,0.0770809000096051,False,
2757,0.0,0,0.0,5456.769112304657,optimal,0.07524049999483395,False,
2758,0.0,0,0.0,5456.769112304657,optimal,0.07133620000968222,False,
2759,0.0,0,0.0,5456.769112304657,optimal,0.06993270000384655,False,
2760,0.0,0,0.0,5456.769112304657,optimal,0.06898509999155067,False,
2761,0.0,0,0.0,5456.769112304657,optimal,0.08732099999906495,False,
2762,0.0,0,0.0,5456.769112304657,optimal,0.08246819999476429,False,
2763,0.0,0,0.0,5456.769112304657,optimal,0.06636460000299849,False,
2764,0.0,0,0.0,5456.769112304657,optimal,0.07258120000187773,False,
2765,0.0,0,0.0,5456.769112304657,optimal,0.0649528000067221,False,
2766,0.0,0,0.0,5456.769112304657,optimal,0.0651064999983646,False,
2767,0.0,0,0.0,5456.769112304657,optimal,0.0620201999990968,False,
2768,0.0,0,0.0,5456.769112304657,optimal,0.06571579999581445,False,
2769,0.0,0,0.0,5456.769112304657,optimal,0.07102899999881629,False,
2770,0.0,0,0.0,5456.769112304657,optimal,0.06663340001250617,False,
2771,0.0,0,0.0,5456.769112304657,optimal,0.06768369999190327,False,
2772,0.0,0,0.0,5456.769112304657,optimal,0.062269499991089106,False,
2773,0.0,0,0.0,5456.769112304657,optimal,0.07748560000618454,False,
2774,0.0,0,0.0,5456.769112304657,optimal,0.06993650000367779,False,
2775,0.0,0,0.0,5456.769112304657,optimal,0.0670933000074001,False,
2776,0.0,0,0.0,5456.769112304657,optimal,0.05775710000307299,False,
2777,0.0,0,0.0,5456.769112304657,optimal,0.06269079999765381,False,
2778,0.0,0,0.0,5456.769112304657,optimal,0.06107559999509249,False,
2779,0.0,0,0.0,5456.769112304657,optimal,0.06269190000602975,False,
2780,0.0,0,0.0,5456.769112304657,optimal,0.06324719999975059,False,
2781,0.0,0,0.0,5456.769112304657,optimal,0.06592959999397863,False,
2782,0.0,0,0.0,5456.769112304657,optimal,0.06638100001146086,False,
2783,0.0,0,0.0,5456.769112304657,optimal,0.06065610000223387,False,
2784,0.0,0,0.0,5456.769112304657,optimal,0.0634284999978263,False,
2785,0.0,0,0.0,5456.769112304657,optimal,0.06068379999487661,False,
2786,0.0,0,0.0,5456.769112304657,optimal,0.06686969999282155,False,
2787,0.0,0,0.0,5456.769112304657,optimal,0.061757600007695146,False,
2788,0.0,0,0.0,5456.769112304657,optimal,0.06293000000005122,False,
2789,0.0,0,0.0,5456.769112304657,optimal,0.06457309999677818,False,
2790,0.0,0,0.0,5456.769112304657,optimal,0.06229299999540672,False,
2791,0.0,0,0.0,5456.769112304657,optimal,0.06266930000856519,False,
2792,0.0,0,0.0,5456.769112304657,optimal,0.06392919999780133,False,
2793,0.0,0,0.0,5456.769112304657,optimal,0.061340799991739914,False,
2794,0.0,0,0.0,5456.769112304657,optimal,0.06736410000303295,False,
2795,0.0,0,0.0,5456.769112304657,optimal,0.06235239999659825,False,
2796,0.0,0,0.0,5456.769112304657,optimal,0.07242319999204483,False,
2797,0.0,0,0.0,5456.769112304657,optimal,0.07027470000321046,False,
2798,0.0,0,0.0,5456.769112304657,optimal,0.08531979999679606,False,
2799,0.0,0,0.0,5456.769112304657,optimal,0.0726971000112826,False,
2800,0.0,0,0.0,5456.769112304657,optimal,0.07143480000377167,False,
2801,0.0,0,0.0,5456.769112304657,optimal,0.07296810000843834,False,
2802,0.0,0,0.0,5456.769112304657,optimal,0.06812580001133028,False,
2803,0.0,0,0.0,5456.769112304657,optimal,0.061332400000537746,False,
2804,0.0,0,0.0,5456.769112304657,optimal,0.0649111999955494,False,
2805,0.0,0,0.0,5456.769112304657,optimal,0.0596021999954246,False,
2806,0.0,0,0.0,5456.769112304657,optimal,0.06248159999086056,False,
2807,0.0,0,0.0,5456.769112304657,optimal,0.07353520000469871,False,
2808,0.0,0,0.0,5456.769112304657,optimal,0.0824408000044059,False,
2809,0.0,0,0.0,5456.769112304657,optimal,0.08818249999603722,False,
2810,0.0,0,0.0,5456.769112304657,optimal,0.07375070000125561,False,
2811,0.0,0,0.0,5456.769112304657,optimal,0.06662140000844374,False,
2812,0.0,0,0.0,5456.769112304657,optimal,0.07092159999592695,False,
2813,0.0,0,0.0,5456.769112304657,optimal,0.06412920000730082,False,
2814,0.0,0,0.0,5456.769112304657,optimal,0.06948730000294745,False,
2815,0.0,0,0.0,5456.769112304657,optimal,0.07323039999755565,False,
2816,0.0,0,0.0,5456.769112304657,optimal,0.07298919999448117,False,
2817,0.0,0,0.0,5456.769112304657,optimal,0.07446909999998752,False,
2818,0.0,0,0.0,5456.769112304657,optimal,0.06647659999725875,False,
2819,0.0,0,0.0,5456.769112304657,optimal,0.06563299999106675,False,
2820,0.0,0,0.0,5456.769112304657,optimal,0.06786269998701755,False,
2821,0.0,0,0.0,5456.769112304657,optimal,0.06000610000046436,False,
2822,0.0,0,0.0,5456.769112304657,optimal,0.06538240000372753,False,
2823,0.0,0,0.0,5456.769112304657,optimal,0.07558499999868218,False,
2824,0.0,0,0.0,5456.769112304657,optimal,0.07428349999827333,False,
2825,0.0,0,0.0,5456.769112304657,optimal,0.06869889999506995,False,
2826,0.0,0,0.0,5456.769112304657,optimal,0.06826790000195615,False,
2827,0.0,0,0.0,5456.769112304657,optimal,0.06585240000276826,False,
2828,0.0,0,0.0,5456.769112304657,optimal,0.06837770000856835,False,
2829,0.0,0,0.0,5456.769112304657,optimal,0.07643420000385959,False,
2830,0.0,0,0.0,5456.769112304657,optimal,0.07179870000982191,False,
2831,0.0,0,0.0,5456.769112304657,optimal,0.07098870001209434,False,
2832,0.0,0,0.0,5456.769112304657,optimal,0.06984920000832062,False,
2833,0.0,0,0.0,5456.769112304657,optimal,0.08388740000373218,False,
2834,0.0,0,0.0,5456.769112304657,optimal,0.07039639999857172,False,
2835,0.0,0,0.0,5456.769112304657,optimal,0.08478949998971075,False,
2836,0.0,0,0.0,5456.769112304657,optimal,0.08267779999005143,False,
2837,0.0,0,0.0,5456.769112304657,optimal,0.06744629998866003,False,
2838,0.0,0,0.0,5456.769112304657,optimal,0.07240380000439472,False,
2839,0.0,0,0.0,5456.769112304657,optimal,0.07025829999474809,False,
2840,0.0,0,0.0,5456.769112304657,optimal,0.06584110000403598,False,
2841,0.0,0,0.0,5456.769112304657,optimal,0.06640630000038072,False,
2842,0.0,0,0.0,5456.769112304657,optimal,0.07797510000818875,False,
2843,0.0,0,0.0,5456.769112304657,optimal,0.06903279999096412,False,
2844,0.0,0,0.0,5456.769112304657,optimal,0.07450669999525417,False,
2845,0.0,0,0.0,5456.769112304657,optimal,0.06428880000021309,False,
2846,0.0,0,0.0,5456.769112304657,optimal,0.06224070000462234,False,
2847,0.0,0,0.0,5456.769112304657,optimal,0.0679390000004787,False,
2848,0.0,0,0.0,5456.769112304657,optimal,0.07330789999105036,False,
2849,0.0,0,0.0,5456.769112304657,optimal,0.08158670000557322,False,
2850,0.0,0,0.0,5456.769112304657,optimal,0.0762962000007974,False,
2851,0.0,0,0.0,5456.769112304657,optimal,0.07148070000403095,False,
2852,0.0,0,0.0,5456.769112304657,optimal,0.06379459999152459,False,
2853,0.0,0,0.0,5456.769112304657,optimal,0.06065939999825787,False,
2854,0.0,0,0.0,5456.769112304657,optimal,0.07390039999154396,False,
2855,0.0,0,0.0,5456.769112304657,optimal,0.08439489999727812,False,
2856,0.0,0,0.0,5456.769112304657,optimal,0.0731285000074422,False,
2857,0.0,0,0.0,5456.769112304657,optimal,0.0858219000074314,False,
2858,0.0,0,0.0,5456.769112304657,optimal,0.08478059999470133,False,
2859,0.0,0,0.0,5456.769112304657,optimal,0.07969969999976456,False,
2860,0.0,0,0.0,5456.769112304657,optimal,0.08397929999046028,False,
2861,0.0,0,0.0,5456.769112304657,optimal,0.08942930000193883,False,
2862,0.0,0,0.0,5456.769112304657,optimal,0.07068989999243058,False,
2863,0.0,0,0.0,5456.769112304657,optimal,0.07944519999728072,False,
2864,0.0,0,0.0,5456.769112304657,optimal,0.06712519998836797,False,
2865,0.0,0,0.0,5456.769112304657,optimal,0.06335299999045674,False,
2866,0.0,0,0.0,5456.769112304657,optimal,0.06021429999964312,False,
2867,0.0,0,0.0,5456.769112304657,optimal,0.07328890000644606,False,
2868,0.0,0,0.0,5456.769112304657,optimal,0.06823610000719782,False,
2869,0.0,0,0.0,5456.769112304657,optimal,0.06152839999413118,False,
2870,0.0,0,0.0,5456.769112304657,optimal,0.05930910000461154,False,
2871,0.0,0,0.0,5456.769112304657,optimal,0.05690840000170283,False,
2872,0.0,0,0.0,5456.769112304657,optimal,0.06074070000613574,False,
2873,0.0,0,0.0,5456.769112304657,optimal,0.06621499999891967,False,
2874,0.0,0,0.0,5456.769112304657,optimal,0.07639589998871088,False,
2875,0.0,0,0.0,5456.769112304657,optimal,0.06921790000342298,False,
2876,0.0,0,0.0,5456.769112304657,optimal,0.08236660000693519,False,
2877,0.0,0,0.0,5456.769112304657,optimal,0.07979030000569765,False,
2878,0.0,0,0.0,5456.769112304657,optimal,0.2349746999971103,False,
2879,0.0,0,0.0,5456.769112304657,optimal,0.07192729999951553,False,
2880,0.0,0,0.0,5456.769112304657,optimal,0.07209850000799634,False,
2881,0.0,0,0.0,5456.769112304657,optimal,0.07516490000125486,False,
2882,0.0,0,0.0,5456.769112304657,optimal,0.22462520000408404,False,
2883,0.0,0,0.0,5456.769112304657,optimal,0.07216199999675155,False,
2884,0.0,0,0.0,5456.769112304657,optimal,0.06063690000155475,False,
2885,0.0,0,0.0,5456.769112304657,optimal,0.06748129999323282,False,
2886,0.0,0,0.0,5456.769112304657,optimal,0.06101889999990817,False,
2887,0.0,0,0.0,5456.769112304657,optimal,0.06846540000697132,False,
2888,0.0,0,0.0,5456.769112304657,optimal,0.07279960000596475,False,
2889,0.0,0,0.0,5456.769112304657,optimal,0.08669730000838172,False,
2890,0.0,0,0.0,5456.769112304657,optimal,0.08233550000295509,False,
2891,0.0,0,0.0,5456.769112304657,optimal,0.07234610000159591,False,
2892,0.0,0,0.0,5456.769112304657,optimal,0.06889950000913814,False,
2893,0.0,0,0.0,5456.769112304657,optimal,0.06919369999377523,False,
2894,0.0,0,0.0,5456.769112304657,optimal,0.08134160000190604,False,
2895,0.0,0,0.0,5456.769112304657,optimal,0.08194030000595376,False,
2896,0.0,0,0.0,5456.769112304657,optimal,0.06771699999808334,False,
2897,0.0,0,0.0,5456.769112304657,optimal,0.07297119998838753,False,
2898,0.0,0,0.0,5456.769112304657,optimal,0.07019810000201687,False,
2899,0.0,0,0.0,5456.769112304657,optimal,0.0713322999945376,False,
2900,0.0,0,0.0,5456.769112304657,optimal,0.21314549999078736,False,
2901,0.0,0,0.0,5456.769112304657,optimal,0.06691699998918921,False,
2902,0.0,0,0.0,5456.769112304657,optimal,0.07061989999783691,False,
2903,0.0,0,0.0,5456.769112304657,optimal,0.0600723000097787,False,
2904,0.0,0,0.0,5456.769112304657,optimal,0.07927360000030603,False,
2905,0.0,0,0.0,5456.769112304657,optimal,0.2371310999878915,False,
2906,0.0,0,0.0,5456.769112304657,optimal,0.06308859999990091,False,
2907,0.0,0,0.0,5456.769112304657,optimal,0.06669730000430718,False,
2908,0.0,0,0.0,5456.769112304657,optimal,0.06487870001001284,False,
2909,0.0,0,0.0,5456.769112304657,optimal,0.05845479998970404,False,
2910,0.0,0,0.0,5456.769112304657,optimal,0.06494770001154393,False,
2911,0.0,0,0.0,5456.769112304657,optimal,0.06871540000429377,False,
2912,0.0,0,0.0,5456.769112304657,optimal,0.06451809999998659,False,
2913,0.0,0,0.0,5456.769112304657,optimal,0.22279460000572726,False,
2914,0.0,0,0.0,5456.769112304657,optimal,0.07289189999573864,False,
2915,0.0,0,0.0,5456.769112304657,optimal,0.07041010000102688,False,
2916,0.0,0,0.0,5456.769112304657,optimal,0.06365859998913947,False,
2917,0.0,0,0.0,5456.769112304657,optimal,0.05995229999825824,False,
2918,0.0,0,0.0,5456.769112304657,optimal,0.0632082999945851,False,
2919,0.0,0,0.0,5456.769112304657,optimal,0.07292079999751877,False,
2920,0.0,0,0.0,5456.769112304657,optimal,0.08295840000209864,False,
2921,0.0,0,0.0,5456.769112304657,optimal,0.07349589999648742,False,
2922,0.0,0,0.0,5456.769112304657,optimal,0.06812170000921469,False,
2923,0.0,0,0.0,5456.769112304657,optimal,0.0787306999991415,False,
2924,0.0,0,0.0,5456.769112304657,optimal,0.06938190000073519,False,
2925,0.0,0,0.0,5456.769112304657,optimal,0.06281229999149218,False,
2926,0.0,0,0.0,5456.769112304657,optimal,0.06521929999871645,False,
2927,0.0,0,0.0,5456.769112304657,optimal,0.21037359999900218,False,
2928,0.0,0,0.0,5456.769112304657,optimal,0.059776900001452304,False,
2929,0.0,0,0.0,5456.769112304657,optimal,0.06587009999202564,False,
2930,0.0,0,0.0,5456.769112304657,optimal,0.24182500000461005,False,
2931,0.0,0,0.0,5456.769112304657,optimal,0.07086779999372084,False,
2932,0.0,0,0.0,5456.769112304657,optimal,0.06411409999418538,False,
2933,0.0,0,0.0,5456.769112304657,optimal,0.068517099993187,False,
2934,0.0,0,0.0,5456.769112304657,optimal,0.08220289999735542,False,
2935,0.0,0,0.0,5456.769112304657,optimal,0.08162279998941813,False,
2936,0.0,0,0.0,5456.769112304657,optimal,0.28180349999456666,False,
2937,0.0,0,0.0,5456.769112304657,optimal,0.08399610000196844,False,
2938,0.0,0,0.0,5456.769112304657,optimal,0.07209300000977237,False,
2939,0.0,0,0.0,5456.769112304657,optimal,0.08373440000286791,False,
2940,0.0,0,0.0,5456.769112304657,optimal,0.10857240000041202,False,
2941,0.0,0,0.0,5456.769112304657,optimal,0.09645420000015292,False,
2942,0.0,0,0.0,5456.769112304657,optimal,0.08064080000622198,False,
2943,0.0,0,0.0,5456.769112304657,optimal,0.06000520000816323,False,
2944,0.0,0,0.0,5456.769112304657,optimal,0.20376889999897685,False,
2945,0.0,0,0.0,5456.769112304657,optimal,0.06464329999289475,False,
2946,0.0,0,0.0,5456.769112304657,optimal,0.06456140000955202,False,
2947,0.0,0,0.0,5456.769112304657,optimal,0.06479480001144111,False,
2948,0.0,0,0.0,5456.769112304657,optimal,0.06022790000133682,False,
2949,0.0,0,0.0,5456.769112304657,optimal,0.20749489999434445,False,
2950,0.0,0,0.0,5456.769112304657,optimal,0.06906560000788886,False,
2951,0.0,0,0.0,5456.769112304657,optimal,0.08028570000897162,False,
2952,0.0,0,0.0,5456.769112304657,optimal,0.20532229999662377,False,
2953,0.0,0,0.0,5456.769112304657,optimal,0.06239330000244081,False,
2954,0.0,0,0.0,5456.769112304657,optimal,0.06639650001307018,False,
2955,0.0,0,0.0,5456.769112304657,optimal,0.06308089999947697,False,
2956,0.0,0,0.0,5456.769112304657,optimal,0.225743600007263,False,
2957,0.0,0,0.0,5456.769112304657,optimal,0.20410889999766368,False,
2958,0.0,0,0.0,5456.769112304657,optimal,0.06972839999070857,False,
2959,0.0,0,0.0,5456.769112304657,optimal,0.24334809998981655,False,
2960,0.0,0,0.0,5456.769112304657,optimal,0.06620180000027176,False,
2961,0.0,0,0.0,5456.769112304657,optimal,0.07360869999683928,False,
2962,0.0,0,0.0,5456.769112304657,optimal,0.25827370000479277,False,
2963,0.0,0,0.0,5456.769112304657,optimal,0.0947747000027448,False,
2964,0.0,0,0.0,5456.769112304657,optimal,0.2685898000054294,False,
2965,0.0,0,0.0,5456.769112304657,optimal,0.24475800000072923,False,
2966,0.0,0,0.0,5456.769112304657,optimal,0.09232409999822266,False,
2967,0.0,0,0.0,5456.769112304657,optimal,0.09019160000025295,False,
2968,0.0,0,0.0,5456.769112304657,optimal,0.26927489999798127,False,
2969,0.0,0,0.0,5456.769112304657,optimal,0.07271419999597128,False,
2970,0.0,0,0.0,5456.769112304657,optimal,0.08175310000660829,False,
2971,0.0,0,0.0,5456.769112304657,optimal,0.09194090000528377,False,
2972,0.0,0,0.0,5456.769112304657,optimal,0.2389926000032574,False,
2973,0.0,0,0.0,5456.769112304657,optimal,0.07258560000627767,False,
2974,0.0,0,0.0,5456.769112304657,optimal,0.22283080000488553,False,
2975,0.0,0,0.0,5456.769112304657,optimal,0.06827940000221133,False,
2976,0.0,0,0.0,5456.769112304657,optimal,0.0658806999999797,False,
2977,0.0,0,0.0,5456.769112304657,optimal,0.06598189999931492,False,
2978,0.0,0,0.0,5456.769112304657,optimal,0.2506872000085423,False,
2979,0.0,0,0.0,5456.769112304657,optimal,0.06858140000258572,False,
2980,0.0,0,0.0,5456.769112304657,optimal,0.08244170001125894,False,
2981,0.0,0,0.0,5456.769112304657,optimal,0.09969420000561513,False,
2982,0.0,0,0.0,5456.769112304657,optimal,0.0855118999897968,False,
2983,0.0,0,0.0,5456.769112304657,optimal,0.07631709999986924,False,
2984,0.0,0,0.0,5456.769112304657,optimal,0.07678869999654125,False,
2985,0.0,0,0.0,5456.769112304657,optimal,0.093168000006699,False,
2986,0.0,0,0.0,5456.769112304657,optimal,0.08279749999928754,False,
2987,0.0,0,0.0,5456.769112304657,optimal,0.07440569999744184,False,
2988,0.0,0,0.0,5456.769112304657,optimal,0.07375670000328682,False,
2989,0.0,0,0.0,5456.769112304657,optimal,0.07922700000926852,False,
2990,0.0,0,0.0,5456.769112304657,optimal,0.09781989999464713,False,
2991,0.0,0,0.0,5456.769112304657,optimal,0.08799329999601468,False,
2992,0.0,0,0.0,5456.769112304657,optimal,0.06937420000031125,False,
2993,0.0,0,0.0,5456.769112304657,optimal,0.08804180000151973,False,
2994,0.0,0,0.0,5456.769112304657,optimal,0.0925132999982452,False,
2995,0.0,0,0.0,5456.769112304657,optimal,0.09265320000122301,False,
2996,0.0,0,0.0,5456.769112304657,optimal,0.08394620000035502,False,
2997,0.0,0,0.0,5456.769112304657,optimal,0.06994219998887274,False,
2998,0.0,0,0.0,5456.769112304657,optimal,0.08613270000205375,False,
2999,0.0,0,0.0,5456.769112304657,optimal,0.08220449999498669,False,
3000,0.0,0,0.0,5456.769112304657,optimal,0.08056300001044292,False,
3001,0.0,0,0.0,5456.769112304657,optimal,0.07511540000268724,False,
3002,0.0,0,0.0,5456.769112304657,optimal,0.07507220000843517,False,
3003,0.0,0,0.0,5456.769112304657,optimal,0.08136039999953937,False,
3004,0.0,0,0.0,5456.769112304657,optimal,0.0802933000086341,False,
3005,0.0,0,0.0,5456.769112304657,optimal,0.06848610000452027,False,
3006,0.0,0,0.0,5456.769112304657,optimal,0.07822869998926762,False,
3007,0.0,0,0.0,5456.769112304657,optimal,0.06719600000360515,False,
3008,0.0,0,0.0,5456.769112304657,optimal,0.06443929999659304,False,
3009,0.0,0,0.0,5456.769112304657,optimal,0.07214869999734219,False,
3010,0.0,0,0.0,5456.769112304657,optimal,0.0847494000045117,False,
3011,0.0,0,0.0,5456.769112304657,optimal,0.07734989999153186,False,
3012,0.0,0,0.0,5456.769112304657,optimal,0.05812429999059532,False,
3013,0.0,0,0.0,5456.769112304657,optimal,0.06563210001331754,False,
3014,0.0,0,0.0,5456.769112304657,optimal,0.07162290000997018,False,
3015,0.0,0,0.0,5456.769112304657,optimal,0.07047880000027362,False,
3016,0.0,0,0.0,5456.769112304657,optimal,0.0749612000072375,False,
3017,0.0,0,0.0,5456.769112304657,optimal,0.07506669999565929,False,
3018,0.0,0,0.0,5456.769112304657,optimal,0.06561540000257082,False,
3019,0.0,0,0.0,5456.769112304657,optimal,0.07451410000794567,False,
3020,0.0,0,0.0,5456.769112304657,optimal,0.06660759999067523,False,
3021,0.0,0,0.0,5456.769112304657,optimal,0.07175570000254083,False,
3022,0.0,0,0.0,5456.769112304657,optimal,0.07627959999081213,False,
3023,0.0,0,0.0,5456.769112304657,optimal,0.06557050000992604,False,
3024,0.0,0,0.0,5456.769112304657,optimal,0.06129930001043249,False,
3025,0.0,0,0.0,5456.769112304657,optimal,0.05668829999922309,False,
3026,0.0,0,0.0,5456.769112304657,optimal,0.062230199997429736,False,
3027,0.0,0,0.0,5456.769112304657,optimal,0.06715869999607094,False,
3028,0.0,0,0.0,5456.769112304657,optimal,0.06407570000737906,False,
3029,0.0,0,0.0,5456.769112304657,optimal,0.0768223999912152,False,
3030,0.0,0,0.0,5456.769112304657,optimal,0.06933250000292901,False,
3031,0.0,0,0.0,5456.769112304657,optimal,0.06041439999535214,False,
3032,0.0,0,0.0,5456.769112304657,optimal,0.05857780000951607,False,
3033,0.0,0,0.0,5456.769112304657,optimal,0.061048700008541346,False,
3034,0.0,0,0.0,5456.769112304657,optimal,0.06299310000031255,False,
3035,0.0,0,0.0,5456.769112304657,optimal,0.06698129999858793,False,
3036,0.0,0,0.0,5456.769112304657,optimal,0.07546940000611357,False,
3037,0.0,0,0.0,5456.769112304657,optimal,0.06656659999862313,False,
3038,0.0,0,0.0,5456.769112304657,optimal,0.06580029999895487,False,
3039,0.0,0,0.0,5456.769112304657,optimal,0.0662404000031529,False,
3040,0.0,0,0.0,5456.769112304657,optimal,0.07275829999707639,False,
3041,0.0,0,0.0,5456.769112304657,optimal,0.06853960000444204,False,
3042,0.0,0,0.0,5456.769112304657,optimal,0.07190959999570623,False,
3043,0.0,0,0.0,5456.769112304657,optimal,0.07459750000271015,False,
3044,0.0,0,0.0,5456.769112304657,optimal,0.06736539999837987,False,
3045,0.0,0,0.0,5456.769112304657,optimal,0.06526489999669138,False,
3046,0.0,0,0.0,5456.769112304657,optimal,0.07079730000987183,False,
3047,0.0,0,0.0,5456.769112304657,optimal,0.07175689999712631,False,
3048,0.0,0,0.0,5456.769112304657,optimal,0.06733210000675172,False,
3049,0.0,0,0.0,5456.769112304657,optimal,0.07579999999143183,False,
3050,0.0,0,0.0,5456.769112304657,optimal,0.06447149999439716,False,
3051,0.0,0,0.0,5456.769112304657,optimal,0.07327010000881273,False,
3052,0.0,0,0.0,5456.769112304657,optimal,0.06427960000291932,False,
3053,0.0,0,0.0,5456.769112304657,optimal,0.06860919999598991,False,
3054,0.0,0,0.0,5456.769112304657,optimal,0.07968100000289269,False,
3055,0.0,0,0.0,5456.769112304657,optimal,0.070305900007952,False,
3056,0.0,0,0.0,5456.769112304657,optimal,0.07269469999300782,False,
3057,0.0,0,0.0,5456.769112304657,optimal,0.06308669999998529,False,
3058,0.0,0,0.0,5456.769112304657,optimal,0.062148299999535084,False,
3059,0.0,0,0.0,5456.769112304657,optimal,0.06017569999676198,False,
3060,0.0,0,0.0,5456.769112304657,optimal,0.06756409999798052,False,
3061,0.0,0,0.0,5456.769112304657,optimal,0.07528760000423063,False,
3062,0.0,0,0.0,5456.769112304657,optimal,0.06295730000420008,False,
3063,0.0,0,0.0,5456.769112304657,optimal,0.06681770000432152,False,
3064,0.0,0,0.0,5456.769112304657,optimal,0.06692650000331923,False,
3065,0.0,0,0.0,5456.769112304657,optimal,0.06373409999650903,False,
3066,0.0,0,0.0,5456.769112304657,optimal,0.05835399999341462,False,
3067,0.0,0,0.0,5456.769112304657,optimal,0.06249759999627713,False,
3068,0.0,0,0.0,5456.769112304657,optimal,0.07101530001091305,False,
3069,0.0,0,0.0,5456.769112304657,optimal,0.06432060000952333,False,
3070,0.0,0,0.0,5456.769112304657,optimal,0.06934750000073109,False,
3071,0.0,0,0.0,5456.769112304657,optimal,0.07469660000060685,False,
3072,0.0,0,0.0,5456.769112304657,optimal,0.0629482999938773,False,
3073,0.0,0,0.0,5456.769112304657,optimal,0.06879859999753535,False,
3074,0.0,0,0.0,5456.769112304657,optimal,0.07011169999896083,False,
3075,0.0,0,0.0,5456.769112304657,optimal,0.0656853999971645,False,
3076,0.0,0,0.0,5456.769112304657,optimal,0.06729160000395495,False,
3077,0.0,0,0.0,5456.769112304657,optimal,0.07786180000402965,False,
3078,0.0,0,0.0,5456.769112304657,optimal,0.06599399998958688,False,
3079,0.0,0,0.0,5456.769112304657,optimal,0.06840950000332668,False,
3080,0.0,0,0.0,5456.769112304657,optimal,0.07523960000253282,False,
3081,0.0,0,0.0,5456.769112304657,optimal,0.07624789999681525,False,
3082,0.0,0,0.0,5456.769112304657,optimal,0.07245679998595733,False,
3083,0.0,0,0.0,5456.769112304657,optimal,0.07942339999135584,False,
3084,0.0,0,0.0,5456.769112304657,optimal,0.06565869999758434,False,
3085,0.0,0,0.0,5456.769112304657,optimal,0.06353519999538548,False,
3086,0.0,0,0.0,5456.769112304657,optimal,0.06929640000453219,False,
3087,0.0,0,0.0,5456.769112304657,optimal,0.06594209998729639,False,
3088,0.0,0,0.0,5456.769112304657,optimal,0.06512250000378117,False,
3089,0.0,0,0.0,5456.769112304657,optimal,0.06379349999770056,False,
3090,0.0,0,0.0,5456.769112304657,optimal,0.06396549999772105,False,
3091,0.0,0,0.0,5456.769112304657,optimal,0.07022420001158025,False,
3092,0.0,0,0.0,5456.769112304657,optimal,0.06288870000571478,False,
3093,0.0,0,0.0,5456.769112304657,optimal,0.0722863000119105,False,
3094,0.0,0,0.0,5456.769112304657,optimal,0.0748061000049347,False,
3095,0.0,0,0.0,5456.769112304657,optimal,0.06775740000011865,False,
3096,0.0,0,0.0,5456.769112304657,optimal,0.06266530000721104,False,
3097,0.0,0,0.0,5456.769112304657,optimal,0.07061029999749735,False,
3098,0.0,0,0.0,5456.769112304657,optimal,0.0755215999961365,False,
3099,0.0,0,0.0,5456.769112304657,optimal,0.06977960000222083,False,
3100,0.0,0,0.0,5456.769112304657,optimal,0.07386459999543149,False,
3101,0.0,0,0.0,5456.769112304657,optimal,0.07834949999232776,False,
3102,0.0,0,0.0,5456.769112304657,optimal,0.07410939999681432,False,
3103,0.0,0,0.0,5456.769112304657,optimal,0.08025749999796972,False,
3104,0.0,0,0.0,5456.769112304657,optimal,0.06901660001312848,False,
3105,0.0,0,0.0,5456.769112304657,optimal,0.06748599999991711,False,
3106,0.0,0,0.0,5456.769112304657,optimal,0.06800990000192542,False,
3107,0.0,0,0.0,5456.769112304657,optimal,0.22451210000144783,False,
3108,0.0,0,0.0,5456.769112304657,optimal,0.0780605000036303,False,
3109,0.0,0,0.0,5456.769112304657,optimal,0.06702669999503996,False,
3110,0.0,0,0.0,5456.769112304657,optimal,0.0679532000067411,False,
3111,0.0,0,0.0,5456.769112304657,optimal,0.07095510000362992,False,
3112,0.0,0,0.0,5456.769112304657,optimal,0.2345130000030622,False,
3113,0.0,0,0.0,5456.769112304657,optimal,0.06851160000951495,False,
3114,0.0,0,0.0,5456.769112304657,optimal,0.06840960000408813,False,
3115,0.0,0,0.0,5456.769112304657,optimal,0.06311409999034368,False,
3116,0.0,0,0.0,5456.769112304657,optimal,0.06027060000633355,False,
3117,0.0,0,0.0,5456.769112304657,optimal,0.06726640000124462,False,
3118,0.0,0,0.0,5456.769112304657,optimal,0.06694459999562241,False,
3119,0.0,0,0.0,5456.769112304657,optimal,0.07466470000508707,False,
3120,0.0,0,0.0,5456.769112304657,optimal,0.06464979999873322,False,
3121,0.0,0,0.0,5456.769112304657,optimal,0.07114869999350049,False,
3122,0.0,0,0.0,5456.769112304657,optimal,0.0700827999971807,False,
3123,0.0,0,0.0,5456.769112304657,optimal,0.07405690000450704,False,
3124,0.0,0,0.0,5456.769112304657,optimal,0.07025839999550954,False,
3125,0.0,0,0.0,5456.769112304657,optimal,0.06748080000397749,False,
3126,0.0,0,0.0,5456.769112304657,optimal,0.07362080000166316,False,
3127,0.0,0,0.0,5456.769112304657,optimal,0.07150350000301842,False,
3128,0.0,0,0.0,5456.769112304657,optimal,0.06654369999887422,False,
3129,0.0,0,0.0,5456.769112304657,optimal,0.07729139999719337,False,
3130,0.0,0,0.0,5456.769112304657,optimal,0.06716310000047088,False,
3131,0.0,0,0.0,5456.769112304657,optimal,0.20683150000695605,False,
3132,0.0,0,0.0,5456.769112304657,optimal,0.06410760000289883,False,
3133,0.0,0,0.0,5456.769112304657,optimal,0.06422590000147466,False,
3134,0.0,0,0.0,5456.769112304657,optimal,0.0696724000008544,False,
3135,0.0,0,0.0,5456.769112304657,optimal,0.08058449999953154,False,
3136,0.0,0,0.0,5456.769112304657,optimal,0.24445019999984652,False,
3137,0.0,0,0.0,5456.769112304657,optimal,0.08208890000241809,False,
3138,0.0,0,0.0,5456.769112304657,optimal,0.0734770999988541,False,
3139,0.0,0,0.0,5456.769112304657,optimal,0.06338580000738148,False,
3140,0.0,0,0.0,5456.769112304657,optimal,0.0703625999885844,False,
3141,0.0,0,0.0,5456.769112304657,optimal,0.07423430000199005,False,
3142,0.0,0,0.0,5456.769112304657,optimal,0.0713813000038499,False,
3143,0.0,0,0.0,5456.769112304657,optimal,0.07229320000624284,False,
3144,0.0,0,0.0,5456.769112304657,optimal,0.2098215000005439,False,
3145,0.0,0,0.0,5456.769112304657,optimal,0.06948620000912342,False,
3146,0.0,0,0.0,5456.769112304657,optimal,0.0679424999980256,False,
3147,0.0,0,0.0,5456.769112304657,optimal,0.068364400009159,False,
3148,0.0,0,0.0,5456.769112304657,optimal,0.07203490000392776,False,
3149,0.0,0,0.0,5456.769112304657,optimal,0.06408450000162702,False,
3150,0.0,0,0.0,5456.769112304657,optimal,0.06655770000361372,False,
3151,0.0,0,0.0,5456.769112304657,optimal,0.07037119999586139,False,
3152,0.0,0,0.0,5456.769112304657,optimal,0.07302959999651648,False,
3153,0.0,0,0.0,5456.769112304657,optimal,0.22665239998605102,False,
3154,0.0,0,0.0,5456.769112304657,optimal,0.22915800000191666,False,
3155,0.0,0,0.0,5456.769112304657,optimal,0.06641070000478067,False,
3156,0.0,0,0.0,5456.769112304657,optimal,0.06387849999009632,False,
3157,0.0,0,0.0,5456.769112304657,optimal,0.220356100006029,False,
3158,0.0,0,0.0,5456.769112304657,optimal,0.059051699994597584,False,
3159,0.0,0,0.0,5456.769112304657,optimal,0.0638724999880651,False,
3160,0.0,0,0.0,5456.769112304657,optimal,0.06369249999988824,False,
3161,0.0,0,0.0,5456.769112304657,optimal,0.06589690000691917,False,
3162,0.0,0,0.0,5456.769112304657,optimal,0.250973400005023,False,
3163,0.0,0,0.0,5456.769112304657,optimal,0.06771619999199174,False,
3164,0.0,0,0.0,5456.769112304657,optimal,0.07239370000024792,False,
3165,0.0,0,0.0,5456.769112304657,optimal,0.07585589999507647,False,
3166,0.0,0,0.0,5456.769112304657,optimal,0.06909089999680873,False,
3167,0.0,0,0.0,5456.769112304657,optimal,0.19874110000091605,False,
3168,0.0,0,0.0,5456.769112304657,optimal,0.06137200001103338,False,
3169,0.0,0,0.0,5456.769112304657,optimal,0.05672239999694284,False,
3170,0.0,0,0.0,5456.769112304657,optimal,0.061921299988171086,False,
3171,0.0,0,0.0,5456.769112304657,optimal,0.06411210000806022,False,
3172,0.0,0,0.0,5456.769112304657,optimal,0.06429160000698175,False,
3173,0.0,0,0.0,5456.769112304657,optimal,0.06359099999826867,False,
3174,0.0,0,0.0,5456.769112304657,optimal,0.06833419999748003,False,
3175,0.0,0,0.0,5456.769112304657,optimal,0.0726491000095848,False,
3176,0.0,0,0.0,5456.769112304657,optimal,0.07549620000645518,False,
3177,0.0,0,0.0,5456.769112304657,optimal,0.21562550000089686,False,
3178,0.0,0,0.0,5456.769112304657,optimal,0.07927070000732783,False,
3179,0.0,0,0.0,5456.769112304657,optimal,0.06840470001043286,False,
3180,0.0,0,0.0,5456.769112304657,optimal,0.2188866000069538,False,
3181,0.0,0,0.0,5456.769112304657,optimal,0.06893080000008922,False,
3182,0.0,0,0.0,5456.769112304657,optimal,0.07632789999479428,False,
3183,0.0,0,0.0,5456.769112304657,optimal,0.23029790000873618,False,
3184,0.0,0,0.0,5456.769112304657,optimal,0.07023040000058245,False,
3185,0.0,0,0.0,5456.769112304657,optimal,0.07385570000042208,False,
3186,0.0,0,0.0,5456.769112304657,optimal,0.07071310000901576,False,
3187,0.0,0,0.0,5456.769112304657,optimal,0.18925190001027659,False,
3188,0.0,0,0.0,5456.769112304657,optimal,0.21777649999421556,False,
3189,0.0,0,0.0,5456.769112304657,optimal,0.06622979999519885,False,
3190,0.0,0,0.0,5456.769112304657,optimal,0.07116839999798685,False,
3191,0.0,0,0.0,5456.769112304657,optimal,0.21487840000190772,False,
3192,0.0,0,0.0,5456.769112304657,optimal,0.07047259999671951,False,
3193,0.0,0,0.0,5456.769112304657,optimal,0.21021760000439826,False,
3194,0.0,0,0.0,5456.769112304657,optimal,0.07109530000889208,False,
3195,0.0,0,0.0,5456.769112304657,optimal,0.2229146000026958,False,
3196,0.0,0,0.0,5456.769112304657,optimal,0.21891570001025684,False,
3197,0.0,0,0.0,5456.769112304657,optimal,0.06193760001042392,False,
3198,0.0,0,0.0,5456.769112304657,optimal,0.06652320000284817,False,
3199,0.0,0,0.0,5456.769112304657,optimal,0.24260979999962728,False,
3200,0.0,0,0.0,5456.769112304657,optimal,0.08043229999020696,False,
3201,0.0,0,0.0,5456.769112304657,optimal,0.07622969998919871,False,
3202,0.0,0,0.0,5456.769112304657,optimal,0.07007800000428688,False,
3203,0.0,0,0.0,5456.769112304657,optimal,0.2611056999885477,False,
3204,0.0,0,0.0,5456.769112304657,optimal,0.08713040000293404,False,
3205,0.0,0,0.0,5456.769112304657,optimal,0.24798139999620616,False,
3206,0.0,0,0.0,5456.769112304657,optimal,0.06731130000844132,False,
3207,0.0,0,0.0,5456.769112304657,optimal,0.09024739998858422,False,
3208,0.0,0,0.0,5456.769112304657,optimal,0.08832290000282228,False,
3209,0.0,0,0.0,5456.769112304657,optimal,0.22452509999857284,False,
3210,0.0,0,0.0,5456.769112304657,optimal,0.06506850000005215,False,
3211,0.0,0,0.0,5456.769112304657,optimal,0.07809969999652822,False,
3212,0.0,0,0.0,5456.769112304657,optimal,0.06748509999306407,False,
3213,0.0,0,0.0,5456.769112304657,optimal,0.0635041000059573,False,
3214,0.0,0,0.0,5456.769112304657,optimal,0.06890689999272581,False,
3215,0.0,0,0.0,5456.769112304657,optimal,0.07222440000623465,False,
3216,0.0,0,0.0,5456.769112304657,optimal,0.079080099996645,False,
3217,0.0,0,0.0,5456.769112304657,optimal,0.07458499999484047,False,
3218,0.0,0,0.0,5456.769112304657,optimal,0.06550559999595862,False,
3219,0.0,0,0.0,5456.769112304657,optimal,0.07399600000644568,False,
3220,0.0,0,0.0,5456.769112304657,optimal,0.06578649999573827,False,
3221,0.0,0,0.0,5456.769112304657,optimal,0.06507749999582302,False,
3222,0.0,0,0.0,5456.769112304657,optimal,0.07415210000181105,False,
3223,0.0,0,0.0,5456.769112304657,optimal,0.06762060000619385,False,
3224,0.0,0,0.0,5456.769112304657,optimal,0.07753029999730643,False,
3225,0.0,0,0.0,5456.769112304657,optimal,0.08028479998756666,False,
3226,0.0,0,0.0,5456.769112304657,optimal,0.07212599999911617,False,
3227,0.0,0,0.0,5456.769112304657,optimal,0.07972639999934472,False,
3228,0.0,0,0.0,5456.769112304657,optimal,0.07136189998709597,False,
3229,0.0,0,0.0,5456.769112304657,optimal,0.0826091000053566,False,
3230,0.0,0,0.0,5456.769112304657,optimal,0.08113519998732954,False,
3231,0.0,0,0.0,5456.769112304657,optimal,0.07190450000052806,False,
3232,0.0,0,0.0,5456.769112304657,optimal,0.07319130000541918,False,
3233,0.0,0,0.0,5456.769112304657,optimal,0.0739463999925647,False,
3234,0.0,0,0.0,5456.769112304657,optimal,0.06810799999220762,False,
3235,0.0,0,0.0,5456.769112304657,optimal,0.06524489998992067,False,
3236,0.0,0,0.0,5456.769112304657,optimal,0.05913029999646824,False,
3237,0.0,0,0.0,5456.769112304657,optimal,0.06093129998771474,False,
3238,0.0,0,0.0,5456.769112304657,optimal,0.061698499994236045,False,
3239,0.0,0,0.0,5456.769112304657,optimal,0.06642679999640677,False,
3240,0.0,0,0.0,5456.769112304657,optimal,0.06264699999883305,False,
3241,0.0,0,0.0,5456.769112304657,optimal,0.06114980000711512,False,
3242,0.0,0,0.0,5456.769112304657,optimal,0.06194639999011997,False,
3243,0.0,0,0.0,5456.769112304657,optimal,0.0648603000008734,False,
3244,0.0,0,0.0,5456.769112304657,optimal,0.06303730000217911,False,
3245,0.0,0,0.0,5456.769112304657,optimal,0.06518599999253638,False,
3246,0.0,0,0.0,5456.769112304657,optimal,0.06851100000494625,False,
3247,0.0,0,0.0,5456.769112304657,optimal,0.06258620000153314,False,
3248,0.0,0,0.0,5456.769112304657,optimal,0.06712659999902826,False,
3249,0.0,0,0.0,5456.769112304657,optimal,0.06702070000756066,False,
3250,0.0,0,0.0,5456.769112304657,optimal,0.06987380000646226,False,
3251,0.0,0,0.0,5456.769112304657,optimal,0.07704329999978654,False,
3252,0.0,0,0.0,5456.769112304657,optimal,0.0878316000016639,False,
3253,0.0,0,0.0,5456.769112304657,optimal,0.07413789999554865,False,
3254,0.0,0,0.0,5456.769112304657,optimal,0.06489360000705346,False,
3255,0.0,0,0.0,5456.769112304657,optimal,0.06479689999832772,False,
3256,0.0,0,0.0,5456.769112304657,optimal,0.07065970000985544,False,
3257,0.0,0,0.0,5456.769112304657,optimal,0.07605689999763854,False,
3258,0.0,0,0.0,5456.769112304657,optimal,0.0824261999950977,False,
3259,0.0,0,0.0,5456.769112304657,optimal,0.08457950000592973,False,
3260,0.0,0,0.0,5456.769112304657,optimal,0.08838370000012219,False,
3261,0.0,0,0.0,5456.769112304657,optimal,0.07626450000680052,False,
3262,0.0,0,0.0,5456.769112304657,optimal,0.06813559999864083,False,
3263,0.0,0,0.0,5456.769112304657,optimal,0.07024549999914598,False,
3264,0.0,0,0.0,5456.769112304657,optimal,0.0760426000051666,False,
3265,0.0,0,0.0,5456.769112304657,optimal,0.07589120000193361,False,
3266,0.0,0,0.0,5456.769112304657,optimal,0.08628909999970347,False,
3267,0.0,0,0.0,5456.769112304657,optimal,0.0783724000066286,False,
3268,0.0,0,0.0,5456.769112304657,optimal,0.06957659999898169,False,
3269,0.0,0,0.0,5456.769112304657,optimal,0.06497780000790954,False,
3270,0.0,0,0.0,5456.769112304657,optimal,0.07718239999667276,False,
3271,0.0,0,0.0,5456.769112304657,optimal,0.08385270000144374,False,
3272,0.0,0,0.0,5456.769112304657,optimal,0.09673360000306275,False,
3273,0.0,0,0.0,5456.769112304657,optimal,0.08756100000755396,False,
3274,0.0,0,0.0,5456.769112304657,optimal,0.07584299999871291,False,
3275,0.0,0,0.0,5456.769112304657,optimal,0.07636390000698157,False,
3276,0.0,0,0.0,5456.769112304657,optimal,0.06401429999095853,False,
3277,0.0,0,0.0,5456.769112304657,optimal,0.0641306000034092,False,
3278,0.0,0,0.0,5456.769112304657,optimal,0.06457009998848662,False,
3279,0.0,0,0.0,5456.769112304657,optimal,0.07537940000474919,False,
3280,0.0,0,0.0,5456.769112304657,optimal,0.07267059999867342,False,
3281,0.0,0,0.0,5456.769112304657,optimal,0.07465840000077151,False,
3282,0.0,0,0.0,5456.769112304657,optimal,0.07422509999014437,False,
3283,0.0,0,0.0,5456.769112304657,optimal,0.07814859999052715,False,
3284,0.0,0,0.0,5456.769112304657,optimal,0.08034690000931732,False,
3285,0.0,0,0.0,5456.769112304657,optimal,0.07240370000363328,False,
3286,0.0,0,0.0,5456.769112304657,optimal,0.08020919999398757,False,
3287,0.0,0,0.0,5456.769112304657,optimal,0.08063059998676181,False,
3288,0.0,0,0.0,5456.769112304657,optimal,0.08081840000522789,False,
3289,0.0,0,0.0,5456.769112304657,optimal,0.07767499999317806,False,
3290,0.0,0,0.0,5456.769112304657,optimal,0.07699780000257306,False,
3291,0.0,0,0.0,5456.769112304657,optimal,0.076497299989569,False,
3292,0.0,0,0.0,5456.769112304657,optimal,0.07819290000770707,False,
3293,0.0,0,0.0,5456.769112304657,optimal,0.08640460000606254,False,
3294,0.0,0,0.0,5456.769112304657,optimal,0.09469900000840425,False,
3295,0.0,0,0.0,5456.769112304657,optimal,0.07917339999403339,False,
3296,0.0,0,0.0,5456.769112304657,optimal,0.0650448999949731,False,
3297,0.0,0,0.0,5456.769112304657,optimal,0.0736956999899121,False,
3298,0.0,0,0.0,5456.769112304657,optimal,0.06465869999374263,False,
3299,0.0,0,0.0,5456.769112304657,optimal,0.06763859999773558,False,
3300,0.0,0,0.0,5456.769112304657,optimal,0.07096610000007786,False,
3301,0.0,0,0.0,5456.769112304657,optimal,0.0768575999973109,False,
3302,0.0,0,0.0,5456.769112304657,optimal,0.06620390000171028,False,
3303,0.0,0,0.0,5456.769112304657,optimal,0.061946500005433336,False,
3304,0.0,0,0.0,5456.769112304657,optimal,0.06509159998677205,False,
3305,0.0,0,0.0,5456.769112304657,optimal,0.06981919999816455,False,
3306,0.0,0,0.0,5456.769112304657,optimal,0.07717879999836441,False,
3307,0.0,0,0.0,5456.769112304657,optimal,0.06793889999971725,False,
3308,0.0,0,0.0,5456.769112304657,optimal,0.0752756000001682,False,
3309,0.0,0,0.0,5456.769112304657,optimal,0.07525159999204334,False,
3310,0.0,0,0.0,5456.769112304657,optimal,0.06644180000876077,False,
3311,0.0,0,0.0,5456.769112304657,optimal,0.07159039999532979,False,
3312,0.0,0,0.0,5456.769112304657,optimal,0.08008680000784807,False,
3313,0.0,0,0.0,5456.769112304657,optimal,0.07134520000545308,False,
3314,0.0,0,0.0,5456.769112304657,optimal,0.06427230000554118,False,
3315,0.0,0,0.0,5456.769112304657,optimal,0.06563740001001861,False,
3316,0.0,0,0.0,5456.769112304657,optimal,0.06509760000335518,False,
3317,0.0,0,0.0,5456.769112304657,optimal,0.06827809999231249,False,
3318,0.0,0,0.0,5456.769112304657,optimal,0.08414439999614842,False,
3319,0.0,0,0.0,5456.769112304657,optimal,0.07493100001011044,False,
3320,0.0,0,0.0,5456.769112304657,optimal,0.07551900000544265,False,
3321,0.0,0,0.0,5456.769112304657,optimal,0.06469930001185276,False,
3322,0.0,0,0.0,5456.769112304657,optimal,0.06568760001391638,False,
3323,0.0,0,0.0,5456.769112304657,optimal,0.06645640000351705,False,
3324,0.0,0,0.0,5456.769112304657,optimal,0.06346279999706894,False,
3325,0.0,0,0.0,5456.769112304657,optimal,0.08000149999861605,False,
3326,0.0,0,0.0,5456.769112304657,optimal,0.0780757999891648,False,
3327,0.0,0,0.0,5456.769112304657,optimal,0.0792113000061363,False,
3328,0.0,0,0.0,5456.769112304657,optimal,0.08163129999593366,False,
3329,0.0,0,0.0,5456.769112304657,optimal,0.07757050001237076,False,
3330,0.0,0,0.0,5456.769112304657,optimal,0.08487360000435729,False,
3331,0.0,0,0.0,5456.769112304657,optimal,0.08117330000095535,False,
3332,0.0,0,0.0,5456.769112304657,optimal,0.07306399999652058,False,
3333,0.0,0,0.0,5456.769112304657,optimal,0.08630650000122841,False,
3334,0.0,0,0.0,5456.769112304657,optimal,0.074713599999086,False,
3335,0.0,0,0.0,5456.769112304657,optimal,0.06367899999895599,False,
3336,0.0,0,0.0,5456.769112304657,optimal,0.07283550000283867,False,
3337,0.0,0,0.0,5456.769112304657,optimal,0.08463810000102967,False,
3338,0.0,0,0.0,5456.769112304657,optimal,0.26738879999902565,False,
3339,0.0,0,0.0,5456.769112304657,optimal,0.06618310000339989,False,
3340,0.0,0,0.0,5456.769112304657,optimal,0.0641271000058623,False,
3341,0.0,0,0.0,5456.769112304657,optimal,0.0756208999955561,False,
3342,0.0,0,0.0,5456.769112304657,optimal,0.08732740000414196,False,
3343,0.0,0,0.0,5456.769112304657,optimal,0.2566764999937732,False,
3344,0.0,0,0.0,5456.769112304657,optimal,0.08683890000975225,False,
3345,0.0,0,0.0,5456.769112304657,optimal,0.07189170000492595,False,
3346,0.0,0,0.0,5456.769112304657,optimal,0.07916809999733232,False,
3347,0.0,0,0.0,5456.769112304657,optimal,0.0716167999926256,False,
3348,0.0,0,0.0,5456.769112304657,optimal,0.0747541999880923,False,
3349,0.0,0,0.0,5456.769112304657,optimal,0.07302759999583941,False,
3350,0.0,0,0.0,5456.769112304657,optimal,0.0851799999945797,False,
3351,0.0,0,0.0,5456.769112304657,optimal,0.07389850000618026,False,
3352,0.0,0,0.0,5456.769112304657,optimal,0.080827900004806,False,
3353,0.0,0,0.0,5456.769112304657,optimal,0.08064030000241473,False,
3354,0.0,0,0.0,5456.769112304657,optimal,0.09867619999567978,False,
3355,0.0,0,0.0,5456.769112304657,optimal,0.08862260000023525,False,
3356,0.0,0,0.0,5456.769112304657,optimal,0.08148090000031516,False,
3357,0.0,0,0.0,5456.769112304657,optimal,0.09929620000184514,False,
3358,0.0,0,0.0,5456.769112304657,optimal,0.09149109999998473,False,
3359,0.0,0,0.0,5456.769112304657,optimal,0.09269850001146551,False,
3360,0.0,0,0.0,5456.769112304657,optimal,0.09349900000961497,False,
3361,0.0,0,0.0,5456.769112304657,optimal,0.25707859999965876,False,
3362,0.0,0,0.0,5456.769112304657,optimal,0.07113280000339728,False,
3363,0.0,0,0.0,5456.769112304657,optimal,0.06604219999280758,False,
3364,0.0,0,0.0,5456.769112304657,optimal,0.07231429999228567,False,
3365,0.0,0,0.0,5456.769112304657,optimal,0.20186839999223594,False,
3366,0.0,0,0.0,5456.769112304657,optimal,0.07086979999439791,False,
3367,0.0,0,0.0,5456.769112304657,optimal,0.0783540999982506,False,
3368,0.0,0,0.0,5456.769112304657,optimal,0.06934080000792164,False,
3369,0.0,0,0.0,5456.769112304657,optimal,0.06334249999781605,False,
3370,0.0,0,0.0,5456.769112304657,optimal,0.06920669999090023,False,
3371,0.0,0,0.0,5456.769112304657,optimal,0.07461680000415072,False,
3372,0.0,0,0.0,5456.769112304657,optimal,0.07579160000022966,False,
3373,0.0,0,0.0,5456.769112304657,optimal,0.06567729999369476,False,
3374,0.0,0,0.0,5456.769112304657,optimal,0.06315049999102484,False,
3375,0.0,0,0.0,5456.769112304657,optimal,0.24983489999431185,False,
3376,0.0,0,0.0,5456.769112304657,optimal,0.06860300000698771,False,
3377,0.0,0,0.0,5456.769112304657,optimal,0.08231709999381565,False,
3378,0.0,0,0.0,5456.769112304657,optimal,0.07377819999237545,False,
3379,0.0,0,0.0,5456.769112304657,optimal,0.09623039999860339,False,
3380,0.0,0,0.0,5456.769112304657,optimal,0.07339910000155214,False,
3381,0.0,0,0.0,5456.769112304657,optimal,0.08082269999431446,False,
3382,0.0,0,0.0,5456.769112304657,optimal,0.09777989999565762,False,
3383,0.0,0,0.0,5456.769112304657,optimal,0.0796416999946814,False,
3384,0.0,0,0.0,5456.769112304657,optimal,0.08741809999628458,False,
3385,0.0,0,0.0,5456.769112304657,optimal,0.06773460000113118,False,
3386,0.0,0,0.0,5456.769112304657,optimal,0.0656637999927625,False,
3387,0.0,0,0.0,5456.769112304657,optimal,0.07530810000025667,False,
3388,0.0,0,0.0,5456.769112304657,optimal,0.08005190000403672,False,
3389,0.0,0,0.0,5456.769112304657,optimal,0.08535699998901691,False,
3390,0.0,0,0.0,5456.769112304657,optimal,0.26085849999799393,False,
3391,0.0,0,0.0,5456.769112304657,optimal,0.09088029999111313,False,
3392,0.0,0,0.0,5456.769112304657,optimal,0.08267060000798665,False,
3393,0.0,0,0.0,5456.769112304657,optimal,0.2221274000039557,False,
3394,0.0,0,0.0,5456.769112304657,optimal,0.06287439999869093,False,
3395,0.0,0,0.0,5456.769112304657,optimal,0.09069690000615083,False,
3396,0.0,0,0.0,5456.769112304657,optimal,0.07392130000516772,False,
3397,0.0,0,0.0,5456.769112304657,optimal,0.061992700007976964,False,
3398,0.0,0,0.0,5456.769112304657,optimal,0.2252513999992516,False,
3399,0.0,0,0.0,5456.769112304657,optimal,0.07725090000894852,False,
3400,0.0,0,0.0,5456.769112304657,optimal,0.06487159999960568,False,
3401,0.0,0,0.0,5456.769112304657,optimal,0.06996870000148192,False,
3402,0.0,0,0.0,5456.769112304657,optimal,0.0713642000046093,False,
3403,0.0,0,0.0,5456.769112304657,optimal,0.06590899999719113,False,
3404,0.0,0,0.0,5456.769112304657,optimal,0.07317239999247249,False,
3405,0.0,0,0.0,5456.769112304657,optimal,0.0707815999921877,False,
3406,0.0,0,0.0,5456.769112304657,optimal,0.07247039998765104,False,
3407,0.0,0,0.0,5456.769112304657,optimal,0.06620410000323318,False,
3408,0.0,0,0.0,5456.769112304657,optimal,0.22730369999771938,False,
3409,0.0,0,0.0,5456.769112304657,optimal,0.06534370000008494,False,
3410,0.0,0,0.0,5456.769112304657,optimal,0.05981659999815747,False,
3411,0.0,0,0.0,5456.769112304657,optimal,0.06616410000424366,False,
3412,0.0,0,0.0,5456.769112304657,optimal,0.23565149999922141,False,
3413,0.0,0,0.0,5456.769112304657,optimal,0.06467870000051335,False,
3414,0.0,0,0.0,5456.769112304657,optimal,0.2181033000088064,False,
3415,0.0,0,0.0,5456.769112304657,optimal,0.07827649998944253,False,
3416,0.0,0,0.0,5456.769112304657,optimal,0.07950560000608675,False,
3417,0.0,0,0.0,5456.769112304657,optimal,0.07867909999913536,False,
3418,0.0,0,0.0,5456.769112304657,optimal,0.2596767000068212,False,
3419,0.0,0,0.0,5456.769112304657,optimal,0.07902249999460764,False,
3420,0.0,0,0.0,5456.769112304657,optimal,0.2735627999936696,False,
3421,0.0,0,0.0,5456.769112304657,optimal,0.07589419999567326,False,
3422,0.0,0,0.0,5456.769112304657,optimal,0.2666802000021562,False,
3423,0.0,0,0.0,5456.769112304657,optimal,0.10048179999284912,False,
3424,0.0,0,0.0,5456.769112304657,optimal,0.26306510000722483,False,
3425,0.0,0,0.0,5456.769112304657,optimal,0.09390949999215081,False,
3426,0.0,0,0.0,5456.769112304657,optimal,0.2533297999907518,False,
3427,0.0,0,0.0,5456.769112304657,optimal,0.07790499999828171,False,
3428,0.0,0,0.0,5456.769112304657,optimal,0.2186099000100512,False,
3429,0.0,0,0.0,5456.769112304657,optimal,0.07680640000035055,False,
3430,0.0,0,0.0,5456.769112304657,optimal,0.07349629999953322,False,
3431,0.0,0,0.0,5456.769112304657,optimal,0.2544523999968078,False,
3432,0.0,0,0.0,5456.769112304657,optimal,0.06479460000991821,False,
3433,0.0,0,0.0,5456.769112304657,optimal,0.08329220001178328,False,
3434,0.0,0,0.0,5456.769112304657,optimal,0.22847999999066815,False,
3435,0.0,0,0.0,5456.769112304657,optimal,0.23396880000655074,False,
3436,0.0,0,0.0,5456.769112304657,optimal,0.09229640000557993,False,
3437,0.0,0,0.0,5456.769112304657,optimal,0.0854033000068739,False,
3438,0.0,0,0.0,5456.769112304657,optimal,0.06740889999491628,False,
3439,0.0,0,0.0,5456.769112304657,optimal,0.0654043999966234,False,
3440,0.0,0,0.0,5456.769112304657,optimal,0.2224285999982385,False,
3441,0.0,0,0.0,5456.769112304657,optimal,0.06923149999056477,False,
3442,0.0,0,0.0,5456.769112304657,optimal,0.07322320000093896,False,
3443,0.0,0,0.0,5456.769112304657,optimal,0.06750969999120571,False,
3444,0.0,0,0.0,5456.769112304657,optimal,0.07146399999328423,False,
3445,0.0,0,0.0,5456.769112304657,optimal,0.08468840000568889,False,
3446,0.0,0,0.0,5456.769112304657,optimal,0.0884731000114698,False,
3447,0.0,0,0.0,5456.769112304657,optimal,0.07481079999706708,False,
3448,0.0,0,0.0,5456.769112304657,optimal,0.07397769999806769,False,
3449,0.0,0,0.0,5456.769112304657,optimal,0.08085170001140796,False,
3450,0.0,0,0.0,5456.769112304657,optimal,0.07075569999869913,False,
3451,0.0,0,0.0,5456.769112304657,optimal,0.06271800000104122,False,
3452,0.0,0,0.0,5456.769112304657,optimal,0.06923649999953341,False,
3453,0.0,0,0.0,5456.769112304657,optimal,0.07023920000938233,False,
3454,0.0,0,0.0,5456.769112304657,optimal,0.06446969999524299,False,
3455,0.0,0,0.0,5456.769112304657,optimal,0.06195149999985006,False,
3456,0.0,0,0.0,5456.769112304657,optimal,0.07465640000009444,False,
3457,0.0,0,0.0,5456.769112304657,optimal,0.07575720000022557,False,
3458,0.0,0,0.0,5456.769112304657,optimal,0.06678269999974873,False,
3459,0.0,0,0.0,5456.769112304657,optimal,0.06749760000093374,False,
3460,0.0,0,0.0,5456.769112304657,optimal,0.07162109999626409,False,
3461,0.0,0,0.0,5456.769112304657,optimal,0.07827910000924021,False,
3462,0.0,0,0.0,5456.769112304657,optimal,0.07703329999640118,False,
3463,0.0,0,0.0,5456.769112304657,optimal,0.07928460001130588,False,
3464,0.0,0,0.0,5456.769112304657,optimal,0.07270570000400767,False,
3465,0.0,0,0.0,5456.769112304657,optimal,0.06869279999227729,False,
3466,0.0,0,0.0,5456.769112304657,optimal,0.06466380000347272,False,
3467,0.0,0,0.0,5456.769112304657,optimal,0.06279390001145657,False,
3468,0.0,0,0.0,5456.769112304657,optimal,0.06923219999589492,False,
3469,0.0,0,0.0,5456.769112304657,optimal,0.06820680000237189,False,
3470,0.0,0,0.0,5456.769112304657,optimal,0.06478130001050886,False,
3471,0.0,0,0.0,5456.769112304657,optimal,0.06275169999571517,False,
3472,0.0,0,0.0,5456.769112304657,optimal,0.06393540000135545,False,
3473,0.0,0,0.0,5456.769112304657,optimal,0.0770494000025792,False,
3474,0.0,0,0.0,5456.769112304657,optimal,0.06622230001084972,False,
3475,0.0,0,0.0,5456.769112304657,optimal,0.06504120001045521,False,
3476,0.0,0,0.0,5456.769112304657,optimal,0.062342099990928546,False,
3477,0.0,0,0.0,5456.769112304657,optimal,0.0643253000016557,False,
3478,0.0,0,0.0,5456.769112304657,optimal,0.06525969998619985,False,
3479,0.0,0,0.0,5456.769112304657,optimal,0.06621129999984987,False,
3480,0.0,0,0.0,5456.769112304657,optimal,0.06338740000501275,False,
3481,0.0,0,0.0,5456.769112304657,optimal,0.06419619999360293,False,
3482,0.0,0,0.0,5456.769112304657,optimal,0.07019590001436882,False,
3483,0.0,0,0.0,5456.769112304657,optimal,0.07190339999215212,False,
3484,0.0,0,0.0,5456.769112304657,optimal,0.07266649999655783,False,
3485,0.0,0,0.0,5456.769112304657,optimal,0.07368489999498706,False,
3486,0.0,0,0.0,5456.769112304657,optimal,0.06579860000056215,False,
3487,0.0,0,0.0,5456.769112304657,optimal,0.06582210000487976,False,
3488,0.0,0,0.0,5456.769112304657,optimal,0.0681410999968648,False,
3489,0.0,0,0.0,5456.769112304657,optimal,0.06769339999300428,False,
3490,0.0,0,0.0,5456.769112304657,optimal,0.06343380000907928,False,
3491,0.0,0,0.0,5456.769112304657,optimal,0.0661740999930771,False,
3492,0.0,0,0.0,5456.769112304657,optimal,0.06709240000054706,False,
3493,0.0,0,0.0,5456.769112304657,optimal,0.061141600002883933,False,
3494,0.0,0,0.0,5456.769112304657,optimal,0.07298549999541137,False,
3495,0.0,0,0.0,5456.769112304657,optimal,0.0680619999911869,False,
3496,0.0,0,0.0,5456.769112304657,optimal,0.07467810000525787,False,
3497,0.0,0,0.0,5456.769112304657,optimal,0.07080790000327397,False,
3498,0.0,0,0.0,5456.769112304657,optimal,0.07354060000216123,False,
3499,0.0,0,0.0,5456.769112304657,optimal,0.08137339999666438,False,
3500,0.0,0,0.0,5456.769112304657,optimal,0.06602070000371896,False,
3501,0.0,0,0.0,5456.769112304657,optimal,0.06342590000713244,False,
3502,0.0,0,0.0,5456.769112304657,optimal,0.06349630000477191,False,
3503,0.0,0,0.0,5456.769112304657,optimal,0.06546760001219809,False,
3504,0.0,0,0.0,5456.769112304657,optimal,0.070555800004513,False,
3505,0.0,0,0.0,5456.769112304657,optimal,0.07064560000435449,False,
3506,0.0,0,0.0,5456.769112304657,optimal,0.06536370000685565,False,
3507,0.0,0,0.0,5456.769112304657,optimal,0.06870340000023134,False,
3508,0.0,0,0.0,5456.769112304657,optimal,0.07562989999132697,False,
3509,0.0,0,0.0,5456.769112304657,optimal,0.0860203000047477,False,
3510,0.0,0,0.0,5456.769112304657,optimal,0.07851920000393875,False,
3511,0.0,0,0.0,5456.769112304657,optimal,0.06654689999413677,False,
3512,0.0,0,0.0,5456.769112304657,optimal,0.06972899999527726,False,
3513,0.0,0,0.0,5456.769112304657,optimal,0.061872399994172156,False,
3514,0.0,0,0.0,5456.769112304657,optimal,0.07023670000489801,False,
3515,0.0,0,0.0,5456.769112304657,optimal,0.06139420000545215,False,
3516,0.0,0,0.0,5456.769112304657,optimal,0.06901669999933802,False,
3517,0.0,0,0.0,5456.769112304657,optimal,0.07709009999234695,False,
3518,0.0,0,0.0,5456.769112304657,optimal,0.06755259999772534,False,
3519,0.0,0,0.0,5456.769112304657,optimal,0.07137390000571031,False,
3520,0.0,0,0.0,5456.769112304657,optimal,0.077894699992612,False,
3521,0.0,0,0.0,5456.769112304657,optimal,0.08496210000885185,False,
3522,0.0,0,0.0,5456.769112304657,optimal,0.08184479999181349,False,
3523,0.0,0,0.0,5456.769112304657,optimal,0.06893750000745058,False,
3524,0.0,0,0.0,5456.769112304657,optimal,0.07002869999269024,False,
3525,0.0,0,0.0,5456.769112304657,optimal,0.07721059999312274,False,
3526,0.0,0,0.0,5456.769112304657,optimal,0.09013029999914579,False,
3527,0.0,0,0.0,5456.769112304657,optimal,0.08745579999231268,False,
3528,0.0,0,0.0,5456.769112304657,optimal,0.06299969999236055,False,
3529,0.0,0,0.0,5456.769112304657,optimal,0.07365190000564326,False,
3530,0.0,0,0.0,5456.769112304657,optimal,0.06813729999703355,False,
3531,0.0,0,0.0,5456.769112304657,optimal,0.06400160001066979,False,
3532,0.0,0,0.0,5456.769112304657,optimal,0.06765729999460746,False,
3533,0.0,0,0.0,5456.769112304657,optimal,0.06435760000022128,False,
3534,0.0,0,0.0,5456.769112304657,optimal,0.08427510000183247,False,
3535,0.0,0,0.0,5456.769112304657,optimal,0.07979440000781324,False,
3536,0.0,0,0.0,5456.769112304657,optimal,0.06429470000148285,False,
3537,0.0,0,0.0,5456.769112304657,optimal,0.06308560000616126,False,
3538,0.0,0,0.0,5456.769112304657,optimal,0.06791460000385996,False,
3539,0.0,0,0.0,5456.769112304657,optimal,0.08341639999707695,False,
3540,0.0,0,0.0,5456.769112304657,optimal,0.07860079999954905,False,
3541,0.0,0,0.0,5456.769112304657,optimal,0.08131579999462701,False,
3542,0.0,0,0.0,5456.769112304657,optimal,0.06913229999190662,False,
3543,0.0,0,0.0,5456.769112304657,optimal,0.07172849999915343,False,
3544,0.0,0,0.0,5456.769112304657,optimal,0.07935210000141524,False,
3545,0.0,0,0.0,5456.769112304657,optimal,0.08763860000181012,False,
3546,0.0,0,0.0,5456.769112304657,optimal,0.08523319999221712,False,
3547,0.0,0,0.0,5456.769112304657,optimal,0.07472150000103284,False,
3548,0.0,0,0.0,5456.769112304657,optimal,0.06967630000144709,False,
3549,0.0,0,0.0,5456.769112304657,optimal,0.06668030000582803,False,
3550,0.0,0,0.0,5456.769112304657,optimal,0.06763710000086576,False,
3551,0.0,0,0.0,5456.769112304657,optimal,0.07370170000649523,False,
3552,0.0,0,0.0,5456.769112304657,optimal,0.07279770000604913,False,
3553,0.0,0,0.0,5456.769112304657,optimal,0.06437730000470765,False,
3554,0.0,0,0.0,5456.769112304657,optimal,0.07050279999384657,False,
3555,0.0,0,0.0,5456.769112304657,optimal,0.0621091999928467,False,
3556,0.0,0,0.0,5456.769112304657,optimal,0.07989340000494849,False,
3557,0.0,0,0.0,5456.769112304657,optimal,0.08306370000354946,False,
3558,0.0,0,0.0,5456.769112304657,optimal,0.09305460000177845,False,
3559,0.0,0,0.0,5456.769112304657,optimal,0.08083950000582263,False,
3560,0.0,0,0.0,5456.769112304657,optimal,0.07294940001156647,False,
3561,0.0,0,0.0,5456.769112304657,optimal,0.07204689999343827,False,
3562,0.0,0,0.0,5456.769112304657,optimal,0.070214000006672,False,
3563,0.0,0,0.0,5456.769112304657,optimal,0.06211769999936223,False,
3564,0.0,0,0.0,5456.769112304657,optimal,0.06208009998954367,False,
3565,0.0,0,0.0,5456.769112304657,optimal,0.06161110001266934,False,
3566,0.0,0,0.0,5456.769112304657,optimal,0.07039109998731874,False,
3567,0.0,0,0.0,5456.769112304657,optimal,0.06472080000094138,False,
3568,0.0,0,0.0,5456.769112304657,optimal,0.06304610001097899,False,
3569,0.0,0,0.0,5456.769112304657,optimal,0.06127660001220647,False,
3570,0.0,0,0.0,5456.769112304657,optimal,0.2013347000029171,False,
3571,0.0,0,0.0,5456.769112304657,optimal,0.06381360000523273,False,
3572,0.0,0,0.0,5456.769112304657,optimal,0.06881720000819769,False,
3573,0.0,0,0.0,5456.769112304657,optimal,0.06954680000490043,False,
3574,0.0,0,0.0,5456.769112304657,optimal,0.2103891000006115,False,
3575,0.0,0,0.0,5456.769112304657,optimal,0.059145699997316115,False,
3576,0.0,0,0.0,5456.769112304657,optimal,0.07438220000767615,False,
3577,0.0,0,0.0,5456.769112304657,optimal,0.08436969999456778,False,
3578,0.0,0,0.0,5456.769112304657,optimal,0.06781880000198726,False,
3579,0.0,0,0.0,5456.769112304657,optimal,0.07022169999254402,False,
3580,0.0,0,0.0,5456.769112304657,optimal,0.07604700000956655,False,
3581,0.0,0,0.0,5456.769112304657,optimal,0.07197940000332892,False,
3582,0.0,0,0.0,5456.769112304657,optimal,0.06828939999104477,False,
3583,0.0,0,0.0,5456.769112304657,optimal,0.08831310000095982,False,
3584,0.0,0,0.0,5456.769112304657,optimal,0.0992411000042921,False,
3585,0.0,0,0.0,5456.769112304657,optimal,0.0654962999979034,False,
3586,0.0,0,0.0,5456.769112304657,optimal,0.06908729999850038,False,
3587,0.0,0,0.0,5456.769112304657,optimal,0.06408959999680519,False,
3588,0.0,0,0.0,5456.769112304657,optimal,0.06155569999828003,False,
3589,0.0,0,0.0,5456.769112304657,optimal,0.06395480000355747,False,
3590,0.0,0,0.0,5456.769112304657,optimal,0.06852289999369532,False,
3591,0.0,0,0.0,5456.769112304657,optimal,0.06809999998949934,False,
3592,0.0,0,0.0,5456.769112304657,optimal,0.22692279999318998,False,
3593,0.0,0,0.0,5456.769112304657,optimal,0.09319130000949372,False,
3594,0.0,0,0.0,5456.769112304657,optimal,0.05918060000112746,False,
3595,0.0,0,0.0,5456.769112304657,optimal,0.22897219999867957,False,
3596,0.0,0,0.0,5456.769112304657,optimal,0.06006240000715479,False,
3597,0.0,0,0.0,5456.769112304657,optimal,0.07076930000039283,False,
3598,0.0,0,0.0,5456.769112304657,optimal,0.06831570000213105,False,
3599,0.0,0,0.0,5456.769112304657,optimal,0.08846549999725539,False,
3600,0.0,0,0.0,5456.769112304657,optimal,0.08641990000614896,False,
3601,0.0,0,0.0,5456.769112304657,optimal,0.0713636000000406,False,
3602,0.0,0,0.0,5456.769112304657,optimal,0.08068320000893436,False,
3603,0.0,0,0.0,5456.769112304657,optimal,0.08185709999816027,False,
3604,0.0,0,0.0,5456.769112304657,optimal,0.08225900000252295,False,
3605,0.0,0,0.0,5456.769112304657,optimal,0.0650727000029292,False,
3606,0.0,0,0.0,5456.769112304657,optimal,0.2586282999982359,False,
3607,0.0,0,0.0,5456.769112304657,optimal,0.07691460000933148,False,
3608,0.0,0,0.0,5456.769112304657,optimal,0.07509910000953823,False,
3609,0.0,0,0.0,5456.769112304657,optimal,0.06928899999184068,False,
3610,0.0,0,0.0,5456.769112304657,optimal,0.06982459999562707,False,
3611,0.0,0,0.0,5456.769112304657,optimal,0.08378069999162108,False,
3612,0.0,0,0.0,5456.769112304657,optimal,0.0736114000028465,False,
3613,0.0,0,0.0,5456.769112304657,optimal,0.07133399999293033,False,
3614,0.0,0,0.0,5456.769112304657,optimal,0.07186699999147095,False,
3615,0.0,0,0.0,5456.769112304657,optimal,0.0683534999989206,False,
3616,0.0,0,0.0,5456.769112304657,optimal,0.07568039999750908,False,
3617,0.0,0,0.0,5456.769112304657,optimal,0.08082870001089759,False,
3618,0.0,0,0.0,5456.769112304657,optimal,0.0843388000066625,False,
3619,0.0,0,0.0,5456.769112304657,optimal,0.08640729999751784,False,
3620,0.0,0,0.0,5456.769112304657,optimal,0.26890099998854566,False,
3621,0.0,0,0.0,5456.769112304657,optimal,0.08705210000334773,False,
3622,0.0,0,0.0,5456.769112304657,optimal,0.07888810000440571,False,
3623,0.0,0,0.0,5456.769112304657,optimal,0.08690029999706894,False,
3624,0.0,0,0.0,5456.769112304657,optimal,0.2712942999933148,False,
3625,0.0,0,0.0,5456.769112304657,optimal,0.08720319998974446,False,
3626,0.0,0,0.0,5456.769112304657,optimal,0.08242380000592675,False,
3627,0.0,0,0.0,5456.769112304657,optimal,0.07826910000585485,False,
3628,0.0,0,0.0,5456.769112304657,optimal,0.07122399999934714,False,
3629,0.0,0,0.0,5456.769112304657,optimal,0.21993159998964984,False,
3630,0.0,0,0.0,5456.769112304657,optimal,0.0637226999970153,False,
3631,0.0,0,0.0,5456.769112304657,optimal,0.06643150000309106,False,
3632,0.0,0,0.0,5456.769112304657,optimal,0.06444339999870863,False,
3633,0.0,0,0.0,5456.769112304657,optimal,0.06636409999919124,False,
3634,0.0,0,0.0,5456.769112304657,optimal,0.06871120000141673,False,
3635,0.0,0,0.0,5456.769112304657,optimal,0.07363499999337364,False,
3636,0.0,0,0.0,5456.769112304657,optimal,0.06497979999403469,False,
3637,0.0,0,0.0,5456.769112304657,optimal,0.06757739999738988,False,
3638,0.0,0,0.0,5456.769112304657,optimal,0.06611980000161566,False,
3639,0.0,0,0.0,5456.769112304657,optimal,0.06315190000168514,False,
3640,0.0,0,0.0,5456.769112304657,optimal,0.06510570000682492,False,
3641,0.0,0,0.0,5456.769112304657,optimal,0.2364753000001656,False,
3642,0.0,0,0.0,5456.769112304657,optimal,0.07917889999225736,False,
3643,0.0,0,0.0,5456.769112304657,optimal,0.24111239999183454,False,
3644,0.0,0,0.0,5456.769112304657,optimal,0.07311660000414122,False,
3645,0.0,0,0.0,5456.769112304657,optimal,0.07047210000746418,False,
3646,0.0,0,0.0,5456.769112304657,optimal,0.2529599999979837,False,
3647,0.0,0,0.0,5456.769112304657,optimal,0.08810389999416657,False,
3648,0.0,0,0.0,5456.769112304657,optimal,0.08057420000841375,False,
3649,0.0,0,0.0,5456.769112304657,optimal,0.26330990000860766,False,
3650,0.0,0,0.0,5456.769112304657,optimal,0.069740399994771,False,
3651,0.0,0,0.0,5456.769112304657,optimal,0.27679519999946933,False,
3652,0.0,0,0.0,5456.769112304657,optimal,0.10338269999192562,False,
3653,0.0,0,0.0,5456.769112304657,optimal,0.2323919000045862,False,
3654,0.0,0,0.0,5456.769112304657,optimal,0.07432509999489412,False,
3655,0.0,0,0.0,5456.769112304657,optimal,0.23800240000127815,False,
3656,0.0,0,0.0,5456.769112304657,optimal,0.06989060000341851,False,
3657,0.0,0,0.0,5456.769112304657,optimal,0.07718950000707991,False,
3658,0.0,0,0.0,5456.769112304657,optimal,0.22858880000421777,False,
3659,0.0,0,0.0,5456.769112304657,optimal,0.06605699998908676,False,
3660,0.0,0,0.0,5456.769112304657,optimal,0.24096690000442322,False,
3661,0.0,0,0.0,5456.769112304657,optimal,0.08260740000696387,False,
3662,0.0,0,0.0,5456.769112304657,optimal,0.22650200000498444,False,
3663,0.0,0,0.0,5456.769112304657,optimal,0.0727745999902254,False,
3664,0.0,0,0.0,5456.769112304657,optimal,0.07583549999981187,False,
3665,0.0,0,0.0,5456.769112304657,optimal,0.24617740001122002,False,
3666,0.0,0,0.0,5456.769112304657,optimal,0.07440500000666361,False,
3667,0.0,0,0.0,5456.769112304657,optimal,0.26779279999027494,False,
3668,0.0,0,0.0,5456.769112304657,optimal,0.09443610000016633,False,
3669,0.0,0,0.0,5456.769112304657,optimal,0.07214940000267234,False,
3670,0.0,0,0.0,5456.769112304657,optimal,0.08762199999182485,False,
3671,0.0,0,0.0,5456.769112304657,optimal,0.21680209999612998,False,
3672,0.0,0,0.0,5456.769112304657,optimal,0.06916320000891574,False,
3673,0.0,0,0.0,5456.769112304657,optimal,0.0710865000000922,False,
3674,0.0,0,0.0,5456.769112304657,optimal,0.0642117999959737,False,
3675,0.0,0,0.0,5456.769112304657,optimal,0.059264399998937733,False,
3676,0.0,0,0.0,5456.769112304657,optimal,0.07321109999611508,False,
3677,0.0,0,0.0,5456.769112304657,optimal,0.07459319999907166,False,
3678,0.0,0,0.0,5456.769112304657,optimal,0.06554429999960121,False,
3679,0.0,0,0.0,5456.769112304657,optimal,0.06612439999298658,False,
3680,0.0,0,0.0,5456.769112304657,optimal,0.07912209999631159,False,
3681,0.0,0,0.0,5456.769112304657,optimal,0.07406080000509974,False,
3682,0.0,0,0.0,5456.769112304657,optimal,0.07105130000854842,False,
3683,0.0,0,0.0,5456.769112304657,optimal,0.07053080000332557,False,
3684,0.0,0,0.0,5456.769112304657,optimal,0.07993449999776203,False,
3685,0.0,0,0.0,5456.769112304657,optimal,0.0700937000074191,False,
3686,0.0,0,0.0,5456.769112304657,optimal,0.07605329999933019,False,
3687,0.0,0,0.0,5456.769112304657,optimal,0.07807769998908043,False,
3688,0.0,0,0.0,5456.769112304657,optimal,0.07153470000775997,False,
3689,0.0,0,0.0,5456.769112304657,optimal,0.0784719000075711,False,
3690,0.0,0,0.0,5456.769112304657,optimal,0.08865259999583941,False,
3691,0.0,0,0.0,5456.769112304657,optimal,0.08250709999992978,False,
3692,0.0,0,0.0,5456.769112304657,optimal,0.07627069999580272,False,
3693,0.0,0,0.0,5456.769112304657,optimal,0.0712539999949513,False,
3694,0.0,0,0.0,5456.769112304657,optimal,0.07391580000694375,False,
3695,0.0,0,0.0,5456.769112304657,optimal,0.0773717999982182,False,
3696,0.0,0,0.0,5456.769112304657,optimal,0.07169769999745768,False,
3697,0.0,0,0.0,5456.769112304657,optimal,0.07972650000010617,False,
3698,0.0,0,0.0,5456.769112304657,optimal,0.09092650000820868,False,
3699,0.0,0,0.0,5456.769112304657,optimal,0.08320179999282118,False,
3700,0.0,0,0.0,5456.769112304657,optimal,0.07896660000551492,False,
3701,0.0,0,0.0,5456.769112304657,optimal,0.07055809999292251,False,
3702,0.0,0,0.0,5456.769112304657,optimal,0.061572599995997734,False,
3703,0.0,0,0.0,5456.769112304657,optimal,0.06711079999513458,False,
3704,0.0,0,0.0,5456.769112304657,optimal,0.0673881000111578,False,
3705,0.0,0,0.0,5456.769112304657,optimal,0.07061090000206605,False,
3706,0.0,0,0.0,5456.769112304657,optimal,0.07171839999500662,False,
3707,0.0,0,0.0,5456.769112304657,optimal,0.07538059999933466,False,
3708,0.0,0,0.0,5456.769112304657,optimal,0.08309679999365471,False,
3709,0.0,0,0.0,5456.769112304657,optimal,0.07535949999873992,False,
3710,0.0,0,0.0,5456.769112304657,optimal,0.0702917000016896,False,
3711,0.0,0,0.0,5456.769112304657,optimal,0.06624169999849983,False,
3712,0.0,0,0.0,5456.769112304657,optimal,0.06510269999853335,False,
3713,0.0,0,0.0,5456.769112304657,optimal,0.06897549999121111,False,
3714,0.0,0,0.0,5456.769112304657,optimal,0.0661845999857178,False,
3715,0.0,0,0.0,5456.769112304657,optimal,0.06397289999586064,False,
3716,0.0,0,0.0,5456.769112304657,optimal,0.06589680000615772,False,
3717,0.0,0,0.0,5456.769112304657,optimal,0.0706549000024097,False,
3718,0.0,0,0.0,5456.769112304657,optimal,0.06880009999440517,False,
3719,0.0,0,0.0,5456.769112304657,optimal,0.06144239999412093,False,
3720,0.0,0,0.0,5456.769112304657,optimal,0.06497319998743478,False,
3721,0.0,0,0.0,5456.769112304657,optimal,0.06468710000626743,False,
3722,0.0,0,0.0,5456.769112304657,optimal,0.07054210000205785,False,
3723,0.0,0,0.0,5456.769112304657,optimal,0.0642989000043599,False,
3724,0.0,0,0.0,5456.769112304657,optimal,0.061867500000516884,False,
3725,0.0,0,0.0,5456.769112304657,optimal,0.07048829999985173,False,
3726,0.0,0,0.0,5456.769112304657,optimal,0.07341610000003129,False,
3727,0.0,0,0.0,5456.769112304657,optimal,0.07687360000272747,False,
3728,0.0,0,0.0,5456.769112304657,optimal,0.0723705999989761,False,
3729,0.0,0,0.0,5456.769112304657,optimal,0.06542799998715054,False,
3730,0.0,0,0.0,5456.769112304657,optimal,0.0665177000046242,False,
3731,0.0,0,0.0,5456.769112304657,optimal,0.0691067000007024,False,
3732,0.0,0,0.0,5456.769112304657,optimal,0.06366699999489356,False,
3733,0.0,0,0.0,5456.769112304657,optimal,0.06282760000613052,False,
3734,0.0,0,0.0,5456.769112304657,optimal,0.06144979999226052,False,
3735,0.0,0,0.0,5456.769112304657,optimal,0.06194569999934174,False,
3736,0.0,0,0.0,5456.769112304657,optimal,0.06573390000266954,False,
3737,0.0,0,0.0,5456.769112304657,optimal,0.058724300004541874,False,
3738,0.0,0,0.0,5456.769112304657,optimal,0.06133290000434499,False,
3739,0.0,0,0.0,5456.769112304657,optimal,0.06534760000067763,False,
3740,0.0,0,0.0,5456.769112304657,optimal,0.06345990000409074,False,
3741,0.0,0,0.0,5456.769112304657,optimal,0.06815780000761151,False,
3742,0.0,0,0.0,5456.769112304657,optimal,0.06065339999622665,False,
3743,0.0,0,0.0,5456.769112304657,optimal,0.06811219999508467,False,
3744,0.0,0,0.0,5456.769112304657,optimal,0.07165460000396706,False,
3745,0.0,0,0.0,5456.769112304657,optimal,0.06466600000567269,False,
3746,0.0,0,0.0,5456.769112304657,optimal,0.06642909999936819,False,
3747,0.0,0,0.0,5456.769112304657,optimal,0.0633724999934202,False,
3748,0.0,0,0.0,5456.769112304657,optimal,0.06488540000282228,False,
3749,0.0,0,0.0,5456.769112304657,optimal,0.06000449998828117,False,
3750,0.0,0,0.0,5456.769112304657,optimal,0.0645935000065947,False,
3751,0.0,0,0.0,5456.769112304657,optimal,0.06349559999944177,False,
3752,0.0,0,0.0,5456.769112304657,optimal,0.06433880000258796,False,
3753,0.0,0,0.0,5456.769112304657,optimal,0.07091629999922588,False,
3754,0.0,0,0.0,5456.769112304657,optimal,0.07320169999729842,False,
3755,0.0,0,0.0,5456.769112304657,optimal,0.06233440000505652,False,
3756,0.0,0,0.0,5456.769112304657,optimal,0.061289000004762784,False,
3757,0.0,0,0.0,5456.769112304657,optimal,0.0661407000006875,False,
3758,0.0,0,0.0,5456.769112304657,optimal,0.07061399999656714,False,
3759,0.0,0,0.0,5456.769112304657,optimal,0.05768279999028891,False,
3760,0.0,0,0.0,5456.769112304657,optimal,0.05905470000288915,False,
3761,0.0,0,0.0,5456.769112304657,optimal,0.059895300000789575,False,
3762,0.0,0,0.0,5456.769112304657,optimal,0.06287400001019705,False,
3763,0.0,0,0.0,5456.769112304657,optimal,0.06570520000241231,False,
3764,0.0,0,0.0,5456.769112304657,optimal,0.06948960000590887,False,
3765,0.0,0,0.0,5456.769112304657,optimal,0.0759297000040533,False,
3766,0.0,0,0.0,5456.769112304657,optimal,0.06558750000840519,False,
3767,0.0,0,0.0,5456.769112304657,optimal,0.06797459999506827,False,
3768,0.0,0,0.0,5456.769112304657,optimal,0.08056659999419935,False,
3769,0.0,0,0.0,5456.769112304657,optimal,0.07265539999934845,False,
3770,0.0,0,0.0,5456.769112304657,optimal,0.06833919999189675,False,
3771,0.0,0,0.0,5456.769112304657,optimal,0.06421710000722669,False,
3772,0.0,0,0.0,5456.769112304657,optimal,0.07114000000001397,False,
3773,0.0,0,0.0,5456.769112304657,optimal,0.08077489999413956,False,
3774,0.0,0,0.0,5456.769112304657,optimal,0.07966560000204481,False,
3775,0.0,0,0.0,5456.769112304657,optimal,0.07228849999955855,False,
3776,0.0,0,0.0,5456.769112304657,optimal,0.06994780000241008,False,
3777,0.0,0,0.0,5456.769112304657,optimal,0.06391760001133662,False,
3778,0.0,0,0.0,5456.769112304657,optimal,0.06602949999796692,False,
3779,0.0,0,0.0,5456.769112304657,optimal,0.06539709999924526,False,
3780,0.0,0,0.0,5456.769112304657,optimal,0.06508810000377707,False,
3781,0.0,0,0.0,5456.769112304657,optimal,0.06455629999982193,False,
3782,0.0,0,0.0,5456.769112304657,optimal,0.06518449999566656,False,
3783,0.0,0,0.0,5456.769112304657,optimal,0.06543770000280347,False,
3784,0.0,0,0.0,5456.769112304657,optimal,0.07951020001200959,False,
3785,0.0,0,0.0,5456.769112304657,optimal,0.06339840000146069,False,
3786,0.0,0,0.0,5456.769112304657,optimal,0.06635059999825899,False,
3787,0.0,0,0.0,5456.769112304657,optimal,0.0610883999906946,False,
3788,0.0,0,0.0,5456.769112304657,optimal,0.07731710000371095,False,
3789,0.0,0,0.0,5456.769112304657,optimal,0.07276640000054613,False,
3790,0.0,0,0.0,5456.769112304657,optimal,0.06801839999388903,False,
3791,0.0,0,0.0,5456.769112304657,optimal,0.07183909999730531,False,
3792,0.0,0,0.0,5456.769112304657,optimal,0.08919339999556541,False,
3793,0.0,0,0.0,5456.769112304657,optimal,0.07807569998840336,False,
3794,0.0,0,0.0,5456.769112304657,optimal,0.074254999999539,False,
3795,0.0,0,0.0,5456.769112304657,optimal,0.07182179999654181,False,
3796,0.0,0,0.0,5456.769112304657,optimal,0.066787599993404,False,
3797,0.0,0,0.0,5456.769112304657,optimal,0.06469840000499971,False,
3798,0.0,0,0.0,5456.769112304657,optimal,0.06926960000419058,False,
3799,0.0,0,0.0,5456.769112304657,optimal,0.06625609999173321,False,
3800,0.0,0,0.0,5456.769112304657,optimal,0.23665979999350384,False,
3801,0.0,0,0.0,5456.769112304657,optimal,0.06673370000498835,False,
3802,0.0,0,0.0,5456.769112304657,optimal,0.05929140000080224,False,
3803,0.0,0,0.0,5456.769112304657,optimal,0.07487090000358876,False,
3804,0.0,0,0.0,5456.769112304657,optimal,0.2344306000013603,False,
3805,0.0,0,0.0,5456.769112304657,optimal,0.0731077000091318,False,
3806,0.0,0,0.0,5456.769112304657,optimal,0.0587459999951534,False,
3807,0.0,0,0.0,5456.769112304657,optimal,0.0620232999935979,False,
3808,0.0,0,0.0,5456.769112304657,optimal,0.06115359999239445,False,
3809,0.0,0,0.0,5456.769112304657,optimal,0.06097269999736454,False,
3810,0.0,0,0.0,5456.769112304657,optimal,0.06193080000230111,False,
3811,0.0,0,0.0,5456.769112304657,optimal,0.06709060000139289,False,
3812,0.0,0,0.0,5456.769112304657,optimal,0.06582079999498092,False,
3813,0.0,0,0.0,5456.769112304657,optimal,0.06603040000481997,False,
3814,0.0,0,0.0,5456.769112304657,optimal,0.07616340000822674,False,
3815,0.0,0,0.0,5456.769112304657,optimal,0.06704700000409503,False,
3816,0.0,0,0.0,5456.769112304657,optimal,0.07107449999602977,False,
3817,0.0,0,0.0,5456.769112304657,optimal,0.07532439999340568,False,
3818,0.0,0,0.0,5456.769112304657,optimal,0.0700836000032723,False,
3819,0.0,0,0.0,5456.769112304657,optimal,0.07248819999222178,False,
3820,0.0,0,0.0,5456.769112304657,optimal,0.07369710000057239,False,
3821,0.0,0,0.0,5456.769112304657,optimal,0.08440769999288023,False,
3822,0.0,0,0.0,5456.769112304657,optimal,0.2304796999960672,False,
3823,0.0,0,0.0,5456.769112304657,optimal,0.07063940000080038,False,
3824,0.0,0,0.0,5456.769112304657,optimal,0.0654936000064481,False,
3825,0.0,0,0.0,5456.769112304657,optimal,0.07110250000550877,False,
3826,0.0,0,0.0,5456.769112304657,optimal,0.2570337999932235,False,
3827,0.0,0,0.0,5456.769112304657,optimal,0.07578189999912865,False,
3828,0.0,0,0.0,5456.769112304657,optimal,0.07681920001050457,False,
3829,0.0,0,0.0,5456.769112304657,optimal,0.07300560000294354,False,
3830,0.0,0,0.0,5456.769112304657,optimal,0.06710349999775644,False,
3831,0.0,0,0.0,5456.769112304657,optimal,0.0775160000048345,False,
3832,0.0,0,0.0,5456.769112304657,optimal,0.07111589999112766,False,
3833,0.0,0,0.0,5456.769112304657,optimal,0.07677500000863802,False,
3834,0.0,0,0.0,5456.769112304657,optimal,0.08843289999640547,False,
3835,0.0,0,0.0,5456.769112304657,optimal,0.07457549999526236,False,
3836,0.0,0,0.0,5456.769112304657,optimal,0.0726110000105109,False,
3837,0.0,0,0.0,5456.769112304657,optimal,0.27767949999542907,False,
3838,0.0,0,0.0,5456.769112304657,optimal,0.08275870000943542,False,
3839,0.0,0,0.0,5456.769112304657,optimal,0.09464680000382941,False,
3840,0.0,0,0.0,5456.769112304657,optimal,0.10531970000010915,False,
3841,0.0,0,0.0,5456.769112304657,optimal,0.103076700004749,False,
3842,0.0,0,0.0,5456.769112304657,optimal,0.0967333000007784,False,
3843,0.0,0,0.0,5456.769112304657,optimal,0.09752390001085587,False,
3844,0.0,0,0.0,5456.769112304657,optimal,0.09043470000324305,False,
3845,0.0,0,0.0,5456.769112304657,optimal,0.06650860000809189,False,
3846,0.0,0,0.0,5456.769112304657,optimal,0.06573499999649357,False,
3847,0.0,0,0.0,5456.769112304657,optimal,0.06742960000701714,False,
3848,0.0,0,0.0,5456.769112304657,optimal,0.07104569999501109,False,
3849,0.0,0,0.0,5456.769112304657,optimal,0.2736436999985017,False,
3850,0.0,0,0.0,5456.769112304657,optimal,0.08752080000704154,False,
3851,0.0,0,0.0,5456.769112304657,optimal,0.08875439999974333,False,
3852,0.0,0,0.0,5456.769112304657,optimal,0.0850293999974383,False,
3853,0.0,0,0.0,5456.769112304657,optimal,0.08786759999929927,False,
3854,0.0,0,0.0,5456.769112304657,optimal,0.08943429999635555,False,
3855,0.0,0,0.0,5456.769112304657,optimal,0.2695871000032639,False,
3856,0.0,0,0.0,5456.769112304657,optimal,0.07620920000772458,False,
3857,0.0,0,0.0,5456.769112304657,optimal,0.07535020000068471,False,
3858,0.0,0,0.0,5456.769112304657,optimal,0.07173860000330023,False,
3859,0.0,0,0.0,5456.769112304657,optimal,0.09474380000028759,False,
3860,0.0,0,0.0,5456.769112304657,optimal,0.2842146000039065,False,
3861,0.0,0,0.0,5456.769112304657,optimal,0.08887419999518897,False,
3862,0.0,0,0.0,5456.769112304657,optimal,0.07931799998914357,False,
3863,0.0,0,0.0,5456.769112304657,optimal,0.07205659999453928,False,
3864,0.0,0,0.0,5456.769112304657,optimal,0.07513469998957589,False,
3865,0.0,0,0.0,5456.769112304657,optimal,0.07155459999921732,False,
3866,0.0,0,0.0,5456.769112304657,optimal,0.06859189999522641,False,
3867,0.0,0,0.0,5456.769112304657,optimal,0.08679219998884946,False,
3868,0.0,0,0.0,5456.769112304657,optimal,0.08152520000294317,False,
3869,0.0,0,0.0,5456.769112304657,optimal,0.09591380000347272,False,
3870,0.0,0,0.0,5456.769112304657,optimal,0.08491639999556355,False,
3871,0.0,0,0.0,5456.769112304657,optimal,0.2563215999980457,False,
3872,0.0,0,0.0,5456.769112304657,optimal,0.08564660001138691,False,
3873,0.0,0,0.0,5456.769112304657,optimal,0.09979389999352861,False,
3874,0.0,0,0.0,5456.769112304657,optimal,0.3212493000028189,False,
3875,0.0,0,0.0,5456.769112304657,optimal,0.09080020000692457,False,
3876,0.0,0,0.0,5456.769112304657,optimal,0.08664169999246951,False,
3877,0.0,0,0.0,5456.769112304657,optimal,0.2698729999974603,False,
3878,0.0,0,0.0,5456.769112304657,optimal,0.1196903999953065,False,
3879,0.0,0,0.0,5456.769112304657,optimal,0.11260219999530818,False,
3880,0.0,0,0.0,5456.769112304657,optimal,0.2558621000061976,False,
3881,0.0,0,0.0,5456.769112304657,optimal,0.07907040001009591,False,
3882,0.0,0,0.0,5456.769112304657,optimal,0.2717578999872785,False,
3883,0.0,0,0.0,5456.769112304657,optimal,0.0768400999950245,False,
3884,0.0,0,0.0,5456.769112304657,optimal,0.10121530000469647,False,
3885,0.0,0,0.0,5456.769112304657,optimal,0.3414753999968525,False,
3886,0.0,0,0.0,5456.769112304657,optimal,0.0677811999921687,False,
3887,0.0,0,0.0,5456.769112304657,optimal,0.623046400010935,False,
3888,0.0,0,0.0,5456.769112304657,optimal,0.062416100001428276,False,
3889,0.0,0,0.0,5456.769112304657,optimal,0.634072599990759,False,
3890,0.0,0,0.0,5456.769112304657,optimal,0.07449590000032913,False,
3891,0.0,0,0.0,5456.769112304657,optimal,0.1272253999923123,False,
3892,0.0,0,0.0,5456.769112304657,optimal,0.6518336999870371,False,
3893,0.0,0,0.0,5456.769112304657,optimal,0.15780950000043958,False,
3894,0.0,0,0.0,5456.769112304657,optimal,0.3689953000139212,False,
3895,0.0,0,0.0,5456.769112304657,optimal,0.5046283999981824,False,
3896,0.0,0,0.0,5456.769112304657,optimal,0.27298009999503847,False,
3897,0.0,0,0.0,5456.769112304657,optimal,0.4090253999893321,False,
3898,0.0,0,0.0,5456.769112304657,optimal,0.11882289999630302,False,
3899,0.0,0,0.0,5456.769112304657,optimal,0.09217160000116564,False,
3900,0.0,0,0.0,5456.769112304657,optimal,0.06614209999679588,False,
3901,0.0,0,0.0,5456.769112304657,optimal,0.08996400001342408,False,
3902,0.0,0,0.0,5456.769112304657,optimal,0.49639239998941775,False,
3903,0.0,0,0.0,5456.769112304657,optimal,0.06265480000001844,False,
3904,0.0,0,0.0,5456.769112304657,optimal,0.23323769999842625,False,
3905,0.0,0,0.0,5456.769112304657,optimal,0.20625249999284279,False,
3906,0.0,0,0.0,5456.769112304657,optimal,0.17331679999188054,False,
3907,0.0,0,0.0,5456.769112304657,optimal,0.15592250000918284,False,
3908,0.0,0,0.0,5456.769112304657,optimal,0.14679730001080316,False,
3909,0.0,0,0.0,5456.769112304657,optimal,0.08280239999294281,False,
3910,0.0,0,0.0,5456.769112304657,optimal,0.0662607999984175,False,
3911,0.0,0,0.0,5456.769112304657,optimal,0.2717166999937035,False,
3912,0.0,0,0.0,5456.769112304657,optimal,0.25842899999406654,False,
3913,0.0,0,0.0,5456.769112304657,optimal,0.21839100000215694,False,
3914,0.0,0,0.0,5456.769112304657,optimal,0.17438480000419077,False,
3915,0.0,0,0.0,5456.769112304657,optimal,0.12866689999646042,False,
3916,0.0,0,0.0,5456.769112304657,optimal,0.08679339999798685,False,
3917,0.0,0,0.0,5456.769112304657,optimal,0.05837189999874681,False,
3918,0.0,0,0.0,5456.769112304657,optimal,0.06361759999708738,False,
3919,0.0,0,0.0,5456.769112304657,optimal,0.05546719999983907,False,
3920,0.0,0,0.0,5456.769112304657,optimal,0.05531299998983741,False,
3921,0.0,0,0.0,5456.769112304657,optimal,0.04936630000884179,False,
3922,0.0,0,0.0,5456.769112304657,optimal,0.060251000002608635,False,
3923,0.0,0,0.0,5456.769112304657,optimal,0.056980199995450675,False,
3924,0.0,0,0.0,5456.769112304657,optimal,0.053483100011362694,False,
3925,0.0,0,0.0,5456.769112304657,optimal,0.051882200001273304,False,
3926,0.0,0,0.0,5456.769112304657,optimal,0.039383399998769164,False,
3927,0.0,0,0.0,5456.769112304657,optimal,0.05842109999503009,False,
3928,0.0,0,0.0,5456.769112304657,optimal,0.03806639999675099,False,
3929,0.0,0,0.0,5456.769112304657,optimal,0.03404230000160169,False,
3930,0.0,0,0.0,5456.769112304657,optimal,0.03855610000027809,False,
3931,0.0,0,0.0,5456.769112304657,optimal,0.049573700001928955,False,
3932,0.0,0,0.0,5456.769112304657,optimal,0.04763700001058169,False,
3933,0.0,0,0.0,5456.769112304657,optimal,0.044292399994446896,False,
3934,0.0,0,0.0,5456.769112304657,optimal,0.04758630000287667,False,
3935,0.0,0,0.0,5456.769112304657,optimal,0.044495399997686036,False,
3936,0.0,0,0.0,5456.769112304657,optimal,0.03991090001363773,False,
3937,0.0,0,0.0,5456.769112304657,optimal,0.0473679999995511,False,
3938,0.0,0,0.0,5456.769112304657,optimal,0.046044000002439134,False,
3939,0.0,0,0.0,5456.769112304657,optimal,0.044406000000890344,False,
3940,0.0,0,0.0,5456.769112304657,optimal,0.06142320000799373,False,
3941,0.0,0,0.0,5456.769112304657,optimal,0.08716350000759121,False,
3942,0.0,0,0.0,5456.769112304657,optimal,0.06541019999713171,False,
3943,0.0,0,0.0,5456.769112304657,optimal,0.05988509999588132,False,
3944,0.0,0,0.0,5456.769112304657,optimal,0.04634349999832921,False,
3945,0.0,0,0.0,5456.769112304657,optimal,0.042694099989603274,False,
3946,0.0,0,0.0,5456.769112304657,optimal,0.04857909999554977,False,
3947,0.0,0,0.0,5456.769112304657,optimal,0.05343840000568889,False,
3948,0.0,0,0.0,5456.769112304657,optimal,0.04286529999808408,False,
3949,0.0,0,0.0,5456.769112304657,optimal,0.04171499999938533,False,
3950,0.0,0,0.0,5456.769112304657,optimal,0.052293300002929755,False,
3951,0.0,0,0.0,5456.769112304657,optimal,0.045586799999000505,False,
3952,0.0,0,0.0,5456.769112304657,optimal,0.056464100009179674,False,
3953,0.0,0,0.0,5456.769112304657,optimal,0.036150400002952665,False,
3954,0.0,0,0.0,5456.769112304657,optimal,0.05163129999709781,False,
3955,0.0,0,0.0,5456.769112304657,optimal,0.038925500004552305,False,
3956,0.0,0,0.0,5456.769112304657,optimal,0.05066900000383612,False,
3957,0.0,0,0.0,5456.769112304657,optimal,0.04929219999758061,False,
3958,0.0,0,0.0,5456.769112304657,optimal,0.04398899999796413,False,
3959,0.0,0,0.0,5456.769112304657,optimal,0.039521200000308454,False,
3960,0.0,0,0.0,5456.769112304657,optimal,0.03865539999969769,False,
3961,0.0,0,0.0,5456.769112304657,optimal,0.04139450000366196,False,
3962,0.0,0,0.0,5456.769112304657,optimal,0.037503300001844764,False,
3963,0.0,0,0.0,5456.769112304657,optimal,0.04246219999913592,False,
3964,0.0,0,0.0,5456.769112304657,optimal,0.053212500002700835,False,
3965,0.0,0,0.0,5456.769112304657,optimal,0.04624569999577943,False,
3966,0.0,0,0.0,5456.769112304657,optimal,0.04833590000635013,False,
3967,0.0,0,0.0,5456.769112304657,optimal,0.0367431999911787,False,
3968,0.0,0,0.0,5456.769112304657,optimal,0.046790700012934394,False,
3969,0.0,0,0.0,5456.769112304657,optimal,0.047392999986186624,False,
3970,0.0,0,0.0,5456.769112304657,optimal,0.04978339999797754,False,
3971,0.0,0,0.0,5456.769112304657,optimal,0.042036800005007535,False,
3972,0.0,0,0.0,5456.769112304657,optimal,0.04995559999952093,False,
3973,0.0,0,0.0,5456.769112304657,optimal,0.053188899997621775,False,
3974,0.0,0,0.0,5456.769112304657,optimal,0.036387500003911555,False,
3975,0.0,0,0.0,5456.769112304657,optimal,0.0467163999855984,False,
3976,0.0,0,0.0,5456.769112304657,optimal,0.048737499993876554,False,
3977,0.0,0,0.0,5456.769112304657,optimal,0.04348720000416506,False,
3978,0.0,0,0.0,5456.769112304657,optimal,0.04253659999812953,False,
3979,0.0,0,0.0,5456.769112304657,optimal,0.046823199998470955,False,
3980,0.0,0,0.0,5456.769112304657,optimal,0.04607630000100471,False,
3981,0.0,0,0.0,5456.769112304657,optimal,0.04172939999261871,False,
3982,0.0,0,0.0,5456.769112304657,optimal,0.04203279998910148,False,
3983,0.0,0,0.0,5456.769112304657,optimal,0.04917339999519754,False,
3984,0.0,0,0.0,5456.769112304657,optimal,0.04500460000417661,False,
3985,0.0,0,0.0,5456.769112304657,optimal,0.044248899997910485,False,
3986,0.0,0,0.0,5456.769112304657,optimal,0.043333900001016445,False,
3987,0.0,0,0.0,5456.769112304657,optimal,0.0491463000071235,False,
3988,0.0,0,0.0,5456.769112304657,optimal,0.041345799996634014,False,
3989,0.0,0,0.0,5456.769112304657,optimal,0.04993020000983961,False,
3990,0.0,0,0.0,5456.769112304657,optimal,0.05492789999698289,False,
3991,0.0,0,0.0,5456.769112304657,optimal,0.05108460001065396,False,
3992,0.0,0,0.0,5456.769112304657,optimal,0.050888699988718145,False,
3993,0.0,0,0.0,5456.769112304657,optimal,0.052252299996325746,False,
3994,0.0,0,0.0,5456.769112304657,optimal,0.04447589999472257,False,
3995,0.0,0,0.0,5456.769112304657,optimal,0.03892259999702219,False,
3996,0.0,0,0.0,5456.769112304657,optimal,0.0404658999905223,False,
3997,0.0,0,0.0,5456.769112304657,optimal,0.048661699998774566,False,
3998,0.0,0,0.0,5456.769112304657,optimal,0.04255420000117738,False,
3999,0.0,0,0.0,5456.769112304657,optimal,0.04161849999218248,False,
4000,0.0,0,0.0,5456.769112304657,optimal,0.047565500004566275,False,
4001,0.0,0,0.0,5456.769112304657,optimal,0.041270899993833154,False,
4002,0.0,0,0.0,5456.769112304657,optimal,0.05435599999327678,False,
4003,0.0,0,0.0,5456.769112304657,optimal,0.0409881000086898,False,
4004,0.0,0,0.0,5456.769112304657,optimal,0.04625500000838656,False,
4005,0.0,0,0.0,5456.769112304657,optimal,0.03952600000775419,False,
4006,0.0,0,0.0,5456.769112304657,optimal,0.051221200003055856,False,
4007,0.0,0,0.0,5456.769112304657,optimal,0.05360330000985414,False,
4008,0.0,0,0.0,5456.769112304657,optimal,0.05421570000180509,False,
4009,0.0,0,0.0,5456.769112304657,optimal,0.04558730000280775,False,
4010,0.0,0,0.0,5456.769112304657,optimal,0.06572919999598525,False,
4011,0.0,0,0.0,5456.769112304657,optimal,0.10316830000374466,False,
4012,0.0,0,0.0,5456.769112304657,optimal,0.07724769999913406,False,
4013,0.0,0,0.0,5456.769112304657,optimal,0.1448825000115903,False,
4014,0.0,0,0.0,5456.769112304657,optimal,0.06103830000211019,False,
4015,0.0,0,0.0,5456.769112304657,optimal,0.11060590000124648,False,
4016,0.0,0,0.0,5456.769112304657,optimal,0.061714900002698414,False,
4017,0.0,0,0.0,5456.769112304657,optimal,1.3683125999959884,False,
4018,0.0,0,0.0,5456.769112304657,optimal,1.3459194000024581,False,
4019,0.0,0,0.0,5456.769112304657,optimal,1.3177736000070581,False,
4020,0.0,0,0.0,5456.769112304657,optimal,1.1853711000003386,False,
4021,0.0,0,0.0,5456.769112304657,optimal,1.0684307999908924,False,
4022,0.0,0,0.0,5456.769112304657,optimal,0.9141682999907061,False,
4023,0.0,0,0.0,5456.769112304657,optimal,0.8227703999873484,False,
4024,0.0,0,0.0,5456.769112304657,optimal,0.6963471000053687,False,
4025,0.0,0,0.0,5456.769112304657,optimal,0.4096706999989692,False,
4026,0.0,0,0.0,5456.769112304657,optimal,0.3210045000014361,False,
4027,0.0,0,0.0,5456.769112304657,optimal,0.23598659998970106,False,
4028,0.0,0,0.0,5456.769112304657,optimal,0.1681310999993002,False,
4029,0.0,0,0.0,5456.769112304657,optimal,0.09016669999982696,False,
4030,0.0,0,0.0,5456.769112304657,optimal,0.03934030000527855,False,
4031,0.0,0,0.0,5456.769112304657,optimal,0.14512159999867436,False,
4032,0.0,0,0.0,5456.769112304657,optimal,0.03988280000339728,False,
4033,0.0,0,0.0,5456.769112304657,optimal,0.13608519999252167,False,
4034,0.0,0,0.0,5456.769112304657,optimal,0.04504899999301415,False,
4035,0.0,0,0.0,5456.769112304657,optimal,0.03866629999538418,False,
4036,0.0,0,0.0,5456.769112304657,optimal,0.049978399998508394,False,
4037,0.0,0,0.0,5456.769112304657,optimal,0.05104459999711253,False,
4038,0.0,0,0.0,5456.769112304657,optimal,0.05270919999748003,False,
4039,0.0,0,0.0,5456.769112304657,optimal,0.043621400007396005,False,
4040,0.0,0,0.0,5456.769112304657,optimal,0.05452859999786597,False,
4041,0.0,0,0.0,5456.769112304657,optimal,0.045518800005083904,False,
4042,0.0,0,0.0,5456.769112304657,optimal,0.04406159999780357,False,
4043,0.0,0,0.0,5456.769112304657,optimal,0.03585320001002401,False,
4044,0.0,0,0.0,5456.769112304657,optimal,0.0348490999895148,False,
4045,0.0,0,0.0,5456.769112304657,optimal,0.04396190000989009,False,
4046,0.0,0,0.0,5456.769112304657,optimal,0.13226420000137296,False,
4047,0.0,0,0.0,5456.769112304657,optimal,0.033454600008553825,False,
4048,0.0,0,0.0,5456.769112304657,optimal,0.046162300001014955,False,
4049,0.0,0,0.0,5456.769112304657,optimal,0.03716710000298917,False,
4050,0.0,0,0.0,5456.769112304657,optimal,0.03731900001002941,False,
4051,0.0,0,0.0,5456.769112304657,optimal,0.03730799999902956,False,
4052,0.0,0,0.0,5456.769112304657,optimal,0.038309099996695295,False,
4053,0.0,0,0.0,5456.769112304657,optimal,0.03500220000569243,False,
4054,0.0,0,0.0,5456.769112304657,optimal,0.12180169999192003,False,
4055,0.0,0,0.0,5456.769112304657,optimal,0.05643650000274647,False,
4056,0.0,0,0.0,5456.769112304657,optimal,0.047906899999361485,False,
4057,0.0,0,0.0,5456.769112304657,optimal,0.049438999994890764,False,
4058,0.0,0,0.0,5456.769112304657,optimal,0.04957920000015292,False,
4059,0.0,0,0.0,5456.769112304657,optimal,0.042182000004686415,False,
4060,0.0,0,0.0,5456.769112304657,optimal,0.0398332000040682,False,
4061,0.0,0,0.0,5456.769112304657,optimal,0.043969400008791126,False,
4062,0.0,0,0.0,5456.769112304657,optimal,0.048395000005257316,False,
4063,0.0,0,0.0,5456.769112304657,optimal,0.04336980001244228,False,
4064,0.0,0,0.0,5456.769112304657,optimal,0.13843419999466278,False,
4065,0.0,0,0.0,5456.769112304657,optimal,0.04133590000856202,False,
4066,0.0,0,0.0,5456.769112304657,optimal,0.04803869999886956,False,
4067,0.0,0,0.0,5456.769112304657,optimal,0.06001870000909548,False,
4068,0.0,0,0.0,5456.769112304657,optimal,0.03508190000138711,False,
4069,0.0,0,0.0,5456.769112304657,optimal,0.03785599999537226,False,
4070,0.0,0,0.0,5456.769112304657,optimal,0.047197100007906556,False,
4071,0.0,0,0.0,5456.769112304657,optimal,0.037803300001542084,False,
4072,0.0,0,0.0,5456.769112304657,optimal,0.04770470000221394,False,
4073,0.0,0,0.0,5456.769112304657,optimal,0.052126499998848885,False,
4074,0.0,0,0.0,5456.769112304657,optimal,0.06005510000977665,False,
4075,0.0,0,0.0,5456.769112304657,optimal,0.05235549999633804,False,
4076,0.0,0,0.0,5456.769112304657,optimal,0.061105000000679865,False,
4077,0.0,0,0.0,5456.769112304657,optimal,0.060981300004641525,False,
4078,0.0,0,0.0,5456.769112304657,optimal,0.06783960000029765,False,
4079,0.0,0,0.0,5456.769112304657,optimal,0.25222280000161845,False,
4080,0.0,0,0.0,5456.769112304657,optimal,0.057237900007748976,False,
4081,0.0,0,0.0,5456.769112304657,optimal,0.09561199999006931,False,
4082,0.0,0,0.0,5456.769112304657,optimal,0.07085530000040308,False,
4083,0.0,0,0.0,5456.769112304657,optimal,0.0551497999986168,False,
4084,0.0,0,0.0,5456.769112304657,optimal,0.1020839000120759,False,
4085,0.0,0,0.0,5456.769112304657,optimal,0.07928150000225287,False,
4086,0.0,0,0.0,5456.769112304657,optimal,0.07200479999301024,False,
4087,0.0,0,0.0,5456.769112304657,optimal,0.03800859999319073,False,
4088,0.0,0,0.0,5456.769112304657,optimal,0.052931900005205534,False,
4089,0.0,0,0.0,5456.769112304657,optimal,0.08138439999311231,False,
4090,0.0,0,0.0,5456.769112304657,optimal,0.06450880000193138,False,
4091,0.0,0,0.0,5456.769112304657,optimal,0.2792450999986613,False,
4092,0.0,0,0.0,5456.769112304657,optimal,0.04320220000226982,False,
4093,0.0,0,0.0,5456.769112304657,optimal,0.2580358000122942,False,
4094,0.0,0,0.0,5456.769112304657,optimal,0.10002559999702498,False,
4095,0.0,0,0.0,5456.769112304657,optimal,0.07454950000101235,False,
4096,0.0,0,0.0,5456.769112304657,optimal,0.04647659999318421,False,
4097,0.0,0,0.0,5456.769112304657,optimal,0.05390820000320673,False,
4098,0.0,0,0.0,5456.769112304657,optimal,0.057423900012508966,False,
4099,0.0,0,0.0,5456.769112304657,optimal,0.0501046999997925,False,
4100,0.0,0,0.0,5456.769112304657,optimal,0.13422849999915343,False,
4101,0.0,0,0.0,5456.769112304657,optimal,0.03881790000014007,False,
4102,0.0,0,0.0,5456.769112304657,optimal,0.04181270000117365,False,
4103,0.0,0,0.0,5456.769112304657,optimal,0.04650549999496434,False,
4104,0.0,0,0.0,5456.769112304657,optimal,0.04636049999680836,False,
4105,0.0,0,0.0,5456.769112304657,optimal,0.040573200007202104,False,
4106,0.0,0,0.0,5456.769112304657,optimal,0.1483215000043856,False,
4107,0.0,0,0.0,5456.769112304657,optimal,0.04472849999729078,False,
4108,0.0,0,0.0,5456.769112304657,optimal,0.1542557999928249,False,
4109,0.0,0,0.0,5456.769112304657,optimal,0.04400919999170583,False,
4110,0.0,0,0.0,5456.769112304657,optimal,0.0422277000034228,False,
4111,0.0,0,0.0,5456.769112304657,optimal,0.05547089999890886,False,
4112,0.0,0,0.0,5456.769112304657,optimal,0.15579730000172276,False,
4113,0.0,0,0.0,5456.769112304657,optimal,0.15244109999912325,False,
4114,0.0,0,0.0,5456.769112304657,optimal,0.06155799998668954,False,
4115,0.0,0,0.0,5456.769112304657,optimal,0.05106320000777487,False,
4116,0.0,0,0.0,5456.769112304657,optimal,0.05743249999068212,False,
4117,0.0,0,0.0,5456.769112304657,optimal,0.05229209999379236,False,
4118,0.0,0,0.0,5456.769112304657,optimal,0.03923320000467356,False,
4119,0.0,0,0.0,5456.769112304657,optimal,0.05406960000982508,False,
4120,0.0,0,0.0,5456.769112304657,optimal,0.13764739999896847,False,
4121,0.0,0,0.0,5456.769112304657,optimal,0.14478919999965,False,
4122,0.0,0,0.0,5456.769112304657,optimal,0.17711299999791663,False,
4123,0.0,0,0.0,5456.769112304657,optimal,0.16024230000039097,False,
4124,0.0,0,0.0,5456.769112304657,optimal,0.06293359999835957,False,
4125,0.0,0,0.0,5456.769112304657,optimal,0.04859690000012051,False,
4126,0.0,0,0.0,5456.769112304657,optimal,0.17794020001019817,False,
4127,0.0,0,0.0,5456.769112304657,optimal,0.13288650001049973,False,
4128,0.0,0,0.0,5456.769112304657,optimal,0.14624600000388455,False,
4129,0.0,0,0.0,5456.769112304657,optimal,0.04089640000893269,False,
4130,0.0,0,0.0,5456.769112304657,optimal,0.04576920000545215,False,
4131,0.0,0,0.0,5456.769112304657,optimal,0.048978100006934255,False,
4132,0.0,0,0.0,5456.769112304657,optimal,0.04315570001199376,False,
4133,0.0,0,0.0,5456.769112304657,optimal,0.054232099995715544,False,
4134,0.0,0,0.0,5456.769112304657,optimal,0.14128250000067055,False,
4135,0.0,0,0.0,5456.769112304657,optimal,0.04900739999720827,False,
4136,0.0,0,0.0,5456.769112304657,optimal,0.0395587999955751,False,
4137,0.0,0,0.0,5456.769112304657,optimal,0.047918900003423914,False,
4138,0.0,0,0.0,5456.769112304657,optimal,0.046815800000331365,False,
4139,0.0,0,0.0,5456.769112304657,optimal,0.050636699990718625,False,
4140,0.0,0,0.0,5456.769112304657,optimal,0.047657400005846284,False,
4141,0.0,0,0.0,5456.769112304657,optimal,0.04184259999601636,False,
4142,0.0,0,0.0,5456.769112304657,optimal,0.04546569999365602,False,
4143,0.0,0,0.0,5456.769112304657,optimal,0.04137720000289846,False,
4144,0.0,0,0.0,5456.769112304657,optimal,0.03510549999191426,False,
4145,0.0,0,0.0,5456.769112304657,optimal,0.04367149999598041,False,
4146,0.0,0,0.0,5456.769112304657,optimal,0.04665630000818055,False,
4147,0.0,0,0.0,5456.769112304657,optimal,0.05445250000047963,False,
4148,0.0,0,0.0,5456.769112304657,optimal,0.04114370000024792,False,
4149,0.0,0,0.0,5456.769112304657,optimal,0.042380400002002716,False,
4150,0.0,0,0.0,5456.769112304657,optimal,0.04057150000880938,False,
4151,0.0,0,0.0,5456.769112304657,optimal,0.03328990000591148,False,
4152,0.0,0,0.0,5456.769112304657,optimal,0.049930099994526245,False,
4153,0.0,0,0.0,5456.769112304657,optimal,0.035728299990296364,False,
4154,0.0,0,0.0,5456.769112304657,optimal,0.038767700010794215,False,
4155,0.0,0,0.0,5456.769112304657,optimal,0.0519481000083033,False,
4156,0.0,0,0.0,5456.769112304657,optimal,0.059815300002810545,False,
4157,0.0,0,0.0,5456.769112304657,optimal,0.04455439999583177,False,
4158,0.0,0,0.0,5456.769112304657,optimal,0.03979589999653399,False,
4159,0.0,0,0.0,5456.769112304657,optimal,0.03979189999517985,False,
4160,0.0,0,0.0,5456.769112304657,optimal,0.04909600000246428,False,
4161,0.0,0,0.0,5456.769112304657,optimal,0.04082890000427142,False,
4162,0.0,0,0.0,5456.769112304657,optimal,0.04950309998821467,False,
4163,0.0,0,0.0,5456.769112304657,optimal,0.03791780000028666,False,
4164,0.0,0,0.0,5456.769112304657,optimal,0.05290370000875555,False,
4165,0.0,0,0.0,5456.769112304657,optimal,0.03989759999967646,False,
4166,0.0,0,0.0,5456.769112304657,optimal,0.04495929999393411,False,
4167,0.0,0,0.0,5456.769112304657,optimal,0.05217169999377802,False,
4168,0.0,0,0.0,5456.769112304657,optimal,0.04799279999861028,False,
4169,0.0,0,0.0,5456.769112304657,optimal,0.0530031000089366,False,
4170,0.0,0,0.0,5456.769112304657,optimal,0.04280260000086855,False,
4171,0.0,0,0.0,5456.769112304657,optimal,0.04828560000169091,False,
4172,0.0,0,0.0,5456.769112304657,optimal,0.04816489999939222,False,
4173,0.0,0,0.0,5456.769112304657,optimal,0.0496147999947425,False,
4174,0.0,0,0.0,5456.769112304657,optimal,0.04755599999043625,False,
4175,0.0,0,0.0,5456.769112304657,optimal,0.046046899995417334,False,
4176,0.0,0,0.0,5456.769112304657,optimal,0.05796429999463726,False,
4177,0.0,0,0.0,5456.769112304657,optimal,0.0457095999881858,False,
4178,0.0,0,0.0,5456.769112304657,optimal,0.03644880000501871,False,
4179,0.0,0,0.0,5456.769112304657,optimal,0.04607150000811089,False,
4180,0.0,0,0.0,5456.769112304657,optimal,0.056584099991596304,False,
4181,0.0,0,0.0,5456.769112304657,optimal,0.05238700000336394,False,
4182,0.0,0,0.0,5456.769112304657,optimal,0.06415060001017991,False,
4183,0.0,0,0.0,5456.769112304657,optimal,0.05611900000076275,False,
4184,0.0,0,0.0,5456.769112304657,optimal,0.0525187999883201,False,
4185,0.0,0,0.0,5456.769112304657,optimal,0.06928950001019984,False,
4186,0.0,0,0.0,5456.769112304657,optimal,0.06858099999953993,False,
4187,0.0,0,0.0,5456.769112304657,optimal,0.06492639999487437,False,
4188,0.0,0,0.0,5456.769112304657,optimal,0.06786290000309236,False,
4189,0.0,0,0.0,5456.769112304657,optimal,0.07140309999522287,False,
4190,0.0,0,0.0,5456.769112304657,optimal,0.06908890001068357,False,
4191,0.0,0,0.0,5456.769112304657,optimal,0.06446329999016598,False,
4192,0.0,0,0.0,5456.769112304657,optimal,0.06787549999717157,False,
4193,0.0,0,0.0,5456.769112304657,optimal,0.06558700000459794,False,
4194,0.0,0,0.0,5456.769112304657,optimal,0.06357719999505207,False,
4195,0.0,0,0.0,5456.769112304657,optimal,0.061295999999856576,False,
4196,0.0,0,0.0,5456.769112304657,optimal,0.06869970000116155,False,
4197,0.0,0,0.0,5456.769112304657,optimal,0.07056370000645984,False,
4198,0.0,0,0.0,5456.769112304657,optimal,0.06952289999753702,False,
4199,0.0,0,0.0,5456.769112304657,optimal,0.06841649999842048,False,
4200,0.0,0,0.0,5456.769112304657,optimal,0.06661140000505839,False,
4201,0.0,0,0.0,5456.769112304657,optimal,0.06905179999012034,False,
4202,0.0,0,0.0,5456.769112304657,optimal,0.07046540000010282,False,
4203,0.0,0,0.0,5456.769112304657,optimal,0.06016609999642242,False,
4204,0.0,0,0.0,5456.769112304657,optimal,0.06836570000450592,False,
4205,0.0,0,0.0,5456.769112304657,optimal,0.07198949999292381,False,
4206,0.0,0,0.0,5456.769112304657,optimal,0.07348500000080094,False,
4207,0.0,0,0.0,5456.769112304657,optimal,0.06273250000958797,False,
4208,0.0,0,0.0,5456.769112304657,optimal,0.06306479999329895,False,
4209,0.0,0,0.0,5456.769112304657,optimal,0.06017880000581499,False,
4210,0.0,0,0.0,5456.769112304657,optimal,0.06702329999825452,False,
4211,0.0,0,0.0,5456.769112304657,optimal,0.06579690000216942,False,
4212,0.0,0,0.0,5456.769112304657,optimal,0.06735490000573918,False,
4213,0.0,0,0.0,5456.769112304657,optimal,0.06710169999860227,False,
4214,0.0,0,0.0,5456.769112304657,optimal,0.06443610000133049,False,
4215,0.0,0,0.0,5456.769112304657,optimal,0.06314929999643937,False,
4216,0.0,0,0.0,5456.769112304657,optimal,0.06542330000957008,False,
4217,0.0,0,0.0,5456.769112304657,optimal,0.06671679999271873,False,
4218,0.0,0,0.0,5456.769112304657,optimal,0.0638321000005817,False,
4219,0.0,0,0.0,5456.769112304657,optimal,0.0659993999870494,False,
4220,0.0,0,0.0,5456.769112304657,optimal,0.060688300000038,False,
4221,0.0,0,0.0,5456.769112304657,optimal,0.06984389999706764,False,
4222,0.0,0,0.0,5456.769112304657,optimal,0.12506809999467805,False,
4223,0.0,0,0.0,5456.769112304657,optimal,0.13388950000808109,False,
4224,0.0,0,0.0,5456.769112304657,optimal,0.09398999999393709,False,
4225,0.0,0,0.0,5456.769112304657,optimal,0.09948249999433756,False,
4226,0.0,0,0.0,5456.769112304657,optimal,0.08005839999532327,False,
4227,0.0,0,0.0,5456.769112304657,optimal,0.08981269999640062,False,
4228,0.0,0,0.0,5456.769112304657,optimal,0.08005480001156684,False,
4229,0.0,0,0.0,5456.769112304657,optimal,0.06645379999827128,False,
4230,0.0,0,0.0,5456.769112304657,optimal,0.06331349999527447,False,
4231,0.0,0,0.0,5456.769112304657,optimal,0.0649618999887025,False,
4232,0.0,0,0.0,5456.769112304657,optimal,0.06576889999269042,False,
4233,0.0,0,0.0,5456.769112304657,optimal,0.05992619998869486,False,
4234,0.0,0,0.0,5456.769112304657,optimal,0.056910799990873784,False,
4235,0.0,0,0.0,5456.769112304657,optimal,0.06065799998759758,False,
4236,0.0,0,0.0,5456.769112304657,optimal,0.05883339999127202,False,
4237,0.0,0,0.0,5456.769112304657,optimal,0.06361219999962486,False,
4238,0.0,0,0.0,5456.769112304657,optimal,0.05952429999888409,False,
4239,0.0,0,0.0,5456.769112304657,optimal,0.05973510000330862,False,
4240,0.0,0,0.0,5456.769112304657,optimal,0.05992010000045411,False,
4241,0.0,0,0.0,5456.769112304657,optimal,0.05913019999570679,False,
4242,0.0,0,0.0,5456.769112304657,optimal,0.0626029999984894,False,
4243,0.0,0,0.0,5456.769112304657,optimal,0.058757999999215826,False,
4244,0.0,0,0.0,5456.769112304657,optimal,0.06058320000011008,False,
4245,0.0,0,0.0,5456.769112304657,optimal,0.059828099998412654,False,
4246,0.0,0,0.0,5456.769112304657,optimal,0.061030199998640455,False,
4247,0.0,0,0.0,5456.769112304657,optimal,0.06596959999296814,False,
4248,0.0,0,0.0,5456.769112304657,optimal,0.06632889999309555,False,
4249,0.0,0,0.0,5456.769112304657,optimal,0.06778620000113733,False,
4250,0.0,0,0.0,5456.769112304657,optimal,0.0697982999990927,False,
4251,0.0,0,0.0,5456.769112304657,optimal,0.06734180000785273,False,
4252,0.0,0,0.0,5456.769112304657,optimal,0.06661399999575224,False,
4253,0.0,0,0.0,5456.769112304657,optimal,0.07064459999674,False,
4254,0.0,0,0.0,5456.769112304657,optimal,0.0685341999924276,False,
4255,0.0,0,0.0,5456.769112304657,optimal,0.06319300000905059,False,
4256,0.0,0,0.0,5456.769112304657,optimal,0.0681237999961013,False,
4257,0.0,0,0.0,5456.769112304657,optimal,0.0676858000078937,False,
4258,0.0,0,0.0,5456.769112304657,optimal,0.060842700011562556,False,
4259,0.0,0,0.0,5456.769112304657,optimal,0.24021479999646544,False,
4260,0.0,0,0.0,5456.769112304657,optimal,0.08420230000047013,False,
4261,0.0,0,0.0,5456.769112304657,optimal,0.0976090999902226,False,
4262,0.0,0,0.0,5456.769112304657,optimal,0.22862420001183636,False,
4263,0.0,0,0.0,5456.769112304657,optimal,0.09287210000911728,False,
4264,0.0,0,0.0,5456.769112304657,optimal,0.0768856000067899,False,
4265,0.0,0,0.0,5456.769112304657,optimal,0.06920389999868348,False,
4266,0.0,0,0.0,5456.769112304657,optimal,0.0638934999878984,False,
4267,0.0,0,0.0,5456.769112304657,optimal,0.06321500000194646,False,
4268,0.0,0,0.0,5456.769112304657,optimal,0.061008699994999915,False,
4269,0.0,0,0.0,5456.769112304657,optimal,0.062261600003694184,False,
4270,0.0,0,0.0,5456.769112304657,optimal,0.06757919999654405,False,
4271,0.0,0,0.0,5456.769112304657,optimal,0.07841529999859631,False,
4272,0.0,0,0.0,5456.769112304657,optimal,0.08024219999788329,False,
4273,0.0,0,0.0,5456.769112304657,optimal,0.07468759999028407,False,
4274,0.0,0,0.0,5456.769112304657,optimal,0.07452950000879355,False,
4275,0.0,0,0.0,5456.769112304657,optimal,0.07152699999278411,False,
4276,0.0,0,0.0,5456.769112304657,optimal,0.22191010000824463,False,
4277,0.0,0,0.0,5456.769112304657,optimal,0.07898150000255555,False,
4278,0.0,0,0.0,5456.769112304657,optimal,0.07322980000753887,False,
4279,0.0,0,0.0,5456.769112304657,optimal,0.06448519999685232,False,
4280,0.0,0,0.0,5456.769112304657,optimal,0.06627060000027996,False,
4281,0.0,0,0.0,5456.769112304657,optimal,0.06174369998916518,False,
4282,0.0,0,0.0,5456.769112304657,optimal,0.06254750001244247,False,
4283,0.0,0,0.0,5456.769112304657,optimal,0.06622940000670496,False,
4284,0.0,0,0.0,5456.769112304657,optimal,0.06307899999956135,False,
4285,0.0,0,0.0,5456.769112304657,optimal,0.19834800000535324,False,
4286,0.0,0,0.0,5456.769112304657,optimal,0.06238560000201687,False,
4287,0.0,0,0.0,5456.769112304657,optimal,0.07580509998661,False,
4288,0.0,0,0.0,5456.769112304657,optimal,0.0726452000089921,False,
4289,0.0,0,0.0,5456.769112304657,optimal,0.06176100000448059,False,
4290,0.0,0,0.0,5456.769112304657,optimal,0.06082810000225436,False,
4291,0.0,0,0.0,5456.769112304657,optimal,0.06459650000033434,False,
4292,0.0,0,0.0,5456.769112304657,optimal,0.07274960000358988,False,
4293,0.0,0,0.0,5456.769112304657,optimal,0.07404799999494571,False,
4294,0.0,0,0.0,5456.769112304657,optimal,0.23009250000177417,False,
4295,0.0,0,0.0,5456.769112304657,optimal,0.07114410000212956,False,
4296,0.0,0,0.0,5456.769112304657,optimal,0.07496800000080839,False,
4297,0.0,0,0.0,5456.769112304657,optimal,0.076265700001386,False,
4298,0.0,0,0.0,5456.769112304657,optimal,0.07034720000228845,False,
4299,0.0,0,0.0,5456.769112304657,optimal,0.07431939999514725,False,
4300,0.0,0,0.0,5456.769112304657,optimal,0.06873840000480413,False,
4301,0.0,0,0.0,5456.769112304657,optimal,0.07664469999144785,False,
4302,0.0,0,0.0,5456.769112304657,optimal,0.07083499999134801,False,
4303,0.0,0,0.0,5456.769112304657,optimal,0.0694074999919394,False,
4304,0.0,0,0.0,5456.769112304657,optimal,0.06773389999580104,False,
4305,0.0,0,0.0,5456.769112304657,optimal,0.06318700000701938,False,
4306,0.0,0,0.0,5456.769112304657,optimal,0.07943200001318473,False,
4307,0.0,0,0.0,5456.769112304657,optimal,0.08116380000137724,False,
4308,0.0,0,0.0,5456.769112304657,optimal,0.06833959999494255,False,
4309,0.0,0,0.0,5456.769112304657,optimal,0.0752041000087047,False,
4310,0.0,0,0.0,5456.769112304657,optimal,0.07758680000551976,False,
4311,0.0,0,0.0,5456.769112304657,optimal,0.23061020000022836,False,
4312,0.0,0,0.0,5456.769112304657,optimal,0.083354699992924,False,
4313,0.0,0,0.0,5456.769112304657,optimal,0.06411120000120718,False,
4314,0.0,0,0.0,5456.769112304657,optimal,0.07212759999674745,False,
4315,0.0,0,0.0,5456.769112304657,optimal,0.07657279999693856,False,
4316,0.0,0,0.0,5456.769112304657,optimal,0.11049099999945611,False,
4317,0.0,0,0.0,5456.769112304657,optimal,0.09885719999147113,False,
4318,0.0,0,0.0,5456.769112304657,optimal,0.08961890000500716,False,
4319,0.0,0,0.0,5456.769112304657,optimal,0.08939040001132526,False,
4320,0.0,0,0.0,5456.769112304657,optimal,0.06589440000243485,False,
4321,0.0,0,0.0,5456.769112304657,optimal,0.07355630000529345,False,
4322,0.0,0,0.0,5456.769112304657,optimal,0.06785459999809973,False,
4323,0.0,0,0.0,5456.769112304657,optimal,0.2089852999924915,False,
4324,0.0,0,0.0,5456.769112304657,optimal,0.06814370000211056,False,
4325,0.0,0,0.0,5456.769112304657,optimal,0.06644059999962337,False,
4326,0.0,0,0.0,5456.769112304657,optimal,0.0609627000085311,False,
4327,0.0,0,0.0,5456.769112304657,optimal,0.22342249999928754,False,
4328,0.0,0,0.0,5456.769112304657,optimal,0.06370640000386629,False,
4329,0.0,0,0.0,5456.769112304657,optimal,0.06794009999430273,False,
4330,0.0,0,0.0,5456.769112304657,optimal,0.06788410000444856,False,
4331,0.0,0,0.0,5456.769112304657,optimal,0.22332659999665339,False,
4332,0.0,0,0.0,5456.769112304657,optimal,0.0678539000073215,False,
4333,0.0,0,0.0,5456.769112304657,optimal,0.06314209999982268,False,
4334,0.0,0,0.0,5456.769112304657,optimal,0.06534210000245366,False,
4335,0.0,0,0.0,5456.769112304657,optimal,0.07840430000214837,False,
4336,0.0,0,0.0,5456.769112304657,optimal,0.19470939999155235,False,
4337,0.0,0,0.0,5456.769112304657,optimal,0.05715049999707844,False,
4338,0.0,0,0.0,5456.769112304657,optimal,0.06449160000192933,False,
4339,0.0,0,0.0,5456.769112304657,optimal,0.06643209999310784,False,
4340,0.0,0,0.0,5456.769112304657,optimal,0.22129400000267196,False,
4341,0.0,0,0.0,5456.769112304657,optimal,0.06268790000467561,False,
4342,0.0,0,0.0,5456.769112304657,optimal,0.05906539999705274,False,
4343,0.0,0,0.0,5456.769112304657,optimal,0.2296790999971563,False,
4344,0.0,0,0.0,5456.769112304657,optimal,0.06585439998889342,False,
4345,0.0,0,0.0,5456.769112304657,optimal,0.0684843000053661,False,
4346,0.0,0,0.0,5456.769112304657,optimal,0.19430339999962598,False,
4347,0.0,0,0.0,5456.769112304657,optimal,0.07137240000884049,False,
4348,0.0,0,0.0,5456.769112304657,optimal,0.06531510000058915,False,
4349,0.0,0,0.0,5456.769112304657,optimal,0.06859749999421183,False,
4350,0.0,0,0.0,5456.769112304657,optimal,0.18751019999035634,False,
4351,0.0,0,0.0,5456.769112304657,optimal,0.06408399999781977,False,
4352,0.0,0,0.0,5456.769112304657,optimal,0.16360400000121444,False,
4353,0.0,0,0.0,5456.769112304657,optimal,0.17757309999433346,False,
4354,0.0,0,0.0,5456.769112304657,optimal,0.05832890000601765,False,
4355,0.0,0,0.0,5456.769112304657,optimal,0.16914070000348147,False,
4356,0.0,0,0.0,5456.769112304657,optimal,0.05793439999979455,False,
4357,0.0,0,0.0,5456.769112304657,optimal,0.1680867999966722,False,
4358,0.0,0,0.0,5456.769112304657,optimal,0.1669841999973869,False,
4359,0.0,0,0.0,5456.769112304657,optimal,0.06184470000152942,False,
4360,0.0,0,0.0,5456.769112304657,optimal,0.060011499997926876,False,
4361,0.0,0,0.0,5456.769112304657,optimal,0.06061570000019856,False,
4362,0.0,0,0.0,5456.769112304657,optimal,0.18930460000410676,False,
4363,0.0,0,0.0,5456.769112304657,optimal,0.18353619999834336,False,
4364,0.0,0,0.0,5456.769112304657,optimal,0.05805320000217762,False,
4365,0.0,0,0.0,5456.769112304657,optimal,0.05956249999871943,False,
4366,0.0,0,0.0,5456.769112304657,optimal,0.06335300000500865,False,
4367,0.0,0,0.0,5456.769112304657,optimal,0.06194800000230316,False,
4368,0.0,0,0.0,5456.769112304657,optimal,0.06034089998865966,False,
4369,0.0,0,0.0,5456.769112304657,optimal,0.08186360000399873,False,
4370,0.0,0,0.0,5456.769112304657,optimal,0.07222609999007545,False,
4371,0.0,0,0.0,5456.769112304657,optimal,0.06937769999785814,False,
4372,0.0,0,0.0,5456.769112304657,optimal,0.06285879999632016,False,
4373,0.0,0,0.0,5456.769112304657,optimal,0.059956599987344816,False,
4374,0.0,0,0.0,5456.769112304657,optimal,0.06429510000452865,False,
4375,0.0,0,0.0,5456.769112304657,optimal,0.07639800000470132,False,
4376,0.0,0,0.0,5456.769112304657,optimal,0.06647700000030454,False,
4377,0.0,0,0.0,5456.769112304657,optimal,0.06002669999725185,False,
4378,0.0,0,0.0,5456.769112304657,optimal,0.06348269998852629,False,
4379,0.0,0,0.0,5456.769112304657,optimal,0.06580100000428502,False,
4380,0.0,0,0.0,5456.769112304657,optimal,0.06312230000912677,False,
4381,0.0,0,0.0,5456.769112304657,optimal,0.06401900001219474,False,
4382,0.0,0,0.0,5456.769112304657,optimal,0.06712320000224281,False,
4383,0.0,0,0.0,5456.769112304657,optimal,0.057317900005728006,False,
4384,0.0,0,0.0,5456.769112304657,optimal,0.07715379999717698,False,
4385,0.0,0,0.0,5456.769112304657,optimal,0.07990910000808071,False,
4386,0.0,0,0.0,5456.769112304657,optimal,0.065414900003816,False,
4387,0.0,0,0.0,5456.769112304657,optimal,0.07327300000179093,False,
4388,0.0,0,0.0,5456.769112304657,optimal,0.0766418999992311,False,
4389,0.0,0,0.0,5456.769112304657,optimal,0.07229630000074394,False,
4390,0.0,0,0.0,5456.769112304657,optimal,0.05954539999947883,False,
4391,0.0,0,0.0,5456.769112304657,optimal,0.07414599999901839,False,
4392,0.0,0,0.0,5456.769112304657,optimal,0.07386309999856167,False,
4393,0.0,0,0.0,5456.769112304657,optimal,0.061325799993937835,False,
4394,0.0,0,0.0,5456.769112304657,optimal,0.0653695999935735,False,
4395,0.0,0,0.0,5456.769112304657,optimal,0.08057779999217018,False,
4396,0.0,0,0.0,5456.769112304657,optimal,0.07307919999584556,False,
4397,0.0,0,0.0,5456.769112304657,optimal,0.06921109999530017,False,
4398,0.0,0,0.0,5456.769112304657,optimal,0.06949170000734739,False,
4399,0.0,0,0.0,5456.769112304657,optimal,0.07061640000029001,False,
4400,0.0,0,0.0,5456.769112304657,optimal,0.07047259999671951,False,
4401,0.0,0,0.0,5456.769112304657,optimal,0.07100849998823833,False,
4402,0.0,0,0.0,5456.769112304657,optimal,0.08904520000214688,False,
4403,0.0,0,0.0,5456.769112304657,optimal,0.07027099998958874,False,
4404,0.0,0,0.0,5456.769112304657,optimal,0.07106560000102036,False,
4405,0.0,0,0.0,5456.769112304657,optimal,0.06576610000047367,False,
4406,0.0,0,0.0,5456.769112304657,optimal,0.07562329999927897,False,
4407,0.0,0,0.0,5456.769112304657,optimal,0.06741679999686312,False,
4408,0.0,0,0.0,5456.769112304657,optimal,0.0669600000110222,False,
4409,0.0,0,0.0,5456.769112304657,optimal,0.07577790001232643,False,
4410,0.0,0,0.0,5456.769112304657,optimal,0.06772809999529272,False,
4411,0.0,0,0.0,5456.769112304657,optimal,0.06203549999918323,False,
4412,0.0,0,0.0,5456.769112304657,optimal,0.07123469999351073,False,
4413,0.0,0,0.0,5456.769112304657,optimal,0.09230449999449775,False,
4414,0.0,0,0.0,5456.769112304657,optimal,0.09440549999999348,False,
4415,0.0,0,0.0,5456.769112304657,optimal,0.07595639998908155,False,
4416,0.0,0,0.0,5456.769112304657,optimal,0.06779899999673944,False,
4417,0.0,0,0.0,5456.769112304657,optimal,0.067492799993488,False,
4418,0.0,0,0.0,5456.769112304657,optimal,0.058735800004797056,False,
4419,0.0,0,0.0,5456.769112304657,optimal,0.08284770000318531,False,
4420,0.0,0,0.0,5456.769112304657,optimal,0.07173199999670032,False,
4421,0.0,0,0.0,5456.769112304657,optimal,0.09396270000434015,False,
4422,0.0,0,0.0,5456.769112304657,optimal,0.07520459999796003,False,
4423,0.0,0,0.0,5456.769112304657,optimal,0.060877500000060536,False,
4424,0.0,0,0.0,5456.769112304657,optimal,0.07327639999857638,False,
4425,0.0,0,0.0,5456.769112304657,optimal,0.06498670000291895,False,
4426,0.0,0,0.0,5456.769112304657,optimal,0.07790810000733472,False,
4427,0.0,0,0.0,5456.769112304657,optimal,0.07005400001071393,False,
4428,0.0,0,0.0,5456.769112304657,optimal,0.0647878000017954,False,
4429,0.0,0,0.0,5456.769112304657,optimal,0.06812239999999292,False,
4430,0.0,0,0.0,5456.769112304657,optimal,0.0693549000134226,False,
4431,0.0,0,0.0,5456.769112304657,optimal,0.07167930000287015,False,
4432,0.0,0,0.0,5456.769112304657,optimal,0.07041929999832064,False,
4433,0.0,0,0.0,5456.769112304657,optimal,0.05894390000321437,False,
4434,0.0,0,0.0,5456.769112304657,optimal,0.06395460000203457,False,
4435,0.0,0,0.0,5456.769112304657,optimal,0.08065879999776371,False,
4436,0.0,0,0.0,5456.769112304657,optimal,0.07891840000229422,False,
4437,0.0,0,0.0,5456.769112304657,optimal,0.08134540000173729,False,
4438,0.0,0,0.0,5456.769112304657,optimal,0.08099509999738075,False,
4439,0.0,0,0.0,5456.769112304657,optimal,0.07737910001014825,False,
4440,0.0,0,0.0,5456.769112304657,optimal,0.08336659999622498,False,
4441,0.0,0,0.0,5456.769112304657,optimal,0.08025359999737702,False,
4442,0.0,0,0.0,5456.769112304657,optimal,0.07055789999139961,False,
4443,0.0,0,0.0,5456.769112304657,optimal,0.06239629999618046,False,
4444,0.0,0,0.0,5456.769112304657,optimal,0.0705216000060318,False,
4445,0.0,0,0.0,5456.769112304657,optimal,0.07179960000212304,False,
4446,0.0,0,0.0,5456.769112304657,optimal,0.07574120000936091,False,
4447,0.0,0,0.0,5456.769112304657,optimal,0.0717642999952659,False,
4448,0.0,0,0.0,5456.769112304657,optimal,0.06301840000378434,False,
4449,0.0,0,0.0,5456.769112304657,optimal,0.0877972000016598,False,
4450,0.0,0,0.0,5456.769112304657,optimal,0.09816360000695568,False,
4451,0.0,0,0.0,5456.769112304657,optimal,0.08376830001361668,False,
4452,0.0,0,0.0,5456.769112304657,optimal,0.06545920000644401,False,
4453,0.0,0,0.0,5456.769112304657,optimal,0.060861099991598167,False,
4454,0.0,0,0.0,5456.769112304657,optimal,0.06995620000816416,False,
4455,0.0,0,0.0,5456.769112304657,optimal,0.07779180000943597,False,
4456,0.0,0,0.0,5456.769112304657,optimal,0.07325650000711903,False,
4457,0.0,0,0.0,5456.769112304657,optimal,0.07864490000065416,False,
4458,0.0,0,0.0,5456.769112304657,optimal,0.08116659999359399,False,
4459,0.0,0,0.0,5456.769112304657,optimal,0.07537299999967217,False,
4460,0.0,0,0.0,5456.769112304657,optimal,0.06312210000760388,False,
4461,0.0,0,0.0,5456.769112304657,optimal,0.0701002999994671,False,
4462,0.0,0,0.0,5456.769112304657,optimal,0.07460929999069776,False,
4463,0.0,0,0.0,5456.769112304657,optimal,0.08222109999042004,False,
4464,0.0,0,0.0,5456.769112304657,optimal,0.07903839999926277,False,
4465,0.0,0,0.0,5456.769112304657,optimal,0.06624509999528527,False,
4466,0.0,0,0.0,5456.769112304657,optimal,0.07776499999454245,False,
4467,0.0,0,0.0,5456.769112304657,optimal,0.06721770000876859,False,
4468,0.0,0,0.0,5456.769112304657,optimal,0.06445720000192523,False,
4469,0.0,0,0.0,5456.769112304657,optimal,0.07912840000062715,False,
4470,0.0,0,0.0,5456.769112304657,optimal,0.08802509999077301,False,
4471,0.0,0,0.0,5456.769112304657,optimal,0.08307209999475162,False,
4472,0.0,0,0.0,5456.769112304657,optimal,0.07458830000541639,False,
4473,0.0,0,0.0,5456.769112304657,optimal,0.06818400000338443,False,
4474,0.0,0,0.0,5456.769112304657,optimal,0.06988900000578724,False,
4475,0.0,0,0.0,5456.769112304657,optimal,0.07198110000172164,False,
4476,0.0,0,0.0,5456.769112304657,optimal,0.08455569999932777,False,
4477,0.0,0,0.0,5456.769112304657,optimal,0.06773080000129994,False,
4478,0.0,0,0.0,5456.769112304657,optimal,0.05809999999473803,False,
4479,0.0,0,0.0,5456.769112304657,optimal,0.05860140000004321,False,
4480,0.0,0,0.0,5456.769112304657,optimal,0.07183650000661146,False,
4481,0.0,0,0.0,5456.769112304657,optimal,0.08377090000431053,False,
4482,0.0,0,0.0,5456.769112304657,optimal,0.08390739999595098,False,
4483,0.0,0,0.0,5456.769112304657,optimal,0.07943779999914113,False,
4484,0.0,0,0.0,5456.769112304657,optimal,0.08756169999833219,False,
4485,0.0,0,0.0,5456.769112304657,optimal,0.07333719999587629,False,
4486,0.0,0,0.0,5456.769112304657,optimal,0.0751530000125058,False,
4487,0.0,0,0.0,5456.769112304657,optimal,0.0695999000017764,False,
4488,0.0,0,0.0,5456.769112304657,optimal,0.06071800000790972,False,
4489,0.0,0,0.0,5456.769112304657,optimal,0.21236359998874832,False,
4490,0.0,0,0.0,5456.769112304657,optimal,0.07755450000695419,False,
4491,0.0,0,0.0,5456.769112304657,optimal,0.06762479999451898,False,
4492,0.0,0,0.0,5456.769112304657,optimal,0.06937909999396652,False,
4493,0.0,0,0.0,5456.769112304657,optimal,0.08848389999184292,False,
4494,0.0,0,0.0,5456.769112304657,optimal,0.2108217000059085,False,
4495,0.0,0,0.0,5456.769112304657,optimal,0.07263730000704527,False,
4496,0.0,0,0.0,5456.769112304657,optimal,0.06792260000656825,False,
4497,0.0,0,0.0,5456.769112304657,optimal,0.06298489999608137,False,
4498,0.0,0,0.0,5456.769112304657,optimal,0.0687447000091197,False,
4499,0.0,0,0.0,5456.769112304657,optimal,0.06403169999248348,False,
4500,0.0,0,0.0,5456.769112304657,optimal,0.06307450000895187,False,
4501,0.0,0,0.0,5456.769112304657,optimal,0.07587240000430029,False,
4502,0.0,0,0.0,5456.769112304657,optimal,0.06765339999401476,False,
4503,0.0,0,0.0,5456.769112304657,optimal,0.07431689999066293,False,
4504,0.0,0,0.0,5456.769112304657,optimal,0.0787817999953404,False,
4505,0.0,0,0.0,5456.769112304657,optimal,0.08550679999461863,False,
4506,0.0,0,0.0,5456.769112304657,optimal,0.08185129999765195,False,
4507,0.0,0,0.0,5456.769112304657,optimal,0.23286749998806044,False,
4508,0.0,0,0.0,5456.769112304657,optimal,0.06885869998950511,False,
4509,0.0,0,0.0,5456.769112304657,optimal,0.06366149999666959,False,
4510,0.0,0,0.0,5456.769112304657,optimal,0.06884859999991022,False,
4511,0.0,0,0.0,5456.769112304657,optimal,0.06167749999440275,False,
4512,0.0,0,0.0,5456.769112304657,optimal,0.07346279999183025,False,
4513,0.0,0,0.0,5456.769112304657,optimal,0.08118259999901056,False,
4514,0.0,0,0.0,5456.769112304657,optimal,0.07029489999695215,False,
4515,0.0,0,0.0,5456.769112304657,optimal,0.1975660999887623,False,
4516,0.0,0,0.0,5456.769112304657,optimal,0.06838779999816325,False,
4517,0.0,0,0.0,5456.769112304657,optimal,0.0783372000005329,False,
4518,0.0,0,0.0,5456.769112304657,optimal,0.06202169999596663,False,
4519,0.0,0,0.0,5456.769112304657,optimal,0.0637191999994684,False,
4520,0.0,0,0.0,5456.769112304657,optimal,0.07161500000802334,False,
4521,0.0,0,0.0,5456.769112304657,optimal,0.07524760000524111,False,
4522,0.0,0,0.0,5456.769112304657,optimal,0.07252809999044985,False,
4523,0.0,0,0.0,5456.769112304657,optimal,0.05613269998866599,False,
4524,0.0,0,0.0,5456.769112304657,optimal,0.07194219999655616,False,
4525,0.0,0,0.0,5456.769112304657,optimal,0.18867049999244045,False,
4526,0.0,0,0.0,5456.769112304657,optimal,0.061760199998389,False,
4527,0.0,0,0.0,5456.769112304657,optimal,0.05352219998894725,False,
4528,0.0,0,0.0,5456.769112304657,optimal,0.06095719999575522,False,
4529,0.0,0,0.0,5456.769112304657,optimal,0.06163399999786634,False,
4530,0.0,0,0.0,5456.769112304657,optimal,0.06246099999407306,False,
4531,0.0,0,0.0,5456.769112304657,optimal,0.06409030000213534,False,
4532,0.0,0,0.0,5456.769112304657,optimal,0.05999639999936335,False,
4533,0.0,0,0.0,5456.769112304657,optimal,0.06797129999904428,False,
4534,0.0,0,0.0,5456.769112304657,optimal,0.06981169999926351,False,
4535,0.0,0,0.0,5456.769112304657,optimal,0.06553139998868573,False,
4536,0.0,0,0.0,5456.769112304657,optimal,0.061659300001338124,False,
4537,0.0,0,0.0,5456.769112304657,optimal,0.058683600000222214,False,
4538,0.0,0,0.0,5456.769112304657,optimal,0.05838630000653211,False,
4539,0.0,0,0.0,5456.769112304657,optimal,0.06561809999402612,False,
4540,0.0,0,0.0,5456.769112304657,optimal,0.0705086000089068,False,
4541,0.0,0,0.0,5456.769112304657,optimal,0.21383069999865256,False,
4542,0.0,0,0.0,5456.769112304657,optimal,0.0735080000013113,False,
4543,0.0,0,0.0,5456.769112304657,optimal,0.07393880000745412,False,
4544,0.0,0,0.0,5456.769112304657,optimal,0.08419430001231376,False,
4545,0.0,0,0.0,5456.769112304657,optimal,0.08863810000184458,False,
4546,0.0,0,0.0,5456.769112304657,optimal,0.08123849998810329,False,
4547,0.0,0,0.0,5456.769112304657,optimal,0.07791059999726713,False,
4548,0.0,0,0.0,5456.769112304657,optimal,0.08521810000820551,False,
4549,0.0,0,0.0,5456.769112304657,optimal,0.07484570000087842,False,
4550,0.0,0,0.0,5456.769112304657,optimal,0.08869020000565797,False,
4551,0.0,0,0.0,5456.769112304657,optimal,0.2020394999999553,False,
4552,0.0,0,0.0,5456.769112304657,optimal,0.09018560001277365,False,
4553,0.0,0,0.0,5456.769112304657,optimal,0.08989289999590255,False,
4554,0.0,0,0.0,5456.769112304657,optimal,0.08310810000693891,False,
4555,0.0,0,0.0,5456.769112304657,optimal,0.06554159999359399,False,
4556,0.0,0,0.0,5456.769112304657,optimal,0.06747850000101607,False,
4557,0.0,0,0.0,5456.769112304657,optimal,0.07790099999692757,False,
4558,0.0,0,0.0,5456.769112304657,optimal,0.22925089999625925,False,
4559,0.0,0,0.0,5456.769112304657,optimal,0.0813209000043571,False,
4560,0.0,0,0.0,5456.769112304657,optimal,0.074517899993225,False,
4561,0.0,0,0.0,5456.769112304657,optimal,0.07352669999818318,False,
4562,0.0,0,0.0,5456.769112304657,optimal,0.0739876000006916,False,
4563,0.0,0,0.0,5456.769112304657,optimal,0.21491019999666605,False,
4564,0.0,0,0.0,5456.769112304657,optimal,0.06572670000605285,False,
4565,0.0,0,0.0,5456.769112304657,optimal,0.06761690000712406,False,
4566,0.0,0,0.0,5456.769112304657,optimal,0.07909330000984482,False,
4567,0.0,0,0.0,5456.769112304657,optimal,0.20060860000376124,False,
4568,0.0,0,0.0,5456.769112304657,optimal,0.0730557999922894,False,
4569,0.0,0,0.0,5456.769112304657,optimal,0.060079799994127825,False,
4570,0.0,0,0.0,5456.769112304657,optimal,0.2158458000048995,False,
4571,0.0,0,0.0,5456.769112304657,optimal,0.07038240000838414,False,
4572,0.0,0,0.0,5456.769112304657,optimal,0.06644450000021607,False,
4573,0.0,0,0.0,5456.769112304657,optimal,0.0645341999916127,False,
4574,0.0,0,0.0,5456.769112304657,optimal,0.061944400003994815,False,
4575,0.0,0,0.0,5456.769112304657,optimal,0.2006505999888759,False,
4576,0.0,0,0.0,5456.769112304657,optimal,0.06743100000312552,False,
4577,0.0,0,0.0,5456.769112304657,optimal,0.07129649999842513,False,
4578,0.0,0,0.0,5456.769112304657,optimal,0.20139889999700245,False,
4579,0.0,0,0.0,5456.769112304657,optimal,0.06545969999569934,False,
4580,0.0,0,0.0,5456.769112304657,optimal,0.18270550000306685,False,
4581,0.0,0,0.0,5456.769112304657,optimal,0.0630405999982031,False,
4582,0.0,0,0.0,5456.769112304657,optimal,0.21201829999336042,False,
4583,0.0,0,0.0,5456.769112304657,optimal,0.0631541000038851,False,
4584,0.0,0,0.0,5456.769112304657,optimal,0.17353270000603516,False,
4585,0.0,0,0.0,5456.769112304657,optimal,0.06518990000768099,False,
4586,0.0,0,0.0,5456.769112304657,optimal,0.19496860000072047,False,
4587,0.0,0,0.0,5456.769112304657,optimal,0.07058859999233391,False,
4588,0.0,0,0.0,5456.769112304657,optimal,0.1870844999939436,False,
4589,0.0,0,0.0,5456.769112304657,optimal,0.1995669000025373,False,
4590,0.0,0,0.0,5456.769112304657,optimal,0.0677402000001166,False,
4591,0.0,0,0.0,5456.769112304657,optimal,0.06155959999887273,False,
4592,0.0,0,0.0,5456.769112304657,optimal,0.19595039999694563,False,
4593,0.0,0,0.0,5456.769112304657,optimal,0.07079909999447409,False,
4594,0.0,0,0.0,5456.769112304657,optimal,0.06445109999913257,False,
4595,0.0,0,0.0,5456.769112304657,optimal,0.05759470000339206,False,
4596,0.0,0,0.0,5456.769112304657,optimal,0.06071279999741819,False,
4597,0.0,0,0.0,5456.769112304657,optimal,0.18710130000545178,False,
4598,0.0,0,0.0,5456.769112304657,optimal,0.07369409999228083,False,
4599,0.0,0,0.0,5456.769112304657,optimal,0.06560860000899993,False,
4600,0.0,0,0.0,5456.769112304657,optimal,0.07054080000671092,False,
4601,0.0,0,0.0,5456.769112304657,optimal,0.06603269999322947,False,
4602,0.0,0,0.0,5456.769112304657,optimal,0.08174749999307096,False,
4603,0.0,0,0.0,5456.769112304657,optimal,0.07699549999961164,False,
4604,0.0,0,0.0,5456.769112304657,optimal,0.06978130000061356,False,
4605,0.0,0,0.0,5456.769112304657,optimal,0.06911690000561066,False,
4606,0.0,0,0.0,5456.769112304657,optimal,0.06363960000453517,False,
4607,0.0,0,0.0,5456.769112304657,optimal,0.06053010000323411,False,
4608,0.0,0,0.0,5456.769112304657,optimal,0.06777330000477377,False,
4609,0.0,0,0.0,5456.769112304657,optimal,0.07154930000251625,False,
4610,0.0,0,0.0,5456.769112304657,optimal,0.07177819999924395,False,
4611,0.0,0,0.0,5456.769112304657,optimal,0.07639230000495445,False,
4612,0.0,0,0.0,5456.769112304657,optimal,0.0775638000050094,False,
4613,0.0,0,0.0,5456.769112304657,optimal,0.06957239999610465,False,
4614,0.0,0,0.0,5456.769112304657,optimal,0.06384849999449216,False,
4615,0.0,0,0.0,5456.769112304657,optimal,0.0664379999943776,False,
4616,0.0,0,0.0,5456.769112304657,optimal,0.06319680000888184,False,
4617,0.0,0,0.0,5456.769112304657,optimal,0.05921110000053886,False,
4618,0.0,0,0.0,5456.769112304657,optimal,0.05967659999441821,False,
4619,0.0,0,0.0,5456.769112304657,optimal,0.06084320000081789,False,
4620,0.0,0,0.0,5456.769112304657,optimal,0.0607021000032546,False,
4621,0.0,0,0.0,5456.769112304657,optimal,0.06123479999951087,False,
4622,0.0,0,0.0,5456.769112304657,optimal,0.06580320000648499,False,
4623,0.0,0,0.0,5456.769112304657,optimal,0.07192719999875408,False,
4624,0.0,0,0.0,5456.769112304657,optimal,0.06377839999913704,False,
4625,0.0,0,0.0,5456.769112304657,optimal,0.06482499999401625,False,
4626,0.0,0,0.0,5456.769112304657,optimal,0.07092959999863524,False,
4627,0.0,0,0.0,5456.769112304657,optimal,0.06519870000192896,False,
4628,0.0,0,0.0,5456.769112304657,optimal,0.06446070001402404,False,
4629,0.0,0,0.0,5456.769112304657,optimal,0.06527999999525491,False,
4630,0.0,0,0.0,5456.769112304657,optimal,0.06432270001096185,False,
4631,0.0,0,0.0,5456.769112304657,optimal,0.05851570000231732,False,
4632,0.0,0,0.0,5456.769112304657,optimal,0.06533100000524428,False,
4633,0.0,0,0.0,5456.769112304657,optimal,0.0711011000094004,False,
4634,0.0,0,0.0,5456.769112304657,optimal,0.06164029998762999,False,
4635,0.0,0,0.0,5456.769112304657,optimal,0.08280559998820536,False,
4636,0.0,0,0.0,5456.769112304657,optimal,0.07297249999828637,False,
4637,0.0,0,0.0,5456.769112304657,optimal,0.06669849999889266,False,
4638,0.0,0,0.0,5456.769112304657,optimal,0.07155069999862462,False,
4639,0.0,0,0.0,5456.769112304657,optimal,0.06514959999185521,False,
4640,0.0,0,0.0,5456.769112304657,optimal,0.06666270000278018,False,
4641,0.0,0,0.0,5456.769112304657,optimal,0.0717960000038147,False,
4642,0.0,0,0.0,5456.769112304657,optimal,0.06934619999083225,False,
4643,0.0,0,0.0,5456.769112304657,optimal,0.06419360000290908,False,
4644,0.0,0,0.0,5456.769112304657,optimal,0.0693598999932874,False,
4645,0.0,0,0.0,5456.769112304657,optimal,0.0802242999925511,False,
4646,0.0,0,0.0,5456.769112304657,optimal,0.08020810000016354,False,
4647,0.0,0,0.0,5456.769112304657,optimal,0.0606819000095129,False,
4648,0.0,0,0.0,5456.769112304657,optimal,0.06418919999850914,False,
4649,0.0,0,0.0,5456.769112304657,optimal,0.06547400000272319,False,
4650,0.0,0,0.0,5456.769112304657,optimal,0.0661099999997532,False,
4651,0.0,0,0.0,5456.769112304657,optimal,0.062057800008915365,False,
4652,0.0,0,0.0,5456.769112304657,optimal,0.06267429998843,False,
4653,0.0,0,0.0,5456.769112304657,optimal,0.060713099999702536,False,
4654,0.0,0,0.0,5456.769112304657,optimal,0.06400440000288654,False,
4655,0.0,0,0.0,5456.769112304657,optimal,0.0659592000010889,False,
4656,0.0,0,0.0,5456.769112304657,optimal,0.06540890000178479,False,
4657,0.0,0,0.0,5456.769112304657,optimal,0.06664990000717808,False,
4658,0.0,0,0.0,5456.769112304657,optimal,0.06465369999932591,False,
4659,0.0,0,0.0,5456.769112304657,optimal,0.07512019999558106,False,
4660,0.0,0,0.0,5456.769112304657,optimal,0.0666851999994833,False,
4661,0.0,0,0.0,5456.769112304657,optimal,0.06310089999169577,False,
4662,0.0,0,0.0,5456.769112304657,optimal,0.06785790000867564,False,
4663,0.0,0,0.0,5456.769112304657,optimal,0.06576660000428092,False,
4664,0.0,0,0.0,5456.769112304657,optimal,0.07093830000667367,False,
4665,0.0,0,0.0,5456.769112304657,optimal,0.06597759999567643,False,
4666,0.0,0,0.0,5456.769112304657,optimal,0.059882599991397,False,
4667,0.0,0,0.0,5456.769112304657,optimal,0.07048880000365898,False,
4668,0.0,0,0.0,5456.769112304657,optimal,0.06817790000059176,False,
4669,0.0,0,0.0,5456.769112304657,optimal,0.06867999999667518,False,
4670,0.0,0,0.0,5456.769112304657,optimal,0.06800240000302438,False,
4671,0.0,0,0.0,5456.769112304657,optimal,0.05750080000143498,False,
4672,0.0,0,0.0,5456.769112304657,optimal,0.06629629999224562,False,
4673,0.0,0,0.0,5456.769112304657,optimal,0.07132889999775216,False,
4674,0.0,0,0.0,5456.769112304657,optimal,0.0632838999881642,False,
4675,0.0,0,0.0,5456.769112304657,optimal,0.07377359998645261,False,
4676,0.0,0,0.0,5456.769112304657,optimal,0.06271850000484847,False,
4677,0.0,0,0.0,5456.769112304657,optimal,0.06285050000587944,False,
4678,0.0,0,0.0,5456.769112304657,optimal,0.0658640000037849,False,
4679,0.0,0,0.0,5456.769112304657,optimal,0.07479079999029636,False,
4680,0.0,0,0.0,5456.769112304657,optimal,0.06780420000723097,False,
4681,0.0,0,0.0,5456.769112304657,optimal,0.060974899999564514,False,
4682,0.0,0,0.0,5456.769112304657,optimal,0.06437959999311715,False,
4683,0.0,0,0.0,5456.769112304657,optimal,0.07691689999774098,False,
4684,0.0,0,0.0,5456.769112304657,optimal,0.06445360000361688,False,
4685,0.0,0,0.0,5456.769112304657,optimal,0.0722912999917753,False,
4686,0.0,0,0.0,5456.769112304657,optimal,0.06827340000018012,False,
4687,0.0,0,0.0,5456.769112304657,optimal,0.07191239998792298,False,
4688,0.0,0,0.0,5456.769112304657,optimal,0.07411439999123104,False,
4689,0.0,0,0.0,5456.769112304657,optimal,0.07257150000077672,False,
4690,0.0,0,0.0,5456.769112304657,optimal,0.06893059999856632,False,
4691,0.0,0,0.0,5456.769112304657,optimal,0.06648130000394303,False,
4692,0.0,0,0.0,5456.769112304657,optimal,0.06981200000154786,False,
4693,0.0,0,0.0,5456.769112304657,optimal,0.06940409999515396,False,
4694,0.0,0,0.0,5456.769112304657,optimal,0.06720980000682175,False,
4695,0.0,0,0.0,5456.769112304657,optimal,0.07832879999477882,False,
4696,0.0,0,0.0,5456.769112304657,optimal,0.07501780000166036,False,
4697,0.0,0,0.0,5456.769112304657,optimal,0.06095579999964684,False,
4698,0.0,0,0.0,5456.769112304657,optimal,0.05964019999373704,False,
4699,0.0,0,0.0,5456.769112304657,optimal,0.0673572000087006,False,
4700,0.0,0,0.0,5456.769112304657,optimal,0.0630546000029426,False,
4701,0.0,0,0.0,5456.769112304657,optimal,0.06359920000249986,False,
4702,0.0,0,0.0,5456.769112304657,optimal,0.06328970000322443,False,
4703,0.0,0,0.0,5456.769112304657,optimal,0.06172019999939948,False,
4704,0.0,0,0.0,5456.769112304657,optimal,0.06355700000131037,False,
4705,0.0,0,0.0,5456.769112304657,optimal,0.05858749999606516,False,
4706,0.0,0,0.0,5456.769112304657,optimal,0.06744420000177342,False,
4707,0.0,0,0.0,5456.769112304657,optimal,0.06681240000762045,False,
4708,0.0,0,0.0,5456.769112304657,optimal,0.06479950000357348,False,
4709,0.0,0,0.0,5456.769112304657,optimal,0.06372879999980796,False,
4710,0.0,0,0.0,5456.769112304657,optimal,0.06538889999501407,False,
4711,0.0,0,0.0,5456.769112304657,optimal,0.06904249999206513,False,
4712,0.0,0,0.0,5456.769112304657,optimal,0.07187449999037199,False,
4713,0.0,0,0.0,5456.769112304657,optimal,0.06090260000200942,False,
4714,0.0,0,0.0,5456.769112304657,optimal,0.061636800004635006,False,
4715,0.0,0,0.0,5456.769112304657,optimal,0.06399349999264814,False,
4716,0.0,0,0.0,5456.769112304657,optimal,0.05857249999826308,False,
4717,0.0,0,0.0,5456.769112304657,optimal,0.06052830000407994,False,
4718,0.0,0,0.0,5456.769112304657,optimal,0.06277170000248589,False,
4719,0.0,0,0.0,5456.769112304657,optimal,0.06401889999688137,False,
4720,0.0,0,0.0,5456.769112304657,optimal,0.06842500000493601,False,
4721,0.0,0,0.0,5456.769112304657,optimal,0.2051905000116676,False,
4722,0.0,0,0.0,5456.769112304657,optimal,0.06861689999641385,False,
4723,0.0,0,0.0,5456.769112304657,optimal,0.1945644999941578,False,
4724,0.0,0,0.0,5456.769112304657,optimal,0.07018640000023879,False,
4725,0.0,0,0.0,5456.769112304657,optimal,0.07821210000838619,False,
4726,0.0,0,0.0,5456.769112304657,optimal,0.06394220000947826,False,
4727,0.0,0,0.0,5456.769112304657,optimal,0.06070719999843277,False,
4728,0.0,0,0.0,5456.769112304657,optimal,0.08546440000645816,False,
4729,0.0,0,0.0,5456.769112304657,optimal,0.08102640000288375,False,
4730,0.0,0,0.0,5456.769112304657,optimal,0.06349839999165852,False,
4731,0.0,0,0.0,5456.769112304657,optimal,0.07350559999758843,False,
4732,0.0,0,0.0,5456.769112304657,optimal,0.07373889999871608,False,
4733,0.0,0,0.0,5456.769112304657,optimal,0.06461820000549778,False,
4734,0.0,0,0.0,5456.769112304657,optimal,0.07976330000383314,False,
4735,0.0,0,0.0,5456.769112304657,optimal,0.0969452999997884,False,
4736,0.0,0,0.0,5456.769112304657,optimal,0.07862270000623539,False,
4737,0.0,0,0.0,5456.769112304657,optimal,0.08430089999455959,False,
4738,0.0,0,0.0,5456.769112304657,optimal,0.2728688999923179,False,
4739,0.0,0,0.0,5456.769112304657,optimal,0.08765410000341944,False,
4740,0.0,0,0.0,5456.769112304657,optimal,0.08376989999669604,False,
4741,0.0,0,0.0,5456.769112304657,optimal,0.0642089000029955,False,
4742,0.0,0,0.0,5456.769112304657,optimal,0.0704628999956185,False,
4743,0.0,0,0.0,5456.769112304657,optimal,0.08464980000280775,False,
4744,0.0,0,0.0,5456.769112304657,optimal,0.06713880000461359,False,
4745,0.0,0,0.0,5456.769112304657,optimal,0.22063569999590982,False,
4746,0.0,0,0.0,5456.769112304657,optimal,0.08274420000088867,False,
4747,0.0,0,0.0,5456.769112304657,optimal,0.07608060000347905,False,
4748,0.0,0,0.0,5456.769112304657,optimal,0.06703000000561588,False,
4749,0.0,0,0.0,5456.769112304657,optimal,0.06763489999866579,False,
4750,0.0,0,0.0,5456.769112304657,optimal,0.06866119999904186,False,
4751,0.0,0,0.0,5456.769112304657,optimal,0.07051249999494758,False,
4752,0.0,0,0.0,5456.769112304657,optimal,0.05947320000268519,False,
4753,0.0,0,0.0,5456.769112304657,optimal,0.06264809999265708,False,
4754,0.0,0,0.0,5456.769112304657,optimal,0.06543349999992643,False,
4755,0.0,0,0.0,5456.769112304657,optimal,0.06507810000039171,False,
4756,0.0,0,0.0,5456.769112304657,optimal,0.23076340000261553,False,
4757,0.0,0,0.0,5456.769112304657,optimal,0.0704258000041591,False,
4758,0.0,0,0.0,5456.769112304657,optimal,0.06310520000988618,False,
4759,0.0,0,0.0,5456.769112304657,optimal,0.06764670000120532,False,
4760,0.0,0,0.0,5456.769112304657,optimal,0.06907779999892227,False,
4761,0.0,0,0.0,5456.769112304657,optimal,0.07018759999482427,False,
4762,0.0,0,0.0,5456.769112304657,optimal,0.07198989999596961,False,
4763,0.0,0,0.0,5456.769112304657,optimal,0.07154520000040065,False,
4764,0.0,0,0.0,5456.769112304657,optimal,0.06977770000230521,False,
4765,0.0,0,0.0,5456.769112304657,optimal,0.06335280000348575,False,
4766,0.0,0,0.0,5456.769112304657,optimal,0.06887200000346638,False,
4767,0.0,0,0.0,5456.769112304657,optimal,0.07385130001057405,False,
4768,0.0,0,0.0,5456.769112304657,optimal,0.07481990000815131,False,
4769,0.0,0,0.0,5456.769112304657,optimal,0.07583859999431297,False,
4770,0.0,0,0.0,5456.769112304657,optimal,0.07136300001002382,False,
4771,0.0,0,0.0,5456.769112304657,optimal,0.0671137000026647,False,
4772,0.0,0,0.0,5456.769112304657,optimal,0.19900910000433214,False,
4773,0.0,0,0.0,5456.769112304657,optimal,0.060562900005606934,False,
4774,0.0,0,0.0,5456.769112304657,optimal,0.06277780000527855,False,
4775,0.0,0,0.0,5456.769112304657,optimal,0.05857169999217149,False,
4776,0.0,0,0.0,5456.769112304657,optimal,0.06753480000770651,False,
4777,0.0,0,0.0,5456.769112304657,optimal,0.057659600002807565,False,
4778,0.0,0,0.0,5456.769112304657,optimal,0.06689609999011736,False,
4779,0.0,0,0.0,5456.769112304657,optimal,0.06323250000423286,False,
4780,0.0,0,0.0,5456.769112304657,optimal,0.06593080000311602,False,
4781,0.0,0,0.0,5456.769112304657,optimal,0.2179930999991484,False,
4782,0.0,0,0.0,5456.769112304657,optimal,0.0701592000114033,False,
4783,0.0,0,0.0,5456.769112304657,optimal,0.0681310000072699,False,
4784,0.0,0,0.0,5456.769112304657,optimal,0.07010709999303799,False,
4785,0.0,0,0.0,5456.769112304657,optimal,0.0688780000054976,False,
4786,0.0,0,0.0,5456.769112304657,optimal,0.08477760000096168,False,
4787,0.0,0,0.0,5456.769112304657,optimal,0.06582709999929648,False,
4788,0.0,0,0.0,5456.769112304657,optimal,0.07337589999951888,False,
4789,0.0,0,0.0,5456.769112304657,optimal,0.0719909000035841,False,
4790,0.0,0,0.0,5456.769112304657,optimal,0.06402999999409076,False,
4791,0.0,0,0.0,5456.769112304657,optimal,0.2510595999920042,False,
4792,0.0,0,0.0,5456.769112304657,optimal,0.07467839999299031,False,
4793,0.0,0,0.0,5456.769112304657,optimal,0.06676500001049135,False,
4794,0.0,0,0.0,5456.769112304657,optimal,0.20704749999276828,False,
4795,0.0,0,0.0,5456.769112304657,optimal,0.06787810000241734,False,
4796,0.0,0,0.0,5456.769112304657,optimal,0.0614305999915814,False,
4797,0.0,0,0.0,5456.769112304657,optimal,0.060666600009426475,False,
4798,0.0,0,0.0,5456.769112304657,optimal,0.20857170000090264,False,
4799,0.0,0,0.0,5456.769112304657,optimal,0.06575670000165701,False,
4800,0.0,0,0.0,5456.769112304657,optimal,0.0664418999949703,False,
4801,0.0,0,0.0,5456.769112304657,optimal,0.07248499999695923,False,
4802,0.0,0,0.0,5456.769112304657,optimal,0.20142590001341887,False,
4803,0.0,0,0.0,5456.769112304657,optimal,0.06277899999986403,False,
4804,0.0,0,0.0,5456.769112304657,optimal,0.06354010000359267,False,
4805,0.0,0,0.0,5456.769112304657,optimal,0.06075950000376906,False,
4806,0.0,0,0.0,5456.769112304657,optimal,0.06406730000162497,False,
4807,0.0,0,0.0,5456.769112304657,optimal,0.19385460000194144,False,
4808,0.0,0,0.0,5456.769112304657,optimal,0.06687410001177341,False,
4809,0.0,0,0.0,5456.769112304657,optimal,0.06160719999752473,False,
4810,0.0,0,0.0,5456.769112304657,optimal,0.21859400000539608,False,
4811,0.0,0,0.0,5456.769112304657,optimal,0.07541689999925438,False,
4812,0.0,0,0.0,5456.769112304657,optimal,0.2385025000112364,False,
4813,0.0,0,0.0,5456.769112304657,optimal,0.2341327000031015,False,
4814,0.0,0,0.0,5456.769112304657,optimal,0.09469790000002831,False,
4815,0.0,0,0.0,5456.769112304657,optimal,0.23587050000787713,False,
4816,0.0,0,0.0,5456.769112304657,optimal,0.08057749998988584,False,
4817,0.0,0,0.0,5456.769112304657,optimal,0.2522529999987455,False,
4818,0.0,0,0.0,5456.769112304657,optimal,0.0730042999930447,False,
4819,0.0,0,0.0,5456.769112304657,optimal,0.2414886999904411,False,
4820,0.0,0,0.0,5456.769112304657,optimal,0.25224089999392163,False,
4821,0.0,0,0.0,5456.769112304657,optimal,0.09593510000559036,False,
4822,0.0,0,0.0,5456.769112304657,optimal,0.08785480000369716,False,
4823,0.0,0,0.0,5456.769112304657,optimal,0.07515140000032261,False,
4824,0.0,0,0.0,5456.769112304657,optimal,0.2161904999957187,False,
4825,0.0,0,0.0,5456.769112304657,optimal,0.09025039999687579,False,
4826,0.0,0,0.0,5456.769112304657,optimal,0.08264969999436289,False,
4827,0.0,0,0.0,5456.769112304657,optimal,0.07704600000579376,False,
4828,0.0,0,0.0,5456.769112304657,optimal,0.07013170000573155,False,
4829,0.0,0,0.0,5456.769112304657,optimal,0.21563720000267494,False,
4830,0.0,0,0.0,5456.769112304657,optimal,0.08401819999562576,False,
4831,0.0,0,0.0,5456.769112304657,optimal,0.0801515999919502,False,
4832,0.0,0,0.0,5456.769112304657,optimal,0.074350199996843,False,
4833,0.0,0,0.0,5456.769112304657,optimal,0.07158829999389127,False,
4834,0.0,0,0.0,5456.769112304657,optimal,0.07410019999952056,False,
4835,0.0,0,0.0,5456.769112304657,optimal,0.07124119999934919,False,
4836,0.0,0,0.0,5456.769112304657,optimal,0.06477539999468718,False,
4837,0.0,0,0.0,5456.769112304657,optimal,0.0708708000020124,False,
4838,0.0,0,0.0,5456.769112304657,optimal,0.06535170000279322,False,
4839,0.0,0,0.0,5456.769112304657,optimal,0.0656821000011405,False,
4840,0.0,0,0.0,5456.769112304657,optimal,0.07826330000534654,False,
4841,0.0,0,0.0,5456.769112304657,optimal,0.08222430000023451,False,
4842,0.0,0,0.0,5456.769112304657,optimal,0.0733501999930013,False,
4843,0.0,0,0.0,5456.769112304657,optimal,0.0772136000014143,False,
4844,0.0,0,0.0,5456.769112304657,optimal,0.07778029999462888,False,
4845,0.0,0,0.0,5456.769112304657,optimal,0.0689420999988215,False,
4846,0.0,0,0.0,5456.769112304657,optimal,0.06684300000779331,False,
4847,0.0,0,0.0,5456.769112304657,optimal,0.06916220000130124,False,
4848,0.0,0,0.0,5456.769112304657,optimal,0.07633139999234118,False,
4849,0.0,0,0.0,5456.769112304657,optimal,0.07208779999928083,False,
4850,0.0,0,0.0,5456.769112304657,optimal,0.067404199988232,False,
4851,0.0,0,0.0,5456.769112304657,optimal,0.07076659999438561,False,
4852,0.0,0,0.0,5456.769112304657,optimal,0.06732890001148917,False,
4853,0.0,0,0.0,5456.769112304657,optimal,0.06770820000383537,False,
4854,0.0,0,0.0,5456.769112304657,optimal,0.08044459999655373,False,
4855,0.0,0,0.0,5456.769112304657,optimal,0.07421269999758806,False,
4856,0.0,0,0.0,5456.769112304657,optimal,0.0636534999939613,False,
4857,0.0,0,0.0,5456.769112304657,optimal,0.06121349999739323,False,
4858,0.0,0,0.0,5456.769112304657,optimal,0.06483750000188593,False,
4859,0.0,0,0.0,5456.769112304657,optimal,0.0643158000020776,False,
4860,0.0,0,0.0,5456.769112304657,optimal,0.060912499990081415,False,
4861,0.0,0,0.0,5456.769112304657,optimal,0.06938960000115912,False,
4862,0.0,0,0.0,5456.769112304657,optimal,0.066670799991698,False,
4863,0.0,0,0.0,5456.769112304657,optimal,0.06452770000032615,False,
4864,0.0,0,0.0,5456.769112304657,optimal,0.0619833000091603,False,
4865,0.0,0,0.0,5456.769112304657,optimal,0.06859129999065772,False,
4866,0.0,0,0.0,5456.769112304657,optimal,0.06809489999432117,False,
4867,0.0,0,0.0,5456.769112304657,optimal,0.06987770000705495,False,
4868,0.0,0,0.0,5456.769112304657,optimal,0.06453730000066571,False,
4869,0.0,0,0.0,5456.769112304657,optimal,0.06848800000443589,False,
4870,0.0,0,0.0,5456.769112304657,optimal,0.06455029999779072,False,
4871,0.0,0,0.0,5456.769112304657,optimal,0.07042160000128206,False,
4872,0.0,0,0.0,5456.769112304657,optimal,0.06604629999492317,False,
4873,0.0,0,0.0,5456.769112304657,optimal,0.06144289999792818,False,
4874,0.0,0,0.0,5456.769112304657,optimal,0.07016030000522733,False,
4875,0.0,0,0.0,5456.769112304657,optimal,0.07062410000071395,False,
4876,0.0,0,0.0,5456.769112304657,optimal,0.07087630000023637,False,
4877,0.0,0,0.0,5456.769112304657,optimal,0.07034330000169575,False,
4878,0.0,0,0.0,5456.769112304657,optimal,0.0665688000008231,False,
4879,0.0,0,0.0,5456.769112304657,optimal,0.07145079999463633,False,
4880,0.0,0,0.0,5456.769112304657,optimal,0.07445079999160953,False,
4881,0.0,0,0.0,5456.769112304657,optimal,0.0730667000025278,False,
4882,0.0,0,0.0,5456.769112304657,optimal,0.06808450000244193,False,
4883,0.0,0,0.0,5456.769112304657,optimal,0.07118549999722745,False,
4884,0.0,0,0.0,5456.769112304657,optimal,0.06880249999812804,False,
4885,0.0,0,0.0,5456.769112304657,optimal,0.06645459998981096,False,
4886,0.0,0,0.0,5456.769112304657,optimal,0.06554019999748562,False,
4887,0.0,0,0.0,5456.769112304657,optimal,0.07589680000091903,False,
4888,0.0,0,0.0,5456.769112304657,optimal,0.07415499999478925,False,
4889,0.0,0,0.0,5456.769112304657,optimal,0.07969589999993332,False,
4890,0.0,0,0.0,5456.769112304657,optimal,0.0815813000081107,False,
4891,0.0,0,0.0,5456.769112304657,optimal,0.06705339999462012,False,
4892,0.0,0,0.0,5456.769112304657,optimal,0.06600849999813363,False,
4893,0.0,0,0.0,5456.769112304657,optimal,0.06742289999965578,False,
4894,0.0,0,0.0,5456.769112304657,optimal,0.06914690000121482,False,
4895,0.0,0,0.0,5456.769112304657,optimal,0.0670278000034159,False,
4896,0.0,0,0.0,5456.769112304657,optimal,0.06828190000669565,False,
4897,0.0,0,0.0,5456.769112304657,optimal,0.06804719999490771,False,
4898,0.0,0,0.0,5456.769112304657,optimal,0.07217390000005253,False,
4899,0.0,0,0.0,5456.769112304657,optimal,0.07864239999616984,False,
4900,0.0,0,0.0,5456.769112304657,optimal,0.0847494000045117,False,
4901,0.0,0,0.0,5456.769112304657,optimal,0.08125350000045728,False,
4902,0.0,0,0.0,5456.769112304657,optimal,0.06723860000784043,False,
4903,0.0,0,0.0,5456.769112304657,optimal,0.08537029998842627,False,
4904,0.0,0,0.0,5456.769112304657,optimal,0.08260149999114219,False,
4905,0.0,0,0.0,5456.769112304657,optimal,0.07472199999028817,False,
4906,0.0,0,0.0,5456.769112304657,optimal,0.07063930000003893,False,
4907,0.0,0,0.0,5456.769112304657,optimal,0.064112699998077,False,
4908,0.0,0,0.0,5456.769112304657,optimal,0.06853699999919627,False,
4909,0.0,0,0.0,5456.769112304657,optimal,0.06284890000824817,False,
4910,0.0,0,0.0,5456.769112304657,optimal,0.07468629999493714,False,
4911,0.0,0,0.0,5456.769112304657,optimal,0.0887559999973746,False,
4912,0.0,0,0.0,5456.769112304657,optimal,0.07701300000189804,False,
4913,0.0,0,0.0,5456.769112304657,optimal,0.06732149999879766,False,
4914,0.0,0,0.0,5456.769112304657,optimal,0.06785560000571422,False,
4915,0.0,0,0.0,5456.769112304657,optimal,0.07721149999997579,False,
4916,0.0,0,0.0,5456.769112304657,optimal,0.07820379998884164,False,
4917,0.0,0,0.0,5456.769112304657,optimal,0.07086569999228232,False,
4918,0.0,0,0.0,5456.769112304657,optimal,0.08484750000934582,False,
4919,0.0,0,0.0,5456.769112304657,optimal,0.07647960000031162,False,
4920,0.0,0,0.0,5456.769112304657,optimal,0.14868909999495372,False,
4921,0.0,0,0.0,5456.769112304657,optimal,0.1081696000037482,False,
4922,0.0,0,0.0,5456.769112304657,optimal,0.07752350000373553,False,
4923,0.0,0,0.0,5456.769112304657,optimal,0.07871630000590812,False,
4924,0.0,0,0.0,5456.769112304657,optimal,0.08410589999402873,False,
4925,0.0,0,0.0,5456.769112304657,optimal,0.07342760000028647,False,
4926,0.0,0,0.0,5456.769112304657,optimal,0.08010160000412725,False,
4927,0.0,0,0.0,5456.769112304657,optimal,0.07944510001107119,False,
4928,0.0,0,0.0,5456.769112304657,optimal,0.07883090000541415,False,
4929,0.0,0,0.0,5456.769112304657,optimal,0.0632404000061797,False,
4930,0.0,0,0.0,5456.769112304657,optimal,0.06666490000498015,False,
4931,0.0,0,0.0,5456.769112304657,optimal,0.06071709998650476,False,
4932,0.0,0,0.0,5456.769112304657,optimal,0.06947990000480786,False,
4933,0.0,0,0.0,5456.769112304657,optimal,0.07432989998778794,False,
4934,0.0,0,0.0,5456.769112304657,optimal,0.06665549999161158,False,
4935,0.0,0,0.0,5456.769112304657,optimal,0.06915090000256896,False,
4936,0.0,0,0.0,5456.769112304657,optimal,0.06897079999907874,False,
4937,0.0,0,0.0,5456.769112304657,optimal,0.07326750000356697,False,
4938,0.0,0,0.0,5456.769112304657,optimal,0.08041450000018813,False,
4939,0.0,0,0.0,5456.769112304657,optimal,0.0761155000072904,False,
4940,0.0,0,0.0,5456.769112304657,optimal,0.07634929999767337,False,
4941,0.0,0,0.0,5456.769112304657,optimal,0.07606310000119265,False,
4942,0.0,0,0.0,5456.769112304657,optimal,0.07583059999160469,False,
4943,0.0,0,0.0,5456.769112304657,optimal,0.07315519999247044,False,
4944,0.0,0,0.0,5456.769112304657,optimal,0.07099020000896417,False,
4945,0.0,0,0.0,5456.769112304657,optimal,0.09262039999885019,False,
4946,0.0,0,0.0,5456.769112304657,optimal,0.0836047999910079,False,
4947,0.0,0,0.0,5456.769112304657,optimal,0.08768910000799224,False,
4948,0.0,0,0.0,5456.769112304657,optimal,0.08926339999015909,False,
4949,0.0,0,0.0,5456.769112304657,optimal,0.0702168999996502,False,
4950,0.0,0,0.0,5456.769112304657,optimal,0.0765456999943126,False,
4951,0.0,0,0.0,5456.769112304657,optimal,0.0718065000110073,False,
4952,0.0,0,0.0,5456.769112304657,optimal,0.2951946999965003,False,
4953,0.0,0,0.0,5456.769112304657,optimal,0.09033030000864528,False,
4954,0.0,0,0.0,5456.769112304657,optimal,0.2881813999993028,False,
4955,0.0,0,0.0,5456.769112304657,optimal,0.10091300000203773,False,
4956,0.0,0,0.0,5456.769112304657,optimal,0.08433519999380223,False,
4957,0.0,0,0.0,5456.769112304657,optimal,0.08948269998654723,False,
4958,0.0,0,0.0,5456.769112304657,optimal,0.10713239999313373,False,
4959,0.0,0,0.0,5456.769112304657,optimal,0.088836100010667,False,
4960,0.0,0,0.0,5456.769112304657,optimal,0.0774016999930609,False,
4961,0.0,0,0.0,5456.769112304657,optimal,0.06656510000175331,False,
4962,0.0,0,0.0,5456.769112304657,optimal,0.08350710000377148,False,
4963,0.0,0,0.0,5456.769112304657,optimal,0.09238960000220686,False,
4964,0.0,0,0.0,5456.769112304657,optimal,0.07559320000291336,False,
4965,0.0,0,0.0,5456.769112304657,optimal,0.06817929999670014,False,
4966,0.0,0,0.0,5456.769112304657,optimal,0.06638280001061503,False,
4967,0.0,0,0.0,5456.769112304657,optimal,0.06439710000995547,False,
4968,0.0,0,0.0,5456.769112304657,optimal,0.21013150000362657,False,
4969,0.0,0,0.0,5456.769112304657,optimal,0.064883800005191,False,
4970,0.0,0,0.0,5456.769112304657,optimal,0.06871179999143351,False,
4971,0.0,0,0.0,5456.769112304657,optimal,0.07575869999709539,False,
4972,0.0,0,0.0,5456.769112304657,optimal,0.07324929999595042,False,
4973,0.0,0,0.0,5456.769112304657,optimal,0.06292740000935737,False,
4974,0.0,0,0.0,5456.769112304657,optimal,0.07125079999968875,False,
4975,0.0,0,0.0,5456.769112304657,optimal,0.08956670000043232,False,
4976,0.0,0,0.0,5456.769112304657,optimal,0.22048519999952987,False,
4977,0.0,0,0.0,5456.769112304657,optimal,0.06364700000267476,False,
4978,0.0,0,0.0,5456.769112304657,optimal,0.07701369999267627,False,
4979,0.0,0,0.0,5456.769112304657,optimal,0.07381329999770969,False,
4980,0.0,0,0.0,5456.769112304657,optimal,0.08175789999950211,False,
4981,0.0,0,0.0,5456.769112304657,optimal,0.07386150000093039,False,
4982,0.0,0,0.0,5456.769112304657,optimal,0.08421559999987949,False,
4983,0.0,0,0.0,5456.769112304657,optimal,0.08866739999211859,False,
4984,0.0,0,0.0,5456.769112304657,optimal,0.06325600000855047,False,
4985,0.0,0,0.0,5456.769112304657,optimal,0.05796050000935793,False,
4986,0.0,0,0.0,5456.769112304657,optimal,0.06746429999475367,False,
4987,0.0,0,0.0,5456.769112304657,optimal,0.28746269999828655,False,
4988,0.0,0,0.0,5456.769112304657,optimal,0.07566820000647567,False,
4989,0.0,0,0.0,5456.769112304657,optimal,0.07940099999541417,False,
4990,0.0,0,0.0,5456.769112304657,optimal,0.0850705999910133,False,
4991,0.0,0,0.0,5456.769112304657,optimal,0.08848169998964295,False,
4992,0.0,0,0.0,5456.769112304657,optimal,0.07618849999562372,False,
4993,0.0,0,0.0,5456.769112304657,optimal,0.0833277000056114,False,
4994,0.0,0,0.0,5456.769112304657,optimal,0.08686100000340957,False,
4995,0.0,0,0.0,5456.769112304657,optimal,0.07839419999800157,False,
4996,0.0,0,0.0,5456.769112304657,optimal,0.0817246999940835,False,
4997,0.0,0,0.0,5456.769112304657,optimal,0.08099440000660252,False,
4998,0.0,0,0.0,5456.769112304657,optimal,0.09547060000477359,False,
4999,0.0,0,0.0,5456.769112304657,optimal,0.10006989999965299,False,
5000,0.0,0,0.0,5456.769112304657,optimal,0.08467589999781922,False,
5001,0.0,0,0.0,5456.769112304657,optimal,0.08927689999109134,False,
5002,0.0,0,0.0,5456.769112304657,optimal,0.08777709999412764,False,
5003,0.0,0,0.0,5456.769112304657,optimal,0.21082599999499507,False,
5004,0.0,0,0.0,5456.769112304657,optimal,0.07828100000915583,False,
5005,0.0,0,0.0,5456.769112304657,optimal,0.07077360000403132,False,
5006,0.0,0,0.0,5456.769112304657,optimal,0.06664039999304805,False,
5007,0.0,0,0.0,5456.769112304657,optimal,0.06782500000554137,False,
5008,0.0,0,0.0,5456.769112304657,optimal,0.07697520000510849,False,
5009,0.0,0,0.0,5456.769112304657,optimal,0.07429999999294523,False,
5010,0.0,0,0.0,5456.769112304657,optimal,0.07324030000017956,False,
5011,0.0,0,0.0,5456.769112304657,optimal,0.0833314000046812,False,
5012,0.0,0,0.0,5456.769112304657,optimal,0.23328080000646878,False,
5013,0.0,0,0.0,5456.769112304657,optimal,0.06795100000454113,False,
5014,0.0,0,0.0,5456.769112304657,optimal,0.0648765999940224,False,
5015,0.0,0,0.0,5456.769112304657,optimal,0.07712859999446664,False,
5016,0.0,0,0.0,5456.769112304657,optimal,0.08817390000331216,False,
5017,0.0,0,0.0,5456.769112304657,optimal,0.0695382999983849,False,
5018,0.0,0,0.0,5456.769112304657,optimal,0.08024460000160616,False,
5019,0.0,0,0.0,5456.769112304657,optimal,0.07586189999710768,False,
5020,0.0,0,0.0,5456.769112304657,optimal,0.08157239999854937,False,
5021,0.0,0,0.0,5456.769112304657,optimal,0.06338930000492837,False,
5022,0.0,0,0.0,5456.769112304657,optimal,0.22967179999977816,False,
5023,0.0,0,0.0,5456.769112304657,optimal,0.06437549999100156,False,
5024,0.0,0,0.0,5456.769112304657,optimal,0.06493379999301396,False,
5025,0.0,0,0.0,5456.769112304657,optimal,0.26506059999519493,False,
5026,0.0,0,0.0,5456.769112304657,optimal,0.07611110000289045,False,
5027,0.0,0,0.0,5456.769112304657,optimal,0.0751421000022674,False,
5028,0.0,0,0.0,5456.769112304657,optimal,0.08256500000425149,False,
5029,0.0,0,0.0,5456.769112304657,optimal,0.26906120000057854,False,
5030,0.0,0,0.0,5456.769112304657,optimal,0.09344409999903291,False,
5031,0.0,0,0.0,5456.769112304657,optimal,0.0848719999921741,False,
5032,0.0,0,0.0,5456.769112304657,optimal,0.08729599999787752,False,
5033,0.0,0,0.0,5456.769112304657,optimal,0.07334919999993872,False,
5034,0.0,0,0.0,5456.769112304657,optimal,0.25565520000236575,False,
5035,0.0,0,0.0,5456.769112304657,optimal,0.07319330000609625,False,
5036,0.0,0,0.0,5456.769112304657,optimal,0.30920220000552945,False,
5037,0.0,0,0.0,5456.769112304657,optimal,0.08704170001146849,False,
5038,0.0,0,0.0,5456.769112304657,optimal,0.08108020000508986,False,
5039,0.0,0,0.0,5456.769112304657,optimal,0.28724269999656826,False,
5040,0.0,0,0.0,5456.769112304657,optimal,0.07854029998998158,False,
5041,0.0,0,0.0,5456.769112304657,optimal,0.07683029999316204,False,
5042,0.0,0,0.0,5456.769112304657,optimal,0.07584020000649616,False,
5043,0.0,0,0.0,5456.769112304657,optimal,0.2704040999960853,False,
5044,0.0,0,0.0,5456.769112304657,optimal,0.2787679000030039,False,
5045,0.0,0,0.0,5456.769112304657,optimal,0.25129060000472236,False,
5046,0.0,0,0.0,5456.769112304657,optimal,0.08117249999486376,False,
5047,0.0,0,0.0,5456.769112304657,optimal,0.27256759999727365,False,
5048,0.0,0,0.0,5456.769112304657,optimal,0.06733720000192989,False,
5049,0.0,0,0.0,5456.769112304657,optimal,0.05971560000034515,False,
5050,0.0,0,0.0,5456.769112304657,optimal,0.2718167999992147,False,
5051,0.0,0,0.0,5456.769112304657,optimal,0.2887805000063963,False,
5052,0.0,0,0.0,5456.769112304657,optimal,0.0911813999991864,False,
5053,0.0,0,0.0,5456.769112304657,optimal,0.09208810000563972,False,
5054,0.0,0,0.0,5456.769112304657,optimal,0.10213650000514463,False,
5055,0.0,0,0.0,5456.769112304657,optimal,0.3057379999954719,False,
5056,0.0,0,0.0,5456.769112304657,optimal,0.1013562999869464,False,
5057,0.0,0,0.0,5456.769112304657,optimal,0.08401600000797771,False,
5058,0.0,0,0.0,5456.769112304657,optimal,0.07308349999948405,False,
5059,0.0,0,0.0,5456.769112304657,optimal,0.09958569999434985,False,
5060,0.0,0,0.0,5456.769112304657,optimal,0.09425280000141356,False,
5061,0.0,0,0.0,5456.769112304657,optimal,0.0906838999944739,False,
5062,0.0,0,0.0,5456.769112304657,optimal,0.3059844000090379,False,
5063,0.0,0,0.0,5456.769112304657,optimal,0.09501719998661429,False,
5064,0.0,0,0.0,5456.769112304657,optimal,0.10487019999709446,False,
5065,0.0,0,0.0,5456.769112304657,optimal,0.0914918999915244,False,
5066,0.0,0,0.0,5456.769112304657,optimal,0.0904551999992691,False,
5067,0.0,0,0.0,5456.769112304657,optimal,0.08159529999829829,False,
5068,0.0,0,0.0,5456.769112304657,optimal,0.09913499999674968,False,
5069,0.0,0,0.0,5456.769112304657,optimal,0.09255080000730231,False,
5070,0.0,0,0.0,5456.769112304657,optimal,0.08547959999123123,False,
5071,0.0,0,0.0,5456.769112304657,optimal,0.08246930000314023,False,
5072,0.0,0,0.0,5456.769112304657,optimal,0.07543940001050942,False,
5073,0.0,0,0.0,5456.769112304657,optimal,0.0686102000036044,False,
5074,0.0,0,0.0,5456.769112304657,optimal,0.07173860000330023,False,
5075,0.0,0,0.0,5456.769112304657,optimal,0.0837111000000732,False,
5076,0.0,0,0.0,5456.769112304657,optimal,0.07225450000260025,False,
5077,0.0,0,0.0,5456.769112304657,optimal,0.07671999999729451,False,
5078,0.0,0,0.0,5456.769112304657,optimal,0.07611909999104682,False,
5079,0.0,0,0.0,5456.769112304657,optimal,0.08601890000863932,False,
5080,0.0,0,0.0,5456.769112304657,optimal,0.07651379999879282,False,
5081,0.0,0,0.0,5456.769112304657,optimal,0.07456170000659768,False,
5082,0.0,0,0.0,5456.769112304657,optimal,0.07023199999821372,False,
5083,0.0,0,0.0,5456.769112304657,optimal,0.066271500007133,False,
5084,0.0,0,0.0,5456.769112304657,optimal,0.057894400000805035,False,
5085,0.0,0,0.0,5456.769112304657,optimal,0.06779050000477582,False,
5086,0.0,0,0.0,5456.769112304657,optimal,0.07292750000488013,False,
5087,0.0,0,0.0,5456.769112304657,optimal,0.06787890000850894,False,
5088,0.0,0,0.0,5456.769112304657,optimal,0.07487179999588989,False,
5089,0.0,0,0.0,5456.769112304657,optimal,0.06920379999792203,False,
5090,0.0,0,0.0,5456.769112304657,optimal,0.06080749999091495,False,
5091,0.0,0,0.0,5456.769112304657,optimal,0.07211619999725372,False,
5092,0.0,0,0.0,5456.769112304657,optimal,0.08652350000920705,False,
5093,0.0,0,0.0,5456.769112304657,optimal,0.07589249999728054,False,
5094,0.0,0,0.0,5456.769112304657,optimal,0.06908790000306908,False,
5095,0.0,0,0.0,5456.769112304657,optimal,0.06268869999621529,False,
5096,0.0,0,0.0,5456.769112304657,optimal,0.07148750001215376,False,
5097,0.0,0,0.0,5456.769112304657,optimal,0.0728839999937918,False,
5098,0.0,0,0.0,5456.769112304657,optimal,0.07660099999338854,False,
5099,0.0,0,0.0,5456.769112304657,optimal,0.06625370000256225,False,
5100,0.0,0,0.0,5456.769112304657,optimal,0.06960449999314733,False,
5101,0.0,0,0.0,5456.769112304657,optimal,0.07612680000602268,False,
5102,0.0,0,0.0,5456.769112304657,optimal,0.07540039999003056,False,
5103,0.0,0,0.0,5456.769112304657,optimal,0.07363679999252781,False,
5104,0.0,0,0.0,5456.769112304657,optimal,0.08291780001309235,False,
5105,0.0,0,0.0,5456.769112304657,optimal,0.059704100000089966,False,
5106,0.0,0,0.0,5456.769112304657,optimal,0.06603030000405852,False,
5107,0.0,0,0.0,5456.769112304657,optimal,0.060902299999725074,False,
5108,0.0,0,0.0,5456.769112304657,optimal,0.06689159999950789,False,
5109,0.0,0,0.0,5456.769112304657,optimal,0.062111899998853914,False,
5110,0.0,0,0.0,5456.769112304657,optimal,0.07161769999947865,False,
5111,0.0,0,0.0,5456.769112304657,optimal,0.07092280000506435,False,
5112,0.0,0,0.0,5456.769112304657,optimal,0.0835403000091901,False,
5113,0.0,0,0.0,5456.769112304657,optimal,0.07382370000414085,False,
5114,0.0,0,0.0,5456.769112304657,optimal,0.08525220000592526,False,
5115,0.0,0,0.0,5456.769112304657,optimal,0.07505139999557287,False,
5116,0.0,0,0.0,5456.769112304657,optimal,0.08095639999373816,False,
5117,0.0,0,0.0,5456.769112304657,optimal,0.07931490000919439,False,
5118,0.0,0,0.0,5456.769112304657,optimal,0.07130900000629481,False,
5119,0.0,0,0.0,5456.769112304657,optimal,0.07347830000799149,False,
5120,0.0,0,0.0,5456.769112304657,optimal,0.0743979999970179,False,
5121,0.0,0,0.0,5456.769112304657,optimal,0.075402500006021,False,
5122,0.0,0,0.0,5456.769112304657,optimal,0.0678588999871863,False,
5123,0.0,0,0.0,5456.769112304657,optimal,0.06580290000420064,False,
5124,0.0,0,0.0,5456.769112304657,optimal,0.07104330000584014,False,
5125,0.0,0,0.0,5456.769112304657,optimal,0.06387790000007953,False,
5126,0.0,0,0.0,5456.769112304657,optimal,0.08006419999583159,False,
5127,0.0,0,0.0,5456.769112304657,optimal,0.07636239999555983,False,
5128,0.0,0,0.0,5456.769112304657,optimal,0.07251620000170078,False,
5129,0.0,0,0.0,5456.769112304657,optimal,0.07850250000774395,False,
5130,0.0,0,0.0,5456.769112304657,optimal,0.07550310000078753,False,
5131,0.0,0,0.0,5456.769112304657,optimal,0.07084780000150204,False,
5132,0.0,0,0.0,5456.769112304657,optimal,0.06832409999333322,False,
5133,0.0,0,0.0,5456.769112304657,optimal,0.07564759999513626,False,
5134,0.0,0,0.0,5456.769112304657,optimal,0.07611010000982787,False,
5135,0.0,0,0.0,5456.769112304657,optimal,0.06156510001164861,False,
5136,0.0,0,0.0,5456.769112304657,optimal,0.06460000001243316,False,
5137,0.0,0,0.0,5456.769112304657,optimal,0.07123019998834934,False,
5138,0.0,0,0.0,5456.769112304657,optimal,0.08279549999861047,False,
5139,0.0,0,0.0,5456.769112304657,optimal,0.08733460000075866,False,
5140,0.0,0,0.0,5456.769112304657,optimal,0.07408390000637155,False,
5141,0.0,0,0.0,5456.769112304657,optimal,0.06522010000480805,False,
5142,0.0,0,0.0,5456.769112304657,optimal,0.07887969999865163,False,
5143,0.0,0,0.0,5456.769112304657,optimal,0.08043839999299962,False,
5144,0.0,0,0.0,5456.769112304657,optimal,0.08797770000819582,False,
5145,0.0,0,0.0,5456.769112304657,optimal,0.07925579999573529,False,
5146,0.0,0,0.0,5456.769112304657,optimal,0.08168909999949392,False,
5147,0.0,0,0.0,5456.769112304657,optimal,0.07071289999294095,False,
5148,0.0,0,0.0,5456.769112304657,optimal,0.07314279999991413,False,
5149,0.0,0,0.0,5456.769112304657,optimal,0.07163380000565667,False,
5150,0.0,0,0.0,5456.769112304657,optimal,0.06775219998962712,False,
5151,0.0,0,0.0,5456.769112304657,optimal,0.0657643000013195,False,
5152,0.0,0,0.0,5456.769112304657,optimal,0.0706899000069825,False,
5153,0.0,0,0.0,5456.769112304657,optimal,0.0781427000038093,False,
5154,0.0,0,0.0,5456.769112304657,optimal,0.07335669999883976,False,
5155,0.0,0,0.0,5456.769112304657,optimal,0.07236869999906048,False,
5156,0.0,0,0.0,5456.769112304657,optimal,0.07313490001251921,False,
5157,0.0,0,0.0,5456.769112304657,optimal,0.07100609999906737,False,
5158,0.0,0,0.0,5456.769112304657,optimal,0.07443860000057612,False,
5159,0.0,0,0.0,5456.769112304657,optimal,0.0714218999928562,False,
5160,0.0,0,0.0,5456.769112304657,optimal,0.057294300000648946,False,
5161,0.0,0,0.0,5456.769112304657,optimal,0.0688092000054894,False,
5162,0.0,0,0.0,5456.769112304657,optimal,0.06512929999735206,False,
5163,0.0,0,0.0,5456.769112304657,optimal,0.0738775999925565,False,
5164,0.0,0,0.0,5456.769112304657,optimal,0.07936530000006314,False,
5165,0.0,0,0.0,5456.769112304657,optimal,0.08067219999793451,False,
5166,0.0,0,0.0,5456.769112304657,optimal,0.07742890001100022,False,
5167,0.0,0,0.0,5456.769112304657,optimal,0.07759060000535101,False,
5168,0.0,0,0.0,5456.769112304657,optimal,0.06844730000011623,False,
5169,0.0,0,0.0,5456.769112304657,optimal,0.07191640000382904,False,
5170,0.0,0,0.0,5456.769112304657,optimal,0.08169059999636374,False,
5171,0.0,0,0.0,5456.769112304657,optimal,0.08335369999986142,False,
5172,0.0,0,0.0,5456.769112304657,optimal,0.0707408000016585,False,
5173,0.0,0,0.0,5456.769112304657,optimal,0.08099159999983385,False,
5174,0.0,0,0.0,5456.769112304657,optimal,0.08611619999282993,False,
5175,0.0,0,0.0,5456.769112304657,optimal,0.08403100000577979,False,
5176,0.0,0,0.0,5456.769112304657,optimal,0.07966889999806881,False,
5177,0.0,0,0.0,5456.769112304657,optimal,0.06294550000166055,False,
5178,0.0,0,0.0,5456.769112304657,optimal,0.06804810000176076,False,
5179,0.0,0,0.0,5456.769112304657,optimal,0.06668150000041351,False,
5180,0.0,0,0.0,5456.769112304657,optimal,0.06091970000125002,False,
5181,0.0,0,0.0,5456.769112304657,optimal,0.06750590000592638,False,
5182,0.0,0,0.0,5456.769112304657,optimal,0.19340200000442564,False,
5183,0.0,0,0.0,5456.769112304657,optimal,0.06588990001182538,False,
5184,0.0,0,0.0,5456.769112304657,optimal,0.18997909998870455,False,
5185,0.0,0,0.0,5456.769112304657,optimal,0.08447950000117999,False,
5186,0.0,0,0.0,5456.769112304657,optimal,0.0682537999964552,False,
5187,0.0,0,0.0,5456.769112304657,optimal,0.06158210001012776,False,
5188,0.0,0,0.0,5456.769112304657,optimal,0.06408650000230409,False,
5189,0.0,0,0.0,5456.769112304657,optimal,0.06380450000870042,False,
5190,0.0,0,0.0,5456.769112304657,optimal,0.06743990001268685,False,
5191,0.0,0,0.0,5456.769112304657,optimal,0.07139679999090731,False,
5192,0.0,0,0.0,5456.769112304657,optimal,0.06460160001006443,False,
5193,0.0,0,0.0,5456.769112304657,optimal,0.06288840000343043,False,
5194,0.0,0,0.0,5456.769112304657,optimal,0.062239799997769296,False,
5195,0.0,0,0.0,5456.769112304657,optimal,0.062280600002850406,False,
5196,0.0,0,0.0,5456.769112304657,optimal,0.05956900000455789,False,
5197,0.0,0,0.0,5456.769112304657,optimal,0.059702099999412894,False,
5198,0.0,0,0.0,5456.769112304657,optimal,0.2004194000037387,False,
5199,0.0,0,0.0,5456.769112304657,optimal,0.05627719999756664,False,
5200,0.0,0,0.0,5456.769112304657,optimal,0.06962189999467228,False,
5201,0.0,0,0.0,5456.769112304657,optimal,0.06764179999299813,False,
5202,0.0,0,0.0,5456.769112304657,optimal,0.06315270000777673,False,
5203,0.0,0,0.0,5456.769112304657,optimal,0.061031800010823645,False,
5204,0.0,0,0.0,5456.769112304657,optimal,0.08021759999974165,False,
5205,0.0,0,0.0,5456.769112304657,optimal,0.06862349998846184,False,
5206,0.0,0,0.0,5456.769112304657,optimal,0.17411340000398923,False,
5207,0.0,0,0.0,5456.769112304657,optimal,0.06198389999917708,False,
5208,0.0,0,0.0,5456.769112304657,optimal,0.060582100006286055,False,
5209,0.0,0,0.0,5456.769112304657,optimal,0.057299000007333234,False,
5210,0.0,0,0.0,5456.769112304657,optimal,0.06525159999728203,False,
5211,0.0,0,0.0,5456.769112304657,optimal,0.06048230000305921,False,
5212,0.0,0,0.0,5456.769112304657,optimal,0.06778620000113733,False,
5213,0.0,0,0.0,5456.769112304657,optimal,0.06545049999840558,False,
5214,0.0,0,0.0,5456.769112304657,optimal,0.0594825000007404,False,
5215,0.0,0,0.0,5456.769112304657,optimal,0.07230319999507628,False,
5216,0.0,0,0.0,5456.769112304657,optimal,0.0797523000073852,False,
5217,0.0,0,0.0,5456.769112304657,optimal,0.1811186999984784,False,
5218,0.0,0,0.0,5456.769112304657,optimal,0.07241949999297503,False,
5219,0.0,0,0.0,5456.769112304657,optimal,0.06933100000605918,False,
5220,0.0,0,0.0,5456.769112304657,optimal,0.06438799999887124,False,
5221,0.0,0,0.0,5456.769112304657,optimal,0.05754960000922438,False,
5222,0.0,0,0.0,5456.769112304657,optimal,0.05906519999552984,False,
5223,0.0,0,0.0,5456.769112304657,optimal,0.06111369999416638,False,
5224,0.0,0,0.0,5456.769112304657,optimal,0.06290530000114813,False,
5225,0.0,0,0.0,5456.769112304657,optimal,0.07392910000635311,False,
5226,0.0,0,0.0,5456.769112304657,optimal,0.06418609998945612,False,
5227,0.0,0,0.0,5456.769112304657,optimal,0.06844049999199342,False,
5228,0.0,0,0.0,5456.769112304657,optimal,0.07189250001101755,False,
5229,0.0,0,0.0,5456.769112304657,optimal,0.06908349999866914,False,
5230,0.0,0,0.0,5456.769112304657,optimal,0.07345460000215098,False,
5231,0.0,0,0.0,5456.769112304657,optimal,0.06357430000207387,False,
5232,0.0,0,0.0,5456.769112304657,optimal,0.06248430001141969,False,
5233,0.0,0,0.0,5456.769112304657,optimal,0.17812290000438225,False,
5234,0.0,0,0.0,5456.769112304657,optimal,0.057821700000204146,False,
5235,0.0,0,0.0,5456.769112304657,optimal,0.06396410000161268,False,
5236,0.0,0,0.0,5456.769112304657,optimal,0.06944409999414347,False,
5237,0.0,0,0.0,5456.769112304657,optimal,0.06288699999277014,False,
5238,0.0,0,0.0,5456.769112304657,optimal,0.07532780000474304,False,
5239,0.0,0,0.0,5456.769112304657,optimal,0.06593850000353996,False,
5240,0.0,0,0.0,5456.769112304657,optimal,0.07094669999787584,False,
5241,0.0,0,0.0,5456.769112304657,optimal,0.06674809999822173,False,
5242,0.0,0,0.0,5456.769112304657,optimal,0.06603190000168979,False,
5243,0.0,0,0.0,5456.769112304657,optimal,0.22019779999391176,False,
5244,0.0,0,0.0,5456.769112304657,optimal,0.06831980000424664,False,
5245,0.0,0,0.0,5456.769112304657,optimal,0.06614119998994283,False,
5246,0.0,0,0.0,5456.769112304657,optimal,0.06552350000129081,False,
5247,0.0,0,0.0,5456.769112304657,optimal,0.07504869998956565,False,
5248,0.0,0,0.0,5456.769112304657,optimal,0.06946939999761526,False,
5249,0.0,0,0.0,5456.769112304657,optimal,0.07267979999596719,False,
5250,0.0,0,0.0,5456.769112304657,optimal,0.06708490000164602,False,
5251,0.0,0,0.0,5456.769112304657,optimal,0.19709169999987353,False,
5252,0.0,0,0.0,5456.769112304657,optimal,0.06627510000544135,False,
5253,0.0,0,0.0,5456.769112304657,optimal,0.0639631000085501,False,
5254,0.0,0,0.0,5456.769112304657,optimal,0.06189719999383669,False,
5255,0.0,0,0.0,5456.769112304657,optimal,0.21719070000108331,False,
5256,0.0,0,0.0,5456.769112304657,optimal,0.06757859999197535,False,
5257,0.0,0,0.0,5456.769112304657,optimal,0.06765709999308456,False,
5258,0.0,0,0.0,5456.769112304657,optimal,0.07280619999801274,False,
5259,0.0,0,0.0,5456.769112304657,optimal,0.0670174999977462,False,
5260,0.0,0,0.0,5456.769112304657,optimal,0.2099893999984488,False,
5261,0.0,0,0.0,5456.769112304657,optimal,0.06423839999479242,False,
5262,0.0,0,0.0,5456.769112304657,optimal,0.06345600000349805,False,
5263,0.0,0,0.0,5456.769112304657,optimal,0.0678221999987727,False,
5264,0.0,0,0.0,5456.769112304657,optimal,0.07330360000196379,False,
5265,0.0,0,0.0,5456.769112304657,optimal,0.19079010000859853,False,
5266,0.0,0,0.0,5456.769112304657,optimal,0.06828680000035092,False,
5267,0.0,0,0.0,5456.769112304657,optimal,0.05953349999617785,False,
5268,0.0,0,0.0,5456.769112304657,optimal,0.07108430001244415,False,
5269,0.0,0,0.0,5456.769112304657,optimal,0.18946670000150334,False,
5270,0.0,0,0.0,5456.769112304657,optimal,0.06156979998922907,False,
5271,0.0,0,0.0,5456.769112304657,optimal,0.19875690000480972,False,
5272,0.0,0,0.0,5456.769112304657,optimal,0.06382110000413377,False,
5273,0.0,0,0.0,5456.769112304657,optimal,0.18941130000166595,False,
5274,0.0,0,0.0,5456.769112304657,optimal,0.060653099993942305,False,
5275,0.0,0,0.0,5456.769112304657,optimal,0.05869560000428464,False,
5276,0.0,0,0.0,5456.769112304657,optimal,0.18626219998986926,False,
5277,0.0,0,0.0,5456.769112304657,optimal,0.05855489999521524,False,
5278,0.0,0,0.0,5456.769112304657,optimal,0.19414489998598583,False,
5279,0.0,0,0.0,5456.769112304657,optimal,0.2056291000044439,False,
5280,0.0,0,0.0,5456.769112304657,optimal,0.06347429999732412,False,
5281,0.0,0,0.0,5456.769112304657,optimal,0.20815350000339095,False,
5282,0.0,0,0.0,5456.769112304657,optimal,0.06794629999785684,False,
5283,0.0,0,0.0,5456.769112304657,optimal,0.1978025999997044,False,
5284,0.0,0,0.0,5456.769112304657,optimal,0.08091180000337772,False,
5285,0.0,0,0.0,5456.769112304657,optimal,0.07433730000047944,False,
5286,0.0,0,0.0,5456.769112304657,optimal,0.2035293999942951,False,
5287,0.0,0,0.0,5456.769112304657,optimal,0.06912319999537431,False,
5288,0.0,0,0.0,5456.769112304657,optimal,0.06072560000757221,False,
5289,0.0,0,0.0,5456.769112304657,optimal,0.06194379999942612,False,
5290,0.0,0,0.0,5456.769112304657,optimal,0.061548899990157224,False,
5291,0.0,0,0.0,5456.769112304657,optimal,0.06070850000833161,False,
5292,0.0,0,0.0,5456.769112304657,optimal,0.06816590001108125,False,
5293,0.0,0,0.0,5456.769112304657,optimal,0.19764199999917764,False,
5294,0.0,0,0.0,5456.769112304657,optimal,0.07187509999494068,False,
5295,0.0,0,0.0,5456.769112304657,optimal,0.06990960000257473,False,
5296,0.0,0,0.0,5456.769112304657,optimal,0.06306390000099782,False,
5297,0.0,0,0.0,5456.769112304657,optimal,0.06140229999436997,False,
5298,0.0,0,0.0,5456.769112304657,optimal,0.06508099999336991,False,
5299,0.0,0,0.0,5456.769112304657,optimal,0.06804420000116806,False,
5300,0.0,0,0.0,5456.769112304657,optimal,0.06340199999976903,False,
5301,0.0,0,0.0,5456.769112304657,optimal,0.06951080000726506,False,
5302,0.0,0,0.0,5456.769112304657,optimal,0.06596919998992234,False,
5303,0.0,0,0.0,5456.769112304657,optimal,0.06257750000804663,False,
5304,0.0,0,0.0,5456.769112304657,optimal,0.05973349999112543,False,
5305,0.0,0,0.0,5456.769112304657,optimal,0.05833710001024883,False,
5306,0.0,0,0.0,5456.769112304657,optimal,0.06335219999891706,False,
5307,0.0,0,0.0,5456.769112304657,optimal,0.06705279999005143,False,
5308,0.0,0,0.0,5456.769112304657,optimal,0.06545210001058877,False,
5309,0.0,0,0.0,5456.769112304657,optimal,0.06048850000661332,False,
5310,0.0,0,0.0,5456.769112304657,optimal,0.058356800000183284,False,
5311,0.0,0,0.0,5456.769112304657,optimal,0.06286130000080448,False,
5312,0.0,0,0.0,5456.769112304657,optimal,0.06065840000519529,False,
5313,0.0,0,0.0,5456.769112304657,optimal,0.06051929999375716,False,
5314,0.0,0,0.0,5456.769112304657,optimal,0.0578244999924209,False,
5315,0.0,0,0.0,5456.769112304657,optimal,0.06698099999630358,False,
5316,0.0,0,0.0,5456.769112304657,optimal,0.06700730000738986,False,
5317,0.0,0,0.0,5456.769112304657,optimal,0.06853630000841804,False,
5318,0.0,0,0.0,5456.769112304657,optimal,0.061608999996678904,False,
5319,0.0,0,0.0,5456.769112304657,optimal,0.06568470000638627,False,
5320,0.0,0,0.0,5456.769112304657,optimal,0.0634876000112854,False,
5321,0.0,0,0.0,5456.769112304657,optimal,0.06383500000811182,False,
5322,0.0,0,0.0,5456.769112304657,optimal,0.06538099999306723,False,
5323,0.0,0,0.0,5456.769112304657,optimal,0.06281289999606088,False,
5324,0.0,0,0.0,5456.769112304657,optimal,0.0628976000007242,False,
5325,0.0,0,0.0,5456.769112304657,optimal,0.06464859998959582,False,
5326,0.0,0,0.0,5456.769112304657,optimal,0.0628691999881994,False,
5327,0.0,0,0.0,5456.769112304657,optimal,0.07249420000880491,False,
5328,0.0,0,0.0,5456.769112304657,optimal,0.06422030000248924,False,
5329,0.0,0,0.0,5456.769112304657,optimal,0.06924769999750424,False,
5330,0.0,0,0.0,5456.769112304657,optimal,0.06324849999509752,False,
5331,0.0,0,0.0,5456.769112304657,optimal,0.06186170000000857,False,
5332,0.0,0,0.0,5456.769112304657,optimal,0.07302080000226852,False,
5333,0.0,0,0.0,5456.769112304657,optimal,0.06953290000092238,False,
5334,0.0,0,0.0,5456.769112304657,optimal,0.07430510000267532,False,
5335,0.0,0,0.0,5456.769112304657,optimal,0.06985479999275412,False,
5336,0.0,0,0.0,5456.769112304657,optimal,0.06938900001114234,False,
5337,0.0,0,0.0,5456.769112304657,optimal,0.07520169999042992,False,
5338,0.0,0,0.0,5456.769112304657,optimal,0.06668000000354368,False,
5339,0.0,0,0.0,5456.769112304657,optimal,0.06643230000918265,False,
5340,0.0,0,0.0,5456.769112304657,optimal,0.06645410000055563,False,
5341,0.0,0,0.0,5456.769112304657,optimal,0.0637743999977829,False,
5342,0.0,0,0.0,5456.769112304657,optimal,0.06568390000029467,False,
5343,0.0,0,0.0,5456.769112304657,optimal,0.07225100000505336,False,
5344,0.0,0,0.0,5456.769112304657,optimal,0.06953510000312235,False,
5345,0.0,0,0.0,5456.769112304657,optimal,0.058990999998059124,False,
5346,0.0,0,0.0,5456.769112304657,optimal,0.05894659999466967,False,
5347,0.0,0,0.0,5456.769112304657,optimal,0.0602227000053972,False,
5348,0.0,0,0.0,5456.769112304657,optimal,0.06573270000808407,False,
5349,0.0,0,0.0,5456.769112304657,optimal,0.06086399999912828,False,
5350,0.0,0,0.0,5456.769112304657,optimal,0.07412249999470077,False,
5351,0.0,0,0.0,5456.769112304657,optimal,0.061210399988340214,False,
5352,0.0,0,0.0,5456.769112304657,optimal,0.08982799999648705,False,
5353,0.0,0,0.0,5456.769112304657,optimal,0.07344750000629574,False,
5354,0.0,0,0.0,5456.769112304657,optimal,0.06407369999215007,False,
5355,0.0,0,0.0,5456.769112304657,optimal,0.06424549999064766,False,
5356,0.0,0,0.0,5456.769112304657,optimal,0.07301569999253843,False,
5357,0.0,0,0.0,5456.769112304657,optimal,0.07614340000145603,False,
5358,0.0,0,0.0,5456.769112304657,optimal,0.07279090001247823,False,
5359,0.0,0,0.0,5456.769112304657,optimal,0.06952170000295155,False,
5360,0.0,0,0.0,5456.769112304657,optimal,0.07724250000319444,False,
5361,0.0,0,0.0,5456.769112304657,optimal,0.07667980001133401,False,
5362,0.0,0,0.0,5456.769112304657,optimal,0.06669030000921339,False,
5363,0.0,0,0.0,5456.769112304657,optimal,0.07382550000329502,False,
5364,0.0,0,0.0,5456.769112304657,optimal,0.0625850999931572,False,
5365,0.0,0,0.0,5456.769112304657,optimal,0.06755459999840241,False,
5366,0.0,0,0.0,5456.769112304657,optimal,0.07020360000024084,False,
5367,0.0,0,0.0,5456.769112304657,optimal,0.07020470000861678,False,
5368,0.0,0,0.0,5456.769112304657,optimal,0.08348359999945387,False,
5369,0.0,0,0.0,5456.769112304657,optimal,0.0803645999985747,False,
5370,0.0,0,0.0,5456.769112304657,optimal,0.0757817999983672,False,
5371,0.0,0,0.0,5456.769112304657,optimal,0.072980800003279,False,
5372,0.0,0,0.0,5456.769112304657,optimal,0.08141450000402983,False,
5373,0.0,0,0.0,5456.769112304657,optimal,0.07292700000107288,False,
5374,0.0,0,0.0,5456.769112304657,optimal,0.08447220000380185,False,
5375,0.0,0,0.0,5456.769112304657,optimal,0.07348260001162998,False,
5376,0.0,0,0.0,5456.769112304657,optimal,0.07886599999619648,False,
5377,0.0,0,0.0,5456.769112304657,optimal,0.08300040000176523,False,
5378,0.0,0,0.0,5456.769112304657,optimal,0.06532310000329744,False,
5379,0.0,0,0.0,5456.769112304657,optimal,0.06172549999610055,False,
5380,0.0,0,0.0,5456.769112304657,optimal,0.06810670001141261,False,
5381,0.0,0,0.0,5456.769112304657,optimal,0.07448440000007395,False,
5382,0.0,0,0.0,5456.769112304657,optimal,0.07838259999698494,False,
5383,0.0,0,0.0,5456.769112304657,optimal,0.08134249999420717,False,
5384,0.0,0,0.0,5456.769112304657,optimal,0.0743514000059804,False,
5385,0.0,0,0.0,5456.769112304657,optimal,0.06129670000518672,False,
5386,0.0,0,0.0,5456.769112304657,optimal,0.0644248000025982,False,
5387,0.0,0,0.0,5456.769112304657,optimal,0.06845940000494011,False,
5388,0.0,0,0.0,5456.769112304657,optimal,0.06570320000173524,False,
5389,0.0,0,0.0,5456.769112304657,optimal,0.06563209999876563,False,
5390,0.0,0,0.0,5456.769112304657,optimal,0.06795910000801086,False,
5391,0.0,0,0.0,5456.769112304657,optimal,0.07558590000553522,False,
5392,0.0,0,0.0,5456.769112304657,optimal,0.07594049999897834,False,
5393,0.0,0,0.0,5456.769112304657,optimal,0.07582909999473486,False,
5394,0.0,0,0.0,5456.769112304657,optimal,0.0738749000011012,False,
5395,0.0,0,0.0,5456.769112304657,optimal,0.07171029999153689,False,
5396,0.0,0,0.0,5456.769112304657,optimal,0.06794019999506418,False,
5397,0.0,0,0.0,5456.769112304657,optimal,0.07068960000469815,False,
5398,0.0,0,0.0,5456.769112304657,optimal,0.07320590000017546,False,
5399,0.0,0,0.0,5456.769112304657,optimal,0.07490730000426993,False,
5400,0.0,0,0.0,5456.769112304657,optimal,0.07514430000446737,False,
5401,0.0,0,0.0,5456.769112304657,optimal,0.06894029999966733,False,
5402,0.0,0,0.0,5456.769112304657,optimal,0.08617950000916608,False,
5403,0.0,0,0.0,5456.769112304657,optimal,0.07118030000128783,False,
5404,0.0,0,0.0,5456.769112304657,optimal,0.07658850000007078,False,
5405,0.0,0,0.0,5456.769112304657,optimal,0.07793110000784509,False,
5406,0.0,0,0.0,5456.769112304657,optimal,0.08021189999999478,False,
5407,0.0,0,0.0,5456.769112304657,optimal,0.08037729999341536,False,
5408,0.0,0,0.0,5456.769112304657,optimal,0.06035420000262093,False,
5409,0.0,0,0.0,5456.769112304657,optimal,0.07916329998988658,False,
5410,0.0,0,0.0,5456.769112304657,optimal,0.06903920001059305,False,
5411,0.0,0,0.0,5456.769112304657,optimal,0.06769319999148138,False,
5412,0.0,0,0.0,5456.769112304657,optimal,0.229221100002178,False,
5413,0.0,0,0.0,5456.769112304657,optimal,0.06850259999919217,False,
5414,0.0,0,0.0,5456.769112304657,optimal,0.06482090000645258,False,
5415,0.0,0,0.0,5456.769112304657,optimal,0.21672000001126435,False,
5416,0.0,0,0.0,5456.769112304657,optimal,0.07583780000277329,False,
5417,0.0,0,0.0,5456.769112304657,optimal,0.08290809999743942,False,
5418,0.0,0,0.0,5456.769112304657,optimal,0.08144720000564121,False,
5419,0.0,0,0.0,5456.769112304657,optimal,0.07576720000361092,False,
5420,0.0,0,0.0,5456.769112304657,optimal,0.06937829998787493,False,
5421,0.0,0,0.0,5456.769112304657,optimal,0.0634178000036627,False,
5422,0.0,0,0.0,5456.769112304657,optimal,0.07043930000509135,False,
5423,0.0,0,0.0,5456.769112304657,optimal,0.08132430000114255,False,
5424,0.0,0,0.0,5456.769112304657,optimal,0.07743099999788683,False,
5425,0.0,0,0.0,5456.769112304657,optimal,0.06511830000090413,False,
5426,0.0,0,0.0,5456.769112304657,optimal,0.07055119999859016,False,
5427,0.0,0,0.0,5456.769112304657,optimal,0.06721350000589155,False,
5428,0.0,0,0.0,5456.769112304657,optimal,0.06853179998870473,False,
5429,0.0,0,0.0,5456.769112304657,optimal,0.2082059000094887,False,
5430,0.0,0,0.0,5456.769112304657,optimal,0.07354409999970812,False,
5431,0.0,0,0.0,5456.769112304657,optimal,0.0645105000003241,False,
5432,0.0,0,0.0,5456.769112304657,optimal,0.06587729998864233,False,
5433,0.0,0,0.0,5456.769112304657,optimal,0.07668510000803508,False,
5434,0.0,0,0.0,5456.769112304657,optimal,0.07199010001204442,False,
5435,0.0,0,0.0,5456.769112304657,optimal,0.0703841999929864,False,
5436,0.0,0,0.0,5456.769112304657,optimal,0.07901940000010654,False,
5437,0.0,0,0.0,5456.769112304657,optimal,0.20033199999306817,False,
5438,0.0,0,0.0,5456.769112304657,optimal,0.06594880000920966,False,
5439,0.0,0,0.0,5456.769112304657,optimal,0.06722060000174679,False,
5440,0.0,0,0.0,5456.769112304657,optimal,0.07056659999943804,False,
5441,0.0,0,0.0,5456.769112304657,optimal,0.0762129999930039,False,
5442,0.0,0,0.0,5456.769112304657,optimal,0.06517830000666436,False,
5443,0.0,0,0.0,5456.769112304657,optimal,0.06834309999248944,False,
5444,0.0,0,0.0,5456.769112304657,optimal,0.0742193999903975,False,
5445,0.0,0,0.0,5456.769112304657,optimal,0.07719820000056643,False,
5446,0.0,0,0.0,5456.769112304657,optimal,0.06430009999894537,False,
5447,0.0,0,0.0,5456.769112304657,optimal,0.20510310000099707,False,
5448,0.0,0,0.0,5456.769112304657,optimal,0.07978580000053626,False,
5449,0.0,0,0.0,5456.769112304657,optimal,0.06796020000183489,False,
5450,0.0,0,0.0,5456.769112304657,optimal,0.07383209999534301,False,
5451,0.0,0,0.0,5456.769112304657,optimal,0.07205739998607896,False,
5452,0.0,0,0.0,5456.769112304657,optimal,0.07398950000060722,False,
5453,0.0,0,0.0,5456.769112304657,optimal,0.07695059999241494,False,
5454,0.0,0,0.0,5456.769112304657,optimal,0.06490319999284111,False,
5455,0.0,0,0.0,5456.769112304657,optimal,0.0627748000115389,False,
5456,0.0,0,0.0,5456.769112304657,optimal,0.0780053000053158,False,
5457,0.0,0,0.0,5456.769112304657,optimal,0.06991649999690708,False,
5458,0.0,0,0.0,5456.769112304657,optimal,0.06651950000377838,False,
5459,0.0,0,0.0,5456.769112304657,optimal,0.0787345999997342,False,
5460,0.0,0,0.0,5456.769112304657,optimal,0.07707410000148229,False,
5461,0.0,0,0.0,5456.769112304657,optimal,0.0689598000026308,False,
5462,0.0,0,0.0,5456.769112304657,optimal,0.07240579999051988,False,
5463,0.0,0,0.0,5456.769112304657,optimal,0.24237299998640083,False,
5464,0.0,0,0.0,5456.769112304657,optimal,0.07615039999654982,False,
5465,0.0,0,0.0,5456.769112304657,optimal,0.06068059999961406,False,
5466,0.0,0,0.0,5456.769112304657,optimal,0.07013989999541081,False,
5467,0.0,0,0.0,5456.769112304657,optimal,0.06218839999928605,False,
5468,0.0,0,0.0,5456.769112304657,optimal,0.06648609999683686,False,
5469,0.0,0,0.0,5456.769112304657,optimal,0.06267739999748301,False,
5470,0.0,0,0.0,5456.769112304657,optimal,0.06875739998940844,False,
5471,0.0,0,0.0,5456.769112304657,optimal,0.07293479998770636,False,
5472,0.0,0,0.0,5456.769112304657,optimal,0.07405979999748524,False,
5473,0.0,0,0.0,5456.769112304657,optimal,0.07072980000521056,False,
5474,0.0,0,0.0,5456.769112304657,optimal,0.07585779999499209,False,
5475,0.0,0,0.0,5456.769112304657,optimal,0.24143150000600144,False,
5476,0.0,0,0.0,5456.769112304657,optimal,0.08465140000043903,False,
5477,0.0,0,0.0,5456.769112304657,optimal,0.0780564000015147,False,
5478,0.0,0,0.0,5456.769112304657,optimal,0.08595299998705741,False,
5479,0.0,0,0.0,5456.769112304657,optimal,0.097322500005248,False,
5480,0.0,0,0.0,5456.769112304657,optimal,0.07744670000101905,False,
5481,0.0,0,0.0,5456.769112304657,optimal,0.21377909999864642,False,
5482,0.0,0,0.0,5456.769112304657,optimal,0.06942299999354873,False,
5483,0.0,0,0.0,5456.769112304657,optimal,0.07812700000067707,False,
5484,0.0,0,0.0,5456.769112304657,optimal,0.08467739999468904,False,
5485,0.0,0,0.0,5456.769112304657,optimal,0.07505460000538733,False,
5486,0.0,0,0.0,5456.769112304657,optimal,0.22046520000731107,False,
5487,0.0,0,0.0,5456.769112304657,optimal,0.07473460001347121,False,
5488,0.0,0,0.0,5456.769112304657,optimal,0.07546910000382923,False,
5489,0.0,0,0.0,5456.769112304657,optimal,0.07400999999663327,False,
5490,0.0,0,0.0,5456.769112304657,optimal,0.06359829999564681,False,
5491,0.0,0,0.0,5456.769112304657,optimal,0.20133270000224002,False,
5492,0.0,0,0.0,5456.769112304657,optimal,0.07368020000285469,False,
5493,0.0,0,0.0,5456.769112304657,optimal,0.06948360000387765,False,
5494,0.0,0,0.0,5456.769112304657,optimal,0.05722740000055637,False,
5495,0.0,0,0.0,5456.769112304657,optimal,0.06499859999166802,False,
5496,0.0,0,0.0,5456.769112304657,optimal,0.1891646000003675,False,
5497,0.0,0,0.0,5456.769112304657,optimal,0.06142710000858642,False,
5498,0.0,0,0.0,5456.769112304657,optimal,0.06258669999078847,False,
5499,0.0,0,0.0,5456.769112304657,optimal,0.19968199999129865,False,
5500,0.0,0,0.0,5456.769112304657,optimal,0.061745700004394166,False,
5501,0.0,0,0.0,5456.769112304657,optimal,0.06740980000176933,False,
5502,0.0,0,0.0,5456.769112304657,optimal,0.0628283999976702,False,
5503,0.0,0,0.0,5456.769112304657,optimal,0.19005649999598972,False,
5504,0.0,0,0.0,5456.769112304657,optimal,0.05991579999681562,False,
5505,0.0,0,0.0,5456.769112304657,optimal,0.20930170000065118,False,
5506,0.0,0,0.0,5456.769112304657,optimal,0.06313599999703001,False,
5507,0.0,0,0.0,5456.769112304657,optimal,0.19503410000470467,False,
5508,0.0,0,0.0,5456.769112304657,optimal,0.22099869999510702,False,
5509,0.0,0,0.0,5456.769112304657,optimal,0.07171139999991283,False,
5510,0.0,0,0.0,5456.769112304657,optimal,0.20591679999779444,False,
5511,0.0,0,0.0,5456.769112304657,optimal,0.06300650000048336,False,
5512,0.0,0,0.0,5456.769112304657,optimal,0.2244522999972105,False,
5513,0.0,0,0.0,5456.769112304657,optimal,0.06339860000298359,False,
5514,0.0,0,0.0,5456.769112304657,optimal,0.21582019999914337,False,
5515,0.0,0,0.0,5456.769112304657,optimal,0.059999399993103,False,
5516,0.0,0,0.0,5456.769112304657,optimal,0.06189810000068974,False,
5517,0.0,0,0.0,5456.769112304657,optimal,0.23409270000411198,False,
5518,0.0,0,0.0,5456.769112304657,optimal,0.07376710000971798,False,
5519,0.0,0,0.0,5456.769112304657,optimal,0.0735588999959873,False,
5520,0.0,0,0.0,5456.769112304657,optimal,0.06705550001061056,False,
5521,0.0,0,0.0,5456.769112304657,optimal,0.07232289999956265,False,
5522,0.0,0,0.0,5456.769112304657,optimal,0.09429760000784881,False,
5523,0.0,0,0.0,5456.769112304657,optimal,0.09934839999186806,False,
5524,0.0,0,0.0,5456.769112304657,optimal,0.2818851000047289,False,
5525,0.0,0,0.0,5456.769112304657,optimal,0.08217500000318978,False,
5526,0.0,0,0.0,5456.769112304657,optimal,0.09179989999393001,False,
5527,0.0,0,0.0,5456.769112304657,optimal,0.07934720000775997,False,
5528,0.0,0,0.0,5456.769112304657,optimal,0.08935510000446811,False,
5529,0.0,0,0.0,5456.769112304657,optimal,0.08609029999934137,False,
5530,0.0,0,0.0,5456.769112304657,optimal,0.084498900003382,False,
5531,0.0,0,0.0,5456.769112304657,optimal,0.08186350000323728,False,
5532,0.0,0,0.0,5456.769112304657,optimal,0.06580369999574032,False,
5533,0.0,0,0.0,5456.769112304657,optimal,0.06837719999020919,False,
5534,0.0,0,0.0,5456.769112304657,optimal,0.06493399999453686,False,
5535,0.0,0,0.0,5456.769112304657,optimal,0.0697987000021385,False,
5536,0.0,0,0.0,5456.769112304657,optimal,0.06833639999968,False,
5537,0.0,0,0.0,5456.769112304657,optimal,0.06298539999988861,False,
5538,0.0,0,0.0,5456.769112304657,optimal,0.06437170000572223,False,
5539,0.0,0,0.0,5456.769112304657,optimal,0.07390649999433663,False,
5540,0.0,0,0.0,5456.769112304657,optimal,0.07382950000464916,False,
5541,0.0,0,0.0,5456.769112304657,optimal,0.07910059999267105,False,
5542,0.0,0,0.0,5456.769112304657,optimal,0.07125850000011269,False,
5543,0.0,0,0.0,5456.769112304657,optimal,0.0873213000013493,False,
5544,0.0,0,0.0,5456.769112304657,optimal,0.08311110000067856,False,
5545,0.0,0,0.0,5456.769112304657,optimal,0.06888959999196231,False,
5546,0.0,0,0.0,5456.769112304657,optimal,0.0751384000031976,False,
5547,0.0,0,0.0,5456.769112304657,optimal,0.0781148999958532,False,
5548,0.0,0,0.0,5456.769112304657,optimal,0.0744849000038812,False,
5549,0.0,0,0.0,5456.769112304657,optimal,0.06418380000104662,False,
5550,0.0,0,0.0,5456.769112304657,optimal,0.0855366000032518,False,
5551,0.0,0,0.0,5456.769112304657,optimal,0.07351099999505095,False,
5552,0.0,0,0.0,5456.769112304657,optimal,0.07135189999826252,False,
5553,0.0,0,0.0,5456.769112304657,optimal,0.07980709998810198,False,
5554,0.0,0,0.0,5456.769112304657,optimal,0.06899220000195783,False,
5555,0.0,0,0.0,5456.769112304657,optimal,0.06701650000468362,False,
5556,0.0,0,0.0,5456.769112304657,optimal,0.0638316999975359,False,
5557,0.0,0,0.0,5456.769112304657,optimal,0.06061629999021534,False,
5558,0.0,0,0.0,5456.769112304657,optimal,0.06086230000073556,False,
5559,0.0,0,0.0,5456.769112304657,optimal,0.06383070000447333,False,
5560,0.0,0,0.0,5456.769112304657,optimal,0.06865310001012404,False,
5561,0.0,0,0.0,5456.769112304657,optimal,0.06523229999584146,False,
5562,0.0,0,0.0,5456.769112304657,optimal,0.06337649999477435,False,
5563,0.0,0,0.0,5456.769112304657,optimal,0.059961299994029105,False,
5564,0.0,0,0.0,5456.769112304657,optimal,0.05943329998990521,False,
5565,0.0,0,0.0,5456.769112304657,optimal,0.05817170000227634,False,
5566,0.0,0,0.0,5456.769112304657,optimal,0.0584932000056142,False,
5567,0.0,0,0.0,5456.769112304657,optimal,0.06002999999327585,False,
5568,0.0,0,0.0,5456.769112304657,optimal,0.07189029999426566,False,
5569,0.0,0,0.0,5456.769112304657,optimal,0.06778480000502896,False,
5570,0.0,0,0.0,5456.769112304657,optimal,0.07055220000620466,False,
5571,0.0,0,0.0,5456.769112304657,optimal,0.07316959998570383,False,
5572,0.0,0,0.0,5456.769112304657,optimal,0.07060410000849515,False,
5573,0.0,0,0.0,5456.769112304657,optimal,0.06898450000153389,False,
5574,0.0,0,0.0,5456.769112304657,optimal,0.06575500000326429,False,
5575,0.0,0,0.0,5456.769112304657,optimal,0.0707232999993721,False,
5576,0.0,0,0.0,5456.769112304657,optimal,0.0703607000032207,False,
5577,0.0,0,0.0,5456.769112304657,optimal,0.06927730000461452,False,
5578,0.0,0,0.0,5456.769112304657,optimal,0.0811355000041658,False,
5579,0.0,0,0.0,5456.769112304657,optimal,0.07033200000296347,False,
5580,0.0,0,0.0,5456.769112304657,optimal,0.06589050000184216,False,
5581,0.0,0,0.0,5456.769112304657,optimal,0.0700109000026714,False,
5582,0.0,0,0.0,5456.769112304657,optimal,0.06945100000302773,False,
5583,0.0,0,0.0,5456.769112304657,optimal,0.0684006999945268,False,
5584,0.0,0,0.0,5456.769112304657,optimal,0.06639979999454226,False,
5585,0.0,0,0.0,5456.769112304657,optimal,0.08069200000318233,False,
5586,0.0,0,0.0,5456.769112304657,optimal,0.07232180000573862,False,
5587,0.0,0,0.0,5456.769112304657,optimal,0.07207460000063293,False,
5588,0.0,0,0.0,5456.769112304657,optimal,0.06865450000623241,False,
5589,0.0,0,0.0,5456.769112304657,optimal,0.0784849000046961,False,
5590,0.0,0,0.0,5456.769112304657,optimal,0.06671230000210926,False,
5591,0.0,0,0.0,5456.769112304657,optimal,0.0623360000026878,False,
5592,0.0,0,0.0,5456.769112304657,optimal,0.07168870000168681,False,
5593,0.0,0,0.0,5456.769112304657,optimal,0.06621190000441857,False,
5594,0.0,0,0.0,5456.769112304657,optimal,0.06855419999919832,False,
5595,0.0,0,0.0,5456.769112304657,optimal,0.068517099993187,False,
5596,0.0,0,0.0,5456.769112304657,optimal,0.05502219998743385,False,
5597,0.0,0,0.0,5456.769112304657,optimal,0.07124520000070333,False,
5598,0.0,0,0.0,5456.769112304657,optimal,0.07994609999877866,False,
5599,0.0,0,0.0,5456.769112304657,optimal,0.07193990000814665,False,
5600,0.0,0,0.0,5456.769112304657,optimal,0.06633780000265688,False,
5601,0.0,0,0.0,5456.769112304657,optimal,0.06280970000079833,False,
5602,0.0,0,0.0,5456.769112304657,optimal,0.05969849998655263,False,
5603,0.0,0,0.0,5456.769112304657,optimal,0.06865829999151174,False,
5604,0.0,0,0.0,5456.769112304657,optimal,0.07030639999720734,False,
5605,0.0,0,0.0,5456.769112304657,optimal,0.06370260000403505,False,
5606,0.0,0,0.0,5456.769112304657,optimal,0.0665308999887202,False,
5607,0.0,0,0.0,5456.769112304657,optimal,0.06137960001069587,False,
5608,0.0,0,0.0,5456.769112304657,optimal,0.060766299997339956,False,
5609,0.0,0,0.0,5456.769112304657,optimal,0.06300409999676049,False,
5610,0.0,0,0.0,5456.769112304657,optimal,0.0671342999994522,False,
5611,0.0,0,0.0,5456.769112304657,optimal,0.06837759999325499,False,
5612,0.0,0,0.0,5456.769112304657,optimal,0.061981199993169867,False,
5613,0.0,0,0.0,5456.769112304657,optimal,0.0713711999997031,False,
5614,0.0,0,0.0,5456.769112304657,optimal,0.06120940000982955,False,
5615,0.0,0,0.0,5456.769112304657,optimal,0.06309180000971537,False,
5616,0.0,0,0.0,5456.769112304657,optimal,0.05987050000112504,False,
5617,0.0,0,0.0,5456.769112304657,optimal,0.06608509999932721,False,
5618,0.0,0,0.0,5456.769112304657,optimal,0.07076280000910629,False,
5619,0.0,0,0.0,5456.769112304657,optimal,0.07006880000699311,False,
5620,0.0,0,0.0,5456.769112304657,optimal,0.06921679999504704,False,
5621,0.0,0,0.0,5456.769112304657,optimal,0.07329989998834208,False,
5622,0.0,0,0.0,5456.769112304657,optimal,0.06419769999047276,False,
5623,0.0,0,0.0,5456.769112304657,optimal,0.0699429000087548,False,
5624,0.0,0,0.0,5456.769112304657,optimal,0.06543770000280347,False,
5625,0.0,0,0.0,5456.769112304657,optimal,0.06572919999598525,False,
5626,0.0,0,0.0,5456.769112304657,optimal,0.07010149999405257,False,
5627,0.0,0,0.0,5456.769112304657,optimal,0.06118060000881087,False,
5628,0.0,0,0.0,5456.769112304657,optimal,0.06451879999076482,False,
5629,0.0,0,0.0,5456.769112304657,optimal,0.06277289999707136,False,
5630,0.0,0,0.0,5456.769112304657,optimal,0.05966310000803787,False,
5631,0.0,0,0.0,5456.769112304657,optimal,0.06114289999823086,False,
5632,0.0,0,0.0,5456.769112304657,optimal,0.06543069999315776,False,
5633,0.0,0,0.0,5456.769112304657,optimal,0.06784770000376739,False,
5634,0.0,0,0.0,5456.769112304657,optimal,0.0671954999997979,False,
5635,0.0,0,0.0,5456.769112304657,optimal,0.057541200003470294,False,
5636,0.0,0,0.0,5456.769112304657,optimal,0.07014589999744203,False,
5637,0.0,0,0.0,5456.769112304657,optimal,0.066920699988259,False,
5638,0.0,0,0.0,5456.769112304657,optimal,0.06611819998943247,False,
5639,0.0,0,0.0,5456.769112304657,optimal,0.06280539999715984,False,
5640,0.0,0,0.0,5456.769112304657,optimal,0.06147349999810103,False,
5641,0.0,0,0.0,5456.769112304657,optimal,0.05967320001218468,False,
5642,0.0,0,0.0,5456.769112304657,optimal,0.18060380000679288,False,
5643,0.0,0,0.0,5456.769112304657,optimal,0.06381370000599418,False,
5644,0.0,0,0.0,5456.769112304657,optimal,0.06458450001082383,False,
5645,0.0,0,0.0,5456.769112304657,optimal,0.06895820000499953,False,
5646,0.0,0,0.0,5456.769112304657,optimal,0.21924200000648852,False,
5647,0.0,0,0.0,5456.769112304657,optimal,0.05827029999636579,False,
5648,0.0,0,0.0,5456.769112304657,optimal,0.06587469999794848,False,
5649,0.0,0,0.0,5456.769112304657,optimal,0.07067960000131279,False,
5650,0.0,0,0.0,5456.769112304657,optimal,0.0688532999920426,False,
5651,0.0,0,0.0,5456.769112304657,optimal,0.0634923999896273,False,
5652,0.0,0,0.0,5456.769112304657,optimal,0.0666139000095427,False,
5653,0.0,0,0.0,5456.769112304657,optimal,0.06727989998762496,False,
5654,0.0,0,0.0,5456.769112304657,optimal,0.06278689998725895,False,
5655,0.0,0,0.0,5456.769112304657,optimal,0.07537930000398774,False,
5656,0.0,0,0.0,5456.769112304657,optimal,0.06862890000047628,False,
5657,0.0,0,0.0,5456.769112304657,optimal,0.0637031000078423,False,
5658,0.0,0,0.0,5456.769112304657,optimal,0.06392299999424722,False,
5659,0.0,0,0.0,5456.769112304657,optimal,0.18212249998759944,False,
5660,0.0,0,0.0,5456.769112304657,optimal,0.061059999992721714,False,
5661,0.0,0,0.0,5456.769112304657,optimal,0.060846000007586554,False,
5662,0.0,0,0.0,5456.769112304657,optimal,0.06169269999372773,False,
5663,0.0,0,0.0,5456.769112304657,optimal,0.06499780000012834,False,
5664,0.0,0,0.0,5456.769112304657,optimal,0.060894499998539686,False,
5665,0.0,0,0.0,5456.769112304657,optimal,0.05772899999283254,False,
5666,0.0,0,0.0,5456.769112304657,optimal,0.06053109999629669,False,
5667,0.0,0,0.0,5456.769112304657,optimal,0.06101940000371542,False,
5668,0.0,0,0.0,5456.769112304657,optimal,0.18798610000521876,False,
5669,0.0,0,0.0,5456.769112304657,optimal,0.0651032000023406,False,
5670,0.0,0,0.0,5456.769112304657,optimal,0.0701792000036221,False,
5671,0.0,0,0.0,5456.769112304657,optimal,0.06601269998645876,False,
5672,0.0,0,0.0,5456.769112304657,optimal,0.06567080000240821,False,
5673,0.0,0,0.0,5456.769112304657,optimal,0.07251969999924768,False,
5674,0.0,0,0.0,5456.769112304657,optimal,0.08684780000476167,False,
5675,0.0,0,0.0,5456.769112304657,optimal,0.07548040000256151,False,
5676,0.0,0,0.0,5456.769112304657,optimal,0.06517539999913424,False,
5677,0.0,0,0.0,5456.769112304657,optimal,0.0712160999974003,False,
5678,0.0,0,0.0,5456.769112304657,optimal,0.2485123999940697,False,
5679,0.0,0,0.0,5456.769112304657,optimal,0.07850640000833664,False,
5680,0.0,0,0.0,5456.769112304657,optimal,0.07610719998774584,False,
5681,0.0,0,0.0,5456.769112304657,optimal,0.07186380001076031,False,
5682,0.0,0,0.0,5456.769112304657,optimal,0.07974339999782387,False,
5683,0.0,0,0.0,5456.769112304657,optimal,0.0640970000094967,False,
5684,0.0,0,0.0,5456.769112304657,optimal,0.0646773999906145,False,
5685,0.0,0,0.0,5456.769112304657,optimal,0.07322839999687858,False,
5686,0.0,0,0.0,5456.769112304657,optimal,0.06567310000536963,False,
5687,0.0,0,0.0,5456.769112304657,optimal,0.0682643000036478,False,
5688,0.0,0,0.0,5456.769112304657,optimal,0.06631780001043808,False,
5689,0.0,0,0.0,5456.769112304657,optimal,0.06648120000318158,False,
5690,0.0,0,0.0,5456.769112304657,optimal,0.06633980000333395,False,
5691,0.0,0,0.0,5456.769112304657,optimal,0.07870170001115184,False,
5692,0.0,0,0.0,5456.769112304657,optimal,0.06602209999982733,False,
5693,0.0,0,0.0,5456.769112304657,optimal,0.07578169999760576,False,
5694,0.0,0,0.0,5456.769112304657,optimal,0.24487090000184253,False,
5695,0.0,0,0.0,5456.769112304657,optimal,0.0748953000002075,False,
5696,0.0,0,0.0,5456.769112304657,optimal,0.07683109999925364,False,
5697,0.0,0,0.0,5456.769112304657,optimal,0.07971989999350626,False,
5698,0.0,0,0.0,5456.769112304657,optimal,0.08252809999976307,False,
5699,0.0,0,0.0,5456.769112304657,optimal,0.09216030000243336,False,
5700,0.0,0,0.0,5456.769112304657,optimal,0.09176560000923928,False,
5701,0.0,0,0.0,5456.769112304657,optimal,0.10543569999572355,False,
5702,0.0,0,0.0,5456.769112304657,optimal,0.08856950000335928,False,
5703,0.0,0,0.0,5456.769112304657,optimal,0.07216680000419728,False,
5704,0.0,0,0.0,5456.769112304657,optimal,0.07440050000150222,False,
5705,0.0,0,0.0,5456.769112304657,optimal,0.07467519999772776,False,
5706,0.0,0,0.0,5456.769112304657,optimal,0.24356339999940246,False,
5707,0.0,0,0.0,5456.769112304657,optimal,0.09036999999079853,False,
5708,0.0,0,0.0,5456.769112304657,optimal,0.09281570000166539,False,
5709,0.0,0,0.0,5456.769112304657,optimal,0.07694389999960549,False,
5710,0.0,0,0.0,5456.769112304657,optimal,0.07937770000717137,False,
5711,0.0,0,0.0,5456.769112304657,optimal,0.23467669999809004,False,
5712,0.0,0,0.0,5456.769112304657,optimal,0.08519069998874329,False,
5713,0.0,0,0.0,5456.769112304657,optimal,0.07629460000316612,False,
5714,0.0,0,0.0,5456.769112304657,optimal,0.07040270000288729,False,
5715,0.0,0,0.0,5456.769112304657,optimal,0.070894499993301,False,
5716,0.0,0,0.0,5456.769112304657,optimal,0.0704486999893561,False,
5717,0.0,0,0.0,5456.769112304657,optimal,0.2349227999948198,False,
5718,0.0,0,0.0,5456.769112304657,optimal,0.06960950000211596,False,
5719,0.0,0,0.0,5456.769112304657,optimal,0.07229470000311267,False,
5720,0.0,0,0.0,5456.769112304657,optimal,0.075238100005663,False,
5721,0.0,0,0.0,5456.769112304657,optimal,0.07064639999589417,False,
5722,0.0,0,0.0,5456.769112304657,optimal,0.2696068999939598,False,
5723,0.0,0,0.0,5456.769112304657,optimal,0.0811113999952795,False,
5724,0.0,0,0.0,5456.769112304657,optimal,0.07403040000644978,False,
5725,0.0,0,0.0,5456.769112304657,optimal,0.07520829999702983,False,
5726,0.0,0,0.0,5456.769112304657,optimal,0.07256149999739137,False,
5727,0.0,0,0.0,5456.769112304657,optimal,0.2568610999878729,False,
5728,0.0,0,0.0,5456.769112304657,optimal,0.0661617000005208,False,
5729,0.0,0,0.0,5456.769112304657,optimal,0.07364180000149645,False,
5730,0.0,0,0.0,5456.769112304657,optimal,0.07900959999824408,False,
5731,0.0,0,0.0,5456.769112304657,optimal,0.26019210000231396,False,
5732,0.0,0,0.0,5456.769112304657,optimal,0.07075719999556895,False,
5733,0.0,0,0.0,5456.769112304657,optimal,0.25966300000436604,False,
5734,0.0,0,0.0,5456.769112304657,optimal,0.07835370000975672,False,
5735,0.0,0,0.0,5456.769112304657,optimal,0.0845670999988215,False,
5736,0.0,0,0.0,5456.769112304657,optimal,0.23398269999597687,False,
5737,0.0,0,0.0,5456.769112304657,optimal,0.08756970000104047,False,
5738,0.0,0,0.0,5456.769112304657,optimal,0.0687846999935573,False,
5739,0.0,0,0.0,5456.769112304657,optimal,0.19798379999701865,False,
5740,0.0,0,0.0,5456.769112304657,optimal,0.1815506999992067,False,
5741,0.0,0,0.0,5456.769112304657,optimal,0.07668299999204464,False,
5742,0.0,0,0.0,5456.769112304657,optimal,0.21283479999692645,False,
5743,0.0,0,0.0,5456.769112304657,optimal,0.06679199999780394,False,
5744,0.0,0,0.0,5456.769112304657,optimal,0.18312489999516401,False,
5745,0.0,0,0.0,5456.769112304657,optimal,0.18798030000471044,False,
5746,0.0,0,0.0,5456.769112304657,optimal,0.07612880000669975,False,
5747,0.0,0,0.0,5456.769112304657,optimal,0.0641304000018863,False,
5748,0.0,0,0.0,5456.769112304657,optimal,0.06344730001001153,False,
5749,0.0,0,0.0,5456.769112304657,optimal,0.07398729999840725,False,
5750,0.0,0,0.0,5456.769112304657,optimal,0.2730998000042746,False,
5751,0.0,0,0.0,5456.769112304657,optimal,0.08975630000350066,False,
5752,0.0,0,0.0,5456.769112304657,optimal,0.0823625000048196,False,
5753,0.0,0,0.0,5456.769112304657,optimal,0.07587740001326893,False,
5754,0.0,0,0.0,5456.769112304657,optimal,0.08975880000798497,False,
5755,0.0,0,0.0,5456.769112304657,optimal,0.09536569999181665,False,
5756,0.0,0,0.0,5456.769112304657,optimal,0.08253089999197982,False,
5757,0.0,0,0.0,5456.769112304657,optimal,0.214181200004532,False,
5758,0.0,0,0.0,5456.769112304657,optimal,0.0794815999979619,False,
5759,0.0,0,0.0,5456.769112304657,optimal,0.06821549999585841,False,
5760,0.0,0,0.0,5456.769112304657,optimal,0.06656320000183769,False,
5761,0.0,0,0.0,5456.769112304657,optimal,0.08090000000083819,False,
5762,0.0,0,0.0,5456.769112304657,optimal,0.0910071000107564,False,
5763,0.0,0,0.0,5456.769112304657,optimal,0.07575760000327136,False,
5764,0.0,0,0.0,5456.769112304657,optimal,0.0640380999975605,False,
5765,0.0,0,0.0,5456.769112304657,optimal,0.06348559999605641,False,
5766,0.0,0,0.0,5456.769112304657,optimal,0.06332259999180678,False,
5767,0.0,0,0.0,5456.769112304657,optimal,0.06113829999230802,False,
5768,0.0,0,0.0,5456.769112304657,optimal,0.06087860000843648,False,
5769,0.0,0,0.0,5456.769112304657,optimal,0.06814989999111276,False,
5770,0.0,0,0.0,5456.769112304657,optimal,0.07357190000766423,False,
5771,0.0,0,0.0,5456.769112304657,optimal,0.07190759999502916,False,
5772,0.0,0,0.0,5456.769112304657,optimal,0.06934399998863228,False,
5773,0.0,0,0.0,5456.769112304657,optimal,0.06351189999259077,False,
5774,0.0,0,0.0,5456.769112304657,optimal,0.06966290000127628,False,
5775,0.0,0,0.0,5456.769112304657,optimal,0.0642507000011392,False,
5776,0.0,0,0.0,5456.769112304657,optimal,0.06222019999404438,False,
5777,0.0,0,0.0,5456.769112304657,optimal,0.06560600000375416,False,
5778,0.0,0,0.0,5456.769112304657,optimal,0.05843989999266341,False,
5779,0.0,0,0.0,5456.769112304657,optimal,0.06555760001356248,False,
5780,0.0,0,0.0,5456.769112304657,optimal,0.06011869999929331,False,
5781,0.0,0,0.0,5456.769112304657,optimal,0.07497410000360105,False,
5782,0.0,0,0.0,5456.769112304657,optimal,0.07521999999880791,False,
5783,0.0,0,0.0,5456.769112304657,optimal,0.08930820001114625,False,
5784,0.0,0,0.0,5456.769112304657,optimal,0.08412220000172965,False,
5785,0.0,0,0.0,5456.769112304657,optimal,0.08521500001370441,False,
5786,0.0,0,0.0,5456.769112304657,optimal,0.09682299999985844,False,
5787,0.0,0,0.0,5456.769112304657,optimal,0.09014460000616964,False,
5788,0.0,0,0.0,5456.769112304657,optimal,0.09099560001050122,False,
5789,0.0,0,0.0,5456.769112304657,optimal,0.07597439999517519,False,
5790,0.0,0,0.0,5456.769112304657,optimal,0.07010909999371506,False,
5791,0.0,0,0.0,5456.769112304657,optimal,0.06984389999706764,False,
5792,0.0,0,0.0,5456.769112304657,optimal,0.0729317999939667,False,
5793,0.0,0,0.0,5456.769112304657,optimal,0.07166130001132842,False,
5794,0.0,0,0.0,5456.769112304657,optimal,0.07754270000441466,False,
5795,0.0,0,0.0,5456.769112304657,optimal,0.07038960000500083,False,
5796,0.0,0,0.0,5456.769112304657,optimal,0.06690640001033898,False,
5797,0.0,0,0.0,5456.769112304657,optimal,0.0678293999953894,False,
5798,0.0,0,0.0,5456.769112304657,optimal,0.07255479999003,False,
5799,0.0,0,0.0,5456.769112304657,optimal,0.0643763999978546,False,
5800,0.0,0,0.0,5456.769112304657,optimal,0.06934180000098422,False,
5801,0.0,0,0.0,5456.769112304657,optimal,0.06278580000798684,False,
5802,0.0,0,0.0,5456.769112304657,optimal,0.06907079998927657,False,
5803,0.0,0,0.0,5456.769112304657,optimal,0.08775089999835473,False,
5804,0.0,0,0.0,5456.769112304657,optimal,0.07516700000269338,False,
5805,0.0,0,0.0,5456.769112304657,optimal,0.07298829998762812,False,
5806,0.0,0,0.0,5456.769112304657,optimal,0.07725610000488814,False,
5807,0.0,0,0.0,5456.769112304657,optimal,0.06898130000627134,False,
5808,0.0,0,0.0,5456.769112304657,optimal,0.07012429999304004,False,
5809,0.0,0,0.0,5456.769112304657,optimal,0.08066629999666475,False,
5810,0.0,0,0.0,5456.769112304657,optimal,0.06854320000275038,False,
5811,0.0,0,0.0,5456.769112304657,optimal,0.07991949999995995,False,
5812,0.0,0,0.0,5456.769112304657,optimal,0.07576540000445675,False,
5813,0.0,0,0.0,5456.769112304657,optimal,0.07094560000405181,False,
5814,0.0,0,0.0,5456.769112304657,optimal,0.07417829999758396,False,
5815,0.0,0,0.0,5456.769112304657,optimal,0.08169169999018777,False,
5816,0.0,0,0.0,5456.769112304657,optimal,0.07956949999788776,False,
5817,0.0,0,0.0,5456.769112304657,optimal,0.07521779999660794,False,
5818,0.0,0,0.0,5456.769112304657,optimal,0.0707442999992054,False,
5819,0.0,0,0.0,5456.769112304657,optimal,0.07033129999763332,False,
5820,0.0,0,0.0,5456.769112304657,optimal,0.06771069999376778,False,
5821,0.0,0,0.0,5456.769112304657,optimal,0.06961819999560248,False,
5822,0.0,0,0.0,5456.769112304657,optimal,0.07996180000191089,False,
5823,0.0,0,0.0,5456.769112304657,optimal,0.08072320000792388,False,
5824,0.0,0,0.0,5456.769112304657,optimal,0.0752444999961881,False,
5825,0.0,0,0.0,5456.769112304657,optimal,0.07842879999952856,False,
5826,0.0,0,0.0,5456.769112304657,optimal,0.06541740000830032,False,
5827,0.0,0,0.0,5456.769112304657,optimal,0.06788410000444856,False,
5828,0.0,0,0.0,5456.769112304657,optimal,0.07154230000742245,False,
5829,0.0,0,0.0,5456.769112304657,optimal,0.06710000000020955,False,
5830,0.0,0,0.0,5456.769112304657,optimal,0.07051609999325592,False,
5831,0.0,0,0.0,5456.769112304657,optimal,0.06491440000536386,False,
5832,0.0,0,0.0,5456.769112304657,optimal,0.07451840001158416,False,
5833,0.0,0,0.0,5456.769112304657,optimal,0.08344070000748616,False,
5834,0.0,0,0.0,5456.769112304657,optimal,0.09745509999629576,False,
5835,0.0,0,0.0,5456.769112304657,optimal,0.09146710000641178,False,
5836,0.0,0,0.0,5456.769112304657,optimal,0.07408379999105819,False,
5837,0.0,0,0.0,5456.769112304657,optimal,0.06728770000336226,False,
5838,0.0,0,0.0,5456.769112304657,optimal,0.08167670000693761,False,
5839,0.0,0,0.0,5456.769112304657,optimal,0.07885900000110269,False,
5840,0.0,0,0.0,5456.769112304657,optimal,0.07282479999412317,False,
5841,0.0,0,0.0,5456.769112304657,optimal,0.0662033000116935,False,
5842,0.0,0,0.0,5456.769112304657,optimal,0.07583859999431297,False,
5843,0.0,0,0.0,5456.769112304657,optimal,0.07324149999476504,False,
5844,0.0,0,0.0,5456.769112304657,optimal,0.09044630000425968,False,
5845,0.0,0,0.0,5456.769112304657,optimal,0.07397200001287274,False,
5846,0.0,0,0.0,5456.769112304657,optimal,0.07759599998826161,False,
5847,0.0,0,0.0,5456.769112304657,optimal,0.07750090000627097,False,
5848,0.0,0,0.0,5456.769112304657,optimal,0.0713170000090031,False,
5849,0.0,0,0.0,5456.769112304657,optimal,0.06416239999816753,False,
5850,0.0,0,0.0,5456.769112304657,optimal,0.06312479999905918,False,
5851,0.0,0,0.0,5456.769112304657,optimal,0.06240340000658762,False,
5852,0.0,0,0.0,5456.769112304657,optimal,0.06369530000665691,False,
5853,0.0,0,0.0,5456.769112304657,optimal,0.06275309999182355,False,
5854,0.0,0,0.0,5456.769112304657,optimal,0.05749610000930261,False,
5855,0.0,0,0.0,5456.769112304657,optimal,0.06201199999486562,False,
5856,0.0,0,0.0,5456.769112304657,optimal,0.06497949999175034,False,
5857,0.0,0,0.0,5456.769112304657,optimal,0.06432079999649432,False,
5858,0.0,0,0.0,5456.769112304657,optimal,0.08019350000540726,False,
5859,0.0,0,0.0,5456.769112304657,optimal,0.0726758999953745,False,
5860,0.0,0,0.0,5456.769112304657,optimal,0.06697739999799524,False,
5861,0.0,0,0.0,5456.769112304657,optimal,0.07239859999390319,False,
5862,0.0,0,0.0,5456.769112304657,optimal,0.07262440001068171,False,
5863,0.0,0,0.0,5456.769112304657,optimal,0.07099670000025071,False,
5864,0.0,0,0.0,5456.769112304657,optimal,0.0637981000036234,False,
5865,0.0,0,0.0,5456.769112304657,optimal,0.061906100003398024,False,
5866,0.0,0,0.0,5456.769112304657,optimal,0.057770100000198,False,
5867,0.0,0,0.0,5456.769112304657,optimal,0.06057509999664035,False,
5868,0.0,0,0.0,5456.769112304657,optimal,0.05601539999770466,False,
5869,0.0,0,0.0,5456.769112304657,optimal,0.07215050001104828,False,
5870,0.0,0,0.0,5456.769112304657,optimal,0.07025160000193864,False,
5871,0.0,0,0.0,5456.769112304657,optimal,0.06675209999957588,False,
5872,0.0,0,0.0,5456.769112304657,optimal,0.17927190000773408,False,
5873,0.0,0,0.0,5456.769112304657,optimal,0.06236260000150651,False,
5874,0.0,0,0.0,5456.769112304657,optimal,0.0621341000078246,False,
5875,0.0,0,0.0,5456.769112304657,optimal,0.05987460000324063,False,
5876,0.0,0,0.0,5456.769112304657,optimal,0.061507199992774986,False,
5877,0.0,0,0.0,5456.769112304657,optimal,0.1778308999928413,False,
5878,0.0,0,0.0,5456.769112304657,optimal,0.06487919999926817,False,
5879,0.0,0,0.0,5456.769112304657,optimal,0.06636779999826103,False,
5880,0.0,0,0.0,5456.769112304657,optimal,0.0661277000035625,False,
5881,0.0,0,0.0,5456.769112304657,optimal,0.06975599999714177,False,
5882,0.0,0,0.0,5456.769112304657,optimal,0.07199310000578407,False,
5883,0.0,0,0.0,5456.769112304657,optimal,0.06312140000227373,False,
5884,0.0,0,0.0,5456.769112304657,optimal,0.06053680001059547,False,
5885,0.0,0,0.0,5456.769112304657,optimal,0.06226930000411812,False,
5886,0.0,0,0.0,5456.769112304657,optimal,0.06613900000229478,False,
5887,0.0,0,0.0,5456.769112304657,optimal,0.07689810000010766,False,
5888,0.0,0,0.0,5456.769112304657,optimal,0.07882850000169128,False,
5889,0.0,0,0.0,5456.769112304657,optimal,0.06160040000395384,False,
5890,0.0,0,0.0,5456.769112304657,optimal,0.06496139999944717,False,
5891,0.0,0,0.0,5456.769112304657,optimal,0.06551659999240655,False,
5892,0.0,0,0.0,5456.769112304657,optimal,0.19808860000921413,False,
5893,0.0,0,0.0,5456.769112304657,optimal,0.05860049999319017,False,
5894,0.0,0,0.0,5456.769112304657,optimal,0.060275399999227375,False,
5895,0.0,0,0.0,5456.769112304657,optimal,0.06394500000169501,False,
5896,0.0,0,0.0,5456.769112304657,optimal,0.06568209998658858,False,
5897,0.0,0,0.0,5456.769112304657,optimal,0.08984179999970365,False,
5898,0.0,0,0.0,5456.769112304657,optimal,0.22733499998867046,False,
5899,0.0,0,0.0,5456.769112304657,optimal,0.0711044000054244,False,
5900,0.0,0,0.0,5456.769112304657,optimal,0.07120820001000538,False,
5901,0.0,0,0.0,5456.769112304657,optimal,0.08555640000849962,False,
5902,0.0,0,0.0,5456.769112304657,optimal,0.09032229999138508,False,
5903,0.0,0,0.0,5456.769112304657,optimal,0.0865843999927165,False,
5904,0.0,0,0.0,5456.769112304657,optimal,0.07199260000197683,False,
5905,0.0,0,0.0,5456.769112304657,optimal,0.07130209999741055,False,
5906,0.0,0,0.0,5456.769112304657,optimal,0.06875219999346882,False,
5907,0.0,0,0.0,5456.769112304657,optimal,0.08103309999569319,False,
5908,0.0,0,0.0,5456.769112304657,optimal,0.08126049999555107,False,
5909,0.0,0,0.0,5456.769112304657,optimal,0.20820290000119712,False,
5910,0.0,0,0.0,5456.769112304657,optimal,0.07698329999402631,False,
5911,0.0,0,0.0,5456.769112304657,optimal,0.06911630000104196,False,
5912,0.0,0,0.0,5456.769112304657,optimal,0.06435960000089835,False,
5913,0.0,0,0.0,5456.769112304657,optimal,0.07368989998940378,False,
5914,0.0,0,0.0,5456.769112304657,optimal,0.06646439999167342,False,
5915,0.0,0,0.0,5456.769112304657,optimal,0.059996900003170595,False,
5916,0.0,0,0.0,5456.769112304657,optimal,0.0636711999977706,False,
5917,0.0,0,0.0,5456.769112304657,optimal,0.04520930000580847,False,
5918,0.0,0,0.0,5456.769112304657,optimal,0.03859399999782909,False,
5919,0.0,0,0.0,5456.769112304657,optimal,0.03773880000517238,False,
5920,0.0,0,0.0,5456.769112304657,optimal,0.03290970000671223,False,
5921,0.0,0,0.0,5456.769112304657,optimal,0.03809240000555292,False,
5922,0.0,0,0.0,5456.769112304657,optimal,0.03348450000339653,False,
5923,0.0,0,0.0,5456.769112304657,optimal,0.041400999994948506,False,
5924,0.0,0,0.0,5456.769112304657,optimal,0.04491569999663625,False,
5925,0.0,0,0.0,5456.769112304657,optimal,0.12111469999945257,False,
5926,0.0,0,0.0,5456.769112304657,optimal,0.03422649999265559,False,
5927,0.0,0,0.0,5456.769112304657,optimal,0.038523900002473965,False,
5928,0.0,0,0.0,5456.769112304657,optimal,0.04326090001268312,False,
5929,0.0,0,0.0,5456.769112304657,optimal,0.034616400007507764,False,
5930,0.0,0,0.0,5456.769112304657,optimal,0.034650100002181716,False,
5931,0.0,0,0.0,5456.769112304657,optimal,0.04977399999916088,False,
5932,0.0,0,0.0,5456.769112304657,optimal,0.043384899996453896,False,
5933,0.0,0,0.0,5456.769112304657,optimal,0.03600610001012683,False,
5934,0.0,0,0.0,5456.769112304657,optimal,0.05182999999669846,False,
5935,0.0,0,0.0,5456.769112304657,optimal,0.049953800000366755,False,
5936,0.0,0,0.0,5456.769112304657,optimal,0.13731980000738986,False,
5937,0.0,0,0.0,5456.769112304657,optimal,0.04938229999970645,False,
5938,0.0,0,0.0,5456.769112304657,optimal,0.04793780000181869,False,
5939,0.0,0,0.0,5456.769112304657,optimal,0.05296340001223143,False,
5940,0.0,0,0.0,5456.769112304657,optimal,0.05807880000793375,False,
5941,0.0,0,0.0,5456.769112304657,optimal,0.06248320000304375,False,
5942,0.0,0,0.0,5456.769112304657,optimal,0.04454270000860561,False,
5943,0.0,0,0.0,5456.769112304657,optimal,0.038944900006754324,False,
5944,0.0,0,0.0,5456.769112304657,optimal,0.13840779999736696,False,
5945,0.0,0,0.0,5456.769112304657,optimal,0.03776030000881292,False,
5946,0.0,0,0.0,5456.769112304657,optimal,0.039224099993589334,False,
5947,0.0,0,0.0,5456.769112304657,optimal,0.15695309999864548,False,
5948,0.0,0,0.0,5456.769112304657,optimal,0.03289990000484977,False,
5949,0.0,0,0.0,5456.769112304657,optimal,0.039242300001205876,False,
5950,0.0,0,0.0,5456.769112304657,optimal,0.06586790000437759,False,
5951,0.0,0,0.0,5456.769112304657,optimal,0.05012880000867881,False,
5952,0.0,0,0.0,5456.769112304657,optimal,0.12984699998924043,False,
5953,0.0,0,0.0,5456.769112304657,optimal,0.04218089999631047,False,
5954,0.0,0,0.0,5456.769112304657,optimal,0.04444830000284128,False,
5955,0.0,0,0.0,5456.769112304657,optimal,0.03915019999840297,False,
5956,0.0,0,0.0,5456.769112304657,optimal,0.04261390000465326,False,
5957,0.0,0,0.0,5456.769112304657,optimal,0.04397810000227764,False,
5958,0.0,0,0.0,5456.769112304657,optimal,0.05046739999670535,False,
5959,0.0,0,0.0,5456.769112304657,optimal,0.039356499997666106,False,
5960,0.0,0,0.0,5456.769112304657,optimal,0.11989900001208298,False,
5961,0.0,0,0.0,5456.769112304657,optimal,0.11025630000222009,False,
5962,0.0,0,0.0,5456.769112304657,optimal,0.042453100002603605,False,
5963,0.0,0,0.0,5456.769112304657,optimal,0.05034190000151284,False,
5964,0.0,0,0.0,5456.769112304657,optimal,0.047379399999044836,False,
5965,0.0,0,0.0,5456.769112304657,optimal,0.7931029000028502,False,
5966,0.0,0,0.0,5456.769112304657,optimal,0.7737476000038441,False,
5967,0.0,0,0.0,5456.769112304657,optimal,0.03501720000349451,False,
5968,0.0,0,0.0,5456.769112304657,optimal,0.7169207000115421,False,
5969,0.0,0,0.0,5456.769112304657,optimal,0.6636348000029102,False,
5970,0.0,0,0.0,5456.769112304657,optimal,0.6193315999989863,False,
5971,0.0,0,0.0,5456.769112304657,optimal,0.5435237000056077,False,
5972,0.0,0,0.0,5456.769112304657,optimal,0.471196600003168,False,
5973,0.0,0,0.0,5456.769112304657,optimal,0.3752372999879299,False,
5974,0.0,0,0.0,5456.769112304657,optimal,0.22600360000797082,False,
5975,0.0,0,0.0,5456.769112304657,optimal,0.08538340000086464,False,
5976,0.0,0,0.0,5456.769112304657,optimal,0.05557670000416692,False,
5977,0.0,0,0.0,5456.769112304657,optimal,0.1346004999941215,False,
5978,0.0,0,0.0,5456.769112304657,optimal,0.039121800000430085,False,
5979,0.0,0,0.0,5456.769112304657,optimal,0.03536470000108238,False,
5980,0.0,0,0.0,5456.769112304657,optimal,0.03458859999955166,False,
5981,0.0,0,0.0,5456.769112304657,optimal,0.13707169999543112,False,
5982,0.0,0,0.0,5456.769112304657,optimal,0.04546329998993315,False,
5983,0.0,0,0.0,5456.769112304657,optimal,0.05732880000141449,False,
5984,0.0,0,0.0,5456.769112304657,optimal,0.04325370000151452,False,
5985,0.0,0,0.0,5456.769112304657,optimal,0.04646639998827595,False,
5986,0.0,0,0.0,5456.769112304657,optimal,0.03756939999584574,False,
5987,0.0,0,0.0,5456.769112304657,optimal,0.03839640000660438,False,
5988,0.0,0,0.0,5456.769112304657,optimal,0.12735600001178682,False,
5989,0.0,0,0.0,5456.769112304657,optimal,0.04854400000476744,False,
5990,0.0,0,0.0,5456.769112304657,optimal,0.03092849999666214,False,
5991,0.0,0,0.0,5456.769112304657,optimal,0.04328630000236444,False,
5992,0.0,0,0.0,5456.769112304657,optimal,0.05650890000106301,False,
5993,0.0,0,0.0,5456.769112304657,optimal,0.05096949999278877,False,
5994,0.0,0,0.0,5456.769112304657,optimal,0.03951789998973254,False,
5995,0.0,0,0.0,5456.769112304657,optimal,0.04806499999540392,False,
5996,0.0,0,0.0,5456.769112304657,optimal,0.04104440000082832,False,
5997,0.0,0,0.0,5456.769112304657,optimal,0.041167900009895675,False,
5998,0.0,0,0.0,5456.769112304657,optimal,0.048420099992654286,False,
5999,0.0,0,0.0,5456.769112304657,optimal,0.045398000002023764,False,
6000,0.0,0,0.0,5456.769112304657,optimal,0.039220799997565337,False,
6001,0.0,0,0.0,5456.769112304657,optimal,0.04769079999823589,False,
6002,0.0,0,0.0,5456.769112304657,optimal,0.051572199998190627,False,
6003,0.0,0,0.0,5456.769112304657,optimal,0.05090019998897333,False,
6004,0.0,0,0.0,5456.769112304657,optimal,0.03649549999681767,False,
6005,0.0,0,0.0,5456.769112304657,optimal,0.03926670001237653,False,
6006,0.0,0,0.0,5456.769112304657,optimal,0.05266560000018217,False,
6007,0.0,0,0.0,5456.769112304657,optimal,0.035555499998736195,False,
6008,0.0,0,0.0,5456.769112304657,optimal,0.03950959999929182,False,
6009,0.0,0,0.0,5456.769112304657,optimal,0.05291959999885876,False,
6010,0.0,0,0.0,5456.769112304657,optimal,0.046919999993406236,False,
6011,0.0,0,0.0,5456.769112304657,optimal,0.04271100000187289,False,
6012,0.0,0,0.0,5456.769112304657,optimal,0.048645399991073646,False,
6013,0.0,0,0.0,5456.769112304657,optimal,0.03907400000025518,False,
6014,0.0,0,0.0,5456.769112304657,optimal,0.04372089999378659,False,
6015,0.0,0,0.0,5456.769112304657,optimal,0.043759799998952076,False,
6016,0.0,0,0.0,5456.769112304657,optimal,0.049203999995370395,False,
6017,0.0,0,0.0,5456.769112304657,optimal,0.04077249999681953,False,
6018,0.0,0,0.0,5456.769112304657,optimal,0.04275029999553226,False,
6019,0.0,0,0.0,5456.769112304657,optimal,0.03834830000414513,False,
6020,0.0,0,0.0,5456.769112304657,optimal,0.046554200001992285,False,
6021,0.0,0,0.0,5456.769112304657,optimal,0.04322050001064781,False,
6022,0.0,0,0.0,5456.769112304657,optimal,0.04853450000518933,False,
6023,0.0,0,0.0,5456.769112304657,optimal,0.04104969999752939,False,
6024,0.0,0,0.0,5456.769112304657,optimal,0.03602709999540821,False,
6025,0.0,0,0.0,5456.769112304657,optimal,0.04060580000805203,False,
6026,0.0,0,0.0,5456.769112304657,optimal,0.04525409999769181,False,
6027,0.0,0,0.0,5456.769112304657,optimal,0.04556400000001304,False,
6028,0.0,0,0.0,5456.769112304657,optimal,0.04982240000390448,False,
6029,0.0,0,0.0,5456.769112304657,optimal,0.03600910000386648,False,
6030,0.0,0,0.0,5456.769112304657,optimal,0.038028399998438545,False,
6031,0.0,0,0.0,5456.769112304657,optimal,0.047584700005245395,False,
6032,0.0,0,0.0,5456.769112304657,optimal,0.057265700001153164,False,
6033,0.0,0,0.0,5456.769112304657,optimal,0.039661699993303046,False,
6034,0.0,0,0.0,5456.769112304657,optimal,0.04868459999852348,False,
6035,0.0,0,0.0,5456.769112304657,optimal,0.049753899991628714,False,
6036,0.0,0,0.0,5456.769112304657,optimal,0.040645500004757196,False,
6037,0.0,0,0.0,5456.769112304657,optimal,0.0499407000024803,False,
6038,0.0,0,0.0,5456.769112304657,optimal,0.04544579998764675,False,
6039,0.0,0,0.0,5456.769112304657,optimal,0.04253430000972003,False,
6040,0.0,0,0.0,5456.769112304657,optimal,0.04145710000011604,False,
6041,0.0,0,0.0,5456.769112304657,optimal,0.0468754000030458,False,
6042,0.0,0,0.0,5456.769112304657,optimal,0.039949799989699386,False,
6043,0.0,0,0.0,5456.769112304657,optimal,0.03905279999889899,False,
6044,0.0,0,0.0,5456.769112304657,optimal,0.03567300000577234,False,
6045,0.0,0,0.0,5456.769112304657,optimal,0.04293129999132361,False,
6046,0.0,0,0.0,5456.769112304657,optimal,0.044771000000764616,False,
6047,0.0,0,0.0,5456.769112304657,optimal,0.05583570001181215,False,
6048,0.0,0,0.0,5456.769112304657,optimal,0.0342876999930013,False,
6049,0.0,0,0.0,5456.769112304657,optimal,0.040812899998854846,False,
6050,0.0,0,0.0,5456.769112304657,optimal,0.040014600002905354,False,
6051,0.0,0,0.0,5456.769112304657,optimal,0.042087900001206435,False,
6052,0.0,0,0.0,5456.769112304657,optimal,0.03515270000207238,False,
6053,0.0,0,0.0,5456.769112304657,optimal,0.03525540001282934,False,
6054,0.0,0,0.0,5456.769112304657,optimal,0.062299900004290976,False,
6055,0.0,0,0.0,5456.769112304657,optimal,0.04479359999822918,False,
6056,0.0,0,0.0,5456.769112304657,optimal,0.04829249999602325,False,
6057,0.0,0,0.0,5456.769112304657,optimal,0.038846999988891184,False,
6058,0.0,0,0.0,5456.769112304657,optimal,0.052252499997848645,False,
6059,0.0,0,0.0,5456.769112304657,optimal,0.04467350000049919,False,
6060,0.0,0,0.0,5456.769112304657,optimal,0.04185680000227876,False,
6061,0.0,0,0.0,5456.769112304657,optimal,0.04907749999256339,False,
6062,0.0,0,0.0,5456.769112304657,optimal,0.04808269999921322,False,
6063,0.0,0,0.0,5456.769112304657,optimal,0.055301000000326894,False,
6064,0.0,0,0.0,5456.769112304657,optimal,0.04372230000444688,False,
6065,0.0,0,0.0,5456.769112304657,optimal,0.05037650000303984,False,
6066,0.0,0,0.0,5456.769112304657,optimal,0.0501531000045361,False,
6067,0.0,0,0.0,5456.769112304657,optimal,0.056464599998435006,False,
6068,0.0,0,0.0,5456.769112304657,optimal,0.03815779999422375,False,
6069,0.0,0,0.0,5456.769112304657,optimal,0.04092510000918992,False,
6070,0.0,0,0.0,5456.769112304657,optimal,0.049390899992431514,False,
6071,0.0,0,0.0,5456.769112304657,optimal,0.03965799999423325,False,
6072,0.0,0,0.0,5456.769112304657,optimal,0.04247310000937432,False,
6073,0.0,0,0.0,5456.769112304657,optimal,0.04060290000052191,False,
6074,0.0,0,0.0,5456.769112304657,optimal,0.052100399989285506,False,
6075,0.0,0,0.0,5456.769112304657,optimal,0.040103400009684265,False,
6076,0.0,0,0.0,5456.769112304657,optimal,0.03395440000167582,False,
6077,0.0,0,0.0,5456.769112304657,optimal,0.041277500000433065,False,
6078,0.0,0,0.0,5456.769112304657,optimal,0.0453611999982968,False,
6079,0.0,0,0.0,5456.769112304657,optimal,0.052738600003067404,False,
6080,0.0,0,0.0,5456.769112304657,optimal,0.043745000002672896,False,
6081,0.0,0,0.0,5456.769112304657,optimal,0.04355560000112746,False,
6082,0.0,0,0.0,5456.769112304657,optimal,0.04573969999910332,False,
6083,0.0,0,0.0,5456.769112304657,optimal,0.04625510000914801,False,
6084,0.0,0,0.0,5456.769112304657,optimal,0.056365500000538304,False,
6085,0.0,0,0.0,5456.769112304657,optimal,0.04748490000201855,False,
6086,0.0,0,0.0,5456.769112304657,optimal,0.037250800000038,False,
6087,0.0,0,0.0,5456.769112304657,optimal,0.032662499987054616,False,
6088,0.0,0,0.0,5456.769112304657,optimal,0.03687440000066999,False,
6089,0.0,0,0.0,5456.769112304657,optimal,0.055334400007268414,False,
6090,0.0,0,0.0,5456.769112304657,optimal,0.0344141999958083,False,
6091,0.0,0,0.0,5456.769112304657,optimal,0.040723999991314486,False,
6092,0.0,0,0.0,5456.769112304657,optimal,0.05345089999900665,False,
6093,0.0,0,0.0,5456.769112304657,optimal,0.03954620000149589,False,
6094,0.0,0,0.0,5456.769112304657,optimal,0.041829499998129904,False,
6095,0.0,0,0.0,5456.769112304657,optimal,0.04656779998913407,False,
6096,0.0,0,0.0,5456.769112304657,optimal,0.0426387000043178,False,
6097,0.0,0,0.0,5456.769112304657,optimal,0.04579849999572616,False,
6098,0.0,0,0.0,5456.769112304657,optimal,0.05449479998787865,False,
6099,0.0,0,0.0,5456.769112304657,optimal,0.03386080000200309,False,
6100,0.0,0,0.0,5456.769112304657,optimal,0.04573250000248663,False,
6101,0.0,0,0.0,5456.769112304657,optimal,0.08427849999861792,False,
6102,0.0,0,0.0,5456.769112304657,optimal,0.07772339999792166,False,
6103,0.0,0,0.0,5456.769112304657,optimal,0.14554680000583176,False,
6104,0.0,0,0.0,5456.769112304657,optimal,0.04009539999242406,False,
6105,0.0,0,0.0,5456.769112304657,optimal,0.043721599999116734,False,
6106,0.0,0,0.0,5456.769112304657,optimal,0.039748600000166334,False,
6107,0.0,0,0.0,5456.769112304657,optimal,0.03924469999037683,False,
6108,0.0,0,0.0,5456.769112304657,optimal,0.13306169999123085,False,
6109,0.0,0,0.0,5456.769112304657,optimal,0.041047699996852316,False,
6110,0.0,0,0.0,5456.769112304657,optimal,0.035138300008838996,False,
6111,0.0,0,0.0,5456.769112304657,optimal,0.03863999999884982,False,
6112,0.0,0,0.0,5456.769112304657,optimal,0.04024139999819454,False,
6113,0.0,0,0.0,5456.769112304657,optimal,0.04271419999713544,False,
6114,0.0,0,0.0,5456.769112304657,optimal,0.038921799990930595,False,
6115,0.0,0,0.0,5456.769112304657,optimal,0.039547000007587485,False,
6116,0.0,0,0.0,5456.769112304657,optimal,0.040735300004598685,False,
6117,0.0,0,0.0,5456.769112304657,optimal,0.03484400000888854,False,
6118,0.0,0,0.0,5456.769112304657,optimal,0.04049880000820849,False,
6119,0.0,0,0.0,5456.769112304657,optimal,0.03449069999624044,False,
6120,0.0,0,0.0,5456.769112304657,optimal,0.03725459999986924,False,
6121,0.0,0,0.0,5456.769112304657,optimal,0.04216409999935422,False,
6122,0.0,0,0.0,5456.769112304657,optimal,0.0449330999981612,False,
6123,0.0,0,0.0,5456.769112304657,optimal,0.04835759999696165,False,
6124,0.0,0,0.0,5456.769112304657,optimal,0.1366985999920871,False,
6125,0.0,0,0.0,5456.769112304657,optimal,0.04166700001223944,False,
6126,0.0,0,0.0,5456.769112304657,optimal,0.05019930000707973,False,
6127,0.0,0,0.0,5456.769112304657,optimal,0.04423769999993965,False,
6128,0.0,0,0.0,5456.769112304657,optimal,0.04061129999172408,False,
6129,0.0,0,0.0,5456.769112304657,optimal,0.04867799999192357,False,
6130,0.0,0,0.0,5456.769112304657,optimal,0.1175712999975076,False,
6131,0.0,0,0.0,5456.769112304657,optimal,0.046563800002331845,False,
6132,0.0,0,0.0,5456.769112304657,optimal,0.03991469999891706,False,
6133,0.0,0,0.0,5456.769112304657,optimal,0.04581440000038128,False,
6134,0.0,0,0.0,5456.769112304657,optimal,0.04436889999487903,False,
6135,0.0,0,0.0,5456.769112304657,optimal,0.05136470000434201,False,
6136,0.0,0,0.0,5456.769112304657,optimal,0.034233800004585646,False,
6137,0.0,0,0.0,5456.769112304657,optimal,0.049470699988887645,False,
6138,0.0,0,0.0,5456.769112304657,optimal,0.05352129999664612,False,
6139,0.0,0,0.0,5456.769112304657,optimal,0.043019799995818175,False,
6140,0.0,0,0.0,5456.769112304657,optimal,0.05179169999610167,False,
6141,0.0,0,0.0,5456.769112304657,optimal,0.05525089999719057,False,
6142,0.0,0,0.0,5456.769112304657,optimal,0.13162960000045132,False,
6143,0.0,0,0.0,5456.769112304657,optimal,0.037560300013865344,False,
6144,0.0,0,0.0,5456.769112304657,optimal,0.048804799997014925,False,
6145,0.0,0,0.0,5456.769112304657,optimal,0.04190280000329949,False,
6146,0.0,0,0.0,5456.769112304657,optimal,0.03596500000276137,False,
6147,0.0,0,0.0,5456.769112304657,optimal,0.036216199994669296,False,
6148,0.0,0,0.0,5456.769112304657,optimal,0.04281230000196956,False,
6149,0.0,0,0.0,5456.769112304657,optimal,0.05414480000035837,False,
6150,0.0,0,0.0,5456.769112304657,optimal,0.03918140000314452,False,
6151,0.0,0,0.0,5456.769112304657,optimal,0.04737610000302084,False,
6152,0.0,0,0.0,5456.769112304657,optimal,0.03718329999537673,False,
6153,0.0,0,0.0,5456.769112304657,optimal,0.04205410000577103,False,
6154,0.0,0,0.0,5456.769112304657,optimal,0.05398369999602437,False,
6155,0.0,0,0.0,5456.769112304657,optimal,0.04436369999893941,False,
6156,0.0,0,0.0,5456.769112304657,optimal,0.04121820000000298,False,
6157,0.0,0,0.0,5456.769112304657,optimal,0.04760219999297988,False,
6158,0.0,0,0.0,5456.769112304657,optimal,0.041742000001249835,False,
6159,0.0,0,0.0,5456.769112304657,optimal,0.05526580000878312,False,
6160,0.0,0,0.0,5456.769112304657,optimal,0.17329809999500867,False,
6161,0.0,0,0.0,5456.769112304657,optimal,0.0611676999978954,False,
6162,0.0,0,0.0,5456.769112304657,optimal,0.047254199991584755,False,
6163,0.0,0,0.0,5456.769112304657,optimal,0.056134900005417876,False,
6164,0.0,0,0.0,5456.769112304657,optimal,0.04733010000200011,False,
6165,0.0,0,0.0,5456.769112304657,optimal,0.13637949999247212,False,
6166,0.0,0,0.0,5456.769112304657,optimal,0.05004909999843221,False,
6167,0.0,0,0.0,5456.769112304657,optimal,0.05140499999106396,False,
6168,0.0,0,0.0,5456.769112304657,optimal,0.049614999996265396,False,
6169,0.0,0,0.0,5456.769112304657,optimal,0.04813470000226516,False,
6170,0.0,0,0.0,5456.769112304657,optimal,0.05135310000332538,False,
6171,0.0,0,0.0,5456.769112304657,optimal,0.054800899990368634,False,
6172,0.0,0,0.0,5456.769112304657,optimal,0.03620460000820458,False,
6173,0.0,0,0.0,5456.769112304657,optimal,0.22847079999337438,False,
6174,0.0,0,0.0,5456.769112304657,optimal,0.05230169999413192,False,
6175,0.0,0,0.0,5456.769112304657,optimal,0.052069699988351204,False,
6176,0.0,0,0.0,5456.769112304657,optimal,0.044749499997124076,False,
6177,0.0,0,0.0,5456.769112304657,optimal,0.08806690000346862,False,
6178,0.0,0,0.0,5456.769112304657,optimal,0.15526139999565203,False,
6179,0.0,0,0.0,5456.769112304657,optimal,0.3342397000087658,False,
6180,0.0,0,0.0,5456.769112304657,optimal,0.11496039999474306,False,
6181,0.0,0,0.0,5456.769112304657,optimal,0.10707070000353269,False,
6182,0.0,0,0.0,5456.769112304657,optimal,0.06234189998940565,False,
6183,0.0,0,0.0,5456.769112304657,optimal,0.11022650000813883,False,
6184,0.0,0,0.0,5456.769112304657,optimal,0.1896375999931479,False,
6185,0.0,0,0.0,5456.769112304657,optimal,0.05310850001114886,False,
6186,0.0,0,0.0,5456.769112304657,optimal,0.04453759999887552,False,
6187,0.0,0,0.0,5456.769112304657,optimal,0.036521599991829135,False,
6188,0.0,0,0.0,5456.769112304657,optimal,0.14243859999987762,False,
6189,0.0,0,0.0,5456.769112304657,optimal,0.045646600003237836,False,
6190,0.0,0,0.0,5456.769112304657,optimal,0.04760929998883512,False,
6191,0.0,0,0.0,5456.769112304657,optimal,0.044940599997062236,False,
6192,0.0,0,0.0,5456.769112304657,optimal,0.13465690000157338,False,
6193,0.0,0,0.0,5456.769112304657,optimal,0.04185329999017995,False,
6194,0.0,0,0.0,5456.769112304657,optimal,0.042245899996487424,False,
6195,0.0,0,0.0,5456.769112304657,optimal,0.049154700012877584,False,
6196,0.0,0,0.0,5456.769112304657,optimal,0.14588300000468735,False,
6197,0.0,0,0.0,5456.769112304657,optimal,0.15028719999827445,False,
6198,0.0,0,0.0,5456.769112304657,optimal,0.05441570001130458,False,
6199,0.0,0,0.0,5456.769112304657,optimal,0.1594053000007989,False,
6200,0.0,0,0.0,5456.769112304657,optimal,0.050324199997703545,False,
6201,0.0,0,0.0,5456.769112304657,optimal,0.15621469999314286,False,
6202,0.0,0,0.0,5456.769112304657,optimal,0.14772370000719093,False,
6203,0.0,0,0.0,5456.769112304657,optimal,0.15653680000104941,False,
6204,0.0,0,0.0,5456.769112304657,optimal,0.05059060000348836,False,
6205,0.0,0,0.0,5456.769112304657,optimal,0.04033509999862872,False,
6206,0.0,0,0.0,5456.769112304657,optimal,0.13970210000115912,False,
6207,0.0,0,0.0,5456.769112304657,optimal,0.04585149999184068,False,
6208,0.0,0,0.0,5456.769112304657,optimal,0.04829220000829082,False,
6209,0.0,0,0.0,5456.769112304657,optimal,0.0510095000063302,False,
6210,0.0,0,0.0,5456.769112304657,optimal,0.04167800000868738,False,
6211,0.0,0,0.0,5456.769112304657,optimal,0.039023299992550164,False,
6212,0.0,0,0.0,5456.769112304657,optimal,0.03798589999496471,False,
6213,0.0,0,0.0,5456.769112304657,optimal,0.13545640000666026,False,
6214,0.0,0,0.0,5456.769112304657,optimal,0.04201800000737421,False,
6215,0.0,0,0.0,5456.769112304657,optimal,0.0364531000086572,False,
6216,0.0,0,0.0,5456.769112304657,optimal,0.035654899998917244,False,
6217,0.0,0,0.0,5456.769112304657,optimal,0.05567549999977928,False,
6218,0.0,0,0.0,5456.769112304657,optimal,0.14496070001041517,False,
6219,0.0,0,0.0,5456.769112304657,optimal,0.06266209999739658,False,
6220,0.0,0,0.0,5456.769112304657,optimal,0.04605289999744855,False,
6221,0.0,0,0.0,5456.769112304657,optimal,0.04095919999235775,False,
6222,0.0,0,0.0,5456.769112304657,optimal,0.04000020000967197,False,
6223,0.0,0,0.0,5456.769112304657,optimal,0.04297680000308901,False,
6224,0.0,0,0.0,5456.769112304657,optimal,0.04958180000539869,False,
6225,0.0,0,0.0,5456.769112304657,optimal,0.049374600013834424,False,
6226,0.0,0,0.0,5456.769112304657,optimal,0.039317500006291084,False,
6227,0.0,0,0.0,5456.769112304657,optimal,0.04848199999833014,False,
6228,0.0,0,0.0,5456.769112304657,optimal,0.04634460000670515,False,
6229,0.0,0,0.0,5456.769112304657,optimal,0.0361957999994047,False,
6230,0.0,0,0.0,5456.769112304657,optimal,0.039779500002623536,False,
6231,0.0,0,0.0,5456.769112304657,optimal,0.04202629999781493,False,
6232,0.0,0,0.0,5456.769112304657,optimal,0.04569650000485126,False,
6233,0.0,0,0.0,5456.769112304657,optimal,0.03516279999166727,False,
6234,0.0,0,0.0,5456.769112304657,optimal,0.05756370000017341,False,
6235,0.0,0,0.0,5456.769112304657,optimal,0.03822280000895262,False,
6236,0.0,0,0.0,5456.769112304657,optimal,0.04463209999084938,False,
6237,0.0,0,0.0,5456.769112304657,optimal,0.04295839999394957,False,
6238,0.0,0,0.0,5456.769112304657,optimal,0.05112070000905078,False,
6239,0.0,0,0.0,5456.769112304657,optimal,0.03156449999369215,False,
6240,0.0,0,0.0,5456.769112304657,optimal,0.04043989999627229,False,
6241,0.0,0,0.0,5456.769112304657,optimal,0.0375964999984717,False,
6242,0.0,0,0.0,5456.769112304657,optimal,0.038713000001735054,False,
6243,0.0,0,0.0,5456.769112304657,optimal,0.039162600005511194,False,
6244,0.0,0,0.0,5456.769112304657,optimal,0.04471750000084285,False,
6245,0.0,0,0.0,5456.769112304657,optimal,0.04028689999540802,False,
6246,0.0,0,0.0,5456.769112304657,optimal,0.03932509999140166,False,
6247,0.0,0,0.0,5456.769112304657,optimal,0.04618510000000242,False,
6248,0.0,0,0.0,5456.769112304657,optimal,0.049196799998753704,False,
6249,0.0,0,0.0,5456.769112304657,optimal,0.04565859999274835,False,
6250,0.0,0,0.0,5456.769112304657,optimal,0.06406029999197926,False,
6251,0.0,0,0.0,5456.769112304657,optimal,0.03486610000254586,False,
6252,0.0,0,0.0,5456.769112304657,optimal,0.05280839999613818,False,
6253,0.0,0,0.0,5456.769112304657,optimal,0.05656029999954626,False,
6254,0.0,0,0.0,5456.769112304657,optimal,0.03933919999690261,False,
6255,0.0,0,0.0,5456.769112304657,optimal,0.044060699990950525,False,
6256,0.0,0,0.0,5456.769112304657,optimal,0.04187939999974333,False,
6257,0.0,0,0.0,5456.769112304657,optimal,0.0415011000004597,False,
6258,0.0,0,0.0,5456.769112304657,optimal,0.03831809999246616,False,
6259,0.0,0,0.0,5456.769112304657,optimal,0.04285879999224562,False,
6260,0.0,0,0.0,5456.769112304657,optimal,0.035567200000514276,False,
6261,0.0,0,0.0,5456.769112304657,optimal,0.05223939999996219,False,
6262,0.0,0,0.0,5456.769112304657,optimal,0.04486930000712164,False,
6263,0.0,0,0.0,5456.769112304657,optimal,0.052663599999505095,False,
6264,0.0,0,0.0,5456.769112304657,optimal,0.03468340000836179,False,
6265,0.0,0,0.0,5456.769112304657,optimal,0.03820850000192877,False,
6266,0.0,0,0.0,5456.769112304657,optimal,0.047336399991763756,False,
6267,0.0,0,0.0,5456.769112304657,optimal,0.04326000000583008,False,
6268,0.0,0,0.0,5456.769112304657,optimal,0.03524890000699088,False,
6269,0.0,0,0.0,5456.769112304657,optimal,0.04693480000423733,False,
6270,0.0,0,0.0,5456.769112304657,optimal,0.03601069998694584,False,
6271,0.0,0,0.0,5456.769112304657,optimal,0.03934740000113379,False,
6272,0.0,0,0.0,5456.769112304657,optimal,0.04523519999929704,False,
6273,0.0,0,0.0,5456.769112304657,optimal,0.04789349999919068,False,
6274,0.0,0,0.0,5456.769112304657,optimal,0.037519999998039566,False,
6275,0.0,0,0.0,5456.769112304657,optimal,0.06052400000044145,False,
6276,0.0,0,0.0,5456.769112304657,optimal,0.036563600006047636,False,
6277,0.0,0,0.0,5456.769112304657,optimal,0.03759330000320915,False,
6278,0.0,0,0.0,5456.769112304657,optimal,0.0435942000040086,False,
6279,0.0,0,0.0,5456.769112304657,optimal,0.03796919999876991,False,
6280,0.0,0,0.0,5456.769112304657,optimal,0.05962329999601934,False,
6281,0.0,0,0.0,5456.769112304657,optimal,0.03468080000311602,False,
6282,0.0,0,0.0,5456.769112304657,optimal,0.05279240000527352,False,
6283,0.0,0,0.0,5456.769112304657,optimal,0.03969900000083726,False,
6284,0.0,0,0.0,5456.769112304657,optimal,0.05415289998927619,False,
6285,0.0,0,0.0,5456.769112304657,optimal,0.04191260000516195,False,
6286,0.0,0,0.0,5456.769112304657,optimal,0.04027650000352878,False,
6287,0.0,0,0.0,5456.769112304657,optimal,0.047768999997060746,False,
6288,0.0,0,0.0,5456.769112304657,optimal,0.03974920000473503,False,
6289,0.0,0,0.0,5456.769112304657,optimal,0.03965120000066236,False,
6290,0.0,0,0.0,5456.769112304657,optimal,0.046809800012852065,False,
6291,0.0,0,0.0,5456.769112304657,optimal,0.03927359999215696,False,
6292,0.0,0,0.0,5456.769112304657,optimal,0.04130319999239873,False,
6293,0.0,0,0.0,5456.769112304657,optimal,0.040987300002598204,False,
6294,0.0,0,0.0,5456.769112304657,optimal,0.04724869999336079,False,
6295,0.0,0,0.0,5456.769112304657,optimal,0.037981099987518974,False,
6296,0.0,0,0.0,5456.769112304657,optimal,0.04129320000356529,False,
6297,0.0,0,0.0,5456.769112304657,optimal,0.03764519999094773,False,
6298,0.0,0,0.0,5456.769112304657,optimal,0.04446259999531321,False,
6299,0.0,0,0.0,5456.769112304657,optimal,0.03963260000455193,False,
6300,0.0,0,0.0,5456.769112304657,optimal,0.055799599998863414,False,
6301,0.0,0,0.0,5456.769112304657,optimal,0.04233840000233613,False,
6302,0.0,0,0.0,5456.769112304657,optimal,0.05362970000714995,False,
6303,0.0,0,0.0,5456.769112304657,optimal,0.039584799989825115,False,
6304,0.0,0,0.0,5456.769112304657,optimal,0.047931599998264574,False,
6305,0.0,0,0.0,5456.769112304657,optimal,0.03663990000495687,False,
6306,0.0,0,0.0,5456.769112304657,optimal,0.059193900000536814,False,
6307,0.0,0,0.0,5456.769112304657,optimal,0.03987520000373479,False,
6308,0.0,0,0.0,5456.769112304657,optimal,0.040467200000421144,False,
6309,0.0,0,0.0,5456.769112304657,optimal,0.07126439998683054,False,
6310,0.0,0,0.0,5456.769112304657,optimal,0.04059889999916777,False,
6311,0.0,0,0.0,5456.769112304657,optimal,0.03843470000720117,False,
6312,0.0,0,0.0,5456.769112304657,optimal,0.04004700000223238,False,
6313,0.0,0,0.0,5456.769112304657,optimal,0.04797869999310933,False,
6314,0.0,0,0.0,5456.769112304657,optimal,0.04794569998921361,False,
6315,0.0,0,0.0,5456.769112304657,optimal,0.04819919999863487,False,
6316,0.0,0,0.0,5456.769112304657,optimal,0.0474335000035353,False,
6317,0.0,0,0.0,5456.769112304657,optimal,0.04330830000981223,False,
6318,0.0,0,0.0,5456.769112304657,optimal,0.04867099999682978,False,
6319,0.0,0,0.0,5456.769112304657,optimal,0.047588199988240376,False,
6320,0.0,0,0.0,5456.769112304657,optimal,0.04074160000891425,False,
6321,0.0,0,0.0,5456.769112304657,optimal,0.039648600009968504,False,
6322,0.0,0,0.0,5456.769112304657,optimal,0.03931890000239946,False,
6323,0.0,0,0.0,5456.769112304657,optimal,0.038766099998611026,False,
6324,0.0,0,0.0,5456.769112304657,optimal,0.04342299999552779,False,
6325,0.0,0,0.0,5456.769112304657,optimal,0.048717600002419204,False,
6326,0.0,0,0.0,5456.769112304657,optimal,0.045104300006642006,False,
6327,0.0,0,0.0,5456.769112304657,optimal,0.03940929999225773,False,
6328,0.0,0,0.0,5456.769112304657,optimal,0.05854420000105165,False,
6329,0.0,0,0.0,5456.769112304657,optimal,0.03847320000932086,False,
6330,0.0,0,0.0,5456.769112304657,optimal,0.043170199991436675,False,
6331,0.0,0,0.0,5456.769112304657,optimal,0.04780889999528881,False,
6332,0.0,0,0.0,5456.769112304657,optimal,0.04557909999857657,False,
6333,0.0,0,0.0,5456.769112304657,optimal,0.039755799996783026,False,
6334,0.0,0,0.0,5456.769112304657,optimal,0.03583160000562202,False,
6335,0.0,0,0.0,5456.769112304657,optimal,0.037489199996343814,False,
6336,0.0,0,0.0,5456.769112304657,optimal,0.03982059999543708,False,
6337,0.0,0,0.0,5456.769112304657,optimal,0.13426370000524912,False,
6338,0.0,0,0.0,5456.769112304657,optimal,0.04185160000633914,False,
6339,0.0,0,0.0,5456.769112304657,optimal,0.04150680000020657,False,
6340,0.0,0,0.0,5456.769112304657,optimal,0.1455528999940725,False,
6341,0.0,0,0.0,5456.769112304657,optimal,0.052312999992864206,False,
6342,0.0,0,0.0,5456.769112304657,optimal,0.04455940000480041,False,
6343,0.0,0,0.0,5456.769112304657,optimal,0.05306590000691358,False,
6344,0.0,0,0.0,5456.769112304657,optimal,0.050256699993042275,False,
6345,0.0,0,0.0,5456.769112304657,optimal,0.041589300002669916,False,
6346,0.0,0,0.0,5456.769112304657,optimal,0.05259819999628235,False,
6347,0.0,0,0.0,5456.769112304657,optimal,0.04520970000885427,False,
6348,0.0,0,0.0,5456.769112304657,optimal,0.04726410000876058,False,
6349,0.0,0,0.0,5456.769112304657,optimal,0.05382070000632666,False,
6350,0.0,0,0.0,5456.769112304657,optimal,0.04098440000962,False,
6351,0.0,0,0.0,5456.769112304657,optimal,0.05813450001005549,False,
6352,0.0,0,0.0,5456.769112304657,optimal,0.044001300004310906,False,
6353,0.0,0,0.0,5456.769112304657,optimal,0.043418300003395416,False,
6354,0.0,0,0.0,5456.769112304657,optimal,0.042134799994528294,False,
6355,0.0,0,0.0,5456.769112304657,optimal,0.11629180000454653,False,
6356,0.0,0,0.0,5456.769112304657,optimal,0.05070239999622572,False,
6357,0.0,0,0.0,5456.769112304657,optimal,0.03653489999123849,False,
6358,0.0,0,0.0,5456.769112304657,optimal,0.039240099999005906,False,
6359,0.0,0,0.0,5456.769112304657,optimal,0.14977799999178387,False,
6360,0.0,0,0.0,5456.769112304657,optimal,0.04145109999808483,False,
6361,0.0,0,0.0,5456.769112304657,optimal,0.05490760000247974,False,
6362,0.0,0,0.0,5456.769112304657,optimal,0.05249940000066999,False,
6363,0.0,0,0.0,5456.769112304657,optimal,0.04601679999905173,False,
6364,0.0,0,0.0,5456.769112304657,optimal,0.04392200001166202,False,
6365,0.0,0,0.0,5456.769112304657,optimal,0.05288909999944735,False,
6366,0.0,0,0.0,5456.769112304657,optimal,0.051836300001014024,False,
6367,0.0,0,0.0,5456.769112304657,optimal,0.04024309999658726,False,
6368,0.0,0,0.0,5456.769112304657,optimal,0.0442343000031542,False,
6369,0.0,0,0.0,5456.769112304657,optimal,0.045400999995763414,False,
6370,0.0,0,0.0,5456.769112304657,optimal,0.03704250000009779,False,
6371,0.0,0,0.0,5456.769112304657,optimal,0.0495882000104757,False,
6372,0.0,0,0.0,5456.769112304657,optimal,0.15336560001014732,False,
6373,0.0,0,0.0,5456.769112304657,optimal,0.036876500002108514,False,
6374,0.0,0,0.0,5456.769112304657,optimal,0.041851100002531894,False,
6375,0.0,0,0.0,5456.769112304657,optimal,0.05394009999872651,False,
6376,0.0,0,0.0,5456.769112304657,optimal,0.049298099998850375,False,
6377,0.0,0,0.0,5456.769112304657,optimal,0.03855150000890717,False,
6378,0.0,0,0.0,5456.769112304657,optimal,0.04046289999678265,False,
6379,0.0,0,0.0,5456.769112304657,optimal,0.048236799993901514,False,
6380,0.0,0,0.0,5456.769112304657,optimal,0.03510690000257455,False,
6381,0.0,0,0.0,5456.769112304657,optimal,0.047960500000044703,False,
6382,0.0,0,0.0,5456.769112304657,optimal,0.043498600003658794,False,
6383,0.0,0,0.0,5456.769112304657,optimal,0.04518580000149086,False,
6384,0.0,0,0.0,5456.769112304657,optimal,0.043818499994813465,False,
6385,0.0,0,0.0,5456.769112304657,optimal,0.040636499994434416,False,
6386,0.0,0,0.0,5456.769112304657,optimal,0.058680899994215,False,
6387,0.0,0,0.0,5456.769112304657,optimal,0.0387473000009777,False,
6388,0.0,0,0.0,5456.769112304657,optimal,0.0435596000024816,False,
6389,0.0,0,0.0,5456.769112304657,optimal,0.03787309999461286,False,
6390,0.0,0,0.0,5456.769112304657,optimal,0.12928310000279453,False,
6391,0.0,0,0.0,5456.769112304657,optimal,0.034220100002130494,False,
6392,0.0,0,0.0,5456.769112304657,optimal,0.05136700000730343,False,
6393,0.0,0,0.0,5456.769112304657,optimal,0.04565159999765456,False,
6394,0.0,0,0.0,5456.769112304657,optimal,0.050373099991702475,False,
6395,0.0,0,0.0,5456.769112304657,optimal,0.04437609999149572,False,
6396,0.0,0,0.0,5456.769112304657,optimal,0.14143860001058783,False,
6397,0.0,0,0.0,5456.769112304657,optimal,0.041253000003052875,False,
6398,0.0,0,0.0,5456.769112304657,optimal,0.04527040000539273,False,
6399,0.0,0,0.0,5456.769112304657,optimal,0.04459379999025259,False,
6400,0.0,0,0.0,5456.769112304657,optimal,0.04189020000922028,False,
6401,0.0,0,0.0,5456.769112304657,optimal,0.037561499993898906,False,
6402,0.0,0,0.0,5456.769112304657,optimal,0.06079220000538044,False,
6403,0.0,0,0.0,5456.769112304657,optimal,0.055243699986021966,False,
6404,0.0,0,0.0,5456.769112304657,optimal,0.04302989999996498,False,
6405,0.0,0,0.0,5456.769112304657,optimal,0.140396700007841,False,
6406,0.0,0,0.0,5456.769112304657,optimal,0.04352389999257866,False,
6407,0.0,0,0.0,5456.769112304657,optimal,0.04624710000643972,False,
6408,0.0,0,0.0,5456.769112304657,optimal,0.052147300011711195,False,
6409,0.0,0,0.0,5456.769112304657,optimal,0.037451100011821836,False,
6410,0.0,0,0.0,5456.769112304657,optimal,0.04583589998946991,False,
6411,0.0,0,0.0,5456.769112304657,optimal,0.12687710000318475,False,
6412,0.0,0,0.0,5456.769112304657,optimal,0.04290809998929035,False,
6413,0.0,0,0.0,5456.769112304657,optimal,0.04007400000409689,False,
6414,0.0,0,0.0,5456.769112304657,optimal,0.05462789999728557,False,
6415,0.0,0,0.0,5456.769112304657,optimal,0.03704700000525918,False,
6416,0.0,0,0.0,5456.769112304657,optimal,0.13090800000645686,False,
6417,0.0,0,0.0,5456.769112304657,optimal,0.05553610000060871,False,
6418,0.0,0,0.0,5456.769112304657,optimal,0.03946159999759402,False,
6419,0.0,0,0.0,5456.769112304657,optimal,0.13025269999343436,False,
6420,0.0,0,0.0,5456.769112304657,optimal,0.04578179999953136,False,
6421,0.0,0,0.0,5456.769112304657,optimal,0.04961009998805821,False,
6422,0.0,0,0.0,5456.769112304657,optimal,0.04161050000402611,False,
6423,0.0,0,0.0,5456.769112304657,optimal,0.1293331000051694,False,
6424,0.0,0,0.0,5456.769112304657,optimal,0.0555717000097502,False,
6425,0.0,0,0.0,5456.769112304657,optimal,0.1305997000017669,False,
6426,0.0,0,0.0,5456.769112304657,optimal,0.04914069999358617,False,
6427,0.0,0,0.0,5456.769112304657,optimal,0.048240300006000325,False,
6428,0.0,0,0.0,5456.769112304657,optimal,0.12549839999701362,False,
6429,0.0,0,0.0,5456.769112304657,optimal,0.13346139999339357,False,
6430,0.0,0,0.0,5456.769112304657,optimal,0.04377109999768436,False,
6431,0.0,0,0.0,5456.769112304657,optimal,0.04908980001346208,False,
6432,0.0,0,0.0,5456.769112304657,optimal,0.1502972000016598,False,
6433,0.0,0,0.0,5456.769112304657,optimal,0.1306579999945825,False,
6434,0.0,0,0.0,5456.769112304657,optimal,0.04926470000646077,False,
6435,0.0,0,0.0,5456.769112304657,optimal,0.13384409999707714,False,
6436,0.0,0,0.0,5456.769112304657,optimal,0.048306199998478405,False,
6437,0.0,0,0.0,5456.769112304657,optimal,0.06901910000306088,False,
6438,0.0,0,0.0,5456.769112304657,optimal,0.15387520000513177,False,
6439,0.0,0,0.0,5456.769112304657,optimal,0.04082670000207145,False,
6440,0.0,0,0.0,5456.769112304657,optimal,0.05469850001099985,False,
6441,0.0,0,0.0,5456.769112304657,optimal,0.04908330000762362,False,
6442,0.0,0,0.0,5456.769112304657,optimal,0.05812539999897126,False,
6443,0.0,0,0.0,5456.769112304657,optimal,0.054955100000370294,False,
6444,0.0,0,0.0,5456.769112304657,optimal,0.17435099999420345,False,
6445,0.0,0,0.0,5456.769112304657,optimal,0.05487670000002254,False,
6446,0.0,0,0.0,5456.769112304657,optimal,0.05649310001172125,False,
6447,0.0,0,0.0,5456.769112304657,optimal,0.044800899995607324,False,
6448,0.0,0,0.0,5456.769112304657,optimal,0.052458499994827434,False,
6449,0.0,0,0.0,5456.769112304657,optimal,0.03448110001045279,False,
6450,0.0,0,0.0,5456.769112304657,optimal,0.1380090000020573,False,
6451,0.0,0,0.0,5456.769112304657,optimal,0.04237949999514967,False,
6452,0.0,0,0.0,5456.769112304657,optimal,0.04787110000324901,False,
6453,0.0,0,0.0,5456.769112304657,optimal,0.055556999999680556,False,
6454,0.0,0,0.0,5456.769112304657,optimal,0.053071700007421896,False,
6455,0.0,0,0.0,5456.769112304657,optimal,0.045497999992221594,False,
6456,0.0,0,0.0,5456.769112304657,optimal,0.04221729999699164,False,
6457,0.0,0,0.0,5456.769112304657,optimal,0.06405080000695307,False,
6458,0.0,0,0.0,5456.769112304657,optimal,0.05521620000945404,False,
6459,0.0,0,0.0,5456.769112304657,optimal,0.045528899994678795,False,
6460,0.0,0,0.0,5456.769112304657,optimal,0.041960399990784936,False,
6461,0.0,0,0.0,5456.769112304657,optimal,0.05407680000644177,False,
6462,0.0,0,0.0,5456.769112304657,optimal,0.03848899999866262,False,
6463,0.0,0,0.0,5456.769112304657,optimal,0.04701349999231752,False,
6464,0.0,0,0.0,5456.769112304657,optimal,0.0479098000068916,False,
6465,0.0,0,0.0,5456.769112304657,optimal,0.04178909999609459,False,
6466,0.0,0,0.0,5456.769112304657,optimal,0.04180979999364354,False,
6467,0.0,0,0.0,5456.769112304657,optimal,0.05141949999961071,False,
6468,0.0,0,0.0,5456.769112304657,optimal,0.043333800000254996,False,
6469,0.0,0,0.0,5456.769112304657,optimal,0.04746539999905508,False,
6470,0.0,0,0.0,5456.769112304657,optimal,0.043736399995395914,False,
6471,0.0,0,0.0,5456.769112304657,optimal,0.041870100001688115,False,
6472,0.0,0,0.0,5456.769112304657,optimal,0.04432220000308007,False,
6473,0.0,0,0.0,5456.769112304657,optimal,0.03902060000109486,False,
6474,0.0,0,0.0,5456.769112304657,optimal,0.03802069999801461,False,
6475,0.0,0,0.0,5456.769112304657,optimal,0.04598490000353195,False,
6476,0.0,0,0.0,5456.769112304657,optimal,0.053574199991999194,False,
6477,0.0,0,0.0,5456.769112304657,optimal,0.052525000006426126,False,
6478,0.0,0,0.0,5456.769112304657,optimal,0.044906499999342486,False,
6479,0.0,0,0.0,5456.769112304657,optimal,0.045327600004384294,False,
6480,0.0,0,0.0,5456.769112304657,optimal,0.03790399999707006,False,
6481,0.0,0,0.0,5456.769112304657,optimal,0.04771260000416078,False,
6482,0.0,0,0.0,5456.769112304657,optimal,0.04823719999694731,False,
6483,0.0,0,0.0,5456.769112304657,optimal,0.05369119999522809,False,
6484,0.0,0,0.0,5456.769112304657,optimal,0.04511960000672843,False,
6485,0.0,0,0.0,5456.769112304657,optimal,0.040820299996994436,False,
6486,0.0,0,0.0,5456.769112304657,optimal,0.04734590000589378,False,
6487,0.0,0,0.0,5456.769112304657,optimal,0.04417759999341797,False,
6488,0.0,0,0.0,5456.769112304657,optimal,0.058893900000839494,False,
6489,0.0,0,0.0,5456.769112304657,optimal,0.05422639999596868,False,
6490,0.0,0,0.0,5456.769112304657,optimal,0.06174019999161828,False,
6491,0.0,0,0.0,5456.769112304657,optimal,0.040944299995317124,False,
6492,0.0,0,0.0,5456.769112304657,optimal,0.03373959999589715,False,
6493,0.0,0,0.0,5456.769112304657,optimal,0.04952529999718536,False,
6494,0.0,0,0.0,5456.769112304657,optimal,0.04085899998608511,False,
6495,0.0,0,0.0,5456.769112304657,optimal,0.04601099999854341,False,
6496,0.0,0,0.0,5456.769112304657,optimal,0.07398640000610612,False,
6497,0.0,0,0.0,5456.769112304657,optimal,0.056382599999778904,False,
6498,0.0,0,0.0,5456.769112304657,optimal,0.04986680000729393,False,
6499,0.0,0,0.0,5456.769112304657,optimal,0.05535090000194032,False,
6500,0.0,0,0.0,5456.769112304657,optimal,0.03919620001397561,False,
6501,0.0,0,0.0,5456.769112304657,optimal,0.03741679999802727,False,
6502,0.0,0,0.0,5456.769112304657,optimal,0.037005499994847924,False,
6503,0.0,0,0.0,5456.769112304657,optimal,0.052354200000991113,False,
6504,0.0,0,0.0,5456.769112304657,optimal,0.04323879998992197,False,
6505,0.0,0,0.0,5456.769112304657,optimal,0.053302100001019426,False,
6506,0.0,0,0.0,5456.769112304657,optimal,0.051564900000812486,False,
6507,0.0,0,0.0,5456.769112304657,optimal,0.04792280000401661,False,
6508,0.0,0,0.0,5456.769112304657,optimal,0.047198000000207685,False,
6509,0.0,0,0.0,5456.769112304657,optimal,0.04951019999862183,False,
6510,0.0,0,0.0,5456.769112304657,optimal,0.0504027999995742,False,
6511,0.0,0,0.0,5456.769112304657,optimal,0.04752649999863934,False,
6512,0.0,0,0.0,5456.769112304657,optimal,0.05505260000063572,False,
6513,0.0,0,0.0,5456.769112304657,optimal,0.05012590000114869,False,
6514,0.0,0,0.0,5456.769112304657,optimal,0.056196599995018914,False,
6515,0.0,0,0.0,5456.769112304657,optimal,0.07083460000285413,False,
6516,0.0,0,0.0,5456.769112304657,optimal,0.05835000000661239,False,
6517,0.0,0,0.0,5456.769112304657,optimal,0.05306330000166781,False,
6518,0.0,0,0.0,5456.769112304657,optimal,0.0514917999971658,False,
6519,0.0,0,0.0,5456.769112304657,optimal,0.04873169999336824,False,
6520,0.0,0,0.0,5456.769112304657,optimal,0.05980450000788551,False,
6521,0.0,0,0.0,5456.769112304657,optimal,0.0531840000039665,False,
6522,0.0,0,0.0,5456.769112304657,optimal,0.05484989999968093,False,
6523,0.0,0,0.0,5456.769112304657,optimal,0.04984639999747742,False,
6524,0.0,0,0.0,5456.769112304657,optimal,0.04850089999672491,False,
6525,0.0,0,0.0,5456.769112304657,optimal,0.04751679999753833,False,
6526,0.0,0,0.0,5456.769112304657,optimal,0.041518900005030446,False,
6527,0.0,0,0.0,5456.769112304657,optimal,0.04346919999807142,False,
6528,0.0,0,0.0,5456.769112304657,optimal,0.04058410000288859,False,
6529,0.0,0,0.0,5456.769112304657,optimal,0.0437104000011459,False,
6530,0.0,0,0.0,5456.769112304657,optimal,0.04066739999689162,False,
6531,0.0,0,0.0,5456.769112304657,optimal,0.04949929998838343,False,
6532,0.0,0,0.0,5456.769112304657,optimal,0.05180330001167022,False,
6533,0.0,0,0.0,5456.769112304657,optimal,0.04125360000762157,False,
6534,0.0,0,0.0,5456.769112304657,optimal,0.04512399999657646,False,
6535,0.0,0,0.0,5456.769112304657,optimal,0.05080610000004526,False,
6536,0.0,0,0.0,5456.769112304657,optimal,0.046162500002537854,False,
6537,0.0,0,0.0,5456.769112304657,optimal,0.050058399996487424,False,
6538,0.0,0,0.0,5456.769112304657,optimal,0.05606339999940246,False,
6539,0.0,0,0.0,5456.769112304657,optimal,0.0473201999993762,False,
6540,0.0,0,0.0,5456.769112304657,optimal,0.043638600007398054,False,
6541,0.0,0,0.0,5456.769112304657,optimal,0.036673599999630824,False,
6542,0.0,0,0.0,5456.769112304657,optimal,0.051395600006799214,False,
6543,0.0,0,0.0,5456.769112304657,optimal,0.03794999999809079,False,
6544,0.0,0,0.0,5456.769112304657,optimal,0.0511660999909509,False,
6545,0.0,0,0.0,5456.769112304657,optimal,0.044659200008027256,False,
6546,0.0,0,0.0,5456.769112304657,optimal,0.051016999990679324,False,
6547,0.0,0,0.0,5456.769112304657,optimal,0.03649959999893326,False,
6548,0.0,0,0.0,5456.769112304657,optimal,0.03986809999332763,False,
6549,0.0,0,0.0,5456.769112304657,optimal,0.04263280000304803,False,
6550,0.0,0,0.0,5456.769112304657,optimal,0.046194399998057634,False,
6551,0.0,0,0.0,5456.769112304657,optimal,0.03466479999769945,False,
6552,0.0,0,0.0,5456.769112304657,optimal,0.04020079999463633,False,
6553,0.0,0,0.0,5456.769112304657,optimal,0.0526796999911312,False,
6554,0.0,0,0.0,5456.769112304657,optimal,0.04099799999676179,False,
6555,0.0,0,0.0,5456.769112304657,optimal,0.04999410000164062,False,
6556,0.0,0,0.0,5456.769112304657,optimal,0.03877260000444949,False,
6557,0.0,0,0.0,5456.769112304657,optimal,0.04067859999486245,False,
6558,0.0,0,0.0,5456.769112304657,optimal,0.041282899997895584,False,
6559,0.0,0,0.0,5456.769112304657,optimal,0.043726599993533455,False,
6560,0.0,0,0.0,5456.769112304657,optimal,0.03815980000945274,False,
6561,0.0,0,0.0,5456.769112304657,optimal,0.05280309999943711,False,
6562,0.0,0,0.0,5456.769112304657,optimal,0.04107730000396259,False,
6563,0.0,0,0.0,5456.769112304657,optimal,0.04914269999426324,False,
6564,0.0,0,0.0,5456.769112304657,optimal,0.050479499986977316,False,
6565,0.0,0,0.0,5456.769112304657,optimal,0.04496740001195576,False,
6566,0.0,0,0.0,5456.769112304657,optimal,0.13586219999706373,False,
6567,0.0,0,0.0,5456.769112304657,optimal,0.04264149999653455,False,
6568,0.0,0,0.0,5456.769112304657,optimal,0.05402330000652,False,
6569,0.0,0,0.0,5456.769112304657,optimal,0.04833400000643451,False,
6570,0.0,0,0.0,5456.769112304657,optimal,0.05303769999591168,False,
6571,0.0,0,0.0,5456.769112304657,optimal,0.04783200001111254,False,
6572,0.0,0,0.0,5456.769112304657,optimal,0.16942479999852367,False,
6573,0.0,0,0.0,5456.769112304657,optimal,0.04750159999821335,False,
6574,0.0,0,0.0,5456.769112304657,optimal,0.0401453000085894,False,
6575,0.0,0,0.0,5456.769112304657,optimal,0.06267980000120588,False,
6576,0.0,0,0.0,5456.769112304657,optimal,0.0529470999899786,False,
6577,0.0,0,0.0,5456.769112304657,optimal,0.04034730000421405,False,
6578,0.0,0,0.0,5456.769112304657,optimal,0.06866600000648759,False,
6579,0.0,0,0.0,5456.769112304657,optimal,0.07052680000197142,False,
6580,0.0,0,0.0,5456.769112304657,optimal,0.06207709999580402,False,
6581,0.0,0,0.0,5456.769112304657,optimal,0.06945059999998193,False,
6582,0.0,0,0.0,5456.769112304657,optimal,0.05665739999676589,False,
6583,0.0,0,0.0,5456.769112304657,optimal,0.057621200001449324,False,
6584,0.0,0,0.0,5456.769112304657,optimal,0.050664400012465194,False,
6585,0.0,0,0.0,5456.769112304657,optimal,0.08897640000213869,False,
6586,0.0,0,0.0,5456.769112304657,optimal,0.2006013000063831,False,
6587,0.0,0,0.0,5456.769112304657,optimal,0.07379439999931492,False,
6588,0.0,0,0.0,5456.769112304657,optimal,0.07742270000744611,False,
6589,0.0,0,0.0,5456.769112304657,optimal,0.06178550000186078,False,
6590,0.0,0,0.0,5456.769112304657,optimal,0.05230930000834633,False,
6591,0.0,0,0.0,5456.769112304657,optimal,0.04932429999462329,False,
6592,0.0,0,0.0,5456.769112304657,optimal,0.21714589999464806,False,
6593,0.0,0,0.0,5456.769112304657,optimal,0.06055860000196844,False,
6594,0.0,0,0.0,5456.769112304657,optimal,0.07176130000152625,False,
6595,0.0,0,0.0,5456.769112304657,optimal,0.06476539999130182,False,
6596,0.0,0,0.0,5456.769112304657,optimal,0.08948759999475442,False,
6597,0.0,0,0.0,5456.769112304657,optimal,0.06388529999821912,False,
6598,0.0,0,0.0,5456.769112304657,optimal,0.37758559999929275,False,
6599,0.0,0,0.0,5456.769112304657,optimal,0.3389653000049293,False,
6600,0.0,0,0.0,5456.769112304657,optimal,0.288891500007594,False,
6601,0.0,0,0.0,5456.769112304657,optimal,0.19910499999241438,False,
6602,0.0,0,0.0,5456.769112304657,optimal,0.09941450000042096,False,
6603,0.0,0,0.0,5456.769112304657,optimal,0.06637169999885373,False,
6604,0.0,0,0.0,5456.769112304657,optimal,0.15522970000165515,False,
6605,0.0,0,0.0,5456.769112304657,optimal,0.0555327999900328,False,
6606,0.0,0,0.0,5456.769112304657,optimal,0.07643410000309814,False,
6607,0.0,0,0.0,5456.769112304657,optimal,0.04886469998746179,False,
6608,0.0,0,0.0,5456.769112304657,optimal,0.0574752999964403,False,
6609,0.0,0,0.0,5456.769112304657,optimal,0.04888439999194816,False,
6610,0.0,0,0.0,5456.769112304657,optimal,0.053309399998397566,False,
6611,0.0,0,0.0,5456.769112304657,optimal,0.0558922999916831,False,
6612,0.0,0,0.0,5456.769112304657,optimal,0.055213999992702156,False,
6613,0.0,0,0.0,5456.769112304657,optimal,0.044905299990205094,False,
6614,0.0,0,0.0,5456.769112304657,optimal,0.055325099994661286,False,
6615,0.0,0,0.0,5456.769112304657,optimal,0.04514870001003146,False,
6616,0.0,0,0.0,5456.769112304657,optimal,0.09311240000533871,False,
6617,0.0,0,0.0,5456.769112304657,optimal,0.08035910000035074,False,
6618,0.0,0,0.0,5456.769112304657,optimal,0.05639500000688713,False,
6619,0.0,0,0.0,5456.769112304657,optimal,0.09871459999703802,False,
6620,0.0,0,0.0,5456.769112304657,optimal,0.07402069999079686,False,
6621,0.0,0,0.0,5456.769112304657,optimal,0.08012150001013651,False,
6622,0.0,0,0.0,5456.769112304657,optimal,0.09473260000231676,False,
6623,0.0,0,0.0,5456.769112304657,optimal,0.4024858999910066,False,
6624,0.0,0,0.0,5456.769112304657,optimal,0.05716820000088774,False,
6625,0.0,0,0.0,5456.769112304657,optimal,0.38949549999961164,False,
6626,0.0,0,0.0,5456.769112304657,optimal,0.326142499994603,False,
6627,0.0,0,0.0,5456.769112304657,optimal,0.28015390000655316,False,
6628,0.0,0,0.0,5456.769112304657,optimal,0.1796846000070218,False,
6629,0.0,0,0.0,5456.769112304657,optimal,0.1574285999959102,False,
6630,0.0,0,0.0,5456.769112304657,optimal,0.06905979999282863,False,
6631,0.0,0,0.0,5456.769112304657,optimal,0.07720569999946747,False,
6632,0.0,0,0.0,5456.769112304657,optimal,0.07336969999596477,False,
6633,0.0,0,0.0,5456.769112304657,optimal,0.07487090000358876,False,
6634,0.0,0,0.0,5456.769112304657,optimal,0.05909760000940878,False,
6635,0.0,0,0.0,5456.769112304657,optimal,0.058022800003527664,False,
6636,0.0,0,0.0,5456.769112304657,optimal,0.1599389000039082,False,
6637,0.0,0,0.0,5456.769112304657,optimal,0.045282299994141795,False,
6638,0.0,0,0.0,5456.769112304657,optimal,0.0542933999968227,False,
6639,0.0,0,0.0,5456.769112304657,optimal,0.04983910000009928,False,
6640,0.0,0,0.0,5456.769112304657,optimal,0.05319960000633728,False,
6641,0.0,0,0.0,5456.769112304657,optimal,0.05340530000103172,False,
6642,0.0,0,0.0,5456.769112304657,optimal,0.048415799989015795,False,
6643,0.0,0,0.0,5456.769112304657,optimal,0.13740639999741688,False,
6644,0.0,0,0.0,5456.769112304657,optimal,0.04609250000794418,False,
6645,0.0,0,0.0,5456.769112304657,optimal,0.13143520000448916,False,
6646,0.0,0,0.0,5456.769112304657,optimal,0.05619319999823347,False,
6647,0.0,0,0.0,5456.769112304657,optimal,0.05493560001195874,False,
6648,0.0,0,0.0,5456.769112304657,optimal,0.0459300000075018,False,
6649,0.0,0,0.0,5456.769112304657,optimal,0.039291499997489154,False,
6650,0.0,0,0.0,5456.769112304657,optimal,0.14879129998735152,False,
6651,0.0,0,0.0,5456.769112304657,optimal,0.04326159998890944,False,
6652,0.0,0,0.0,5456.769112304657,optimal,0.042107400004169904,False,
6653,0.0,0,0.0,5456.769112304657,optimal,0.05412349999824073,False,
6654,0.0,0,0.0,5456.769112304657,optimal,0.18857470000511967,False,
6655,0.0,0,0.0,5456.769112304657,optimal,0.19345989999419544,False,
6656,0.0,0,0.0,5456.769112304657,optimal,0.04312000000209082,False,
6657,0.0,0,0.0,5456.769112304657,optimal,0.19004190000123344,False,
6658,0.0,0,0.0,5456.769112304657,optimal,0.05273559999477584,False,
6659,0.0,0,0.0,5456.769112304657,optimal,0.09487760000047274,False,
6660,0.0,0,0.0,5456.769112304657,optimal,0.17873110000800807,False,
6661,0.0,0,0.0,5456.769112304657,optimal,0.07164629999897443,False,
6662,0.0,0,0.0,5456.769112304657,optimal,0.058623199991416186,False,
6663,0.0,0,0.0,5456.769112304657,optimal,0.17342249999637716,False,
6664,0.0,0,0.0,5456.769112304657,optimal,0.18018169999413658,False,
6665,0.0,0,0.0,5456.769112304657,optimal,0.05753270001150668,False,
6666,0.0,0,0.0,5456.769112304657,optimal,0.07122699999308679,False,
6667,0.0,0,0.0,5456.769112304657,optimal,0.0741388000024017,False,
6668,0.0,0,0.0,5456.769112304657,optimal,0.05825030000414699,False,
6669,0.0,0,0.0,5456.769112304657,optimal,0.056455699988873675,False,
6670,0.0,0,0.0,5456.769112304657,optimal,0.04136129999824334,False,
6671,0.0,0,0.0,5456.769112304657,optimal,0.2696904999902472,False,
6672,0.0,0,0.0,5456.769112304657,optimal,0.11619529999734368,False,
6673,0.0,0,0.0,5456.769112304657,optimal,0.22846089999075048,False,
6674,0.0,0,0.0,5456.769112304657,optimal,0.07973420000053011,False,
6675,0.0,0,0.0,5456.769112304657,optimal,0.22212160000344738,False,
6676,0.0,0,0.0,5456.769112304657,optimal,0.0541094000072917,False,
6677,0.0,0,0.0,5456.769112304657,optimal,0.07065310000325553,False,
6678,0.0,0,0.0,5456.769112304657,optimal,0.06493290000071283,False,
6679,0.0,0,0.0,5456.769112304657,optimal,0.06281889999809209,False,
6680,0.0,0,0.0,5456.769112304657,optimal,0.06878739999956451,False,
6681,0.0,0,0.0,5456.769112304657,optimal,0.05350350000662729,False,
6682,0.0,0,0.0,5456.769112304657,optimal,0.16246780000801664,False,
6683,0.0,0,0.0,5456.769112304657,optimal,0.05657680000877008,False,
6684,0.0,0,0.0,5456.769112304657,optimal,0.05502869999327231,False,
6685,0.0,0,0.0,5456.769112304657,optimal,0.04824779999034945,False,
6686,0.0,0,0.0,5456.769112304657,optimal,0.05120529999840073,False,
6687,0.0,0,0.0,5456.769112304657,optimal,0.050345100011327304,False,
6688,0.0,0,0.0,5456.769112304657,optimal,0.053912100003799424,False,
6689,0.0,0,0.0,5456.769112304657,optimal,0.04789380000147503,False,
6690,0.0,0,0.0,5456.769112304657,optimal,0.04760780000651721,False,
6691,0.0,0,0.0,5456.769112304657,optimal,0.04803109999920707,False,
6692,0.0,0,0.0,5456.769112304657,optimal,0.042332399985753,False,
6693,0.0,0,0.0,5456.769112304657,optimal,0.0372959000087576,False,
6694,0.0,0,0.0,5456.769112304657,optimal,0.043302699996274896,False,
6695,0.0,0,0.0,5456.769112304657,optimal,0.05214780000096653,False,
6696,0.0,0,0.0,5456.769112304657,optimal,0.03773389999696519,False,
6697,0.0,0,0.0,5456.769112304657,optimal,0.04594270000234246,False,
6698,0.0,0,0.0,5456.769112304657,optimal,0.039624700002605096,False,
6699,0.0,0,0.0,5456.769112304657,optimal,0.04262910000397824,False,
6700,0.0,0,0.0,5456.769112304657,optimal,0.053256899991538376,False,
6701,0.0,0,0.0,5456.769112304657,optimal,0.037282999997842126,False,
6702,0.0,0,0.0,5456.769112304657,optimal,0.04131109999434557,False,
6703,0.0,0,0.0,5456.769112304657,optimal,0.05603569999220781,False,
6704,0.0,0,0.0,5456.769112304657,optimal,0.04085589999158401,False,
6705,0.0,0,0.0,5456.769112304657,optimal,0.049382800003513694,False,
6706,0.0,0,0.0,5456.769112304657,optimal,0.06528260000050068,False,
6707,0.0,0,0.0,5456.769112304657,optimal,0.054728800008888356,False,
6708,0.0,0,0.0,5456.769112304657,optimal,0.03882129999692552,False,
6709,0.0,0,0.0,5456.769112304657,optimal,0.040470099993399344,False,
6710,0.0,0,0.0,5456.769112304657,optimal,0.04930850000528153,False,
6711,0.0,0,0.0,5456.769112304657,optimal,0.0543891999986954,False,
6712,0.0,0,0.0,5456.769112304657,optimal,0.056619700000737794,False,
6713,0.0,0,0.0,5456.769112304657,optimal,0.049692200002027676,False,
6714,0.0,0,0.0,5456.769112304657,optimal,0.05650930000410881,False,
6715,0.0,0,0.0,5456.769112304657,optimal,0.044662000000244007,False,
6716,0.0,0,0.0,5456.769112304657,optimal,0.0424256999976933,False,
6717,0.0,0,0.0,5456.769112304657,optimal,0.04362319999199826,False,
6718,0.0,0,0.0,5456.769112304657,optimal,0.04880680001224391,False,
6719,0.0,0,0.0,5456.769112304657,optimal,0.054085800002212636,False,
6720,0.0,0,0.0,5456.769112304657,optimal,0.04195510000863578,False,
6721,0.0,0,0.0,5456.769112304657,optimal,0.04179360000125598,False,
6722,0.0,0,0.0,5456.769112304657,optimal,0.04016060000867583,False,
6723,0.0,0,0.0,5456.769112304657,optimal,0.039978999993763864,False,
6724,0.0,0,0.0,5456.769112304657,optimal,0.05266739999933634,False,
6725,0.0,0,0.0,5456.769112304657,optimal,0.03784109999833163,False,
6726,0.0,0,0.0,5456.769112304657,optimal,0.044584600007510744,False,
6727,0.0,0,0.0,5456.769112304657,optimal,0.051858099992387,False,
6728,0.0,0,0.0,5456.769112304657,optimal,0.05145119999360759,False,
6729,0.0,0,0.0,5456.769112304657,optimal,0.04564080000272952,False,
6730,0.0,0,0.0,5456.769112304657,optimal,0.05469279999670107,False,
6731,0.0,0,0.0,5456.769112304657,optimal,0.03554289999010507,False,
6732,0.0,0,0.0,5456.769112304657,optimal,0.045613299997057766,False,
6733,0.0,0,0.0,5456.769112304657,optimal,0.0454914000001736,False,
6734,0.0,0,0.0,5456.769112304657,optimal,0.05380460000014864,False,
6735,0.0,0,0.0,5456.769112304657,optimal,0.051020600003539585,False,
6736,0.0,0,0.0,5456.769112304657,optimal,0.04310520000581164,False,
6737,0.0,0,0.0,5456.769112304657,optimal,0.03705749999789987,False,
6738,0.0,0,0.0,5456.769112304657,optimal,0.05744299999787472,False,
6739,0.0,0,0.0,5456.769112304657,optimal,0.03835029999027029,False,
6740,0.0,0,0.0,5456.769112304657,optimal,0.03943699999945238,False,
6741,0.0,0,0.0,5456.769112304657,optimal,0.04975070001091808,False,
6742,0.0,0,0.0,5456.769112304657,optimal,0.038538900000276044,False,
6743,0.0,0,0.0,5456.769112304657,optimal,0.03827790000650566,False,
6744,0.0,0,0.0,5456.769112304657,optimal,0.037771799994516186,False,
6745,0.0,0,0.0,5456.769112304657,optimal,0.05502730001171585,False,
6746,0.0,0,0.0,5456.769112304657,optimal,0.0459817000082694,False,
6747,0.0,0,0.0,5456.769112304657,optimal,0.04318210000928957,False,
6748,0.0,0,0.0,5456.769112304657,optimal,0.0533207999978913,False,
6749,0.0,0,0.0,5456.769112304657,optimal,0.03836849999788683,False,
6750,0.0,0,0.0,5456.769112304657,optimal,0.04911379999248311,False,
6751,0.0,0,0.0,5456.769112304657,optimal,0.04324080000515096,False,
6752,0.00027007999999995036,1,0.00027007999999995036,5459.469912304657,optimal,0.042768699990119785,False,
6753,0.0,0,0.0,5456.769112304657,optimal,0.042342799992184155,False,
6754,0.0,0,0.0,5456.769112304657,optimal,0.04309369999100454,False,
6755,0.0,0,0.0,5456.769112304657,optimal,0.039228399997227825,False,
6756,0.0,0,0.0,5456.769112304657,optimal,0.055477000001701526,False,
6757,0.0,0,0.0,5456.769112304657,optimal,0.04429730000265408,False,
6758,0.0,0,0.0,5456.769112304657,optimal,0.056724099995335564,False,
6759,0.0,0,0.0,5456.769112304657,optimal,0.045386099998722784,False,
6760,0.0,0,0.0,5456.769112304657,optimal,0.044359899999108166,False,
6761,0.0,0,0.0,5456.769112304657,optimal,0.04461050000099931,False,
6762,0.0,0,0.0,5456.769112304657,optimal,0.05220740000368096,False,
6763,0.0,0,0.0,5456.769112304657,optimal,0.045093299995642155,False,
6764,0.0,0,0.0,5456.769112304657,optimal,0.04134630000044126,False,
6765,0.0,0,0.0,5456.769112304657,optimal,0.04459760000463575,False,
6766,0.0,0,0.0,5456.769112304657,optimal,0.04633349999494385,False,
6767,0.0,0,0.0,5456.769112304657,optimal,0.03546759999881033,False,
6768,0.0,0,0.0,5456.769112304657,optimal,0.04213719999825116,False,
6769,0.0,0,0.0,5456.769112304657,optimal,0.038232099992455915,False,
6770,0.0,0,0.0,5456.769112304657,optimal,0.039322299999184906,False,
6771,0.0,0,0.0,5456.769112304657,optimal,0.050706599999102764,False,
6772,0.0,0,0.0,5456.769112304657,optimal,0.038621799991233274,False,
6773,0.0,0,0.0,5456.769112304657,optimal,0.04283059999579564,False,
6774,0.0,0,0.0,5456.769112304657,optimal,0.04881550000573043,False,
6775,0.0,0,0.0,5456.769112304657,optimal,0.03941889999259729,False,
6776,0.0,0,0.0,5456.769112304657,optimal,0.03857879999850411,False,
6777,0.0,0,0.0,5456.769112304657,optimal,0.04214660001161974,False,
6778,0.0,0,0.0,5456.769112304657,optimal,0.039254200004506856,False,
6779,0.0,0,0.0,5456.769112304657,optimal,0.05249560000083875,False,
6780,0.0,0,0.0,5456.769112304657,optimal,0.03527599999506492,False,
6781,0.0,0,0.0,5456.769112304657,optimal,0.03355789999477565,False,
6782,0.0,0,0.0,5456.769112304657,optimal,0.048908400000073016,False,
6783,0.0,0,0.0,5456.769112304657,optimal,0.04389159999846015,False,
6784,0.0,0,0.0,5456.769112304657,optimal,0.03949619999912102,False,
6785,0.0,0,0.0,5456.769112304657,optimal,0.043564399995375425,False,
6786,0.0,0,0.0,5456.769112304657,optimal,0.04213560000061989,False,
6787,0.0,0,0.0,5456.769112304657,optimal,0.05412669999350328,False,
6788,0.0,0,0.0,5456.769112304657,optimal,0.03649440000299364,False,
6789,0.0,0,0.0,5456.769112304657,optimal,0.040009200005442835,False,
6790,0.0,0,0.0,5456.769112304657,optimal,0.04597210000792984,False,
6791,0.0,0,0.0,5456.769112304657,optimal,0.05195880000246689,False,
6792,0.0,0,0.0,5456.769112304657,optimal,0.0340515999996569,False,
6793,0.0,0,0.0,5456.769112304657,optimal,0.03745480001089163,False,
6794,0.0,0,0.0,5456.769112304657,optimal,0.1512712000112515,False,
6795,0.0,0,0.0,5456.769112304657,optimal,0.035598300004494376,False,
6796,0.0,0,0.0,5456.769112304657,optimal,0.05463709999457933,False,
6797,0.0,0,0.0,5456.769112304657,optimal,0.053798000008100644,False,
6798,0.0,0,0.0,5456.769112304657,optimal,0.03758669999660924,False,
6799,0.0,0,0.0,5456.769112304657,optimal,0.06140469999809284,False,
6800,0.0,0,0.0,5456.769112304657,optimal,0.03897819999838248,False,
6801,0.0,0,0.0,5456.769112304657,optimal,0.12290869999560528,False,
6802,0.0,0,0.0,5456.769112304657,optimal,0.05546629999298602,False,
6803,0.0,0,0.0,5456.769112304657,optimal,0.047086100006708875,False,
6804,0.0,0,0.0,5456.769112304657,optimal,0.0509615000046324,False,
6805,0.0,0,0.0,5456.769112304657,optimal,0.05178219999652356,False,
6806,0.0,0,0.0,5456.769112304657,optimal,0.04282160000002477,False,
6807,0.0,0,0.0,5456.769112304657,optimal,0.05058239999925718,False,
6808,0.0,0,0.0,5456.769112304657,optimal,0.044887600000947714,False,
6809,0.0,0,0.0,5456.769112304657,optimal,0.0409364000079222,False,
6810,0.0,0,0.0,5456.769112304657,optimal,0.056180900006438605,False,
6811,0.0,0,0.0,5456.769112304657,optimal,0.054481299986946397,False,
6812,0.0,0,0.0,5456.769112304657,optimal,0.03589619998820126,False,
6813,0.0,0,0.0,5456.769112304657,optimal,0.051269999996293336,False,
6814,0.0,0,0.0,5456.769112304657,optimal,0.05085920001147315,False,
6815,0.0,0,0.0,5456.769112304657,optimal,0.05251910000515636,False,
6816,0.0,0,0.0,5456.769112304657,optimal,0.038398000004235655,False,
6817,0.0,0,0.0,5456.769112304657,optimal,0.12702630000421777,False,
6818,0.0,0,0.0,5456.769112304657,optimal,0.03517699999792967,False,
6819,0.0,0,0.0,5456.769112304657,optimal,0.04330879999906756,False,
6820,0.0,0,0.0,5456.769112304657,optimal,0.04028880000987556,False,
6821,0.0,0,0.0,5456.769112304657,optimal,0.14689329999964684,False,
6822,0.0,0,0.0,5456.769112304657,optimal,0.05027029999473598,False,
6823,0.06063300000000005,1,0.06063300000000005,6063.099112304658,optimal,0.04940590000478551,False,
6824,0.22707999999999995,1,0.22707999999999995,7727.569112304656,optimal,0.05170179999549873,False,
6825,0.0,0,0.0,5456.769112304657,optimal,0.05184540001209825,False,
6826,0.0,0,0.0,5456.769112304657,optimal,0.0514201000041794,False,
6827,0.0,0,0.0,5456.769112304657,optimal,0.041606500002671964,False,
6828,0.0,0,0.0,5456.769112304657,optimal,0.055003200002829544,False,
6829,0.0,0,0.0,5456.769112304657,optimal,0.037699199994676746,False,
6830,0.0,0,0.0,5456.769112304657,optimal,0.058722699992358685,False,
6831,0.0,0,0.0,5456.769112304657,optimal,0.04494199999317061,False,
6832,0.0,0,0.0,5456.769112304657,optimal,0.054543100006412715,False,
6833,0.0,0,0.0,5456.769112304657,optimal,0.038260200002696365,False,
6834,0.0,0,0.0,5456.769112304657,optimal,0.054640899994410574,False,
6835,0.0,0,0.0,5456.769112304657,optimal,0.13576050000847317,False,
6836,0.0,0,0.0,5456.769112304657,optimal,0.041849599991110153,False,
6837,0.0,0,0.0,5456.769112304657,optimal,0.04170120001072064,False,
6838,0.0,0,0.0,5456.769112304657,optimal,0.047829799994360656,False,
6839,0.0,0,0.0,5456.769112304657,optimal,0.03768609999679029,False,
6840,0.0,0,0.0,5456.769112304657,optimal,0.06062699999893084,False,
6841,0.0,0,0.0,5456.769112304657,optimal,0.04289009999774862,False,
6842,0.0,0,0.0,5456.769112304657,optimal,0.040166200007661246,False,
6843,0.0,0,0.0,5456.769112304657,optimal,0.03427000000374392,False,
6844,0.0,0,0.0,5456.769112304657,optimal,0.04445159999886528,False,
6845,0.0,0,0.0,5456.769112304657,optimal,0.043685299999197014,False,
6846,0.0,0,0.0,5456.769112304657,optimal,0.04319519999262411,False,
6847,0.0,0,0.0,5456.769112304657,optimal,0.0383189999993192,False,
6848,0.0,0,0.0,5456.769112304657,optimal,0.052719999992405064,False,
6849,0.0,0,0.0,5456.769112304657,optimal,0.04233649998786859,False,
6850,0.0,0,0.0,5456.769112304657,optimal,0.059689200003049336,False,
6851,0.0,0,0.0,5456.769112304657,optimal,0.13323449999734294,False,
6852,0.0,0,0.0,5456.769112304657,optimal,0.04592499999853317,False,
6853,0.0,0,0.0,5456.769112304657,optimal,0.12792650000483263,False,
6854,0.0,0,0.0,5456.769112304657,optimal,0.06926229999226052,False,
6855,0.0,0,0.0,5456.769112304657,optimal,0.03936880000401288,False,
6856,0.0,0,0.0,5456.769112304657,optimal,0.04976850000093691,False,
6857,0.0,0,0.0,5456.769112304657,optimal,0.054007399987312965,False,
6858,0.0,0,0.0,5456.769112304657,optimal,0.039339599999948405,False,
6859,2.277142730858295,3,1.3401199999999998,28228.19642088761,optimal,0.044383500004187226,False,
6860,0.9370227308582955,2,0.6908452340705487,14826.996420887612,optimal,0.047916399998939596,False,
6861,0.0,0,0.0,5456.769112304657,optimal,0.04392920000827871,False,
6862,0.0,0,0.0,5456.769112304657,optimal,0.03946830000495538,False,
6863,0.0,0,0.0,5456.769112304657,optimal,0.059194000001298264,False,
6864,0.0,0,0.0,5456.769112304657,optimal,0.04301579999446403,False,
6865,0.0,0,0.0,5456.769112304657,optimal,0.03642460000992287,False,
6866,0.0,0,0.0,5456.769112304657,optimal,0.055497399996966124,False,
6867,0.0,0,0.0,5456.769112304657,optimal,0.054523099999642,False,
6868,0.0,0,0.0,5456.769112304657,optimal,0.1334534000052372,False,
6869,0.0,0,0.0,5456.769112304657,optimal,0.04160490000504069,False,
6870,0.0,0,0.0,5456.769112304657,optimal,0.055540799992741086,False,
6871,0.0,0,0.0,5456.769112304657,optimal,0.03970660000049975,False,
6872,0.0,0,0.0,5456.769112304657,optimal,0.12719909999577794,False,
6873,0.0,0,0.0,5456.769112304657,optimal,0.03975999999966007,False,
6874,0.0,0,0.0,5456.769112304657,optimal,0.05077240000537131,False,
6875,0.0,0,0.0,5456.769112304657,optimal,0.07139979999919888,False,
6876,0.0,0,0.0,5456.769112304657,optimal,0.056726199996774085,False,
6877,0.0,0,0.0,5456.769112304657,optimal,0.047343699989141896,False,
6878,0.0,0,0.0,5456.769112304657,optimal,0.11038030000054277,False,
6879,0.0,0,0.0,5456.769112304657,optimal,0.12755550000292715,False,
6880,0.0,0,0.0,5456.769112304657,optimal,0.048229099993477575,False,
6881,0.0,0,0.0,5456.769112304657,optimal,0.040418300006422214,False,
6882,0.0,0,0.0,5456.769112304657,optimal,0.03965240000979975,False,
6883,0.0,0,0.0,5456.769112304657,optimal,0.04867609999200795,False,
6884,0.0,0,0.0,5456.769112304657,optimal,0.12765280000166968,False,
6885,0.0,0,0.0,5456.769112304657,optimal,0.15588400000706315,False,
6886,0.0,0,0.0,5456.769112304657,optimal,0.04415109999536071,False,
6887,0.0,0,0.0,5456.769112304657,optimal,0.06055740000738297,False,
6888,0.0,0,0.0,5456.769112304657,optimal,0.05310330000065733,False,
6889,0.0,0,0.0,5456.769112304657,optimal,0.14752510000835173,False,
6890,0.0,0,0.0,5456.769112304657,optimal,0.04105479999270756,False,
6891,0.0,0,0.0,5456.769112304657,optimal,0.1362189999927068,False,
6892,0.0,0,0.0,5456.769112304657,optimal,0.042162600002484396,False,
6893,0.0,0,0.0,5456.769112304657,optimal,0.15054859999509063,False,
6894,0.0,0,0.0,5456.769112304657,optimal,0.051361999998334795,False,
6895,0.0,0,0.0,5456.769112304657,optimal,0.04899689999001566,False,
6896,0.0,0,0.0,5456.769112304657,optimal,0.052428800001507625,False,
6897,0.0,0,0.0,5456.769112304657,optimal,0.1420049000007566,False,
6898,0.0,0,0.0,5456.769112304657,optimal,0.04759980000380892,False,
6899,0.0,0,0.0,5456.769112304657,optimal,0.049863600012031384,False,
6900,0.0,0,0.0,5456.769112304657,optimal,0.04258180000761058,False,
6901,0.0,0,0.0,5456.769112304657,optimal,0.04023490000690799,False,
6902,0.0,0,0.0,5456.769112304657,optimal,0.15346739999949932,False,
6903,0.0,0,0.0,5456.769112304657,optimal,0.0491016000014497,False,
6904,0.0,0,0.0,5456.769112304657,optimal,0.05319510000117589,False,
6905,0.0,0,0.0,5456.769112304657,optimal,0.05751579999923706,False,
6906,0.0,0,0.0,5456.769112304657,optimal,0.06583940000564326,False,
6907,0.0,0,0.0,5456.769112304657,optimal,0.05387729998619761,False,
6908,0.0,0,0.0,5456.769112304657,optimal,0.13265339999634307,False,
6909,0.0,0,0.0,5456.769112304657,optimal,0.037021399999503046,False,
6910,0.0,0,0.0,5456.769112304657,optimal,0.13861010000982787,False,
6911,0.0,0,0.0,5456.769112304657,optimal,0.033184300002176315,False,
6912,0.0,0,0.0,5456.769112304657,optimal,0.059036799997556955,False,
6913,0.0,0,0.0,5456.769112304657,optimal,0.0487896999984514,False,
6914,0.0,0,0.0,5456.769112304657,optimal,0.06990200000291225,False,
6915,0.0,0,0.0,5456.769112304657,optimal,0.06869639999058563,False,
6916,0.0,0,0.0,5456.769112304657,optimal,0.14203629999246914,False,
6917,0.0,0,0.0,5456.769112304657,optimal,0.05376780001097359,False,
6918,0.0,0,0.0,5456.769112304657,optimal,0.050759799996740185,False,
6919,0.0,0,0.0,5456.769112304657,optimal,0.053376800002297387,False,
6920,0.0,0,0.0,5456.769112304657,optimal,0.05311269999947399,False,
6921,0.0,0,0.0,5456.769112304657,optimal,0.04221980000147596,False,
6922,0.0,0,0.0,5456.769112304657,optimal,0.04703840000729542,False,
6923,0.0,0,0.0,5456.769112304657,optimal,0.04973349999636412,False,
6924,0.0,0,0.0,5456.769112304657,optimal,0.042634000012185425,False,
6925,0.0,0,0.0,5456.769112304657,optimal,0.050517600000603124,False,
6926,0.0,0,0.0,5456.769112304657,optimal,0.05584070000622887,False,
6927,0.0,0,0.0,5456.769112304657,optimal,0.06212539999978617,False,
6928,0.0,0,0.0,5456.769112304657,optimal,0.06807300000218675,False,
6929,0.0,0,0.0,5456.769112304657,optimal,0.07140450000588316,False,
6930,0.0,0,0.0,5456.769112304657,optimal,0.059081900006276555,False,
6931,0.0,0,0.0,5456.769112304657,optimal,0.05475690000457689,False,
6932,0.0,0,0.0,5456.769112304657,optimal,0.046866100004990585,False,
6933,0.0,0,0.0,5456.769112304657,optimal,0.059489399995072745,False,
6934,0.0,0,0.0,5456.769112304657,optimal,0.05937160000030417,False,
6935,0.0,0,0.0,5456.769112304657,optimal,0.05076450000342447,False,
6936,0.0,0,0.0,5456.769112304657,optimal,0.05363480000232812,False,
6937,0.0,0,0.0,5456.769112304657,optimal,0.06704270000045653,False,
6938,0.0,0,0.0,5456.769112304657,optimal,0.04150609999487642,False,
6939,0.0,0,0.0,5456.769112304657,optimal,0.05001629999605939,False,
6940,0.0,0,0.0,5456.769112304657,optimal,0.04104809999989811,False,
6941,0.0,0,0.0,5456.769112304657,optimal,0.04787159999250434,False,
6942,0.0,0,0.0,5456.769112304657,optimal,0.039053400003467686,False,
6943,0.0,0,0.0,5456.769112304657,optimal,0.039702499998384155,False,
6944,0.0,0,0.0,5456.769112304657,optimal,0.03720350000367034,False,
6945,0.0,0,0.0,5456.769112304657,optimal,0.03798200000892393,False,
6946,0.0,0,0.0,5456.769112304657,optimal,0.056792900009895675,False,
6947,0.0,0,0.0,5456.769112304657,optimal,0.0516899999929592,False,
6948,0.0,0,0.0,5456.769112304657,optimal,0.04626030000508763,False,
6949,0.0,0,0.0,5456.769112304657,optimal,0.03508960000181105,False,
6950,0.0,0,0.0,5456.769112304657,optimal,0.03606130000844132,False,
6951,0.0,0,0.0,5456.769112304657,optimal,0.05387959998915903,False,
6952,0.0,0,0.0,5456.769112304657,optimal,0.040183300006901845,False,
6953,0.0,0,0.0,5456.769112304657,optimal,0.04281879999325611,False,
6954,0.0,0,0.0,5456.769112304657,optimal,0.04910959998960607,False,
6955,0.0,0,0.0,5456.769112304657,optimal,0.05527270000311546,False,
6956,0.0,0,0.0,5456.769112304657,optimal,0.05144730000756681,False,
6957,0.0,0,0.0,5456.769112304657,optimal,0.04136350000044331,False,
6958,0.0,0,0.0,5456.769112304657,optimal,0.04438190000655595,False,
6959,0.0,0,0.0,5456.769112304657,optimal,0.03835610000533052,False,
6960,0.0,0,0.0,5456.769112304657,optimal,0.039791500006685965,False,
6961,0.0,0,0.0,5456.769112304657,optimal,0.04827389999991283,False,
6962,0.0,0,0.0,5456.769112304657,optimal,0.0444537000003038,False,
6963,0.0,0,0.0,5456.769112304657,optimal,0.04847710000467487,False,
6964,0.0,0,0.0,5456.769112304657,optimal,0.04806920001283288,False,
6965,0.0,0,0.0,5456.769112304657,optimal,0.04445250000571832,False,
6966,0.0,0,0.0,5456.769112304657,optimal,0.038401600002544,False,
6967,0.0,0,0.0,5456.769112304657,optimal,0.04811620000691619,False,
6968,0.0,0,0.0,5456.769112304657,optimal,0.03969869999855291,False,
6969,0.0,0,0.0,5456.769112304657,optimal,0.04010959999868646,False,
6970,0.0,0,0.0,5456.769112304657,optimal,0.043564199993852526,False,
6971,0.0,0,0.0,5456.769112304657,optimal,0.03497199999401346,False,
6972,0.0,0,0.0,5456.769112304657,optimal,0.04076629999326542,False,
6973,0.0,0,0.0,5456.769112304657,optimal,0.044522199998027645,False,
6974,0.0,0,0.0,5456.769112304657,optimal,0.03742339999007527,False,
6975,0.0,0,0.0,5456.769112304657,optimal,0.0422470999910729,False,
6976,0.0,0,0.0,5456.769112304657,optimal,0.046554200001992285,False,
6977,0.0,0,0.0,5456.769112304657,optimal,0.054146499998751096,False,
6978,0.0,0,0.0,5456.769112304657,optimal,0.055440400014049374,False,
6979,0.0,0,0.0,5456.769112304657,optimal,0.04475839999213349,False,
6980,0.0,0,0.0,5456.769112304657,optimal,0.0466174999892246,False,
6981,0.0,0,0.0,5456.769112304657,optimal,0.047991500003263354,False,
6982,0.0,0,0.0,5456.769112304657,optimal,0.037788200002978556,False,
6983,0.0,0,0.0,5456.769112304657,optimal,0.04070910000882577,False,
6984,0.0,0,0.0,5456.769112304657,optimal,0.05074830001103692,False,
6985,0.0,0,0.0,5456.769112304657,optimal,0.0347922000073595,False,
6986,0.0,0,0.0,5456.769112304657,optimal,0.050619000001461245,False,
6987,0.0,0,0.0,5456.769112304657,optimal,0.04442699998617172,False,
6988,0.0,0,0.0,5456.769112304657,optimal,0.038679399993270636,False,
6989,0.0,0,0.0,5456.769112304657,optimal,0.05631730001186952,False,
6990,0.0,0,0.0,5456.769112304657,optimal,0.048842700009117834,False,
6991,0.0,0,0.0,5456.769112304657,optimal,0.04925290000392124,False,
6992,0.0,0,0.0,5456.769112304657,optimal,0.04316099999414291,False,
6993,0.0,0,0.0,5456.769112304657,optimal,0.03554480000457261,False,
6994,0.0,0,0.0,5456.769112304657,optimal,0.037270300003001466,False,
6995,0.0,0,0.0,5456.769112304657,optimal,0.053897999998298474,False,
6996,0.0,0,0.0,5456.769112304657,optimal,0.04359919999842532,False,
6997,0.0,0,0.0,5456.769112304657,optimal,0.049685799996950664,False,
6998,0.0,0,0.0,5456.769112304657,optimal,0.05271230000653304,False,
6999,0.0,0,0.0,5456.769112304657,optimal,0.05026479999651201,False,
7000,0.0,0,0.0,5456.769112304657,optimal,0.039494600001489744,False,
7001,0.0,0,0.0,5456.769112304657,optimal,0.044442899990826845,False,
7002,0.0,0,0.0,5456.769112304657,optimal,0.04194830000051297,False,
7003,0.0,0,0.0,5456.769112304657,optimal,0.040113800001563504,False,
7004,0.0,0,0.0,5456.769112304657,optimal,0.0518692000041483,False,
7005,0.0,0,0.0,5456.769112304657,optimal,0.04646100000536535,False,
7006,0.0,0,0.0,5456.769112304657,optimal,0.04226560000097379,False,
7007,0.0,0,0.0,5456.769112304657,optimal,0.048895800005993806,False,
7008,0.0,0,0.0,5456.769112304657,optimal,0.045816199999535456,False,
7009,0.0,0,0.0,5456.769112304657,optimal,0.042315400001825765,False,
7010,0.0,0,0.0,5456.769112304657,optimal,0.0812143999937689,False,
7011,0.0,0,0.0,5456.769112304657,optimal,0.06534870000905357,False,
7012,0.0,0,0.0,5456.769112304657,optimal,0.06940409999515396,False,
7013,0.0,0,0.0,5456.769112304657,optimal,0.043876199997612275,False,
7014,0.0,0,0.0,5456.769112304657,optimal,0.0507598000112921,False,
7015,0.0,0,0.0,5456.769112304657,optimal,0.06299770000623539,False,
7016,0.0,0,0.0,5456.769112304657,optimal,0.051078999997116625,False,
7017,0.0,0,0.0,5456.769112304657,optimal,0.05362730000342708,False,
7018,0.0,0,0.0,5456.769112304657,optimal,0.052865099991322495,False,
7019,0.0,0,0.0,5456.769112304657,optimal,0.04077189999225084,False,
7020,0.0,0,0.0,5456.769112304657,optimal,0.049317199998768046,False,
7021,0.0,0,0.0,5456.769112304657,optimal,0.06010450000758283,False,
7022,0.0,0,0.0,5456.769112304657,optimal,0.04333420000330079,False,
7023,0.0,0,0.0,5456.769112304657,optimal,0.04546039999695495,False,
7024,0.0,0,0.0,5456.769112304657,optimal,0.04739279999921564,False,
7025,0.0,0,0.0,5456.769112304657,optimal,0.10569849998864811,False,
7026,0.0,0,0.0,5456.769112304657,optimal,0.04320620000362396,False,
7027,0.0,0,0.0,5456.769112304657,optimal,0.03732780000427738,False,
7028,0.0,0,0.0,5456.769112304657,optimal,0.04933100000198465,False,
7029,0.0,0,0.0,5456.769112304657,optimal,0.03631860000314191,False,
7030,0.0,0,0.0,5456.769112304657,optimal,0.16438940000080038,False,
7031,0.0,0,0.0,5456.769112304657,optimal,0.04928370000561699,False,
7032,0.0,0,0.0,5456.769112304657,optimal,0.04461890000675339,False,
7033,0.0,0,0.0,5456.769112304657,optimal,0.060976900000241585,False,
7034,0.0,0,0.0,5456.769112304657,optimal,0.03760640000109561,False,
7035,0.0,0,0.0,5456.769112304657,optimal,0.054519400000572205,False,
7036,0.0,0,0.0,5456.769112304657,optimal,0.05118840000068303,False,
7037,0.0,0,0.0,5456.769112304657,optimal,0.044613300007767975,False,
7038,0.0,0,0.0,5456.769112304657,optimal,0.0554444000008516,False,
7039,0.0,0,0.0,5456.769112304657,optimal,0.03510150000511203,False,
7040,0.0,0,0.0,5456.769112304657,optimal,0.03956570000445936,False,
7041,0.0,0,0.0,5456.769112304657,optimal,0.04149150000012014,False,
7042,0.0,0,0.0,5456.769112304657,optimal,0.05676530000346247,False,
7043,0.0,0,0.0,5456.769112304657,optimal,0.05494059999182355,False,
7044,0.0,0,0.0,5456.769112304657,optimal,0.05034010000235867,False,
7045,0.0,0,0.0,5456.769112304657,optimal,0.06684220000170171,False,
7046,0.0,0,0.0,5456.769112304657,optimal,0.06073800000012852,False,
7047,0.0,0,0.0,5456.769112304657,optimal,0.05329660000279546,False,
7048,0.0,0,0.0,5456.769112304657,optimal,0.037425400005304255,False,
7049,0.0,0,0.0,5456.769112304657,optimal,0.0413395999930799,False,
7050,0.0,0,0.0,5456.769112304657,optimal,0.14081499999156222,False,
7051,0.0,0,0.0,5456.769112304657,optimal,0.038833700004033744,False,
7052,0.0,0,0.0,5456.769112304657,optimal,0.05853209999622777,False,
7053,0.0,0,0.0,5456.769112304657,optimal,0.052751199997146614,False,
7054,0.0,0,0.0,5456.769112304657,optimal,0.14148930000374094,False,
7055,0.0,0,0.0,5456.769112304657,optimal,0.05925409999326803,False,
7056,0.0,0,0.0,5456.769112304657,optimal,0.0459195000003092,False,
7057,0.0,0,0.0,5456.769112304657,optimal,0.05731040000682697,False,
7058,0.0,0,0.0,5456.769112304657,optimal,0.041217599995434284,False,
7059,0.0,0,0.0,5456.769112304657,optimal,0.048918899992713705,False,
7060,0.0,0,0.0,5456.769112304657,optimal,0.04163849999895319,False,
7061,0.0,0,0.0,5456.769112304657,optimal,0.043167399999219924,False,
7062,0.0,0,0.0,5456.769112304657,optimal,0.04231160000199452,False,
7063,0.0,0,0.0,5456.769112304657,optimal,0.05671699999948032,False,
7064,0.0,0,0.0,5456.769112304657,optimal,0.055660700003500096,False,
7065,0.0,0,0.0,5456.769112304657,optimal,0.5417504999932135,False,
7066,0.0,0,0.0,5456.769112304657,optimal,0.0665236999921035,False,
7067,0.0,0,0.0,5456.769112304657,optimal,0.05153779999818653,False,
7068,0.0,0,0.0,5456.769112304657,optimal,0.09763080000993796,False,
7069,0.0,0,0.0,5456.769112304657,optimal,0.0748814999969909,False,
7070,0.0,0,0.0,5456.769112304657,optimal,0.3701042000029702,False,
7071,0.0,0,0.0,5456.769112304657,optimal,0.3463377000007313,False,
7072,0.0,0,0.0,5456.769112304657,optimal,0.25981669999600854,False,
7073,0.0,0,0.0,5456.769112304657,optimal,0.20753189999959432,False,
7074,0.0,0,0.0,5456.769112304657,optimal,0.12251980000291951,False,
7075,0.0,0,0.0,5456.769112304657,optimal,0.08749940000416245,False,
7076,0.0,0,0.0,5456.769112304657,optimal,0.059629499999573454,False,
7077,0.0,0,0.0,5456.769112304657,optimal,0.08790519999456592,False,
7078,0.0,0,0.0,5456.769112304657,optimal,0.0684359000006225,False,
7079,0.0,0,0.0,5456.769112304657,optimal,0.06838229999993928,False,
7080,0.0,0,0.0,5456.769112304657,optimal,0.288506500000949,False,
7081,0.0,0,0.0,5456.769112304657,optimal,0.05600729999423493,False,
7082,0.0,0,0.0,5456.769112304657,optimal,0.08855520001088735,False,
7083,0.0,0,0.0,5456.769112304657,optimal,0.0745660999964457,False,
7084,0.0,0,0.0,5456.769112304657,optimal,0.16524170000047889,False,
7085,0.0,0,0.0,5456.769112304657,optimal,0.28559430000314023,False,
7086,0.0,0,0.0,5456.769112304657,optimal,0.08885359999840148,False,
7087,0.0,0,0.0,5456.769112304657,optimal,0.07151819999853615,False,
7088,0.0,0,0.0,5456.769112304657,optimal,0.0681031999993138,False,
7089,0.0,0,0.0,5456.769112304657,optimal,0.07559420001052786,False,
7090,0.0,0,0.0,5456.769112304657,optimal,0.130020999989938,False,
7091,0.0,0,0.0,5456.769112304657,optimal,0.10033729999850038,False,
7092,0.0,0,0.0,5456.769112304657,optimal,0.08386050000262912,False,
7093,0.0,0,0.0,5456.769112304657,optimal,0.09417149999353569,False,
7094,0.0,0,0.0,5456.769112304657,optimal,0.08476579999842215,False,
7095,0.0,0,0.0,5456.769112304657,optimal,0.1600929999985965,False,
7096,0.0,0,0.0,5456.769112304657,optimal,0.10849589999997988,False,
7097,0.0,0,0.0,5456.769112304657,optimal,0.4419618999963859,False,
7098,0.0,0,0.0,5456.769112304657,optimal,0.11585420000483282,False,
7099,0.0,0,0.0,5456.769112304657,optimal,0.07972549999249168,False,
7100,0.0,0,0.0,5456.769112304657,optimal,0.28487679999670945,False,
7101,0.0,0,0.0,5456.769112304657,optimal,0.27006640000035986,False,
7102,0.0,0,0.0,5456.769112304657,optimal,0.2410200000012992,False,
7103,0.0,0,0.0,5456.769112304657,optimal,0.6434127999964403,False,
7104,0.0,0,0.0,5456.769112304657,optimal,0.09872229999746196,False,
7105,0.0,0,0.0,5456.769112304657,optimal,0.07754369999747723,False,
7106,0.0,0,0.0,5456.769112304657,optimal,0.054131800003233366,False,
7107,0.0,0,0.0,5456.769112304657,optimal,1.2910540000011679,False,
7108,0.0,0,0.0,5456.769112304657,optimal,0.7438288999983342,False,
7109,0.0,0,0.0,5456.769112304657,optimal,0.63432909999392,False,
7110,0.0,0,0.0,5456.769112304657,optimal,0.7056681999965804,False,
7111,0.0,0,0.0,5456.769112304657,optimal,0.6022789999988163,False,
7112,0.0,0,0.0,5456.769112304657,optimal,0.25402730000496376,False,
7113,0.0,0,0.0,5456.769112304657,optimal,0.2430334000091534,False,
7114,0.0,0,0.0,5456.769112304657,optimal,0.6354581999912625,False,
7115,0.0,0,0.0,5456.769112304657,optimal,0.17197209999721963,False,
7116,0.0,0,0.0,5456.769112304657,optimal,0.15627669999958016,False,
7117,0.0,0,0.0,5456.769112304657,optimal,0.15227609999419656,False,
7118,0.0,0,0.0,5456.769112304657,optimal,0.13179160001163837,False,
7119,0.0,0,0.0,5456.769112304657,optimal,0.39071289999992587,False,
7120,0.0,0,0.0,5456.769112304657,optimal,0.07003889999759849,False,
7121,0.0,0,0.0,5456.769112304657,optimal,0.5014374000020325,False,
7122,0.0,0,0.0,5456.769112304657,optimal,0.45973450000747107,False,
7123,0.0,0,0.0,5456.769112304657,optimal,0.43985920000704937,False,
7124,0.0,0,0.0,5456.769112304657,optimal,0.23858010000549257,False,
7125,0.0,0,0.0,5456.769112304657,optimal,0.23521210000035353,False,
7126,0.0,0,0.0,5456.769112304657,optimal,0.17430500000773463,False,
7127,0.0,0,0.0,5456.769112304657,optimal,0.12785319999966305,False,
7128,0.0,0,0.0,5456.769112304657,optimal,0.1191054999944754,False,
7129,0.0,0,0.0,5456.769112304657,optimal,0.26718260000052396,False,
7130,0.0,0,0.0,5456.769112304657,optimal,0.08573799999430776,False,
7131,0.0,0,0.0,5456.769112304657,optimal,0.08291339999414049,False,
7132,0.0,0,0.0,5456.769112304657,optimal,0.08548290000180714,False,
7133,0.0,0,0.0,5456.769112304657,optimal,0.07796000000962522,False,
7134,0.0,0,0.0,5456.769112304657,optimal,0.11558950001199264,False,
7135,0.0,0,0.0,5456.769112304657,optimal,0.11438810000254307,False,
7136,0.0,0,0.0,5456.769112304657,optimal,0.1128035000001546,False,
7137,0.0,0,0.0,5456.769112304657,optimal,0.6828470000036759,False,
7138,0.0,0,0.0,5456.769112304657,optimal,0.690195399991353,False,
7139,0.0,0,0.0,5456.769112304657,optimal,0.6452588999964064,False,
7140,0.0,0,0.0,5456.769112304657,optimal,0.5692294000036782,False,
7141,0.0,0,0.0,5456.769112304657,optimal,0.6046503999968991,False,
7142,0.0,0,0.0,5456.769112304657,optimal,0.46036159999493975,False,
7143,0.0,0,0.0,5456.769112304657,optimal,0.4554275999980746,False,
7144,0.0,0,0.0,5456.769112304657,optimal,0.2627494000043953,False,
7145,0.0,0,0.0,5456.769112304657,optimal,0.10846930000116117,False,
7146,0.0,0,0.0,5456.769112304657,optimal,0.12007580000499729,False,
7147,0.0,0,0.0,5456.769112304657,optimal,0.09172519999265205,False,
7148,0.0,0,0.0,5456.769112304657,optimal,0.12286319999839179,False,
7149,0.0,0,0.0,5456.769112304657,optimal,0.10800959999323823,False,
7150,0.0,0,0.0,5456.769112304657,optimal,0.0901843000028748,False,
7151,0.0,0,0.0,5456.769112304657,optimal,0.14106150000588968,False,
7152,0.0,0,0.0,5456.769112304657,optimal,0.11519250000128523,False,
7153,0.0,0,0.0,5456.769112304657,optimal,0.08768310000596102,False,
7154,0.0,0,0.0,5456.769112304657,optimal,0.1762835000117775,False,
7155,0.0,0,0.0,5456.769112304657,optimal,0.06702479999512434,False,
7156,0.0,0,0.0,5456.769112304657,optimal,0.10511239999323152,False,
7157,0.0,0,0.0,5456.769112304657,optimal,0.08206089999293908,False,
7158,0.0,0,0.0,5456.769112304657,optimal,0.4889458999969065,False,
7159,0.0,0,0.0,5456.769112304657,optimal,0.45204210000520106,False,
7160,0.0,0,0.0,5456.769112304657,optimal,0.11744040000485256,False,
7161,0.0,0,0.0,5456.769112304657,optimal,0.09891489999426994,False,
7162,0.0,0,0.0,5456.769112304657,optimal,0.08330610000120942,False,
7163,0.0,0,0.0,5456.769112304657,optimal,0.09694030000537168,False,
7164,0.0,0,0.0,5456.769112304657,optimal,0.07052560000738595,False,
7165,0.0,0,0.0,5456.769112304657,optimal,0.06985900001018308,False,
7166,0.0,0,0.0,5456.769112304657,optimal,0.06938549999904353,False,
7167,0.0,0,0.0,5456.769112304657,optimal,0.05864869999641087,False,
7168,0.0,0,0.0,5456.769112304657,optimal,0.06158039999718312,False,
7169,0.0,0,0.0,5456.769112304657,optimal,0.06775550000020303,False,
7170,0.0,0,0.0,5456.769112304657,optimal,0.061770300002535805,False,
7171,0.0,0,0.0,5456.769112304657,optimal,0.05232849999447353,False,
7172,0.0,0,0.0,5456.769112304657,optimal,0.06164250000438187,False,
7173,0.0,0,0.0,5456.769112304657,optimal,0.06004839998786338,False,
7174,0.0,0,0.0,5456.769112304657,optimal,0.15326659999846015,False,
7175,0.0,0,0.0,5456.769112304657,optimal,0.12631180000607856,False,
7176,0.0,0,0.0,5456.769112304657,optimal,0.08571020000090357,False,
7177,0.0,0,0.0,5456.769112304657,optimal,0.18715310000698082,False,
7178,0.0,0,0.0,5456.769112304657,optimal,0.16230880000512116,False,
7179,0.0,0,0.0,5456.769112304657,optimal,0.11362720000033733,False,
7180,0.0,0,0.0,5456.769112304657,optimal,0.0906173000112176,False,
7181,0.0,0,0.0,5456.769112304657,optimal,0.057669899993925355,False,
7182,0.0,0,0.0,5456.769112304657,optimal,0.05874680000124499,False,
7183,0.0,0,0.0,5456.769112304657,optimal,0.13184159999946132,False,
7184,0.0,0,0.0,5456.769112304657,optimal,0.11618140000791755,False,
7185,0.0,0,0.0,5456.769112304657,optimal,0.08990869999979623,False,
7186,0.0,0,0.0,5456.769112304657,optimal,0.098280899997917,False,
7187,0.0,0,0.0,5456.769112304657,optimal,0.06328149999899324,False,
7188,0.0,0,0.0,5456.769112304657,optimal,0.06932470000174362,False,
7189,0.0,0,0.0,5456.769112304657,optimal,0.11052159999962896,False,
7190,0.0,0,0.0,5456.769112304657,optimal,0.07629199999792036,False,
7191,0.0,0,0.0,5456.769112304657,optimal,0.06003649999911431,False,
7192,0.0,0,0.0,5456.769112304657,optimal,0.4132726999960141,False,
7193,0.0,0,0.0,5456.769112304657,optimal,0.4752026000060141,False,
7194,0.0,0,0.0,5456.769112304657,optimal,0.4398273999977391,False,
7195,0.0,0,0.0,5456.769112304657,optimal,0.2290674000105355,False,
7196,0.0,0,0.0,5456.769112304657,optimal,0.1603703000000678,False,
7197,0.0,0,0.0,5456.769112304657,optimal,0.12380320001102518,False,
7198,0.0,0,0.0,5456.769112304657,optimal,0.11383420000493061,False,
7199,0.0,0,0.0,5456.769112304657,optimal,0.1069158000027528,False,
7200,0.0,0,0.0,5456.769112304657,optimal,0.08535409999603871,False,
7201,0.0,0,0.0,5456.769112304657,optimal,0.08683559999917634,False,
7202,0.0,0,0.0,5456.769112304657,optimal,0.07699299999512732,False,
7203,0.0,0,0.0,5456.769112304657,optimal,0.06114430000889115,False,
7204,0.0,0,0.0,5456.769112304657,optimal,0.054671999998390675,False,
7205,0.0,0,0.0,5456.769112304657,optimal,0.051233699996373616,False,
7206,0.0,0,0.0,5456.769112304657,optimal,0.058244700005161576,False,
7207,0.0,0,0.0,5456.769112304657,optimal,0.05614070000592619,False,
7208,0.0,0,0.0,5456.769112304657,optimal,0.05976219999138266,False,
7209,0.0,0,0.0,5456.769112304657,optimal,0.054143700006534345,False,
7210,0.0,0,0.0,5456.769112304657,optimal,0.05678190001344774,False,
7211,0.0,0,0.0,5456.769112304657,optimal,0.04692790000990499,False,
7212,0.0,0,0.0,5456.769112304657,optimal,0.054918800000450574,False,
7213,0.0,0,0.0,5456.769112304657,optimal,0.051274800003739074,False,
7214,0.0,0,0.0,5456.769112304657,optimal,0.05715169999166392,False,
7215,0.0,0,0.0,5456.769112304657,optimal,0.06279050000011921,False,
7216,0.0,0,0.0,5456.769112304657,optimal,0.052562199998646975,False,
7217,0.0,0,0.0,5456.769112304657,optimal,0.07962730000144802,False,
7218,0.0,0,0.0,5456.769112304657,optimal,0.05351090000476688,False,
7219,0.0,0,0.0,5456.769112304657,optimal,0.04841790000500623,False,
7220,0.0,0,0.0,5456.769112304657,optimal,0.07901060000585858,False,
7221,0.0,0,0.0,5456.769112304657,optimal,0.05725829998846166,False,
7222,0.0,0,0.0,5456.769112304657,optimal,0.03827879999880679,False,
7223,0.0,0,0.0,5456.769112304657,optimal,0.05111689999466762,False,
7224,0.0,0,0.0,5456.769112304657,optimal,0.05329149999306537,False,
7225,0.0,0,0.0,5456.769112304657,optimal,0.05890799999178853,False,
7226,0.0,0,0.0,5456.769112304657,optimal,0.06384810000599828,False,
7227,0.0,0,0.0,5456.769112304657,optimal,0.056292699999175966,False,
7228,0.0,0,0.0,5456.769112304657,optimal,0.0512763000006089,False,
7229,0.0,0,0.0,5456.769112304657,optimal,0.05729919999430422,False,
7230,0.0,0,0.0,5456.769112304657,optimal,0.05133129999740049,False,
7231,0.0,0,0.0,5456.769112304657,optimal,0.05770679999841377,False,
7232,0.0,0,0.0,5456.769112304657,optimal,0.05631209998682607,False,
7233,0.0,0,0.0,5456.769112304657,optimal,0.05502349999733269,False,
7234,0.0,0,0.0,5456.769112304657,optimal,0.055390499997884035,False,
7235,0.0,0,0.0,5456.769112304657,optimal,0.06095800000184681,False,
7236,0.0,0,0.0,5456.769112304657,optimal,0.0457038000022294,False,
7237,0.0,0,0.0,5456.769112304657,optimal,0.048352300000260584,False,
7238,0.0,0,0.0,5456.769112304657,optimal,0.057135099996230565,False,
7239,0.0,0,0.0,5456.769112304657,optimal,0.04507359999115579,False,
7240,0.0,0,0.0,5456.769112304657,optimal,0.0547835000033956,False,
7241,0.0,0,0.0,5456.769112304657,optimal,0.05517880000115838,False,
7242,0.0,0,0.0,5456.769112304657,optimal,0.050609600002644584,False,
7243,0.0,0,0.0,5456.769112304657,optimal,0.05735119999735616,False,
7244,0.0,0,0.0,5456.769112304657,optimal,0.05774760000349488,False,
7245,0.0,0,0.0,5456.769112304657,optimal,0.14307799999369308,False,
7246,0.0,0,0.0,5456.769112304657,optimal,0.05438560000038706,False,
7247,0.0,0,0.0,5456.769112304657,optimal,0.05229209999379236,False,
7248,0.0,0,0.0,5456.769112304657,optimal,0.04283269999723416,False,
7249,0.0,0,0.0,5456.769112304657,optimal,0.05945049998990726,False,
7250,0.0,0,0.0,5456.769112304657,optimal,0.07713309999962803,False,
7251,0.0,0,0.0,5456.769112304657,optimal,0.06250200000067707,False,
7252,0.0,0,0.0,5456.769112304657,optimal,0.04725689999759197,False,
7253,0.0,0,0.0,5456.769112304657,optimal,0.058881200005998835,False,
7254,0.0,0,0.0,5456.769112304657,optimal,0.04315729999507312,False,
7255,0.0,0,0.0,5456.769112304657,optimal,0.0544919999956619,False,
7256,0.0,0,0.0,5456.769112304657,optimal,0.05638100000214763,False,
7257,0.0,0,0.0,5456.769112304657,optimal,0.05336360000364948,False,
7258,0.0,0,0.0,5456.769112304657,optimal,0.1527704000036465,False,
7259,0.0,0,0.0,5456.769112304657,optimal,0.045317700001760386,False,
7260,0.0,0,0.0,5456.769112304657,optimal,0.04951940001046751,False,
7261,0.0,0,0.0,5456.769112304657,optimal,0.04669520001334604,False,
7262,0.0,0,0.0,5456.769112304657,optimal,0.051441400006297044,False,
7263,0.0,0,0.0,5456.769112304657,optimal,0.059410199988633394,False,
7264,0.0,0,0.0,5456.769112304657,optimal,0.05154980000224896,False,
7265,0.0,0,0.0,5456.769112304657,optimal,0.0559829000121681,False,
7266,0.0,0,0.0,5456.769112304657,optimal,0.04834629999822937,False,
7267,0.0,0,0.0,5456.769112304657,optimal,0.05119279999053106,False,
7268,0.0,0,0.0,5456.769112304657,optimal,0.05471969999780413,False,
7269,0.0,0,0.0,5456.769112304657,optimal,0.04867039999226108,False,
7270,0.0,0,0.0,5456.769112304657,optimal,0.042329500007326715,False,
7271,0.0,0,0.0,5456.769112304657,optimal,0.05241030000615865,False,
7272,0.0,0,0.0,5456.769112304657,optimal,0.05266840000695083,False,
7273,0.0,0,0.0,5456.769112304657,optimal,0.05563840000831988,False,
7274,0.0,0,0.0,5456.769112304657,optimal,0.04899360000854358,False,
7275,0.0,0,0.0,5456.769112304657,optimal,0.04819129999668803,False,
7276,0.0,0,0.0,5456.769112304657,optimal,0.06164119999448303,False,
7277,0.0,0,0.0,5456.769112304657,optimal,0.05363819999911357,False,
7278,0.0,0,0.0,5456.769112304657,optimal,0.05538390000583604,False,
7279,0.0,0,0.0,5456.769112304657,optimal,0.15573460000450723,False,
7280,0.0,0,0.0,5456.769112304657,optimal,0.14676840000902303,False,
7281,0.0,0,0.0,5456.769112304657,optimal,0.0403954000066733,False,
7282,0.0,0,0.0,5456.769112304657,optimal,0.0512453999981517,False,
7283,0.0,0,0.0,5456.769112304657,optimal,0.05622600000060629,False,
7284,0.0,0,0.0,5456.769112304657,optimal,0.04100730000936892,False,
7285,0.0,0,0.0,5456.769112304657,optimal,0.04245920000539627,False,
7286,0.0,0,0.0,5456.769112304657,optimal,0.051343499988433905,False,
7287,0.0,0,0.0,5456.769112304657,optimal,0.041933699991204776,False,
7288,0.0,0,0.0,5456.769112304657,optimal,0.05269620000035502,False,
7289,0.0,0,0.0,5456.769112304657,optimal,0.044209700005012564,False,
7290,0.0,0,0.0,5456.769112304657,optimal,0.05133190000196919,False,
7291,0.0,0,0.0,5456.769112304657,optimal,0.04684119999001268,False,
7292,0.0,0,0.0,5456.769112304657,optimal,0.047476399995503016,False,
7293,0.0,0,0.0,5456.769112304657,optimal,0.05863090000639204,False,
7294,0.0,0,0.0,5456.769112304657,optimal,0.054257900002994575,False,
7295,0.0,0,0.0,5456.769112304657,optimal,0.047635700000682846,False,
7296,0.0,0,0.0,5456.769112304657,optimal,0.05512270001054276,False,
7297,0.0,0,0.0,5456.769112304657,optimal,0.043041500000981614,False,
7298,0.0,0,0.0,5456.769112304657,optimal,0.03917020000517368,False,
7299,0.0,0,0.0,5456.769112304657,optimal,0.13753659999929368,False,
7300,0.0,0,0.0,5456.769112304657,optimal,0.0539499999867985,False,
7301,0.0,0,0.0,5456.769112304657,optimal,0.035823900005198084,False,
7302,0.0,0,0.0,5456.769112304657,optimal,0.041198800012352876,False,
7303,0.0,0,0.0,5456.769112304657,optimal,0.044478499999968335,False,
7304,0.0,0,0.0,5456.769112304657,optimal,0.050166899993200786,False,
7305,0.0,0,0.0,5456.769112304657,optimal,0.045908899992355146,False,
7306,0.0,0,0.0,5456.769112304657,optimal,0.058413099992321804,False,
7307,0.0,0,0.0,5456.769112304657,optimal,0.04276179999578744,False,
7308,0.0,0,0.0,5456.769112304657,optimal,0.0486073999927612,False,
7309,0.0,0,0.0,5456.769112304657,optimal,0.04742820000683423,False,
7310,0.0,0,0.0,5456.769112304657,optimal,0.04114010000193957,False,
7311,0.0,0,0.0,5456.769112304657,optimal,0.05352909999783151,False,
7312,0.0,0,0.0,5456.769112304657,optimal,0.03566609999688808,False,
7313,0.0,0,0.0,5456.769112304657,optimal,0.045727499993517995,False,
7314,0.0,0,0.0,5456.769112304657,optimal,0.14253519999329,False,
7315,0.0,0,0.0,5456.769112304657,optimal,0.12044939999759663,False,
7316,0.0,0,0.0,5456.769112304657,optimal,0.04271360000711866,False,
7317,0.0,0,0.0,5456.769112304657,optimal,0.04124600000795908,False,
7318,0.0,0,0.0,5456.769112304657,optimal,0.04301879998820368,False,
7319,0.0,0,0.0,5456.769112304657,optimal,0.047933800000464544,False,
7320,0.0,0,0.0,5456.769112304657,optimal,0.1353520000120625,False,
7321,0.0,0,0.0,5456.769112304657,optimal,0.053036400000564754,False,
7322,0.0,0,0.0,5456.769112304657,optimal,0.04745379999803845,False,
7323,0.0,0,0.0,5456.769112304657,optimal,0.04519160000199918,False,
7324,0.0,0,0.0,5456.769112304657,optimal,0.05448539998906199,False,
7325,0.0,0,0.0,5456.769112304657,optimal,0.044551999992108904,False,
7326,0.0,0,0.0,5456.769112304657,optimal,0.04148509999504313,False,
7327,0.0,0,0.0,5456.769112304657,optimal,0.042868099990300834,False,
7328,0.0,0,0.0,5456.769112304657,optimal,0.038734200003091246,False,
7329,0.0,0,0.0,5456.769112304657,optimal,0.03797070001019165,False,
7330,0.0,0,0.0,5456.769112304657,optimal,0.05323380000481848,False,
7331,0.0,0,0.0,5456.769112304657,optimal,0.044738599986885674,False,
7332,0.0,0,0.0,5456.769112304657,optimal,0.03515959999640472,False,
7333,0.0,0,0.0,5456.769112304657,optimal,0.04414389999874402,False,
7334,0.0,0,0.0,5456.769112304657,optimal,0.036020200001075864,False,
7335,0.0,0,0.0,5456.769112304657,optimal,0.11662219998834189,False,
7336,0.0,0,0.0,5456.769112304657,optimal,0.03799789999902714,False,
7337,0.0,0,0.0,5456.769112304657,optimal,0.039400499998009764,False,
7338,0.0,0,0.0,5456.769112304657,optimal,0.051100700002280064,False,
7339,0.0,0,0.0,5456.769112304657,optimal,0.04188360000262037,False,
7340,0.0,0,0.0,5456.769112304657,optimal,0.047703000003821217,False,
7341,0.0,0,0.0,5456.769112304657,optimal,0.052845799989881925,False,
7342,0.0,0,0.0,5456.769112304657,optimal,0.1282130000035977,False,
7343,0.0,0,0.0,5456.769112304657,optimal,0.03667679999489337,False,
7344,0.0,0,0.0,5456.769112304657,optimal,0.043552699993597344,False,
7345,0.0,0,0.0,5456.769112304657,optimal,0.038498099995194934,False,
7346,0.0,0,0.0,5456.769112304657,optimal,0.13613340001029428,False,
7347,0.0,0,0.0,5456.769112304657,optimal,0.047633700000005774,False,
7348,0.0,0,0.0,5456.769112304657,optimal,0.13521820001187734,False,
7349,0.0,0,0.0,5456.769112304657,optimal,0.04979069999535568,False,
7350,0.0,0,0.0,5456.769112304657,optimal,0.1454881999961799,False,
7351,0.0,0,0.0,5456.769112304657,optimal,0.05275519999850076,False,
7352,0.0,0,0.0,5456.769112304657,optimal,0.04186420000041835,False,
7353,0.0,0,0.0,5456.769112304657,optimal,0.048400500003481284,False,
7354,0.0,0,0.0,5456.769112304657,optimal,0.13582469998800661,False,
7355,0.0,0,0.0,5456.769112304657,optimal,0.1619261000014376,False,
7356,0.0,0,0.0,5456.769112304657,optimal,0.05539429999771528,False,
7357,0.0,0,0.0,5456.769112304657,optimal,0.05286929999419954,False,
7358,0.0,0,0.0,5456.769112304657,optimal,0.049915099996724166,False,
7359,0.0,0,0.0,5456.769112304657,optimal,0.06433760000800248,False,
7360,0.0,0,0.0,5456.769112304657,optimal,0.13546499999938533,False,
7361,0.0,0,0.0,5456.769112304657,optimal,0.1434900999884121,False,
7362,0.0,0,0.0,5456.769112304657,optimal,0.0460698999959277,False,
7363,0.0,0,0.0,5456.769112304657,optimal,0.053163600008701906,False,
7364,0.0,0,0.0,5456.769112304657,optimal,0.04195389999949839,False,
7365,0.0,0,0.0,5456.769112304657,optimal,0.05236309999600053,False,
7366,0.0,0,0.0,5456.769112304657,optimal,0.04270530000212602,False,
7367,0.0,0,0.0,5456.769112304657,optimal,0.04693579999729991,False,
7368,0.0,0,0.0,5456.769112304657,optimal,0.15734039999369998,False,
7369,0.0,0,0.0,5456.769112304657,optimal,0.04703410000365693,False,
7370,0.0,0,0.0,5456.769112304657,optimal,0.14418029999069404,False,
7371,0.0,0,0.0,5456.769112304657,optimal,0.1481192000064766,False,
7372,0.0,0,0.0,5456.769112304657,optimal,0.052718300008564256,False,
7373,0.0,0,0.0,5456.769112304657,optimal,0.04804670000157785,False,
7374,0.0,0,0.0,5456.769112304657,optimal,0.042025599992484786,False,
7375,0.0,0,0.0,5456.769112304657,optimal,0.13899380000657402,False,
7376,0.0,0,0.0,5456.769112304657,optimal,0.04360839999571908,False,
7377,0.0,0,0.0,5456.769112304657,optimal,0.03705520000949036,False,
7378,0.0,0,0.0,5456.769112304657,optimal,0.04236449999734759,False,
7379,0.0,0,0.0,5456.769112304657,optimal,0.051192999992053956,False,
7380,0.0,0,0.0,5456.769112304657,optimal,0.045119400005205534,False,
7381,0.0,0,0.0,5456.769112304657,optimal,0.03686369999195449,False,
7382,0.0,0,0.0,5456.769112304657,optimal,0.04027289999066852,False,
7383,0.0,0,0.0,5456.769112304657,optimal,0.05054079998808447,False,
7384,0.0,0,0.0,5456.769112304657,optimal,0.045942099997773767,False,
7385,0.0,0,0.0,5456.769112304657,optimal,0.03919979999773204,False,
7386,0.0,0,0.0,5456.769112304657,optimal,0.035264999998616986,False,
7387,0.0,0,0.0,5456.769112304657,optimal,0.04503809999732766,False,
7388,0.0,0,0.0,5456.769112304657,optimal,0.033834500005468726,False,
7389,0.0,0,0.0,5456.769112304657,optimal,0.03681510000023991,False,
7390,0.0,0,0.0,5456.769112304657,optimal,0.046793300003628246,False,
7391,0.0,0,0.0,5456.769112304657,optimal,0.05323439999483526,False,
7392,0.0,0,0.0,5456.769112304657,optimal,0.035901499999454245,False,
7393,0.0,0,0.0,5456.769112304657,optimal,0.04364319999876898,False,
7394,0.0,0,0.0,5456.769112304657,optimal,0.039704000009805895,False,
7395,0.0,0,0.0,5456.769112304657,optimal,0.05035300001327414,False,
7396,0.0,0,0.0,5456.769112304657,optimal,0.053805999996257015,False,
7397,0.0,0,0.0,5456.769112304657,optimal,0.04422619999968447,False,
7398,0.0,0,0.0,5456.769112304657,optimal,0.05350709999038372,False,
7399,0.0,0,0.0,5456.769112304657,optimal,0.03837619999831077,False,
7400,0.0,0,0.0,5456.769112304657,optimal,0.04534549999516457,False,
7401,0.0,0,0.0,5456.769112304657,optimal,0.05321410000033211,False,
7402,0.0,0,0.0,5456.769112304657,optimal,0.04254769999533892,False,
7403,0.0,0,0.0,5456.769112304657,optimal,0.04260960000101477,False,
7404,0.0,0,0.0,5456.769112304657,optimal,0.043385299999499694,False,
7405,0.0,0,0.0,5456.769112304657,optimal,0.03770109999459237,False,
7406,0.0,0,0.0,5456.769112304657,optimal,0.0376953999948455,False,
7407,0.0,0,0.0,5456.769112304657,optimal,0.03466519998619333,False,
7408,0.0,0,0.0,5456.769112304657,optimal,0.04903889998968225,False,
7409,0.0,0,0.0,5456.769112304657,optimal,0.04468690000066999,False,
7410,0.0,0,0.0,5456.769112304657,optimal,0.03158140000596177,False,
7411,0.0,0,0.0,5456.769112304657,optimal,0.04186460000346415,False,
7412,0.0,0,0.0,5456.769112304657,optimal,0.04393559999880381,False,
7413,0.0,0,0.0,5456.769112304657,optimal,0.03913059999467805,False,
7414,0.0,0,0.0,5456.769112304657,optimal,0.04399289999855682,False,
7415,0.0,0,0.0,5456.769112304657,optimal,0.053171599996858276,False,
7416,0.0,0,0.0,5456.769112304657,optimal,0.042951100011123344,False,
7417,0.0,0,0.0,5456.769112304657,optimal,0.04754500000854023,False,
7418,0.0,0,0.0,5456.769112304657,optimal,0.0382512000069255,False,
7419,0.0,0,0.0,5456.769112304657,optimal,0.040358699989155866,False,
7420,0.0,0,0.0,5456.769112304657,optimal,0.036928399989847094,False,
7421,0.0,0,0.0,5456.769112304657,optimal,0.047583399995346554,False,
7422,0.0,0,0.0,5456.769112304657,optimal,0.04152310000790749,False,
7423,0.0,0,0.0,5456.769112304657,optimal,0.050527999992482364,False,
7424,0.0,0,0.0,5456.769112304657,optimal,0.044091999996453524,False,
7425,0.0,0,0.0,5456.769112304657,optimal,0.04723190001095645,False,
7426,0.0,0,0.0,5456.769112304657,optimal,0.047249099996406585,False,
7427,0.0,0,0.0,5456.769112304657,optimal,0.05270590000145603,False,
7428,0.0,0,0.0,5456.769112304657,optimal,0.04733099999430124,False,
7429,0.0,0,0.0,5456.769112304657,optimal,0.03326999999990221,False,
7430,0.0,0,0.0,5456.769112304657,optimal,0.04061159999400843,False,
7431,0.0,0,0.0,5456.769112304657,optimal,0.047185500006889924,False,
7432,0.0,0,0.0,5456.769112304657,optimal,0.04660390000208281,False,
7433,0.0,0,0.0,5456.769112304657,optimal,0.049164800002472475,False,
7434,0.0,0,0.0,5456.769112304657,optimal,0.04173840000294149,False,
7435,0.0,0,0.0,5456.769112304657,optimal,0.05069530000037048,False,
7436,0.0,0,0.0,5456.769112304657,optimal,0.055613399992580526,False,
7437,0.0,0,0.0,5456.769112304657,optimal,0.038515099993674085,False,
7438,0.0,0,0.0,5456.769112304657,optimal,0.04205119999824092,False,
7439,0.0,0,0.0,5456.769112304657,optimal,0.04116999999678228,False,
7440,0.0,0,0.0,5456.769112304657,optimal,0.04385600000387058,False,
7441,0.0,0,0.0,5456.769112304657,optimal,0.042475199996260926,False,
7442,0.0,0,0.0,5456.769112304657,optimal,0.04197550000390038,False,
7443,0.0,0,0.0,5456.769112304657,optimal,0.05612069999915548,False,
7444,0.0,0,0.0,5456.769112304657,optimal,0.04313679999904707,False,
7445,0.0,0,0.0,5456.769112304657,optimal,0.04229789999953937,False,
7446,0.0,0,0.0,5456.769112304657,optimal,0.03684409998822957,False,
7447,0.0,0,0.0,5456.769112304657,optimal,0.044715399999404326,False,
7448,0.0,0,0.0,5456.769112304657,optimal,0.04239440000674222,False,
7449,0.0,0,0.0,5456.769112304657,optimal,0.04445109999505803,False,
7450,0.0,0,0.0,5456.769112304657,optimal,0.04362730000866577,False,
7451,0.0,0,0.0,5456.769112304657,optimal,0.059261400005198084,False,
7452,0.0,0,0.0,5456.769112304657,optimal,0.05137319999630563,False,
7453,0.0,0,0.0,5456.769112304657,optimal,0.04820879999897443,False,
7454,0.0,0,0.0,5456.769112304657,optimal,0.05082079999556299,False,
7455,0.0,0,0.0,5456.769112304657,optimal,0.04354699999385048,False,
7456,0.0,0,0.0,5456.769112304657,optimal,0.0490698999929009,False,
7457,0.0,0,0.0,5456.769112304657,optimal,0.05077780000283383,False,
7458,0.0,0,0.0,5456.769112304657,optimal,0.04587960000208113,False,
7459,0.0,0,0.0,5456.769112304657,optimal,0.03557870000076946,False,
7460,0.0,0,0.0,5456.769112304657,optimal,0.043539000005694106,False,
7461,0.0,0,0.0,5456.769112304657,optimal,0.04334109999763314,False,
7462,0.0,0,0.0,5456.769112304657,optimal,0.05091099999845028,False,
7463,0.0,0,0.0,5456.769112304657,optimal,0.05048850001185201,False,
7464,0.0,0,0.0,5456.769112304657,optimal,0.03883940000378061,False,
7465,0.0,0,0.0,5456.769112304657,optimal,0.05147679999936372,False,
7466,0.0,0,0.0,5456.769112304657,optimal,0.051613799994811416,False,
7467,0.0,0,0.0,5456.769112304657,optimal,0.04637409999850206,False,
7468,0.0,0,0.0,5456.769112304657,optimal,0.03971259998797905,False,
7469,0.0,0,0.0,5456.769112304657,optimal,0.04161409998778254,False,
7470,0.0,0,0.0,5456.769112304657,optimal,0.04210639999655541,False,
7471,0.0,0,0.0,5456.769112304657,optimal,0.04329390000202693,False,
7472,0.0,0,0.0,5456.769112304657,optimal,0.041957599998568185,False,
7473,0.0,0,0.0,5456.769112304657,optimal,0.04697019999730401,False,
7474,0.0,0,0.0,5456.769112304657,optimal,0.04580629999691155,False,
7475,0.0,0,0.0,5456.769112304657,optimal,0.03820230001292657,False,
7476,0.39742485113143866,2,0.30617575185152734,9431.017623619044,optimal,0.14267529999779072,False,
7477,0.8060899319016603,2,0.714840832621749,13517.66843132126,optimal,0.055661599995801225,False,
7478,1.4105576943016604,3,0.74892,19562.34605532126,optimal,0.055031900003086776,False,
7479,0.0,0,0.0,5456.769112304657,optimal,0.04314700000395533,False,
7480,0.0,0,0.0,5456.769112304657,optimal,0.040510899998480454,False,
7481,0.0,0,0.0,5456.769112304657,optimal,0.04204619998927228,False,
7482,0.0,0,0.0,5456.769112304657,optimal,0.04669290001038462,False,
7483,0.0,0,0.0,5456.769112304657,optimal,0.04447890000301413,False,
7484,0.0,0,0.0,5456.769112304657,optimal,0.04935269999259617,False,
7485,0.0,0,0.0,5456.769112304657,optimal,0.03896200000599492,False,
7486,0.0,0,0.0,5456.769112304657,optimal,0.1252017000078922,False,
7487,0.0,0,0.0,5456.769112304657,optimal,0.038573699988774024,False,
7488,0.0,0,0.0,5456.769112304657,optimal,0.038347599998814985,False,
7489,0.0,0,0.0,5456.769112304657,optimal,0.04536309999821242,False,
7490,0.0,0,0.0,5456.769112304657,optimal,0.04746680000971537,False,
7491,0.0,0,0.0,5456.769112304657,optimal,0.049680500000249594,False,
7492,0.0,0,0.0,5456.769112304657,optimal,0.04865029999928083,False,
7493,0.0,0,0.0,5456.769112304657,optimal,0.04288229999656323,False,
7494,0.0,0,0.0,5456.769112304657,optimal,0.055591299998923205,False,
7495,0.0,0,0.0,5456.769112304657,optimal,0.04940350000106264,False,
7496,0.0,0,0.0,5456.769112304657,optimal,0.0347297999978764,False,
7497,0.0,0,0.0,5456.769112304657,optimal,0.04863039999327157,False,
7498,0.0,0,0.0,5456.769112304657,optimal,0.05299129999184515,False,
7499,0.0,0,0.0,5456.769112304657,optimal,0.043259199999738485,False,
7500,0.0,0,0.0,5456.769112304657,optimal,0.03571369999554008,False,
7501,0.0,0,0.0,5456.769112304657,optimal,0.053394000002299435,False,
7502,0.0,0,0.0,5456.769112304657,optimal,0.037294000008841977,False,
7503,0.0,0,0.0,5456.769112304657,optimal,0.034635999996680766,False,
7504,0.0,0,0.0,5456.769112304657,optimal,0.044318500004010275,False,
7505,0.0,0,0.0,5456.769112304657,optimal,0.04191749999881722,False,
7506,0.0,0,0.0,5456.769112304657,optimal,0.05241049999312963,False,
7507,0.0,0,0.0,5456.769112304657,optimal,0.12354790000244975,False,
7508,0.0,0,0.0,5456.769112304657,optimal,0.04128609999315813,False,
7509,0.0,0,0.0,5456.769112304657,optimal,0.04715070000384003,False,
7510,0.0,0,0.0,5456.769112304657,optimal,0.03661860000283923,False,
7511,0.0,0,0.0,5456.769112304657,optimal,0.04316020000260323,False,
7512,0.0,0,0.0,5456.769112304657,optimal,0.04365289999986999,False,
7513,0.0,0,0.0,5456.769112304657,optimal,0.04107520000252407,False,
7514,0.0,0,0.0,5456.769112304657,optimal,0.13346840000303928,False,
7515,0.0,0,0.0,5456.769112304657,optimal,0.04867190000368282,False,
7516,0.0,0,0.0,5456.769112304657,optimal,0.05272269999841228,False,
7517,0.0,0,0.0,5456.769112304657,optimal,0.042987799999536946,False,
7518,0.0,0,0.0,5456.769112304657,optimal,0.05479890000424348,False,
7519,0.0,0,0.0,5456.769112304657,optimal,0.05018439999548718,False,
7520,0.0,0,0.0,5456.769112304657,optimal,0.036136299997451715,False,
7521,0.0,0,0.0,5456.769112304657,optimal,0.040838800006895326,False,
7522,0.0,0,0.0,5456.769112304657,optimal,0.058139799992204644,False,
7523,0.0,0,0.0,5456.769112304657,optimal,0.046968199996626936,False,
7524,0.0,0,0.0,5456.769112304657,optimal,0.037323700002161786,False,
7525,0.0,0,0.0,5456.769112304657,optimal,0.04411130001244601,False,
7526,0.0,0,0.0,5456.769112304657,optimal,0.04889050000929274,False,
7527,0.0,0,0.0,5456.769112304657,optimal,0.051700800002436154,False,
7528,0.0,0,0.0,5456.769112304657,optimal,0.044200000003911555,False,
7529,0.0,0,0.0,5456.769112304657,optimal,0.04200390000187326,False,
7530,0.0,0,0.0,5456.769112304657,optimal,0.044241399999009445,False,
7531,0.0,0,0.0,5456.769112304657,optimal,0.0469234000047436,False,
7532,0.0,0,0.0,5456.769112304657,optimal,0.04497730000002775,False,
7533,0.0,0,0.0,5456.769112304657,optimal,0.16363999999884982,False,
7534,0.0,0,0.0,5456.769112304657,optimal,0.04857640000409447,False,
7535,0.0,0,0.0,5456.769112304657,optimal,0.046692699994309805,False,
7536,0.0,0,0.0,5456.769112304657,optimal,0.08634280000114813,False,
7537,0.0,0,0.0,5456.769112304657,optimal,0.065225799990003,False,
7538,0.0,0,0.0,5456.769112304657,optimal,0.04693829998723231,False,
7539,0.0,0,0.0,5456.769112304657,optimal,0.04871779998939019,False,
7540,0.0,0,0.0,5456.769112304657,optimal,0.04713390000688378,False,
7541,0.0,0,0.0,5456.769112304657,optimal,0.041403399998671375,False,
7542,0.0,0,0.0,5456.769112304657,optimal,0.11538619999191724,False,
7543,0.0,0,0.0,5456.769112304657,optimal,0.03932100000383798,False,
7544,0.0,0,0.0,5456.769112304657,optimal,0.04745540001022164,False,
7545,0.0,0,0.0,5456.769112304657,optimal,0.03612829999474343,False,
7546,0.0,0,0.0,5456.769112304657,optimal,0.1673696999932872,False,
7547,0.0,0,0.0,5456.769112304657,optimal,0.04260960000101477,False,
7548,0.0,0,0.0,5456.769112304657,optimal,0.05355180001060944,False,
7549,0.0,0,0.0,5456.769112304657,optimal,0.04204169999866281,False,
7550,0.0,0,0.0,5456.769112304657,optimal,0.15684429999964777,False,
7551,0.0,0,0.0,5456.769112304657,optimal,0.04326249999576248,False,
7552,0.0,0,0.0,5456.769112304657,optimal,0.05839419999392703,False,
7553,0.0,0,0.0,5456.769112304657,optimal,0.051833300007274374,False,
7554,0.0,0,0.0,5456.769112304657,optimal,0.04620720000821166,False,
7555,0.0,0,0.0,5456.769112304657,optimal,0.08171270000457298,False,
7556,0.0,0,0.0,5456.769112304657,optimal,0.05844900000374764,False,
7557,0.0,0,0.0,5456.769112304657,optimal,0.056892100008553825,False,
7558,0.0,0,0.0,5456.769112304657,optimal,0.05106320000777487,False,
7559,0.0,0,0.0,5456.769112304657,optimal,0.0596845999971265,False,
7560,0.0,0,0.0,5456.769112304657,optimal,0.0762284000084037,False,
7561,0.0,0,0.0,5456.769112304657,optimal,0.061189700005343184,False,
7562,0.0,0,0.0,5456.769112304657,optimal,0.05178340000566095,False,
7563,0.0,0,0.0,5456.769112304657,optimal,0.044306499999947846,False,
7564,0.0,0,0.0,5456.769112304657,optimal,0.1473128999932669,False,
7565,0.0,0,0.0,5456.769112304657,optimal,0.038231099999393336,False,
7566,0.0,0,0.0,5456.769112304657,optimal,0.04212290000577923,False,
7567,0.0,0,0.0,5456.769112304657,optimal,0.05918029999884311,False,
7568,0.0,0,0.0,5456.769112304657,optimal,0.053036099998280406,False,
7569,0.0,0,0.0,5456.769112304657,optimal,0.054267400002572685,False,
7570,0.0,0,0.0,5456.769112304657,optimal,0.04795619999640621,False,
7571,0.0,0,0.0,5456.769112304657,optimal,0.05376080000132788,False,
7572,0.0,0,0.0,5456.769112304657,optimal,0.05303969999658875,False,
7573,0.0,0,0.0,5456.769112304657,optimal,0.051192500002798624,False,
7574,0.0,0,0.0,5456.769112304657,optimal,0.21123650000663474,False,
7575,0.0,0,0.0,5456.769112304657,optimal,0.040852399994037114,False,
7576,0.0,0,0.0,5456.769112304657,optimal,0.372223500002292,False,
7577,0.0,0,0.0,5456.769112304657,optimal,0.3602305999957025,False,
7578,0.0,0,0.0,5456.769112304657,optimal,0.061928199997055344,False,
7579,0.0,0,0.0,5456.769112304657,optimal,0.07211280000046827,False,
7580,0.0,0,0.0,5456.769112304657,optimal,0.13121190000674687,False,
7581,0.0,0,0.0,5456.769112304657,optimal,0.11056660000758711,False,
7582,0.0,0,0.0,5456.769112304657,optimal,0.6094446999923093,False,
7583,0.0,0,0.0,5456.769112304657,optimal,0.1295901999983471,False,
7584,0.0,0,0.0,5456.769112304657,optimal,0.10308030000305735,False,
7585,0.0,0,0.0,5456.769112304657,optimal,0.532234199999948,False,
7586,0.0,0,0.0,5456.769112304657,optimal,0.10610360000282526,False,
7587,0.0,0,0.0,5456.769112304657,optimal,0.2531206999992719,False,
7588,0.0,0,0.0,5456.769112304657,optimal,0.3660931999911554,False,
7589,0.0,0,0.0,5456.769112304657,optimal,0.4648790000064764,False,
7590,0.0,0,0.0,5456.769112304657,optimal,0.3453896999999415,False,
7591,0.0,0,0.0,5456.769112304657,optimal,0.05916089999664109,False,
7592,0.0,0,0.0,5456.769112304657,optimal,0.06385700000100769,False,
7593,0.0,0,0.0,5456.769112304657,optimal,0.07065559999318793,False,
7594,0.0,0,0.0,5456.769112304657,optimal,0.2983598999999231,False,
7595,0.0,0,0.0,5456.769112304657,optimal,0.0978192000038689,False,
7596,0.0,0,0.0,5456.769112304657,optimal,0.36789690000296105,False,
7597,0.0,0,0.0,5456.769112304657,optimal,0.11185339999792632,False,
7598,0.0,0,0.0,5456.769112304657,optimal,0.08433129999320954,False,
7599,0.0,0,0.0,5456.769112304657,optimal,0.07956169999670237,False,
7600,0.0,0,0.0,5456.769112304657,optimal,0.5404211999994004,False,
7601,0.06442419089488238,1,0.06442419089488238,6101.011021253481,optimal,0.53863850000198,False,
7602,0.0,0,0.0,5456.769112304657,optimal,0.09724289999576285,False,
7603,0.0,0,0.0,5456.769112304657,optimal,0.11902139999438077,False,
7604,0.0,0,0.0,5456.769112304657,optimal,0.10750620000180788,False,
7605,0.0,0,0.0,5456.769112304657,optimal,0.2751530000095954,False,
7606,1.5238075392813573,4,0.7361098559999997,20694.844505118228,optimal,0.2970696999982465,False,
7607,4.0467639526448,9,1.27597,45924.40863875266,optimal,0.1517127000115579,False,
7608,6.315559856,11,1.36224,68612.36767230465,optimal,0.0749972999910824,False,
7609,5.993169856,10,1.36224,65388.46767230466,optimal,0.0607363000017358,False,
7610,5.195914381578619,9,1.36224,57415.91292809084,optimal,0.06537500000558794,False,
7611,5.041824381578619,8,1.27597,55875.012928090844,optimal,0.05839340000238735,False,
7612,2.162318275966418,3,1.27597,27079.95187196884,optimal,0.06153160000394564,False,
7613,0.0,0,0.0,5456.769112304657,optimal,0.09058899999945424,False,
7614,0.0,0,0.0,5456.769112304657,optimal,0.06182190000254195,False,
7615,0.0,0,0.0,5456.769112304657,optimal,0.07417469999927562,False,
7616,0.0,0,0.0,5456.769112304657,optimal,0.059829999998328276,False,
7617,0.0,0,0.0,5456.769112304657,optimal,0.054272499997750856,False,
7618,0.0,0,0.0,5456.769112304657,optimal,0.29599189999862574,False,
7619,0.0,0,0.0,5456.769112304657,optimal,0.3420394999993732,False,
7620,0.0,0,0.0,5456.769112304657,optimal,0.32496220000030007,False,
7621,0.0,0,0.0,5456.769112304657,optimal,0.16713079999317415,False,
7622,0.0,0,0.0,5456.769112304657,optimal,0.0798508000007132,False,
7623,0.0,0,0.0,5456.769112304657,optimal,0.07452529999136459,False,
7624,0.0,0,0.0,5456.769112304657,optimal,0.05609659999026917,False,
7625,0.0,0,0.0,5456.769112304657,optimal,0.03692830000363756,False,
7626,0.0,0,0.0,5456.769112304657,optimal,0.04816869999922346,False,
7627,0.0,0,0.0,5456.769112304657,optimal,0.07643610000377521,False,
7628,0.0,0,0.0,5456.769112304657,optimal,0.07485640000959393,False,
7629,0.0,0,0.0,5456.769112304657,optimal,0.06966059999831486,False,
7630,0.0,0,0.0,5456.769112304657,optimal,0.06417660000442993,False,
7631,0.0,0,0.0,5456.769112304657,optimal,0.06848330001230352,False,
7632,0.0,0,0.0,5456.769112304657,optimal,0.05969210001057945,False,
7633,0.0,0,0.0,5456.769112304657,optimal,0.057964899999205954,False,
7634,0.0,0,0.0,5456.769112304657,optimal,0.06803300000319723,False,
7635,0.0,0,0.0,5456.769112304657,optimal,0.10475669999141246,False,
7636,0.0,0,0.0,5456.769112304657,optimal,0.074333900003694,False,
7637,0.0,0,0.0,5456.769112304657,optimal,0.06388459999288898,False,
7638,0.0,0,0.0,5456.769112304657,optimal,0.061098399994079955,False,
7639,0.0,0,0.0,5456.769112304657,optimal,0.06358109999564476,False,
7640,0.0,0,0.0,5456.769112304657,optimal,0.06157280001207255,False,
7641,0.0,0,0.0,5456.769112304657,optimal,0.05658439999388065,False,
7642,0.0,0,0.0,5456.769112304657,optimal,0.06581669999286532,False,
7643,0.0,0,0.0,5456.769112304657,optimal,0.054984699992928654,False,
7644,0.0,0,0.0,5456.769112304657,optimal,0.04061589999764692,False,
7645,0.0,0,0.0,5456.769112304657,optimal,0.05000000000291038,False,
7646,0.0,0,0.0,5456.769112304657,optimal,0.061896100000012666,False,
7647,0.0,0,0.0,5456.769112304657,optimal,0.04988769999181386,False,
7648,0.0,0,0.0,5456.769112304657,optimal,0.057115999996312894,False,
7649,0.0,0,0.0,5456.769112304657,optimal,0.07345320000604261,False,
7650,0.0,0,0.0,5456.769112304657,optimal,0.14052440000523347,False,
7651,0.0,0,0.0,5456.769112304657,optimal,0.4495498000032967,False,
7652,0.0,0,0.0,5456.769112304657,optimal,0.3959447000088403,False,
7653,0.0,0,0.0,5456.769112304657,optimal,0.373829799995292,False,
7654,0.0,0,0.0,5456.769112304657,optimal,0.3431056000117678,False,
7655,0.0,0,0.0,5456.769112304657,optimal,0.2891828000138048,False,
7656,0.0,0,0.0,5456.769112304657,optimal,0.2583496000006562,False,
7657,0.0,0,0.0,5456.769112304657,optimal,0.1441523999965284,False,
7658,0.0,0,0.0,5456.769112304657,optimal,0.08923420000064652,False,
7659,0.0,0,0.0,5456.769112304657,optimal,0.10203730000648648,False,
7660,0.7000200000000025,1,0.7000200000000025,12456.969112304683,optimal,0.06687860000238288,False,
7661,0.5862800000000016,1,0.5862800000000016,11319.569112304673,optimal,0.05292390000249725,False,
7662,0.6912400000000013,1,0.6912400000000013,12369.16911230467,optimal,0.08631129999412224,False,
7663,0.9623300000000011,1,0.9623300000000011,15080.069112304669,optimal,0.07685199999832548,False,
7664,1.230560000000002,2,1.0548599999999997,17762.369112304677,optimal,0.05609800000092946,False,
7665,1.0548599999999997,1,1.0548599999999997,16005.369112304654,optimal,0.07601970000541769,False,
7666,0.0,0,0.0,5456.769112304657,optimal,0.06396179999865126,False,
7667,0.0,0,0.0,5456.769112304657,optimal,0.054642400005832314,False,
7668,0.0,0,0.0,5456.769112304657,optimal,0.04482369999459479,False,
7669,0.0,0,0.0,5456.769112304657,optimal,0.051734599997871555,False,
7670,0.0,0,0.0,5456.769112304657,optimal,0.05610470000829082,False,
7671,0.0,0,0.0,5456.769112304657,optimal,0.0648566000018036,False,
7672,0.0,0,0.0,5456.769112304657,optimal,0.085653000001912,False,
7673,0.0,0,0.0,5456.769112304657,optimal,0.060204300010809675,False,
7674,0.0,0,0.0,5456.769112304657,optimal,0.06257480000203941,False,
7675,0.0,0,0.0,5456.769112304657,optimal,0.06705749999673571,False,
7676,0.0,0,0.0,5456.769112304657,optimal,0.27591140000731684,False,
7677,0.0,0,0.0,5456.769112304657,optimal,0.37165790000290144,False,
7678,0.0,0,0.0,5456.769112304657,optimal,0.3495563999895239,False,
7679,0.0,0,0.0,5456.769112304657,optimal,0.23491739999735728,False,
7680,0.0,0,0.0,5456.769112304657,optimal,0.13973120000446215,False,
7681,0.0,0,0.0,5456.769112304657,optimal,0.1439723000075901,False,
7682,0.0,0,0.0,5456.769112304657,optimal,0.06134909999673255,False,
7683,0.0,0,0.0,5456.769112304657,optimal,0.0799360999953933,False,
7684,0.0,0,0.0,5456.769112304657,optimal,0.07606680000026245,False,
7685,0.0,0,0.0,5456.769112304657,optimal,0.051121900003636256,False,
7686,0.0,0,0.0,5456.769112304657,optimal,0.10735360000398941,False,
7687,0.0,0,0.0,5456.769112304657,optimal,0.10753269999986514,False,
7688,0.0,0,0.0,5456.769112304657,optimal,0.07690839999122545,False,
7689,0.9077599999999997,1,0.9077599999999997,14534.369112304654,optimal,0.1889929999888409,False,
7690,0.0,0,0.0,5456.769112304657,optimal,0.17284290000679903,False,
7691,0.0,0,0.0,5456.769112304657,optimal,0.13227220000408124,False,
7692,0.0,0,0.0,5456.769112304657,optimal,0.09122620000562165,False,
7693,0.0,0,0.0,5456.769112304657,optimal,0.38965459998871665,False,
7694,0.0,0,0.0,5456.769112304657,optimal,0.4954328000021633,False,
7695,0.0,0,0.0,5456.769112304657,optimal,0.45028869999805465,False,
7696,0.0,0,0.0,5456.769112304657,optimal,0.35143939999397844,False,
7697,0.0,0,0.0,5456.769112304657,optimal,0.25454069999977946,False,
7698,0.0,0,0.0,5456.769112304657,optimal,0.06689709999773186,False,
7699,0.0,0,0.0,5456.769112304657,optimal,0.06712579999293666,False,
7700,0.0,0,0.0,5456.769112304657,optimal,0.05683020000287797,False,
7701,0.0,0,0.0,5456.769112304657,optimal,0.111638899994432,False,
7702,0.0,0,0.0,5456.769112304657,optimal,0.08696169999893755,False,
7703,0.0,0,0.0,5456.769112304657,optimal,0.08542909999960102,False,
7704,0.0,0,0.0,5456.769112304657,optimal,0.06890700000803918,False,
7705,0.0,0,0.0,5456.769112304657,optimal,0.06153410000842996,False,
7706,0.0,0,0.0,5456.769112304657,optimal,0.5611714000115171,False,
7707,0.0,0,0.0,5456.769112304657,optimal,0.2144698000047356,False,
7708,0.0,0,0.0,5456.769112304657,optimal,0.21621260000392795,False,
7709,0.0,0,0.0,5456.769112304657,optimal,0.627211900005932,False,
7710,0.0,0,0.0,5456.769112304657,optimal,0.16010759999335278,False,
7711,0.0,0,0.0,5456.769112304657,optimal,0.5175845000048866,False,
7712,0.0,0,0.0,5456.769112304657,optimal,0.5002246999938507,False,
7713,0.6520100000000006,1,0.6520100000000006,11976.869112304663,optimal,0.34318339999299496,False,
7714,0.0,0,0.0,5456.769112304657,optimal,0.1959123999986332,False,
7715,0.0,0,0.0,5456.769112304657,optimal,0.20909420000680257,False,
7716,0.0,0,0.0,5456.769112304657,optimal,0.05526699998881668,False,
7717,0.0,0,0.0,5456.769112304657,optimal,0.05647820000012871,False,
7718,0.0,0,0.0,5456.769112304657,optimal,0.0706934000045294,False,
7719,0.0,0,0.0,5456.769112304657,optimal,0.06725880000158213,False,
7720,0.0,0,0.0,5456.769112304657,optimal,0.06259070000669453,False,
7721,0.0,0,0.0,5456.769112304657,optimal,0.0572736000031,False,
7722,0.0,0,0.0,5456.769112304657,optimal,0.06203970000206027,False,
7723,0.0,0,0.0,5456.769112304657,optimal,0.05828890000702813,False,
7724,0.0,0,0.0,5456.769112304657,optimal,0.06374810000124853,False,
7725,0.0,0,0.0,5456.769112304657,optimal,0.11350410000886768,False,
7726,0.0,0,0.0,5456.769112304657,optimal,0.5101001000002725,False,
7727,0.0,0,0.0,5456.769112304657,optimal,0.6601894999912474,False,
7728,0.0,0,0.0,5456.769112304657,optimal,0.48760249999759253,False,
7729,0.0,0,0.0,5456.769112304657,optimal,0.37503840000135824,False,
7730,0.0,0,0.0,5456.769112304657,optimal,0.19636620000528637,False,
7731,0.0,0,0.0,5456.769112304657,optimal,0.11577960000431631,False,
7732,0.0,0,0.0,5456.769112304657,optimal,0.05865289999928791,False,
7733,0.0,0,0.0,5456.769112304657,optimal,0.06051660000230186,False,
7734,0.0,0,0.0,5456.769112304657,optimal,0.05168079999566544,False,
7735,0.0,0,0.0,5456.769112304657,optimal,0.051122899996698834,False,
7736,0.0,0,0.0,5456.769112304657,optimal,0.04402960000152234,False,
7737,0.0,0,0.0,5456.769112304657,optimal,0.05220179999014363,False,
7738,0.0,0,0.0,5456.769112304657,optimal,0.050176599994301796,False,
7739,0.0,0,0.0,5456.769112304657,optimal,0.07120979999308474,False,
7740,0.0,0,0.0,5456.769112304657,optimal,0.09999689999676775,False,
7741,0.0,0,0.0,5456.769112304657,optimal,0.1277014999941457,False,
7742,0.0,0,0.0,5456.769112304657,optimal,0.628344599987031,False,
7743,0.0,0,0.0,5456.769112304657,optimal,0.14820340000733268,False,
7744,0.0,0,0.0,5456.769112304657,optimal,0.4640406999969855,False,
7745,0.0,0,0.0,5456.769112304657,optimal,0.10859430000709835,False,
7746,0.0,0,0.0,5456.769112304657,optimal,0.08901189999596681,False,
7747,0.0,0,0.0,5456.769112304657,optimal,0.5315545999910682,False,
7748,0.0,0,0.0,5456.769112304657,optimal,0.5430445999954827,False,
7749,0.0,0,0.0,5456.769112304657,optimal,0.507856800002628,False,
7750,0.0,0,0.0,5456.769112304657,optimal,0.4097399000020232,False,
7751,0.0,0,0.0,5456.769112304657,optimal,0.33470810001017526,False,
7752,0.0,0,0.0,5456.769112304657,optimal,0.24659690000407863,False,
7753,0.0,0,0.0,5456.769112304657,optimal,0.1697961000027135,False,
7754,0.0,0,0.0,5456.769112304657,optimal,0.13249760000326205,False,
7755,0.0,0,0.0,5456.769112304657,optimal,0.11048679999657907,False,
7756,0.0,0,0.0,5456.769112304657,optimal,0.1092930000013439,False,
7757,0.0,0,0.0,5456.769112304657,optimal,0.13659399999596644,False,
7758,0.0,0,0.0,5456.769112304657,optimal,0.10711129999253899,False,
7759,0.0,0,0.0,5456.769112304657,optimal,0.10170420000213198,False,
7760,0.0,0,0.0,5456.769112304657,optimal,0.08196440000028815,False,
7761,0.0,0,0.0,5456.769112304657,optimal,0.0807243000017479,False,
7762,0.0,0,0.0,5456.769112304657,optimal,0.06440989999100566,False,
7763,0.0,0,0.0,5456.769112304657,optimal,0.2087930999987293,False,
7764,0.0,0,0.0,5456.769112304657,optimal,0.0654521999967983,False,
7765,0.0,0,0.0,5456.769112304657,optimal,0.07702860000426881,False,
7766,0.0,0,0.0,5456.769112304657,optimal,0.09700259999954142,False,
7767,0.0,0,0.0,5456.769112304657,optimal,0.07397060000221245,False,
7768,0.0,0,0.0,5456.769112304657,optimal,0.11253889999352396,False,
7769,0.0,0,0.0,5456.769112304657,optimal,0.1131172999885166,False,
7770,0.0,0,0.0,5456.769112304657,optimal,0.06660560000455007,False,
7771,0.0,0,0.0,5456.769112304657,optimal,0.0686375999939628,False,
7772,0.0,0,0.0,5456.769112304657,optimal,0.07538070000009611,False,
7773,0.0,0,0.0,5456.769112304657,optimal,0.07871459999296349,False,
7774,0.0,0,0.0,5456.769112304657,optimal,0.07492260000435635,False,
7775,0.0,0,0.0,5456.769112304657,optimal,0.31442839998635463,False,
7776,0.0,0,0.0,5456.769112304657,optimal,0.07378690000041388,False,
7777,0.0,0,0.0,5456.769112304657,optimal,0.10018009999475908,False,
7778,0.0,0,0.0,5456.769112304657,optimal,0.11724859999958426,False,
7779,0.0,0,0.0,5456.769112304657,optimal,0.08120310000958852,False,
7780,0.0,0,0.0,5456.769112304657,optimal,0.08119190001161769,False,
7781,0.0,0,0.0,5456.769112304657,optimal,0.07051849999697879,False,
7782,0.0,0,0.0,5456.769112304657,optimal,0.17888559999119025,False,
7783,0.0,0,0.0,5456.769112304657,optimal,0.38173120000283234,False,
7784,0.0,0,0.0,5456.769112304657,optimal,0.06322320000617765,False,
7785,0.0,0,0.0,5456.769112304657,optimal,0.09958979999646544,False,
7786,0.0,0,0.0,5456.769112304657,optimal,0.07996620000631083,False,
7787,0.0,0,0.0,5456.769112304657,optimal,0.3956218999956036,False,
7788,0.0,0,0.0,5456.769112304657,optimal,0.2788300999964122,False,
7789,0.0,0,0.0,5456.769112304657,optimal,0.3978855999885127,False,
7790,0.0,0,0.0,5456.769112304657,optimal,0.36647750000702217,False,
7791,0.0,0,0.0,5456.769112304657,optimal,0.16711290000239387,False,
7792,0.0,0,0.0,5456.769112304657,optimal,0.43643109999538865,False,
7793,0.0,0,0.0,5456.769112304657,optimal,0.1277719000063371,False,
7794,0.0,0,0.0,5456.769112304657,optimal,0.11835260000952985,False,
7795,0.0,0,0.0,5456.769112304657,optimal,0.09355109999887645,False,
7796,0.0,0,0.0,5456.769112304657,optimal,0.10803770000347868,False,
7797,0.0,0,0.0,5456.769112304657,optimal,0.10693529999116436,False,
7798,0.0,0,0.0,5456.769112304657,optimal,0.09379020000051241,False,
7799,0.0,0,0.0,5456.769112304657,optimal,0.17324720000033267,False,
7800,0.0,0,0.0,5456.769112304657,optimal,0.16995830000087153,False,
7801,0.0,0,0.0,5456.769112304657,optimal,0.14300369999546092,False,
7802,0.0,0,0.0,5456.769112304657,optimal,0.20204580000427086,False,
7803,0.0,0,0.0,5456.769112304657,optimal,0.06984720000764355,False,
7804,0.0,0,0.0,5456.769112304657,optimal,0.2602197999949567,False,
7805,0.0,0,0.0,5456.769112304657,optimal,0.10846200000378303,False,
7806,0.0,0,0.0,5456.769112304657,optimal,0.0952977999986615,False,
7807,0.0,0,0.0,5456.769112304657,optimal,0.067501200013794,False,
7808,0.0,0,0.0,5456.769112304657,optimal,0.0886538000049768,False,
7809,0.0,0,0.0,5456.769112304657,optimal,0.06081179999455344,False,
7810,0.0,0,0.0,5456.769112304657,optimal,0.11283509999339003,False,
7811,0.0,0,0.0,5456.769112304657,optimal,0.0619388000050094,False,
7812,0.0,0,0.0,5456.769112304657,optimal,0.06969180000305641,False,
7813,0.0,0,0.0,5456.769112304657,optimal,0.057811700011370704,False,
7814,0.0,0,0.0,5456.769112304657,optimal,0.352119599992875,False,
7815,0.0,0,0.0,5456.769112304657,optimal,0.09750839999469463,False,
7816,0.0,0,0.0,5456.769112304657,optimal,0.3519049000024097,False,
7817,0.0,0,0.0,5456.769112304657,optimal,0.33344110001053195,False,
7818,0.0,0,0.0,5456.769112304657,optimal,0.2037782999977935,False,
7819,0.0,0,0.0,5456.769112304657,optimal,0.20541530000627972,False,
7820,0.0,0,0.0,5456.769112304657,optimal,0.29996619999292307,False,
7821,0.0,0,0.0,5456.769112304657,optimal,0.0806045999925118,False,
7822,0.0,0,0.0,5456.769112304657,optimal,0.09320810000644997,False,
7823,0.0,0,0.0,5456.769112304657,optimal,0.08008559999871068,False,
7824,0.0,0,0.0,5456.769112304657,optimal,0.13780229999974836,False,
7825,0.0,0,0.0,5456.769112304657,optimal,0.1207282999966992,False,
7826,0.0,0,0.0,5456.769112304657,optimal,0.12218910000228789,False,
7827,0.0,0,0.0,5456.769112304657,optimal,0.172310900001321,False,
7828,0.0,0,0.0,5456.769112304657,optimal,0.28246229999058414,False,
7829,0.0,0,0.0,5456.769112304657,optimal,0.06391150000854395,False,
7830,0.0,0,0.0,5456.769112304657,optimal,0.06881700000667479,False,
7831,0.0,0,0.0,5456.769112304657,optimal,0.16782079999393318,False,
7832,0.0,0,0.0,5456.769112304657,optimal,0.08248999998613726,False,
7833,0.0,0,0.0,5456.769112304657,optimal,0.18723229999886826,False,
7834,0.0,0,0.0,5456.769112304657,optimal,0.17393099999753758,False,
7835,0.0,0,0.0,5456.769112304657,optimal,0.057548400000086986,False,
7836,0.0,0,0.0,5456.769112304657,optimal,0.03985659999307245,False,
7837,0.0,0,0.0,5456.769112304657,optimal,0.051345699990633875,False,
7838,0.0,0,0.0,5456.769112304657,optimal,0.05462350000743754,False,
7839,0.0,0,0.0,5456.769112304657,optimal,0.04748229999677278,False,
7840,0.0,0,0.0,5456.769112304657,optimal,0.045073300003423356,False,
7841,0.0,0,0.0,5456.769112304657,optimal,0.05652489999192767,False,
7842,0.0,0,0.0,5456.769112304657,optimal,0.05186910000338685,False,
7843,0.0,0,0.0,5456.769112304657,optimal,0.05692059999273624,False,
7844,0.0,0,0.0,5456.769112304657,optimal,0.04807760000403505,False,
7845,0.0,0,0.0,5456.769112304657,optimal,0.04908730000897776,False,
7846,0.0,0,0.0,5456.769112304657,optimal,0.04706950001127552,False,
7847,0.0,0,0.0,5456.769112304657,optimal,0.03809700001147576,False,
7848,0.0,0,0.0,5456.769112304657,optimal,0.056344099997659214,False,
7849,0.0,0,0.0,5456.769112304657,optimal,0.06523269999888726,False,
7850,0.0,0,0.0,5456.769112304657,optimal,0.06226310000056401,False,
7851,0.0,0,0.0,5456.769112304657,optimal,0.055317099991953,False,
7852,0.0,0,0.0,5456.769112304657,optimal,0.04892809999000747,False,
7853,0.0,0,0.0,5456.769112304657,optimal,0.04802940000081435,False,
7854,0.0,0,0.0,5456.769112304657,optimal,0.043617799994535744,False,
7855,0.0,0,0.0,5456.769112304657,optimal,0.07245790000888519,False,
7856,0.0,0,0.0,5456.769112304657,optimal,0.0635879999899771,False,
7857,0.0,0,0.0,5456.769112304657,optimal,0.08086469999398105,False,
7858,0.0,0,0.0,5456.769112304657,optimal,0.0790804999996908,False,
7859,0.0,0,0.0,5456.769112304657,optimal,0.08544759999495,False,
7860,0.0,0,0.0,5456.769112304657,optimal,0.10534989999723621,False,
7861,0.0,0,0.0,5456.769112304657,optimal,0.13386960000207182,False,
7862,0.0,0,0.0,5456.769112304657,optimal,0.12609059999522287,False,
7863,0.0,0,0.0,5456.769112304657,optimal,0.12580009999510366,False,
7864,0.0,0,0.0,5456.769112304657,optimal,0.13901020000048447,False,
7865,0.0,0,0.0,5456.769112304657,optimal,0.15240419999463484,False,
7866,0.0,0,0.0,5456.769112304657,optimal,0.18778950000705663,False,
7867,0.0,0,0.0,5456.769112304657,optimal,0.1720832999999402,False,
7868,0.0,0,0.0,5456.769112304657,optimal,0.1558843000093475,False,
7869,0.0,0,0.0,5456.769112304657,optimal,0.12260429999150801,False,
7870,0.0,0,0.0,5456.769112304657,optimal,0.11357909999787807,False,
7871,0.0,0,0.0,5456.769112304657,optimal,0.11132660000293981,False,
7872,0.0,0,0.0,5456.769112304657,optimal,0.11022700001194607,False,
7873,0.0,0,0.0,5456.769112304657,optimal,0.11322150001069531,False,
7874,0.0,0,0.0,5456.769112304657,optimal,0.1199923999956809,False,
7875,0.0,0,0.0,5456.769112304657,optimal,0.08008650000556372,False,
7876,0.0,0,0.0,5456.769112304657,optimal,0.06040489999577403,False,
7877,0.0,0,0.0,5456.769112304657,optimal,0.05310089999693446,False,
7878,0.0,0,0.0,5456.769112304657,optimal,0.04795610001019668,False,
7879,0.0,0,0.0,5456.769112304657,optimal,0.04491019999841228,False,
7880,0.0,0,0.0,5456.769112304657,optimal,0.05521720000251662,False,
7881,0.0,0,0.0,5456.769112304657,optimal,0.043178200008696876,False,
7882,0.0,0,0.0,5456.769112304657,optimal,0.04091359999438282,False,
7883,0.0,0,0.0,5456.769112304657,optimal,0.05538629999500699,False,
7884,0.0,0,0.0,5456.769112304657,optimal,0.04818420000083279,False,
7885,0.0,0,0.0,5456.769112304657,optimal,0.067463500003214,False,
7886,0.0,0,0.0,5456.769112304657,optimal,0.05071880000468809,False,
7887,0.0,0,0.0,5456.769112304657,optimal,0.05193509999662638,False,
7888,0.0,0,0.0,5456.769112304657,optimal,0.03502189999562688,False,
7889,0.0,0,0.0,5456.769112304657,optimal,0.05133689999638591,False,
7890,0.0,0,0.0,5456.769112304657,optimal,0.046542600000975654,False,
7891,0.0,0,0.0,5456.769112304657,optimal,0.045255399993038736,False,
7892,0.0,0,0.0,5456.769112304657,optimal,0.049641799996607006,False,
7893,0.0,0,0.0,5456.769112304657,optimal,0.050037700013490394,False,
7894,0.0,0,0.0,5456.769112304657,optimal,0.03974589999415912,False,
7895,0.0,0,0.0,5456.769112304657,optimal,0.046000999995158054,False,
7896,0.0,0,0.0,5456.769112304657,optimal,0.05467230000067502,False,
7897,0.0,0,0.0,5456.769112304657,optimal,0.0538003999972716,False,
7898,0.0,0,0.0,5456.769112304657,optimal,0.04964080000354443,False,
7899,0.0,0,0.0,5456.769112304657,optimal,0.04764370000339113,False,
7900,0.0,0,0.0,5456.769112304657,optimal,0.047025500010931864,False,
7901,0.0,0,0.0,5456.769112304657,optimal,0.04052939999382943,False,
7902,0.0,0,0.0,5456.769112304657,optimal,0.06435080000665039,False,
7903,0.0,0,0.0,5456.769112304657,optimal,0.05360030000156257,False,
7904,0.0,0,0.0,5456.769112304657,optimal,0.04059119999874383,False,
7905,0.0,0,0.0,5456.769112304657,optimal,0.03682119998848066,False,
7906,0.0,0,0.0,5456.769112304657,optimal,0.046465399995213374,False,
7907,0.0,0,0.0,5456.769112304657,optimal,0.0555951999995159,False,
7908,0.0,0,0.0,5456.769112304657,optimal,0.04825770000752527,False,
7909,0.0,0,0.0,5456.769112304657,optimal,0.04699309999705292,False,
7910,0.0,0,0.0,5456.769112304657,optimal,0.053926499997032806,False,
7911,0.0,0,0.0,5456.769112304657,optimal,0.04235329999937676,False,
7912,0.0,0,0.0,5456.769112304657,optimal,0.04788600000028964,False,
7913,0.0,0,0.0,5456.769112304657,optimal,0.05415240000002086,False,
7914,0.0,0,0.0,5456.769112304657,optimal,0.04409670000313781,False,
7915,0.0,0,0.0,5456.769112304657,optimal,0.037726299997302704,False,
7916,0.0,0,0.0,5456.769112304657,optimal,0.047607000000425614,False,
7917,0.0,0,0.0,5456.769112304657,optimal,0.047617399992304854,False,
7918,0.0,0,0.0,5456.769112304657,optimal,0.047624699989682995,False,
7919,0.0,0,0.0,5456.769112304657,optimal,0.043890899993130006,False,
7920,0.0,0,0.0,5456.769112304657,optimal,0.0463931000122102,False,
7921,0.0,0,0.0,5456.769112304657,optimal,0.04775060000247322,False,
7922,0.0,0,0.0,5456.769112304657,optimal,0.04122839999035932,False,
7923,0.0,0,0.0,5456.769112304657,optimal,0.04871580000326503,False,
7924,0.0,0,0.0,5456.769112304657,optimal,0.05243969999719411,False,
7925,0.0,0,0.0,5456.769112304657,optimal,0.05157540000800509,False,
7926,0.0,0,0.0,5456.769112304657,optimal,0.038337400008458644,False,
7927,0.0,0,0.0,5456.769112304657,optimal,0.046576499997172505,False,
7928,0.0,0,0.0,5456.769112304657,optimal,0.0443572999938624,False,
7929,0.0,0,0.0,5456.769112304657,optimal,0.04385739999997895,False,
7930,0.0,0,0.0,5456.769112304657,optimal,0.04357220001111273,False,
7931,0.0,0,0.0,5456.769112304657,optimal,0.0505641000054311,False,
7932,0.0,0,0.0,5456.769112304657,optimal,0.04773350000323262,False,
7933,0.0,0,0.0,5456.769112304657,optimal,0.04082660000131,False,
7934,0.0,0,0.0,5456.769112304657,optimal,0.05057779999333434,False,
7935,0.0,0,0.0,5456.769112304657,optimal,0.0425556999980472,False,
7936,0.0,0,0.0,5456.769112304657,optimal,0.03922350000357255,False,
7937,0.0,0,0.0,5456.769112304657,optimal,0.05635400000028312,False,
7938,0.0,0,0.0,5456.769112304657,optimal,0.1509725000069011,False,
7939,0.0,0,0.0,5456.769112304657,optimal,0.03641449999122415,False,
7940,0.0,0,0.0,5456.769112304657,optimal,0.04382170000462793,False,
7941,0.0,0,0.0,5456.769112304657,optimal,0.03878360000089742,False,
7942,0.0,0,0.0,5456.769112304657,optimal,0.14729449999867938,False,
7943,0.0,0,0.0,5456.769112304657,optimal,0.0382406999997329,False,
7944,0.0,0,0.0,5456.769112304657,optimal,0.04781540000112727,False,
7945,0.0,0,0.0,5456.769112304657,optimal,0.06056310000712983,False,
7946,0.0,0,0.0,5456.769112304657,optimal,0.052281899988884106,False,
7947,0.0,0,0.0,5456.769112304657,optimal,0.04077400000824127,False,
7948,0.0,0,0.0,5456.769112304657,optimal,0.05564770000637509,False,
7949,0.0,0,0.0,5456.769112304657,optimal,0.044773999994504265,False,
7950,0.0,0,0.0,5456.769112304657,optimal,0.042654799995943904,False,
7951,0.0,0,0.0,5456.769112304657,optimal,0.04889029999321792,False,
7952,0.0,0,0.0,5456.769112304657,optimal,0.03964050000649877,False,
7953,0.0,0,0.0,5456.769112304657,optimal,0.0680828000040492,False,
7954,0.0,0,0.0,5456.769112304657,optimal,0.0514433999924222,False,
7955,0.0,0,0.0,5456.769112304657,optimal,0.05199659999925643,False,
7956,0.0,0,0.0,5456.769112304657,optimal,0.047112700005527586,False,
7957,0.0,0,0.0,5456.769112304657,optimal,0.049903199993423186,False,
7958,0.0,0,0.0,5456.769112304657,optimal,0.0453750000015134,False,
7959,0.0,0,0.0,5456.769112304657,optimal,0.05530590000853408,False,
7960,0.0,0,0.0,5456.769112304657,optimal,0.06013399999937974,False,
7961,0.0,0,0.0,5456.769112304657,optimal,0.1118243000091752,False,
7962,0.0,0,0.0,5456.769112304657,optimal,0.09673600000678562,False,
7963,0.0,0,0.0,5456.769112304657,optimal,0.06937650000327267,False,
7964,0.0,0,0.0,5456.769112304657,optimal,0.05481829999189358,False,
7965,0.0,0,0.0,5456.769112304657,optimal,0.04078150000714231,False,
7966,0.0,0,0.0,5456.769112304657,optimal,0.053048999994643964,False,
7967,0.0,0,0.0,5456.769112304657,optimal,0.051539099993533455,False,
7968,0.0,0,0.0,5456.769112304657,optimal,0.03597789999912493,False,
7969,0.0,0,0.0,5456.769112304657,optimal,0.04400239999813493,False,
7970,0.0,0,0.0,5456.769112304657,optimal,0.04495820000011008,False,
7971,0.0,0,0.0,5456.769112304657,optimal,0.054239299992332235,False,
7972,0.0,0,0.0,5456.769112304657,optimal,0.04742989999067504,False,
7973,0.0,0,0.0,5456.769112304657,optimal,0.1259076999995159,False,
7974,0.0,0,0.0,5456.769112304657,optimal,0.04271359999256674,False,
7975,0.0,0,0.0,5456.769112304657,optimal,0.06104959998629056,False,
7976,0.0,0,0.0,5456.769112304657,optimal,0.04492529999697581,False,
7977,0.0,0,0.0,5456.769112304657,optimal,0.05281019999529235,False,
7978,0.0,0,0.0,5456.769112304657,optimal,0.1251371999969706,False,
7979,0.0,0,0.0,5456.769112304657,optimal,0.037544699996942654,False,
7980,0.0,0,0.0,5456.769112304657,optimal,0.04192079999484122,False,
7981,0.0,0,0.0,5456.769112304657,optimal,0.0452443999965908,False,
7982,0.0,0,0.0,5456.769112304657,optimal,0.03529629998956807,False,
7983,0.0,0,0.0,5456.769112304657,optimal,0.041294000009656884,False,
7984,0.0,0,0.0,5456.769112304657,optimal,0.03453750000335276,False,
7985,0.0,0,0.0,5456.769112304657,optimal,0.040747799997916445,False,
7986,0.0,0,0.0,5456.769112304657,optimal,0.05282509999233298,False,
7987,0.0,0,0.0,5456.769112304657,optimal,0.05572730000130832,False,
7988,0.0,0,0.0,5456.769112304657,optimal,0.05174960001022555,False,
7989,0.0,0,0.0,5456.769112304657,optimal,0.038490100007038563,False,
7990,0.0,0,0.0,5456.769112304657,optimal,0.039244800005690195,False,
7991,0.0,0,0.0,5456.769112304657,optimal,0.04763430000457447,False,
7992,0.0,0,0.0,5456.769112304657,optimal,0.04724839999107644,False,
7993,0.0,0,0.0,5456.769112304657,optimal,0.04172320000361651,False,
7994,0.0,0,0.0,5456.769112304657,optimal,0.05675600000540726,False,
7995,0.0,0,0.0,5456.769112304657,optimal,0.03780400000687223,False,
7996,0.0,0,0.0,5456.769112304657,optimal,0.13728579999587964,False,
7997,0.0,0,0.0,5456.769112304657,optimal,0.04227760000503622,False,
7998,0.0,0,0.0,5456.769112304657,optimal,0.04611119999026414,False,
7999,0.0,0,0.0,5456.769112304657,optimal,0.052556900001945905,False,
8000,0.0,0,0.0,5456.769112304657,optimal,0.06009490000724327,False,
8001,0.0,0,0.0,5456.769112304657,optimal,0.04953610000666231,False,
8002,0.0,0,0.0,5456.769112304657,optimal,0.039005300001008436,False,
8003,0.0,0,0.0,5456.769112304657,optimal,0.035427499999059364,False,
8004,0.0,0,0.0,5456.769112304657,optimal,0.049243299989029765,False,
8005,0.0,0,0.0,5456.769112304657,optimal,0.03629720000026282,False,
8006,0.0,0,0.0,5456.769112304657,optimal,0.04510400000435766,False,
8007,0.0,0,0.0,5456.769112304657,optimal,0.041824100000667386,False,
8008,0.0,0,0.0,5456.769112304657,optimal,0.04135850000602659,False,
8009,0.0,0,0.0,5456.769112304657,optimal,0.04884799999126699,False,
8010,0.0,0,0.0,5456.769112304657,optimal,0.13092389999656007,False,
8011,0.0,0,0.0,5456.769112304657,optimal,0.037769000002299435,False,
8012,0.0,0,0.0,5456.769112304657,optimal,0.05501709999225568,False,
8013,0.0,0,0.0,5456.769112304657,optimal,0.13376549999520648,False,
8014,0.0,0,0.0,5456.769112304657,optimal,0.041696999993291683,False,
8015,0.0,0,0.0,5456.769112304657,optimal,0.12338650001038332,False,
8016,0.0,0,0.0,5456.769112304657,optimal,0.043923800010816194,False,
8017,0.0,0,0.0,5456.769112304657,optimal,0.03856429998995736,False,
8018,0.0,0,0.0,5456.769112304657,optimal,0.03425549999519717,False,
8019,0.0,0,0.0,5456.769112304657,optimal,0.03472389999660663,False,
8020,0.0,0,0.0,5456.769112304657,optimal,0.038066300010541454,False,
8021,0.0,0,0.0,5456.769112304657,optimal,0.033939999993890524,False,
8022,0.0,0,0.0,5456.769112304657,optimal,0.05862399999750778,False,
8023,0.0,0,0.0,5456.769112304657,optimal,0.050960299995495006,False,
8024,0.0,0,0.0,5456.769112304657,optimal,0.07125490000180434,False,
8025,0.0,0,0.0,5456.769112304657,optimal,0.0650074000004679,False,
8026,0.0,0,0.0,5456.769112304657,optimal,0.04325319999770727,False,
8027,0.0,0,0.0,5456.769112304657,optimal,0.05003800000122283,False,
8028,0.0,0,0.0,5456.769112304657,optimal,0.04896230000304058,False,
8029,0.0,0,0.0,5456.769112304657,optimal,0.04539379999914672,False,
8030,0.0,0,0.0,5456.769112304657,optimal,0.13935959999798797,False,
8031,0.0,0,0.0,5456.769112304657,optimal,0.12388689999352209,False,
8032,0.0,0,0.0,5456.769112304657,optimal,0.048455900003318675,False,
8033,0.0,0,0.0,5456.769112304657,optimal,0.043815500001073815,False,
8034,0.0,0,0.0,5456.769112304657,optimal,0.0436479999916628,False,
8035,0.0,0,0.0,5456.769112304657,optimal,0.13162349999765866,False,
8036,0.0,0,0.0,5456.769112304657,optimal,0.04358630000206176,False,
8037,0.0,0,0.0,5456.769112304657,optimal,0.04017389999353327,False,
8038,0.0,0,0.0,5456.769112304657,optimal,0.052856800000881776,False,
8039,0.0,0,0.0,5456.769112304657,optimal,0.05117769999196753,False,
8040,0.0,0,0.0,5456.769112304657,optimal,0.04930959999910556,False,
8041,0.0,0,0.0,5456.769112304657,optimal,0.04064980000839569,False,
8042,0.0,0,0.0,5456.769112304657,optimal,0.12224389999755658,False,
8043,0.0,0,0.0,5456.769112304657,optimal,0.12493459999677725,False,
8044,0.0,0,0.0,5456.769112304657,optimal,0.0479297999991104,False,
8045,0.0,0,0.0,5456.769112304657,optimal,0.044004899988067336,False,
8046,0.0,0,0.0,5456.769112304657,optimal,0.03799029999936465,False,
8047,0.0,0,0.0,5456.769112304657,optimal,0.14202739999745972,False,
8048,0.0,0,0.0,5456.769112304657,optimal,0.03957850000006147,False,
8049,0.0,0,0.0,5456.769112304657,optimal,0.04726920000393875,False,
8050,0.0,0,0.0,5456.769112304657,optimal,0.18796999999904074,False,
8051,0.0,0,0.0,5456.769112304657,optimal,0.17911219999950845,False,
8052,0.0,0,0.0,5456.769112304657,optimal,0.17894369999703486,False,
8053,0.0,0,0.0,5456.769112304657,optimal,0.05730539999785833,False,
8054,0.0,0,0.0,5456.769112304657,optimal,0.06611400000110734,False,
8055,0.0,0,0.0,5456.769112304657,optimal,0.06394279999949504,False,
8056,0.0,0,0.0,5456.769112304657,optimal,0.06350139999995008,False,
8057,0.0,0,0.0,5456.769112304657,optimal,0.053835699989576824,False,
8058,0.0,0,0.0,5456.769112304657,optimal,0.14051979999931064,False,
8059,0.0,0,0.0,5456.769112304657,optimal,0.05212720000417903,False,
8060,0.0,0,0.0,5456.769112304657,optimal,0.12994050000270363,False,
8061,0.0,0,0.0,5456.769112304657,optimal,0.05230260000098497,False,
8062,0.0,0,0.0,5456.769112304657,optimal,0.04564379999646917,False,
8063,0.0,0,0.0,5456.769112304657,optimal,0.1741217999951914,False,
8064,0.0,0,0.0,5456.769112304657,optimal,0.05484979999891948,False,
8065,0.0,0,0.0,5456.769112304657,optimal,0.052823799996986054,False,
8066,0.0,0,0.0,5456.769112304657,optimal,0.046988500005682,False,
8067,0.0,0,0.0,5456.769112304657,optimal,0.05786669999361038,False,
8068,0.0,0,0.0,5456.769112304657,optimal,0.35014890000456944,False,
8069,0.0,0,0.0,5456.769112304657,optimal,0.04513030000089202,False,
8070,0.0,0,0.0,5456.769112304657,optimal,0.06794459999946412,False,
8071,0.0,0,0.0,5456.769112304657,optimal,0.13221250000060536,False,
8072,0.0,0,0.0,5456.769112304657,optimal,0.11585889999696519,False,
8073,0.0,0,0.0,5456.769112304657,optimal,0.08737110000220127,False,
8074,0.0,0,0.0,5456.769112304657,optimal,0.11507230000279378,False,
8075,0.0,0,0.0,5456.769112304657,optimal,0.08953769999789074,False,
8076,0.0,0,0.0,5456.769112304657,optimal,0.1279958999948576,False,
8077,0.0,0,0.0,5456.769112304657,optimal,0.09411359998921398,False,
8078,0.0,0,0.0,5456.769112304657,optimal,0.08281290000013541,False,
8079,0.0,0,0.0,5456.769112304657,optimal,0.33147260000987444,False,
8080,0.0,0,0.0,5456.769112304657,optimal,0.27925029999460094,False,
8081,0.0,0,0.0,5456.769112304657,optimal,0.10161199999856763,False,
8082,0.0,0,0.0,5456.769112304657,optimal,0.07427170001028571,False,
8083,0.0,0,0.0,5456.769112304657,optimal,0.09319529999629594,False,
8084,0.0,0,0.0,5456.769112304657,optimal,0.06417919999512378,False,
8085,0.0,0,0.0,5456.769112304657,optimal,0.092286699989927,False,
8086,0.0,0,0.0,5456.769112304657,optimal,0.058579000004101545,False,
8087,0.0,0,0.0,5456.769112304657,optimal,0.06613240001024678,False,
8088,0.0,0,0.0,5456.769112304657,optimal,0.06119909998960793,False,
8089,0.0,0,0.0,5456.769112304657,optimal,0.05297599999175873,False,
8090,0.0,0,0.0,5456.769112304657,optimal,0.05950509999820497,False,
8091,0.0,0,0.0,5456.769112304657,optimal,0.05053639999823645,False,
8092,0.0,0,0.0,5456.769112304657,optimal,0.06920779999927618,False,
8093,0.0,0,0.0,5456.769112304657,optimal,0.06379120000929106,False,
8094,0.0,0,0.0,5456.769112304657,optimal,0.0894543999893358,False,
8095,0.0,0,0.0,5456.769112304657,optimal,0.07549309999740217,False,
8096,0.0,0,0.0,5456.769112304657,optimal,0.05765690001135226,False,
8097,0.0,0,0.0,5456.769112304657,optimal,0.05273319999105297,False,
8098,0.0,0,0.0,5456.769112304657,optimal,0.06339179999486078,False,
8099,0.0,0,0.0,5456.769112304657,optimal,0.03733740000461694,False,
8100,0.0,0,0.0,5456.769112304657,optimal,0.04448250000132248,False,
8101,0.0,0,0.0,5456.769112304657,optimal,0.07347699999809265,False,
8102,0.0,0,0.0,5456.769112304657,optimal,0.058285600011004135,False,
8103,0.0,0,0.0,5456.769112304657,optimal,0.06466040000668727,False,
8104,0.8231330641664365,3,0.4054338764812879,13688.099753969022,optimal,0.0857193000119878,False,
8105,0.5794736490291559,2,0.4054338764812879,11251.505602596215,optimal,0.0639171999937389,False,
8106,0.4054338764812879,1,0.4054338764812879,9511.107877117536,optimal,0.0546335000108229,False,
8107,0.0,0,0.0,5456.769112304657,optimal,0.041190799995092675,False,
8108,0.0,0,0.0,5456.769112304657,optimal,0.0447542999900179,False,
8109,0.0,0,0.0,5456.769112304657,optimal,0.045819499995559454,False,
8110,0.0,0,0.0,5456.769112304657,optimal,0.07254079999984242,False,
8111,0.0,0,0.0,5456.769112304657,optimal,0.07873409999592695,False,
8112,0.0,0,0.0,5456.769112304657,optimal,0.06899870000779629,False,
8113,0.0,0,0.0,5456.769112304657,optimal,0.06892020000668708,False,
8114,0.0,0,0.0,5456.769112304657,optimal,0.07559279999986757,False,
8115,0.0,0,0.0,5456.769112304657,optimal,0.08129299999563955,False,
8116,0.0,0,0.0,5456.769112304657,optimal,0.06205890000273939,False,
8117,0.0,0,0.0,5456.769112304657,optimal,0.06467710000288207,False,
8118,0.0,0,0.0,5456.769112304657,optimal,0.06470380000246223,False,
8119,0.0,0,0.0,5456.769112304657,optimal,0.061339400010183454,False,
8120,0.0,0,0.0,5456.769112304657,optimal,0.10541610000655055,False,
8121,0.0,0,0.0,5456.769112304657,optimal,0.0823485000000801,False,
8122,0.0,0,0.0,5456.769112304657,optimal,0.06467229999543633,False,
8123,0.0,0,0.0,5456.769112304657,optimal,0.06996130000334233,False,
8124,0.0,0,0.0,5456.769112304657,optimal,0.055400299999746494,False,
8125,0.0,0,0.0,5456.769112304657,optimal,0.05289440001070034,False,
8126,0.0,0,0.0,5456.769112304657,optimal,0.10088509999332018,False,
8127,0.0,0,0.0,5456.769112304657,optimal,0.07480380000197329,False,
8128,0.0,0,0.0,5456.769112304657,optimal,0.06402440000965726,False,
8129,0.0,0,0.0,5456.769112304657,optimal,0.05908070001169108,False,
8130,0.0,0,0.0,5456.769112304657,optimal,0.06476690000272356,False,
8131,0.0,0,0.0,5456.769112304657,optimal,0.051523400004953146,False,
8132,0.0,0,0.0,5456.769112304657,optimal,0.04910879999806639,False,
8133,0.0,0,0.0,5456.769112304657,optimal,0.0469059000024572,False,
8134,0.0,0,0.0,5456.769112304657,optimal,0.057246799988206476,False,
8135,0.0,0,0.0,5456.769112304657,optimal,0.046803200006252155,False,
8136,0.0,0,0.0,5456.769112304657,optimal,0.0783584000018891,False,
8137,0.0,0,0.0,5456.769112304657,optimal,0.07061209999665152,False,
8138,0.0,0,0.0,5456.769112304657,optimal,0.05400420000660233,False,
8139,0.0,0,0.0,5456.769112304657,optimal,0.053700099990237504,False,
8140,0.0,0,0.0,5456.769112304657,optimal,0.056823199993232265,False,
8141,1.9909928943652804,4,0.883052894365281,25366.698055957462,optimal,0.057064699998591095,False,
8142,2.7727901360199207,4,0.9802800000000005,33184.670472503865,optimal,0.049232400007895194,False,
8143,3.348750000000001,4,0.9802800000000005,38944.26911230467,optimal,0.04296510000131093,False,
8144,2.724590000000001,3,0.9802800000000005,32702.669112304666,optimal,0.057487600002787076,False,
8145,0.054233577133955935,1,0.054233577133955935,5999.104883644216,optimal,0.05305800000496674,False,
8146,0.0,0,0.0,5456.769112304657,optimal,0.04854730000079144,False,
8147,0.0,0,0.0,5456.769112304657,optimal,0.05141129999537952,False,
8148,0.0,0,0.0,5456.769112304657,optimal,0.050655999992159195,False,
8149,0.0,0,0.0,5456.769112304657,optimal,0.0455966999870725,False,
8150,0.0,0,0.0,5456.769112304657,optimal,0.045487299998058006,False,
8151,0.0,0,0.0,5456.769112304657,optimal,0.05078700000012759,False,
8152,0.0,0,0.0,5456.769112304657,optimal,0.05865579999226611,False,
8153,0.0,0,0.0,5456.769112304657,optimal,0.08215870001004077,False,
8154,0.0,0,0.0,5456.769112304657,optimal,0.06604309999966063,False,
8155,0.0,0,0.0,5456.769112304657,optimal,0.05049190000863746,False,
8156,0.0,0,0.0,5456.769112304657,optimal,0.04892230000405107,False,
8157,0.0,0,0.0,5456.769112304657,optimal,0.0468438999960199,False,
8158,0.0,0,0.0,5456.769112304657,optimal,0.05577550000452902,False,
8159,0.0,0,0.0,5456.769112304657,optimal,0.05732269999862183,False,
8160,0.0,0,0.0,5456.769112304657,optimal,0.04996540000138339,False,
8161,0.0,0,0.0,5456.769112304657,optimal,0.05111430000397377,False,
8162,0.0,0,0.0,5456.769112304657,optimal,0.058766399990417995,False,
8163,0.0,0,0.0,5456.769112304657,optimal,0.046534900000551715,False,
8164,0.0,0,0.0,5456.769112304657,optimal,0.05320759999449365,False,
8165,0.0,0,0.0,5456.769112304657,optimal,0.04774189999443479,False,
8166,0.0,0,0.0,5456.769112304657,optimal,0.04820020000624936,False,
8167,0.0,0,0.0,5456.769112304657,optimal,0.04650099998980295,False,
8168,0.0,0,0.0,5456.769112304657,optimal,0.04879099999379832,False,
8169,0.0,0,0.0,5456.769112304657,optimal,0.14191770000616089,False,
8170,0.0,0,0.0,5456.769112304657,optimal,0.04555350000737235,False,
8171,0.0,0,0.0,5456.769112304657,optimal,0.038265199997113086,False,
8172,0.0,0,0.0,5456.769112304657,optimal,0.04924760000722017,False,
8173,0.0,0,0.0,5456.769112304657,optimal,0.15579649999563117,False,
8174,0.0,0,0.0,5456.769112304657,optimal,0.04622410000592936,False,
8175,0.0,0,0.0,5456.769112304657,optimal,0.041082099996856414,False,
8176,0.0,0,0.0,5456.769112304657,optimal,0.05380660000082571,False,
8177,0.0,0,0.0,5456.769112304657,optimal,0.057776000001467764,False,
8178,0.0,0,0.0,5456.769112304657,optimal,0.04526179999811575,False,
8179,0.0,0,0.0,5456.769112304657,optimal,0.032693000001017936,False,
8180,0.0,0,0.0,5456.769112304657,optimal,0.045931800006655976,False,
8181,0.0,0,0.0,5456.769112304657,optimal,0.04730130000098143,False,
8182,0.0,0,0.0,5456.769112304657,optimal,0.0454091999999946,False,
8183,0.0,0,0.0,5456.769112304657,optimal,0.05032609999761917,False,
8184,0.0,0,0.0,5456.769112304657,optimal,0.04490999999688938,False,
8185,0.0,0,0.0,5456.769112304657,optimal,0.03940409999631811,False,
8186,0.0,0,0.0,5456.769112304657,optimal,0.04070519999368116,False,
8187,0.0,0,0.0,5456.769112304657,optimal,0.0465122000023257,False,
8188,0.0,0,0.0,5456.769112304657,optimal,0.034164999990025535,False,
8189,0.0,0,0.0,5456.769112304657,optimal,0.04147710000688676,False,
8190,0.0,0,0.0,5456.769112304657,optimal,0.03869739999936428,False,
8191,0.0,0,0.0,5456.769112304657,optimal,0.043714200000977144,False,
8192,0.0,0,0.0,5456.769112304657,optimal,0.05079039999691304,False,
8193,0.0,0,0.0,5456.769112304657,optimal,0.056873800000175834,False,
8194,0.6517210876259831,1,0.6517210876259831,11973.979988564488,optimal,0.058163399997283705,False,
8195,0.0,0,0.0,5456.769112304657,optimal,0.03398189999279566,False,
8196,0.0,0,0.0,5456.769112304657,optimal,0.0521524999930989,False,
8197,0.0,0,0.0,5456.769112304657,optimal,0.04905020000296645,False,
8198,0.0,0,0.0,5456.769112304657,optimal,0.06434699999226723,False,
8199,0.0,0,0.0,5456.769112304657,optimal,0.04802459999336861,False,
8200,0.0,0,0.0,5456.769112304657,optimal,0.045338699987041764,False,
8201,0.0,0,0.0,5456.769112304657,optimal,0.04840120000881143,False,
8202,0.0,0,0.0,5456.769112304657,optimal,0.2008685000037076,False,
8203,0.0,0,0.0,5456.769112304657,optimal,0.05334650000440888,False,
8204,0.0,0,0.0,5456.769112304657,optimal,0.06017129999236204,False,
8205,0.0,0,0.0,5456.769112304657,optimal,0.06958510000549722,False,
8206,0.0,0,0.0,5456.769112304657,optimal,0.07701510000333656,False,
8207,0.0,0,0.0,5456.769112304657,optimal,0.06939540000166744,False,
8208,0.0,0,0.0,5456.769112304657,optimal,0.05757249999442138,False,
8209,0.0,0,0.0,5456.769112304657,optimal,0.4454125999909593,False,
8210,0.0,0,0.0,5456.769112304657,optimal,0.19973589999426622,False,
8211,0.0,0,0.0,5456.769112304657,optimal,0.26828060000843834,False,
8212,0.0,0,0.0,5456.769112304657,optimal,0.22901110000384506,False,
8213,0.0,0,0.0,5456.769112304657,optimal,0.11166830000001937,False,
8214,0.0,0,0.0,5456.769112304657,optimal,0.08919189999869559,False,
8215,0.0,0,0.0,5456.769112304657,optimal,0.07430749999184627,False,
8216,0.0,0,0.0,5456.769112304657,optimal,0.07153770000149962,False,
8217,0.0,0,0.0,5456.769112304657,optimal,0.06567989999894053,False,
8218,0.0,0,0.0,5456.769112304657,optimal,0.09423550000065006,False,
8219,0.0,0,0.0,5456.769112304657,optimal,0.06645040000148583,False,
8220,0.0,0,0.0,5456.769112304657,optimal,0.11526059999596328,False,
8221,0.0,0,0.0,5456.769112304657,optimal,0.0743127000023378,False,
8222,0.0,0,0.0,5456.769112304657,optimal,0.0921362999943085,False,
8223,0.0,0,0.0,5456.769112304657,optimal,0.0820118999981787,False,
8224,0.0,0,0.0,5456.769112304657,optimal,0.32082639999862295,False,
8225,0.0,0,0.0,5456.769112304657,optimal,0.2966244999988703,False,
8226,0.0,0,0.0,5456.769112304657,optimal,0.24344489999930374,False,
8227,0.0,0,0.0,5456.769112304657,optimal,0.16493549999722745,False,
8228,0.0,0,0.0,5456.769112304657,optimal,0.10803659999510273,False,
8229,0.0,0,0.0,5456.769112304657,optimal,0.6621640999946976,False,
8230,0.0,0,0.0,5456.769112304657,optimal,0.05983090000518132,False,
8231,0.0,0,0.0,5456.769112304657,optimal,0.1088646999996854,False,
8232,0.0,0,0.0,5456.769112304657,optimal,0.07915710000088438,False,
8233,0.0,0,0.0,5456.769112304657,optimal,0.5187246999994386,False,
8234,0.0,0,0.0,5456.769112304657,optimal,0.5049591999995755,False,
8235,0.0,0,0.0,5456.769112304657,optimal,0.4769537000101991,False,
8236,0.0,0,0.0,5456.769112304657,optimal,0.39525409998896066,False,
8237,0.0,0,0.0,5456.769112304657,optimal,0.4004131999972742,False,
8238,0.0,0,0.0,5456.769112304657,optimal,0.08183670000289567,False,
8239,0.0,0,0.0,5456.769112304657,optimal,0.07923139999911655,False,
8240,0.0,0,0.0,5456.769112304657,optimal,0.08117410000704695,False,
8241,0.0,0,0.0,5456.769112304657,optimal,0.07027440000092611,False,
8242,0.5002200000000006,1,0.5002200000000006,10458.969112304661,optimal,0.0660238999989815,False,
8243,0.0,0,0.0,5456.769112304657,optimal,0.06264410000585485,False,
8244,0.0,0,0.0,5456.769112304657,optimal,0.06447420000040438,False,
8245,0.0,0,0.0,5456.769112304657,optimal,0.06046159999095835,False,
8246,0.0,0,0.0,5456.769112304657,optimal,0.7763306999986526,False,
8247,0.0,0,0.0,5456.769112304657,optimal,0.6440499999880558,False,
8248,0.0,0,0.0,5456.769112304657,optimal,0.5613042000040878,False,
8249,0.0,0,0.0,5456.769112304657,optimal,0.4793521999963559,False,
8250,0.0,0,0.0,5456.769112304657,optimal,0.3608382999955211,False,
8251,0.0,0,0.0,5456.769112304657,optimal,0.30269830000179354,False,
8252,0.0,0,0.0,5456.769112304657,optimal,0.1752357000077609,False,
8253,0.0,0,0.0,5456.769112304657,optimal,0.06941089998872485,False,
8254,0.0,0,0.0,5456.769112304657,optimal,0.05734890000894666,False,
8255,0.0,0,0.0,5456.769112304657,optimal,0.050822799996240065,False,
8256,0.0,0,0.0,5456.769112304657,optimal,0.045994900006917305,False,
8257,0.0,0,0.0,5456.769112304657,optimal,0.06911240000044927,False,
8258,0.0,0,0.0,5456.769112304657,optimal,0.18900860000576358,False,
8259,0.0,0,0.0,5456.769112304657,optimal,0.05785279998963233,False,
8260,0.0,0,0.0,5456.769112304657,optimal,0.058608599996659905,False,
8261,0.0,0,0.0,5456.769112304657,optimal,0.05673229999956675,False,
8262,0.0,0,0.0,5456.769112304657,optimal,0.04421949999232311,False,
8263,0.0,0,0.0,5456.769112304657,optimal,0.04715969999961089,False,
8264,0.0,0,0.0,5456.769112304657,optimal,0.13578430000052322,False,
8265,0.0,0,0.0,5456.769112304657,optimal,0.050351699988823384,False,
8266,0.0,0,0.0,5456.769112304657,optimal,0.16662610000639688,False,
8267,0.0,0,0.0,5456.769112304657,optimal,0.05468860000837594,False,
8268,0.0,0,0.0,5456.769112304657,optimal,0.03867769999487791,False,
8269,0.0,0,0.0,5456.769112304657,optimal,0.22154839998984244,False,
8270,0.0,0,0.0,5456.769112304657,optimal,0.07520609999482986,False,
8271,0.0,0,0.0,5456.769112304657,optimal,0.0557457999966573,False,
8272,0.0,0,0.0,5456.769112304657,optimal,0.04076800000621006,False,
8273,0.0,0,0.0,5456.769112304657,optimal,0.2635978000034811,False,
8274,0.0,0,0.0,5456.769112304657,optimal,0.09421860000293236,False,
8275,0.0,0,0.0,5456.769112304657,optimal,0.08973439999681432,False,
8276,0.0,0,0.0,5456.769112304657,optimal,0.0438774999929592,False,
8277,0.0,0,0.0,5456.769112304657,optimal,0.19926300000224728,False,
8278,0.0,0,0.0,5456.769112304657,optimal,0.0532526000024518,False,
8279,0.0,0,0.0,5456.769112304657,optimal,0.18354990000079852,False,
8280,0.0,0,0.0,5456.769112304657,optimal,0.06513730000006035,False,
8281,0.0,0,0.0,5456.769112304657,optimal,0.21382299999822862,False,
8282,0.0,0,0.0,5456.769112304657,optimal,0.06743569999525789,False,
8283,0.0,0,0.0,5456.769112304657,optimal,0.06969220000610221,False,
8284,0.090868453252267,1,0.090868453252267,6365.453644827327,optimal,0.06095289999211673,False,
8285,0.10716723732186684,1,0.10716723732186684,6528.441485523325,optimal,0.2747444999986328,False,
8286,0.0,0,0.0,5456.769112304657,optimal,0.08474400000704918,False,
8287,0.0,0,0.0,5456.769112304657,optimal,0.8239981999940937,False,
8288,0.0,0,0.0,5456.769112304657,optimal,0.7106363999919267,False,
8289,1.2747759073787506,1,1.2747759073787506,18204.52818609216,optimal,0.07007800000428688,False,
8290,0.3354344350217501,1,0.3354344350217501,8811.113462522158,optimal,0.6638456000073347,False,
8291,0.0,0,0.0,5456.769112304657,optimal,0.5551541000022553,False,
8292,0.0,0,0.0,5456.769112304657,optimal,0.273633399992832,False,
8293,0.0,0,0.0,5456.769112304657,optimal,0.16487229999620467,False,
8294,0.0,0,0.0,5456.769112304657,optimal,0.09571090000099503,False,
8295,0.0,0,0.0,5456.769112304657,optimal,0.07216669998888392,False,
8296,0.0,0,0.0,5456.769112304657,optimal,0.059392099996330217,False,
8297,0.0,0,0.0,5456.769112304657,optimal,0.07348589999310207,False,
8298,0.0,0,0.0,5456.769112304657,optimal,0.08115829998860136,False,
8299,0.0,0,0.0,5456.769112304657,optimal,0.06059370000730269,False,
8300,0.0,0,0.0,5456.769112304657,optimal,0.08354809999582358,False,
8301,0.0,0,0.0,5456.769112304657,optimal,0.05351230000087526,False,
8302,0.0,0,0.0,5456.769112304657,optimal,0.08251789999485482,False,
8303,0.0,0,0.0,5456.769112304657,optimal,0.06696590001229197,False,
8304,0.0,0,0.0,5456.769112304657,optimal,0.3805847000039648,False,
8305,0.0,0,0.0,5456.769112304657,optimal,0.058015400005388074,False,
8306,0.0,0,0.0,5456.769112304657,optimal,0.06699069999740459,False,
8307,0.0,0,0.0,5456.769112304657,optimal,0.24242329999106005,False,
8308,0.0,0,0.0,5456.769112304657,optimal,0.11899829999310896,False,
8309,0.0,0,0.0,5456.769112304657,optimal,0.18457119999220595,False,
8310,0.0,0,0.0,5456.769112304657,optimal,0.10130619999836199,False,
8311,0.0,0,0.0,5456.769112304657,optimal,0.0605068000004394,False,
8312,0.0,0,0.0,5456.769112304657,optimal,0.1251034000015352,False,
8313,0.0,0,0.0,5456.769112304657,optimal,0.21866469999076799,False,
8314,0.0,0,0.0,5456.769112304657,optimal,0.19101609999779612,False,
8315,0.0,0,0.0,5456.769112304657,optimal,0.16351810000196565,False,
8316,0.0,0,0.0,5456.769112304657,optimal,0.12935889999789651,False,
8317,0.0,0,0.0,5456.769112304657,optimal,0.09965380000357982,False,
8318,0.0,0,0.0,5456.769112304657,optimal,0.13765499999863096,False,
8319,0.0,0,0.0,5456.769112304657,optimal,0.15063289999670815,False,
8320,0.0,0,0.0,5456.769112304657,optimal,0.11284940000041388,False,
8321,0.0,0,0.0,5456.769112304657,optimal,0.07909020000079181,False,
8322,0.0,0,0.0,5456.769112304657,optimal,0.5020675999985542,False,
8323,0.0,0,0.0,5456.769112304657,optimal,0.4613529999915045,False,
8324,0.0,0,0.0,5456.769112304657,optimal,0.3655249999865191,False,
8325,0.0,0,0.0,5456.769112304657,optimal,0.07962530000077095,False,
8326,0.0,0,0.0,5456.769112304657,optimal,0.06961549998959526,False,
8327,0.0,0,0.0,5456.769112304657,optimal,0.05184020000160672,False,
8328,0.0,0,0.0,5456.769112304657,optimal,0.06132029999571387,False,
8329,0.0,0,0.0,5456.769112304657,optimal,0.054732699994929135,False,
8330,0.0,0,0.0,5456.769112304657,optimal,0.059550299993134104,False,
8331,0.0,0,0.0,5456.769112304657,optimal,0.05721149999590125,False,
8332,0.0,0,0.0,5456.769112304657,optimal,0.06351229999563657,False,
8333,0.0,0,0.0,5456.769112304657,optimal,0.05964210000820458,False,
8334,0.0,0,0.0,5456.769112304657,optimal,0.05830440000863746,False,
8335,0.0,0,0.0,5456.769112304657,optimal,0.06356850000156555,False,
8336,0.0,0,0.0,5456.769112304657,optimal,0.1744468999968376,False,
8337,0.0,0,0.0,5456.769112304657,optimal,0.15824250000878237,False,
8338,0.0,0,0.0,5456.769112304657,optimal,0.08547990000806749,False,
8339,0.0,0,0.0,5456.769112304657,optimal,0.06493169999157544,False,
8340,0.0,0,0.0,5456.769112304657,optimal,0.04865050000080373,False,
8341,0.0,0,0.0,5456.769112304657,optimal,0.05312400001275819,False,
8342,0.0,0,0.0,5456.769112304657,optimal,0.05732520000310615,False,
8343,0.0,0,0.0,5456.769112304657,optimal,0.08616859999892768,False,
8344,0.0,0,0.0,5456.769112304657,optimal,0.08832029999757651,False,
8345,0.0,0,0.0,5456.769112304657,optimal,0.08185440000670496,False,
8346,0.0,0,0.0,5456.769112304657,optimal,0.07650780001131352,False,
8347,0.0,0,0.0,5456.769112304657,optimal,0.09040610000374727,False,
8348,0.0,0,0.0,5456.769112304657,optimal,0.0992089999926975,False,
8349,0.0,0,0.0,5456.769112304657,optimal,0.08706330000131857,False,
8350,0.0,0,0.0,5456.769112304657,optimal,0.08788649999769405,False,
8351,0.0,0,0.0,5456.769112304657,optimal,0.14058140000270214,False,
8352,0.0,0,0.0,5456.769112304657,optimal,0.08392920000187587,False,
8353,0.0,0,0.0,5456.769112304657,optimal,0.10872819999349304,False,
8354,0.0,0,0.0,5456.769112304657,optimal,0.13827080000191927,False,
8355,0.0,0,0.0,5456.769112304657,optimal,0.1081904000020586,False,
8356,0.0,0,0.0,5456.769112304657,optimal,0.07715450000250712,False,
8357,0.0,0,0.0,5456.769112304657,optimal,0.30201210000086576,False,
8358,0.0,0,0.0,5456.769112304657,optimal,0.28271880000829697,False,
8359,0.0,0,0.0,5456.769112304657,optimal,0.2538444999954663,False,
8360,0.0,0,0.0,5456.769112304657,optimal,0.11591250001220033,False,
8361,0.0,0,0.0,5456.769112304657,optimal,0.12812059999851044,False,
8362,0.0,0,0.0,5456.769112304657,optimal,0.08698069999809377,False,
8363,0.0,0,0.0,5456.769112304657,optimal,0.09361330000683665,False,
8364,0.0,0,0.0,5456.769112304657,optimal,0.06495189999986906,False,
8365,0.0,0,0.0,5456.769112304657,optimal,0.13706660000025295,False,
8366,0.0,0,0.0,5456.769112304657,optimal,0.11514069999975618,False,
8367,0.0,0,0.0,5456.769112304657,optimal,0.10212559999490622,False,
8368,4.177957994289212,6,1.224326554364099,47236.34905519677,optimal,0.07978549999825191,False,
8369,9.117715994289213,11,1.5876300000000008,96633.92905519679,optimal,0.3798887000011746,False,
8370,9.375114198058817,11,1.5876300000000008,99207.91109289283,optimal,0.4665552999940701,False,
8371,11.162682242531483,12,1.5876300000000008,117083.59153761949,optimal,0.4215909000049578,False,
8372,7.958509135403215,10,1.4536800000000003,85041.8604663368,optimal,0.15861509999376722,False,
8373,6.835086494839658,9,1.4375900000000001,73807.63406070122,optimal,0.11800740000035148,False,
8374,5.247456494839656,7,1.4375900000000001,57931.33406070122,optimal,0.09383939999679569,False,
8375,1.0670636695250462,2,0.8602614043324088,16127.405807555118,optimal,0.09504929999820888,False,
8376,0.6092467996575563,1,0.6092467996575563,11549.237108880221,optimal,0.07285969999793451,False,
8377,0.9776198607282365,1,0.9776198607282365,15232.967719587023,optimal,0.09756799999740906,False,
8378,0.5849851990702966,1,0.5849851990702966,11306.621103007623,optimal,0.09706650000589434,False,
8379,0.0,0,0.0,5456.769112304657,optimal,0.16596310000750236,False,
8380,0.0,0,0.0,5456.769112304657,optimal,0.6390687999955844,False,
8381,0.0,0,0.0,5456.769112304657,optimal,0.1714568000024883,False,
8382,0.0,0,0.0,5456.769112304657,optimal,0.4991945000074338,False,
8383,0.0,0,0.0,5456.769112304657,optimal,0.45598030000110157,False,
8384,0.0,0,0.0,5456.769112304657,optimal,0.20689539999875706,False,
8385,0.0,0,0.0,5456.769112304657,optimal,0.10179069999139756,False,
8386,0.0,0,0.0,5456.769112304657,optimal,0.05323210000642575,False,
8387,0.0,0,0.0,5456.769112304657,optimal,0.0584452000039164,False,
8388,0.0,0,0.0,5456.769112304657,optimal,0.06382290000328794,False,
8389,0.0,0,0.0,5456.769112304657,optimal,0.062213400000473484,False,
8390,0.0,0,0.0,5456.769112304657,optimal,0.05269340000813827,False,
8391,0.0,0,0.0,5456.769112304657,optimal,0.06490650000341702,False,
8392,0.0,0,0.0,5456.769112304657,optimal,0.07060740000451915,False,
8393,0.0,0,0.0,5456.769112304657,optimal,0.06182599999010563,False,
8394,0.0,0,0.0,5456.769112304657,optimal,0.045497999992221594,False,
8395,0.0,0,0.0,5456.769112304657,optimal,0.16095589999167714,False,
8396,0.0,0,0.0,5456.769112304657,optimal,0.053824300004635006,False,
8397,0.0,0,0.0,5456.769112304657,optimal,0.056284800011781044,False,
8398,0.0,0,0.0,5456.769112304657,optimal,0.058068500002264045,False,
8399,0.0,0,0.0,5456.769112304657,optimal,0.05854630000249017,False,
8400,0.0,0,0.0,5456.769112304657,optimal,0.04612769999948796,False,
8401,0.0,0,0.0,5456.769112304657,optimal,0.05581499999971129,False,
8402,0.0,0,0.0,5456.769112304657,optimal,0.04582460000528954,False,
8403,0.0,0,0.0,5456.769112304657,optimal,0.158457699988503,False,
8404,0.0,0,0.0,5456.769112304657,optimal,0.03997650000383146,False,
8405,0.0,0,0.0,5456.769112304657,optimal,0.050207899999804795,False,
8406,0.0,0,0.0,5456.769112304657,optimal,0.05284699999901932,False,
8407,0.0,0,0.0,5456.769112304657,optimal,0.051072299989755265,False,
8408,0.0,0,0.0,5456.769112304657,optimal,0.05004489999555517,False,
8409,0.0,0,0.0,5456.769112304657,optimal,0.047157299995888025,False,
8410,0.0,0,0.0,5456.769112304657,optimal,0.04294759999902453,False,
8411,0.0,0,0.0,5456.769112304657,optimal,0.04710360000899527,False,
8412,0.0,0,0.0,5456.769112304657,optimal,0.04954160000488628,False,
8413,0.0,0,0.0,5456.769112304657,optimal,0.055708399988361634,False,
8414,0.0,0,0.0,5456.769112304657,optimal,0.06962059999932535,False,
8415,0.0,0,0.0,5456.769112304657,optimal,0.055482600000686944,False,
8416,0.0,0,0.0,5456.769112304657,optimal,0.050235500006238,False,
8417,0.0,0,0.0,5456.769112304657,optimal,0.05305719999887515,False,
8418,0.0,0,0.0,5456.769112304657,optimal,0.052721600004588254,False,
8419,0.0,0,0.0,5456.769112304657,optimal,0.04724380001425743,False,
8420,0.0,0,0.0,5456.769112304657,optimal,0.04679019999457523,False,
8421,0.0,0,0.0,5456.769112304657,optimal,0.041558999990229495,False,
8422,0.0,0,0.0,5456.769112304657,optimal,0.05538189999060705,False,
8423,0.0,0,0.0,5456.769112304657,optimal,0.050392399993143044,False,
8424,0.0,0,0.0,5456.769112304657,optimal,0.05478669999865815,False,
8425,0.0,0,0.0,5456.769112304657,optimal,0.05757889999949839,False,
8426,0.0,0,0.0,5456.769112304657,optimal,0.06796699999540579,False,
8427,0.0,0,0.0,5456.769112304657,optimal,0.05727849999675527,False,
8428,0.11594000000000015,2,0.09980999999999973,6616.1691123046585,optimal,0.04998900000646245,False,
8429,0.09980999999999973,1,0.09980999999999973,6454.869112304655,optimal,0.0510807999962708,False,
8430,0.0,0,0.0,5456.769112304657,optimal,0.04045050000422634,False,
8431,0.0,0,0.0,5456.769112304657,optimal,0.049000200000591576,False,
8432,0.0,0,0.0,5456.769112304657,optimal,0.04576229999656789,False,
8433,0.0,0,0.0,5456.769112304657,optimal,0.0466115000017453,False,
8434,0.0,0,0.0,5456.769112304657,optimal,0.043663799995556474,False,
8435,0.0,0,0.0,5456.769112304657,optimal,0.05051869999442715,False,
8436,0.0,0,0.0,5456.769112304657,optimal,0.041130300000077114,False,
8437,0.0,0,0.0,5456.769112304657,optimal,0.03834630000346806,False,
8438,0.0,0,0.0,5456.769112304657,optimal,0.03760830000101123,False,
8439,0.0,0,0.0,5456.769112304657,optimal,0.13657119999697898,False,
8440,0.0,0,0.0,5456.769112304657,optimal,0.03896130000066478,False,
8441,0.0,0,0.0,5456.769112304657,optimal,0.04174679999414366,False,
8442,0.0,0,0.0,5456.769112304657,optimal,0.14459300000453368,False,
8443,0.0,0,0.0,5456.769112304657,optimal,0.05782550000003539,False,
8444,0.0,0,0.0,5456.769112304657,optimal,0.05781999998725951,False,
8445,0.0,0,0.0,5456.769112304657,optimal,0.05160320000140928,False,
8446,0.0,0,0.0,5456.769112304657,optimal,0.05744509999931324,False,
8447,0.0,0,0.0,5456.769112304657,optimal,0.047689899991382845,False,
8448,0.0,0,0.0,5456.769112304657,optimal,0.04445319999649655,False,
8449,0.0,0,0.0,5456.769112304657,optimal,0.05481970000255387,False,
8450,0.0,0,0.0,5456.769112304657,optimal,0.042104899999685585,False,
8451,0.0,0,0.0,5456.769112304657,optimal,0.04333559999940917,False,
8452,0.0,0,0.0,5456.769112304657,optimal,0.04809779999777675,False,
8453,0.0,0,0.0,5456.769112304657,optimal,0.043159000008017756,False,
8454,0.0,0,0.0,5456.769112304657,optimal,0.035037499997997656,False,
8455,0.0,0,0.0,5456.769112304657,optimal,0.04345290000492241,False,
8456,0.0,0,0.0,5456.769112304657,optimal,0.047675099995103665,False,
8457,0.0,0,0.0,5456.769112304657,optimal,0.03996989999723155,False,
8458,0.0,0,0.0,5456.769112304657,optimal,0.03649129999394063,False,
8459,0.0,0,0.0,5456.769112304657,optimal,0.043860700010554865,False,
8460,0.0,0,0.0,5456.769112304657,optimal,0.05170880000514444,False,
8461,0.0,0,0.0,5456.769112304657,optimal,0.04335449999780394,False,
8462,0.0,0,0.0,5456.769112304657,optimal,0.04182149999542162,False,
8463,0.0,0,0.0,5456.769112304657,optimal,0.12769169999228325,False,
8464,0.0,0,0.0,5456.769112304657,optimal,0.05459970000083558,False,
8465,0.0,0,0.0,5456.769112304657,optimal,0.04239790000428911,False,
8466,0.0,0,0.0,5456.769112304657,optimal,0.04038890000083484,False,
8467,0.0,0,0.0,5456.769112304657,optimal,0.03608029999304563,False,
8468,0.0,0,0.0,5456.769112304657,optimal,0.046688399990671314,False,
8469,0.0,0,0.0,5456.769112304657,optimal,0.04796530000749044,False,
8470,0.0,0,0.0,5456.769112304657,optimal,0.10473910000291653,False,
8471,0.0,0,0.0,5456.769112304657,optimal,0.04087089998938609,False,
8472,0.0,0,0.0,5456.769112304657,optimal,0.03920010000001639,False,
8473,0.0,0,0.0,5456.769112304657,optimal,0.05248769999889191,False,
8474,0.0,0,0.0,5456.769112304657,optimal,0.0521180999930948,False,
8475,0.0,0,0.0,5456.769112304657,optimal,0.1933939000009559,False,
8476,0.0,0,0.0,5456.769112304657,optimal,0.04504210001323372,False,
8477,0.0,0,0.0,5456.769112304657,optimal,0.06406299999798648,False,
8478,0.0,0,0.0,5456.769112304657,optimal,0.10158770000271033,False,
8479,0.0,0,0.0,5456.769112304657,optimal,0.0823002999968594,False,
8480,0.0,0,0.0,5456.769112304657,optimal,0.04445430000487249,False,
8481,0.0,0,0.0,5456.769112304657,optimal,0.0361929000064265,False,
8482,0.0,0,0.0,5456.769112304657,optimal,0.15231689999927767,False,
8483,0.0,0,0.0,5456.769112304657,optimal,0.05447689999709837,False,
8484,0.0,0,0.0,5456.769112304657,optimal,0.046130700007779524,False,
8485,0.0,0,0.0,5456.769112304657,optimal,0.0555329999915557,False,
8486,0.0,0,0.0,5456.769112304657,optimal,0.06281950000266079,False,
8487,0.0,0,0.0,5456.769112304657,optimal,0.056227699998999014,False,
8488,0.0,0,0.0,5456.769112304657,optimal,0.060016100003849715,False,
8489,0.0,0,0.0,5456.769112304657,optimal,0.05232089999481104,False,
8490,0.0,0,0.0,5456.769112304657,optimal,0.053898499987553805,False,
8491,0.0,0,0.0,5456.769112304657,optimal,0.06210909999208525,False,
8492,0.0,0,0.0,5456.769112304657,optimal,0.13602950000495184,False,
8493,0.0,0,0.0,5456.769112304657,optimal,0.04763910001202021,False,
8494,0.0,0,0.0,5456.769112304657,optimal,0.13997910000034608,False,
8495,0.0,0,0.0,5456.769112304657,optimal,0.1331311999965692,False,
8496,0.0,0,0.0,5456.769112304657,optimal,0.04682219999085646,False,
8497,0.0,0,0.0,5456.769112304657,optimal,0.1422314999945229,False,
8498,0.0,0,0.0,5456.769112304657,optimal,0.06582040000648703,False,
8499,0.0,0,0.0,5456.769112304657,optimal,0.0544718000019202,False,
8500,0.0,0,0.0,8486.20362099304,optimal,0.0499058999994304,False,
8501,0.0,0,0.0,25382.326799099483,optimal,0.042463299992959946,False,
8502,0.0,0,0.0,39527.14622667887,optimal,0.05364890000782907,False,
8503,0.0,0,0.0,51387.95963116162,optimal,0.046347199997399,False,
8504,0.0,0,0.0,60810.803151222164,optimal,0.036287400012952276,False,
8505,0.8001982881093489,3,0.45650917670483393,70379.75023852443,optimal,0.14779590000398457,False,
8506,4.401053357747947,7,1.9512152681479478,106388.30093491041,optimal,0.05898110000998713,False,
8507,0.9579000567486621,3,0.4751758281479539,71956.76792491756,optimal,0.04375949999666773,False,
8508,0.0,0,0.0,57113.81371275148,optimal,0.035612800013041124,False,
8509,0.28641341527175257,1,0.28641341527175257,62193.78043418743,optimal,0.12529799999902025,False,
8510,0.5825895870889326,1,0.5825895870889326,66256.0383143724,optimal,0.12584079999942333,False,
8511,3.5882884249195857,8,1.0773000000000001,98260.6516066268,optimal,0.05065170000307262,False,
8512,5.862910185769707,10,1.4358300000000002,121006.86921512801,optimal,0.11907449999125674,False,
8513,9.799307333547146,10,1.8424173335471465,160370.8406929024,optimal,0.035609699989436194,False,
8514,8.257866192083068,9,1.5759961920830676,144956.4292782616,optimal,0.04911330000322778,False,
8515,5.40309150714587,8,1.4358300000000002,116408.68242888965,optimal,0.13163519999943674,False,
8516,2.3206679522944538,6,0.9084915071458681,85584.44688037547,optimal,0.04483450000407174,False,
8517,0.26683824859369265,2,0.14973180344510695,65046.149843367864,optimal,0.05405040000914596,False,
8518,0.0,0,0.0,58782.02330031035,optimal,0.041822799990768544,False,
8519,0.0,0,0.0,54468.77217781026,optimal,0.1449133999994956,False,
8520,0.0,0,0.0,51631.22502051643,optimal,0.14132500000414439,False,
8521,0.0,0,0.0,41489.40779830182,optimal,0.05181520000041928,False,
8522,0.0,0,0.0,31524.70951006521,optimal,0.05078059999505058,False,
8523,0.0,0,0.0,21032.520238785175,optimal,0.06394609999551903,False,
8524,0.0,0,0.0,13360.121586810394,optimal,0.051451499995891936,False,
8525,0.0,0,0.0,7639.946014646106,optimal,0.12251329999708105,False,
8526,0.0,0,0.0,5456.769112304657,optimal,0.0499095999985002,False,
8527,0.0,0,0.0,5456.769112304657,optimal,0.05513449999853037,False,
8528,0.0,0,0.0,5456.769112304657,optimal,0.04702980000001844,False,
8529,0.0,0,0.0,5456.769112304657,optimal,0.03408740001032129,False,
8530,0.0,0,0.0,5456.769112304657,optimal,0.047977499998523854,False,
8531,0.0,0,0.0,5456.769112304657,optimal,0.04103459999896586,False,
8532,0.0,0,0.0,5456.769112304657,optimal,0.04873330000555143,False,
8533,0.0,0,0.0,5456.769112304657,optimal,0.04301359999226406,False,
8534,0.0,0,0.0,5456.769112304657,optimal,0.043423399998573586,False,
8535,0.0,0,0.0,5456.769112304657,optimal,0.04586339999514166,False,
8536,0.0,0,0.0,5456.769112304657,optimal,0.04938650000258349,False,
8537,0.0,0,0.0,5456.769112304657,optimal,0.04137060001085047,False,
8538,0.0,0,0.0,5456.769112304657,optimal,0.047557900004903786,False,
8539,0.0,0,0.0,5456.769112304657,optimal,0.03593450000334997,False,
8540,0.0,0,0.0,5456.769112304657,optimal,0.037883299999521114,False,
8541,0.0,0,0.0,5456.769112304657,optimal,0.12834120000479743,False,
8542,0.0,0,0.0,5456.769112304657,optimal,0.04681450000498444,False,
8543,0.0,0,0.0,5456.769112304657,optimal,0.055981099998462014,False,
8544,0.0,0,0.0,5456.769112304657,optimal,0.05246469999838155,False,
8545,0.0,0,0.0,5456.769112304657,optimal,0.04742600000463426,False,
8546,0.0,0,0.0,5456.769112304657,optimal,0.037406999996164814,False,
8547,0.0,0,0.0,5456.769112304657,optimal,0.04155500000342727,False,
8548,0.0,0,0.0,5456.769112304657,optimal,0.033965599999646656,False,
8549,0.0,0,0.0,5456.769112304657,optimal,0.04639949998818338,False,
8550,0.0,0,0.0,5456.769112304657,optimal,0.04800229999818839,False,
8551,0.0,0,0.0,5456.769112304657,optimal,0.0575405999989016,False,
8552,0.0,0,0.0,5456.769112304657,optimal,0.03518390000681393,False,
8553,0.0,0,0.0,5456.769112304657,optimal,0.04178749999846332,False,
8554,0.0,0,0.0,5456.769112304657,optimal,0.052102300003753044,False,
8555,0.0,0,0.0,5456.769112304657,optimal,0.050071800011210144,False,
8556,0.0,0,0.0,5456.769112304657,optimal,0.04533819999778643,False,
8557,0.0,0,0.0,5456.769112304657,optimal,0.035466599991195835,False,
8558,0.0,0,0.0,5456.769112304657,optimal,0.04260749999957625,False,
8559,0.0,0,0.0,5456.769112304657,optimal,0.06792289999430068,False,
8560,0.0,0,0.0,5456.769112304657,optimal,0.05158040000242181,False,
8561,0.0,0,0.0,5456.769112304657,optimal,0.04031349999422673,False,
8562,0.0,0,0.0,5456.769112304657,optimal,0.043542899991734885,False,
8563,0.0,0,0.0,5456.769112304657,optimal,0.04090390000783373,False,
8564,1.9245953757231433,1,1.9245953757231433,24702.72286953609,optimal,0.04499369999393821,False,
8565,4.924595375723143,2,3.0,54702.7228695361,optimal,0.057067100002313964,False,
8566,7.924595375723143,3,3.0,84702.72286953608,optimal,0.046634899990749545,False,
8567,7.924595375723143,3,3.0,84702.72286953608,optimal,0.052523499995004386,False,
8568,7.924595375723143,3,3.0,84702.72286953608,optimal,0.04030520000378601,False,
8569,10.56677537572314,4,3.0,111124.52286953604,optimal,0.03906659998756368,False,
8570,13.3746162734068,5,3.0,139202.93184637267,optimal,0.04765489998681005,False,
8571,14.979291462898402,5,3.0,155249.6837412887,optimal,0.041727000003447756,False,
8572,15.288618061379438,6,3.0,158342.94972609906,optimal,0.04742210000404157,False,
8573,15.820110543042553,6,3.0,163657.8745427302,optimal,0.04785200000333134,False,
8574,15.820110543042553,6,3.0,163657.8745427302,optimal,0.03803029999835417,False,
8575,15.624179621751352,6,3.0,161698.5653298182,optimal,0.04891759999736678,False,
8576,14.320410267288793,5,3.0,148660.8717851926,optimal,0.04299220000393689,False,
8577,12.022923652256658,5,3.0,125686.00563487124,optimal,0.04526270000496879,False,
8578,9.988575077317336,4,3.0,105342.519885478,optimal,0.05219790000410285,False,
8579,7.277467077317326,3,3.0,78231.43988547791,optimal,0.038915700002689846,False,
8580,4.56635907731733,2,3.0,51120.359885477956,optimal,0.04224750000867061,False,
8581,1.8552510773173196,1,1.8552510773173196,24009.279885477852,optimal,0.04466040000261273,False,
8582,0.0,0,0.0,5456.769112304657,optimal,0.0410254000016721,False,
8583,0.0,0,0.0,5456.769112304657,optimal,0.03753690001030918,False,
8584,0.0,0,0.0,5456.769112304657,optimal,0.047051900008227676,False,
8585,0.0,0,0.0,5456.769112304657,optimal,0.04998019999766257,False,
8586,0.0,0,0.0,5456.769112304657,optimal,0.03979080000135582,False,
8587,0.0,0,0.0,5456.769112304657,optimal,0.045865299995057285,False,
8588,0.0,0,0.0,5456.769112304657,optimal,0.04544190000160597,False,
8589,0.0,0,0.0,5456.769112304657,optimal,0.04008760000579059,False,
8590,0.0,0,0.0,5456.769112304657,optimal,0.04312399998889305,False,
8591,0.0,0,0.0,5456.769112304657,optimal,0.0405968999984907,False,
8592,0.0,0,0.0,6191.163443245083,optimal,0.044967199995880947,False,
8593,0.0,0,0.0,10695.05757189228,optimal,0.050130599993281066,False,
8594,0.0,0,0.0,17439.13820251201,optimal,0.04055899998638779,False,
8595,0.0,0,0.0,29570.056335985293,optimal,0.04532650001056027,False,
8596,0.0,0,0.0,36274.67855705919,optimal,0.03624899999704212,False,
8597,0.0,0,0.0,47226.99804667775,optimal,0.049502500012749806,False,
8598,0.0,0,0.0,46911.40406102472,optimal,0.04939390000072308,False,
8599,0.0,0,0.0,42612.91049408006,optimal,0.045923999990918674,False,
8600,0.0,0,0.0,32862.074592099685,optimal,0.04278119999798946,False,
8601,0.0,0,0.0,29667.370153493855,optimal,0.040813200001139194,False,
8602,0.0,0,0.0,23892.613261484836,optimal,0.04445519999717362,False,
8603,0.0,0,0.0,14420.139298750393,optimal,0.040793799998937175,False,
8604,0.0,0,0.0,6570.345400344516,optimal,0.037057699999422766,False,
8605,0.0,0,0.0,5456.769112304657,optimal,0.042451599991181865,False,
8606,0.0,0,0.0,5456.769112304657,optimal,0.04353130000527017,False,
8607,0.0,0,0.0,5456.769112304657,optimal,0.03774929999781307,False,
8608,0.0,0,0.0,5456.769112304657,optimal,0.039252100003068335,False,
8609,0.0,0,0.0,5456.769112304657,optimal,0.047161499998765066,False,
8610,0.0,0,0.0,5456.769112304657,optimal,0.047439300004043616,False,
8611,0.0,0,0.0,5456.769112304657,optimal,0.04140499999630265,False,
8612,0.0,0,0.0,5456.769112304657,optimal,0.040912500000558794,False,
8613,0.0,0,0.0,5456.769112304657,optimal,0.03916999998909887,False,
8614,0.0,0,0.0,5456.769112304657,optimal,0.03647199999250006,False,
8615,0.0,0,0.0,5456.769112304657,optimal,0.03721160000714008,False,
8616,0.0,0,0.0,5456.769112304657,optimal,0.03445059999648947,False,
8617,0.0,0,0.0,5456.769112304657,optimal,0.03647340000316035,False,
8618,0.0,0,0.0,5456.769112304657,optimal,0.06163000001106411,False,
8619,0.0,0,0.0,5456.769112304657,optimal,0.0431795000040438,False,
8620,0.0,0,0.0,5456.769112304657,optimal,0.04939840000588447,False,
8621,0.0,0,0.0,5456.769112304657,optimal,0.035248699990916066,False,
8622,0.0,0,0.0,5456.769112304657,optimal,0.03704739999375306,False,
8623,0.0,0,0.0,5456.769112304657,optimal,0.04721849999623373,False,
8624,0.0,0,0.0,5456.769112304657,optimal,0.045160599998780526,False,
8625,0.0,0,0.0,5456.769112304657,optimal,0.045983300005900674,False,
8626,0.0,0,0.0,5456.769112304657,optimal,0.12029839999740943,False,
8627,0.0,0,0.0,5456.769112304657,optimal,0.048289799990016036,False,
8628,0.0,0,0.0,5456.769112304657,optimal,0.06021699999109842,False,
8629,0.0,0,0.0,5456.769112304657,optimal,0.049908499990124255,False,
8630,0.0,0,0.0,5456.769112304657,optimal,0.044927400012966245,False,
8631,0.0,0,0.0,5456.769112304657,optimal,0.03810259999590926,False,
8632,0.0,0,0.0,5456.769112304657,optimal,0.043803399996249937,False,
8633,0.0,0,0.0,5456.769112304657,optimal,0.035801500009256415,False,
8634,0.0,0,0.0,5456.769112304657,optimal,0.039422299989382736,False,
8635,0.0,0,0.0,5456.769112304657,optimal,0.11206440000387374,False,
8636,0.0,0,0.0,5456.769112304657,optimal,0.03470329999981914,False,
8637,0.0,0,0.0,5456.769112304657,optimal,0.0470538000081433,False,
8638,0.0,0,0.0,5456.769112304657,optimal,0.03528029999870341,False,
8639,0.0,0,0.0,5456.769112304657,optimal,0.036404400001629256,False,
8640,0.0,0,0.0,5456.769112304657,optimal,0.039794500000425614,False,
8641,0.0,0,0.0,5456.769112304657,optimal,0.039134499995270744,False,
8642,0.0,0,0.0,5456.769112304657,optimal,0.03505439999571536,False,
8643,0.0,0,0.0,5456.769112304657,optimal,0.046549799997592345,False,
8644,0.0,0,0.0,5456.769112304657,optimal,0.0469747000024654,False,
8645,0.0,0,0.0,5456.769112304657,optimal,0.03791610000189394,False,
8646,0.0,0,0.0,10401.637270421386,optimal,0.03736869999556802,False,
8647,0.0,0,0.0,14501.310127387424,optimal,0.0473686000041198,False,
8648,0.0,0,0.0,15894.268125353796,optimal,0.05094929999904707,False,
8649,0.0,0,0.0,18139.24797495944,optimal,0.044856399996206164,False,
8650,1.3302833147006743,3,0.6166766771945658,29862.80816595137,optimal,0.0476351999968756,False,
8651,0.7136066375061085,2,0.3575499999999998,21398.829378589588,optimal,0.046996700009913184,False,
8652,0.8702902167999996,2,0.5127402167999998,22956.814133445238,optimal,0.03755690000252798,False,
8653,0.0,0,0.0,5456.769112304657,optimal,0.04108080000150949,False,
8654,0.0,0,0.0,5456.769112304657,optimal,0.03556129999924451,False,
8655,2.4323680743999994,3,1.2046780743999996,29780.44985630465,optimal,0.03909259999636561,False,
8656,3.7140001279999995,4,1.2520301279999992,42596.77039230465,optimal,0.04243539999879431,False,
8657,0.0,0,0.0,5456.769112304657,optimal,0.04257550000329502,False,
8658,0.0,0,0.0,5456.769112304657,optimal,0.046680300001753494,False,
8659,0.0,0,0.0,5456.769112304657,optimal,0.04460929999186192,False,
8660,0.0,0,0.0,5456.769112304657,optimal,0.0427487000124529,False,
8661,0.0,0,0.0,5456.769112304657,optimal,0.05102149999584071,False,
8662,0.0,0,0.0,5456.769112304657,optimal,0.03758180000295397,False,
8663,0.0,0,0.0,5456.769112304657,optimal,0.039798800004064105,False,
8664,0.0,0,0.0,5456.769112304657,optimal,0.05011860000377055,False,
8665,0.0,0,0.0,5456.769112304657,optimal,0.03537349999533035,False,
8666,0.0,0,0.0,5456.769112304657,optimal,0.04480429999239277,False,
8667,0.0,0,0.0,5456.769112304657,optimal,0.03885450000234414,False,
8668,0.0,0,0.0,5456.769112304657,optimal,0.13022180000552908,False,
8669,0.0,0,0.0,5456.769112304657,optimal,0.044205999991390854,False,
8670,0.0,0,0.0,5456.769112304657,optimal,0.05030749998695683,False,
8671,0.0,0,0.0,5456.769112304657,optimal,0.049289900009171106,False,
8672,0.0,0,0.0,5456.769112304657,optimal,0.038637500008917414,False,
8673,0.0,0,0.0,5456.769112304657,optimal,0.03912659999332391,False,
8674,0.0,0,0.0,5456.769112304657,optimal,0.15652470001077745,False,
8675,0.0,0,0.0,5456.769112304657,optimal,0.038410799999837764,False,
8676,0.0,0,0.0,5456.769112304657,optimal,0.04857520000950899,False,
8677,0.0,0,0.0,5456.769112304657,optimal,0.04409210001176689,False,
8678,0.0,0,0.0,5456.769112304657,optimal,0.036533599995891564,False,
8679,0.0,0,0.0,5456.769112304657,optimal,0.05900179999298416,False,
8680,0.0,0,0.0,5456.769112304657,optimal,0.05105809999804478,False,
8681,0.0,0,0.0,5456.769112304657,optimal,0.0383424999890849,False,
8682,0.0,0,0.0,5456.769112304657,optimal,0.05021909999777563,False,
8683,0.0,0,0.0,5456.769112304657,optimal,0.052361599999130704,False,
8684,0.0,0,0.0,5456.769112304657,optimal,0.04522929999802727,False,
8685,0.0,0,0.0,5456.769112304657,optimal,0.05139199999393895,False,
8686,0.0,0,0.0,5456.769112304657,optimal,0.043716400003177114,False,
8687,0.0,0,0.0,5456.769112304657,optimal,0.03766270000778604,False,
8688,0.0,0,0.0,5456.769112304657,optimal,0.045325099999899976,False,
8689,0.0,0,0.0,5456.769112304657,optimal,0.04372069999226369,False,
8690,0.0,0,0.0,5456.769112304657,optimal,0.04747180000413209,False,
8691,0.0,0,0.0,5456.769112304657,optimal,0.035795699994196184,False,
8692,0.0,0,0.0,5456.769112304657,optimal,0.05240149999735877,False,
8693,0.0,0,0.0,5456.769112304657,optimal,0.035269800006062724,False,
8694,0.0,0,0.0,5456.769112304657,optimal,0.13239540001086425,False,
8695,0.0,0,0.0,5456.769112304657,optimal,0.044314200000371784,False,
8696,0.0,0,0.0,5456.769112304657,optimal,0.046425300010014325,False,
8697,0.0,0,0.0,5456.769112304657,optimal,0.04766530000779312,False,
8698,0.0,0,0.0,5456.769112304657,optimal,0.1436078999977326,False,
8699,0.0,0,0.0,5456.769112304657,optimal,0.06263509999553207,False,
8700,0.0,0,0.0,5456.769112304657,optimal,0.055675900002825074,False,
8701,0.0,0,0.0,5456.769112304657,optimal,0.063616200000979,False,
8702,0.0,0,0.0,5456.769112304657,optimal,0.048637300002155825,False,
8703,0.0,0,0.0,5456.769112304657,optimal,0.04904040000110399,False,
8704,0.0,0,0.0,5456.769112304657,optimal,0.03110319998813793,False,
8705,0.0,0,0.0,5456.769112304657,optimal,0.03598860000784043,False,
8706,0.0,0,0.0,5456.769112304657,optimal,0.1133177000010619,False,
8707,0.0,0,0.0,5456.769112304657,optimal,0.04079189999902155,False,
8708,0.0,0,0.0,5456.769112304657,optimal,0.04136260000814218,False,
8709,0.0,0,0.0,5456.769112304657,optimal,0.041261399994255044,False,
8710,0.0,0,0.0,5456.769112304657,optimal,0.059456600007251836,False,
8711,0.0,0,0.0,5456.769112304657,optimal,0.05582999999751337,False,
8712,0.0,0,0.0,5456.769112304657,optimal,0.04454269999405369,False,
8713,0.0,0,0.0,5456.769112304657,optimal,0.03744869999354705,False,
8714,0.0,0,0.0,5343.086422464978,optimal,0.10968139999022242,True,
8715,0.0,0,0.0,5229.403732625297,optimal,0.05068320001009852,True,
8716,0.0,0,0.0,5115.721042785616,optimal,0.0426584999950137,True,
8717,0.0,0,0.0,5002.038352945936,optimal,0.05197749999933876,True,
8718,0.0,0,0.0,4888.355663106256,optimal,0.03709300000627991,True,
8719,0.0,0,0.0,4774.672973266575,optimal,0.042761099990457296,True,
8720,0.0,0,0.0,4660.990283426894,optimal,0.03314870000758674,True,
8721,0.0,0,0.0,4547.307593587214,optimal,0.040070699993520975,True,
8722,0.0,0,0.0,4433.6249037475345,optimal,0.0470420999918133,True,
8723,0.0,0,0.0,4319.942213907854,optimal,0.15862049999122974,True,
8724,0.0,0,0.0,4206.259524068174,optimal,0.03387939999811351,True,
8725,0.0,0,0.0,4092.5768342284928,optimal,0.15012669999850914,True,
8726,0.0,0,0.0,3978.8941443888125,optimal,0.19792749999032822,True,
8727,0.0,0,0.0,3865.211454549132,optimal,0.040428499996778555,True,
8728,0.0,0,0.0,8218.061929682108,optimal,0.17125410000153352,True,
8729,0.0,0,0.0,21782.436093034175,optimal,0.04734930000267923,True,
8730,0.0,0,0.0,22809.381927387476,optimal,0.051417399998172186,True,
8731,0.0,0,0.0,25485.22237371833,optimal,0.04646449998836033,True,
8732,0.0,0,0.0,29676.111315576054,optimal,0.040800600007059984,True,
8733,0.0,0,0.0,31010.79060662502,optimal,0.039051300002029166,True,
8734,0.0,0,0.0,32546.59580377564,optimal,0.038262300004134886,True,
8735,0.0,0,0.0,33180.280048595625,optimal,0.039765699999406934,True,
8736,0.0,0,0.0,35509.972719015066,optimal,0.038940400001592934,True,
8737,0.0,0,0.0,36493.25292336512,optimal,0.0349075999984052,True,
8738,0.0,0,0.0,27799.745824268146,optimal,0.03245710000919644,True,
8739,0.0,0,0.0,20546.31656875499,optimal,0.03342089999932796,True,
8740,0.0,0,0.0,11402.579257311088,optimal,0.03246799999033101,True,
8741,0.0,0,0.0,2273.653796793607,optimal,0.0364452999929199,True,
8742,0.0,0,0.0,2159.971106953927,optimal,0.0328525999939302,True,
8743,0.0,0,0.0,2046.2884171142464,optimal,0.03686609999567736,True,
8744,0.0,0,0.0,1932.605727274566,optimal,0.03407120000338182,True,
8745,0.0,0,0.0,1818.9230374348858,optimal,0.028819900006055832,True,
8746,0.0,0,0.0,1705.2403475952053,optimal,0.015807499992661178,True,
8747,0.0,0,0.0,1591.5576577555253,optimal,0.028324899991275743,True,
8748,0.0,0,0.0,1477.8749679158448,optimal,0.020813100010855123,True,
8749,0.0,0,0.0,1364.1922780761643,optimal,0.0189173000107985,True,
8750,0.0,0,0.0,1250.509588236484,optimal,0.022264700004598126,True,
8751,0.0,0,0.0,1136.8268983968035,optimal,0.020383099996251985,True,
8752,0.0,0,0.0,1023.1442085571232,optimal,0.022577399999136105,True,
8753,0.0,0,0.0,909.4615187174429,optimal,0.014253599991207011,True,
8754,0.0,0,0.0,795.7788288777626,optimal,0.020032200001878664,True,
8755,0.0,0,0.0,682.0961390380821,optimal,0.0183505999884801,True,
8756,0.0,0,0.0,568.4134491984017,optimal,0.01864239999849815,True,
8757,0.0,0,0.0,454.73075935872146,optimal,0.08944949999568053,True,
8758,0.0,0,0.0,341.04806951904106,optimal,0.012236700000357814,True,
8759,0.0,0,0.0,227.36537967936073,optimal,0.09100580000085756,True,
8760,0.0,0,0.0,113.68268983968036,optimal,0.015942700003506616,True,
