start_hour,tech,recovery_end_hour,recovery_target_MWh,soc_at_recovery_end_MWh,recovery_soc_slack_MWh,soc_slack_cost_USD
1,Li-Ion,48,0.0,0.0,0.0,0.0
1,H2,48,56.920998245126285,29.043791452070213,27.87720679305607,27877.206793056073
2,Li-Ion,49,0.0,0.0,0.0,0.0
2,H2,49,56.920998245126285,34.23135175777456,22.689646487351723,22689.64648735172
3,Li-Ion,50,0.0,0.0,0.0,0.0
3,H2,50,56.920998245126285,39.046232267985275,17.87476597714101,17874.76597714101
4,Li-Ion,51,0.0,0.0,0.0,0.0
4,H2,51,56.920998245126285,40.805993891890765,16.11500435323552,16115.00435323552
5,Li-Ion,52,0.0,0.0,0.0,0.0
5,H2,52,56.920998245126285,43.3372038491219,13.583794396004386,13583.794396004387
6,Li-Ion,53,0.0,0.0,0.0,0.0
6,H2,53,56.920998245126285,46.23517743390219,10.685820811224097,10685.820811224097
7,Li-Ion,54,0.0,0.0,0.0,0.0
7,H2,54,56.920998245126285,46.58968096467024,10.331317280456048,10331.317280456047
8,Li-Ion,55,0.0,0.0,0.0,0.0
8,H2,55,56.920998245126285,45.50822440003197,11.412773845094314,11412.773845094314
9,Li-Ion,56,0.0,0.0,0.0,0.0
9,H2,56,56.920998245126285,42.32973967452302,14.591258570603266,14591.258570603266
10,Li-Ion,57,0.0,0.0,0.0,0.0
10,H2,57,56.920998245126285,37.73098474635348,19.190013498772807,19190.013498772805
11,Li-Ion,58,0.0,0.0,0.0,0.0
11,H2,58,56.920998245126285,36.601818019191825,20.31918022593446,20319.18022593446
12,Li-Ion,59,0.0,0.0,0.0,0.0
12,H2,59,56.920998245126285,42.85116639221138,14.069831852914902,14069.831852914902
13,Li-Ion,60,0.0,0.0,0.0,0.0
13,H2,60,56.920998245126285,51.837538888827275,5.083459356299009,5083.459356299009
14,Li-Ion,61,0.0,0.0,0.0,0.0
14,H2,61,56.920998245126285,56.293660146455764,0.6273380986705206,627.3380986705206
15,Li-Ion,62,0.0,0.0,0.0,0.0
15,H2,62,56.920998245126285,56.920998245126285,0.0,0.0
16,Li-Ion,63,0.0,0.0,0.0,0.0
16,H2,63,56.920998245126285,56.920998245126285,0.0,0.0
17,Li-Ion,64,0.0,0.0,0.0,0.0
17,H2,64,56.920998245126285,56.920998245126285,0.0,0.0
18,Li-Ion,65,0.0,0.0,0.0,0.0
18,H2,65,56.920998245126285,56.0494513002695,0.8715469448567816,871.5469448567817
19,Li-Ion,66,0.0,0.0,0.0,0.0
19,H2,66,56.920998245126285,53.32838258242722,3.5926156626990675,3592.6156626990673
20,Li-Ion,67,0.0,0.0,0.0,0.0
20,H2,67,56.920998245126285,50.349511045367194,6.5714871997590905,6571.487199759091
21,Li-Ion,68,0.0,0.0,0.0,0.0
21,H2,68,56.920998245126285,49.44258111598358,7.478417129142706,7478.417129142706
22,Li-Ion,69,0.0,0.0,0.0,0.0
22,H2,69,56.920998245126285,47.65713534146599,9.263862903660296,9263.862903660296
23,Li-Ion,70,0.0,0.0,0.0,0.0
23,H2,70,56.920998245126285,47.452904696059434,9.46809354906685,9468.09354906685
24,Li-Ion,71,0.0,0.0,0.0,0.0
24,H2,71,56.920998245126285,46.55731890083026,10.363679344296024,10363.679344296024
25,Li-Ion,72,0.0,0.0,0.0,0.0
25,H2,72,56.920998245126285,45.00913507642687,11.911863168699412,11911.863168699412
26,Li-Ion,73,0.0,0.0,0.0,0.0
26,H2,73,56.920998245126285,42.67436768495086,14.246630560175426,14246.630560175427
27,Li-Ion,74,0.0,0.0,0.0,0.0
27,H2,74,56.920998245126285,41.29923367632902,15.621764568797268,15621.764568797267
28,Li-Ion,75,0.0,0.0,0.0,0.0
28,H2,75,56.920998245126285,40.59207640955398,16.328921835572302,16328.921835572302
29,Li-Ion,76,0.0,0.0,0.0,0.0
29,H2,76,56.920998245126285,41.83178424835614,15.089213996770141,15089.21399677014
30,Li-Ion,77,0.0,0.0,0.0,0.0
30,H2,77,56.920998245126285,43.18399226817397,13.737005976952318,13737.005976952318
31,Li-Ion,78,0.0,0.0,0.0,0.0
31,H2,78,56.920998245126285,41.06157685813325,15.859421386993034,15859.421386993034
32,Li-Ion,79,0.0,0.0,0.0,0.0
32,H2,79,56.920998245126285,38.31703578876522,18.603962456361067,18603.962456361067
33,Li-Ion,80,0.0,0.0,0.0,0.0
33,H2,80,56.920998245126285,33.63547266242052,23.285525582705766,23285.525582705766
34,Li-Ion,81,0.0,0.0,0.0,0.0
34,H2,81,56.920998245126285,29.45738448299108,27.463613762135203,27463.613762135203
35,Li-Ion,82,0.0,0.0,0.0,0.0
35,H2,82,56.920998245126285,28.1844741458807,28.736524099245585,28736.524099245584
36,Li-Ion,83,0.0,0.0,0.0,0.0
36,H2,83,56.920998245126285,29.06938739609921,27.851610849027075,27851.610849027074
37,Li-Ion,84,0.0,0.0,0.0,0.0
37,H2,84,56.920998245126285,28.939107881055584,27.9818903640707,27981.8903640707
38,Li-Ion,85,0.0,0.0,0.0,0.0
38,H2,85,56.920998245126285,31.57491317323103,25.346085071895253,25346.085071895253
39,Li-Ion,86,0.0,4.412404559513875,0.0,0.0
39,H2,86,56.920998245126285,34.08433120658121,22.836667038545077,22836.667038545078
40,Li-Ion,87,0.0,9.770324381780721,0.0,0.0
40,H2,87,56.920998245126285,34.08433120658122,22.836667038545066,22836.667038545067
41,Li-Ion,88,0.0,4.412404559513875,0.0,0.0
41,H2,88,56.920998245126285,31.09798135081283,25.823016894313454,25823.016894313456
42,Li-Ion,89,0.0,0.0,0.0,0.0
42,H2,89,56.920998245126285,32.88514482058758,24.035853424538708,24035.85342453871
43,Li-Ion,90,0.0,0.0,0.0,0.0
43,H2,90,56.920998245126285,34.044130521496236,22.87686772363005,22876.86772363005
44,Li-Ion,91,0.0,0.0,0.0,0.0
44,H2,91,56.920998245126285,32.16793561484729,24.753062630278997,24753.062630278997
45,Li-Ion,92,0.0,0.0,0.0,0.0
45,H2,92,56.920998245126285,25.82377268419636,31.097225560929925,31097.225560929925
46,Li-Ion,93,0.0,0.0,0.0,0.0
46,H2,93,56.920998245126285,21.247264207998686,35.6737340371276,35673.7340371276
47,Li-Ion,94,0.0,0.0,0.0,0.0
47,H2,94,56.920998245126285,14.442562134582765,42.47843611054352,42478.43611054352
48,Li-Ion,95,0.0,0.0,0.0,0.0
48,H2,95,56.920998245126285,9.703778381102344,47.21721986402394,47217.21986402394
49,Li-Ion,96,0.0,0.0,0.0,0.0
49,H2,96,56.920998245126285,7.470068425020523,49.45092982010576,49450.92982010576
50,Li-Ion,97,0.0,0.0,0.0,0.0
50,H2,97,56.920998245126285,8.154171823994202,48.76682642113208,48766.82642113208
51,Li-Ion,98,0.0,0.0,0.0,0.0
51,H2,98,56.920998245126285,7.532163132684757,49.38883511244153,49388.83511244153
52,Li-Ion,99,0.0,0.0,0.0,0.0
52,H2,99,56.920998245126285,9.274683211049126,47.64631503407716,47646.31503407716
53,Li-Ion,100,0.0,0.0,0.0,0.0
53,H2,100,56.920998245126285,11.181826808715078,45.739171436411205,45739.171436411205
54,Li-Ion,101,0.0,0.0,0.0,0.0
54,H2,101,56.920998245126285,14.368109603876995,42.55288864124929,42552.88864124929
55,Li-Ion,102,0.0,0.0,0.0,0.0
55,H2,102,56.920998245126285,16.489369694764733,40.43162855036155,40431.62855036155
56,Li-Ion,103,0.0,0.0,0.0,0.0
56,H2,103,56.920998245126285,15.477692418168234,41.44330582695805,41443.30582695805
57,Li-Ion,104,0.0,0.0,0.0,0.0
57,H2,104,56.920998245126285,13.514543006082388,43.40645523904389,43406.45523904389
58,Li-Ion,105,0.0,0.0,0.0,0.0
58,H2,105,56.920998245126285,11.3411876971085,45.57981054801778,45579.810548017784
59,Li-Ion,106,0.0,0.0,0.0,0.0
59,H2,106,56.920998245126285,10.305469584992577,46.615528660133705,46615.52866013371
60,Li-Ion,107,0.0,0.0,0.0,0.0
60,H2,107,56.920998245126285,11.491361881512947,45.42963636361334,45429.63636361334
61,Li-Ion,108,0.0,0.0,0.0,0.0
61,H2,108,56.920998245126285,11.491361881512947,45.42963636361334,45429.63636361334
62,Li-Ion,109,0.0,0.0,0.0,0.0
62,H2,109,56.920998245126285,12.796178707355013,44.12481953777127,44124.81953777128
63,Li-Ion,110,0.0,4.412404559513875,0.0,0.0
63,H2,110,56.920998245126285,17.0828168387069,39.83818140641939,39838.18140641939
64,Li-Ion,111,0.0,0.0,0.0,0.0
64,H2,111,56.920998245126285,21.36945497005879,35.551543275067495,35551.543275067495
65,Li-Ion,112,0.0,0.0,0.0,0.0
65,H2,112,56.920998245126285,24.489721533708554,32.43127671141773,32431.27671141773
66,Li-Ion,113,0.0,6.374351820985315,0.0,0.0
66,H2,113,56.920998245126285,26.16490650140615,30.756091743720134,30756.091743720135
67,Li-Ion,114,0.0,0.07091673596549519,0.0,0.0
67,H2,114,56.920998245126285,27.722865836241308,29.198132408884977,29198.132408884976
68,Li-Ion,115,0.0,0.0,0.0,0.0
68,H2,115,56.920998245126285,25.719799160665854,31.20119908446043,31201.19908446043
69,Li-Ion,116,0.0,0.0,0.0,0.0
69,H2,116,56.920998245126285,23.481785690456167,33.43921255467012,33439.21255467012
70,Li-Ion,117,0.0,0.0,0.0,0.0
70,H2,117,56.920998245126285,21.763513079301138,35.15748516582515,35157.48516582515
71,Li-Ion,118,0.0,0.0,0.0,0.0
71,H2,118,56.920998245126285,21.789245330087823,35.13175291503846,35131.75291503846
72,Li-Ion,119,0.0,0.0,0.0,0.0
72,H2,119,56.920998245126285,21.43617880484785,35.484819440278436,35484.819440278436
73,Li-Ion,120,0.0,0.0,0.0,0.0
73,H2,120,56.920998245126285,23.81660781061708,33.104390434509206,33104.39043450921
74,Li-Ion,121,0.0,0.0,0.0,0.0
74,H2,121,56.920998245126285,23.3317290208993,33.58926922422698,33589.269224226984
75,Li-Ion,122,0.0,0.0,0.0,0.0
75,H2,122,56.920998245126285,22.8073404526374,34.11365779248888,34113.65779248888
76,Li-Ion,123,0.0,0.0,0.0,0.0
76,H2,123,56.920998245126285,25.940388038309898,30.980610206816387,30980.610206816385
77,Li-Ion,124,0.0,0.0,0.0,0.0
77,H2,124,56.920998245126285,27.949092746915447,28.971905498210837,28971.90549821084
78,Li-Ion,125,0.0,0.0,0.0,0.0
78,H2,125,56.920998245126285,28.955606488285135,27.96539175684115,27965.39175684115
79,Li-Ion,126,0.0,0.0,0.0,0.0
79,H2,126,56.920998245126285,31.787030780585397,25.133967464540888,25133.96746454089
80,Li-Ion,127,0.0,0.0,0.0,0.0
80,H2,127,56.920998245126285,32.64579102266338,24.275207222462903,24275.207222462905
81,Li-Ion,128,0.0,0.0,0.0,0.0
81,H2,128,56.920998245126285,35.60644859815404,21.314549646972246,21314.549646972246
82,Li-Ion,129,0.0,0.0,0.0,0.0
82,H2,129,56.920998245126285,38.96352430103017,17.957473944096115,17957.473944096117
83,Li-Ion,130,0.0,0.0,0.0,0.0
83,H2,130,56.920998245126285,39.189908623167305,17.73108962195898,17731.089621958978
84,Li-Ion,131,0.0,0.0,0.0,0.0
84,H2,131,56.920998245126285,44.07043142080153,12.850566824324751,12850.566824324751
85,Li-Ion,132,0.0,0.0,0.0,0.0
85,H2,132,56.920998245126285,43.6247910638585,13.296207181267782,13296.207181267782
86,Li-Ion,133,0.0,0.0,0.0,0.0
86,H2,133,56.920998245126285,43.6247910638585,13.296207181267782,13296.207181267782
87,Li-Ion,134,0.0,0.0,0.0,0.0
87,H2,134,56.920998245126285,43.6247910638585,13.296207181267782,13296.207181267782
88,Li-Ion,135,0.0,0.0,0.0,0.0
88,H2,135,56.920998245126285,42.088843243947444,14.83215500117884,14832.15500117884
89,Li-Ion,136,0.0,0.0,0.0,0.0
89,H2,136,56.920998245126285,46.93071748695264,9.990280758173647,9990.280758173647
90,Li-Ion,137,0.0,0.0,0.0,0.0
90,H2,137,56.920998245126285,47.97378193971377,8.947216305412518,8947.216305412518
91,Li-Ion,138,0.0,0.0,0.0,0.0
91,H2,138,56.920998245126285,48.13193685436038,8.789061390765902,8789.0613907659
92,Li-Ion,139,0.0,0.0,0.0,0.0
92,H2,139,56.920998245126285,49.09528396523496,7.825714279891322,7825.714279891322
93,Li-Ion,140,0.0,0.0,0.0,0.0
93,H2,140,56.920998245126285,53.21166290916042,3.709335335965868,3709.3353359658677
94,Li-Ion,141,0.0,0.0,0.0,0.0
94,H2,141,56.920998245126285,53.32417824850548,3.596819996620802,3596.8199966208017
95,Li-Ion,142,0.0,0.0,0.0,0.0
95,H2,142,56.920998245126285,51.86798173673189,5.053016508394393,5053.016508394393
96,Li-Ion,143,0.0,0.0,0.0,0.0
96,H2,143,56.920998245126285,51.37763008799079,5.543368157135497,5543.368157135496
97,Li-Ion,144,0.0,0.0,0.0,0.0
97,H2,144,56.920998245126285,51.281704871827046,5.639293373299239,5639.293373299239
98,Li-Ion,145,0.0,0.0,0.0,0.0
98,H2,145,56.920998245126285,51.894715536609986,5.026282708516298,5026.282708516298
99,Li-Ion,146,0.0,0.0,0.0,0.0
99,H2,146,56.920998245126285,53.609132921075336,3.311865324050949,3311.865324050949
100,Li-Ion,147,0.0,0.0,0.0,0.0
100,H2,147,56.920998245126285,55.13942855534952,1.7815696897767666,1781.5696897767666
101,Li-Ion,148,0.0,0.0,0.0,0.0
101,H2,148,56.920998245126285,50.18080419841885,6.740194046707437,6740.194046707436
102,Li-Ion,149,0.0,0.0,0.0,0.0
102,H2,149,56.920998245126285,47.16912484753305,9.751873397593236,9751.873397593235
103,Li-Ion,150,0.0,0.0,0.0,0.0
103,H2,150,56.920998245126285,43.93583439711446,12.985163848011823,12985.163848011822
104,Li-Ion,151,0.0,0.0,0.0,0.0
104,H2,151,56.920998245126285,39.9027924888701,17.018205756256187,17018.205756256186
105,Li-Ion,152,0.0,0.0,0.0,0.0
105,H2,152,56.920998245126285,33.4518658142984,23.469132430827884,23469.132430827885
106,Li-Ion,153,0.0,0.0,0.0,0.0
106,H2,153,56.920998245126285,25.915241302526187,31.005756942600097,31005.7569426001
107,Li-Ion,154,0.0,0.0,0.0,0.0
107,H2,154,56.920998245126285,23.046219666646177,33.874778578480104,33874.7785784801
108,Li-Ion,155,0.0,0.0,0.0,0.0
108,H2,155,56.920998245126285,24.03389010375619,32.88710814137009,32887.10814137009
109,Li-Ion,156,0.0,0.0,0.0,0.0
109,H2,156,56.920998245126285,25.378687347943906,31.54231089718238,31542.31089718238
110,Li-Ion,157,0.0,0.0,0.0,0.0
110,H2,157,56.920998245126285,27.65419263655646,29.266805608569825,29266.805608569826
111,Li-Ion,158,0.0,0.0,0.0,0.0
111,H2,158,56.920998245126285,27.654192636556452,29.266805608569832,29266.805608569834
112,Li-Ion,159,0.0,0.0,0.0,0.0
112,H2,159,56.920998245126285,26.75256344010659,30.168434805019693,30168.434805019693
113,Li-Ion,160,0.0,0.0,0.0,0.0
113,H2,160,56.920998245126285,23.626608152310627,33.29439009281566,33294.39009281566
114,Li-Ion,161,0.0,0.0,0.0,0.0
114,H2,161,56.920998245126285,19.8287088859946,37.092289359131684,37092.28935913168
115,Li-Ion,162,0.0,0.0,0.0,0.0
115,H2,162,56.920998245126285,14.436266792756799,42.48473145236949,42484.73145236949
116,Li-Ion,163,0.0,0.0,0.0,0.0
116,H2,163,56.920998245126285,8.23186746129426,48.68913078383203,48689.13078383203
117,Li-Ion,164,0.0,0.0,0.0,0.0
117,H2,164,56.920998245126285,5.417815177306538,51.50318306781975,51503.18306781975
118,Li-Ion,165,0.0,0.0,0.0,0.0
118,H2,165,56.920998245126285,2.0631845224029455,54.857813722723336,54857.81372272334
119,Li-Ion,166,0.0,0.0,0.0,0.0
119,H2,166,56.920998245126285,0.0,56.920998245126285,56920.998245126284
120,Li-Ion,167,0.0,0.0,0.0,0.0
120,H2,167,56.920998245126285,0.0,56.920998245126285,56920.998245126284
121,Li-Ion,168,0.0,0.0,0.0,0.0
121,H2,168,56.920998245126285,0.0,56.920998245126285,56920.998245126284
122,Li-Ion,169,0.0,0.0,0.0,0.0
122,H2,169,56.920998245126285,0.0,56.920998245126285,56920.998245126284
123,Li-Ion,170,0.0,0.0,0.0,0.0
123,H2,170,56.920998245126285,0.0,56.920998245126285,56920.998245126284
124,Li-Ion,171,0.0,0.0,0.0,0.0
124,H2,171,56.920998245126285,0.0,56.920998245126285,56920.998245126284
125,Li-Ion,172,0.0,0.0,0.0,0.0
125,H2,172,56.920998245126285,0.0,56.920998245126285,56920.998245126284
126,Li-Ion,173,0.0,0.0,0.0,0.0
126,H2,173,56.920998245126285,0.0,56.920998245126285,56920.998245126284
127,Li-Ion,174,0.0,0.0,0.0,0.0
127,H2,174,56.920998245126285,0.22172244146322928,56.699275803663056,56699.275803663055
128,Li-Ion,175,0.0,0.0,0.0,0.0
128,H2,175,56.920998245126285,0.5611497891631376,56.359848455963146,56359.84845596315
129,Li-Ion,176,0.0,0.0,0.0,0.0
129,H2,176,56.920998245126285,1.305690322768017,55.61530792235827,55615.30792235827
130,Li-Ion,177,0.0,0.0,0.0,0.0
130,H2,177,56.920998245126285,1.1132167422403358,55.80778150288595,55807.781502885955
131,Li-Ion,178,0.0,0.0,0.0,0.0
131,H2,178,56.920998245126285,0.7267712578366441,56.19422698728964,56194.226987289636
132,Li-Ion,179,0.0,0.0,0.0,0.0
132,H2,179,56.920998245126285,0.6991870350702185,56.22181121005607,56221.81121005607
133,Li-Ion,180,0.0,0.0,0.0,0.0
133,H2,180,56.920998245126285,0.7330218971244994,56.18797634800178,56187.97634800179
134,Li-Ion,181,0.0,0.0,0.0,0.0
134,H2,181,56.920998245126285,1.4901665057663307,55.43083173935995,55430.83173935995
135,Li-Ion,182,0.0,0.0,0.0,0.0
135,H2,182,56.920998245126285,1.5539902016548768,55.36700804347141,55367.00804347141
136,Li-Ion,183,0.0,0.0,0.0,0.0
136,H2,183,56.920998245126285,3.362715557568877,53.55828268755741,53558.28268755741
137,Li-Ion,184,0.0,0.0,0.0,0.0
137,H2,184,56.920998245126285,7.6493536889207645,49.27164455620552,49271.64455620552
138,Li-Ion,185,0.0,0.0,0.0,0.0
138,H2,185,56.920998245126285,11.935991820272651,44.98500642485364,44985.00642485364
139,Li-Ion,186,0.0,0.0,0.0,0.0
139,H2,186,56.920998245126285,19.22181729580757,37.699180949318716,37699.18094931872
140,Li-Ion,187,0.0,0.0,0.0,0.0
140,H2,187,56.920998245126285,31.060115965575307,25.860882279550978,25860.882279550977
141,Li-Ion,188,0.0,0.0,0.0,0.0
141,H2,188,56.920998245126285,41.51825538838681,15.402742856739472,15402.742856739473
142,Li-Ion,189,0.0,0.0,0.0,0.0
142,H2,189,56.920998245126285,51.8209724320163,5.100025813109987,5100.025813109987
143,Li-Ion,190,0.0,0.0,0.0,0.0
143,H2,190,56.920998245126285,56.920998245126285,0.0,0.0
144,Li-Ion,191,0.0,0.0,0.0,0.0
144,H2,191,56.920998245126285,56.920998245126285,0.0,0.0
145,Li-Ion,192,0.0,0.0,0.0,0.0
145,H2,192,56.920998245126285,56.920998245126285,0.0,0.0
146,Li-Ion,193,0.0,0.0,0.0,0.0
146,H2,193,56.920998245126285,56.920998245126285,0.0,0.0
147,Li-Ion,194,0.0,0.0,0.0,0.0
147,H2,194,56.920998245126285,56.920998245126285,0.0,0.0
148,Li-Ion,195,0.0,0.0,0.0,0.0
148,H2,195,56.920998245126285,56.920998245126285,0.0,0.0
149,Li-Ion,196,0.0,0.0,0.0,0.0
149,H2,196,56.920998245126285,56.920998245126285,0.0,0.0
150,Li-Ion,197,0.0,0.0,0.0,0.0
150,H2,197,56.920998245126285,56.920998245126285,0.0,0.0
151,Li-Ion,198,0.0,0.0,0.0,0.0
151,H2,198,56.920998245126285,56.920998245126285,0.0,0.0
152,Li-Ion,199,0.0,0.0,0.0,0.0
152,H2,199,56.920998245126285,56.920998245126285,0.0,0.0
153,Li-Ion,200,0.0,0.0,0.0,0.0
153,H2,200,56.920998245126285,56.920998245126285,0.0,0.0
154,Li-Ion,201,0.0,0.0,0.0,0.0
154,H2,201,56.920998245126285,56.920998245126285,0.0,0.0
155,Li-Ion,202,0.0,0.0,0.0,0.0
155,H2,202,56.920998245126285,56.920998245126285,0.0,0.0
156,Li-Ion,203,0.0,0.0,0.0,0.0
156,H2,203,56.920998245126285,56.920998245126285,0.0,0.0
157,Li-Ion,204,0.0,0.0,0.0,0.0
157,H2,204,56.920998245126285,56.920998245126285,0.0,0.0
158,Li-Ion,205,0.0,0.0,0.0,0.0
158,H2,205,56.920998245126285,56.920998245126285,0.0,0.0
159,Li-Ion,206,0.0,0.0,0.0,0.0
159,H2,206,56.920998245126285,56.920998245126285,0.0,0.0
160,Li-Ion,207,0.0,0.0,0.0,0.0
160,H2,207,56.920998245126285,56.920998245126285,0.0,0.0
161,Li-Ion,208,0.0,0.0,0.0,0.0
161,H2,208,56.920998245126285,56.920998245126285,0.0,0.0
162,Li-Ion,209,0.0,0.0,0.0,0.0
162,H2,209,56.920998245126285,56.920998245126285,0.0,0.0
163,Li-Ion,210,0.0,0.0,0.0,0.0
163,H2,210,56.920998245126285,56.920998245126285,0.0,0.0
164,Li-Ion,211,0.0,0.0,0.0,0.0
164,H2,211,56.920998245126285,56.920998245126285,0.0,0.0
165,Li-Ion,212,0.0,0.0,0.0,0.0
165,H2,212,56.920998245126285,56.920998245126285,0.0,0.0
166,Li-Ion,213,0.0,0.0,0.0,0.0
166,H2,213,56.920998245126285,56.920998245126285,0.0,0.0
167,Li-Ion,214,0.0,0.0,0.0,0.0
167,H2,214,56.920998245126285,56.920998245126285,0.0,0.0
168,Li-Ion,215,0.0,0.0,0.0,0.0
168,H2,215,56.920998245126285,56.920998245126285,0.0,0.0
169,Li-Ion,216,0.0,0.0,0.0,0.0
169,H2,216,56.920998245126285,56.920998245126285,0.0,0.0
170,Li-Ion,217,0.0,0.0,0.0,0.0
170,H2,217,56.920998245126285,56.920998245126285,0.0,0.0
171,Li-Ion,218,0.0,0.0,0.0,0.0
171,H2,218,56.920998245126285,56.920998245126285,0.0,0.0
172,Li-Ion,219,0.0,0.0,0.0,0.0
172,H2,219,56.920998245126285,56.920998245126285,0.0,0.0
173,Li-Ion,220,0.0,0.0,0.0,0.0
173,H2,220,56.920998245126285,56.920998245126285,0.0,0.0
174,Li-Ion,221,0.0,0.0,0.0,0.0
174,H2,221,56.920998245126285,56.920998245126285,0.0,0.0
175,Li-Ion,222,0.0,0.0,0.0,0.0
175,H2,222,56.920998245126285,56.920998245126285,0.0,0.0
176,Li-Ion,223,0.0,0.0,0.0,0.0
176,H2,223,56.920998245126285,56.920998245126285,0.0,0.0
177,Li-Ion,224,0.0,0.0,0.0,0.0
177,H2,224,56.920998245126285,56.920998245126285,0.0,0.0
178,Li-Ion,225,0.0,0.0,0.0,0.0
178,H2,225,56.920998245126285,56.920998245126285,0.0,0.0
179,Li-Ion,226,0.0,0.0,0.0,0.0
179,H2,226,56.920998245126285,53.56426635002625,3.356731895100033,3356.731895100033
180,Li-Ion,227,0.0,0.0,0.0,0.0
180,H2,227,56.920998245126285,46.77476557938268,10.146232665743604,10146.232665743604
181,Li-Ion,228,0.0,0.0,0.0,0.0
181,H2,228,56.920998245126285,44.014072653931564,12.906925591194721,12906.92559119472
182,Li-Ion,229,0.0,0.0,0.0,0.0
182,H2,229,56.920998245126285,40.78946319738295,16.131535047743334,16131.535047743335
183,Li-Ion,230,0.0,0.0,0.0,0.0
183,H2,230,56.920998245126285,38.59464982252983,18.326348422596453,18326.348422596453
184,Li-Ion,231,0.0,0.0,0.0,0.0
184,H2,231,56.920998245126285,37.62215286379367,19.29884538133261,19298.845381332612
185,Li-Ion,232,0.0,0.0,0.0,0.0
185,H2,232,56.920998245126285,43.221409723193005,13.69958852193328,13699.58852193328
186,Li-Ion,233,0.0,0.0,0.0,0.0
186,H2,233,56.920998245126285,48.953142128558135,7.96785611656815,7967.85611656815
187,Li-Ion,234,0.0,0.0,0.0,0.0
187,H2,234,56.920998245126285,53.498086624922784,3.4229116202035,3422.9116202035
188,Li-Ion,235,0.0,0.0,0.0,0.0
188,H2,235,56.920998245126285,56.920998245126285,0.0,0.0
189,Li-Ion,236,0.0,0.0,0.0,0.0
189,H2,236,56.920998245126285,56.920998245126285,0.0,0.0
190,Li-Ion,237,0.0,0.0,0.0,0.0
190,H2,237,56.920998245126285,56.920998245126285,0.0,0.0
191,Li-Ion,238,0.0,0.0,0.0,0.0
191,H2,238,56.920998245126285,56.920998245126285,0.0,0.0
192,Li-Ion,239,0.0,0.0,0.0,0.0
192,H2,239,56.920998245126285,56.920998245126285,0.0,0.0
193,Li-Ion,240,0.0,0.0,0.0,0.0
193,H2,240,56.920998245126285,56.920998245126285,0.0,0.0
194,Li-Ion,241,0.0,0.0,0.0,0.0
194,H2,241,56.920998245126285,56.920998245126285,0.0,0.0
195,Li-Ion,242,0.0,0.0,0.0,0.0
195,H2,242,56.920998245126285,56.920998245126285,0.0,0.0
196,Li-Ion,243,0.0,0.0,0.0,0.0
196,H2,243,56.920998245126285,56.920998245126285,0.0,0.0
197,Li-Ion,244,0.0,0.0,0.0,0.0
197,H2,244,56.920998245126285,56.920998245126285,0.0,0.0
198,Li-Ion,245,0.0,0.0,0.0,0.0
198,H2,245,56.920998245126285,56.920998245126285,0.0,0.0
199,Li-Ion,246,0.0,0.0,0.0,0.0
199,H2,246,56.920998245126285,56.920998245126285,0.0,0.0
200,Li-Ion,247,0.0,0.0,0.0,0.0
200,H2,247,56.920998245126285,56.920998245126285,0.0,0.0
201,Li-Ion,248,0.0,0.0,0.0,0.0
201,H2,248,56.920998245126285,56.920998245126285,0.0,0.0
202,Li-Ion,249,0.0,0.0,0.0,0.0
202,H2,249,56.920998245126285,56.920998245126285,0.0,0.0
203,Li-Ion,250,0.0,0.0,0.0,0.0
203,H2,250,56.920998245126285,56.920998245126285,0.0,0.0
204,Li-Ion,251,0.0,0.0,0.0,0.0
204,H2,251,56.920998245126285,56.920998245126285,0.0,0.0
205,Li-Ion,252,0.0,0.0,0.0,0.0
205,H2,252,56.920998245126285,56.920998245126285,0.0,0.0
206,Li-Ion,253,0.0,0.0,0.0,0.0
206,H2,253,56.920998245126285,80.67026575569814,0.0,0.0
207,Li-Ion,254,0.0,0.0,0.0,0.0
207,H2,254,56.920998245126285,86.72445947060025,0.0,0.0
208,Li-Ion,255,0.0,0.0,0.0,0.0
208,H2,255,56.920998245126285,83.47709211860573,0.0,0.0
209,Li-Ion,256,0.0,0.0,0.0,0.0
209,H2,256,56.920998245126285,82.35657554454784,0.0,0.0
210,Li-Ion,257,0.0,0.0,0.0,0.0
210,H2,257,56.920998245126285,79.38393729646802,0.0,0.0
211,Li-Ion,258,0.0,0.0,0.0,0.0
211,H2,258,56.920998245126285,74.16897300947156,0.0,0.0
212,Li-Ion,259,0.0,0.0,0.0,0.0
212,H2,259,56.920998245126285,70.24173765740795,0.0,0.0
213,Li-Ion,260,0.0,0.0,0.0,0.0
213,H2,260,56.920998245126285,67.3044886344282,0.0,0.0
214,Li-Ion,261,0.0,0.0,0.0,0.0
214,H2,261,56.920998245126285,64.47990230201376,0.0,0.0
215,Li-Ion,262,0.0,0.0,0.0,0.0
215,H2,262,56.920998245126285,63.76999444163317,0.0,0.0
216,Li-Ion,263,0.0,0.0,0.0,0.0
216,H2,263,56.920998245126285,66.08576534085991,0.0,0.0
217,Li-Ion,264,0.0,0.0,0.0,0.0
217,H2,264,56.920998245126285,74.43763319407843,0.0,0.0
218,Li-Ion,265,0.0,0.0,0.0,0.0
218,H2,265,56.920998245126285,77.55051110945801,0.0,0.0
219,Li-Ion,266,0.0,0.0,0.0,0.0
219,H2,266,56.920998245126285,78.59511370286269,0.0,0.0
220,Li-Ion,267,0.0,0.0,0.0,0.0
220,H2,267,56.920998245126285,80.62741234977474,0.0,0.0
221,Li-Ion,268,0.0,0.0,0.0,0.0
221,H2,268,56.920998245126285,88.56596777751196,0.0,0.0
222,Li-Ion,269,0.0,0.0,0.0,0.0
222,H2,269,56.920998245126285,91.83996669025697,0.0,0.0
223,Li-Ion,270,0.0,0.0,0.0,0.0
223,H2,270,56.920998245126285,93.79745391836684,0.0,0.0
224,Li-Ion,271,0.0,0.0,0.0,0.0
224,H2,271,56.920998245126285,94.9336822280612,0.0,0.0
225,Li-Ion,272,0.0,0.0,0.0,0.0
225,H2,272,56.920998245126285,91.49204628173395,0.0,0.0
226,Li-Ion,273,0.0,0.0,0.0,0.0
226,H2,273,56.920998245126285,87.05129179762532,0.0,0.0
227,Li-Ion,274,0.0,0.0,0.0,0.0
227,H2,274,56.920998245126285,81.1332165461824,0.0,0.0
228,Li-Ion,275,0.0,0.0,0.0,0.0
228,H2,275,56.920998245126285,82.70959974073543,0.0,0.0
229,Li-Ion,276,0.0,0.0,0.0,0.0
229,H2,276,56.920998245126285,86.59313834162668,0.0,0.0
230,Li-Ion,277,0.0,0.0,0.0,0.0
230,H2,277,56.920998245126285,89.96959790816463,0.0,0.0
231,Li-Ion,278,0.0,0.0,0.0,0.0
231,H2,278,56.920998245126285,90.73466000092873,0.0,0.0
232,Li-Ion,279,0.0,0.0,0.0,0.0
232,H2,279,56.920998245126285,95.2227412293445,0.0,0.0
233,Li-Ion,280,0.0,0.0,0.0,0.0
233,H2,280,56.920998245126285,95.88624286082347,0.0,0.0
234,Li-Ion,281,0.0,0.0,0.0,0.0
234,H2,281,56.920998245126285,100.60216563722567,0.0,0.0
235,Li-Ion,282,0.0,0.0,0.0,0.0
235,H2,282,56.920998245126285,100.79999910124026,0.0,0.0
236,Li-Ion,283,0.0,0.0,0.0,0.0
236,H2,283,56.920998245126285,103.60907860164072,0.0,0.0
237,Li-Ion,284,0.0,0.0,0.0,0.0
237,H2,284,56.920998245126285,102.67967720769876,0.0,0.0
238,Li-Ion,285,0.0,0.0,0.0,0.0
238,H2,285,56.920998245126285,108.9929901586668,0.0,0.0
239,Li-Ion,286,0.0,0.0,0.0,0.0
239,H2,286,56.920998245126285,108.9268096097513,0.0,0.0
240,Li-Ion,287,0.0,0.0,0.0,0.0
240,H2,287,56.920998245126285,110.68623592175851,0.0,0.0
241,Li-Ion,288,0.0,0.0,0.0,0.0
241,H2,288,56.920998245126285,108.83999568186485,0.0,0.0
242,Li-Ion,289,0.0,0.0,0.0,0.0
242,H2,289,56.920998245126285,104.55708749443895,0.0,0.0
243,Li-Ion,290,0.0,0.0,0.0,0.0
243,H2,290,56.920998245126285,99.0668635164997,0.0,0.0
244,Li-Ion,291,0.0,0.0,0.0,0.0
244,H2,291,56.920998245126285,100.52551003419869,0.0,0.0
245,Li-Ion,292,0.0,0.0,0.0,0.0
245,H2,292,56.920998245126285,98.52636213279085,0.0,0.0
246,Li-Ion,293,0.0,0.0,0.0,0.0
246,H2,293,56.920998245126285,96.55735552697969,0.0,0.0
247,Li-Ion,294,0.0,0.0,0.0,0.0
247,H2,294,56.920998245126285,98.01687079588211,0.0,0.0
248,Li-Ion,295,0.0,0.0,0.0,0.0
248,H2,295,56.920998245126285,94.05528804563455,0.0,0.0
249,Li-Ion,296,0.0,0.0,0.0,0.0
249,H2,296,56.920998245126285,89.64708362128998,0.0,0.0
250,Li-Ion,297,0.0,0.0,0.0,0.0
250,H2,297,56.920998245126285,86.43370343992342,0.0,0.0
251,Li-Ion,298,0.0,0.0,0.0,0.0
251,H2,298,56.920998245126285,86.81254177292348,0.0,0.0
252,Li-Ion,299,0.0,0.0,0.0,0.0
252,H2,299,56.920998245126285,94.66797141759906,0.0,0.0
253,Li-Ion,300,0.0,0.0,0.0,0.0
253,H2,300,56.920998245126285,100.42286464602387,0.0,0.0
254,Li-Ion,301,0.0,0.0,0.0,0.0
254,H2,301,56.920998245126285,106.52684501957025,0.0,0.0
255,Li-Ion,302,0.0,0.0,0.0,0.0
255,H2,302,56.920998245126285,109.96638615160983,0.0,0.0
256,Li-Ion,303,0.0,0.0,0.0,0.0
256,H2,303,56.920998245126285,111.13527784737401,0.0,0.0
257,Li-Ion,304,0.0,0.0,0.0,0.0
257,H2,304,56.920998245126285,106.4138055054365,0.0,0.0
258,Li-Ion,305,0.0,0.0,0.0,0.0
258,H2,305,56.920998245126285,96.37761192976417,0.0,0.0
259,Li-Ion,306,0.0,0.0,0.0,0.0
259,H2,306,56.920998245126285,86.26103785904955,0.0,0.0
260,Li-Ion,307,0.0,0.0,0.0,0.0
260,H2,307,56.920998245126285,81.21887235361346,0.0,0.0
261,Li-Ion,308,0.0,0.0,0.0,0.0
261,H2,308,56.920998245126285,74.28578886384254,0.0,0.0
262,Li-Ion,309,0.0,0.0,0.0,0.0
262,H2,309,56.920998245126285,69.71406981407243,0.0,0.0
263,Li-Ion,310,0.0,0.0,0.0,0.0
263,H2,310,56.920998245126285,68.98573627725743,0.0,0.0
264,Li-Ion,311,0.0,0.0,0.0,0.0
264,H2,311,56.920998245126285,69.12206392662046,0.0,0.0
265,Li-Ion,312,0.0,0.0,0.0,0.0
265,H2,312,56.920998245126285,68.37834756438639,0.0,0.0
266,Li-Ion,313,0.0,0.0,0.0,0.0
266,H2,313,56.920998245126285,66.63656180428887,0.0,0.0
267,Li-Ion,314,0.0,0.0,0.0,0.0
267,H2,314,56.920998245126285,62.49092660396576,0.0,0.0
268,Li-Ion,315,0.0,0.0,0.0,0.0
268,H2,315,56.920998245126285,60.56620168687044,0.0,0.0
269,Li-Ion,316,0.0,0.0,0.0,0.0
269,H2,316,56.920998245126285,58.723153246931844,0.0,0.0
270,Li-Ion,317,0.0,0.0,0.0,0.0
270,H2,317,56.920998245126285,56.92099824512621,0.0,0.0
271,Li-Ion,318,0.0,0.0,0.0,0.0
271,H2,318,56.920998245126285,56.92099824512624,0.0,0.0
272,Li-Ion,319,0.0,0.0,0.0,0.0
272,H2,319,56.920998245126285,56.920998245126256,0.0,0.0
273,Li-Ion,320,0.0,0.0,0.0,0.0
273,H2,320,56.920998245126285,56.920998245126285,0.0,0.0
274,Li-Ion,321,0.0,0.0,0.0,0.0
274,H2,321,56.920998245126285,56.920998245126285,0.0,0.0
275,Li-Ion,322,0.0,0.0,0.0,0.0
275,H2,322,56.920998245126285,56.920998245126285,0.0,0.0
276,Li-Ion,323,0.0,0.0,0.0,0.0
276,H2,323,56.920998245126285,56.920998245126285,0.0,0.0
277,Li-Ion,324,0.0,0.0,0.0,0.0
277,H2,324,56.920998245126285,53.59203366459514,3.3289645805311423,3328.9645805311425
278,Li-Ion,325,0.0,0.0,0.0,0.0
278,H2,325,56.920998245126285,49.63750922637384,7.283489018752448,7283.489018752448
279,Li-Ion,326,0.0,0.0,0.0,0.0
279,H2,326,56.920998245126285,53.77535299108416,3.1456452540420687,3145.6452540420687
280,Li-Ion,327,0.0,4.412404559513875,0.0,0.0
280,H2,327,56.920998245126285,51.380923848731555,5.540074396394678,5540.074396394678
281,Li-Ion,328,0.0,0.0,0.0,0.0
281,H2,328,56.920998245126285,56.92099824512624,0.0,0.0
282,Li-Ion,329,0.0,0.0,0.0,0.0
282,H2,329,56.920998245126285,56.92099824512627,0.0,0.0
283,Li-Ion,330,0.0,0.0,0.0,0.0
283,H2,330,56.920998245126285,56.920998245126285,0.0,0.0
284,Li-Ion,331,0.0,0.0,0.0,0.0
284,H2,331,56.920998245126285,56.920998245126285,0.0,0.0
285,Li-Ion,332,0.0,0.0,0.0,0.0
285,H2,332,56.920998245126285,56.920998245126285,0.0,0.0
286,Li-Ion,333,0.0,0.0,0.0,0.0
286,H2,333,56.920998245126285,56.920998245126285,0.0,0.0
287,Li-Ion,334,0.0,0.0,0.0,0.0
287,H2,334,56.920998245126285,56.920998245126285,0.0,0.0
288,Li-Ion,335,0.0,0.0,0.0,0.0
288,H2,335,56.920998245126285,56.920998245126285,0.0,0.0
289,Li-Ion,336,0.0,0.0,0.0,0.0
289,H2,336,56.920998245126285,56.920998245126285,0.0,0.0
290,Li-Ion,337,0.0,0.0,0.0,0.0
290,H2,337,56.920998245126285,56.920998245126285,0.0,0.0
291,Li-Ion,338,0.0,0.0,0.0,0.0
291,H2,338,56.920998245126285,56.920998245126285,0.0,0.0
292,Li-Ion,339,0.0,0.0,0.0,0.0
292,H2,339,56.920998245126285,56.920998245126285,0.0,0.0
293,Li-Ion,340,0.0,0.0,0.0,0.0
293,H2,340,56.920998245126285,56.920998245126285,0.0,0.0
294,Li-Ion,341,0.0,0.0,0.0,0.0
294,H2,341,56.920998245126285,56.920998245126285,0.0,0.0
295,Li-Ion,342,0.0,0.0,0.0,0.0
295,H2,342,56.920998245126285,56.920998245126285,0.0,0.0
296,Li-Ion,343,0.0,0.0,0.0,0.0
296,H2,343,56.920998245126285,56.920998245126285,0.0,0.0
297,Li-Ion,344,0.0,0.0,0.0,0.0
297,H2,344,56.920998245126285,56.920998245126285,0.0,0.0
298,Li-Ion,345,0.0,0.0,0.0,0.0
298,H2,345,56.920998245126285,56.920998245126285,0.0,0.0
299,Li-Ion,346,0.0,0.0,0.0,0.0
299,H2,346,56.920998245126285,56.920998245126285,0.0,0.0
300,Li-Ion,347,0.0,0.0,0.0,0.0
300,H2,347,56.920998245126285,56.920998245126285,0.0,0.0
301,Li-Ion,348,0.0,0.0,0.0,0.0
301,H2,348,56.920998245126285,56.920998245126285,0.0,0.0
302,Li-Ion,349,0.0,0.0,0.0,0.0
302,H2,349,56.920998245126285,56.920998245126285,0.0,0.0
303,Li-Ion,350,0.0,0.0,0.0,0.0
303,H2,350,56.920998245126285,56.920998245126285,0.0,0.0
304,Li-Ion,351,0.0,0.0,0.0,0.0
304,H2,351,56.920998245126285,56.920998245126285,0.0,0.0
305,Li-Ion,352,0.0,0.0,0.0,0.0
305,H2,352,56.920998245126285,56.920998245126285,0.0,0.0
306,Li-Ion,353,0.0,0.0,0.0,0.0
306,H2,353,56.920998245126285,56.89946733968282,0.0215309054434627,21.5309054434627
307,Li-Ion,354,0.0,0.0,0.0,0.0
307,H2,354,56.920998245126285,54.517942862768614,2.403055382357671,2403.055382357671
308,Li-Ion,355,0.0,0.0,0.0,0.0
308,H2,355,56.920998245126285,51.771679225517,5.149319019609287,5149.319019609286
309,Li-Ion,356,0.0,0.0,0.0,0.0
309,H2,356,56.920998245126285,49.52135843602332,7.399639809102965,7399.639809102965
310,Li-Ion,357,0.0,0.0,0.0,0.0
310,H2,357,56.920998245126285,47.00670966016746,9.914288584958825,9914.288584958826
311,Li-Ion,358,0.0,0.0,0.0,0.0
311,H2,358,56.920998245126285,44.763050408236374,12.15794783688991,12157.94783688991
312,Li-Ion,359,0.0,0.0,0.0,0.0
312,H2,359,56.920998245126285,42.32453661329928,14.596461631827005,14596.461631827005
313,Li-Ion,360,0.0,0.0,0.0,0.0
313,H2,360,56.920998245126285,37.66021126071014,19.260786984416143,19260.786984416143
314,Li-Ion,361,0.0,0.0,0.0,0.0
314,H2,361,56.920998245126285,33.26101759909326,23.659980646033027,23659.980646033026
315,Li-Ion,362,0.0,0.0,0.0,0.0
315,H2,362,56.920998245126285,29.477684417856103,27.44331382727018,27443.31382727018
316,Li-Ion,363,0.0,0.0,0.0,0.0
316,H2,363,56.920998245126285,25.55763167231257,31.363366572813714,31363.366572813713
317,Li-Ion,364,0.0,0.0,0.0,0.0
317,H2,364,56.920998245126285,19.70446170480871,37.21653654031758,37216.536540317575
318,Li-Ion,365,0.0,0.0,0.0,0.0
318,H2,365,56.920998245126285,14.880453564016541,42.04054468110974,42040.54468110974
319,Li-Ion,366,0.0,0.0,0.0,0.0
319,H2,366,56.920998245126285,9.873694542647533,47.04730370247875,47047.30370247875
320,Li-Ion,367,0.0,0.0,0.0,0.0
320,H2,367,56.920998245126285,5.36983110377967,51.55116714134662,51551.16714134662
321,Li-Ion,368,0.0,0.0,0.0,0.0
321,H2,368,56.920998245126285,0.9209203212154078,56.00007792391088,56000.07792391088
322,Li-Ion,369,0.0,0.0,0.0,0.0
322,H2,369,56.920998245126285,0.0,56.920998245126285,56920.998245126284
323,Li-Ion,370,0.0,0.0,0.0,0.0
323,H2,370,56.920998245126285,0.0,56.920998245126285,56920.998245126284
324,Li-Ion,371,0.0,0.0,0.0,0.0
324,H2,371,56.920998245126285,2.970335475802427,53.950662769323856,53950.662769323855
325,Li-Ion,372,0.0,0.0,0.0,0.0
325,H2,372,56.920998245126285,6.570778328563755,50.35021991656253,50350.21991656253
326,Li-Ion,373,0.0,4.412404559513875,0.0,0.0
326,H2,373,56.920998245126285,14.431867181424442,42.48913106370185,42489.13106370185
327,Li-Ion,374,0.0,0.0,0.0,0.0
327,H2,374,56.920998245126285,18.718505312776323,38.20249293234996,38202.49293234996
328,Li-Ion,375,0.0,0.0,0.0,0.0
328,H2,375,56.920998245126285,24.339307710960917,32.58169053416537,32581.69053416537
329,Li-Ion,376,0.0,0.0,0.0,0.0
329,H2,376,56.920998245126285,22.82902391998687,34.09197432513942,34091.97432513942
330,Li-Ion,377,0.0,0.0,0.0,0.0
330,H2,377,56.920998245126285,24.248183745285676,32.67281449984061,32672.814499840613
331,Li-Ion,378,0.0,0.0,0.0,0.0
331,H2,378,56.920998245126285,21.095805533905065,35.82519271122122,35825.19271122122
332,Li-Ion,379,0.0,0.0,0.0,0.0
332,H2,379,56.920998245126285,19.35638443044037,37.56461381468591,37564.613814685916
333,Li-Ion,380,0.0,0.0,0.0,0.0
333,H2,380,56.920998245126285,18.49611954549975,38.42487869962653,38424.87869962653
334,Li-Ion,381,0.0,0.0,0.0,0.0
334,H2,381,56.920998245126285,18.356997966621428,38.56400027850486,38564.00027850486
335,Li-Ion,382,0.0,0.0,0.0,0.0
335,H2,382,56.920998245126285,18.908281632983563,38.012716612142725,38012.71661214272
336,Li-Ion,383,0.0,0.0,0.0,0.0
336,H2,383,56.920998245126285,19.84141162202609,37.0795866231002,37079.5866231002
337,Li-Ion,384,0.0,0.0,0.0,0.0
337,H2,384,56.920998245126285,20.74463330411542,36.17636494101086,36176.36494101086
338,Li-Ion,385,0.0,0.0,0.0,0.0
338,H2,385,56.920998245126285,20.848897765024915,36.07210048010137,36072.10048010137
339,Li-Ion,386,0.0,0.0,0.0,0.0
339,H2,386,56.920998245126285,21.738284772655884,35.1827134724704,35182.713472470394
340,Li-Ion,387,0.0,0.0,0.0,0.0
340,H2,387,56.920998245126285,24.188931363297602,32.732066881828686,32732.066881828687
341,Li-Ion,388,0.0,0.0,0.0,0.0
341,H2,388,56.920998245126285,24.786825417446522,32.13417282767976,32134.172827679762
342,Li-Ion,389,0.0,0.0,0.0,0.0
342,H2,389,56.920998245126285,24.808953203867333,32.11204504125895,32112.045041258953
343,Li-Ion,390,0.0,0.0,0.0,0.0
343,H2,390,56.920998245126285,23.208235683712978,33.71276256141331,33712.76256141331
344,Li-Ion,391,0.0,0.0,0.0,0.0
344,H2,391,56.920998245126285,21.16476255889554,35.756235686230745,35756.23568623074
345,Li-Ion,392,0.0,0.0,0.0,0.0
345,H2,392,56.920998245126285,18.779028515790305,38.14196972933598,38141.969729335986
346,Li-Ion,393,0.0,0.0,0.0,0.0
346,H2,393,56.920998245126285,13.887158900781142,43.03383934434514,43033.83934434514
347,Li-Ion,394,0.0,0.0,0.0,0.0
347,H2,394,56.920998245126285,13.65280329395547,43.26819495117081,43268.194951170815
348,Li-Ion,395,0.0,0.0,0.0,0.0
348,H2,395,56.920998245126285,24.0562544626487,32.86474378247759,32864.74378247759
349,Li-Ion,396,0.0,0.0,0.0,0.0
349,H2,396,56.920998245126285,24.76848161093779,32.152516634188494,32152.516634188494
350,Li-Ion,397,0.0,4.412404559513875,0.0,0.0
350,H2,397,56.920998245126285,29.05511974228969,27.865878502836594,27865.878502836593
351,Li-Ion,398,0.0,9.770324381780721,0.0,0.0
351,H2,398,56.920998245126285,31.803818828624856,25.117179416501425,25117.179416501425
352,Li-Ion,399,0.0,15.128244204047569,0.0,0.0
352,H2,399,56.920998245126285,31.259655567262286,25.661342677864,25661.342677864
353,Li-Ion,400,0.0,9.770324381780721,0.0,0.0
353,H2,400,56.920998245126285,32.04088338236966,24.880114862756628,24880.11486275663
354,Li-Ion,401,0.0,0.0,0.0,0.0
354,H2,401,56.920998245126285,35.050077470507354,21.87092077461893,21870.92077461893
355,Li-Ion,402,0.0,0.0,0.0,0.0
355,H2,402,56.920998245126285,36.60367676947607,20.317321475650218,20317.321475650217
356,Li-Ion,403,0.0,0.0,0.0,0.0
356,H2,403,56.920998245126285,34.688165600634235,22.23283264449205,22232.83264449205
357,Li-Ion,404,0.0,0.0,0.0,0.0
357,H2,404,56.920998245126285,29.299843622606687,27.621154622519597,27621.154622519596
358,Li-Ion,405,0.0,0.0,0.0,0.0
358,H2,405,56.920998245126285,23.225800033834197,33.69519821129209,33695.19821129209
359,Li-Ion,406,0.0,0.0,0.0,0.0
359,H2,406,56.920998245126285,18.9400873553991,37.980910889727184,37980.91088972719
360,Li-Ion,407,0.0,0.0,0.0,0.0
360,H2,407,56.920998245126285,17.063446957253475,39.85755128787281,39857.55128787281
361,Li-Ion,408,0.0,0.0,0.0,0.0
361,H2,408,56.920998245126285,17.24012515254663,39.68087309257966,39680.87309257966
362,Li-Ion,409,0.0,0.0,0.0,0.0
362,H2,409,56.920998245126285,17.839261352427304,39.081736892698984,39081.73689269899
363,Li-Ion,410,0.0,0.0,0.0,0.0
363,H2,410,56.920998245126285,18.122969044926204,38.79802920020008,38798.02920020008
364,Li-Ion,411,0.0,0.0,0.0,0.0
364,H2,411,56.920998245126285,17.29575327439922,39.62524497072707,39625.244970727064
365,Li-Ion,412,0.0,0.0,0.0,0.0
365,H2,412,56.920998245126285,13.872364517395086,43.0486337277312,43048.6337277312
366,Li-Ion,413,0.0,0.0,0.0,0.0
366,H2,413,56.920998245126285,10.121745098552378,46.7992531465739,46799.2531465739
367,Li-Ion,414,0.0,0.0,0.0,0.0
367,H2,414,56.920998245126285,6.272810467255036,50.64818777787125,50648.18777787125
368,Li-Ion,415,0.0,0.0,0.0,0.0
368,H2,415,56.920998245126285,2.0465054313815036,54.87449281374478,54874.49281374478
369,Li-Ion,416,0.0,0.0,0.0,0.0
369,H2,416,56.920998245126285,0.0,56.920998245126285,56920.998245126284
370,Li-Ion,417,0.0,0.0,0.0,0.0
370,H2,417,56.920998245126285,0.0,56.920998245126285,56920.998245126284
371,Li-Ion,418,0.0,0.0,0.0,0.0
371,H2,418,56.920998245126285,0.0,56.920998245126285,56920.998245126284
372,Li-Ion,419,0.0,0.0,0.0,0.0
372,H2,419,56.920998245126285,0.6885207012100472,56.23247754391624,56232.47754391624
373,Li-Ion,420,0.0,0.0,0.0,0.0
373,H2,420,56.920998245126285,4.244068662612436,52.67692958251385,52676.92958251385
374,Li-Ion,421,0.0,0.0,0.0,0.0
374,H2,421,56.920998245126285,8.530706793964324,48.39029145116196,48390.29145116196
375,Li-Ion,422,0.0,0.0,0.0,0.0
375,H2,422,56.920998245126285,12.817344925316212,44.10365331981007,44103.65331981007
376,Li-Ion,423,0.0,0.0,0.0,0.0
376,H2,423,56.920998245126285,17.1039830566681,39.817015188458186,39817.01518845819
377,Li-Ion,424,0.0,0.0,0.0,0.0
377,H2,424,56.920998245126285,21.19620769348159,35.724790551644695,35724.79055164469
378,Li-Ion,425,0.0,0.0,0.0,0.0
378,H2,425,56.920998245126285,23.584099483857678,33.33689876126861,33336.89876126861
379,Li-Ion,426,0.0,0.0,0.0,0.0
379,H2,426,56.920998245126285,23.91838569500364,33.00261255012265,33002.61255012265
380,Li-Ion,427,0.0,0.0,0.0,0.0
380,H2,427,56.920998245126285,23.468336802719364,33.45266144240692,33452.66144240692
381,Li-Ion,428,0.0,0.0,0.0,0.0
381,H2,428,56.920998245126285,22.048188004738353,34.872810240387935,34872.81024038793
382,Li-Ion,429,0.0,0.0,0.0,0.0
382,H2,429,56.920998245126285,20.80472136819587,36.116276876930414,36116.27687693042
383,Li-Ion,430,0.0,0.0,0.0,0.0
383,H2,430,56.920998245126285,19.16943634733062,37.75156189779567,37751.56189779567
384,Li-Ion,431,0.0,0.0,0.0,0.0
384,H2,431,56.920998245126285,20.117779220912322,36.80321902421396,36803.21902421396
385,Li-Ion,432,0.0,0.0,0.0,0.0
385,H2,432,56.920998245126285,21.05318132501301,35.86781692011327,35867.81692011327
386,Li-Ion,433,0.0,0.0,0.0,0.0
386,H2,433,56.920998245126285,19.601235413330876,37.31976283179541,37319.76283179541
387,Li-Ion,434,0.0,0.0,0.0,0.0
387,H2,434,56.920998245126285,18.049002608550133,38.87199563657615,38871.99563657615
388,Li-Ion,435,0.0,0.0,0.0,0.0
388,H2,435,56.920998245126285,16.67405973722868,40.2469385078976,40246.938507897605
389,Li-Ion,436,0.0,0.0,0.0,0.0
389,H2,436,56.920998245126285,15.737237927753583,41.1837603173727,41183.760317372704
390,Li-Ion,437,0.0,0.0,0.0,0.0
390,H2,437,56.920998245126285,15.129129032488521,41.791869212637764,41791.869212637765
391,Li-Ion,438,0.0,0.0,0.0,0.0
391,H2,438,56.920998245126285,15.109107288123178,41.81189095700311,41811.89095700311
392,Li-Ion,439,0.0,0.0,0.0,0.0
392,H2,439,56.920998245126285,14.384116162812349,42.53688208231394,42536.88208231394
393,Li-Ion,440,0.0,0.0,0.0,0.0
393,H2,440,56.920998245126285,13.907384406318787,43.0136138388075,43013.6138388075
394,Li-Ion,441,0.0,0.0,0.0,0.0
394,H2,441,56.920998245126285,13.167012156169612,43.75398608895667,43753.98608895667
395,Li-Ion,442,0.0,0.0,0.0,0.0
395,H2,442,56.920998245126285,12.914205439052143,44.006792806074145,44006.79280607415
396,Li-Ion,443,0.0,0.0,0.0,0.0
396,H2,443,56.920998245126285,18.29066210283297,38.63033614229332,38630.336142293316
397,Li-Ion,444,0.0,0.0,0.0,0.0
397,H2,444,56.920998245126285,22.697254948085536,34.22374329704075,34223.743297040746
398,Li-Ion,445,0.0,0.0,0.0,0.0
398,H2,445,56.920998245126285,25.398012773677834,31.52298547144845,31522.98547144845
399,Li-Ion,446,0.0,0.0,0.0,0.0
399,H2,446,56.920998245126285,26.997761473354608,29.923236771771677,29923.236771771677
400,Li-Ion,447,0.0,0.0,0.0,0.0
400,H2,447,56.920998245126285,27.37775656476665,29.543241680359635,29543.241680359635
401,Li-Ion,448,0.0,0.0,0.0,0.0
401,H2,448,56.920998245126285,27.98197247020198,28.939025774924303,28939.025774924303
402,Li-Ion,449,0.0,5.592950091469688,0.0,0.0
402,H2,449,56.920998245126285,29.84616441716878,27.074833827957505,27074.833827957504
403,Li-Ion,450,0.0,0.0,0.0,0.0
403,H2,450,56.920998245126285,31.832668295980163,25.08832994914612,25088.329949146122
404,Li-Ion,451,0.0,0.0,0.0,0.0
404,H2,451,56.920998245126285,32.27946627164799,24.641531973478294,24641.531973478293
405,Li-Ion,452,0.0,0.0,0.0,0.0
405,H2,452,56.920998245126285,32.743552586147864,24.17744565897842,24177.44565897842
406,Li-Ion,453,0.0,0.0,0.0,0.0
406,H2,453,56.920998245126285,36.92587134181987,19.995126903306414,19995.126903306413
407,Li-Ion,454,0.0,0.0,0.0,0.0
407,H2,454,56.920998245126285,41.21250947317176,15.708488771954528,15708.488771954528
408,Li-Ion,455,0.0,0.0,0.0,0.0
408,H2,455,56.920998245126285,44.71297946200916,12.208018783117126,12208.018783117126
409,Li-Ion,456,0.0,0.0,0.0,0.0
409,H2,456,56.920998245126285,48.99961759336105,7.921380651765233,7921.380651765233
410,Li-Ion,457,0.0,0.0,0.0,0.0
410,H2,457,56.920998245126285,53.43294586165472,3.4880523834715618,3488.052383471562
411,Li-Ion,458,0.0,0.0,0.0,0.0
411,H2,458,56.920998245126285,56.920998245126285,0.0,0.0
412,Li-Ion,459,0.0,4.412404559513875,0.0,0.0
412,H2,459,56.920998245126285,56.920998245126285,0.0,0.0
413,Li-Ion,460,0.0,9.770324381780721,0.0,0.0
413,H2,460,56.920998245126285,56.920998245126285,0.0,0.0
414,Li-Ion,461,0.0,15.128244204047569,0.0,0.0
414,H2,461,56.920998245126285,56.920998245126285,0.0,0.0
415,Li-Ion,462,0.0,20.486164026314416,0.0,0.0
415,H2,462,56.920998245126285,56.920998245126285,0.0,0.0
416,Li-Ion,463,0.0,0.0,0.0,0.0
416,H2,463,56.920998245126285,56.920998245126285,0.0,0.0
417,Li-Ion,464,0.0,0.0,0.0,0.0
417,H2,464,56.920998245126285,56.920998245126285,0.0,0.0
418,Li-Ion,465,0.0,0.0,0.0,0.0
418,H2,465,56.920998245126285,56.920998245126285,0.0,0.0
419,Li-Ion,466,0.0,0.0,0.0,0.0
419,H2,466,56.920998245126285,56.920998245126285,0.0,0.0
420,Li-Ion,467,0.0,0.0,0.0,0.0
420,H2,467,56.920998245126285,56.920998245126285,0.0,0.0
421,Li-Ion,468,0.0,4.412404559513875,0.0,0.0
421,H2,468,56.920998245126285,56.920998245126285,0.0,0.0
422,Li-Ion,469,0.0,9.770324381780721,0.0,0.0
422,H2,469,56.920998245126285,56.92099824512628,0.0,0.0
423,Li-Ion,470,0.0,15.128244204047569,0.0,0.0
423,H2,470,56.920998245126285,56.920998245126285,0.0,0.0
424,Li-Ion,471,0.0,20.486164026314416,0.0,0.0
424,H2,471,56.920998245126285,56.920998245126285,0.0,0.0
425,Li-Ion,472,0.0,21.539204737247026,0.0,0.0
425,H2,472,56.920998245126285,56.920998245126285,0.0,0.0
426,Li-Ion,473,0.0,0.0,0.0,0.0
426,H2,473,56.920998245126285,56.920998245126285,0.0,0.0
427,Li-Ion,474,0.0,0.0,0.0,0.0
427,H2,474,56.920998245126285,56.920998245126285,0.0,0.0
428,Li-Ion,475,0.0,0.0,0.0,0.0
428,H2,475,56.920998245126285,56.920998245126285,0.0,0.0
429,Li-Ion,476,0.0,0.0,0.0,0.0
429,H2,476,56.920998245126285,56.920998245126285,0.0,0.0
430,Li-Ion,477,0.0,0.0,0.0,0.0
430,H2,477,56.920998245126285,56.920998245126285,0.0,0.0
431,Li-Ion,478,0.0,0.0,0.0,0.0
431,H2,478,56.920998245126285,56.920998245126285,0.0,0.0
432,Li-Ion,479,0.0,0.0,0.0,0.0
432,H2,479,56.920998245126285,56.920998245126285,0.0,0.0
433,Li-Ion,480,0.0,0.0,0.0,0.0
433,H2,480,56.920998245126285,56.920998245126285,0.0,0.0
434,Li-Ion,481,0.0,0.0,0.0,0.0
434,H2,481,56.920998245126285,56.920998245126285,0.0,0.0
435,Li-Ion,482,0.0,0.0,0.0,0.0
435,H2,482,56.920998245126285,56.920998245126285,0.0,0.0
436,Li-Ion,483,0.0,0.0,0.0,0.0
436,H2,483,56.920998245126285,56.920998245126285,0.0,0.0
437,Li-Ion,484,0.0,0.0,0.0,0.0
437,H2,484,56.920998245126285,56.920998245126285,0.0,0.0
438,Li-Ion,485,0.0,0.0,0.0,0.0
438,H2,485,56.920998245126285,56.920998245126285,0.0,0.0
439,Li-Ion,486,0.0,0.0,0.0,0.0
439,H2,486,56.920998245126285,56.920998245126285,0.0,0.0
440,Li-Ion,487,0.0,0.0,0.0,0.0
440,H2,487,56.920998245126285,56.920998245126285,0.0,0.0
441,Li-Ion,488,0.0,0.0,0.0,0.0
441,H2,488,56.920998245126285,56.920998245126285,0.0,0.0
442,Li-Ion,489,0.0,0.0,0.0,0.0
442,H2,489,56.920998245126285,50.842357405909354,6.078640839216931,6078.6408392169305
443,Li-Ion,490,0.0,0.0,0.0,0.0
443,H2,490,56.920998245126285,44.600362830724265,12.32063541440202,12320.635414402019
444,Li-Ion,491,0.0,0.0,0.0,0.0
444,H2,491,56.920998245126285,37.04133266249052,19.879665582635766,19879.665582635767
445,Li-Ion,492,0.0,0.0,0.0,0.0
445,H2,492,56.920998245126285,31.623997412085018,25.297000833041267,25297.000833041267
446,Li-Ion,493,0.0,0.0,0.0,0.0
446,H2,493,56.920998245126285,27.38500575842793,29.535992486698355,29535.992486698357
447,Li-Ion,494,0.0,0.0,0.0,0.0
447,H2,494,56.920998245126285,25.447493215753745,31.47350502937254,31473.50502937254
448,Li-Ion,495,0.0,0.0,0.0,0.0
448,H2,495,56.920998245126285,22.813838143939492,34.10716010118679,34107.16010118679
449,Li-Ion,496,0.0,0.0,0.0,0.0
449,H2,496,56.920998245126285,16.632646091449324,40.28835215367696,40288.35215367696
450,Li-Ion,497,0.0,0.0,0.0,0.0
450,H2,497,56.920998245126285,10.72121051508385,46.19978773004243,46199.78773004243
451,Li-Ion,498,0.0,0.0,0.0,0.0
451,H2,498,56.920998245126285,6.174010413396033,50.74698783173025,50746.98783173025
452,Li-Ion,499,0.0,0.0,0.0,0.0
452,H2,499,56.920998245126285,3.8264545289401166,53.094543716186166,53094.54371618616
453,Li-Ion,500,0.0,0.0,0.0,0.0
453,H2,500,56.920998245126285,1.434897036959444,55.48610120816684,55486.101208166845
454,Li-Ion,501,0.0,0.0,0.0,0.0
454,H2,501,56.920998245126285,0.0,56.920998245126285,56920.998245126284
455,Li-Ion,502,0.0,0.0,0.0,0.0
455,H2,502,56.920998245126285,0.0,56.920998245126285,56920.998245126284
456,Li-Ion,503,0.0,0.0,0.0,0.0
456,H2,503,56.920998245126285,0.0,56.920998245126285,56920.998245126284
457,Li-Ion,504,0.0,0.0,0.0,0.0
457,H2,504,56.920998245126285,0.2956108320432608,56.625387413083025,56625.38741308302
458,Li-Ion,505,0.0,0.0,0.0,0.0
458,H2,505,56.920998245126285,1.1931137057033068,55.72788453942298,55727.88453942298
459,Li-Ion,506,0.0,0.0,0.0,0.0
459,H2,506,56.920998245126285,3.8271583418765935,53.09383990324969,53093.83990324969
460,Li-Ion,507,0.0,0.0,0.0,0.0
460,H2,507,56.920998245126285,12.661328863609828,44.25966938151646,44259.66938151646
461,Li-Ion,508,0.0,0.0,0.0,0.0
461,H2,508,56.920998245126285,23.5713552695822,33.349642975544086,33349.642975544084
462,Li-Ion,509,0.0,0.0,0.0,0.0
462,H2,509,56.920998245126285,42.29537139228916,14.625626852837122,14625.626852837122
463,Li-Ion,510,0.0,0.0,0.0,0.0
463,H2,510,56.920998245126285,52.15953368677573,4.7614645583505535,4761.4645583505535
464,Li-Ion,511,0.0,0.0,0.0,0.0
464,H2,511,56.920998245126285,56.920998245126285,0.0,0.0
465,Li-Ion,512,0.0,0.0,0.0,0.0
465,H2,512,56.920998245126285,56.920998245126285,0.0,0.0
466,Li-Ion,513,0.0,0.0,0.0,0.0
466,H2,513,56.920998245126285,56.920998245126285,0.0,0.0
467,Li-Ion,514,0.0,0.0,0.0,0.0
467,H2,514,56.920998245126285,56.920998245126285,0.0,0.0
468,Li-Ion,515,0.0,0.0,0.0,0.0
468,H2,515,56.920998245126285,56.920998245126285,0.0,0.0
469,Li-Ion,516,0.0,0.0,0.0,0.0
469,H2,516,56.920998245126285,56.920998245126285,0.0,0.0
470,Li-Ion,517,0.0,0.0,0.0,0.0
470,H2,517,56.920998245126285,56.920998245126285,0.0,0.0
471,Li-Ion,518,0.0,0.0,0.0,0.0
471,H2,518,56.920998245126285,56.920998245126285,0.0,0.0
472,Li-Ion,519,0.0,0.0,0.0,0.0
472,H2,519,56.920998245126285,56.920998245126285,0.0,0.0
473,Li-Ion,520,0.0,0.0,0.0,0.0
473,H2,520,56.920998245126285,56.920998245126285,0.0,0.0
474,Li-Ion,521,0.0,0.0,0.0,0.0
474,H2,521,56.920998245126285,56.920998245126285,0.0,0.0
475,Li-Ion,522,0.0,0.0,0.0,0.0
475,H2,522,56.920998245126285,56.920998245126285,0.0,0.0
476,Li-Ion,523,0.0,0.0,0.0,0.0
476,H2,523,56.920998245126285,56.920998245126285,0.0,0.0
477,Li-Ion,524,0.0,0.0,0.0,0.0
477,H2,524,56.920998245126285,56.920998245126285,0.0,0.0
478,Li-Ion,525,0.0,0.0,0.0,0.0
478,H2,525,56.920998245126285,92.58998493042476,0.0,0.0
479,Li-Ion,526,0.0,0.0,0.0,0.0
479,H2,526,56.920998245126285,92.84037275983756,0.0,0.0
480,Li-Ion,527,0.0,0.0,0.0,0.0
480,H2,527,56.920998245126285,90.19910597304852,0.0,0.0
481,Li-Ion,528,0.0,0.0,0.0,0.0
481,H2,528,56.920998245126285,89.58849098917116,0.0,0.0
482,Li-Ion,529,0.0,0.0,0.0,0.0
482,H2,529,56.920998245126285,87.46024305723839,0.0,0.0
483,Li-Ion,530,0.0,0.0,0.0,0.0
483,H2,530,56.920998245126285,84.34036237291852,0.0,0.0
484,Li-Ion,531,0.0,0.0,0.0,0.0
484,H2,531,56.920998245126285,78.05032271467832,0.0,0.0
485,Li-Ion,532,0.0,0.0,0.0,0.0
485,H2,532,56.920998245126285,75.05225193539326,0.0,0.0
486,Li-Ion,533,0.0,0.0,0.0,0.0
486,H2,533,56.920998245126285,70.80534097870651,0.0,0.0
487,Li-Ion,534,0.0,0.0,0.0,0.0
487,H2,534,56.920998245126285,66.7647453971451,0.0,0.0
488,Li-Ion,535,0.0,0.0,0.0,0.0
488,H2,535,56.920998245126285,62.657620517480765,0.0,0.0
489,Li-Ion,536,0.0,0.0,0.0,0.0
489,H2,536,56.920998245126285,56.920998245126285,0.0,0.0
490,Li-Ion,537,0.0,0.0,0.0,0.0
490,H2,537,56.920998245126285,56.920998245126285,0.0,0.0
491,Li-Ion,538,0.0,0.0,0.0,0.0
491,H2,538,56.920998245126285,56.920998245126285,0.0,0.0
492,Li-Ion,539,0.0,0.0,0.0,0.0
492,H2,539,56.920998245126285,56.920998245126285,0.0,0.0
493,Li-Ion,540,0.0,0.0,0.0,0.0
493,H2,540,56.920998245126285,56.920998245126285,0.0,0.0
494,Li-Ion,541,0.0,0.0,0.0,0.0
494,H2,541,56.920998245126285,56.920998245126285,0.0,0.0
495,Li-Ion,542,0.0,0.0,0.0,0.0
495,H2,542,56.920998245126285,56.920998245126285,0.0,0.0
496,Li-Ion,543,0.0,0.0,0.0,0.0
496,H2,543,56.920998245126285,56.920998245126285,0.0,0.0
497,Li-Ion,544,0.0,0.0,0.0,0.0
497,H2,544,56.920998245126285,56.920998245126285,0.0,0.0
498,Li-Ion,545,0.0,0.0,0.0,0.0
498,H2,545,56.920998245126285,56.920998245126285,0.0,0.0
499,Li-Ion,546,0.0,0.0,0.0,0.0
499,H2,546,56.920998245126285,56.920998245126285,0.0,0.0
500,Li-Ion,547,0.0,0.0,0.0,0.0
500,H2,547,56.920998245126285,56.920998245126285,0.0,0.0
501,Li-Ion,548,0.0,0.0,0.0,0.0
501,H2,548,56.920998245126285,56.920998245126285,0.0,0.0
502,Li-Ion,549,0.0,0.0,0.0,0.0
502,H2,549,56.920998245126285,56.920998245126285,0.0,0.0
503,Li-Ion,550,0.0,0.0,0.0,0.0
503,H2,550,56.920998245126285,56.920998245126285,0.0,0.0
504,Li-Ion,551,0.0,0.0,0.0,0.0
504,H2,551,56.920998245126285,56.920998245126285,0.0,0.0
505,Li-Ion,552,0.0,0.0,0.0,0.0
505,H2,552,56.920998245126285,56.920998245126285,0.0,0.0
506,Li-Ion,553,0.0,0.0,0.0,0.0
506,H2,553,56.920998245126285,56.920998245126285,0.0,0.0
507,Li-Ion,554,0.0,0.0,0.0,0.0
507,H2,554,56.920998245126285,56.920998245126285,0.0,0.0
508,Li-Ion,555,0.0,0.0,0.0,0.0
508,H2,555,56.920998245126285,56.920998245126285,0.0,0.0
509,Li-Ion,556,0.0,0.0,0.0,0.0
509,H2,556,56.920998245126285,56.920998245126285,0.0,0.0
510,Li-Ion,557,0.0,0.0,0.0,0.0
510,H2,557,56.920998245126285,56.920998245126285,0.0,0.0
511,Li-Ion,558,0.0,0.0,0.0,0.0
511,H2,558,56.920998245126285,56.920998245126285,0.0,0.0
512,Li-Ion,559,0.0,0.0,0.0,0.0
512,H2,559,56.920998245126285,56.920998245126285,0.0,0.0
513,Li-Ion,560,0.0,0.0,0.0,0.0
513,H2,560,56.920998245126285,56.920998245126285,0.0,0.0
514,Li-Ion,561,0.0,0.0,0.0,0.0
514,H2,561,56.920998245126285,56.920998245126285,0.0,0.0
515,Li-Ion,562,0.0,0.0,0.0,0.0
515,H2,562,56.920998245126285,56.920998245126285,0.0,0.0
516,Li-Ion,563,0.0,0.0,0.0,0.0
516,H2,563,56.920998245126285,75.33775433444919,0.0,0.0
517,Li-Ion,564,0.0,0.0,0.0,0.0
517,H2,564,56.920998245126285,78.94999368084765,0.0,0.0
518,Li-Ion,565,0.0,0.0,0.0,0.0
518,H2,565,56.920998245126285,82.88434889937221,0.0,0.0
519,Li-Ion,566,0.0,0.0,0.0,0.0
519,H2,566,56.920998245126285,90.82518243028314,0.0,0.0
520,Li-Ion,567,0.0,0.0,0.0,0.0
520,H2,567,56.920998245126285,88.65955071922025,0.0,0.0
521,Li-Ion,568,0.0,0.0,0.0,0.0
521,H2,568,56.920998245126285,83.44881462579582,0.0,0.0
522,Li-Ion,569,0.0,0.0,0.0,0.0
522,H2,569,56.920998245126285,80.84819692336814,0.0,0.0
523,Li-Ion,570,0.0,0.0,0.0,0.0
523,H2,570,56.920998245126285,84.6788913789457,0.0,0.0
524,Li-Ion,571,0.0,0.0,0.0,0.0
524,H2,571,56.920998245126285,85.93217022385059,0.0,0.0
525,Li-Ion,572,0.0,0.0,0.0,0.0
525,H2,572,56.920998245126285,56.920998245126285,0.0,0.0
526,Li-Ion,573,0.0,0.0,0.0,0.0
526,H2,573,56.920998245126285,56.920998245126285,0.0,0.0
527,Li-Ion,574,0.0,0.0,0.0,0.0
527,H2,574,56.920998245126285,56.920998245126285,0.0,0.0
528,Li-Ion,575,0.0,0.0,0.0,0.0
528,H2,575,56.920998245126285,56.920998245126285,0.0,0.0
529,Li-Ion,576,0.0,0.0,0.0,0.0
529,H2,576,56.920998245126285,56.920998245126285,0.0,0.0
530,Li-Ion,577,0.0,0.0,0.0,0.0
530,H2,577,56.920998245126285,56.920998245126285,0.0,0.0
531,Li-Ion,578,0.0,0.0,0.0,0.0
531,H2,578,56.920998245126285,56.920998245126285,0.0,0.0
532,Li-Ion,579,0.0,0.0,0.0,0.0
532,H2,579,56.920998245126285,56.920998245126285,0.0,0.0
533,Li-Ion,580,0.0,0.0,0.0,0.0
533,H2,580,56.920998245126285,56.920998245126285,0.0,0.0
534,Li-Ion,581,0.0,0.0,0.0,0.0
534,H2,581,56.920998245126285,56.920998245126285,0.0,0.0
535,Li-Ion,582,0.0,0.0,0.0,0.0
535,H2,582,56.920998245126285,56.920998245126285,0.0,0.0
536,Li-Ion,583,0.0,0.0,0.0,0.0
536,H2,583,56.920998245126285,56.920998245126285,0.0,0.0
537,Li-Ion,584,0.0,0.0,0.0,0.0
537,H2,584,56.920998245126285,56.920998245126285,0.0,0.0
538,Li-Ion,585,0.0,0.0,0.0,0.0
538,H2,585,56.920998245126285,56.920998245126285,0.0,0.0
539,Li-Ion,586,0.0,0.0,0.0,0.0
539,H2,586,56.920998245126285,56.920998245126285,0.0,0.0
540,Li-Ion,587,0.0,0.0,0.0,0.0
540,H2,587,56.920998245126285,56.920998245126285,0.0,0.0
541,Li-Ion,588,0.0,0.0,0.0,0.0
541,H2,588,56.920998245126285,56.920998245126285,0.0,0.0
542,Li-Ion,589,0.0,0.0,0.0,0.0
542,H2,589,56.920998245126285,56.920998245126285,0.0,0.0
543,Li-Ion,590,0.0,0.0,0.0,0.0
543,H2,590,56.920998245126285,56.920998245126285,0.0,0.0
544,Li-Ion,591,0.0,0.0,0.0,0.0
544,H2,591,56.920998245126285,56.920998245126285,0.0,0.0
545,Li-Ion,592,0.0,0.0,0.0,0.0
545,H2,592,56.920998245126285,56.920998245126285,0.0,0.0
546,Li-Ion,593,0.0,0.0,0.0,0.0
546,H2,593,56.920998245126285,56.920998245126285,0.0,0.0
547,Li-Ion,594,0.0,0.0,0.0,0.0
547,H2,594,56.920998245126285,56.920998245126285,0.0,0.0
548,Li-Ion,595,0.0,0.0,0.0,0.0
548,H2,595,56.920998245126285,56.920998245126285,0.0,0.0
549,Li-Ion,596,0.0,0.0,0.0,0.0
549,H2,596,56.920998245126285,56.920998245126285,0.0,0.0
550,Li-Ion,597,0.0,0.0,0.0,0.0
550,H2,597,56.920998245126285,56.920998245126285,0.0,0.0
551,Li-Ion,598,0.0,0.0,0.0,0.0
551,H2,598,56.920998245126285,56.920998245126285,0.0,0.0
552,Li-Ion,599,0.0,0.0,0.0,0.0
552,H2,599,56.920998245126285,56.920998245126285,0.0,0.0
553,Li-Ion,600,0.0,0.0,0.0,0.0
553,H2,600,56.920998245126285,56.920998245126285,0.0,0.0
554,Li-Ion,601,0.0,0.0,0.0,0.0
554,H2,601,56.920998245126285,56.920998245126285,0.0,0.0
555,Li-Ion,602,0.0,0.0,0.0,0.0
555,H2,602,56.920998245126285,56.920998245126285,0.0,0.0
556,Li-Ion,603,0.0,0.0,0.0,0.0
556,H2,603,56.920998245126285,56.920998245126285,0.0,0.0
557,Li-Ion,604,0.0,0.0,0.0,0.0
557,H2,604,56.920998245126285,56.920998245126285,0.0,0.0
558,Li-Ion,605,0.0,0.0,0.0,0.0
558,H2,605,56.920998245126285,56.920998245126285,0.0,0.0
559,Li-Ion,606,0.0,0.0,0.0,0.0
559,H2,606,56.920998245126285,56.920998245126285,0.0,0.0
560,Li-Ion,607,0.0,0.0,0.0,0.0
560,H2,607,56.920998245126285,56.920998245126285,0.0,0.0
561,Li-Ion,608,0.0,0.0,0.0,0.0
561,H2,608,56.920998245126285,56.920998245126285,0.0,0.0
562,Li-Ion,609,0.0,0.0,0.0,0.0
562,H2,609,56.920998245126285,56.920998245126285,0.0,0.0
563,Li-Ion,610,0.0,0.0,0.0,0.0
563,H2,610,56.920998245126285,56.920998245126285,0.0,0.0
564,Li-Ion,611,0.0,0.0,0.0,0.0
564,H2,611,56.920998245126285,56.920998245126285,0.0,0.0
565,Li-Ion,612,0.0,0.0,0.0,0.0
565,H2,612,56.920998245126285,56.920998245126285,0.0,0.0
566,Li-Ion,613,0.0,0.0,0.0,0.0
566,H2,613,56.920998245126285,56.920998245126285,0.0,0.0
567,Li-Ion,614,0.0,0.0,0.0,0.0
567,H2,614,56.920998245126285,56.920998245126285,0.0,0.0
568,Li-Ion,615,0.0,0.0,0.0,0.0
568,H2,615,56.920998245126285,56.920998245126285,0.0,0.0
569,Li-Ion,616,0.0,0.0,0.0,0.0
569,H2,616,56.920998245126285,56.920998245126285,0.0,0.0
570,Li-Ion,617,0.0,0.0,0.0,0.0
570,H2,617,56.920998245126285,56.920998245126285,0.0,0.0
571,Li-Ion,618,0.0,0.0,0.0,0.0
571,H2,618,56.920998245126285,56.920998245126285,0.0,0.0
572,Li-Ion,619,0.0,0.0,0.0,0.0
572,H2,619,56.920998245126285,56.920998245126285,0.0,0.0
573,Li-Ion,620,0.0,0.0,0.0,0.0
573,H2,620,56.920998245126285,56.920998245126285,0.0,0.0
574,Li-Ion,621,0.0,0.0,0.0,0.0
574,H2,621,56.920998245126285,56.920998245126285,0.0,0.0
575,Li-Ion,622,0.0,0.0,0.0,0.0
575,H2,622,56.920998245126285,56.920998245126285,0.0,0.0
576,Li-Ion,623,0.0,0.0,0.0,0.0
576,H2,623,56.920998245126285,56.920998245126285,0.0,0.0
577,Li-Ion,624,0.0,0.0,0.0,0.0
577,H2,624,56.920998245126285,56.920998245126285,0.0,0.0
578,Li-Ion,625,0.0,0.0,0.0,0.0
578,H2,625,56.920998245126285,56.920998245126285,0.0,0.0
579,Li-Ion,626,0.0,0.0,0.0,0.0
579,H2,626,56.920998245126285,56.920998245126285,0.0,0.0
580,Li-Ion,627,0.0,0.0,0.0,0.0
580,H2,627,56.920998245126285,56.920998245126285,0.0,0.0
581,Li-Ion,628,0.0,0.0,0.0,0.0
581,H2,628,56.920998245126285,56.920998245126285,0.0,0.0
582,Li-Ion,629,0.0,0.0,0.0,0.0
582,H2,629,56.920998245126285,56.920998245126285,0.0,0.0
583,Li-Ion,630,0.0,0.0,0.0,0.0
583,H2,630,56.920998245126285,56.920998245126285,0.0,0.0
584,Li-Ion,631,0.0,0.0,0.0,0.0
584,H2,631,56.920998245126285,56.920998245126285,0.0,0.0
585,Li-Ion,632,0.0,0.0,0.0,0.0
585,H2,632,56.920998245126285,56.920998245126285,0.0,0.0
586,Li-Ion,633,0.0,0.0,0.0,0.0
586,H2,633,56.920998245126285,56.920998245126285,0.0,0.0
587,Li-Ion,634,0.0,0.0,0.0,0.0
587,H2,634,56.920998245126285,56.920998245126285,0.0,0.0
588,Li-Ion,635,0.0,0.0,0.0,0.0
588,H2,635,56.920998245126285,56.920998245126285,0.0,0.0
589,Li-Ion,636,0.0,0.0,0.0,0.0
589,H2,636,56.920998245126285,56.920998245126285,0.0,0.0
590,Li-Ion,637,0.0,0.0,0.0,0.0
590,H2,637,56.920998245126285,109.44611105028424,0.0,0.0
591,Li-Ion,638,0.0,0.0,0.0,0.0
591,H2,638,56.920998245126285,114.285154211682,0.0,0.0
592,Li-Ion,639,0.0,0.0,0.0,0.0
592,H2,639,56.920998245126285,117.47347639856005,0.0,0.0
593,Li-Ion,640,0.0,0.0,0.0,0.0
593,H2,640,56.920998245126285,119.20029663210718,0.0,0.0
594,Li-Ion,641,0.0,0.0,0.0,0.0
594,H2,641,56.920998245126285,116.2159994409821,0.0,0.0
595,Li-Ion,642,0.0,0.0,0.0,0.0
595,H2,642,56.920998245126285,114.38235195703517,0.0,0.0
596,Li-Ion,643,0.0,0.0,0.0,0.0
596,H2,643,56.920998245126285,113.58406736920189,0.0,0.0
597,Li-Ion,644,0.0,0.0,0.0,0.0
597,H2,644,56.920998245126285,113.26870737914288,0.0,0.0
598,Li-Ion,645,0.0,0.0,0.0,0.0
598,H2,645,56.920998245126285,115.14232331491024,0.0,0.0
599,Li-Ion,646,0.0,0.0,0.0,0.0
599,H2,646,56.920998245126285,113.41279684696212,0.0,0.0
600,Li-Ion,647,0.0,0.0,0.0,0.0
600,H2,647,56.920998245126285,111.48886451914814,0.0,0.0
601,Li-Ion,648,0.0,0.0,0.0,0.0
601,H2,648,56.920998245126285,111.24816762999383,0.0,0.0
602,Li-Ion,649,0.0,0.0,0.0,0.0
602,H2,649,56.920998245126285,110.95757318692996,0.0,0.0
603,Li-Ion,650,0.0,0.0,0.0,0.0
603,H2,650,56.920998245126285,111.42017221964225,0.0,0.0
604,Li-Ion,651,0.0,0.0,0.0,0.0
604,H2,651,56.920998245126285,113.92100960341865,0.0,0.0
605,Li-Ion,652,0.0,0.0,0.0,0.0
605,H2,652,56.920998245126285,117.77540007376489,0.0,0.0
606,Li-Ion,653,0.0,0.0,0.0,0.0
606,H2,653,56.920998245126285,119.64187795797596,0.0,0.0
607,Li-Ion,654,0.0,0.0,0.0,0.0
607,H2,654,56.920998245126285,71.05591770806257,0.0,0.0
608,Li-Ion,655,0.0,0.0,0.0,0.0
608,H2,655,56.920998245126285,70.4480428482292,0.0,0.0
609,Li-Ion,656,0.0,0.0,0.0,0.0
609,H2,656,56.920998245126285,70.34757867001305,0.0,0.0
610,Li-Ion,657,0.0,0.0,0.0,0.0
610,H2,657,56.920998245126285,70.23991031812288,0.0,0.0
611,Li-Ion,658,0.0,0.0,0.0,0.0
611,H2,658,56.920998245126285,73.05753878447105,0.0,0.0
612,Li-Ion,659,0.0,0.0,0.0,0.0
612,H2,659,56.920998245126285,71.00343237848128,0.0,0.0
613,Li-Ion,660,0.0,0.0,0.0,0.0
613,H2,660,56.920998245126285,76.46840167674009,0.0,0.0
614,Li-Ion,661,0.0,0.0,0.0,0.0
614,H2,661,56.920998245126285,82.29542210089161,0.0,0.0
615,Li-Ion,662,0.0,0.0,0.0,0.0
615,H2,662,56.920998245126285,86.5239443742432,0.0,0.0
616,Li-Ion,663,0.0,0.0,0.0,0.0
616,H2,663,56.920998245126285,88.94086049563704,0.0,0.0
617,Li-Ion,664,0.0,0.0,0.0,0.0
617,H2,664,56.920998245126285,89.41178020459604,0.0,0.0
618,Li-Ion,665,0.0,0.0,0.0,0.0
618,H2,665,56.920998245126285,88.77561174548451,0.0,0.0
619,Li-Ion,666,0.0,0.0,0.0,0.0
619,H2,666,56.920998245126285,88.30183494430969,0.0,0.0
620,Li-Ion,667,0.0,0.0,0.0,0.0
620,H2,667,56.920998245126285,87.3600724081341,0.0,0.0
621,Li-Ion,668,0.0,0.0,0.0,0.0
621,H2,668,56.920998245126285,87.13003088071213,0.0,0.0
622,Li-Ion,669,0.0,0.0,0.0,0.0
622,H2,669,56.920998245126285,87.26601751927862,0.0,0.0
623,Li-Ion,670,0.0,0.0,0.0,0.0
623,H2,670,56.920998245126285,86.46057493169126,0.0,0.0
624,Li-Ion,671,0.0,0.0,0.0,0.0
624,H2,671,56.920998245126285,86.74077625230738,0.0,0.0
625,Li-Ion,672,0.0,0.0,0.0,0.0
625,H2,672,56.920998245126285,87.40116949778387,0.0,0.0
626,Li-Ion,673,0.0,0.0,0.0,0.0
626,H2,673,56.920998245126285,88.19790351408685,0.0,0.0
627,Li-Ion,674,0.0,0.0,0.0,0.0
627,H2,674,56.920998245126285,88.00093995390681,0.0,0.0
628,Li-Ion,675,0.0,0.0,0.0,0.0
628,H2,675,56.920998245126285,87.52838514864172,0.0,0.0
629,Li-Ion,676,0.0,0.0,0.0,0.0
629,H2,676,56.920998245126285,86.81407189854127,0.0,0.0
630,Li-Ion,677,0.0,0.0,0.0,0.0
630,H2,677,56.920998245126285,87.34191396104944,0.0,0.0
631,Li-Ion,678,0.0,0.0,0.0,0.0
631,H2,678,56.920998245126285,88.56305299427915,0.0,0.0
632,Li-Ion,679,0.0,0.0,0.0,0.0
632,H2,679,56.920998245126285,89.40064896673564,0.0,0.0
633,Li-Ion,680,0.0,0.0,0.0,0.0
633,H2,680,56.920998245126285,90.82071296590026,0.0,0.0
634,Li-Ion,681,0.0,0.0,0.0,0.0
634,H2,681,56.920998245126285,91.32398334296052,0.0,0.0
635,Li-Ion,682,0.0,0.0,0.0,0.0
635,H2,682,56.920998245126285,95.57618026230055,0.0,0.0
636,Li-Ion,683,0.0,0.0,0.0,0.0
636,H2,683,56.920998245126285,97.52175186939515,0.0,0.0
637,Li-Ion,684,0.0,0.0,0.0,0.0
637,H2,684,56.920998245126285,109.73531441846721,0.0,0.0
638,Li-Ion,685,0.0,4.412404559513875,0.0,0.0
638,H2,685,56.920998245126285,117.15706193719235,0.0,0.0
639,Li-Ion,686,0.0,9.770324381780721,0.0,0.0
639,H2,686,56.920998245126285,108.75122178257462,0.0,0.0
640,Li-Ion,687,0.0,15.128244204047569,0.0,0.0
640,H2,687,56.920998245126285,107.66496695855007,0.0,0.0
641,Li-Ion,688,0.0,16.18128491498018,0.0,0.0
641,H2,688,56.920998245126285,104.35955674499138,0.0,0.0
642,Li-Ion,689,0.0,0.0,0.0,0.0
642,H2,689,56.920998245126285,95.9536693256733,0.0,0.0
643,Li-Ion,690,0.0,0.0,0.0,0.0
643,H2,690,56.920998245126285,91.07730435803192,0.0,0.0
644,Li-Ion,691,0.0,0.0,0.0,0.0
644,H2,691,56.920998245126285,86.30382093178652,0.0,0.0
645,Li-Ion,692,0.0,0.0,0.0,0.0
645,H2,692,56.920998245126285,81.6756378394705,0.0,0.0
646,Li-Ion,693,0.0,0.0,0.0,0.0
646,H2,693,56.920998245126285,77.04428614493897,0.0,0.0
647,Li-Ion,694,0.0,0.0,0.0,0.0
647,H2,694,56.920998245126285,72.58464347888481,0.0,0.0
648,Li-Ion,695,0.0,0.0,0.0,0.0
648,H2,695,56.920998245126285,70.91768043310365,0.0,0.0
649,Li-Ion,696,0.0,0.0,0.0,0.0
649,H2,696,56.920998245126285,69.0778936694895,0.0,0.0
650,Li-Ion,697,0.0,0.0,0.0,0.0
650,H2,697,56.920998245126285,75.71231024132211,0.0,0.0
651,Li-Ion,698,0.0,0.0,0.0,0.0
651,H2,698,56.920998245126285,73.09832983694301,0.0,0.0
652,Li-Ion,699,0.0,0.0,0.0,0.0
652,H2,699,56.920998245126285,70.56897634961592,0.0,0.0
653,Li-Ion,700,0.0,0.0,0.0,0.0
653,H2,700,56.920998245126285,105.19060744270935,0.0,0.0
654,Li-Ion,701,0.0,0.0,0.0,0.0
654,H2,701,56.920998245126285,105.28408959181895,0.0,0.0
655,Li-Ion,702,0.0,0.0,0.0,0.0
655,H2,702,56.920998245126285,102.52868089301418,0.0,0.0
656,Li-Ion,703,0.0,0.0,0.0,0.0
656,H2,703,56.920998245126285,94.10595707218266,0.0,0.0
657,Li-Ion,704,0.0,0.0,0.0,0.0
657,H2,704,56.920998245126285,85.4093470865274,0.0,0.0
658,Li-Ion,705,0.0,0.0,0.0,0.0
658,H2,705,56.920998245126285,74.89206390420536,0.0,0.0
659,Li-Ion,706,0.0,0.0,0.0,0.0
659,H2,706,56.920998245126285,68.72057987362187,0.0,0.0
660,Li-Ion,707,0.0,0.0,0.0,0.0
660,H2,707,56.920998245126285,64.61553553690517,0.0,0.0
661,Li-Ion,708,0.0,0.0,0.0,0.0
661,H2,708,56.920998245126285,64.74121710023093,0.0,0.0
662,Li-Ion,709,0.0,4.412404559513875,0.0,0.0
662,H2,709,56.920998245126285,65.32001194264919,0.0,0.0
663,Li-Ion,710,0.0,9.770324381780721,0.0,0.0
663,H2,710,56.920998245126285,67.28529305577862,0.0,0.0
664,Li-Ion,711,0.0,0.0,0.0,0.0
664,H2,711,56.920998245126285,67.09780472113842,0.0,0.0
665,Li-Ion,712,0.0,0.0,0.0,0.0
665,H2,712,56.920998245126285,69.07727819387718,0.0,0.0
666,Li-Ion,713,0.0,0.0,0.0,0.0
666,H2,713,56.920998245126285,68.83707158281081,0.0,0.0
667,Li-Ion,714,0.0,0.0,0.0,0.0
667,H2,714,56.920998245126285,63.74616821187067,0.0,0.0
668,Li-Ion,715,0.0,0.0,0.0,0.0
668,H2,715,56.920998245126285,61.036076196037634,0.0,0.0
669,Li-Ion,716,0.0,0.0,0.0,0.0
669,H2,716,56.920998245126285,58.73236031332245,0.0,0.0
670,Li-Ion,717,0.0,0.0,0.0,0.0
670,H2,717,56.920998245126285,56.920998245126285,0.0,0.0
671,Li-Ion,718,0.0,0.0,0.0,0.0
671,H2,718,56.920998245126285,56.920998245126285,0.0,0.0
672,Li-Ion,719,0.0,0.0,0.0,0.0
672,H2,719,56.920998245126285,56.920998245126285,0.0,0.0
673,Li-Ion,720,0.0,0.0,0.0,0.0
673,H2,720,56.920998245126285,56.920998245126285,0.0,0.0
674,Li-Ion,721,0.0,0.0,0.0,0.0
674,H2,721,56.920998245126285,56.920998245126285,0.0,0.0
675,Li-Ion,722,0.0,0.0,0.0,0.0
675,H2,722,56.920998245126285,56.920998245126285,0.0,0.0
676,Li-Ion,723,0.0,0.0,0.0,0.0
676,H2,723,56.920998245126285,56.920998245126285,0.0,0.0
677,Li-Ion,724,0.0,0.0,0.0,0.0
677,H2,724,56.920998245126285,56.920998245126285,0.0,0.0
678,Li-Ion,725,0.0,0.0,0.0,0.0
678,H2,725,56.920998245126285,56.920998245126285,0.0,0.0
679,Li-Ion,726,0.0,0.0,0.0,0.0
679,H2,726,56.920998245126285,56.920998245126285,0.0,0.0
680,Li-Ion,727,0.0,0.0,0.0,0.0
680,H2,727,56.920998245126285,56.920998245126285,0.0,0.0
681,Li-Ion,728,0.0,0.0,0.0,0.0
681,H2,728,56.920998245126285,56.920998245126285,0.0,0.0
682,Li-Ion,729,0.0,0.0,0.0,0.0
682,H2,729,56.920998245126285,56.920998245126285,0.0,0.0
683,Li-Ion,730,0.0,0.0,0.0,0.0
683,H2,730,56.920998245126285,56.920998245126285,0.0,0.0
684,Li-Ion,731,0.0,0.0,0.0,0.0
684,H2,731,56.920998245126285,56.920998245126285,0.0,0.0
685,Li-Ion,732,0.0,0.0,0.0,0.0
685,H2,732,56.920998245126285,56.920998245126285,0.0,0.0
686,Li-Ion,733,0.0,0.0,0.0,0.0
686,H2,733,56.920998245126285,56.920998245126285,0.0,0.0
687,Li-Ion,734,0.0,0.0,0.0,0.0
687,H2,734,56.920998245126285,56.920998245126285,0.0,0.0
688,Li-Ion,735,0.0,0.0,0.0,0.0
688,H2,735,56.920998245126285,56.920998245126285,0.0,0.0
689,Li-Ion,736,0.0,0.0,0.0,0.0
689,H2,736,56.920998245126285,56.920998245126285,0.0,0.0
690,Li-Ion,737,0.0,0.0,0.0,0.0
690,H2,737,56.920998245126285,56.920998245126285,0.0,0.0
691,Li-Ion,738,0.0,0.0,0.0,0.0
691,H2,738,56.920998245126285,56.920998245126285,0.0,0.0
692,Li-Ion,739,0.0,0.0,0.0,0.0
692,H2,739,56.920998245126285,56.920998245126285,0.0,0.0
693,Li-Ion,740,0.0,0.0,0.0,0.0
693,H2,740,56.920998245126285,56.920998245126285,0.0,0.0
694,Li-Ion,741,0.0,0.0,0.0,0.0
694,H2,741,56.920998245126285,56.920998245126285,0.0,0.0
695,Li-Ion,742,0.0,0.0,0.0,0.0
695,H2,742,56.920998245126285,56.920998245126285,0.0,0.0
696,Li-Ion,743,0.0,0.0,0.0,0.0
696,H2,743,56.920998245126285,56.920998245126285,0.0,0.0
697,Li-Ion,744,0.0,0.0,0.0,0.0
697,H2,744,56.920998245126285,56.920998245126285,0.0,0.0
698,Li-Ion,745,0.0,0.0,0.0,0.0
698,H2,745,56.920998245126285,56.920998245126285,0.0,0.0
699,Li-Ion,746,0.0,0.0,0.0,0.0
699,H2,746,56.920998245126285,56.920998245126285,0.0,0.0
700,Li-Ion,747,0.0,0.0,0.0,0.0
700,H2,747,56.920998245126285,56.920998245126285,0.0,0.0
701,Li-Ion,748,0.0,0.0,0.0,0.0
701,H2,748,56.920998245126285,56.920998245126285,0.0,0.0
702,Li-Ion,749,0.0,0.0,0.0,0.0
702,H2,749,56.920998245126285,56.920998245126285,0.0,0.0
703,Li-Ion,750,0.0,0.0,0.0,0.0
703,H2,750,56.920998245126285,56.02424156975884,0.8967566753674419,896.7566753674419
704,Li-Ion,751,0.0,0.0,0.0,0.0
704,H2,751,56.920998245126285,46.294407422891695,10.62659082223459,10626.59082223459
705,Li-Ion,752,0.0,0.0,0.0,0.0
705,H2,752,56.920998245126285,36.46679034127791,20.454207903848378,20454.20790384838
706,Li-Ion,753,0.0,0.0,0.0,0.0
706,H2,753,56.920998245126285,30.19506513017768,26.725933114948603,26725.933114948602
707,Li-Ion,754,0.0,0.0,0.0,0.0
707,H2,754,56.920998245126285,28.24121758427748,28.679780660848806,28679.780660848806
708,Li-Ion,755,0.0,0.0,0.0,0.0
708,H2,755,56.920998245126285,28.766141889360338,28.154856355765947,28154.856355765947
709,Li-Ion,756,0.0,0.0,0.0,0.0
709,H2,756,56.920998245126285,29.024322411040554,27.89667583408573,27896.67583408573
710,Li-Ion,757,0.0,0.0,0.0,0.0
710,H2,757,56.920998245126285,25.813964165819467,31.107034079306818,31107.034079306817
711,Li-Ion,758,0.0,0.0,0.0,0.0
711,H2,758,56.920998245126285,23.575770601859826,33.345227643266455,33345.22764326645
712,Li-Ion,759,0.0,0.0,0.0,0.0
712,H2,759,56.920998245126285,20.162112446213026,36.758885798913255,36758.88579891325
713,Li-Ion,760,0.0,0.0,0.0,0.0
713,H2,760,56.920998245126285,12.974466623576077,43.94653162155021,43946.53162155021
714,Li-Ion,761,0.0,0.0,0.0,0.0
714,H2,761,56.920998245126285,6.706491407631744,50.21450683749454,50214.50683749454
715,Li-Ion,762,0.0,0.0,0.0,0.0
715,H2,762,56.920998245126285,4.94561060075819,51.9753876443681,51975.3876443681
716,Li-Ion,763,0.0,0.0,0.0,0.0
716,H2,763,56.920998245126285,3.003561154468782,53.9174370906575,53917.4370906575
717,Li-Ion,764,0.0,0.0,0.0,0.0
717,H2,764,56.920998245126285,3.6061522110385202,53.314846034087765,53314.846034087765
718,Li-Ion,765,0.0,0.0,0.0,0.0
718,H2,765,56.920998245126285,5.68442915287723,51.236569092249056,51236.569092249054
719,Li-Ion,766,0.0,0.0,0.0,0.0
719,H2,766,56.920998245126285,9.748122705202961,47.172875539923325,47172.87553992333
720,Li-Ion,767,0.0,0.0,0.0,0.0
720,H2,767,56.920998245126285,14.780533938617051,42.14046430650923,42140.46430650923
721,Li-Ion,768,0.0,0.0,0.0,0.0
721,H2,768,56.920998245126285,19.77897532565941,37.142022919466875,37142.02291946687
722,Li-Ion,769,0.0,0.0,0.0,0.0
722,H2,769,56.920998245126285,23.91722163993525,33.003776605191035,33003.77660519104
723,Li-Ion,770,0.0,0.0,0.0,0.0
723,H2,770,56.920998245126285,27.071932381793587,29.849065863332697,29849.065863332697
724,Li-Ion,771,0.0,0.0,0.0,0.0
724,H2,771,56.920998245126285,26.626631508702015,30.29436673642427,30294.36673642427
725,Li-Ion,772,0.0,0.0,0.0,0.0
725,H2,772,56.920998245126285,28.000282444993516,28.92071580013277,28920.71580013277
726,Li-Ion,773,0.0,0.0,0.0,0.0
726,H2,773,56.920998245126285,30.927638415550692,25.993359829575592,25993.35982957559
727,Li-Ion,774,0.0,0.0,0.0,0.0
727,H2,774,56.920998245126285,35.42776767823487,21.493230566891413,21493.230566891412
728,Li-Ion,775,0.0,0.0,0.0,0.0
728,H2,775,56.920998245126285,38.41819718520083,18.502801059925453,18502.801059925452
729,Li-Ion,776,0.0,0.0,0.0,0.0
729,H2,776,56.920998245126285,40.55283258069675,16.368165664429533,16368.165664429533
730,Li-Ion,777,0.0,0.0,0.0,0.0
730,H2,777,56.920998245126285,44.018787963668665,12.90221028145762,12902.21028145762
731,Li-Ion,778,0.0,0.0,0.0,0.0
731,H2,778,56.920998245126285,56.920998245126285,0.0,0.0
732,Li-Ion,779,0.0,0.0,0.0,0.0
732,H2,779,56.920998245126285,56.920998245126285,0.0,0.0
733,Li-Ion,780,0.0,0.0,0.0,0.0
733,H2,780,56.920998245126285,56.920998245126285,0.0,0.0
734,Li-Ion,781,0.0,0.0,0.0,0.0
734,H2,781,56.920998245126285,56.920998245126285,0.0,0.0
735,Li-Ion,782,0.0,4.412404559513875,0.0,0.0
735,H2,782,56.920998245126285,56.920998245126285,0.0,0.0
736,Li-Ion,783,0.0,9.770324381780721,0.0,0.0
736,H2,783,56.920998245126285,56.92099824512628,0.0,0.0
737,Li-Ion,784,0.0,0.0,0.0,0.0
737,H2,784,56.920998245126285,56.920998245126285,0.0,0.0
738,Li-Ion,785,0.0,0.0,0.0,0.0
738,H2,785,56.920998245126285,56.920998245126285,0.0,0.0
739,Li-Ion,786,0.0,0.0,0.0,0.0
739,H2,786,56.920998245126285,56.920998245126285,0.0,0.0
740,Li-Ion,787,0.0,0.0,0.0,0.0
740,H2,787,56.920998245126285,56.920998245126285,0.0,0.0
741,Li-Ion,788,0.0,0.0,0.0,0.0
741,H2,788,56.920998245126285,56.920998245126285,0.0,0.0
742,Li-Ion,789,0.0,0.0,0.0,0.0
742,H2,789,56.920998245126285,56.920998245126285,0.0,0.0
743,Li-Ion,790,0.0,0.0,0.0,0.0
743,H2,790,56.920998245126285,56.920998245126285,0.0,0.0
744,Li-Ion,791,0.0,0.0,0.0,0.0
744,H2,791,56.920998245126285,56.920998245126285,0.0,0.0
745,Li-Ion,792,0.0,0.0,0.0,0.0
745,H2,792,56.920998245126285,56.920998245126285,0.0,0.0
746,Li-Ion,793,0.0,0.0,0.0,0.0
746,H2,793,56.920998245126285,56.920998245126285,0.0,0.0
747,Li-Ion,794,0.0,0.0,0.0,0.0
747,H2,794,56.920998245126285,56.920998245126285,0.0,0.0
748,Li-Ion,795,0.0,0.0,0.0,0.0
748,H2,795,56.920998245126285,56.920998245126285,0.0,0.0
749,Li-Ion,796,0.0,0.0,0.0,0.0
749,H2,796,56.920998245126285,56.920998245126285,0.0,0.0
750,Li-Ion,797,0.0,0.0,0.0,0.0
750,H2,797,56.920998245126285,56.920998245126285,0.0,0.0
751,Li-Ion,798,0.0,0.0,0.0,0.0
751,H2,798,56.920998245126285,53.58251337043036,3.338484874695922,3338.4848746959224
752,Li-Ion,799,0.0,0.0,0.0,0.0
752,H2,799,56.920998245126285,48.047973310595104,8.87302493453118,8873.02493453118
753,Li-Ion,800,0.0,0.0,0.0,0.0
753,H2,800,56.920998245126285,43.1575899660862,13.763408279040085,13763.408279040086
754,Li-Ion,801,0.0,0.0,0.0,0.0
754,H2,801,56.920998245126285,36.86474280384797,20.056255441278317,20056.255441278317
755,Li-Ion,802,0.0,0.0,0.0,0.0
755,H2,802,56.920998245126285,34.39442585516693,22.526572389959355,22526.572389959354
756,Li-Ion,803,0.0,0.0,0.0,0.0
756,H2,803,56.920998245126285,28.79633206125971,28.124666183866573,28124.66618386657
757,Li-Ion,804,0.0,0.0,0.0,0.0
757,H2,804,56.920998245126285,28.79633206125972,28.124666183866566,28124.666183866568
758,Li-Ion,805,0.0,0.0,0.0,0.0
758,H2,805,56.920998245126285,23.134153322851603,33.78684492227468,33786.84492227468
759,Li-Ion,806,0.0,0.0,0.0,0.0
759,H2,806,56.920998245126285,15.362228835216614,41.55876940990967,41558.76940990967
760,Li-Ion,807,0.0,4.412404559513875,0.0,0.0
760,H2,807,56.920998245126285,19.6488669665685,37.27213127855779,37272.13127855778
761,Li-Ion,808,0.0,0.0,0.0,0.0
761,H2,808,56.920998245126285,23.93550509792039,32.985493147205894,32985.493147205896
762,Li-Ion,809,0.0,0.0,0.0,0.0
762,H2,809,56.920998245126285,28.222143229272277,28.698855015854008,28698.85501585401
763,Li-Ion,810,0.0,0.8384804559280639,0.0,0.0
763,H2,810,56.920998245126285,30.073890807847715,26.84710743727857,26847.10743727857
764,Li-Ion,811,0.0,0.0,0.0,0.0
764,H2,811,56.920998245126285,31.719881628186638,25.201116616939647,25201.116616939646
765,Li-Ion,812,0.0,0.0,0.0,0.0
765,H2,812,56.920998245126285,29.833282953836726,27.08771529128956,27087.715291289558
766,Li-Ion,813,0.0,0.0,0.0,0.0
766,H2,813,56.920998245126285,27.83713312818736,29.083865116938924,29083.865116938923
767,Li-Ion,814,0.0,0.0,0.0,0.0
767,H2,814,56.920998245126285,31.342733661810822,25.578264583315462,25578.264583315464
768,Li-Ion,815,0.0,0.0,0.0,0.0
768,H2,815,56.920998245126285,44.7811892306862,12.139809014440083,12139.809014440083
769,Li-Ion,816,0.0,0.0,0.0,0.0
769,H2,816,56.920998245126285,50.74306981667006,6.177928428456227,6177.928428456226
770,Li-Ion,817,0.0,0.0,0.0,0.0
770,H2,817,56.920998245126285,47.81133943524379,9.109658809882497,9109.658809882496
771,Li-Ion,818,0.0,0.0,0.0,0.0
771,H2,818,56.920998245126285,44.37830756181179,12.542690683314497,12542.690683314497
772,Li-Ion,819,0.0,0.0,0.0,0.0
772,H2,819,56.920998245126285,42.36799128669423,14.553006958432057,14553.006958432057
773,Li-Ion,820,0.0,0.0,0.0,0.0
773,H2,820,56.920998245126285,39.553486653571234,17.36751159155505,17367.511591555052
774,Li-Ion,821,0.0,0.0,0.0,0.0
774,H2,821,56.920998245126285,36.114857548680746,20.80614069644554,20806.14069644554
775,Li-Ion,822,0.0,0.0,0.0,0.0
775,H2,822,56.920998245126285,32.40748227684082,24.513515968285468,24513.51596828547
776,Li-Ion,823,0.0,0.0,0.0,0.0
776,H2,823,56.920998245126285,28.158804126521602,28.762194118604683,28762.194118604682
777,Li-Ion,824,0.0,0.0,0.0,0.0
777,H2,824,56.920998245126285,23.323523470241142,33.59747477488514,33597.474774885144
778,Li-Ion,825,0.0,0.0,0.0,0.0
778,H2,825,56.920998245126285,22.067545840563746,34.85345240456254,34853.45240456254
779,Li-Ion,826,0.0,0.0,0.0,0.0
779,H2,826,56.920998245126285,26.143240704422297,30.777757540703988,30777.757540703988
780,Li-Ion,827,0.0,0.0,0.0,0.0
780,H2,827,56.920998245126285,31.027669890434254,25.89332835469203,25893.328354692032
781,Li-Ion,828,0.0,0.0,0.0,0.0
781,H2,828,56.920998245126285,33.65271371392885,23.268284531197438,23268.284531197438
782,Li-Ion,829,0.0,0.0,0.0,0.0
782,H2,829,56.920998245126285,37.93935184528074,18.981646399845545,18981.646399845544
783,Li-Ion,830,0.0,0.0,0.0,0.0
783,H2,830,56.920998245126285,42.225989976632626,14.695008268493659,14695.008268493659
784,Li-Ion,831,0.0,0.0,0.0,0.0
784,H2,831,56.920998245126285,46.512628107984526,10.408370137141759,10408.37013714176
785,Li-Ion,832,0.0,0.0,0.0,0.0
785,H2,832,56.920998245126285,46.271576881395085,10.6494213637312,10649.4213637312
786,Li-Ion,833,0.0,0.0,0.0,0.0
786,H2,833,56.920998245126285,40.35837231889493,16.562625926231355,16562.625926231354
787,Li-Ion,834,0.0,0.0,0.0,0.0
787,H2,834,56.920998245126285,38.232748670119214,18.68824957500707,18688.24957500707
788,Li-Ion,835,0.0,0.0,0.0,0.0
788,H2,835,56.920998245126285,36.648575499299106,20.27242274582718,20272.422745827178
789,Li-Ion,836,0.0,0.0,0.0,0.0
789,H2,836,56.920998245126285,34.56091386347299,22.360084381653294,22360.084381653294
790,Li-Ion,837,0.0,0.0,0.0,0.0
790,H2,837,56.920998245126285,32.54513594344134,24.375862301684947,24375.862301684945
791,Li-Ion,838,0.0,0.0,0.0,0.0
791,H2,838,56.920998245126285,30.890703586551467,26.030294658574817,26030.294658574818
792,Li-Ion,839,0.0,0.0,0.0,0.0
792,H2,839,56.920998245126285,29.701097852346173,27.21990039278011,27219.900392780113
793,Li-Ion,840,0.0,0.0,0.0,0.0
793,H2,840,56.920998245126285,28.614282793774635,28.30671545135165,28306.71545135165
794,Li-Ion,841,0.0,0.0,0.0,0.0
794,H2,841,56.920998245126285,27.865528460652428,29.055469784473857,29055.46978447386
795,Li-Ion,842,0.0,0.0,0.0,0.0
795,H2,842,56.920998245126285,26.030151380861316,30.89084686426497,30890.846864264968
796,Li-Ion,843,0.0,0.0,0.0,0.0
796,H2,843,56.920998245126285,23.155536347191596,33.765461897934685,33765.461897934685
797,Li-Ion,844,0.0,0.0,0.0,0.0
797,H2,844,56.920998245126285,20.146933060833895,36.77406518429239,36774.06518429239
798,Li-Ion,845,0.0,0.0,0.0,0.0
798,H2,845,56.920998245126285,16.952711037049887,39.9682872080764,39968.2872080764
799,Li-Ion,846,0.0,0.0,0.0,0.0
799,H2,846,56.920998245126285,12.928357053289309,43.992641191836974,43992.64119183697
800,Li-Ion,847,0.0,0.0,0.0,0.0
800,H2,847,56.920998245126285,8.475617125559424,48.44538111956686,48445.38111956686
801,Li-Ion,848,0.0,0.0,0.0,0.0
801,H2,848,56.920998245126285,4.274736802073634,52.64626144305265,52646.26144305265
802,Li-Ion,849,0.0,0.0,0.0,0.0
802,H2,849,56.920998245126285,3.817756057402695,53.10324218772359,53103.24218772359
803,Li-Ion,850,0.0,0.0,0.0,0.0
803,H2,850,56.920998245126285,8.48025353914844,48.44074470597784,48440.74470597784
804,Li-Ion,851,0.0,0.0,0.0,0.0
804,H2,851,56.920998245126285,14.459998049942957,42.46100019518333,42461.00019518333
805,Li-Ion,852,0.0,0.0,0.0,0.0
805,H2,852,56.920998245126285,23.029556283661456,33.89144196146483,33891.44196146483
806,Li-Ion,853,0.0,0.0,0.0,0.0
806,H2,853,56.920998245126285,30.61249701212462,26.308501233001667,26308.50123300167
807,Li-Ion,854,0.0,4.412404559513875,0.0,0.0
807,H2,854,56.920998245126285,36.35968354571707,20.561314699409216,20561.314699409217
808,Li-Ion,855,0.0,0.0,0.0,0.0
808,H2,855,56.920998245126285,44.179595900498484,12.7414023446278,12741.4023446278
809,Li-Ion,856,0.0,0.0,0.0,0.0
809,H2,856,56.920998245126285,48.09393834421069,8.827059900915593,8827.059900915592
810,Li-Ion,857,0.0,0.0,0.0,0.0
810,H2,857,56.920998245126285,48.542303223063385,8.3786950220629,8378.695022062899
811,Li-Ion,858,0.0,0.0,0.0,0.0
811,H2,858,56.920998245126285,50.37704959380724,6.543948651319042,6543.948651319041
812,Li-Ion,859,0.0,0.0,0.0,0.0
812,H2,859,56.920998245126285,50.45670515397602,6.464293091150267,6464.293091150267
813,Li-Ion,860,0.0,0.0,0.0,0.0
813,H2,860,56.920998245126285,51.43710332887144,5.483894916254847,5483.894916254847
814,Li-Ion,861,0.0,0.0,0.0,0.0
814,H2,861,56.920998245126285,49.00363246164925,7.917365783477038,7917.365783477038
815,Li-Ion,862,0.0,0.0,0.0,0.0
815,H2,862,56.920998245126285,46.89599361995642,10.025004625169863,10025.004625169864
816,Li-Ion,863,0.0,0.0,0.0,0.0
816,H2,863,56.920998245126285,44.35537893731449,12.565619307811794,12565.619307811794
817,Li-Ion,864,0.0,0.0,0.0,0.0
817,H2,864,56.920998245126285,42.288265390563225,14.63273285456306,14632.732854563059
818,Li-Ion,865,0.0,0.0,0.0,0.0
818,H2,865,56.920998245126285,40.068796965710185,16.8522012794161,16852.2012794161
819,Li-Ion,866,0.0,0.0,0.0,0.0
819,H2,866,56.920998245126285,37.468589150783515,19.45240909434277,19452.40909434277
820,Li-Ion,867,0.0,0.0,0.0,0.0
820,H2,867,56.920998245126285,36.31300237846556,20.607995866660723,20607.995866660724
821,Li-Ion,868,0.0,0.0,0.0,0.0
821,H2,868,56.920998245126285,34.748586407889995,22.17241183723629,22172.41183723629
822,Li-Ion,869,0.0,0.0,0.0,0.0
822,H2,869,56.920998245126285,30.527359276581244,26.39363896854504,26393.63896854504
823,Li-Ion,870,0.0,0.0,0.0,0.0
823,H2,870,56.920998245126285,27.68044805604105,29.240550189085234,29240.550189085232
824,Li-Ion,871,0.0,0.0,0.0,0.0
824,H2,871,56.920998245126285,24.683488883831924,32.23750936129436,32237.509361294356
825,Li-Ion,872,0.0,0.0,0.0,0.0
825,H2,872,56.920998245126285,23.190656122967265,33.730342122159016,33730.34212215902
826,Li-Ion,873,0.0,0.0,0.0,0.0
826,H2,873,56.920998245126285,24.885884926012288,32.035113319114,32035.113319113996
827,Li-Ion,874,0.0,0.0,0.0,0.0
827,H2,874,56.920998245126285,25.328705762285765,31.59229248284052,31592.29248284052
828,Li-Ion,875,0.0,0.0,0.0,0.0
828,H2,875,56.920998245126285,25.328705762285765,31.59229248284052,31592.29248284052
829,Li-Ion,876,0.0,0.0,0.0,0.0
829,H2,876,56.920998245126285,25.97440548412892,30.946592760997365,30946.592760997366
830,Li-Ion,877,0.0,0.0,0.0,0.0
830,H2,877,56.920998245126285,30.2610436154808,26.659954629645483,26659.954629645483
831,Li-Ion,878,0.0,0.0,0.0,0.0
831,H2,878,56.920998245126285,30.26104361548081,26.659954629645476,26659.954629645476
832,Li-Ion,879,0.0,0.0,0.0,0.0
832,H2,879,56.920998245126285,30.261043615480816,26.65995462964547,26659.95462964547
833,Li-Ion,880,0.0,0.0,0.0,0.0
833,H2,880,56.920998245126285,27.02382462577839,29.897173619347896,29897.173619347897
834,Li-Ion,881,0.0,0.0,0.0,0.0
834,H2,881,56.920998245126285,22.673550703177327,34.24744754194896,34247.44754194896
835,Li-Ion,882,0.0,0.0,0.0,0.0
835,H2,882,56.920998245126285,20.8562340037658,36.064764241360486,36064.764241360484
836,Li-Ion,883,0.0,0.0,0.0,0.0
836,H2,883,56.920998245126285,18.777480650945616,38.143517594180665,38143.51759418067
837,Li-Ion,884,0.0,0.0,0.0,0.0
837,H2,884,56.920998245126285,16.390109830584855,40.53088841454143,40530.88841454143
838,Li-Ion,885,0.0,0.0,0.0,0.0
838,H2,885,56.920998245126285,14.096111768712213,42.82488647641407,42824.886476414074
839,Li-Ion,886,0.0,0.0,0.0,0.0
839,H2,886,56.920998245126285,11.913284508064455,45.00771373706183,45007.71373706183
840,Li-Ion,887,0.0,0.0,0.0,0.0
840,H2,887,56.920998245126285,10.625906949505625,46.29509129562066,46295.09129562066
841,Li-Ion,888,0.0,0.0,0.0,0.0
841,H2,888,56.920998245126285,9.621839375912334,47.299158869213954,47299.158869213956
842,Li-Ion,889,0.0,0.0,0.0,0.0
842,H2,889,56.920998245126285,5.265595910580297,51.65540233454599,51655.40233454599
843,Li-Ion,890,0.0,0.0,0.0,0.0
843,H2,890,56.920998245126285,1.3024987673172488,55.61849947780904,55618.49947780904
844,Li-Ion,891,0.0,0.0,0.0,0.0
844,H2,891,56.920998245126285,0.0,56.920998245126285,56920.998245126284
845,Li-Ion,892,0.0,0.0,0.0,0.0
845,H2,892,56.920998245126285,0.0,56.920998245126285,56920.998245126284
846,Li-Ion,893,0.0,0.0,0.0,0.0
846,H2,893,56.920998245126285,0.0,56.920998245126285,56920.998245126284
847,Li-Ion,894,0.0,0.0,0.0,0.0
847,H2,894,56.920998245126285,0.0,56.920998245126285,56920.998245126284
848,Li-Ion,895,0.0,0.0,0.0,0.0
848,H2,895,56.920998245126285,0.0,56.920998245126285,56920.998245126284
849,Li-Ion,896,0.0,0.0,0.0,0.0
849,H2,896,56.920998245126285,0.0,56.920998245126285,56920.998245126284
850,Li-Ion,897,0.0,0.0,0.0,0.0
850,H2,897,56.920998245126285,0.0,56.920998245126285,56920.998245126284
851,Li-Ion,898,0.0,0.0,0.0,0.0
851,H2,898,56.920998245126285,0.0,56.920998245126285,56920.998245126284
852,Li-Ion,899,0.0,0.0,0.0,0.0
852,H2,899,56.920998245126285,4.2866381313518875,52.6343601137744,52634.3601137744
853,Li-Ion,900,0.0,0.0,0.0,0.0
853,H2,900,56.920998245126285,8.573276262703775,48.34772198242251,48347.72198242251
854,Li-Ion,901,0.0,0.0,0.0,0.0
854,H2,901,56.920998245126285,12.859914394055663,44.06108385107062,44061.08385107062
855,Li-Ion,902,0.0,0.0,0.0,0.0
855,H2,902,56.920998245126285,14.472710065302456,42.44828817982383,42448.28817982382
856,Li-Ion,903,0.0,0.0,0.0,0.0
856,H2,903,56.920998245126285,18.759348196654344,38.16165004847194,38161.65004847194
857,Li-Ion,904,0.0,0.0,0.0,0.0
857,H2,904,56.920998245126285,21.62586998624234,35.29512825888395,35295.128258883946
858,Li-Ion,905,0.0,0.0,0.0,0.0
858,H2,905,56.920998245126285,21.479934272306508,35.44106397281978,35441.06397281978
859,Li-Ion,906,0.0,0.0,0.0,0.0
859,H2,906,56.920998245126285,19.709672264478286,37.211325980648,37211.325980648
860,Li-Ion,907,0.0,0.0,0.0,0.0
860,H2,907,56.920998245126285,17.592372555458127,39.32862568966816,39328.62568966816
861,Li-Ion,908,0.0,0.0,0.0,0.0
861,H2,908,56.920998245126285,15.483960847889012,41.437037397237276,41437.037397237276
862,Li-Ion,909,0.0,0.0,0.0,0.0
862,H2,909,56.920998245126285,13.940873151975996,42.98012509315029,42980.125093150295
863,Li-Ion,910,0.0,0.0,0.0,0.0
863,H2,910,56.920998245126285,12.129611656820423,44.79138658830586,44791.38658830586
864,Li-Ion,911,0.0,0.0,0.0,0.0
864,H2,911,56.920998245126285,10.352982641134393,46.568015603991896,46568.015603991895
865,Li-Ion,912,0.0,0.0,0.0,0.0
865,H2,912,56.920998245126285,8.551272757203648,48.369725487922636,48369.72548792264
866,Li-Ion,913,0.0,0.0,0.0,0.0
866,H2,913,56.920998245126285,7.0460143625868366,49.874983882539446,49874.98388253945
867,Li-Ion,914,0.0,0.0,0.0,0.0
867,H2,914,56.920998245126285,4.527467674360201,52.39353057076608,52393.53057076608
868,Li-Ion,915,0.0,0.0,0.0,0.0
868,H2,915,56.920998245126285,1.3149570852898806,55.6060411598364,55606.0411598364
869,Li-Ion,916,0.0,0.0,0.0,0.0
869,H2,916,56.920998245126285,0.0,56.920998245126285,56920.998245126284
870,Li-Ion,917,0.0,0.0,0.0,0.0
870,H2,917,56.920998245126285,0.0,56.920998245126285,56920.998245126284
871,Li-Ion,918,0.0,0.0,0.0,0.0
871,H2,918,56.920998245126285,0.0,56.920998245126285,56920.998245126284
872,Li-Ion,919,0.0,0.0,0.0,0.0
872,H2,919,56.920998245126285,0.0,56.920998245126285,56920.998245126284
873,Li-Ion,920,0.0,0.0,0.0,0.0
873,H2,920,56.920998245126285,0.0,56.920998245126285,56920.998245126284
874,Li-Ion,921,0.0,0.0,0.0,0.0
874,H2,921,56.920998245126285,0.0,56.920998245126285,56920.998245126284
875,Li-Ion,922,0.0,0.0,0.0,0.0
875,H2,922,56.920998245126285,0.0,56.920998245126285,56920.998245126284
876,Li-Ion,923,0.0,0.0,0.0,0.0
876,H2,923,56.920998245126285,4.2866381313518875,52.6343601137744,52634.3601137744
877,Li-Ion,924,0.0,0.0,0.0,0.0
877,H2,924,56.920998245126285,8.573276262703775,48.34772198242251,48347.72198242251
878,Li-Ion,925,0.0,0.0,0.0,0.0
878,H2,925,56.920998245126285,12.859914394055663,44.06108385107062,44061.08385107062
879,Li-Ion,926,0.0,0.0,0.0,0.0
879,H2,926,56.920998245126285,17.14655252540755,39.774445719718734,39774.44571971874
880,Li-Ion,927,0.0,0.0,0.0,0.0
880,H2,927,56.920998245126285,21.433190656759436,35.48780758836685,35487.80758836685
881,Li-Ion,928,0.0,0.0,0.0,0.0
881,H2,928,56.920998245126285,25.71982878811132,31.201169457014963,31201.169457014963
882,Li-Ion,929,0.0,0.0,0.0,0.0
882,H2,929,56.920998245126285,30.006466919463207,26.914531325663077,26914.531325663076
883,Li-Ion,930,0.0,0.0,0.0,0.0
883,H2,930,56.920998245126285,31.867353480476535,25.05364476464975,25053.64476464975
884,Li-Ion,931,0.0,0.0,0.0,0.0
884,H2,931,56.920998245126285,30.653061105123104,26.26793714000318,26267.93714000318
885,Li-Ion,932,0.0,0.0,0.0,0.0
885,H2,932,56.920998245126285,29.013849918052443,27.90714832707384,27907.148327073843
886,Li-Ion,933,0.0,0.0,0.0,0.0
886,H2,933,56.920998245126285,27.907663726069217,29.013334519057068,29013.33451905707
887,Li-Ion,934,0.0,0.0,0.0,0.0
887,H2,934,56.920998245126285,26.754875259878123,30.166122985248162,30166.122985248163
888,Li-Ion,935,0.0,0.0,0.0,0.0
888,H2,935,56.920998245126285,25.36859475438398,31.552403490742304,31552.403490742305
889,Li-Ion,936,0.0,0.0,0.0,0.0
889,H2,936,56.920998245126285,23.864508213746777,33.05649003137951,33056.49003137951
890,Li-Ion,937,0.0,0.0,0.0,0.0
890,H2,937,56.920998245126285,22.26967858155739,34.6513196635689,34651.3196635689
891,Li-Ion,938,0.0,0.0,0.0,0.0
891,H2,938,56.920998245126285,20.79758062945491,36.12341761567137,36123.41761567137
892,Li-Ion,939,0.0,0.0,0.0,0.0
892,H2,939,56.920998245126285,18.42725149408822,38.49374675103806,38493.74675103806
893,Li-Ion,940,0.0,0.0,0.0,0.0
893,H2,940,56.920998245126285,15.369819149742725,41.55117909538356,41551.17909538356
894,Li-Ion,941,0.0,0.0,0.0,0.0
894,H2,941,56.920998245126285,12.303200388794435,44.61779785633185,44617.79785633185
895,Li-Ion,942,0.0,0.0,0.0,0.0
895,H2,942,56.920998245126285,9.906105708352122,47.01489253677416,47014.89253677416
896,Li-Ion,943,0.0,0.0,0.0,0.0
896,H2,943,56.920998245126285,7.156367025012643,49.76463122011364,49764.631220113646
897,Li-Ion,944,0.0,0.0,0.0,0.0
897,H2,944,56.920998245126285,3.9766084216161324,52.94438982351015,52944.38982351015
898,Li-Ion,945,0.0,0.0,0.0,0.0
898,H2,945,56.920998245126285,0.0,56.920998245126285,56920.998245126284
899,Li-Ion,946,0.0,0.0,0.0,0.0
899,H2,946,56.920998245126285,4.3200336992007395,52.60096454592554,52600.96454592554
900,Li-Ion,947,0.0,0.0,0.0,0.0
900,H2,947,56.920998245126285,5.020462381268144,51.90053586385814,51900.53586385814
901,Li-Ion,948,0.0,0.0,0.0,0.0
901,H2,948,56.920998245126285,9.307100512620032,47.61389773250625,47613.89773250625
902,Li-Ion,949,0.0,0.0,0.0,0.0
902,H2,949,56.920998245126285,13.59373864397192,43.32725960115437,43327.259601154365
903,Li-Ion,950,0.0,0.0,0.0,0.0
903,H2,950,56.920998245126285,17.880376775323807,39.040621469802474,39040.62146980247
904,Li-Ion,951,0.0,0.0,0.0,0.0
904,H2,951,56.920998245126285,22.167014906675696,34.75398333845059,34753.98333845059
905,Li-Ion,952,0.0,0.0,0.0,0.0
905,H2,952,56.920998245126285,26.453653038027582,30.467345207098703,30467.345207098704
906,Li-Ion,953,0.0,0.0,0.0,0.0
906,H2,953,56.920998245126285,30.740291169379468,26.180707075746817,26180.707075746817
907,Li-Ion,954,0.0,0.0,0.0,0.0
907,H2,954,56.920998245126285,33.95293080570536,22.968067439420928,22968.067439420927
908,Li-Ion,955,0.0,0.0,0.0,0.0
908,H2,955,56.920998245126285,33.8928556792602,23.028142565866084,23028.142565866085
909,Li-Ion,956,0.0,0.0,0.0,0.0
909,H2,956,56.920998245126285,34.205950291423065,22.71504795370322,22715.04795370322
910,Li-Ion,957,0.0,0.0,0.0,0.0
910,H2,957,56.920998245126285,34.30835444686322,22.612643798263065,22612.643798263063
911,Li-Ion,958,0.0,0.0,0.0,0.0
911,H2,958,56.920998245126285,34.05989527107822,22.861102974048066,22861.102974048066
912,Li-Ion,959,0.0,0.0,0.0,0.0
912,H2,959,56.920998245126285,34.07326597017501,22.847732274951277,22847.732274951275
913,Li-Ion,960,0.0,0.0,0.0,0.0
913,H2,960,56.920998245126285,34.98614540343874,21.934852841687544,21934.852841687545
914,Li-Ion,961,0.0,0.0,0.0,0.0
914,H2,961,56.920998245126285,35.50847934733979,21.412518897786498,21412.518897786496
915,Li-Ion,962,0.0,0.0,0.0,0.0
915,H2,962,56.920998245126285,34.43954898339848,22.481449261727803,22481.449261727805
916,Li-Ion,963,0.0,0.0,0.0,0.0
916,H2,963,56.920998245126285,33.91548856899937,23.005509676126913,23005.509676126912
917,Li-Ion,964,0.0,0.0,0.0,0.0
917,H2,964,56.920998245126285,38.20212670035126,18.718871544775027,18718.871544775026
918,Li-Ion,965,0.0,0.0,0.0,0.0
918,H2,965,56.920998245126285,42.48876483170314,14.432233413423141,14432.23341342314
919,Li-Ion,966,0.0,0.0,0.0,0.0
919,H2,966,56.920998245126285,46.77540296305503,10.145595282071255,10145.595282071255
920,Li-Ion,967,0.0,4.412404559513875,0.0,0.0
920,H2,967,56.920998245126285,51.06204109440692,5.85895715071937,5858.95715071937
921,Li-Ion,968,0.0,0.0,0.0,0.0
921,H2,968,56.920998245126285,55.34867922575881,1.5723190193674768,1572.3190193674768
922,Li-Ion,969,0.0,0.0,0.0,0.0
922,H2,969,56.920998245126285,56.920998245126285,0.0,0.0
923,Li-Ion,970,0.0,0.0,0.0,0.0
923,H2,970,56.920998245126285,56.920998245126285,0.0,0.0
924,Li-Ion,971,0.0,0.0,0.0,0.0
924,H2,971,56.920998245126285,56.920998245126285,0.0,0.0
925,Li-Ion,972,0.0,0.0,0.0,0.0
925,H2,972,56.920998245126285,56.920998245126285,0.0,0.0
926,Li-Ion,973,0.0,0.0,0.0,0.0
926,H2,973,56.920998245126285,56.920998245126285,0.0,0.0
927,Li-Ion,974,0.0,0.0,0.0,0.0
927,H2,974,56.920998245126285,56.920998245126285,0.0,0.0
928,Li-Ion,975,0.0,0.0,0.0,0.0
928,H2,975,56.920998245126285,56.920998245126285,0.0,0.0
929,Li-Ion,976,0.0,0.0,0.0,0.0
929,H2,976,56.920998245126285,56.920998245126285,0.0,0.0
930,Li-Ion,977,0.0,0.0,0.0,0.0
930,H2,977,56.920998245126285,56.920998245126285,0.0,0.0
931,Li-Ion,978,0.0,0.0,0.0,0.0
931,H2,978,56.920998245126285,56.920998245126285,0.0,0.0
932,Li-Ion,979,0.0,0.0,0.0,0.0
932,H2,979,56.920998245126285,56.920998245126285,0.0,0.0
933,Li-Ion,980,0.0,0.0,0.0,0.0
933,H2,980,56.920998245126285,56.920998245126285,0.0,0.0
934,Li-Ion,981,0.0,0.0,0.0,0.0
934,H2,981,56.920998245126285,56.920998245126285,0.0,0.0
935,Li-Ion,982,0.0,0.0,0.0,0.0
935,H2,982,56.920998245126285,56.920998245126285,0.0,0.0
936,Li-Ion,983,0.0,0.0,0.0,0.0
936,H2,983,56.920998245126285,56.920998245126285,0.0,0.0
937,Li-Ion,984,0.0,0.0,0.0,0.0
937,H2,984,56.920998245126285,56.920998245126285,0.0,0.0
938,Li-Ion,985,0.0,0.0,0.0,0.0
938,H2,985,56.920998245126285,56.920998245126285,0.0,0.0
939,Li-Ion,986,0.0,0.0,0.0,0.0
939,H2,986,56.920998245126285,56.920998245126285,0.0,0.0
940,Li-Ion,987,0.0,0.0,0.0,0.0
940,H2,987,56.920998245126285,56.920998245126285,0.0,0.0
941,Li-Ion,988,0.0,0.0,0.0,0.0
941,H2,988,56.920998245126285,56.920998245126285,0.0,0.0
942,Li-Ion,989,0.0,0.0,0.0,0.0
942,H2,989,56.920998245126285,56.920998245126285,0.0,0.0
943,Li-Ion,990,0.0,0.0,0.0,0.0
943,H2,990,56.920998245126285,56.920998245126285,0.0,0.0
944,Li-Ion,991,0.0,0.0,0.0,0.0
944,H2,991,56.920998245126285,56.920998245126285,0.0,0.0
945,Li-Ion,992,0.0,0.0,0.0,0.0
945,H2,992,56.920998245126285,56.920998245126285,0.0,0.0
946,Li-Ion,993,0.0,0.0,0.0,0.0
946,H2,993,56.920998245126285,56.920998245126285,0.0,0.0
947,Li-Ion,994,0.0,0.0,0.0,0.0
947,H2,994,56.920998245126285,56.920998245126285,0.0,0.0
948,Li-Ion,995,0.0,0.0,0.0,0.0
948,H2,995,56.920998245126285,53.4998947404752,3.421103504651086,3421.103504651086
949,Li-Ion,996,0.0,0.0,0.0,0.0
949,H2,996,56.920998245126285,52.428377537959975,4.49262070716631,4492.62070716631
950,Li-Ion,997,0.0,0.0,0.0,0.0
950,H2,997,56.920998245126285,50.782799054574184,6.1381991905521005,6138.199190552101
951,Li-Ion,998,0.0,0.0,0.0,0.0
951,H2,998,56.920998245126285,46.64486957492066,10.276128670205622,10276.128670205622
952,Li-Ion,999,0.0,0.0,0.0,0.0
952,H2,999,56.920998245126285,41.566772502962515,15.35422574216377,15354.22574216377
953,Li-Ion,1000,0.0,0.0,0.0,0.0
953,H2,1000,56.920998245126285,34.53682768190649,22.384170563219797,22384.170563219795
954,Li-Ion,1001,0.0,0.0,0.0,0.0
954,H2,1001,56.920998245126285,30.51115480851141,26.409843436614874,26409.843436614876
955,Li-Ion,1002,0.0,0.0,0.0,0.0
955,H2,1002,56.920998245126285,28.80663796371465,28.114360281411635,28114.360281411635
956,Li-Ion,1003,0.0,0.0,0.0,0.0
956,H2,1003,56.920998245126285,21.852029865982384,35.0689683791439,35068.968379143895
957,Li-Ion,1004,0.0,0.0,0.0,0.0
957,H2,1004,56.920998245126285,13.352080677150914,43.56891756797537,43568.91756797537
958,Li-Ion,1005,0.0,0.0,0.0,0.0
958,H2,1005,56.920998245126285,4.30559536204074,52.615402883085544,52615.402883085546
959,Li-Ion,1006,0.0,0.0,0.0,0.0
959,H2,1006,56.920998245126285,4.2856554536165445,52.63534279150974,52635.34279150974
960,Li-Ion,1007,0.0,0.0,0.0,0.0
960,H2,1007,56.920998245126285,7.8890627448191015,49.031935500307185,49031.93550030718
961,Li-Ion,1008,0.0,0.0,0.0,0.0
961,H2,1008,56.920998245126285,8.619170986166377,48.301827258959904,48301.8272589599
962,Li-Ion,1009,0.0,0.0,0.0,0.0
962,H2,1009,56.920998245126285,7.13999725833718,49.7810009867891,49781.000986789106
963,Li-Ion,1010,0.0,0.0,0.0,0.0
963,H2,1010,56.920998245126285,5.5992165318500575,51.32178171327622,51321.78171327622
964,Li-Ion,1011,0.0,0.0,0.0,0.0
964,H2,1011,56.920998245126285,5.143736137309938,51.77726210781635,51777.26210781635
965,Li-Ion,1012,0.0,0.0,0.0,0.0
965,H2,1012,56.920998245126285,4.36400066698516,52.55699757814112,52556.99757814112
966,Li-Ion,1013,0.0,0.0,0.0,0.0
966,H2,1013,56.920998245126285,3.0217514102011322,53.89924683492515,53899.24683492515
967,Li-Ion,1014,0.0,0.0,0.0,0.0
967,H2,1014,56.920998245126285,1.5477356659368111,55.37326257918947,55373.262579189475
968,Li-Ion,1015,0.0,0.0,0.0,0.0
968,H2,1015,56.920998245126285,0.9690777050956366,55.95192054003065,55951.920540030645
969,Li-Ion,1016,0.0,0.0,0.0,0.0
969,H2,1016,56.920998245126285,7.222790404530519,49.698207840595764,49698.207840595765
970,Li-Ion,1017,0.0,0.0,0.0,0.0
970,H2,1017,56.920998245126285,10.072661755076943,46.84833649004934,46848.33649004934
971,Li-Ion,1018,0.0,0.0,0.0,0.0
971,H2,1018,56.920998245126285,13.771902905948412,43.149095339177876,43149.095339177875
972,Li-Ion,1019,0.0,0.0,0.0,0.0
972,H2,1019,56.920998245126285,18.734646939216535,38.18635130590975,38186.35130590975
973,Li-Ion,1020,0.0,0.0,0.0,0.0
973,H2,1020,56.920998245126285,19.43878616861411,37.48221207651217,37482.21207651217
974,Li-Ion,1021,0.0,0.0,0.0,0.0
974,H2,1021,56.920998245126285,23.964836437681193,32.95616180744509,32956.16180744509
975,Li-Ion,1022,0.0,0.0,0.0,0.0
975,H2,1022,56.920998245126285,26.928495058610775,29.99250318651551,29992.50318651551
976,Li-Ion,1023,0.0,0.0,0.0,0.0
976,H2,1023,56.920998245126285,30.869167227482475,26.05183101764381,26051.83101764381
977,Li-Ion,1024,0.0,0.0,0.0,0.0
977,H2,1024,56.920998245126285,31.722929245483016,25.19806899964327,25198.06899964327
978,Li-Ion,1025,0.0,0.0,0.0,0.0
978,H2,1025,56.920998245126285,30.612870210810183,26.308128034316102,26308.1280343161
979,Li-Ion,1026,0.0,0.0,0.0,0.0
979,H2,1026,56.920998245126285,35.45057600548926,21.470422239637024,21470.422239637024
980,Li-Ion,1027,0.0,0.0,0.0,0.0
980,H2,1027,56.920998245126285,39.647721623097425,17.27327662202886,17273.27662202886
981,Li-Ion,1028,0.0,0.0,0.0,0.0
981,H2,1028,56.920998245126285,38.33900163237138,18.581996612754907,18581.996612754905
982,Li-Ion,1029,0.0,0.0,0.0,0.0
982,H2,1029,56.920998245126285,42.46161581839861,14.459382426727672,14459.382426727672
983,Li-Ion,1030,0.0,0.0,0.0,0.0
983,H2,1030,56.920998245126285,37.883993940578435,19.03700430454785,19037.00430454785
984,Li-Ion,1031,0.0,0.0,0.0,0.0
984,H2,1031,56.920998245126285,34.26242115316289,22.658577091963394,22658.577091963394
985,Li-Ion,1032,0.0,0.0,0.0,0.0
985,H2,1032,56.920998245126285,27.494457057567033,29.426541187559252,29426.54118755925
986,Li-Ion,1033,0.0,0.0,0.0,0.0
986,H2,1033,56.920998245126285,24.617659052240967,32.30333919288532,32303.339192885316
987,Li-Ion,1034,0.0,0.0,0.0,0.0
987,H2,1034,56.920998245126285,22.702126261030333,34.218871984095955,34218.87198409595
988,Li-Ion,1035,0.0,0.0,0.0,0.0
988,H2,1035,56.920998245126285,19.706958090589506,37.214040154536775,37214.04015453678
989,Li-Ion,1036,0.0,0.0,0.0,0.0
989,H2,1036,56.920998245126285,17.04310357750981,39.877894667616474,39877.89466761647
990,Li-Ion,1037,0.0,0.0,0.0,0.0
990,H2,1037,56.920998245126285,13.638263498942184,43.282734746184104,43282.734746184105
991,Li-Ion,1038,0.0,0.0,0.0,0.0
991,H2,1038,56.920998245126285,10.183000813559218,46.73799743156707,46737.99743156707
992,Li-Ion,1039,0.0,0.0,0.0,0.0
992,H2,1039,56.920998245126285,5.51092797669558,51.4100702684307,51410.0702684307
993,Li-Ion,1040,0.0,0.0,0.0,0.0
993,H2,1040,56.920998245126285,0.0,56.920998245126285,56920.998245126284
994,Li-Ion,1041,0.0,0.0,0.0,0.0
994,H2,1041,56.920998245126285,0.0,56.920998245126285,56920.998245126284
995,Li-Ion,1042,0.0,0.0,0.0,0.0
995,H2,1042,56.920998245126285,0.0,56.920998245126285,56920.998245126284
996,Li-Ion,1043,0.0,0.0,0.0,0.0
996,H2,1043,56.920998245126285,1.8617595419140138,55.05923870321227,55059.23870321227
997,Li-Ion,1044,0.0,0.0,0.0,0.0
997,H2,1044,56.920998245126285,3.0243332596830745,53.89666498544321,53896.66498544321
998,Li-Ion,1045,0.0,0.0,0.0,0.0
998,H2,1045,56.920998245126285,6.691676489556979,50.2293217555693,50229.321755569305
999,Li-Ion,1046,0.0,0.0,0.0,0.0
999,H2,1046,56.920998245126285,10.193881522182197,46.72711672294409,46727.11672294409
1000,Li-Ion,1047,0.0,0.0,0.0,0.0
1000,H2,1047,56.920998245126285,10.998886790399048,45.922111454727236,45922.11145472724
1001,Li-Ion,1048,0.0,0.0,0.0,0.0
1001,H2,1048,56.920998245126285,17.238993794977567,39.68200445014872,39682.00445014872
1002,Li-Ion,1049,0.0,0.0,0.0,0.0
1002,H2,1049,56.920998245126285,16.31495659026124,40.606041654865045,40606.04165486505
1003,Li-Ion,1050,0.0,0.0,0.0,0.0
1003,H2,1050,56.920998245126285,16.854386954617834,40.06661129050845,40066.611290508445
1004,Li-Ion,1051,0.0,0.0,0.0,0.0
1004,H2,1051,56.920998245126285,15.038132727265134,41.88286551786115,41882.86551786115
1005,Li-Ion,1052,0.0,0.0,0.0,0.0
1005,H2,1052,56.920998245126285,10.99416232833627,45.92683591679001,45926.83591679001
1006,Li-Ion,1053,0.0,0.0,0.0,0.0
1006,H2,1053,56.920998245126285,16.119900621977266,40.80109762314902,40801.09762314902
1007,Li-Ion,1054,0.0,0.0,0.0,0.0
1007,H2,1054,56.920998245126285,17.858012424966176,39.06298582016011,39062.98582016011
1008,Li-Ion,1055,0.0,0.0,0.0,0.0
1008,H2,1055,56.920998245126285,20.434024268735957,36.48697397639033,36486.973976390334
1009,Li-Ion,1056,0.0,0.0,0.0,0.0
1009,H2,1056,56.920998245126285,18.374936963638383,38.5460612814879,38546.0612814879
1010,Li-Ion,1057,0.0,0.0,0.0,0.0
1010,H2,1057,56.920998245126285,16.30217023078338,40.61882801434291,40618.82801434291
1011,Li-Ion,1058,0.0,0.0,0.0,0.0
1011,H2,1058,56.920998245126285,17.179427626997253,39.74157061812903,39741.57061812903
1012,Li-Ion,1059,0.0,0.0,0.0,0.0
1012,H2,1059,56.920998245126285,15.694108217891202,41.226890027235086,41226.89002723509
1013,Li-Ion,1060,0.0,0.0,0.0,0.0
1013,H2,1060,56.920998245126285,13.00561511999021,43.915383125136074,43915.383125136075
1014,Li-Ion,1061,0.0,0.0,0.0,0.0
1014,H2,1061,56.920998245126285,9.808606954849616,47.11239129027667,47112.39129027667
1015,Li-Ion,1062,0.0,0.0,0.0,0.0
1015,H2,1062,56.920998245126285,6.867583357696764,50.05341488742952,50053.41488742952
1016,Li-Ion,1063,0.0,0.0,0.0,0.0
1016,H2,1063,56.920998245126285,7.1238376072694845,49.7971606378568,49797.160637856796
1017,Li-Ion,1064,0.0,0.0,0.0,0.0
1017,H2,1064,56.920998245126285,8.427102311708296,48.49389593341799,48493.89593341799
1018,Li-Ion,1065,0.0,0.0,0.0,0.0
1018,H2,1065,56.920998245126285,6.111758465814209,50.80923977931208,50809.239779312076
1019,Li-Ion,1066,0.0,0.0,0.0,0.0
1019,H2,1066,56.920998245126285,5.8896158819945015,51.03138236313178,51031.38236313179
1020,Li-Ion,1067,0.0,0.0,0.0,0.0
1020,H2,1067,56.920998245126285,2.2650988950699236,54.65589935005636,54655.89935005636
1021,Li-Ion,1068,0.0,0.0,0.0,0.0
1021,H2,1068,56.920998245126285,1.0263965781867879,55.894601666939494,55894.601666939496
1022,Li-Ion,1069,0.0,0.0,0.0,0.0
1022,H2,1069,56.920998245126285,3.6282142984539334,53.29278394667235,53292.78394667235
1023,Li-Ion,1070,0.0,0.0,0.0,0.0
1023,H2,1070,56.920998245126285,7.8155336396324415,49.10546460549384,49105.46460549384
1024,Li-Ion,1071,0.0,0.0,0.0,0.0
1024,H2,1071,56.920998245126285,8.967275037653483,47.953723207472805,47953.7232074728
1025,Li-Ion,1072,0.0,0.0,0.0,0.0
1025,H2,1072,56.920998245126285,10.447077399483025,46.47392084564326,46473.92084564326
1026,Li-Ion,1073,0.0,0.0,0.0,0.0
1026,H2,1073,56.920998245126285,14.733715530834912,42.18728271429137,42187.282714291374
1027,Li-Ion,1074,0.0,0.0,0.0,0.0
1027,H2,1074,56.920998245126285,19.0203536621868,37.900644582939485,37900.64458293949
1028,Li-Ion,1075,0.0,0.0,0.0,0.0
1028,H2,1075,56.920998245126285,23.306991793538685,33.6140064515876,33614.0064515876
1029,Li-Ion,1076,0.0,0.0,0.0,0.0
1029,H2,1076,56.920998245126285,27.59362992489057,29.327368320235713,29327.368320235713
1030,Li-Ion,1077,0.0,0.0,0.0,0.0
1030,H2,1077,56.920998245126285,31.880268056242457,25.040730188883828,25040.730188883826
1031,Li-Ion,1078,0.0,0.0,0.0,0.0
1031,H2,1078,56.920998245126285,36.16690618759434,20.754092057531942,20754.092057531943
1032,Li-Ion,1079,0.0,0.0,0.0,0.0
1032,H2,1079,56.920998245126285,40.45354431894623,16.467453926180056,16467.453926180056
1033,Li-Ion,1080,0.0,0.0,0.0,0.0
1033,H2,1080,56.920998245126285,44.740182450298114,12.18081579482817,12180.81579482817
1034,Li-Ion,1081,0.0,0.0,0.0,0.0
1034,H2,1081,56.920998245126285,49.02682058165,7.894177663476285,7894.177663476285
1035,Li-Ion,1082,0.0,0.0,0.0,0.0
1035,H2,1082,56.920998245126285,53.313458713001886,3.607539532124399,3607.5395321243986
1036,Li-Ion,1083,0.0,0.0,0.0,0.0
1036,H2,1083,56.920998245126285,56.920998245126285,0.0,0.0
1037,Li-Ion,1084,0.0,0.0,0.0,0.0
1037,H2,1084,56.920998245126285,56.920998245126285,0.0,0.0
1038,Li-Ion,1085,0.0,4.412404559513875,0.0,0.0
1038,H2,1085,56.920998245126285,56.920998245126285,0.0,0.0
1039,Li-Ion,1086,0.0,9.770324381780721,0.0,0.0
1039,H2,1086,56.920998245126285,56.920998245126285,0.0,0.0
1040,Li-Ion,1087,0.0,15.128244204047569,0.0,0.0
1040,H2,1087,56.920998245126285,56.920998245126285,0.0,0.0
1041,Li-Ion,1088,0.0,0.0,0.0,0.0
1041,H2,1088,56.920998245126285,56.920998245126285,0.0,0.0
1042,Li-Ion,1089,0.0,0.0,0.0,0.0
1042,H2,1089,56.920998245126285,56.920998245126285,0.0,0.0
1043,Li-Ion,1090,0.0,0.0,0.0,0.0
1043,H2,1090,56.920998245126285,56.920998245126285,0.0,0.0
1044,Li-Ion,1091,0.0,0.0,0.0,0.0
1044,H2,1091,56.920998245126285,56.920998245126285,0.0,0.0
1045,Li-Ion,1092,0.0,0.0,0.0,0.0
1045,H2,1092,56.920998245126285,56.920998245126285,0.0,0.0
1046,Li-Ion,1093,0.0,0.0,0.0,0.0
1046,H2,1093,56.920998245126285,56.920998245126285,0.0,0.0
1047,Li-Ion,1094,0.0,0.0,0.0,0.0
1047,H2,1094,56.920998245126285,56.920998245126285,0.0,0.0
1048,Li-Ion,1095,0.0,0.0,0.0,0.0
1048,H2,1095,56.920998245126285,56.920998245126285,0.0,0.0
1049,Li-Ion,1096,0.0,0.0,0.0,0.0
1049,H2,1096,56.920998245126285,56.920998245126285,0.0,0.0
1050,Li-Ion,1097,0.0,0.0,0.0,0.0
1050,H2,1097,56.920998245126285,56.920998245126285,0.0,0.0
1051,Li-Ion,1098,0.0,0.0,0.0,0.0
1051,H2,1098,56.920998245126285,56.920998245126285,0.0,0.0
1052,Li-Ion,1099,0.0,0.0,0.0,0.0
1052,H2,1099,56.920998245126285,56.920998245126285,0.0,0.0
1053,Li-Ion,1100,0.0,0.0,0.0,0.0
1053,H2,1100,56.920998245126285,56.920998245126285,0.0,0.0
1054,Li-Ion,1101,0.0,0.0,0.0,0.0
1054,H2,1101,56.920998245126285,56.920998245126285,0.0,0.0
1055,Li-Ion,1102,0.0,0.0,0.0,0.0
1055,H2,1102,56.920998245126285,56.920998245126285,0.0,0.0
1056,Li-Ion,1103,0.0,0.0,0.0,0.0
1056,H2,1103,56.920998245126285,56.920998245126285,0.0,0.0
1057,Li-Ion,1104,0.0,0.0,0.0,0.0
1057,H2,1104,56.920998245126285,56.920998245126285,0.0,0.0
1058,Li-Ion,1105,0.0,0.8657547078730912,0.0,0.0
1058,H2,1105,56.920998245126285,56.920998245126285,0.0,0.0
1059,Li-Ion,1106,0.0,0.0,0.0,0.0
1059,H2,1106,56.920998245126285,56.920998245126285,0.0,0.0
1060,Li-Ion,1107,0.0,0.0,0.0,0.0
1060,H2,1107,56.920998245126285,56.920998245126285,0.0,0.0
1061,Li-Ion,1108,0.0,0.0,0.0,0.0
1061,H2,1108,56.920998245126285,56.920998245126285,0.0,0.0
1062,Li-Ion,1109,0.0,0.0,0.0,0.0
1062,H2,1109,56.920998245126285,56.2124073994217,0.7085908457045846,708.5908457045846
1063,Li-Ion,1110,0.0,0.0,0.0,0.0
1063,H2,1110,56.920998245126285,50.61418298573838,6.306815259387903,6306.815259387903
1064,Li-Ion,1111,0.0,0.0,0.0,0.0
1064,H2,1111,56.920998245126285,44.32348834566792,12.597509899458366,12597.509899458366
1065,Li-Ion,1112,0.0,0.0,0.0,0.0
1065,H2,1112,56.920998245126285,37.46932099147814,19.451677253648143,19451.677253648144
1066,Li-Ion,1113,0.0,0.0,0.0,0.0
1066,H2,1113,56.920998245126285,29.467103261713902,27.453894983412383,27453.89498341238
1067,Li-Ion,1114,0.0,0.0,0.0,0.0
1067,H2,1114,56.920998245126285,20.910994538268906,36.010003706857376,36010.00370685737
1068,Li-Ion,1115,0.0,0.0,0.0,0.0
1068,H2,1115,56.920998245126285,12.268492736210357,44.65250550891593,44652.50550891593
1069,Li-Ion,1116,0.0,0.0,0.0,0.0
1069,H2,1116,56.920998245126285,2.4099590481540436,54.51103919697224,54511.03919697224
1070,Li-Ion,1117,0.0,0.0,0.0,0.0
1070,H2,1117,56.920998245126285,0.0,56.920998245126285,56920.998245126284
1071,Li-Ion,1118,0.0,0.0,0.0,0.0
1071,H2,1118,56.920998245126285,0.0,56.920998245126285,56920.998245126284
1072,Li-Ion,1119,0.0,0.0,0.0,0.0
1072,H2,1119,56.920998245126285,0.649547959784268,56.27145028534202,56271.45028534202
1073,Li-Ion,1120,0.0,0.0,0.0,0.0
1073,H2,1120,56.920998245126285,2.148747795349512,54.77225044977677,54772.25044977677
1074,Li-Ion,1121,0.0,0.0,0.0,0.0
1074,H2,1121,56.920998245126285,3.8345960270982284,53.086402218028056,53086.40221802806
1075,Li-Ion,1122,0.0,0.0,0.0,0.0
1075,H2,1122,56.920998245126285,4.84836463511323,52.07263361001306,52072.63361001306
1076,Li-Ion,1123,0.0,0.0,0.0,0.0
1076,H2,1123,56.920998245126285,4.818155088597365,52.10284315652892,52102.84315652892
1077,Li-Ion,1124,0.0,0.0,0.0,0.0
1077,H2,1124,56.920998245126285,2.9677042301413468,53.95329401498494,53953.29401498494
1078,Li-Ion,1125,0.0,0.0,0.0,0.0
1078,H2,1125,56.920998245126285,0.9874919687781012,55.93350627634818,55933.506276348184
1079,Li-Ion,1126,0.0,0.0,0.0,0.0
1079,H2,1126,56.920998245126285,0.0,56.920998245126285,56920.998245126284
1080,Li-Ion,1127,0.0,0.0,0.0,0.0
1080,H2,1127,56.920998245126285,0.06612442181176903,56.85487382331451,56854.87382331451
1081,Li-Ion,1128,0.0,0.0,0.0,0.0
1081,H2,1128,56.920998245126285,0.0,56.920998245126285,56920.998245126284
1082,Li-Ion,1129,0.0,0.0,0.0,0.0
1082,H2,1129,56.920998245126285,0.0,56.920998245126285,56920.998245126284
1083,Li-Ion,1130,0.0,0.0,0.0,0.0
1083,H2,1130,56.920998245126285,0.0,56.920998245126285,56920.998245126284
1084,Li-Ion,1131,0.0,0.0,0.0,0.0
1084,H2,1131,56.920998245126285,0.0,56.920998245126285,56920.998245126284
1085,Li-Ion,1132,0.0,0.0,0.0,0.0
1085,H2,1132,56.920998245126285,0.0,56.920998245126285,56920.998245126284
1086,Li-Ion,1133,0.0,0.0,0.0,0.0
1086,H2,1133,56.920998245126285,0.0,56.920998245126285,56920.998245126284
1087,Li-Ion,1134,0.0,0.0,0.0,0.0
1087,H2,1134,56.920998245126285,0.0,56.920998245126285,56920.998245126284
1088,Li-Ion,1135,0.0,0.0,0.0,0.0
1088,H2,1135,56.920998245126285,0.0,56.920998245126285,56920.998245126284
1089,Li-Ion,1136,0.0,0.0,0.0,0.0
1089,H2,1136,56.920998245126285,1.8856574238145574,55.03534082131173,55035.34082131173
1090,Li-Ion,1137,0.0,0.0,0.0,0.0
1090,H2,1137,56.920998245126285,4.804929056912348,52.116069188213935,52116.069188213936
1091,Li-Ion,1138,0.0,0.0,0.0,0.0
1091,H2,1138,56.920998245126285,14.013395432693958,42.90760281243233,42907.60281243233
1092,Li-Ion,1139,0.0,0.0,0.0,0.0
1092,H2,1139,56.920998245126285,24.528486482045217,32.39251176308107,32392.511763081067
1093,Li-Ion,1140,0.0,0.0,0.0,0.0
1093,H2,1140,56.920998245126285,24.39668002018321,32.52431822494307,32524.318224943072
1094,Li-Ion,1141,0.0,0.0,0.0,0.0
1094,H2,1141,56.920998245126285,31.528939581505377,25.392058663620908,25392.05866362091
1095,Li-Ion,1142,0.0,0.0,0.0,0.0
1095,H2,1142,56.920998245126285,32.07267336183885,24.848324883287432,24848.32488328743
1096,Li-Ion,1143,0.0,0.0,0.0,0.0
1096,H2,1143,56.920998245126285,33.261320715022485,23.6596775301038,23659.6775301038
1097,Li-Ion,1144,0.0,0.0,0.0,0.0
1097,H2,1144,56.920998245126285,32.93562605833257,23.98537218679371,23985.372186793713
1098,Li-Ion,1145,0.0,0.0,0.0,0.0
1098,H2,1145,56.920998245126285,28.15290960676584,28.768088638360446,28768.088638360445
1099,Li-Ion,1146,0.0,0.0,0.0,0.0
1099,H2,1146,56.920998245126285,29.02583747246102,27.895160772665264,27895.160772665266
1100,Li-Ion,1147,0.0,0.0,0.0,0.0
1100,H2,1147,56.920998245126285,33.064618534911695,23.85637971021459,23856.37971021459
1101,Li-Ion,1148,0.0,0.0,0.0,0.0
1101,H2,1148,56.920998245126285,38.39396744629001,18.52703079883627,18527.030798836273
1102,Li-Ion,1149,0.0,0.0,0.0,0.0
1102,H2,1149,56.920998245126285,38.19436606951949,18.726632175606795,18726.632175606795
1103,Li-Ion,1150,0.0,0.0,0.0,0.0
1103,H2,1150,56.920998245126285,35.15137934265306,21.769618902473226,21769.618902473227
1104,Li-Ion,1151,0.0,0.0,0.0,0.0
1104,H2,1151,56.920998245126285,29.356526261374988,27.564471983751297,27564.471983751297
1105,Li-Ion,1152,0.0,0.0,0.0,0.0
1105,H2,1152,56.920998245126285,24.165187365174997,32.755810879951284,32755.810879951285
1106,Li-Ion,1153,0.0,0.0,0.0,0.0
1106,H2,1153,56.920998245126285,21.975204924716625,34.94579332040966,34945.79332040966
1107,Li-Ion,1154,0.0,0.0,0.0,0.0
1107,H2,1154,56.920998245126285,16.268127910846758,40.65287033427953,40652.87033427953
1108,Li-Ion,1155,0.0,0.0,0.0,0.0
1108,H2,1155,56.920998245126285,11.712010436620982,45.2089878085053,45208.9878085053
1109,Li-Ion,1156,0.0,0.0,0.0,0.0
1109,H2,1156,56.920998245126285,7.714406640216112,49.20659160491017,49206.59160491017
1110,Li-Ion,1157,0.0,0.0,0.0,0.0
1110,H2,1157,56.920998245126285,1.7463502290890034,55.17464801603728,55174.64801603728
1111,Li-Ion,1158,0.0,0.0,0.0,0.0
1111,H2,1158,56.920998245126285,0.0,56.920998245126285,56920.998245126284
1112,Li-Ion,1159,0.0,0.0,0.0,0.0
1112,H2,1159,56.920998245126285,0.0,56.920998245126285,56920.998245126284
1113,Li-Ion,1160,0.0,0.0,0.0,0.0
1113,H2,1160,56.920998245126285,0.0,56.920998245126285,56920.998245126284
1114,Li-Ion,1161,0.0,0.0,0.0,0.0
1114,H2,1161,56.920998245126285,0.0,56.920998245126285,56920.998245126284
1115,Li-Ion,1162,0.0,0.0,0.0,0.0
1115,H2,1162,56.920998245126285,2.5619106953044817,54.3590875498218,54359.0875498218
1116,Li-Ion,1163,0.0,0.0,0.0,0.0
1116,H2,1163,56.920998245126285,6.848548826656369,50.072449418469915,50072.449418469914
1117,Li-Ion,1164,0.0,0.0,0.0,0.0
1117,H2,1164,56.920998245126285,11.135186958008257,45.78581128711803,45785.81128711803
1118,Li-Ion,1165,0.0,0.0,0.0,0.0
1118,H2,1165,56.920998245126285,15.421825089360144,41.499173155766144,41499.17315576614
1119,Li-Ion,1166,0.0,4.412404559513875,0.0,0.0
1119,H2,1166,56.920998245126285,19.708463220712034,37.21253502441425,37212.535024414254
1120,Li-Ion,1167,0.0,9.770324381780721,0.0,0.0
1120,H2,1167,56.920998245126285,23.99510135206392,32.925896893062365,32925.89689306237
1121,Li-Ion,1168,0.0,15.128244204047569,0.0,0.0
1121,H2,1168,56.920998245126285,28.281739483415805,28.63925876171048,28639.25876171048
1122,Li-Ion,1169,0.0,20.486164026314416,0.0,0.0
1122,H2,1169,56.920998245126285,32.56837761476769,24.352620630358594,24352.620630358593
1123,Li-Ion,1170,0.0,21.539204737247026,0.0,0.0
1123,H2,1170,56.920998245126285,36.85501574611958,20.065982499006708,20065.982499006706
1124,Li-Ion,1171,0.0,21.539204737247026,0.0,0.0
1124,H2,1171,56.920998245126285,41.14165387747146,15.77934436765482,15779.34436765482
1125,Li-Ion,1172,0.0,0.0,0.0,0.0
1125,H2,1172,56.920998245126285,45.42829200882335,11.492706236302936,11492.706236302936
1126,Li-Ion,1173,0.0,0.0,0.0,0.0
1126,H2,1173,56.920998245126285,49.714930140175234,7.206068104951051,7206.06810495105
1127,Li-Ion,1174,0.0,0.0,0.0,0.0
1127,H2,1174,56.920998245126285,54.00156827152712,2.919429973599165,2919.429973599165
1128,Li-Ion,1175,0.0,0.0,0.0,0.0
1128,H2,1175,56.920998245126285,56.920998245126285,0.0,0.0
1129,Li-Ion,1176,0.0,0.0,0.0,0.0
1129,H2,1176,56.920998245126285,56.920998245126285,0.0,0.0
1130,Li-Ion,1177,0.0,0.0,0.0,0.0
1130,H2,1177,56.920998245126285,56.920998245126285,0.0,0.0
1131,Li-Ion,1178,0.0,0.0,0.0,0.0
1131,H2,1178,56.920998245126285,56.920998245126285,0.0,0.0
1132,Li-Ion,1179,0.0,0.0,0.0,0.0
1132,H2,1179,56.920998245126285,56.920998245126285,0.0,0.0
1133,Li-Ion,1180,0.0,0.0,0.0,0.0
1133,H2,1180,56.920998245126285,56.920998245126285,0.0,0.0
1134,Li-Ion,1181,0.0,0.0,0.0,0.0
1134,H2,1181,56.920998245126285,56.920998245126285,0.0,0.0
1135,Li-Ion,1182,0.0,0.0,0.0,0.0
1135,H2,1182,56.920998245126285,56.920998245126285,0.0,0.0
1136,Li-Ion,1183,0.0,0.0,0.0,0.0
1136,H2,1183,56.920998245126285,56.920998245126285,0.0,0.0
1137,Li-Ion,1184,0.0,0.0,0.0,0.0
1137,H2,1184,56.920998245126285,56.920998245126285,0.0,0.0
1138,Li-Ion,1185,0.0,0.0,0.0,0.0
1138,H2,1185,56.920998245126285,56.920998245126285,0.0,0.0
1139,Li-Ion,1186,0.0,0.0,0.0,0.0
1139,H2,1186,56.920998245126285,56.920998245126285,0.0,0.0
1140,Li-Ion,1187,0.0,0.0,0.0,0.0
1140,H2,1187,56.920998245126285,56.920998245126285,0.0,0.0
1141,Li-Ion,1188,0.0,4.412404559513875,0.0,0.0
1141,H2,1188,56.920998245126285,56.920998245126285,0.0,0.0
1142,Li-Ion,1189,0.0,9.770324381780721,0.0,0.0
1142,H2,1189,56.920998245126285,56.92099824512628,0.0,0.0
1143,Li-Ion,1190,0.0,15.128244204047569,0.0,0.0
1143,H2,1190,56.920998245126285,56.920998245126285,0.0,0.0
1144,Li-Ion,1191,0.0,20.486164026314416,0.0,0.0
1144,H2,1191,56.920998245126285,56.920998245126285,0.0,0.0
1145,Li-Ion,1192,0.0,21.539204737247026,0.0,0.0
1145,H2,1192,56.920998245126285,56.920998245126285,0.0,0.0
1146,Li-Ion,1193,0.0,21.539204737247026,0.0,0.0
1146,H2,1193,56.920998245126285,56.920998245126285,0.0,0.0
1147,Li-Ion,1194,0.0,21.539204737247026,0.0,0.0
1147,H2,1194,56.920998245126285,56.920998245126285,0.0,0.0
1148,Li-Ion,1195,0.0,0.0,0.0,0.0
1148,H2,1195,56.920998245126285,56.920998245126285,0.0,0.0
1149,Li-Ion,1196,0.0,0.0,0.0,0.0
1149,H2,1196,56.920998245126285,56.920998245126285,0.0,0.0
1150,Li-Ion,1197,0.0,0.0,0.0,0.0
1150,H2,1197,56.920998245126285,56.920998245126285,0.0,0.0
1151,Li-Ion,1198,0.0,0.0,0.0,0.0
1151,H2,1198,56.920998245126285,56.920998245126285,0.0,0.0
1152,Li-Ion,1199,0.0,0.0,0.0,0.0
1152,H2,1199,56.920998245126285,56.920998245126285,0.0,0.0
1153,Li-Ion,1200,0.0,4.412404559513875,0.0,0.0
1153,H2,1200,56.920998245126285,56.920998245126285,0.0,0.0
1154,Li-Ion,1201,0.0,9.770324381780721,0.0,0.0
1154,H2,1201,56.920998245126285,56.920998245126285,0.0,0.0
1155,Li-Ion,1202,0.0,15.128244204047569,0.0,0.0
1155,H2,1202,56.920998245126285,56.920998245126285,0.0,0.0
1156,Li-Ion,1203,0.0,20.486164026314416,0.0,0.0
1156,H2,1203,56.920998245126285,56.920998245126285,0.0,0.0
1157,Li-Ion,1204,0.0,21.539204737247026,0.0,0.0
1157,H2,1204,56.920998245126285,56.920998245126285,0.0,0.0
1158,Li-Ion,1205,0.0,0.0,0.0,0.0
1158,H2,1205,56.920998245126285,56.920998245126285,0.0,0.0
1159,Li-Ion,1206,0.0,0.0,0.0,0.0
1159,H2,1206,56.920998245126285,56.920998245126285,0.0,0.0
1160,Li-Ion,1207,0.0,0.0,0.0,0.0
1160,H2,1207,56.920998245126285,56.920998245126285,0.0,0.0
1161,Li-Ion,1208,0.0,0.0,0.0,0.0
1161,H2,1208,56.920998245126285,56.920998245126285,0.0,0.0
1162,Li-Ion,1209,0.0,0.0,0.0,0.0
1162,H2,1209,56.920998245126285,56.920998245126285,0.0,0.0
1163,Li-Ion,1210,0.0,0.0,0.0,0.0
1163,H2,1210,56.920998245126285,56.920998245126285,0.0,0.0
1164,Li-Ion,1211,0.0,0.0,0.0,0.0
1164,H2,1211,56.920998245126285,56.920998245126285,0.0,0.0
1165,Li-Ion,1212,0.0,0.0,0.0,0.0
1165,H2,1212,56.920998245126285,56.920998245126285,0.0,0.0
1166,Li-Ion,1213,0.0,0.0,0.0,0.0
1166,H2,1213,56.920998245126285,56.920998245126285,0.0,0.0
1167,Li-Ion,1214,0.0,0.0,0.0,0.0
1167,H2,1214,56.920998245126285,56.920998245126285,0.0,0.0
1168,Li-Ion,1215,0.0,0.0,0.0,0.0
1168,H2,1215,56.920998245126285,56.920998245126285,0.0,0.0
1169,Li-Ion,1216,0.0,0.0,0.0,0.0
1169,H2,1216,56.920998245126285,56.920998245126285,0.0,0.0
1170,Li-Ion,1217,0.0,0.0,0.0,0.0
1170,H2,1217,56.920998245126285,56.920998245126285,0.0,0.0
1171,Li-Ion,1218,0.0,0.0,0.0,0.0
1171,H2,1218,56.920998245126285,56.920998245126285,0.0,0.0
1172,Li-Ion,1219,0.0,0.0,0.0,0.0
1172,H2,1219,56.920998245126285,56.920998245126285,0.0,0.0
1173,Li-Ion,1220,0.0,0.0,0.0,0.0
1173,H2,1220,56.920998245126285,56.920998245126285,0.0,0.0
1174,Li-Ion,1221,0.0,0.0,0.0,0.0
1174,H2,1221,56.920998245126285,56.920998245126285,0.0,0.0
1175,Li-Ion,1222,0.0,0.0,0.0,0.0
1175,H2,1222,56.920998245126285,56.920998245126285,0.0,0.0
1176,Li-Ion,1223,0.0,0.0,0.0,0.0
1176,H2,1223,56.920998245126285,56.920998245126285,0.0,0.0
1177,Li-Ion,1224,0.0,0.0,0.0,0.0
1177,H2,1224,56.920998245126285,56.920998245126285,0.0,0.0
1178,Li-Ion,1225,0.0,0.0,0.0,0.0
1178,H2,1225,56.920998245126285,56.920998245126285,0.0,0.0
1179,Li-Ion,1226,0.0,0.0,0.0,0.0
1179,H2,1226,56.920998245126285,56.920998245126285,0.0,0.0
1180,Li-Ion,1227,0.0,0.0,0.0,0.0
1180,H2,1227,56.920998245126285,56.920998245126285,0.0,0.0
1181,Li-Ion,1228,0.0,0.0,0.0,0.0
1181,H2,1228,56.920998245126285,56.920998245126285,0.0,0.0
1182,Li-Ion,1229,0.0,4.412404559513875,0.0,0.0
1182,H2,1229,56.920998245126285,56.920998245126285,0.0,0.0
1183,Li-Ion,1230,0.0,9.770324381780721,0.0,0.0
1183,H2,1230,56.920998245126285,56.920998245126285,0.0,0.0
1184,Li-Ion,1231,0.0,15.128244204047569,0.0,0.0
1184,H2,1231,56.920998245126285,56.920998245126285,0.0,0.0
1185,Li-Ion,1232,0.0,0.0,0.0,0.0
1185,H2,1232,56.920998245126285,56.920998245126285,0.0,0.0
1186,Li-Ion,1233,0.0,0.0,0.0,0.0
1186,H2,1233,56.920998245126285,56.920998245126285,0.0,0.0
1187,Li-Ion,1234,0.0,0.0,0.0,0.0
1187,H2,1234,56.920998245126285,56.920998245126285,0.0,0.0
1188,Li-Ion,1235,0.0,0.0,0.0,0.0
1188,H2,1235,56.920998245126285,56.920998245126285,0.0,0.0
1189,Li-Ion,1236,0.0,0.0,0.0,0.0
1189,H2,1236,56.920998245126285,56.920998245126285,0.0,0.0
1190,Li-Ion,1237,0.0,0.0,0.0,0.0
1190,H2,1237,56.920998245126285,56.920998245126285,0.0,0.0
1191,Li-Ion,1238,0.0,0.0,0.0,0.0
1191,H2,1238,56.920998245126285,56.920998245126285,0.0,0.0
1192,Li-Ion,1239,0.0,0.0,0.0,0.0
1192,H2,1239,56.920998245126285,56.920998245126285,0.0,0.0
1193,Li-Ion,1240,0.0,0.0,0.0,0.0
1193,H2,1240,56.920998245126285,56.920998245126285,0.0,0.0
1194,Li-Ion,1241,0.0,0.0,0.0,0.0
1194,H2,1241,56.920998245126285,56.920998245126285,0.0,0.0
1195,Li-Ion,1242,0.0,0.0,0.0,0.0
1195,H2,1242,56.920998245126285,56.920998245126285,0.0,0.0
1196,Li-Ion,1243,0.0,0.0,0.0,0.0
1196,H2,1243,56.920998245126285,56.920998245126285,0.0,0.0
1197,Li-Ion,1244,0.0,0.0,0.0,0.0
1197,H2,1244,56.920998245126285,56.920998245126285,0.0,0.0
1198,Li-Ion,1245,0.0,0.0,0.0,0.0
1198,H2,1245,56.920998245126285,56.920998245126285,0.0,0.0
1199,Li-Ion,1246,0.0,0.0,0.0,0.0
1199,H2,1246,56.920998245126285,56.920998245126285,0.0,0.0
1200,Li-Ion,1247,0.0,0.0,0.0,0.0
1200,H2,1247,56.920998245126285,56.920998245126285,0.0,0.0
1201,Li-Ion,1248,0.0,0.0,0.0,0.0
1201,H2,1248,56.920998245126285,56.920998245126285,0.0,0.0
1202,Li-Ion,1249,0.0,0.0,0.0,0.0
1202,H2,1249,56.920998245126285,56.920998245126285,0.0,0.0
1203,Li-Ion,1250,0.0,0.0,0.0,0.0
1203,H2,1250,56.920998245126285,56.920998245126285,0.0,0.0
1204,Li-Ion,1251,0.0,0.0,0.0,0.0
1204,H2,1251,56.920998245126285,56.920998245126285,0.0,0.0
1205,Li-Ion,1252,0.0,0.0,0.0,0.0
1205,H2,1252,56.920998245126285,56.920998245126285,0.0,0.0
1206,Li-Ion,1253,0.0,0.0,0.0,0.0
1206,H2,1253,56.920998245126285,56.920998245126285,0.0,0.0
1207,Li-Ion,1254,0.0,0.0,0.0,0.0
1207,H2,1254,56.920998245126285,56.920998245126285,0.0,0.0
1208,Li-Ion,1255,0.0,0.0,0.0,0.0
1208,H2,1255,56.920998245126285,56.920998245126285,0.0,0.0
1209,Li-Ion,1256,0.0,0.0,0.0,0.0
1209,H2,1256,56.920998245126285,56.920998245126285,0.0,0.0
1210,Li-Ion,1257,0.0,0.0,0.0,0.0
1210,H2,1257,56.920998245126285,56.920998245126285,0.0,0.0
1211,Li-Ion,1258,0.0,0.0,0.0,0.0
1211,H2,1258,56.920998245126285,56.920998245126285,0.0,0.0
1212,Li-Ion,1259,0.0,0.0,0.0,0.0
1212,H2,1259,56.920998245126285,56.920998245126285,0.0,0.0
1213,Li-Ion,1260,0.0,0.0,0.0,0.0
1213,H2,1260,56.920998245126285,56.920998245126285,0.0,0.0
1214,Li-Ion,1261,0.0,0.0,0.0,0.0
1214,H2,1261,56.920998245126285,56.920998245126285,0.0,0.0
1215,Li-Ion,1262,0.0,0.0,0.0,0.0
1215,H2,1262,56.920998245126285,56.920998245126285,0.0,0.0
1216,Li-Ion,1263,0.0,0.0,0.0,0.0
1216,H2,1263,56.920998245126285,56.920998245126285,0.0,0.0
1217,Li-Ion,1264,0.0,0.0,0.0,0.0
1217,H2,1264,56.920998245126285,56.920998245126285,0.0,0.0
1218,Li-Ion,1265,0.0,0.0,0.0,0.0
1218,H2,1265,56.920998245126285,56.920998245126285,0.0,0.0
1219,Li-Ion,1266,0.0,0.0,0.0,0.0
1219,H2,1266,56.920998245126285,56.920998245126285,0.0,0.0
1220,Li-Ion,1267,0.0,0.0,0.0,0.0
1220,H2,1267,56.920998245126285,56.920998245126285,0.0,0.0
1221,Li-Ion,1268,0.0,0.0,0.0,0.0
1221,H2,1268,56.920998245126285,56.920998245126285,0.0,0.0
1222,Li-Ion,1269,0.0,0.0,0.0,0.0
1222,H2,1269,56.920998245126285,56.920998245126285,0.0,0.0
1223,Li-Ion,1270,0.0,0.0,0.0,0.0
1223,H2,1270,56.920998245126285,56.920998245126285,0.0,0.0
1224,Li-Ion,1271,0.0,0.0,0.0,0.0
1224,H2,1271,56.920998245126285,56.920998245126285,0.0,0.0
1225,Li-Ion,1272,0.0,0.0,0.0,0.0
1225,H2,1272,56.920998245126285,56.920998245126285,0.0,0.0
1226,Li-Ion,1273,0.0,0.0,0.0,0.0
1226,H2,1273,56.920998245126285,56.920998245126285,0.0,0.0
1227,Li-Ion,1274,0.0,0.0,0.0,0.0
1227,H2,1274,56.920998245126285,56.920998245126285,0.0,0.0
1228,Li-Ion,1275,0.0,0.0,0.0,0.0
1228,H2,1275,56.920998245126285,56.920998245126285,0.0,0.0
1229,Li-Ion,1276,0.0,0.0,0.0,0.0
1229,H2,1276,56.920998245126285,56.920998245126285,0.0,0.0
1230,Li-Ion,1277,0.0,0.0,0.0,0.0
1230,H2,1277,56.920998245126285,56.920998245126285,0.0,0.0
1231,Li-Ion,1278,0.0,0.0,0.0,0.0
1231,H2,1278,56.920998245126285,56.920998245126285,0.0,0.0
1232,Li-Ion,1279,0.0,0.0,0.0,0.0
1232,H2,1279,56.920998245126285,56.920998245126285,0.0,0.0
1233,Li-Ion,1280,0.0,0.0,0.0,0.0
1233,H2,1280,56.920998245126285,56.920998245126285,0.0,0.0
1234,Li-Ion,1281,0.0,0.0,0.0,0.0
1234,H2,1281,56.920998245126285,91.93727745977858,0.0,0.0
1235,Li-Ion,1282,0.0,0.0,0.0,0.0
1235,H2,1282,56.920998245126285,92.91135372826426,0.0,0.0
1236,Li-Ion,1283,0.0,0.0,0.0,0.0
1236,H2,1283,56.920998245126285,101.74033808712453,0.0,0.0
1237,Li-Ion,1284,0.0,4.412404559513875,0.0,0.0
1237,H2,1284,56.920998245126285,105.30524970727215,0.0,0.0
1238,Li-Ion,1285,0.0,0.0,0.0,0.0
1238,H2,1285,56.920998245126285,109.19755181440104,0.0,0.0
1239,Li-Ion,1286,0.0,0.0,0.0,0.0
1239,H2,1286,56.920998245126285,113.41634644083166,0.0,0.0
1240,Li-Ion,1287,0.0,0.0,0.0,0.0
1240,H2,1287,56.920998245126285,115.34611500479974,0.0,0.0
1241,Li-Ion,1288,0.0,0.0,0.0,0.0
1241,H2,1288,56.920998245126285,114.60579187930551,0.0,0.0
1242,Li-Ion,1289,0.0,0.0,0.0,0.0
1242,H2,1289,56.920998245126285,118.96202822275075,0.0,0.0
1243,Li-Ion,1290,0.0,0.0,0.0,0.0
1243,H2,1290,56.920998245126285,116.96788652169556,0.0,0.0
1244,Li-Ion,1291,0.0,0.0,0.0,0.0
1244,H2,1291,56.920998245126285,116.00241076090408,0.0,0.0
1245,Li-Ion,1292,0.0,0.0,0.0,0.0
1245,H2,1292,56.920998245126285,116.27270889205394,0.0,0.0
1246,Li-Ion,1293,0.0,0.0,0.0,0.0
1246,H2,1293,56.920998245126285,56.920998245126285,0.0,0.0
1247,Li-Ion,1294,0.0,0.0,0.0,0.0
1247,H2,1294,56.920998245126285,56.920998245126285,0.0,0.0
1248,Li-Ion,1295,0.0,0.0,0.0,0.0
1248,H2,1295,56.920998245126285,56.920998245126285,0.0,0.0
1249,Li-Ion,1296,0.0,0.0,0.0,0.0
1249,H2,1296,56.920998245126285,56.920998245126285,0.0,0.0
1250,Li-Ion,1297,0.0,0.0,0.0,0.0
1250,H2,1297,56.920998245126285,56.920998245126285,0.0,0.0
1251,Li-Ion,1298,0.0,0.0,0.0,0.0
1251,H2,1298,56.920998245126285,56.920998245126285,0.0,0.0
1252,Li-Ion,1299,0.0,0.0,0.0,0.0
1252,H2,1299,56.920998245126285,56.920998245126285,0.0,0.0
1253,Li-Ion,1300,0.0,0.0,0.0,0.0
1253,H2,1300,56.920998245126285,56.920998245126285,0.0,0.0
1254,Li-Ion,1301,0.0,0.0,0.0,0.0
1254,H2,1301,56.920998245126285,56.920998245126285,0.0,0.0
1255,Li-Ion,1302,0.0,0.0,0.0,0.0
1255,H2,1302,56.920998245126285,56.920998245126285,0.0,0.0
1256,Li-Ion,1303,0.0,0.0,0.0,0.0
1256,H2,1303,56.920998245126285,56.920998245126285,0.0,0.0
1257,Li-Ion,1304,0.0,0.0,0.0,0.0
1257,H2,1304,56.920998245126285,56.920998245126285,0.0,0.0
1258,Li-Ion,1305,0.0,0.0,0.0,0.0
1258,H2,1305,56.920998245126285,56.920998245126285,0.0,0.0
1259,Li-Ion,1306,0.0,0.0,0.0,0.0
1259,H2,1306,56.920998245126285,56.920998245126285,0.0,0.0
1260,Li-Ion,1307,0.0,0.0,0.0,0.0
1260,H2,1307,56.920998245126285,56.920998245126285,0.0,0.0
1261,Li-Ion,1308,0.0,0.0,0.0,0.0
1261,H2,1308,56.920998245126285,56.920998245126285,0.0,0.0
1262,Li-Ion,1309,0.0,0.0,0.0,0.0
1262,H2,1309,56.920998245126285,56.920998245126285,0.0,0.0
1263,Li-Ion,1310,0.0,0.0,0.0,0.0
1263,H2,1310,56.920998245126285,56.920998245126285,0.0,0.0
1264,Li-Ion,1311,0.0,0.0,0.0,0.0
1264,H2,1311,56.920998245126285,56.920998245126285,0.0,0.0
1265,Li-Ion,1312,0.0,0.0,0.0,0.0
1265,H2,1312,56.920998245126285,56.920998245126285,0.0,0.0
1266,Li-Ion,1313,0.0,0.0,0.0,0.0
1266,H2,1313,56.920998245126285,56.920998245126285,0.0,0.0
1267,Li-Ion,1314,0.0,0.0,0.0,0.0
1267,H2,1314,56.920998245126285,56.920998245126285,0.0,0.0
1268,Li-Ion,1315,0.0,0.0,0.0,0.0
1268,H2,1315,56.920998245126285,56.920998245126285,0.0,0.0
1269,Li-Ion,1316,0.0,0.0,0.0,0.0
1269,H2,1316,56.920998245126285,56.920998245126285,0.0,0.0
1270,Li-Ion,1317,0.0,0.0,0.0,0.0
1270,H2,1317,56.920998245126285,51.195507297591526,5.725490947534759,5725.490947534759
1271,Li-Ion,1318,0.0,0.0,0.0,0.0
1271,H2,1318,56.920998245126285,41.8973788742868,15.023619370839484,15023.619370839484
1272,Li-Ion,1319,0.0,0.0,0.0,0.0
1272,H2,1319,56.920998245126285,47.19961555842612,9.721382686700167,9721.382686700166
1273,Li-Ion,1320,0.0,0.0,0.0,0.0
1273,H2,1320,56.920998245126285,47.88498100498715,9.036017240139138,9036.017240139137
1274,Li-Ion,1321,0.0,0.0,0.0,0.0
1274,H2,1321,56.920998245126285,47.44780638068832,9.473191864437965,9473.191864437964
1275,Li-Ion,1322,0.0,0.0,0.0,0.0
1275,H2,1322,56.920998245126285,51.821138354093705,5.09985989103258,5099.85989103258
1276,Li-Ion,1323,0.0,0.0,0.0,0.0
1276,H2,1323,56.920998245126285,56.920998245126285,0.0,0.0
1277,Li-Ion,1324,0.0,0.0,0.0,0.0
1277,H2,1324,56.920998245126285,56.920998245126285,0.0,0.0
1278,Li-Ion,1325,0.0,0.0,0.0,0.0
1278,H2,1325,56.920998245126285,56.920998245126285,0.0,0.0
1279,Li-Ion,1326,0.0,0.0,0.0,0.0
1279,H2,1326,56.920998245126285,56.920998245126285,0.0,0.0
1280,Li-Ion,1327,0.0,0.0,0.0,0.0
1280,H2,1327,56.920998245126285,56.920998245126285,0.0,0.0
1281,Li-Ion,1328,0.0,0.0,0.0,0.0
1281,H2,1328,56.920998245126285,56.920998245126285,0.0,0.0
1282,Li-Ion,1329,0.0,0.0,0.0,0.0
1282,H2,1329,56.920998245126285,56.920998245126285,0.0,0.0
1283,Li-Ion,1330,0.0,0.0,0.0,0.0
1283,H2,1330,56.920998245126285,56.92099824512623,0.0,0.0
1284,Li-Ion,1331,0.0,0.0,0.0,0.0
1284,H2,1331,56.920998245126285,56.92099824512623,0.0,0.0
1285,Li-Ion,1332,0.0,0.0,0.0,0.0
1285,H2,1332,56.920998245126285,56.92099824512624,0.0,0.0
1286,Li-Ion,1333,0.0,0.0,0.0,0.0
1286,H2,1333,56.920998245126285,56.92099824512623,0.0,0.0
1287,Li-Ion,1334,0.0,0.0,0.0,0.0
1287,H2,1334,56.920998245126285,58.862417377416335,0.0,0.0
1288,Li-Ion,1335,0.0,0.0,0.0,0.0
1288,H2,1335,56.920998245126285,64.54548118435054,0.0,0.0
1289,Li-Ion,1336,0.0,0.0,0.0,0.0
1289,H2,1336,56.920998245126285,67.44847509148924,0.0,0.0
1290,Li-Ion,1337,0.0,0.0,0.0,0.0
1290,H2,1337,56.920998245126285,66.49640081568067,0.0,0.0
1291,Li-Ion,1338,0.0,0.0,0.0,0.0
1291,H2,1338,56.920998245126285,70.02427738039356,0.0,0.0
1292,Li-Ion,1339,0.0,0.0,0.0,0.0
1292,H2,1339,56.920998245126285,74.76769387064614,0.0,0.0
1293,Li-Ion,1340,0.0,0.0,0.0,0.0
1293,H2,1340,56.920998245126285,79.2188283660332,0.0,0.0
1294,Li-Ion,1341,0.0,0.0,0.0,0.0
1294,H2,1341,56.920998245126285,83.64550608643333,0.0,0.0
1295,Li-Ion,1342,0.0,0.0,0.0,0.0
1295,H2,1342,56.920998245126285,84.51953222698776,0.0,0.0
1296,Li-Ion,1343,0.0,0.0,0.0,0.0
1296,H2,1343,56.920998245126285,84.54827100636336,0.0,0.0
1297,Li-Ion,1344,0.0,0.0,0.0,0.0
1297,H2,1344,56.920998245126285,84.4451679015713,0.0,0.0
1298,Li-Ion,1345,0.0,0.0,0.0,0.0
1298,H2,1345,56.920998245126285,84.3247705042157,0.0,0.0
1299,Li-Ion,1346,0.0,0.0,0.0,0.0
1299,H2,1346,56.920998245126285,84.24447078759106,0.0,0.0
1300,Li-Ion,1347,0.0,0.0,0.0,0.0
1300,H2,1347,56.920998245126285,56.920998245126285,0.0,0.0
1301,Li-Ion,1348,0.0,0.0,0.0,0.0
1301,H2,1348,56.920998245126285,56.920998245126285,0.0,0.0
1302,Li-Ion,1349,0.0,0.0,0.0,0.0
1302,H2,1349,56.920998245126285,56.920998245126285,0.0,0.0
1303,Li-Ion,1350,0.0,0.0,0.0,0.0
1303,H2,1350,56.920998245126285,56.920998245126285,0.0,0.0
1304,Li-Ion,1351,0.0,0.0,0.0,0.0
1304,H2,1351,56.920998245126285,56.920998245126285,0.0,0.0
1305,Li-Ion,1352,0.0,0.0,0.0,0.0
1305,H2,1352,56.920998245126285,56.920998245126285,0.0,0.0
1306,Li-Ion,1353,0.0,0.0,0.0,0.0
1306,H2,1353,56.920998245126285,56.920998245126285,0.0,0.0
1307,Li-Ion,1354,0.0,0.0,0.0,0.0
1307,H2,1354,56.920998245126285,56.920998245126285,0.0,0.0
1308,Li-Ion,1355,0.0,0.0,0.0,0.0
1308,H2,1355,56.920998245126285,56.920998245126285,0.0,0.0
1309,Li-Ion,1356,0.0,0.0,0.0,0.0
1309,H2,1356,56.920998245126285,56.920998245126285,0.0,0.0
1310,Li-Ion,1357,0.0,0.0,0.0,0.0
1310,H2,1357,56.920998245126285,56.920998245126285,0.0,0.0
1311,Li-Ion,1358,0.0,0.0,0.0,0.0
1311,H2,1358,56.920998245126285,56.920998245126285,0.0,0.0
1312,Li-Ion,1359,0.0,4.412404559513875,0.0,0.0
1312,H2,1359,56.920998245126285,56.920998245126285,0.0,0.0
1313,Li-Ion,1360,0.0,9.770324381780721,0.0,0.0
1313,H2,1360,56.920998245126285,56.92099824512628,0.0,0.0
1314,Li-Ion,1361,0.0,15.128244204047569,0.0,0.0
1314,H2,1361,56.920998245126285,56.920998245126285,0.0,0.0
1315,Li-Ion,1362,0.0,0.0,0.0,0.0
1315,H2,1362,56.920998245126285,56.920998245126285,0.0,0.0
1316,Li-Ion,1363,0.0,0.0,0.0,0.0
1316,H2,1363,56.920998245126285,56.920998245126285,0.0,0.0
1317,Li-Ion,1364,0.0,0.0,0.0,0.0
1317,H2,1364,56.920998245126285,56.920998245126285,0.0,0.0
1318,Li-Ion,1365,0.0,0.0,0.0,0.0
1318,H2,1365,56.920998245126285,56.920998245126285,0.0,0.0
1319,Li-Ion,1366,0.0,0.0,0.0,0.0
1319,H2,1366,56.920998245126285,56.920998245126285,0.0,0.0
1320,Li-Ion,1367,0.0,4.412404559513875,0.0,0.0
1320,H2,1367,56.920998245126285,56.920998245126285,0.0,0.0
1321,Li-Ion,1368,0.0,0.0,0.0,0.0
1321,H2,1368,56.920998245126285,56.920998245126285,0.0,0.0
1322,Li-Ion,1369,0.0,0.0,0.0,0.0
1322,H2,1369,56.920998245126285,56.920998245126285,0.0,0.0
1323,Li-Ion,1370,0.0,4.412404559513875,0.0,0.0
1323,H2,1370,56.920998245126285,56.920998245126285,0.0,0.0
1324,Li-Ion,1371,0.0,0.0,0.0,0.0
1324,H2,1371,56.920998245126285,56.920998245126285,0.0,0.0
1325,Li-Ion,1372,0.0,0.0,0.0,0.0
1325,H2,1372,56.920998245126285,56.920998245126285,0.0,0.0
1326,Li-Ion,1373,0.0,0.0,0.0,0.0
1326,H2,1373,56.920998245126285,56.920998245126285,0.0,0.0
1327,Li-Ion,1374,0.0,0.0,0.0,0.0
1327,H2,1374,56.920998245126285,56.920998245126285,0.0,0.0
1328,Li-Ion,1375,0.0,0.0,0.0,0.0
1328,H2,1375,56.920998245126285,56.920998245126285,0.0,0.0
1329,Li-Ion,1376,0.0,0.0,0.0,0.0
1329,H2,1376,56.920998245126285,56.920998245126285,0.0,0.0
1330,Li-Ion,1377,0.0,0.0,0.0,0.0
1330,H2,1377,56.920998245126285,56.920998245126285,0.0,0.0
1331,Li-Ion,1378,0.0,0.0,0.0,0.0
1331,H2,1378,56.920998245126285,56.920998245126285,0.0,0.0
1332,Li-Ion,1379,0.0,0.0,0.0,0.0
1332,H2,1379,56.920998245126285,56.920998245126285,0.0,0.0
1333,Li-Ion,1380,0.0,0.0,0.0,0.0
1333,H2,1380,56.920998245126285,56.920998245126285,0.0,0.0
1334,Li-Ion,1381,0.0,0.0,0.0,0.0
1334,H2,1381,56.920998245126285,56.920998245126285,0.0,0.0
1335,Li-Ion,1382,0.0,4.412404559513875,0.0,0.0
1335,H2,1382,56.920998245126285,56.920998245126285,0.0,0.0
1336,Li-Ion,1383,0.0,9.770324381780721,0.0,0.0
1336,H2,1383,56.920998245126285,56.92099824512628,0.0,0.0
1337,Li-Ion,1384,0.0,0.0,0.0,0.0
1337,H2,1384,56.920998245126285,56.920998245126285,0.0,0.0
1338,Li-Ion,1385,0.0,0.0,0.0,0.0
1338,H2,1385,56.920998245126285,56.920998245126285,0.0,0.0
1339,Li-Ion,1386,0.0,0.0,0.0,0.0
1339,H2,1386,56.920998245126285,56.920998245126285,0.0,0.0
1340,Li-Ion,1387,0.0,0.0,0.0,0.0
1340,H2,1387,56.920998245126285,56.920998245126285,0.0,0.0
1341,Li-Ion,1388,0.0,0.0,0.0,0.0
1341,H2,1388,56.920998245126285,56.920998245126285,0.0,0.0
1342,Li-Ion,1389,0.0,0.0,0.0,0.0
1342,H2,1389,56.920998245126285,56.920998245126285,0.0,0.0
1343,Li-Ion,1390,0.0,0.0,0.0,0.0
1343,H2,1390,56.920998245126285,56.920998245126285,0.0,0.0
1344,Li-Ion,1391,0.0,0.0,0.0,0.0
1344,H2,1391,56.920998245126285,56.920998245126285,0.0,0.0
1345,Li-Ion,1392,0.0,0.0,0.0,0.0
1345,H2,1392,56.920998245126285,56.920998245126285,0.0,0.0
1346,Li-Ion,1393,0.0,0.0,0.0,0.0
1346,H2,1393,56.920998245126285,56.920998245126285,0.0,0.0
1347,Li-Ion,1394,0.0,0.0,0.0,0.0
1347,H2,1394,56.920998245126285,56.920998245126285,0.0,0.0
1348,Li-Ion,1395,0.0,0.0,0.0,0.0
1348,H2,1395,56.920998245126285,56.920998245126285,0.0,0.0
1349,Li-Ion,1396,0.0,0.0,0.0,0.0
1349,H2,1396,56.920998245126285,56.920998245126285,0.0,0.0
1350,Li-Ion,1397,0.0,0.0,0.0,0.0
1350,H2,1397,56.920998245126285,56.920998245126285,0.0,0.0
1351,Li-Ion,1398,0.0,0.0,0.0,0.0
1351,H2,1398,56.920998245126285,56.920998245126285,0.0,0.0
1352,Li-Ion,1399,0.0,0.0,0.0,0.0
1352,H2,1399,56.920998245126285,56.920998245126285,0.0,0.0
1353,Li-Ion,1400,0.0,0.0,0.0,0.0
1353,H2,1400,56.920998245126285,56.920998245126285,0.0,0.0
1354,Li-Ion,1401,0.0,0.0,0.0,0.0
1354,H2,1401,56.920998245126285,55.03855357782706,1.8824446672992252,1882.4446672992253
1355,Li-Ion,1402,0.0,0.0,0.0,0.0
1355,H2,1402,56.920998245126285,47.41255502514463,9.508443219981658,9508.443219981658
1356,Li-Ion,1403,0.0,0.0,0.0,0.0
1356,H2,1403,56.920998245126285,41.416008350264185,15.5049898948621,15504.9898948621
1357,Li-Ion,1404,0.0,0.0,0.0,0.0
1357,H2,1404,56.920998245126285,37.792269713865394,19.12872853126089,19128.72853126089
1358,Li-Ion,1405,0.0,0.0,0.0,0.0
1358,H2,1405,56.920998245126285,29.356876595964202,27.564121649162082,27564.121649162083
1359,Li-Ion,1406,0.0,0.0,0.0,0.0
1359,H2,1406,56.920998245126285,25.641370807092795,31.27962743803349,31279.62743803349
1360,Li-Ion,1407,0.0,0.0,0.0,0.0
1360,H2,1407,56.920998245126285,21.542655136533174,35.378343108593114,35378.343108593115
1361,Li-Ion,1408,0.0,0.0,0.0,0.0
1361,H2,1408,56.920998245126285,12.2099941967942,44.711004048332086,44711.004048332084
1362,Li-Ion,1409,0.0,0.0,0.0,0.0
1362,H2,1409,56.920998245126285,8.087609450689543,48.83338879443674,48833.388794436745
1363,Li-Ion,1410,0.0,0.0,0.0,0.0
1363,H2,1410,56.920998245126285,11.601010611852221,45.31998763327407,45319.98763327407
1364,Li-Ion,1411,0.0,0.0,0.0,0.0
1364,H2,1411,56.920998245126285,22.579761618842372,34.341236626283916,34341.23662628391
1365,Li-Ion,1412,0.0,0.0,0.0,0.0
1365,H2,1412,56.920998245126285,34.202682241066206,22.71831600406008,22718.316004060078
1366,Li-Ion,1413,0.0,0.0,0.0,0.0
1366,H2,1413,56.920998245126285,40.36015923009889,16.560839015027398,16560.8390150274
1367,Li-Ion,1414,0.0,0.0,0.0,0.0
1367,H2,1414,56.920998245126285,50.622665377403486,6.298332867722799,6298.332867722799
1368,Li-Ion,1415,0.0,0.0,0.0,0.0
1368,H2,1415,56.920998245126285,56.920998245126285,0.0,0.0
1369,Li-Ion,1416,0.0,0.0,0.0,0.0
1369,H2,1416,56.920998245126285,56.920998245126285,0.0,0.0
1370,Li-Ion,1417,0.0,0.0,0.0,0.0
1370,H2,1417,56.920998245126285,56.920998245126285,0.0,0.0
1371,Li-Ion,1418,0.0,0.0,0.0,0.0
1371,H2,1418,56.920998245126285,56.920998245126285,0.0,0.0
1372,Li-Ion,1419,0.0,0.0,0.0,0.0
1372,H2,1419,56.920998245126285,56.920998245126285,0.0,0.0
1373,Li-Ion,1420,0.0,0.0,0.0,0.0
1373,H2,1420,56.920998245126285,56.920998245126285,0.0,0.0
1374,Li-Ion,1421,0.0,4.412404559513875,0.0,0.0
1374,H2,1421,56.920998245126285,56.920998245126285,0.0,0.0
1375,Li-Ion,1422,0.0,9.770324381780721,0.0,0.0
1375,H2,1422,56.920998245126285,56.920998245126285,0.0,0.0
1376,Li-Ion,1423,0.0,15.128244204047569,0.0,0.0
1376,H2,1423,56.920998245126285,56.920998245126285,0.0,0.0
1377,Li-Ion,1424,0.0,20.486164026314416,0.0,0.0
1377,H2,1424,56.920998245126285,103.98180787427866,0.0,0.0
1378,Li-Ion,1425,0.0,21.539204737247026,0.0,0.0
1378,H2,1425,56.920998245126285,115.894442557135,0.0,0.0
1379,Li-Ion,1426,0.0,0.0,0.0,0.0
1379,H2,1426,56.920998245126285,121.89776411496433,0.0,0.0
1380,Li-Ion,1427,0.0,0.0,0.0,0.0
1380,H2,1427,56.920998245126285,127.05324488926544,0.0,0.0
1381,Li-Ion,1428,0.0,0.0,0.0,0.0
1381,H2,1428,56.920998245126285,56.920998245126285,0.0,0.0
1382,Li-Ion,1429,0.0,0.0,0.0,0.0
1382,H2,1429,56.920998245126285,137.7144788928064,0.0,0.0
1383,Li-Ion,1430,0.0,15.235769652227205,0.0,0.0
1383,H2,1430,56.920998245126285,74.49182586606635,0.0,0.0
1384,Li-Ion,1431,0.0,20.593689474494052,0.0,0.0
1384,H2,1431,56.920998245126285,87.46256544300026,0.0,0.0
1385,Li-Ion,1432,0.0,21.539204737247026,0.0,0.0
1385,H2,1432,56.920998245126285,95.7260655424711,0.0,0.0
1386,Li-Ion,1433,0.0,16.18128491498018,0.0,0.0
1386,H2,1433,56.920998245126285,99.42770128035778,0.0,0.0
1387,Li-Ion,1434,0.0,0.0,0.0,0.0
1387,H2,1434,56.920998245126285,91.52447474479916,0.0,0.0
1388,Li-Ion,1435,0.0,0.0,0.0,0.0
1388,H2,1435,56.920998245126285,86.72720466599387,0.0,0.0
1389,Li-Ion,1436,0.0,0.0,0.0,0.0
1389,H2,1436,56.920998245126285,84.8405265683842,0.0,0.0
1390,Li-Ion,1437,0.0,0.0,0.0,0.0
1390,H2,1437,56.920998245126285,80.17665401039554,0.0,0.0
1391,Li-Ion,1438,0.0,0.0,0.0,0.0
1391,H2,1438,56.920998245126285,56.920998245126285,0.0,0.0
1392,Li-Ion,1439,0.0,0.0,0.0,0.0
1392,H2,1439,56.920998245126285,56.920998245126285,0.0,0.0
1393,Li-Ion,1440,0.0,0.0,0.0,0.0
1393,H2,1440,56.920998245126285,56.920998245126285,0.0,0.0
1394,Li-Ion,1441,0.0,0.0,0.0,0.0
1394,H2,1441,56.920998245126285,56.920998245126285,0.0,0.0
1395,Li-Ion,1442,0.0,0.0,0.0,0.0
1395,H2,1442,56.920998245126285,56.920998245126285,0.0,0.0
1396,Li-Ion,1443,0.0,0.0,0.0,0.0
1396,H2,1443,56.920998245126285,56.920998245126285,0.0,0.0
1397,Li-Ion,1444,0.0,0.0,0.0,0.0
1397,H2,1444,56.920998245126285,56.920998245126285,0.0,0.0
1398,Li-Ion,1445,0.0,0.0,0.0,0.0
1398,H2,1445,56.920998245126285,56.920998245126285,0.0,0.0
1399,Li-Ion,1446,0.0,0.0,0.0,0.0
1399,H2,1446,56.920998245126285,56.920998245126285,0.0,0.0
1400,Li-Ion,1447,0.0,0.0,0.0,0.0
1400,H2,1447,56.920998245126285,56.920998245126285,0.0,0.0
1401,Li-Ion,1448,0.0,0.0,0.0,0.0
1401,H2,1448,56.920998245126285,56.920998245126285,0.0,0.0
1402,Li-Ion,1449,0.0,0.0,0.0,0.0
1402,H2,1449,56.920998245126285,56.920998245126285,0.0,0.0
1403,Li-Ion,1450,0.0,0.0,0.0,0.0
1403,H2,1450,56.920998245126285,56.920998245126285,0.0,0.0
1404,Li-Ion,1451,0.0,0.0,0.0,0.0
1404,H2,1451,56.920998245126285,56.920998245126285,0.0,0.0
1405,Li-Ion,1452,0.0,0.0,0.0,0.0
1405,H2,1452,56.920998245126285,56.920998245126285,0.0,0.0
1406,Li-Ion,1453,0.0,4.412404559513875,0.0,0.0
1406,H2,1453,56.920998245126285,56.920998245126285,0.0,0.0
1407,Li-Ion,1454,0.0,9.770324381780721,0.0,0.0
1407,H2,1454,56.920998245126285,56.92099824512628,0.0,0.0
1408,Li-Ion,1455,0.0,15.128244204047569,0.0,0.0
1408,H2,1455,56.920998245126285,56.920998245126285,0.0,0.0
1409,Li-Ion,1456,0.0,0.0,0.0,0.0
1409,H2,1456,56.920998245126285,56.920998245126285,0.0,0.0
1410,Li-Ion,1457,0.0,0.0,0.0,0.0
1410,H2,1457,56.920998245126285,56.920998245126285,0.0,0.0
1411,Li-Ion,1458,0.0,0.0,0.0,0.0
1411,H2,1458,56.920998245126285,56.920998245126285,0.0,0.0
1412,Li-Ion,1459,0.0,0.0,0.0,0.0
1412,H2,1459,56.920998245126285,56.920998245126285,0.0,0.0
1413,Li-Ion,1460,0.0,0.0,0.0,0.0
1413,H2,1460,56.920998245126285,56.920998245126285,0.0,0.0
1414,Li-Ion,1461,0.0,0.0,0.0,0.0
1414,H2,1461,56.920998245126285,56.920998245126285,0.0,0.0
1415,Li-Ion,1462,0.0,0.0,0.0,0.0
1415,H2,1462,56.920998245126285,56.920998245126285,0.0,0.0
1416,Li-Ion,1463,0.0,0.0,0.0,0.0
1416,H2,1463,56.920998245126285,56.920998245126285,0.0,0.0
1417,Li-Ion,1464,0.0,0.0,0.0,0.0
1417,H2,1464,56.920998245126285,56.920998245126285,0.0,0.0
1418,Li-Ion,1465,0.0,0.0,0.0,0.0
1418,H2,1465,56.920998245126285,56.920998245126285,0.0,0.0
1419,Li-Ion,1466,0.0,0.0,0.0,0.0
1419,H2,1466,56.920998245126285,56.920998245126285,0.0,0.0
1420,Li-Ion,1467,0.0,0.0,0.0,0.0
1420,H2,1467,56.920998245126285,56.920998245126285,0.0,0.0
1421,Li-Ion,1468,0.0,0.0,0.0,0.0
1421,H2,1468,56.920998245126285,56.920998245126285,0.0,0.0
1422,Li-Ion,1469,0.0,0.0,0.0,0.0
1422,H2,1469,56.920998245126285,56.920998245126285,0.0,0.0
1423,Li-Ion,1470,0.0,0.0,0.0,0.0
1423,H2,1470,56.920998245126285,56.920998245126285,0.0,0.0
1424,Li-Ion,1471,0.0,0.0,0.0,0.0
1424,H2,1471,56.920998245126285,56.920998245126285,0.0,0.0
1425,Li-Ion,1472,0.0,0.0,0.0,0.0
1425,H2,1472,56.920998245126285,56.920998245126285,0.0,0.0
1426,Li-Ion,1473,0.0,0.0,0.0,0.0
1426,H2,1473,56.920998245126285,56.920998245126285,0.0,0.0
1427,Li-Ion,1474,0.0,0.0,0.0,0.0
1427,H2,1474,56.920998245126285,87.77222445535524,0.0,0.0
1428,Li-Ion,1475,0.0,0.0,0.0,0.0
1428,H2,1475,56.920998245126285,91.89113565242936,0.0,0.0
1429,Li-Ion,1476,0.0,0.0,0.0,0.0
1429,H2,1476,56.920998245126285,91.89113565242931,0.0,0.0
1430,Li-Ion,1477,0.0,0.0,0.0,0.0
1430,H2,1477,56.920998245126285,96.17777378378118,0.0,0.0
1431,Li-Ion,1478,0.0,4.412404559513875,0.0,0.0
1431,H2,1478,56.920998245126285,97.34112397569926,0.0,0.0
1432,Li-Ion,1479,0.0,0.0,0.0,0.0
1432,H2,1479,56.920998245126285,103.50219434756303,0.0,0.0
1433,Li-Ion,1480,0.0,0.0,0.0,0.0
1433,H2,1480,56.920998245126285,112.23488418939351,0.0,0.0
1434,Li-Ion,1481,0.0,0.0,0.0,0.0
1434,H2,1481,56.920998245126285,114.96634337135873,0.0,0.0
1435,Li-Ion,1482,0.0,0.0,0.0,0.0
1435,H2,1482,56.920998245126285,113.05547737014516,0.0,0.0
1436,Li-Ion,1483,0.0,0.0,0.0,0.0
1436,H2,1483,56.920998245126285,120.92869830815846,0.0,0.0
1437,Li-Ion,1484,0.0,0.0,0.0,0.0
1437,H2,1484,56.920998245126285,126.31863614147713,0.0,0.0
1438,Li-Ion,1485,0.0,0.0,0.0,0.0
1438,H2,1485,56.920998245126285,131.88455106138437,0.0,0.0
1439,Li-Ion,1486,0.0,0.0,0.0,0.0
1439,H2,1486,56.920998245126285,128.82787944625764,0.0,0.0
1440,Li-Ion,1487,0.0,0.0,0.0,0.0
1440,H2,1487,56.920998245126285,131.2928984659652,0.0,0.0
1441,Li-Ion,1488,0.0,0.0,0.0,0.0
1441,H2,1488,56.920998245126285,130.72534903388635,0.0,0.0
1442,Li-Ion,1489,0.0,0.0,0.0,0.0
1442,H2,1489,56.920998245126285,130.6754583831509,0.0,0.0
1443,Li-Ion,1490,0.0,0.0,0.0,0.0
1443,H2,1490,56.920998245126285,131.17579987598606,0.0,0.0
1444,Li-Ion,1491,0.0,0.0,0.0,0.0
1444,H2,1491,56.920998245126285,127.99747998124764,0.0,0.0
1445,Li-Ion,1492,0.0,0.0,0.0,0.0
1445,H2,1492,56.920998245126285,128.73300821994349,0.0,0.0
1446,Li-Ion,1493,0.0,0.0,0.0,0.0
1446,H2,1493,56.920998245126285,124.15768576099478,0.0,0.0
1447,Li-Ion,1494,0.0,0.0,0.0,0.0
1447,H2,1494,56.920998245126285,120.78577122790085,0.0,0.0
1448,Li-Ion,1495,0.0,0.0,0.0,0.0
1448,H2,1495,56.920998245126285,116.75789816441073,0.0,0.0
1449,Li-Ion,1496,0.0,0.0,0.0,0.0
1449,H2,1496,56.920998245126285,111.59833225863532,0.0,0.0
1450,Li-Ion,1497,0.0,0.0,0.0,0.0
1450,H2,1497,56.920998245126285,110.23652531352015,0.0,0.0
1451,Li-Ion,1498,0.0,0.0,0.0,0.0
1451,H2,1498,56.920998245126285,114.51215871861463,0.0,0.0
1452,Li-Ion,1499,0.0,0.0,0.0,0.0
1452,H2,1499,56.920998245126285,114.44586472974687,0.0,0.0
1453,Li-Ion,1500,0.0,0.0,0.0,0.0
1453,H2,1500,56.920998245126285,118.599788560066,0.0,0.0
1454,Li-Ion,1501,0.0,3.466889296760902,0.0,0.0
1454,H2,1501,56.920998245126285,69.38570347258609,0.0,0.0
1455,Li-Ion,1502,0.0,8.824809119027748,0.0,0.0
1455,H2,1502,56.920998245126285,77.86937026182736,0.0,0.0
1456,Li-Ion,1503,0.0,16.18128491498018,0.0,0.0
1456,H2,1503,56.920998245126285,78.58685991619555,0.0,0.0
1457,Li-Ion,1504,0.0,16.18128491498018,0.0,0.0
1457,H2,1504,56.920998245126285,82.20866443601282,0.0,0.0
1458,Li-Ion,1505,0.0,16.18128491498018,0.0,0.0
1458,H2,1505,56.920998245126285,83.47450128676617,0.0,0.0
1459,Li-Ion,1506,0.0,0.0,0.0,0.0
1459,H2,1506,56.920998245126285,79.33650692008459,0.0,0.0
1460,Li-Ion,1507,0.0,0.0,0.0,0.0
1460,H2,1507,56.920998245126285,74.75400292856966,0.0,0.0
1461,Li-Ion,1508,0.0,0.0,0.0,0.0
1461,H2,1508,56.920998245126285,73.204720883634,0.0,0.0
1462,Li-Ion,1509,0.0,0.0,0.0,0.0
1462,H2,1509,56.920998245126285,68.96398321251948,0.0,0.0
1463,Li-Ion,1510,0.0,0.0,0.0,0.0
1463,H2,1510,56.920998245126285,67.36578705673632,0.0,0.0
1464,Li-Ion,1511,0.0,0.0,0.0,0.0
1464,H2,1511,56.920998245126285,65.78445848999252,0.0,0.0
1465,Li-Ion,1512,0.0,0.0,0.0,0.0
1465,H2,1512,56.920998245126285,107.30605223676326,0.0,0.0
1466,Li-Ion,1513,0.0,0.0,0.0,0.0
1466,H2,1513,56.920998245126285,106.0936019911777,0.0,0.0
1467,Li-Ion,1514,0.0,0.0,0.0,0.0
1467,H2,1514,56.920998245126285,104.16105821838495,0.0,0.0
1468,Li-Ion,1515,0.0,0.0,0.0,0.0
1468,H2,1515,56.920998245126285,100.51400339291276,0.0,0.0
1469,Li-Ion,1516,0.0,0.0,0.0,0.0
1469,H2,1516,56.920998245126285,98.62819531228975,0.0,0.0
1470,Li-Ion,1517,0.0,0.0,0.0,0.0
1470,H2,1517,56.920998245126285,95.40064871790393,0.0,0.0
1471,Li-Ion,1518,0.0,0.0,0.0,0.0
1471,H2,1518,56.920998245126285,96.21233440587602,0.0,0.0
1472,Li-Ion,1519,0.0,0.0,0.0,0.0
1472,H2,1519,56.920998245126285,97.98060213659961,0.0,0.0
1473,Li-Ion,1520,0.0,0.0,0.0,0.0
1473,H2,1520,56.920998245126285,98.03205700847323,0.0,0.0
1474,Li-Ion,1521,0.0,0.0,0.0,0.0
1474,H2,1521,56.920998245126285,100.18890571226144,0.0,0.0
1475,Li-Ion,1522,0.0,0.0,0.0,0.0
1475,H2,1522,56.920998245126285,100.24030537334984,0.0,0.0
1476,Li-Ion,1523,0.0,0.0,0.0,0.0
1476,H2,1523,56.920998245126285,103.56926580596625,0.0,0.0
1477,Li-Ion,1524,0.0,4.412404559513875,0.0,0.0
1477,H2,1524,56.920998245126285,70.18260926725011,0.0,0.0
1478,Li-Ion,1525,0.0,0.0,0.0,0.0
1478,H2,1525,56.920998245126285,105.67592504983803,0.0,0.0
1479,Li-Ion,1526,0.0,0.0,0.0,0.0
1479,H2,1526,56.920998245126285,108.26707639091403,0.0,0.0
1480,Li-Ion,1527,0.0,0.0,0.0,0.0
1480,H2,1527,56.920998245126285,108.4201977321623,0.0,0.0
1481,Li-Ion,1528,0.0,0.0,0.0,0.0
1481,H2,1528,56.920998245126285,120.46092891136922,0.0,0.0
1482,Li-Ion,1529,0.0,0.0,0.0,0.0
1482,H2,1529,56.920998245126285,120.60270983590746,0.0,0.0
1483,Li-Ion,1530,0.0,0.0,0.0,0.0
1483,H2,1530,56.920998245126285,123.70976503990144,0.0,0.0
1484,Li-Ion,1531,0.0,0.0,0.0,0.0
1484,H2,1531,56.920998245126285,123.6420543506419,0.0,0.0
1485,Li-Ion,1532,0.0,0.0,0.0,0.0
1485,H2,1532,56.920998245126285,116.58334233115554,0.0,0.0
1486,Li-Ion,1533,0.0,0.0,0.0,0.0
1486,H2,1533,56.920998245126285,115.64477736320501,0.0,0.0
1487,Li-Ion,1534,0.0,0.0,0.0,0.0
1487,H2,1534,56.920998245126285,113.96836505818737,0.0,0.0
1488,Li-Ion,1535,0.0,0.0,0.0,0.0
1488,H2,1535,56.920998245126285,109.570399782859,0.0,0.0
1489,Li-Ion,1536,0.0,0.0,0.0,0.0
1489,H2,1536,56.920998245126285,106.81214483584222,0.0,0.0
1490,Li-Ion,1537,0.0,0.0,0.0,0.0
1490,H2,1537,56.920998245126285,103.09304067616075,0.0,0.0
1491,Li-Ion,1538,0.0,0.0,0.0,0.0
1491,H2,1538,56.920998245126285,101.4374934527328,0.0,0.0
1492,Li-Ion,1539,0.0,0.0,0.0,0.0
1492,H2,1539,56.920998245126285,99.55675300342499,0.0,0.0
1493,Li-Ion,1540,0.0,0.0,0.0,0.0
1493,H2,1540,56.920998245126285,95.62175698560617,0.0,0.0
1494,Li-Ion,1541,0.0,0.0,0.0,0.0
1494,H2,1541,56.920998245126285,92.17054359676703,0.0,0.0
1495,Li-Ion,1542,0.0,0.0,0.0,0.0
1495,H2,1542,56.920998245126285,86.8808023672566,0.0,0.0
1496,Li-Ion,1543,0.0,0.0,0.0,0.0
1496,H2,1543,56.920998245126285,81.22427651833198,0.0,0.0
1497,Li-Ion,1544,0.0,0.0,0.0,0.0
1497,H2,1544,56.920998245126285,76.03434180812093,0.0,0.0
1498,Li-Ion,1545,0.0,0.0,0.0,0.0
1498,H2,1545,56.920998245126285,71.02616657471012,0.0,0.0
1499,Li-Ion,1546,0.0,0.0,0.0,0.0
1499,H2,1546,56.920998245126285,72.32402590883777,0.0,0.0
1500,Li-Ion,1547,0.0,0.0,0.0,0.0
1500,H2,1547,56.920998245126285,68.83186824694165,0.0,0.0
1501,Li-Ion,1548,0.0,0.0,0.0,0.0
1501,H2,1548,56.920998245126285,72.1357483953582,0.0,0.0
1502,Li-Ion,1549,0.0,0.0,0.0,0.0
1502,H2,1549,56.920998245126285,71.50531239831986,0.0,0.0
1503,Li-Ion,1550,0.0,0.0,0.0,0.0
1503,H2,1550,56.920998245126285,79.10450553582692,0.0,0.0
1504,Li-Ion,1551,0.0,0.0,0.0,0.0
1504,H2,1551,56.920998245126285,81.83694975310556,0.0,0.0
1505,Li-Ion,1552,0.0,0.0,0.0,0.0
1505,H2,1552,56.920998245126285,98.95006950238565,0.0,0.0
1506,Li-Ion,1553,0.0,0.0,0.0,0.0
1506,H2,1553,56.920998245126285,98.76156296878534,0.0,0.0
1507,Li-Ion,1554,0.0,0.0,0.0,0.0
1507,H2,1554,56.920998245126285,98.91901909804042,0.0,0.0
1508,Li-Ion,1555,0.0,0.0,0.0,0.0
1508,H2,1555,56.920998245126285,92.58916567814913,0.0,0.0
1509,Li-Ion,1556,0.0,0.0,0.0,0.0
1509,H2,1556,56.920998245126285,87.84533145316702,0.0,0.0
1510,Li-Ion,1557,0.0,0.0,0.0,0.0
1510,H2,1557,56.920998245126285,86.77545282160062,0.0,0.0
1511,Li-Ion,1558,0.0,0.0,0.0,0.0
1511,H2,1558,56.920998245126285,86.840633688732,0.0,0.0
1512,Li-Ion,1559,0.0,0.0,0.0,0.0
1512,H2,1559,56.920998245126285,86.48169408422618,0.0,0.0
1513,Li-Ion,1560,0.0,0.0,0.0,0.0
1513,H2,1560,56.920998245126285,84.37596629108259,0.0,0.0
1514,Li-Ion,1561,0.0,0.0,0.0,0.0
1514,H2,1561,56.920998245126285,86.21670200485084,0.0,0.0
1515,Li-Ion,1562,0.0,0.0,0.0,0.0
1515,H2,1562,56.920998245126285,84.69503063160231,0.0,0.0
1516,Li-Ion,1563,0.0,0.0,0.0,0.0
1516,H2,1563,56.920998245126285,84.9866811756443,0.0,0.0
1517,Li-Ion,1564,0.0,0.0,0.0,0.0
1517,H2,1564,56.920998245126285,84.76731840683608,0.0,0.0
1518,Li-Ion,1565,0.0,0.0,0.0,0.0
1518,H2,1565,56.920998245126285,86.41408058589063,0.0,0.0
1519,Li-Ion,1566,0.0,0.0,0.0,0.0
1519,H2,1566,56.920998245126285,90.30679612944813,0.0,0.0
1520,Li-Ion,1567,0.0,0.0,0.0,0.0
1520,H2,1567,56.920998245126285,87.74440927073354,0.0,0.0
1521,Li-Ion,1568,0.0,0.0,0.0,0.0
1521,H2,1568,56.920998245126285,95.82955068701216,0.0,0.0
1522,Li-Ion,1569,0.0,4.412404559513875,0.0,0.0
1522,H2,1569,56.920998245126285,103.71086119744751,0.0,0.0
1523,Li-Ion,1570,0.0,9.770324381780721,0.0,0.0
1523,H2,1570,56.920998245126285,110.9495422680938,0.0,0.0
1524,Li-Ion,1571,0.0,15.128244204047569,0.0,0.0
1524,H2,1571,56.920998245126285,121.23440953628563,0.0,0.0
1525,Li-Ion,1572,0.0,20.486164026314416,0.0,0.0
1525,H2,1572,56.920998245126285,132.3083280100148,0.0,0.0
1526,Li-Ion,1573,0.0,21.539204737247026,0.0,0.0
1526,H2,1573,56.920998245126285,76.70638258673614,0.0,0.0
1527,Li-Ion,1574,0.0,21.539204737247026,0.0,0.0
1527,H2,1574,56.920998245126285,89.91252843724833,0.0,0.0
1528,Li-Ion,1575,0.0,21.539204737247026,0.0,0.0
1528,H2,1575,56.920998245126285,101.24583431719176,0.0,0.0
1529,Li-Ion,1576,0.0,21.539204737247026,0.0,0.0
1529,H2,1576,56.920998245126285,111.42739941567005,0.0,0.0
1530,Li-Ion,1577,0.0,16.18128491498018,0.0,0.0
1530,H2,1577,56.920998245126285,113.82936433344882,0.0,0.0
1531,Li-Ion,1578,0.0,0.0,0.0,0.0
1531,H2,1578,56.920998245126285,104.84037504953933,0.0,0.0
1532,Li-Ion,1579,0.0,0.0,0.0,0.0
1532,H2,1579,56.920998245126285,101.74802933203614,0.0,0.0
1533,Li-Ion,1580,0.0,0.0,0.0,0.0
1533,H2,1580,56.920998245126285,99.7039646752799,0.0,0.0
1534,Li-Ion,1581,0.0,0.0,0.0,0.0
1534,H2,1581,56.920998245126285,97.77824509767778,0.0,0.0
1535,Li-Ion,1582,0.0,0.0,0.0,0.0
1535,H2,1582,56.920998245126285,95.83241343415698,0.0,0.0
1536,Li-Ion,1583,0.0,0.0,0.0,0.0
1536,H2,1583,56.920998245126285,91.27130857556845,0.0,0.0
1537,Li-Ion,1584,0.0,0.0,0.0,0.0
1537,H2,1584,56.920998245126285,87.34856638368277,0.0,0.0
1538,Li-Ion,1585,0.0,0.0,0.0,0.0
1538,H2,1585,56.920998245126285,83.3425933600092,0.0,0.0
1539,Li-Ion,1586,0.0,0.0,0.0,0.0
1539,H2,1586,56.920998245126285,79.43042982397027,0.0,0.0
1540,Li-Ion,1587,0.0,0.0,0.0,0.0
1540,H2,1587,56.920998245126285,78.35445294505266,0.0,0.0
1541,Li-Ion,1588,0.0,0.0,0.0,0.0
1541,H2,1588,56.920998245126285,56.920998245126285,0.0,0.0
1542,Li-Ion,1589,0.0,0.0,0.0,0.0
1542,H2,1589,56.920998245126285,56.920998245126285,0.0,0.0
1543,Li-Ion,1590,0.0,0.0,0.0,0.0
1543,H2,1590,56.920998245126285,56.920998245126285,0.0,0.0
1544,Li-Ion,1591,0.0,0.0,0.0,0.0
1544,H2,1591,56.920998245126285,56.920998245126285,0.0,0.0
1545,Li-Ion,1592,0.0,0.0,0.0,0.0
1545,H2,1592,56.920998245126285,56.920998245126285,0.0,0.0
1546,Li-Ion,1593,0.0,0.0,0.0,0.0
1546,H2,1593,56.920998245126285,56.920998245126285,0.0,0.0
1547,Li-Ion,1594,0.0,0.0,0.0,0.0
1547,H2,1594,56.920998245126285,56.920998245126285,0.0,0.0
1548,Li-Ion,1595,0.0,0.0,0.0,0.0
1548,H2,1595,56.920998245126285,56.920998245126285,0.0,0.0
1549,Li-Ion,1596,0.0,0.0,0.0,0.0
1549,H2,1596,56.920998245126285,56.920998245126285,0.0,0.0
1550,Li-Ion,1597,0.0,0.0,0.0,0.0
1550,H2,1597,56.920998245126285,56.920998245126285,0.0,0.0
1551,Li-Ion,1598,0.0,0.0,0.0,0.0
1551,H2,1598,56.920998245126285,56.920998245126285,0.0,0.0
1552,Li-Ion,1599,0.0,0.0,0.0,0.0
1552,H2,1599,56.920998245126285,56.920998245126285,0.0,0.0
1553,Li-Ion,1600,0.0,0.0,0.0,0.0
1553,H2,1600,56.920998245126285,56.920998245126285,0.0,0.0
1554,Li-Ion,1601,0.0,0.0,0.0,0.0
1554,H2,1601,56.920998245126285,56.920998245126285,0.0,0.0
1555,Li-Ion,1602,0.0,0.0,0.0,0.0
1555,H2,1602,56.920998245126285,56.920998245126285,0.0,0.0
1556,Li-Ion,1603,0.0,0.0,0.0,0.0
1556,H2,1603,56.920998245126285,56.920998245126285,0.0,0.0
1557,Li-Ion,1604,0.0,0.0,0.0,0.0
1557,H2,1604,56.920998245126285,56.920998245126285,0.0,0.0
1558,Li-Ion,1605,0.0,0.0,0.0,0.0
1558,H2,1605,56.920998245126285,56.920998245126285,0.0,0.0
1559,Li-Ion,1606,0.0,0.0,0.0,0.0
1559,H2,1606,56.920998245126285,56.920998245126285,0.0,0.0
1560,Li-Ion,1607,0.0,0.0,0.0,0.0
1560,H2,1607,56.920998245126285,56.920998245126285,0.0,0.0
1561,Li-Ion,1608,0.0,0.0,0.0,0.0
1561,H2,1608,56.920998245126285,56.920998245126285,0.0,0.0
1562,Li-Ion,1609,0.0,0.0,0.0,0.0
1562,H2,1609,56.920998245126285,56.920998245126285,0.0,0.0
1563,Li-Ion,1610,0.0,0.0,0.0,0.0
1563,H2,1610,56.920998245126285,56.920998245126285,0.0,0.0
1564,Li-Ion,1611,0.0,0.0,0.0,0.0
1564,H2,1611,56.920998245126285,56.920998245126285,0.0,0.0
1565,Li-Ion,1612,0.0,0.0,0.0,0.0
1565,H2,1612,56.920998245126285,56.920998245126285,0.0,0.0
1566,Li-Ion,1613,0.0,0.0,0.0,0.0
1566,H2,1613,56.920998245126285,56.920998245126285,0.0,0.0
1567,Li-Ion,1614,0.0,0.0,0.0,0.0
1567,H2,1614,56.920998245126285,56.920998245126285,0.0,0.0
1568,Li-Ion,1615,0.0,0.0,0.0,0.0
1568,H2,1615,56.920998245126285,56.920998245126285,0.0,0.0
1569,Li-Ion,1616,0.0,0.0,0.0,0.0
1569,H2,1616,56.920998245126285,56.920998245126285,0.0,0.0
1570,Li-Ion,1617,0.0,4.412404559513875,0.0,0.0
1570,H2,1617,56.920998245126285,56.920998245126285,0.0,0.0
1571,Li-Ion,1618,0.0,9.770324381780721,0.0,0.0
1571,H2,1618,56.920998245126285,56.92099824512628,0.0,0.0
1572,Li-Ion,1619,0.0,15.128244204047569,0.0,0.0
1572,H2,1619,56.920998245126285,123.47683195340325,0.0,0.0
1573,Li-Ion,1620,0.0,20.486164026314416,0.0,0.0
1573,H2,1620,56.920998245126285,132.1268883176959,0.0,0.0
1574,Li-Ion,1621,0.0,21.539204737247026,0.0,0.0
1574,H2,1621,56.920998245126285,142.2577229384275,0.0,0.0
1575,Li-Ion,1622,0.0,21.539204737247026,0.0,0.0
1575,H2,1622,56.920998245126285,74.96618209519248,0.0,0.0
1576,Li-Ion,1623,0.0,21.539204737247026,0.0,0.0
1576,H2,1623,56.920998245126285,87.86215277912937,0.0,0.0
1577,Li-Ion,1624,0.0,21.539204737247026,0.0,0.0
1577,H2,1624,56.920998245126285,100.84631938700836,0.0,0.0
1578,Li-Ion,1625,0.0,16.18128491498018,0.0,0.0
1578,H2,1625,56.920998245126285,105.15455934224819,0.0,0.0
1579,Li-Ion,1626,0.0,16.18128491498018,0.0,0.0
1579,H2,1626,56.920998245126285,105.15354495837752,0.0,0.0
1580,Li-Ion,1627,0.0,0.0,0.0,0.0
1580,H2,1627,56.920998245126285,101.91566482882091,0.0,0.0
1581,Li-Ion,1628,0.0,0.0,0.0,0.0
1581,H2,1628,56.920998245126285,102.28799772508445,0.0,0.0
1582,Li-Ion,1629,0.0,0.0,0.0,0.0
1582,H2,1629,56.920998245126285,102.61714224204181,0.0,0.0
1583,Li-Ion,1630,0.0,0.0,0.0,0.0
1583,H2,1630,56.920998245126285,100.7986302016747,0.0,0.0
1584,Li-Ion,1631,0.0,0.0,0.0,0.0
1584,H2,1631,56.920998245126285,102.17188823801268,0.0,0.0
1585,Li-Ion,1632,0.0,0.0,0.0,0.0
1585,H2,1632,56.920998245126285,107.08313429590497,0.0,0.0
1586,Li-Ion,1633,0.0,0.0,0.0,0.0
1586,H2,1633,56.920998245126285,110.44977227596772,0.0,0.0
1587,Li-Ion,1634,0.0,0.0,0.0,0.0
1587,H2,1634,56.920998245126285,109.3721586021332,0.0,0.0
1588,Li-Ion,1635,0.0,0.0,0.0,0.0
1588,H2,1635,56.920998245126285,108.7549894658737,0.0,0.0
1589,Li-Ion,1636,0.0,0.0,0.0,0.0
1589,H2,1636,56.920998245126285,104.88613837438342,0.0,0.0
1590,Li-Ion,1637,0.0,0.0,0.0,0.0
1590,H2,1637,56.920998245126285,102.91762479653985,0.0,0.0
1591,Li-Ion,1638,0.0,0.0,0.0,0.0
1591,H2,1638,56.920998245126285,102.48809710636364,0.0,0.0
1592,Li-Ion,1639,0.0,0.0,0.0,0.0
1592,H2,1639,56.920998245126285,97.88351241327801,0.0,0.0
1593,Li-Ion,1640,0.0,0.0,0.0,0.0
1593,H2,1640,56.920998245126285,91.24130699404792,0.0,0.0
1594,Li-Ion,1641,0.0,0.0,0.0,0.0
1594,H2,1641,56.920998245126285,82.33807235572687,0.0,0.0
1595,Li-Ion,1642,0.0,0.0,0.0,0.0
1595,H2,1642,56.920998245126285,75.22463032180724,0.0,0.0
1596,Li-Ion,1643,0.0,0.0,0.0,0.0
1596,H2,1643,56.920998245126285,68.83200851304068,0.0,0.0
1597,Li-Ion,1644,0.0,0.0,0.0,0.0
1597,H2,1644,56.920998245126285,123.85740634008934,0.0,0.0
1598,Li-Ion,1645,0.0,0.0,0.0,0.0
1598,H2,1645,56.920998245126285,118.73550918222321,0.0,0.0
1599,Li-Ion,1646,0.0,0.0,0.0,0.0
1599,H2,1646,56.920998245126285,114.44887105087133,0.0,0.0
1600,Li-Ion,1647,0.0,0.0,0.0,0.0
1600,H2,1647,56.920998245126285,111.89140598205077,0.0,0.0
1601,Li-Ion,1648,0.0,0.0,0.0,0.0
1601,H2,1648,56.920998245126285,111.1471006030298,0.0,0.0
1602,Li-Ion,1649,0.0,0.0,0.0,0.0
1602,H2,1649,56.920998245126285,110.678511029755,0.0,0.0
1603,Li-Ion,1650,0.0,0.0,0.0,0.0
1603,H2,1650,56.920998245126285,110.39340689576267,0.0,0.0
1604,Li-Ion,1651,0.0,0.0,0.0,0.0
1604,H2,1651,56.920998245126285,108.71936078130892,0.0,0.0
1605,Li-Ion,1652,0.0,0.0,0.0,0.0
1605,H2,1652,56.920998245126285,111.62101849637543,0.0,0.0
1606,Li-Ion,1653,0.0,0.0,0.0,0.0
1606,H2,1653,56.920998245126285,117.48912529507516,0.0,0.0
1607,Li-Ion,1654,0.0,0.0,0.0,0.0
1607,H2,1654,56.920998245126285,120.55111212406655,0.0,0.0
1608,Li-Ion,1655,0.0,0.0,0.0,0.0
1608,H2,1655,56.920998245126285,118.15885999897952,0.0,0.0
1609,Li-Ion,1656,0.0,0.0,0.0,0.0
1609,H2,1656,56.920998245126285,116.70314346084045,0.0,0.0
1610,Li-Ion,1657,0.0,0.0,0.0,0.0
1610,H2,1657,56.920998245126285,116.13426128839309,0.0,0.0
1611,Li-Ion,1658,0.0,0.0,0.0,0.0
1611,H2,1658,56.920998245126285,111.2817073630875,0.0,0.0
1612,Li-Ion,1659,0.0,0.0,0.0,0.0
1612,H2,1659,56.920998245126285,111.57189041653159,0.0,0.0
1613,Li-Ion,1660,0.0,0.0,0.0,0.0
1613,H2,1660,56.920998245126285,111.24433325262383,0.0,0.0
1614,Li-Ion,1661,0.0,0.0,0.0,0.0
1614,H2,1661,56.920998245126285,115.40574518863303,0.0,0.0
1615,Li-Ion,1662,0.0,0.0,0.0,0.0
1615,H2,1662,56.920998245126285,122.47458142603833,0.0,0.0
1616,Li-Ion,1663,0.0,0.0,0.0,0.0
1616,H2,1663,56.920998245126285,124.14845356590851,0.0,0.0
1617,Li-Ion,1664,0.0,0.0,0.0,0.0
1617,H2,1664,56.920998245126285,129.85877593116166,0.0,0.0
1618,Li-Ion,1665,0.0,0.0,0.0,0.0
1618,H2,1665,56.920998245126285,136.6788438687923,0.0,0.0
1619,Li-Ion,1666,0.0,0.0,0.0,0.0
1619,H2,1666,56.920998245126285,141.71764125230587,0.0,0.0
1620,Li-Ion,1667,0.0,0.0,0.0,0.0
1620,H2,1667,56.920998245126285,141.4691222022873,0.0,0.0
1621,Li-Ion,1668,0.0,15.235769652227205,0.0,0.0
1621,H2,1668,56.920998245126285,77.8458472503958,0.0,0.0
1622,Li-Ion,1669,0.0,20.593689474494052,0.0,0.0
1622,H2,1669,56.920998245126285,90.76212608146635,0.0,0.0
1623,Li-Ion,1670,0.0,21.539204737247026,0.0,0.0
1623,H2,1670,56.920998245126285,116.67317629454942,0.0,0.0
1624,Li-Ion,1671,0.0,21.539204737247026,0.0,0.0
1624,H2,1671,56.920998245126285,125.21892809249907,0.0,0.0
1625,Li-Ion,1672,0.0,21.539204737247026,0.0,0.0
1625,H2,1672,56.920998245126285,138.12917329779395,0.0,0.0
1626,Li-Ion,1673,0.0,21.539204737247026,0.0,0.0
1626,H2,1673,56.920998245126285,148.848812272361,0.0,0.0
1627,Li-Ion,1674,0.0,16.18128491498018,0.0,0.0
1627,H2,1674,56.920998245126285,151.82350774915696,0.0,0.0
1628,Li-Ion,1675,0.0,0.0,0.0,0.0
1628,H2,1675,56.920998245126285,94.34681248350134,0.0,0.0
1629,Li-Ion,1676,0.0,0.0,0.0,0.0
1629,H2,1676,56.920998245126285,96.29411040465989,0.0,0.0
1630,Li-Ion,1677,0.0,0.0,0.0,0.0
1630,H2,1677,56.920998245126285,92.02922321678845,0.0,0.0
1631,Li-Ion,1678,0.0,0.0,0.0,0.0
1631,H2,1678,56.920998245126285,120.42978874298552,0.0,0.0
1632,Li-Ion,1679,0.0,0.0,0.0,0.0
1632,H2,1679,56.920998245126285,119.32440775166947,0.0,0.0
1633,Li-Ion,1680,0.0,0.0,0.0,0.0
1633,H2,1680,56.920998245126285,117.01037210989588,0.0,0.0
1634,Li-Ion,1681,0.0,0.0,0.0,0.0
1634,H2,1681,56.920998245126285,120.04855232182996,0.0,0.0
1635,Li-Ion,1682,0.0,4.412404559513875,0.0,0.0
1635,H2,1682,56.920998245126285,120.91828122339649,0.0,0.0
1636,Li-Ion,1683,0.0,9.770324381780721,0.0,0.0
1636,H2,1683,56.920998245126285,117.66975876460232,0.0,0.0
1637,Li-Ion,1684,0.0,15.128244204047569,0.0,0.0
1637,H2,1684,56.920998245126285,119.94984473387126,0.0,0.0
1638,Li-Ion,1685,0.0,16.18128491498018,0.0,0.0
1638,H2,1685,56.920998245126285,121.17698444434302,0.0,0.0
1639,Li-Ion,1686,0.0,16.18128491498018,0.0,0.0
1639,H2,1686,56.920998245126285,119.3466880197306,0.0,0.0
1640,Li-Ion,1687,0.0,0.0,0.0,0.0
1640,H2,1687,56.920998245126285,113.65153803294521,0.0,0.0
1641,Li-Ion,1688,0.0,0.0,0.0,0.0
1641,H2,1688,56.920998245126285,112.48962198023688,0.0,0.0
1642,Li-Ion,1689,0.0,0.0,0.0,0.0
1642,H2,1689,56.920998245126285,111.586546538732,0.0,0.0
1643,Li-Ion,1690,0.0,0.0,0.0,0.0
1643,H2,1690,56.920998245126285,112.20619388235141,0.0,0.0
1644,Li-Ion,1691,0.0,4.412404559513875,0.0,0.0
1644,H2,1691,56.920998245126285,109.14339850111061,0.0,0.0
1645,Li-Ion,1692,0.0,9.770324381780721,0.0,0.0
1645,H2,1692,56.920998245126285,96.52996783927678,0.0,0.0
1646,Li-Ion,1693,0.0,8.824809119027748,0.0,0.0
1646,H2,1693,56.920998245126285,96.5299678392768,0.0,0.0
1647,Li-Ion,1694,0.0,14.182728941294595,0.0,0.0
1647,H2,1694,56.920998245126285,119.51422508216567,0.0,0.0
1648,Li-Ion,1695,0.0,21.539204737247026,0.0,0.0
1648,H2,1695,56.920998245126285,124.82068929129443,0.0,0.0
1649,Li-Ion,1696,0.0,21.539204737247026,0.0,0.0
1649,H2,1696,56.920998245126285,129.56561102571322,0.0,0.0
1650,Li-Ion,1697,0.0,21.539204737247026,0.0,0.0
1650,H2,1697,56.920998245126285,90.79725852931277,0.0,0.0
1651,Li-Ion,1698,0.0,16.18128491498018,0.0,0.0
1651,H2,1698,56.920998245126285,93.12672708415697,0.0,0.0
1652,Li-Ion,1699,0.0,16.18128491498018,0.0,0.0
1652,H2,1699,56.920998245126285,91.6264621465594,0.0,0.0
1653,Li-Ion,1700,0.0,16.18128491498018,0.0,0.0
1653,H2,1700,56.920998245126285,91.52462856189965,0.0,0.0
1654,Li-Ion,1701,0.0,16.18128491498018,0.0,0.0
1654,H2,1701,56.920998245126285,88.71790798827556,0.0,0.0
1655,Li-Ion,1702,0.0,16.18128491498018,0.0,0.0
1655,H2,1702,56.920998245126285,86.21245735923804,0.0,0.0
1656,Li-Ion,1703,0.0,16.18128491498018,0.0,0.0
1656,H2,1703,56.920998245126285,85.26155166717808,0.0,0.0
1657,Li-Ion,1704,0.0,16.18128491498018,0.0,0.0
1657,H2,1704,56.920998245126285,83.8921280705075,0.0,0.0
1658,Li-Ion,1705,0.0,16.18128491498018,0.0,0.0
1658,H2,1705,56.920998245126285,80.78967437911417,0.0,0.0
1659,Li-Ion,1706,0.0,16.18128491498018,0.0,0.0
1659,H2,1706,56.920998245126285,79.39299662771815,0.0,0.0
1660,Li-Ion,1707,0.0,15.235769652227205,0.0,0.0
1660,H2,1707,56.920998245126285,88.32460654383301,0.0,0.0
1661,Li-Ion,1708,0.0,16.18128491498018,0.0,0.0
1661,H2,1708,56.920998245126285,91.27410086480394,0.0,0.0
1662,Li-Ion,1709,0.0,16.18128491498018,0.0,0.0
1662,H2,1709,56.920998245126285,91.36256747971372,0.0,0.0
1663,Li-Ion,1710,0.0,0.0,0.0,0.0
1663,H2,1710,56.920998245126285,89.18333316174018,0.0,0.0
1664,Li-Ion,1711,0.0,0.0,0.0,0.0
1664,H2,1711,56.920998245126285,92.4567825904184,0.0,0.0
1665,Li-Ion,1712,0.0,0.0,0.0,0.0
1665,H2,1712,56.920998245126285,92.55309716000887,0.0,0.0
1666,Li-Ion,1713,0.0,0.0,0.0,0.0
1666,H2,1713,56.920998245126285,96.81420306153254,0.0,0.0
1667,Li-Ion,1714,0.0,0.0,0.0,0.0
1667,H2,1714,56.920998245126285,103.43592356611799,0.0,0.0
1668,Li-Ion,1715,0.0,0.0,0.0,0.0
1668,H2,1715,56.920998245126285,114.2680783790659,0.0,0.0
1669,Li-Ion,1716,0.0,9.770324381780721,0.0,0.0
1669,H2,1716,56.920998245126285,115.40704559677802,0.0,0.0
1670,Li-Ion,1717,0.0,15.128244204047569,0.0,0.0
1670,H2,1717,56.920998245126285,119.03919794679948,0.0,0.0
1671,Li-Ion,1718,0.0,16.18128491498018,0.0,0.0
1671,H2,1718,56.920998245126285,105.47810090116008,0.0,0.0
1672,Li-Ion,1719,0.0,15.235769652227205,0.0,0.0
1672,H2,1719,56.920998245126285,126.25304140126237,0.0,0.0
1673,Li-Ion,1720,0.0,20.593689474494052,0.0,0.0
1673,H2,1720,56.920998245126285,137.20556857376744,0.0,0.0
1674,Li-Ion,1721,0.0,16.18128491498018,0.0,0.0
1674,H2,1721,56.920998245126285,133.1807290853456,0.0,0.0
1675,Li-Ion,1722,0.0,16.18128491498018,0.0,0.0
1675,H2,1722,56.920998245126285,112.19667242767194,0.0,0.0
1676,Li-Ion,1723,0.0,0.0,0.0,0.0
1676,H2,1723,56.920998245126285,109.71920249704323,0.0,0.0
1677,Li-Ion,1724,0.0,0.0,0.0,0.0
1677,H2,1724,56.920998245126285,107.7910408314097,0.0,0.0
1678,Li-Ion,1725,0.0,0.0,0.0,0.0
1678,H2,1725,56.920998245126285,103.8226622616546,0.0,0.0
1679,Li-Ion,1726,0.0,0.0,0.0,0.0
1679,H2,1726,56.920998245126285,101.6066781775518,0.0,0.0
1680,Li-Ion,1727,0.0,0.0,0.0,0.0
1680,H2,1727,56.920998245126285,98.03622980241835,0.0,0.0
1681,Li-Ion,1728,0.0,0.0,0.0,0.0
1681,H2,1728,56.920998245126285,98.85993610732349,0.0,0.0
1682,Li-Ion,1729,0.0,0.0,0.0,0.0
1682,H2,1729,56.920998245126285,103.52295023376634,0.0,0.0
1683,Li-Ion,1730,0.0,0.0,0.0,0.0
1683,H2,1730,56.920998245126285,99.88713098082073,0.0,0.0
1684,Li-Ion,1731,0.0,0.0,0.0,0.0
1684,H2,1731,56.920998245126285,99.66469821883088,0.0,0.0
1685,Li-Ion,1732,0.0,0.0,0.0,0.0
1685,H2,1732,56.920998245126285,99.34542290745816,0.0,0.0
1686,Li-Ion,1733,0.0,0.0,0.0,0.0
1686,H2,1733,56.920998245126285,101.56507262650032,0.0,0.0
1687,Li-Ion,1734,0.0,0.0,0.0,0.0
1687,H2,1734,56.920998245126285,104.65358311216474,0.0,0.0
1688,Li-Ion,1735,0.0,0.0,0.0,0.0
1688,H2,1735,56.920998245126285,105.00034275126623,0.0,0.0
1689,Li-Ion,1736,0.0,0.0,0.0,0.0
1689,H2,1736,56.920998245126285,107.10820356050267,0.0,0.0
1690,Li-Ion,1737,0.0,0.0,0.0,0.0
1690,H2,1737,56.920998245126285,110.02540135371403,0.0,0.0
1691,Li-Ion,1738,0.0,0.0,0.0,0.0
1691,H2,1738,56.920998245126285,123.49343268295304,0.0,0.0
1692,Li-Ion,1739,0.0,4.412404559513875,0.0,0.0
1692,H2,1739,56.920998245126285,137.01627431657573,0.0,0.0
1693,Li-Ion,1740,0.0,20.486164026314416,0.0,0.0
1693,H2,1740,56.920998245126285,143.18327566306627,0.0,0.0
1694,Li-Ion,1741,0.0,16.18128491498018,0.0,0.0
1694,H2,1741,56.920998245126285,151.5420546320808,0.0,0.0
1695,Li-Ion,1742,0.0,15.235769652227205,0.0,0.0
1695,H2,1742,56.920998245126285,165.28411294257273,0.0,0.0
1696,Li-Ion,1743,0.0,16.18128491498018,0.0,0.0
1696,H2,1743,56.920998245126285,164.7063589325713,0.0,0.0
1697,Li-Ion,1744,0.0,16.18128491498018,0.0,0.0
1697,H2,1744,56.920998245126285,129.6205308483549,0.0,0.0
1698,Li-Ion,1745,0.0,16.18128491498018,0.0,0.0
1698,H2,1745,56.920998245126285,128.88877176525895,0.0,0.0
1699,Li-Ion,1746,0.0,0.0,0.0,0.0
1699,H2,1746,56.920998245126285,124.88630855356041,0.0,0.0
1700,Li-Ion,1747,0.0,0.0,0.0,0.0
1700,H2,1747,56.920998245126285,124.34607136265255,0.0,0.0
1701,Li-Ion,1748,0.0,0.0,0.0,0.0
1701,H2,1748,56.920998245126285,128.25931406545098,0.0,0.0
1702,Li-Ion,1749,0.0,0.0,0.0,0.0
1702,H2,1749,56.920998245126285,129.277311642618,0.0,0.0
1703,Li-Ion,1750,0.0,4.412404559513875,0.0,0.0
1703,H2,1750,56.920998245126285,131.9570456789464,0.0,0.0
1704,Li-Ion,1751,0.0,9.770324381780721,0.0,0.0
1704,H2,1751,56.920998245126285,135.0422847239872,0.0,0.0
1705,Li-Ion,1752,0.0,15.128244204047569,0.0,0.0
1705,H2,1752,56.920998245126285,138.75855232060746,0.0,0.0
1706,Li-Ion,1753,0.0,16.18128491498018,0.0,0.0
1706,H2,1753,56.920998245126285,142.14981223610368,0.0,0.0
1707,Li-Ion,1754,0.0,16.18128491498018,0.0,0.0
1707,H2,1754,56.920998245126285,144.3742718949652,0.0,0.0
1708,Li-Ion,1755,0.0,16.18128491498018,0.0,0.0
1708,H2,1755,56.920998245126285,146.3394064476313,0.0,0.0
1709,Li-Ion,1756,0.0,16.18128491498018,0.0,0.0
1709,H2,1756,56.920998245126285,149.60014940160428,0.0,0.0
1710,Li-Ion,1757,0.0,0.0,0.0,0.0
1710,H2,1757,56.920998245126285,153.0200745875441,0.0,0.0
1711,Li-Ion,1758,0.0,0.0,0.0,0.0
1711,H2,1758,56.920998245126285,154.03953168031018,0.0,0.0
1712,Li-Ion,1759,0.0,0.0,0.0,0.0
1712,H2,1759,56.920998245126285,154.6397129422651,0.0,0.0
1713,Li-Ion,1760,0.0,0.0,0.0,0.0
1713,H2,1760,56.920998245126285,157.0971775409298,0.0,0.0
1714,Li-Ion,1761,0.0,0.0,0.0,0.0
1714,H2,1761,56.920998245126285,159.524513375582,0.0,0.0
1715,Li-Ion,1762,0.0,0.0,0.0,0.0
1715,H2,1762,56.920998245126285,158.59627386736594,0.0,0.0
1716,Li-Ion,1763,0.0,4.412404559513875,0.0,0.0
1716,H2,1763,56.920998245126285,163.16014590492344,0.0,0.0
1717,Li-Ion,1764,0.0,9.770324381780721,0.0,0.0
1717,H2,1764,56.920998245126285,161.5796908746609,0.0,0.0
1718,Li-Ion,1765,0.0,8.824809119027748,0.0,0.0
1718,H2,1765,56.920998245126285,170.83991779108013,0.0,0.0
1719,Li-Ion,1766,0.0,14.182728941294595,0.0,0.0
1719,H2,1766,56.920998245126285,182.86105723266166,0.0,0.0
1720,Li-Ion,1767,0.0,16.18128491498018,0.0,0.0
1720,H2,1767,56.920998245126285,183.06206908627726,0.0,0.0
1721,Li-Ion,1768,0.0,16.18128491498018,0.0,0.0
1721,H2,1768,56.920998245126285,164.71663385434667,0.0,0.0
1722,Li-Ion,1769,0.0,15.235769652227205,0.0,0.0
1722,H2,1769,56.920998245126285,189.80340627766887,0.0,0.0
1723,Li-Ion,1770,0.0,16.18128491498018,0.0,0.0
1723,H2,1770,56.920998245126285,186.93625606727883,0.0,0.0
1724,Li-Ion,1771,0.0,0.0,0.0,0.0
1724,H2,1771,56.920998245126285,147.66036591872475,0.0,0.0
1725,Li-Ion,1772,0.0,0.0,0.0,0.0
1725,H2,1772,56.920998245126285,144.4081945205948,0.0,0.0
1726,Li-Ion,1773,0.0,0.0,0.0,0.0
1726,H2,1773,56.920998245126285,140.39626491272026,0.0,0.0
1727,Li-Ion,1774,0.0,0.0,0.0,0.0
1727,H2,1774,56.920998245126285,136.53842498681843,0.0,0.0
1728,Li-Ion,1775,0.0,0.0,0.0,0.0
1728,H2,1775,56.920998245126285,132.62900444696584,0.0,0.0
1729,Li-Ion,1776,0.0,0.0,0.0,0.0
1729,H2,1776,56.920998245126285,130.07616484620345,0.0,0.0
1730,Li-Ion,1777,0.0,0.0,0.0,0.0
1730,H2,1777,56.920998245126285,126.16492010326371,0.0,0.0
1731,Li-Ion,1778,0.0,0.0,0.0,0.0
1731,H2,1778,56.920998245126285,123.04074282925612,0.0,0.0
1732,Li-Ion,1779,0.0,4.412404559513875,0.0,0.0
1732,H2,1779,56.920998245126285,116.615243960011,0.0,0.0
1733,Li-Ion,1780,0.0,9.770324381780721,0.0,0.0
1733,H2,1780,56.920998245126285,114.5442511166362,0.0,0.0
1734,Li-Ion,1781,0.0,15.128244204047569,0.0,0.0
1734,H2,1781,56.920998245126285,115.9579255619866,0.0,0.0
1735,Li-Ion,1782,0.0,0.0,0.0,0.0
1735,H2,1782,56.920998245126285,124.19093145499941,0.0,0.0
1736,Li-Ion,1783,0.0,0.0,0.0,0.0
1736,H2,1783,56.920998245126285,126.16217809318732,0.0,0.0
1737,Li-Ion,1784,0.0,0.0,0.0,0.0
1737,H2,1784,56.920998245126285,126.04370019837145,0.0,0.0
1738,Li-Ion,1785,0.0,0.0,0.0,0.0
1738,H2,1785,56.920998245126285,126.04370019837145,0.0,0.0
1739,Li-Ion,1786,0.0,0.0,0.0,0.0
1739,H2,1786,56.920998245126285,126.04370019837145,0.0,0.0
1740,Li-Ion,1787,0.0,0.0,0.0,0.0
1740,H2,1787,56.920998245126285,132.41432320762888,0.0,0.0
1741,Li-Ion,1788,0.0,0.0,0.0,0.0
1741,H2,1788,56.920998245126285,141.74009714572924,0.0,0.0
1742,Li-Ion,1789,0.0,4.412404559513875,0.0,0.0
1742,H2,1789,56.920998245126285,151.3357706636531,0.0,0.0
1743,Li-Ion,1790,0.0,20.486164026314416,0.0,0.0
1743,H2,1790,56.920998245126285,156.49834705776104,0.0,0.0
1744,Li-Ion,1791,0.0,21.539204737247026,0.0,0.0
1744,H2,1791,56.920998245126285,165.54630017092202,0.0,0.0
1745,Li-Ion,1792,0.0,16.18128491498018,0.0,0.0
1745,H2,1792,56.920998245126285,170.0406147490665,0.0,0.0
1746,Li-Ion,1793,0.0,16.18128491498018,0.0,0.0
1746,H2,1793,56.920998245126285,133.70394133307147,0.0,0.0
1747,Li-Ion,1794,0.0,16.18128491498018,0.0,0.0
1747,H2,1794,56.920998245126285,131.67834013667826,0.0,0.0
1748,Li-Ion,1795,0.0,0.0,0.0,0.0
1748,H2,1795,56.920998245126285,131.09148525002342,0.0,0.0
1749,Li-Ion,1796,0.0,0.0,0.0,0.0
1749,H2,1796,56.920998245126285,132.81777711011358,0.0,0.0
1750,Li-Ion,1797,0.0,0.0,0.0,0.0
1750,H2,1797,56.920998245126285,134.12715660739036,0.0,0.0
1751,Li-Ion,1798,0.0,0.0,0.0,0.0
1751,H2,1798,56.920998245126285,138.76577862899464,0.0,0.0
1752,Li-Ion,1799,0.0,0.0,0.0,0.0
1752,H2,1799,56.920998245126285,136.75855256118436,0.0,0.0
1753,Li-Ion,1800,0.0,0.0,0.0,0.0
1753,H2,1800,56.920998245126285,136.6372398940172,0.0,0.0
1754,Li-Ion,1801,0.0,0.0,0.0,0.0
1754,H2,1801,56.920998245126285,135.89189988385868,0.0,0.0
1755,Li-Ion,1802,0.0,0.0,0.0,0.0
1755,H2,1802,56.920998245126285,138.17436848388533,0.0,0.0
1756,Li-Ion,1803,0.0,0.0,0.0,0.0
1756,H2,1803,56.920998245126285,138.61233926821362,0.0,0.0
1757,Li-Ion,1804,0.0,0.0,0.0,0.0
1757,H2,1804,56.920998245126285,137.1159236046823,0.0,0.0
1758,Li-Ion,1805,0.0,0.0,0.0,0.0
1758,H2,1805,56.920998245126285,134.7327779143343,0.0,0.0
1759,Li-Ion,1806,0.0,0.0,0.0,0.0
1759,H2,1806,56.920998245126285,131.95785491097143,0.0,0.0
1760,Li-Ion,1807,0.0,0.0,0.0,0.0
1760,H2,1807,56.920998245126285,132.24106186543028,0.0,0.0
1761,Li-Ion,1808,0.0,0.0,0.0,0.0
1761,H2,1808,56.920998245126285,134.44854239685333,0.0,0.0
1762,Li-Ion,1809,0.0,0.0,0.0,0.0
1762,H2,1809,56.920998245126285,134.2827270490601,0.0,0.0
1763,Li-Ion,1810,0.0,0.0,0.0,0.0
1763,H2,1810,56.920998245126285,134.40349443290194,0.0,0.0
1764,Li-Ion,1811,0.0,0.0,0.0,0.0
1764,H2,1811,56.920998245126285,137.6868270581629,0.0,0.0
1765,Li-Ion,1812,0.0,0.0,0.0,0.0
1765,H2,1812,56.920998245126285,141.6939228206172,0.0,0.0
1766,Li-Ion,1813,0.0,0.0,0.0,0.0
1766,H2,1813,56.920998245126285,137.99030117235992,0.0,0.0
1767,Li-Ion,1814,0.0,0.0,0.0,0.0
1767,H2,1814,56.920998245126285,149.34053288027079,0.0,0.0
1768,Li-Ion,1815,0.0,4.412404559513875,0.0,0.0
1768,H2,1815,56.920998245126285,153.15502780728306,0.0,0.0
1769,Li-Ion,1816,0.0,9.770324381780721,0.0,0.0
1769,H2,1816,56.920998245126285,143.94749983883466,0.0,0.0
1770,Li-Ion,1817,0.0,0.0,0.0,0.0
1770,H2,1817,56.920998245126285,139.96726361509764,0.0,0.0
1771,Li-Ion,1818,0.0,0.0,0.0,0.0
1771,H2,1818,56.920998245126285,138.13451486925632,0.0,0.0
1772,Li-Ion,1819,0.0,0.0,0.0,0.0
1772,H2,1819,56.920998245126285,134.40143976687222,0.0,0.0
1773,Li-Ion,1820,0.0,0.0,0.0,0.0
1773,H2,1820,56.920998245126285,128.31511901072895,0.0,0.0
1774,Li-Ion,1821,0.0,0.0,0.0,0.0
1774,H2,1821,56.920998245126285,126.0414343531977,0.0,0.0
1775,Li-Ion,1822,0.0,0.0,0.0,0.0
1775,H2,1822,56.920998245126285,122.89595672923964,0.0,0.0
1776,Li-Ion,1823,0.0,0.0,0.0,0.0
1776,H2,1823,56.920998245126285,122.22364458135603,0.0,0.0
1777,Li-Ion,1824,0.0,0.0,0.0,0.0
1777,H2,1824,56.920998245126285,123.35227951431466,0.0,0.0
1778,Li-Ion,1825,0.0,0.0,0.0,0.0
1778,H2,1825,56.920998245126285,121.98493384524355,0.0,0.0
1779,Li-Ion,1826,0.0,0.0,0.0,0.0
1779,H2,1826,56.920998245126285,120.3649359056095,0.0,0.0
1780,Li-Ion,1827,0.0,0.0,0.0,0.0
1780,H2,1827,56.920998245126285,122.44211334826372,0.0,0.0
1781,Li-Ion,1828,0.0,0.0,0.0,0.0
1781,H2,1828,56.920998245126285,121.82577280960545,0.0,0.0
1782,Li-Ion,1829,0.0,0.0,0.0,0.0
1782,H2,1829,56.920998245126285,122.97758660325484,0.0,0.0
1783,Li-Ion,1830,0.0,0.0,0.0,0.0
1783,H2,1830,56.920998245126285,120.73400812549035,0.0,0.0
1784,Li-Ion,1831,0.0,0.0,0.0,0.0
1784,H2,1831,56.920998245126285,118.19173363346404,0.0,0.0
1785,Li-Ion,1832,0.0,0.0,0.0,0.0
1785,H2,1832,56.920998245126285,118.09448727085854,0.0,0.0
1786,Li-Ion,1833,0.0,0.0,0.0,0.0
1786,H2,1833,56.920998245126285,118.02138234861998,0.0,0.0
1787,Li-Ion,1834,0.0,0.0,0.0,0.0
1787,H2,1834,56.920998245126285,118.02138234861998,0.0,0.0
1788,Li-Ion,1835,0.0,0.0,0.0,0.0
1788,H2,1835,56.920998245126285,121.32488969264358,0.0,0.0
1789,Li-Ion,1836,0.0,0.0,0.0,0.0
1789,H2,1836,56.920998245126285,133.52828165338317,0.0,0.0
1790,Li-Ion,1837,0.0,4.412404559513875,0.0,0.0
1790,H2,1837,56.920998245126285,145.88673987344313,0.0,0.0
1791,Li-Ion,1838,0.0,20.486164026314416,0.0,0.0
1791,H2,1838,56.920998245126285,151.44796237474856,0.0,0.0
1792,Li-Ion,1839,0.0,21.539204737247026,0.0,0.0
1792,H2,1839,56.920998245126285,160.34527119222707,0.0,0.0
1793,Li-Ion,1840,0.0,16.18128491498018,0.0,0.0
1793,H2,1840,56.920998245126285,163.93324202189666,0.0,0.0
1794,Li-Ion,1841,0.0,16.18128491498018,0.0,0.0
1794,H2,1841,56.920998245126285,127.50702257541496,0.0,0.0
1795,Li-Ion,1842,0.0,0.0,0.0,0.0
1795,H2,1842,56.920998245126285,123.57627982104908,0.0,0.0
1796,Li-Ion,1843,0.0,0.0,0.0,0.0
1796,H2,1843,56.920998245126285,124.43170244012899,0.0,0.0
1797,Li-Ion,1844,0.0,0.0,0.0,0.0
1797,H2,1844,56.920998245126285,124.1033720026086,0.0,0.0
1798,Li-Ion,1845,0.0,0.0,0.0,0.0
1798,H2,1845,56.920998245126285,123.82187154440817,0.0,0.0
1799,Li-Ion,1846,0.0,0.0,0.0,0.0
1799,H2,1846,56.920998245126285,121.90379724118355,0.0,0.0
1800,Li-Ion,1847,0.0,0.0,0.0,0.0
1800,H2,1847,56.920998245126285,121.82462738358531,0.0,0.0
1801,Li-Ion,1848,0.0,0.0,0.0,0.0
1801,H2,1848,56.920998245126285,123.24412402072582,0.0,0.0
1802,Li-Ion,1849,0.0,0.0,0.0,0.0
1802,H2,1849,56.920998245126285,123.22817981676319,0.0,0.0
1803,Li-Ion,1850,0.0,0.0,0.0,0.0
1803,H2,1850,56.920998245126285,123.22904311856443,0.0,0.0
1804,Li-Ion,1851,0.0,0.0,0.0,0.0
1804,H2,1851,56.920998245126285,123.19167132117656,0.0,0.0
1805,Li-Ion,1852,0.0,0.0,0.0,0.0
1805,H2,1852,56.920998245126285,119.25059300138474,0.0,0.0
1806,Li-Ion,1853,0.0,0.0,0.0,0.0
1806,H2,1853,56.920998245126285,117.82993027572114,0.0,0.0
1807,Li-Ion,1854,0.0,0.0,0.0,0.0
1807,H2,1854,56.920998245126285,117.54592661627083,0.0,0.0
1808,Li-Ion,1855,0.0,0.0,0.0,0.0
1808,H2,1855,56.920998245126285,116.46822498902364,0.0,0.0
1809,Li-Ion,1856,0.0,0.0,0.0,0.0
1809,H2,1856,56.920998245126285,114.8048732643304,0.0,0.0
1810,Li-Ion,1857,0.0,0.0,0.0,0.0
1810,H2,1857,56.920998245126285,116.29676294599533,0.0,0.0
1811,Li-Ion,1858,0.0,0.0,0.0,0.0
1811,H2,1858,56.920998245126285,116.46321891747128,0.0,0.0
1812,Li-Ion,1859,0.0,0.0,0.0,0.0
1812,H2,1859,56.920998245126285,121.0827719680364,0.0,0.0
1813,Li-Ion,1860,0.0,4.412404559513875,0.0,0.0
1813,H2,1860,56.920998245126285,130.71736218619657,0.0,0.0
1814,Li-Ion,1861,0.0,9.770324381780721,0.0,0.0
1814,H2,1861,56.920998245126285,129.25566132998193,0.0,0.0
1815,Li-Ion,1862,0.0,15.128244204047569,0.0,0.0
1815,H2,1862,56.920998245126285,134.2838053033918,0.0,0.0
1816,Li-Ion,1863,0.0,16.18128491498018,0.0,0.0
1816,H2,1863,56.920998245126285,133.91499518444166,0.0,0.0
1817,Li-Ion,1864,0.0,16.18128491498018,0.0,0.0
1817,H2,1864,56.920998245126285,133.0492078329748,0.0,0.0
1818,Li-Ion,1865,0.0,0.0,0.0,0.0
1818,H2,1865,56.920998245126285,127.83372653361232,0.0,0.0
1819,Li-Ion,1866,0.0,0.0,0.0,0.0
1819,H2,1866,56.920998245126285,123.26813440302404,0.0,0.0
1820,Li-Ion,1867,0.0,0.0,0.0,0.0
1820,H2,1867,56.920998245126285,118.57410320299032,0.0,0.0
1821,Li-Ion,1868,0.0,0.0,0.0,0.0
1821,H2,1868,56.920998245126285,114.56021968075969,0.0,0.0
1822,Li-Ion,1869,0.0,0.0,0.0,0.0
1822,H2,1869,56.920998245126285,112.72736989204664,0.0,0.0
1823,Li-Ion,1870,0.0,0.0,0.0,0.0
1823,H2,1870,56.920998245126285,111.48982702725135,0.0,0.0
1824,Li-Ion,1871,0.0,0.0,0.0,0.0
1824,H2,1871,56.920998245126285,110.51199635016805,0.0,0.0
1825,Li-Ion,1872,0.0,0.0,0.0,0.0
1825,H2,1872,56.920998245126285,107.29231787836281,0.0,0.0
1826,Li-Ion,1873,0.0,0.0,0.0,0.0
1826,H2,1873,56.920998245126285,105.99045876211405,0.0,0.0
1827,Li-Ion,1874,0.0,0.0,0.0,0.0
1827,H2,1874,56.920998245126285,104.69180619541271,0.0,0.0
1828,Li-Ion,1875,0.0,0.0,0.0,0.0
1828,H2,1875,56.920998245126285,101.5443532929152,0.0,0.0
1829,Li-Ion,1876,0.0,0.0,0.0,0.0
1829,H2,1876,56.920998245126285,98.40176397345901,0.0,0.0
1830,Li-Ion,1877,0.0,0.0,0.0,0.0
1830,H2,1877,56.920998245126285,96.95108807052273,0.0,0.0
1831,Li-Ion,1878,0.0,0.0,0.0,0.0
1831,H2,1878,56.920998245126285,95.19629592500806,0.0,0.0
1832,Li-Ion,1879,0.0,0.0,0.0,0.0
1832,H2,1879,56.920998245126285,90.19379654375071,0.0,0.0
1833,Li-Ion,1880,0.0,0.0,0.0,0.0
1833,H2,1880,56.920998245126285,90.93112648456174,0.0,0.0
1834,Li-Ion,1881,0.0,0.0,0.0,0.0
1834,H2,1881,56.920998245126285,90.3683256240767,0.0,0.0
1835,Li-Ion,1882,0.0,0.0,0.0,0.0
1835,H2,1882,56.920998245126285,93.72931113956075,0.0,0.0
1836,Li-Ion,1883,0.0,0.0,0.0,0.0
1836,H2,1883,56.920998245126285,97.58266663502704,0.0,0.0
1837,Li-Ion,1884,0.0,0.0,0.0,0.0
1837,H2,1884,56.920998245126285,97.7260885760263,0.0,0.0
1838,Li-Ion,1885,0.0,0.0,0.0,0.0
1838,H2,1885,56.920998245126285,100.62440278352982,0.0,0.0
1839,Li-Ion,1886,0.0,0.0,0.0,0.0
1839,H2,1886,56.920998245126285,100.71463079844577,0.0,0.0
1840,Li-Ion,1887,0.0,0.0,0.0,0.0
1840,H2,1887,56.920998245126285,101.11594913174244,0.0,0.0
1841,Li-Ion,1888,0.0,0.0,0.0,0.0
1841,H2,1888,56.920998245126285,104.92542992204045,0.0,0.0
1842,Li-Ion,1889,0.0,0.0,0.0,0.0
1842,H2,1889,56.920998245126285,105.16492185835564,0.0,0.0
1843,Li-Ion,1890,0.0,0.0,0.0,0.0
1843,H2,1890,56.920998245126285,103.69985126751027,0.0,0.0
1844,Li-Ion,1891,0.0,0.0,0.0,0.0
1844,H2,1891,56.920998245126285,102.01280775858707,0.0,0.0
1845,Li-Ion,1892,0.0,0.0,0.0,0.0
1845,H2,1892,56.920998245126285,98.18676139248004,0.0,0.0
1846,Li-Ion,1893,0.0,0.0,0.0,0.0
1846,H2,1893,56.920998245126285,95.54204007427766,0.0,0.0
1847,Li-Ion,1894,0.0,0.0,0.0,0.0
1847,H2,1894,56.920998245126285,93.83640323173829,0.0,0.0
1848,Li-Ion,1895,0.0,0.0,0.0,0.0
1848,H2,1895,56.920998245126285,93.54604974406611,0.0,0.0
1849,Li-Ion,1896,0.0,0.0,0.0,0.0
1849,H2,1896,56.920998245126285,94.30036348409273,0.0,0.0
1850,Li-Ion,1897,0.0,0.0,0.0,0.0
1850,H2,1897,56.920998245126285,93.904440790342,0.0,0.0
1851,Li-Ion,1898,0.0,0.0,0.0,0.0
1851,H2,1898,56.920998245126285,92.31152511969184,0.0,0.0
1852,Li-Ion,1899,0.0,0.0,0.0,0.0
1852,H2,1899,56.920998245126285,93.00156419401777,0.0,0.0
1853,Li-Ion,1900,0.0,0.0,0.0,0.0
1853,H2,1900,56.920998245126285,91.82388772148381,0.0,0.0
1854,Li-Ion,1901,0.0,0.0,0.0,0.0
1854,H2,1901,56.920998245126285,91.60575294884545,0.0,0.0
1855,Li-Ion,1902,0.0,0.0,0.0,0.0
1855,H2,1902,56.920998245126285,90.4682597977132,0.0,0.0
1856,Li-Ion,1903,0.0,0.0,0.0,0.0
1856,H2,1903,56.920998245126285,92.86947841796419,0.0,0.0
1857,Li-Ion,1904,0.0,0.0,0.0,0.0
1857,H2,1904,56.920998245126285,96.97890073248811,0.0,0.0
1858,Li-Ion,1905,0.0,4.412404559513875,0.0,0.0
1858,H2,1905,56.920998245126285,99.84782514811079,0.0,0.0
1859,Li-Ion,1906,0.0,9.770324381780721,0.0,0.0
1859,H2,1906,56.920998245126285,99.91657938899822,0.0,0.0
1860,Li-Ion,1907,0.0,8.824809119027748,0.0,0.0
1860,H2,1907,56.920998245126285,108.8298510966126,0.0,0.0
1861,Li-Ion,1908,0.0,14.182728941294595,0.0,0.0
1861,H2,1908,56.920998245126285,124.3110359453185,0.0,0.0
1862,Li-Ion,1909,0.0,21.539204737247026,0.0,0.0
1862,H2,1909,56.920998245126285,129.20154894321144,0.0,0.0
1863,Li-Ion,1910,0.0,21.539204737247026,0.0,0.0
1863,H2,1910,56.920998245126285,142.42556672214778,0.0,0.0
1864,Li-Ion,1911,0.0,21.539204737247026,0.0,0.0
1864,H2,1911,56.920998245126285,154.21847171266478,0.0,0.0
1865,Li-Ion,1912,0.0,21.539204737247026,0.0,0.0
1865,H2,1912,56.920998245126285,160.52881891947436,0.0,0.0
1866,Li-Ion,1913,0.0,21.539204737247026,0.0,0.0
1866,H2,1913,56.920998245126285,167.89638195590916,0.0,0.0
1867,Li-Ion,1914,0.0,21.539204737247026,0.0,0.0
1867,H2,1914,56.920998245126285,173.15795634499167,0.0,0.0
1868,Li-Ion,1915,0.0,21.539204737247026,0.0,0.0
1868,H2,1915,56.920998245126285,177.0345801799954,0.0,0.0
1869,Li-Ion,1916,0.0,21.539204737247026,0.0,0.0
1869,H2,1916,56.920998245126285,179.42865620857515,0.0,0.0
1870,Li-Ion,1917,0.0,16.18128491498018,0.0,0.0
1870,H2,1917,56.920998245126285,181.17737396716424,0.0,0.0
1871,Li-Ion,1918,0.0,16.18128491498018,0.0,0.0
1871,H2,1918,56.920998245126285,88.98701269827004,0.0,0.0
1872,Li-Ion,1919,0.0,15.235769652227205,0.0,0.0
1872,H2,1919,56.920998245126285,185.4519640064714,0.0,0.0
1873,Li-Ion,1920,0.0,20.593689474494052,0.0,0.0
1873,H2,1920,56.920998245126285,172.35479945807717,0.0,0.0
1874,Li-Ion,1921,0.0,16.18128491498018,0.0,0.0
1874,H2,1921,56.920998245126285,173.6945173624735,0.0,0.0
1875,Li-Ion,1922,0.0,15.235769652227205,0.0,0.0
1875,H2,1922,56.920998245126285,178.7500095481751,0.0,0.0
1876,Li-Ion,1923,0.0,20.593689474494052,0.0,0.0
1876,H2,1923,56.920998245126285,183.82901643055774,0.0,0.0
1877,Li-Ion,1924,0.0,21.539204737247026,0.0,0.0
1877,H2,1924,56.920998245126285,181.78477658361913,0.0,0.0
1878,Li-Ion,1925,0.0,21.539204737247026,0.0,0.0
1878,H2,1925,56.920998245126285,185.03730881048637,0.0,0.0
1879,Li-Ion,1926,0.0,21.539204737247026,0.0,0.0
1879,H2,1926,56.920998245126285,193.5604376740552,0.0,0.0
1880,Li-Ion,1927,0.0,21.539204737247026,0.0,0.0
1880,H2,1927,56.920998245126285,197.8470758054071,0.0,0.0
1881,Li-Ion,1928,0.0,21.539204737247026,0.0,0.0
1881,H2,1928,56.920998245126285,203.06165237713373,0.0,0.0
1882,Li-Ion,1929,0.0,21.539204737247026,0.0,0.0
1882,H2,1929,56.920998245126285,210.22770243195174,0.0,0.0
1883,Li-Ion,1930,0.0,21.539204737247026,0.0,0.0
1883,H2,1930,56.920998245126285,219.2577570535561,0.0,0.0
1884,Li-Ion,1931,0.0,21.539204737247026,0.0,0.0
1884,H2,1931,56.920998245126285,219.33700246680885,0.0,0.0
1885,Li-Ion,1932,0.0,21.539204737247026,0.0,0.0
1885,H2,1932,56.920998245126285,219.25775705355613,0.0,0.0
1886,Li-Ion,1933,0.0,21.539204737247026,0.0,0.0
1886,H2,1933,56.920998245126285,219.25775705355613,0.0,0.0
1887,Li-Ion,1934,0.0,21.539204737247026,0.0,0.0
1887,H2,1934,56.920998245126285,215.66759160319043,0.0,0.0
1888,Li-Ion,1935,0.0,21.539204737247026,0.0,0.0
1888,H2,1935,56.920998245126285,213.98802688093338,0.0,0.0
1889,Li-Ion,1936,0.0,21.539204737247026,0.0,0.0
1889,H2,1936,56.920998245126285,212.1407191401929,0.0,0.0
1890,Li-Ion,1937,0.0,16.18128491498018,0.0,0.0
1890,H2,1937,56.920998245126285,210.23633734733056,0.0,0.0
1891,Li-Ion,1938,0.0,16.18128491498018,0.0,0.0
1891,H2,1938,56.920998245126285,196.7026870486654,0.0,0.0
1892,Li-Ion,1939,0.0,0.0,0.0,0.0
1892,H2,1939,56.920998245126285,183.1393461250462,0.0,0.0
1893,Li-Ion,1940,0.0,0.0,0.0,0.0
1893,H2,1940,56.920998245126285,170.07902622997494,0.0,0.0
1894,Li-Ion,1941,0.0,0.0,0.0,0.0
1894,H2,1941,56.920998245126285,165.9425362042055,0.0,0.0
1895,Li-Ion,1942,0.0,0.0,0.0,0.0
1895,H2,1942,56.920998245126285,172.5457359211866,0.0,0.0
1896,Li-Ion,1943,0.0,0.0,0.0,0.0
1896,H2,1943,56.920998245126285,160.7087331547149,0.0,0.0
1897,Li-Ion,1944,0.0,0.0,0.0,0.0
1897,H2,1944,56.920998245126285,147.32160575696824,0.0,0.0
1898,Li-Ion,1945,0.0,0.0,0.0,0.0
1898,H2,1945,56.920998245126285,144.32406155703268,0.0,0.0
1899,Li-Ion,1946,0.0,0.0,0.0,0.0
1899,H2,1946,56.920998245126285,135.9361896335446,0.0,0.0
1900,Li-Ion,1947,0.0,0.0,0.0,0.0
1900,H2,1947,56.920998245126285,127.61100037783635,0.0,0.0
1901,Li-Ion,1948,0.0,0.0,0.0,0.0
1901,H2,1948,56.920998245126285,118.65882361925514,0.0,0.0
1902,Li-Ion,1949,0.0,0.0,0.0,0.0
1902,H2,1949,56.920998245126285,109.82908537340064,0.0,0.0
1903,Li-Ion,1950,0.0,0.0,0.0,0.0
1903,H2,1950,56.920998245126285,104.2915050373011,0.0,0.0
1904,Li-Ion,1951,0.0,4.412404559513875,0.0,0.0
1904,H2,1951,56.920998245126285,95.70380581220564,0.0,0.0
1905,Li-Ion,1952,0.0,9.770324381780721,0.0,0.0
1905,H2,1952,56.920998245126285,90.80823317005641,0.0,0.0
1906,Li-Ion,1953,0.0,8.824809119027748,0.0,0.0
1906,H2,1953,56.920998245126285,90.80823317005644,0.0,0.0
1907,Li-Ion,1954,0.0,14.182728941294595,0.0,0.0
1907,H2,1954,56.920998245126285,90.80823317005644,0.0,0.0
1908,Li-Ion,1955,0.0,21.539204737247026,0.0,0.0
1908,H2,1955,56.920998245126285,86.82524326418927,0.0,0.0
1909,Li-Ion,1956,0.0,21.539204737247026,0.0,0.0
1909,H2,1956,56.920998245126285,86.82524326418928,0.0,0.0
1910,Li-Ion,1957,0.0,21.539204737247026,0.0,0.0
1910,H2,1957,56.920998245126285,86.8252432641893,0.0,0.0
1911,Li-Ion,1958,0.0,21.539204737247026,0.0,0.0
1911,H2,1958,56.920998245126285,105.12776298225336,0.0,0.0
1912,Li-Ion,1959,0.0,21.539204737247026,0.0,0.0
1912,H2,1959,56.920998245126285,114.00280714402639,0.0,0.0
1913,Li-Ion,1960,0.0,21.539204737247026,0.0,0.0
1913,H2,1960,56.920998245126285,90.12126373398075,0.0,0.0
1914,Li-Ion,1961,0.0,21.539204737247026,0.0,0.0
1914,H2,1961,56.920998245126285,98.97239036101759,0.0,0.0
1915,Li-Ion,1962,0.0,21.539204737247026,0.0,0.0
1915,H2,1962,56.920998245126285,108.03987187167384,0.0,0.0
1916,Li-Ion,1963,0.0,16.18128491498018,0.0,0.0
1916,H2,1963,56.920998245126285,111.65638541950408,0.0,0.0
1917,Li-Ion,1964,0.0,16.18128491498018,0.0,0.0
1917,H2,1964,56.920998245126285,111.8167273753192,0.0,0.0
1918,Li-Ion,1965,0.0,16.18128491498018,0.0,0.0
1918,H2,1965,56.920998245126285,112.07008273689667,0.0,0.0
1919,Li-Ion,1966,0.0,0.0,0.0,0.0
1919,H2,1966,56.920998245126285,108.92393465819433,0.0,0.0
1920,Li-Ion,1967,0.0,0.0,0.0,0.0
1920,H2,1967,56.920998245126285,109.01609607832228,0.0,0.0
1921,Li-Ion,1968,0.0,0.0,0.0,0.0
1921,H2,1968,56.920998245126285,109.01809463780346,0.0,0.0
1922,Li-Ion,1969,0.0,0.0,0.0,0.0
1922,H2,1969,56.920998245126285,109.04766193392602,0.0,0.0
1923,Li-Ion,1970,0.0,0.0,0.0,0.0
1923,H2,1970,56.920998245126285,111.91904167213553,0.0,0.0
1924,Li-Ion,1971,0.0,0.0,0.0,0.0
1924,H2,1971,56.920998245126285,113.1953397868065,0.0,0.0
1925,Li-Ion,1972,0.0,0.0,0.0,0.0
1925,H2,1972,56.920998245126285,113.19477915943287,0.0,0.0
1926,Li-Ion,1973,0.0,0.0,0.0,0.0
1926,H2,1973,56.920998245126285,110.7944206787054,0.0,0.0
1927,Li-Ion,1974,0.0,0.0,0.0,0.0
1927,H2,1974,56.920998245126285,111.10255301391221,0.0,0.0
1928,Li-Ion,1975,0.0,0.0,0.0,0.0
1928,H2,1975,56.920998245126285,110.98907332961467,0.0,0.0
1929,Li-Ion,1976,0.0,0.0,0.0,0.0
1929,H2,1976,56.920998245126285,107.39174215807098,0.0,0.0
1930,Li-Ion,1977,0.0,0.0,0.0,0.0
1930,H2,1977,56.920998245126285,98.61200711149014,0.0,0.0
1931,Li-Ion,1978,0.0,0.0,0.0,0.0
1931,H2,1978,56.920998245126285,89.88206528894631,0.0,0.0
1932,Li-Ion,1979,0.0,0.0,0.0,0.0
1932,H2,1979,56.920998245126285,81.26939337115216,0.0,0.0
1933,Li-Ion,1980,0.0,0.0,0.0,0.0
1933,H2,1980,56.920998245126285,72.69115233252192,0.0,0.0
1934,Li-Ion,1981,0.0,0.0,0.0,0.0
1934,H2,1981,56.920998245126285,105.93456929975174,0.0,0.0
1935,Li-Ion,1982,0.0,0.0,0.0,0.0
1935,H2,1982,56.920998245126285,99.47373399899644,0.0,0.0
1936,Li-Ion,1983,0.0,0.0,0.0,0.0
1936,H2,1983,56.920998245126285,95.18709586764456,0.0,0.0
1937,Li-Ion,1984,0.0,0.0,0.0,0.0
1937,H2,1984,56.920998245126285,89.05471186043283,0.0,0.0
1938,Li-Ion,1985,0.0,0.0,0.0,0.0
1938,H2,1985,56.920998245126285,82.88542170397203,0.0,0.0
1939,Li-Ion,1986,0.0,0.0,0.0,0.0
1939,H2,1986,56.920998245126285,80.31325918620006,0.0,0.0
1940,Li-Ion,1987,0.0,0.0,0.0,0.0
1940,H2,1987,56.920998245126285,78.79347309442991,0.0,0.0
1941,Li-Ion,1988,0.0,0.0,0.0,0.0
1941,H2,1988,56.920998245126285,76.03282344075645,0.0,0.0
1942,Li-Ion,1989,0.0,0.0,0.0,0.0
1942,H2,1989,56.920998245126285,83.1323847848716,0.0,0.0
1943,Li-Ion,1990,0.0,0.0,0.0,0.0
1943,H2,1990,56.920998245126285,86.69562847935636,0.0,0.0
1944,Li-Ion,1991,0.0,0.0,0.0,0.0
1944,H2,1991,56.920998245126285,90.02921650598655,0.0,0.0
1945,Li-Ion,1992,0.0,0.0,0.0,0.0
1945,H2,1992,56.920998245126285,90.1162170889731,0.0,0.0
1946,Li-Ion,1993,0.0,0.0,0.0,0.0
1946,H2,1993,56.920998245126285,92.00141207836013,0.0,0.0
1947,Li-Ion,1994,0.0,0.0,0.0,0.0
1947,H2,1994,56.920998245126285,95.52894604452166,0.0,0.0
1948,Li-Ion,1995,0.0,0.0,0.0,0.0
1948,H2,1995,56.920998245126285,96.47869398499023,0.0,0.0
1949,Li-Ion,1996,0.0,0.0,0.0,0.0
1949,H2,1996,56.920998245126285,99.40743743995516,0.0,0.0
1950,Li-Ion,1997,0.0,0.0,0.0,0.0
1950,H2,1997,56.920998245126285,102.30662941018585,0.0,0.0
1951,Li-Ion,1998,0.0,0.0,0.0,0.0
1951,H2,1998,56.920998245126285,109.20931460688487,0.0,0.0
1952,Li-Ion,1999,0.0,0.0,0.0,0.0
1952,H2,1999,56.920998245126285,111.11315536956248,0.0,0.0
1953,Li-Ion,2000,0.0,0.0,0.0,0.0
1953,H2,2000,56.920998245126285,112.64821280175293,0.0,0.0
1954,Li-Ion,2001,0.0,0.0,0.0,0.0
1954,H2,2001,56.920998245126285,120.07133110426236,0.0,0.0
1955,Li-Ion,2002,0.0,0.0,0.0,0.0
1955,H2,2002,56.920998245126285,125.93663258414963,0.0,0.0
1956,Li-Ion,2003,0.0,0.0,0.0,0.0
1956,H2,2003,56.920998245126285,131.65260007970983,0.0,0.0
1957,Li-Ion,2004,0.0,4.412404559513875,0.0,0.0
1957,H2,2004,56.920998245126285,138.02922392637484,0.0,0.0
1958,Li-Ion,2005,0.0,9.770324381780721,0.0,0.0
1958,H2,2005,56.920998245126285,142.15566739601792,0.0,0.0
1959,Li-Ion,2006,0.0,15.128244204047569,0.0,0.0
1959,H2,2006,56.920998245126285,148.105075693257,0.0,0.0
1960,Li-Ion,2007,0.0,21.539204737247026,0.0,0.0
1960,H2,2007,56.920998245126285,79.50267487299529,0.0,0.0
1961,Li-Ion,2008,0.0,21.539204737247026,0.0,0.0
1961,H2,2008,56.920998245126285,88.19408117997233,0.0,0.0
1962,Li-Ion,2009,0.0,16.18128491498018,0.0,0.0
1962,H2,2009,56.920998245126285,91.96282677436312,0.0,0.0
1963,Li-Ion,2010,0.0,16.18128491498018,0.0,0.0
1963,H2,2010,56.920998245126285,94.83300628663974,0.0,0.0
1964,Li-Ion,2011,0.0,16.18128491498018,0.0,0.0
1964,H2,2011,56.920998245126285,95.21266663803051,0.0,0.0
1965,Li-Ion,2012,0.0,16.18128491498018,0.0,0.0
1965,H2,2012,56.920998245126285,95.22659963340122,0.0,0.0
1966,Li-Ion,2013,0.0,16.18128491498018,0.0,0.0
1966,H2,2013,56.920998245126285,95.56525824198405,0.0,0.0
1967,Li-Ion,2014,0.0,16.18128491498018,0.0,0.0
1967,H2,2014,56.920998245126285,94.86975764515071,0.0,0.0
1968,Li-Ion,2015,0.0,16.18128491498018,0.0,0.0
1968,H2,2015,56.920998245126285,96.7644467526149,0.0,0.0
1969,Li-Ion,2016,0.0,16.18128491498018,0.0,0.0
1969,H2,2016,56.920998245126285,95.59080013791798,0.0,0.0
1970,Li-Ion,2017,0.0,15.235769652227205,0.0,0.0
1970,H2,2017,56.920998245126285,100.98408605251097,0.0,0.0
1971,Li-Ion,2018,0.0,16.18128491498018,0.0,0.0
1971,H2,2018,56.920998245126285,100.86610667096659,0.0,0.0
1972,Li-Ion,2019,0.0,16.18128491498018,0.0,0.0
1972,H2,2019,56.920998245126285,97.46045176183748,0.0,0.0
1973,Li-Ion,2020,0.0,0.0,0.0,0.0
1973,H2,2020,56.920998245126285,89.24418905750034,0.0,0.0
1974,Li-Ion,2021,0.0,0.0,0.0,0.0
1974,H2,2021,56.920998245126285,85.17625404912569,0.0,0.0
1975,Li-Ion,2022,0.0,0.0,0.0,0.0
1975,H2,2022,56.920998245126285,80.95661193228212,0.0,0.0
1976,Li-Ion,2023,0.0,0.0,0.0,0.0
1976,H2,2023,56.920998245126285,80.06675935021057,0.0,0.0
1977,Li-Ion,2024,0.0,0.0,0.0,0.0
1977,H2,2024,56.920998245126285,77.19381229967104,0.0,0.0
1978,Li-Ion,2025,0.0,0.0,0.0,0.0
1978,H2,2025,56.920998245126285,70.92112648527396,0.0,0.0
1979,Li-Ion,2026,0.0,0.0,0.0,0.0
1979,H2,2026,56.920998245126285,70.40552008904481,0.0,0.0
1980,Li-Ion,2027,0.0,0.0,0.0,0.0
1980,H2,2027,56.920998245126285,138.09320649443094,0.0,0.0
1981,Li-Ion,2028,0.0,0.0,0.0,0.0
1981,H2,2028,56.920998245126285,133.80656836307907,0.0,0.0
1982,Li-Ion,2029,0.0,0.0,0.0,0.0
1982,H2,2029,56.920998245126285,127.34569555374122,0.0,0.0
1983,Li-Ion,2030,0.0,0.0,0.0,0.0
1983,H2,2030,56.920998245126285,123.05905742238934,0.0,0.0
1984,Li-Ion,2031,0.0,0.0,0.0,0.0
1984,H2,2031,56.920998245126285,118.77241929103747,0.0,0.0
1985,Li-Ion,2032,0.0,0.0,0.0,0.0
1985,H2,2032,56.920998245126285,113.0863095960284,0.0,0.0
1986,Li-Ion,2033,0.0,0.0,0.0,0.0
1986,H2,2033,56.920998245126285,114.02288935957503,0.0,0.0
1987,Li-Ion,2034,0.0,0.0,0.0,0.0
1987,H2,2034,56.920998245126285,111.79304115519676,0.0,0.0
1988,Li-Ion,2035,0.0,0.0,0.0,0.0
1988,H2,2035,56.920998245126285,108.32693705847336,0.0,0.0
1989,Li-Ion,2036,0.0,0.0,0.0,0.0
1989,H2,2036,56.920998245126285,103.7958675131011,0.0,0.0
1990,Li-Ion,2037,0.0,0.0,0.0,0.0
1990,H2,2037,56.920998245126285,101.73495155806232,0.0,0.0
1991,Li-Ion,2038,0.0,0.0,0.0,0.0
1991,H2,2038,56.920998245126285,101.45122544948241,0.0,0.0
1992,Li-Ion,2039,0.0,0.0,0.0,0.0
1992,H2,2039,56.920998245126285,99.24631700101843,0.0,0.0
1993,Li-Ion,2040,0.0,0.0,0.0,0.0
1993,H2,2040,56.920998245126285,99.24631700101841,0.0,0.0
1994,Li-Ion,2041,0.0,0.0,0.0,0.0
1994,H2,2041,56.920998245126285,56.920998245126285,0.0,0.0
1995,Li-Ion,2042,0.0,0.0,0.0,0.0
1995,H2,2042,56.920998245126285,56.920998245126285,0.0,0.0
1996,Li-Ion,2043,0.0,0.0,0.0,0.0
1996,H2,2043,56.920998245126285,56.920998245126285,0.0,0.0
1997,Li-Ion,2044,0.0,0.0,0.0,0.0
1997,H2,2044,56.920998245126285,56.920998245126285,0.0,0.0
1998,Li-Ion,2045,0.0,0.0,0.0,0.0
1998,H2,2045,56.920998245126285,56.920998245126285,0.0,0.0
1999,Li-Ion,2046,0.0,0.0,0.0,0.0
1999,H2,2046,56.920998245126285,56.920998245126285,0.0,0.0
2000,Li-Ion,2047,0.0,0.0,0.0,0.0
2000,H2,2047,56.920998245126285,56.920998245126285,0.0,0.0
2001,Li-Ion,2048,0.0,0.0,0.0,0.0
2001,H2,2048,56.920998245126285,56.920998245126285,0.0,0.0
2002,Li-Ion,2049,0.0,0.0,0.0,0.0
2002,H2,2049,56.920998245126285,56.920998245126285,0.0,0.0
2003,Li-Ion,2050,0.0,0.0,0.0,0.0
2003,H2,2050,56.920998245126285,56.920998245126285,0.0,0.0
2004,Li-Ion,2051,0.0,0.0,0.0,0.0
2004,H2,2051,56.920998245126285,56.920998245126285,0.0,0.0
2005,Li-Ion,2052,0.0,0.0,0.0,0.0
2005,H2,2052,56.920998245126285,56.920998245126285,0.0,0.0
2006,Li-Ion,2053,0.0,0.0,0.0,0.0
2006,H2,2053,56.920998245126285,56.920998245126285,0.0,0.0
2007,Li-Ion,2054,0.0,0.0,0.0,0.0
2007,H2,2054,56.920998245126285,56.920998245126285,0.0,0.0
2008,Li-Ion,2055,0.0,0.0,0.0,0.0
2008,H2,2055,56.920998245126285,56.920998245126285,0.0,0.0
2009,Li-Ion,2056,0.0,0.0,0.0,0.0
2009,H2,2056,56.920998245126285,56.920998245126285,0.0,0.0
2010,Li-Ion,2057,0.0,0.0,0.0,0.0
2010,H2,2057,56.920998245126285,56.920998245126285,0.0,0.0
2011,Li-Ion,2058,0.0,0.0,0.0,0.0
2011,H2,2058,56.920998245126285,56.920998245126285,0.0,0.0
2012,Li-Ion,2059,0.0,0.0,0.0,0.0
2012,H2,2059,56.920998245126285,56.920998245126285,0.0,0.0
2013,Li-Ion,2060,0.0,0.0,0.0,0.0
2013,H2,2060,56.920998245126285,56.920998245126285,0.0,0.0
2014,Li-Ion,2061,0.0,0.0,0.0,0.0
2014,H2,2061,56.920998245126285,56.920998245126285,0.0,0.0
2015,Li-Ion,2062,0.0,0.0,0.0,0.0
2015,H2,2062,56.920998245126285,56.920998245126285,0.0,0.0
2016,Li-Ion,2063,0.0,0.0,0.0,0.0
2016,H2,2063,56.920998245126285,56.920998245126285,0.0,0.0
2017,Li-Ion,2064,0.0,0.0,0.0,0.0
2017,H2,2064,56.920998245126285,56.920998245126285,0.0,0.0
2018,Li-Ion,2065,0.0,0.0,0.0,0.0
2018,H2,2065,56.920998245126285,56.920998245126285,0.0,0.0
2019,Li-Ion,2066,0.0,0.0,0.0,0.0
2019,H2,2066,56.920998245126285,56.920998245126285,0.0,0.0
2020,Li-Ion,2067,0.0,0.0,0.0,0.0
2020,H2,2067,56.920998245126285,80.38470053748837,0.0,0.0
2021,Li-Ion,2068,0.0,0.0,0.0,0.0
2021,H2,2068,56.920998245126285,80.12882011483339,0.0,0.0
2022,Li-Ion,2069,0.0,0.0,0.0,0.0
2022,H2,2069,56.920998245126285,81.21744953721335,0.0,0.0
2023,Li-Ion,2070,0.0,0.0,0.0,0.0
2023,H2,2070,56.920998245126285,81.063065341573,0.0,0.0
2024,Li-Ion,2071,0.0,0.0,0.0,0.0
2024,H2,2071,56.920998245126285,81.9264146402832,0.0,0.0
2025,Li-Ion,2072,0.0,0.0,0.0,0.0
2025,H2,2072,56.920998245126285,82.75985129257158,0.0,0.0
2026,Li-Ion,2073,0.0,0.0,0.0,0.0
2026,H2,2073,56.920998245126285,82.72210958459212,0.0,0.0
2027,Li-Ion,2074,0.0,0.0,0.0,0.0
2027,H2,2074,56.920998245126285,80.20906538860052,0.0,0.0
2028,Li-Ion,2075,0.0,0.0,0.0,0.0
2028,H2,2075,56.920998245126285,77.42971921330863,0.0,0.0
2029,Li-Ion,2076,0.0,0.0,0.0,0.0
2029,H2,2076,56.920998245126285,77.8106300730262,0.0,0.0
2030,Li-Ion,2077,0.0,0.0,0.0,0.0
2030,H2,2077,56.920998245126285,75.1478139307044,0.0,0.0
2031,Li-Ion,2078,0.0,0.0,0.0,0.0
2031,H2,2078,56.920998245126285,71.47929161651196,0.0,0.0
2032,Li-Ion,2079,0.0,0.0,0.0,0.0
2032,H2,2079,56.920998245126285,72.7901294932407,0.0,0.0
2033,Li-Ion,2080,0.0,0.0,0.0,0.0
2033,H2,2080,56.920998245126285,72.03233151616891,0.0,0.0
2034,Li-Ion,2081,0.0,0.0,0.0,0.0
2034,H2,2081,56.920998245126285,69.53329877221827,0.0,0.0
2035,Li-Ion,2082,0.0,0.0,0.0,0.0
2035,H2,2082,56.920998245126285,71.18558749910328,0.0,0.0
2036,Li-Ion,2083,0.0,0.0,0.0,0.0
2036,H2,2083,56.920998245126285,67.24562295578608,0.0,0.0
2037,Li-Ion,2084,0.0,0.0,0.0,0.0
2037,H2,2084,56.920998245126285,64.35531161594699,0.0,0.0
2038,Li-Ion,2085,0.0,0.0,0.0,0.0
2038,H2,2085,56.920998245126285,63.497149587523765,0.0,0.0
2039,Li-Ion,2086,0.0,0.0,0.0,0.0
2039,H2,2086,56.920998245126285,63.486600233523376,0.0,0.0
2040,Li-Ion,2087,0.0,0.0,0.0,0.0
2040,H2,2087,56.920998245126285,62.86339752592335,0.0,0.0
2041,Li-Ion,2088,0.0,0.0,0.0,0.0
2041,H2,2088,56.920998245126285,62.65561374770668,0.0,0.0
2042,Li-Ion,2089,0.0,0.0,0.0,0.0
2042,H2,2089,56.920998245126285,56.920998245126285,0.0,0.0
2043,Li-Ion,2090,0.0,0.0,0.0,0.0
2043,H2,2090,56.920998245126285,56.920998245126285,0.0,0.0
2044,Li-Ion,2091,0.0,0.0,0.0,0.0
2044,H2,2091,56.920998245126285,56.920998245126285,0.0,0.0
2045,Li-Ion,2092,0.0,0.0,0.0,0.0
2045,H2,2092,56.920998245126285,56.920998245126285,0.0,0.0
2046,Li-Ion,2093,0.0,0.0,0.0,0.0
2046,H2,2093,56.920998245126285,56.920998245126285,0.0,0.0
2047,Li-Ion,2094,0.0,0.0,0.0,0.0
2047,H2,2094,56.920998245126285,56.920998245126285,0.0,0.0
2048,Li-Ion,2095,0.0,0.0,0.0,0.0
2048,H2,2095,56.920998245126285,56.920998245126285,0.0,0.0
2049,Li-Ion,2096,0.0,0.0,0.0,0.0
2049,H2,2096,56.920998245126285,56.920998245126285,0.0,0.0
2050,Li-Ion,2097,0.0,0.0,0.0,0.0
2050,H2,2097,56.920998245126285,56.920998245126285,0.0,0.0
2051,Li-Ion,2098,0.0,0.0,0.0,0.0
2051,H2,2098,56.920998245126285,56.920998245126285,0.0,0.0
2052,Li-Ion,2099,0.0,0.0,0.0,0.0
2052,H2,2099,56.920998245126285,56.920998245126285,0.0,0.0
2053,Li-Ion,2100,0.0,0.0,0.0,0.0
2053,H2,2100,56.920998245126285,56.920998245126285,0.0,0.0
2054,Li-Ion,2101,0.0,0.0,0.0,0.0
2054,H2,2101,56.920998245126285,56.920998245126285,0.0,0.0
2055,Li-Ion,2102,0.0,0.0,0.0,0.0
2055,H2,2102,56.920998245126285,56.920998245126285,0.0,0.0
2056,Li-Ion,2103,0.0,0.0,0.0,0.0
2056,H2,2103,56.920998245126285,56.920998245126285,0.0,0.0
2057,Li-Ion,2104,0.0,0.0,0.0,0.0
2057,H2,2104,56.920998245126285,56.920998245126285,0.0,0.0
2058,Li-Ion,2105,0.0,0.0,0.0,0.0
2058,H2,2105,56.920998245126285,56.920998245126285,0.0,0.0
2059,Li-Ion,2106,0.0,0.0,0.0,0.0
2059,H2,2106,56.920998245126285,56.920998245126285,0.0,0.0
2060,Li-Ion,2107,0.0,0.0,0.0,0.0
2060,H2,2107,56.920998245126285,56.920998245126285,0.0,0.0
2061,Li-Ion,2108,0.0,0.0,0.0,0.0
2061,H2,2108,56.920998245126285,56.920998245126285,0.0,0.0
2062,Li-Ion,2109,0.0,0.0,0.0,0.0
2062,H2,2109,56.920998245126285,56.920998245126285,0.0,0.0
2063,Li-Ion,2110,0.0,0.0,0.0,0.0
2063,H2,2110,56.920998245126285,56.920998245126285,0.0,0.0
2064,Li-Ion,2111,0.0,0.0,0.0,0.0
2064,H2,2111,56.920998245126285,56.920998245126285,0.0,0.0
2065,Li-Ion,2112,0.0,0.0,0.0,0.0
2065,H2,2112,56.920998245126285,56.920998245126285,0.0,0.0
2066,Li-Ion,2113,0.0,0.0,0.0,0.0
2066,H2,2113,56.920998245126285,56.920998245126285,0.0,0.0
2067,Li-Ion,2114,0.0,0.0,0.0,0.0
2067,H2,2114,56.920998245126285,56.920998245126285,0.0,0.0
2068,Li-Ion,2115,0.0,0.0,0.0,0.0
2068,H2,2115,56.920998245126285,56.920998245126285,0.0,0.0
2069,Li-Ion,2116,0.0,0.0,0.0,0.0
2069,H2,2116,56.920998245126285,56.920998245126285,0.0,0.0
2070,Li-Ion,2117,0.0,0.0,0.0,0.0
2070,H2,2117,56.920998245126285,56.920998245126285,0.0,0.0
2071,Li-Ion,2118,0.0,0.0,0.0,0.0
2071,H2,2118,56.920998245126285,56.920998245126285,0.0,0.0
2072,Li-Ion,2119,0.0,0.0,0.0,0.0
2072,H2,2119,56.920998245126285,56.920998245126285,0.0,0.0
2073,Li-Ion,2120,0.0,0.0,0.0,0.0
2073,H2,2120,56.920998245126285,56.920998245126285,0.0,0.0
2074,Li-Ion,2121,0.0,0.0,0.0,0.0
2074,H2,2121,56.920998245126285,56.920998245126285,0.0,0.0
2075,Li-Ion,2122,0.0,0.0,0.0,0.0
2075,H2,2122,56.920998245126285,56.920998245126285,0.0,0.0
2076,Li-Ion,2123,0.0,0.0,0.0,0.0
2076,H2,2123,56.920998245126285,56.18720778161449,0.7337904635117951,733.7904635117951
2077,Li-Ion,2124,0.0,0.0,0.0,0.0
2077,H2,2124,56.920998245126285,52.11373157228182,4.807266672844463,4807.266672844463
2078,Li-Ion,2125,0.0,0.0,0.0,0.0
2078,H2,2125,56.920998245126285,44.50852941859753,12.412468826528752,12412.468826528751
2079,Li-Ion,2126,0.0,0.0,0.0,0.0
2079,H2,2126,56.920998245126285,33.90260822753607,23.018390017590214,23018.390017590213
2080,Li-Ion,2127,0.0,0.0,0.0,0.0
2080,H2,2127,56.920998245126285,22.49518508111976,34.42581316400653,34425.813164006526
2081,Li-Ion,2128,0.0,0.0,0.0,0.0
2081,H2,2128,56.920998245126285,15.330643982771667,41.590354262354616,41590.35426235462
2082,Li-Ion,2129,0.0,0.0,0.0,0.0
2082,H2,2129,56.920998245126285,14.247849065028646,42.67314918009764,42673.14918009764
2083,Li-Ion,2130,0.0,0.0,0.0,0.0
2083,H2,2130,56.920998245126285,14.50170420308672,42.41929404203957,42419.29404203957
2084,Li-Ion,2131,0.0,0.0,0.0,0.0
2084,H2,2131,56.920998245126285,13.262490724205355,43.65850752092093,43658.507520920924
2085,Li-Ion,2132,0.0,0.0,0.0,0.0
2085,H2,2132,56.920998245126285,11.589218929458745,45.33177931566754,45331.77931566754
2086,Li-Ion,2133,0.0,0.0,0.0,0.0
2086,H2,2133,56.920998245126285,12.485331092916864,44.43566715220942,44435.66715220942
2087,Li-Ion,2134,0.0,0.0,0.0,0.0
2087,H2,2134,56.920998245126285,13.033213035063218,43.887785210063065,43887.78521006306
2088,Li-Ion,2135,0.0,0.0,0.0,0.0
2088,H2,2135,56.920998245126285,11.248464121323579,45.672534123802706,45672.5341238027
2089,Li-Ion,2136,0.0,0.0,0.0,0.0
2089,H2,2136,56.920998245126285,9.085686305931473,47.83531193919481,47835.31193919481
2090,Li-Ion,2137,0.0,0.0,0.0,0.0
2090,H2,2137,56.920998245126285,7.185801262977888,49.735196982148395,49735.196982148394
2091,Li-Ion,2138,0.0,0.0,0.0,0.0
2091,H2,2138,56.920998245126285,6.227567683691543,50.69343056143474,50693.43056143474
2092,Li-Ion,2139,0.0,0.0,0.0,0.0
2092,H2,2139,56.920998245126285,4.8316663452254955,52.08933189990079,52089.33189990079
2093,Li-Ion,2140,0.0,0.0,0.0,0.0
2093,H2,2140,56.920998245126285,6.857548521650492,50.06344972347579,50063.449723475795
2094,Li-Ion,2141,0.0,0.0,0.0,0.0
2094,H2,2141,56.920998245126285,7.01411700834485,49.90688123678144,49906.88123678144
2095,Li-Ion,2142,0.0,0.0,0.0,0.0
2095,H2,2142,56.920998245126285,5.991324227684878,50.92967401744141,50929.67401744141
2096,Li-Ion,2143,0.0,0.0,0.0,0.0
2096,H2,2143,56.920998245126285,4.719693643862691,52.201304601263594,52201.3046012636
2097,Li-Ion,2144,0.0,0.0,0.0,0.0
2097,H2,2144,56.920998245126285,3.475401093869828,53.44559715125646,53445.59715125646
2098,Li-Ion,2145,0.0,0.0,0.0,0.0
2098,H2,2145,56.920998245126285,8.752559800576378,48.168438444549906,48168.43844454991
2099,Li-Ion,2146,0.0,0.0,0.0,0.0
2099,H2,2146,56.920998245126285,18.963076720121414,37.95792152500487,37957.92152500487
2100,Li-Ion,2147,0.0,0.0,0.0,0.0
2100,H2,2147,56.920998245126285,22.7222085451766,34.198789699949685,34198.78969994969
2101,Li-Ion,2148,0.0,0.0,0.0,0.0
2101,H2,2148,56.920998245126285,27.896374233399456,29.02462401172683,29024.624011726828
2102,Li-Ion,2149,0.0,4.412404559513875,0.0,0.0
2102,H2,2149,56.920998245126285,31.159406360518418,25.761591884607867,25761.591884607868
2103,Li-Ion,2150,0.0,9.770324381780721,0.0,0.0
2103,H2,2150,56.920998245126285,38.73593110588953,18.18506713923675,18185.06713923675
2104,Li-Ion,2151,0.0,15.128244204047569,0.0,0.0
2104,H2,2151,56.920998245126285,42.84738595622286,14.073612288903426,14073.612288903427
2105,Li-Ion,2152,0.0,0.0,0.0,0.0
2105,H2,2152,56.920998245126285,43.59719190433076,13.323806340795528,13323.806340795529
2106,Li-Ion,2153,0.0,0.0,0.0,0.0
2106,H2,2153,56.920998245126285,39.2159683759508,17.705029869175483,17705.029869175483
2107,Li-Ion,2154,0.0,0.0,0.0,0.0
2107,H2,2154,56.920998245126285,41.535595171877176,15.385403073249108,15385.403073249108
2108,Li-Ion,2155,0.0,0.0,0.0,0.0
2108,H2,2155,56.920998245126285,45.82223330322906,11.098764941897223,11098.764941897223
2109,Li-Ion,2156,0.0,3.5744147449405377,0.0,0.0
2109,H2,2156,56.920998245126285,49.94933802804327,6.971660217083013,6971.660217083013
2110,Li-Ion,2157,0.0,0.0,0.0,0.0
2110,H2,2157,56.920998245126285,54.23597615939516,2.685022085731127,2685.022085731127
2111,Li-Ion,2158,0.0,0.0,0.0,0.0
2111,H2,2158,56.920998245126285,56.920998245126285,0.0,0.0
2112,Li-Ion,2159,0.0,0.0,0.0,0.0
2112,H2,2159,56.920998245126285,56.920998245126285,0.0,0.0
2113,Li-Ion,2160,0.0,0.0,0.0,0.0
2113,H2,2160,56.920998245126285,56.920998245126285,0.0,0.0
2114,Li-Ion,2161,0.0,0.0,0.0,0.0
2114,H2,2161,56.920998245126285,56.920998245126285,0.0,0.0
2115,Li-Ion,2162,0.0,0.0,0.0,0.0
2115,H2,2162,56.920998245126285,56.920998245126285,0.0,0.0
2116,Li-Ion,2163,0.0,0.0,0.0,0.0
2116,H2,2163,56.920998245126285,56.920998245126285,0.0,0.0
2117,Li-Ion,2164,0.0,0.0,0.0,0.0
2117,H2,2164,56.920998245126285,56.920998245126285,0.0,0.0
2118,Li-Ion,2165,0.0,0.0,0.0,0.0
2118,H2,2165,56.920998245126285,56.920998245126285,0.0,0.0
2119,Li-Ion,2166,0.0,0.0,0.0,0.0
2119,H2,2166,56.920998245126285,56.920998245126285,0.0,0.0
2120,Li-Ion,2167,0.0,0.0,0.0,0.0
2120,H2,2167,56.920998245126285,56.920998245126285,0.0,0.0
2121,Li-Ion,2168,0.0,0.0,0.0,0.0
2121,H2,2168,56.920998245126285,56.920998245126285,0.0,0.0
2122,Li-Ion,2169,0.0,0.0,0.0,0.0
2122,H2,2169,56.920998245126285,56.920998245126285,0.0,0.0
2123,Li-Ion,2170,0.0,0.0,0.0,0.0
2123,H2,2170,56.920998245126285,56.920998245126285,0.0,0.0
2124,Li-Ion,2171,0.0,0.0,0.0,0.0
2124,H2,2171,56.920998245126285,56.920998245126285,0.0,0.0
2125,Li-Ion,2172,0.0,0.0,0.0,0.0
2125,H2,2172,56.920998245126285,56.920998245126285,0.0,0.0
2126,Li-Ion,2173,0.0,0.0,0.0,0.0
2126,H2,2173,56.920998245126285,56.920998245126285,0.0,0.0
2127,Li-Ion,2174,0.0,0.0,0.0,0.0
2127,H2,2174,56.920998245126285,56.920998245126285,0.0,0.0
2128,Li-Ion,2175,0.0,0.0,0.0,0.0
2128,H2,2175,56.920998245126285,56.920998245126285,0.0,0.0
2129,Li-Ion,2176,0.0,0.0,0.0,0.0
2129,H2,2176,56.920998245126285,56.920998245126285,0.0,0.0
2130,Li-Ion,2177,0.0,0.0,0.0,0.0
2130,H2,2177,56.920998245126285,51.224803343587425,5.69619490153886,5696.19490153886
2131,Li-Ion,2178,0.0,0.0,0.0,0.0
2131,H2,2178,56.920998245126285,48.832101360200014,8.088896884926271,8088.896884926271
2132,Li-Ion,2179,0.0,0.0,0.0,0.0
2132,H2,2179,56.920998245126285,48.068210957444094,8.85278728768219,8852.78728768219
2133,Li-Ion,2180,0.0,0.0,0.0,0.0
2133,H2,2180,56.920998245126285,50.50474897842555,6.416249266700731,6416.249266700732
2134,Li-Ion,2181,0.0,0.0,0.0,0.0
2134,H2,2181,56.920998245126285,52.15415476472676,4.7668434803995225,4766.843480399522
2135,Li-Ion,2182,0.0,0.0,0.0,0.0
2135,H2,2182,56.920998245126285,49.63741879214281,7.283579452983474,7283.579452983475
2136,Li-Ion,2183,0.0,0.0,0.0,0.0
2136,H2,2183,56.920998245126285,47.670289266555,9.250708978571282,9250.708978571281
2137,Li-Ion,2184,0.0,0.0,0.0,0.0
2137,H2,2184,56.920998245126285,42.61804666910532,14.302951576020966,14302.951576020967
2138,Li-Ion,2185,0.0,0.0,0.0,0.0
2138,H2,2185,56.920998245126285,38.53883485706886,18.38216338805742,18382.163388057423
2139,Li-Ion,2186,0.0,0.0,0.0,0.0
2139,H2,2186,56.920998245126285,33.413842597706285,23.50715564742,23507.15564742
2140,Li-Ion,2187,0.0,0.0,0.0,0.0
2140,H2,2187,56.920998245126285,30.18691220645709,26.734086038669194,26734.086038669193
2141,Li-Ion,2188,0.0,0.0,0.0,0.0
2141,H2,2188,56.920998245126285,28.019335365796945,28.90166287932934,28901.66287932934
2142,Li-Ion,2189,0.0,0.0,0.0,0.0
2142,H2,2189,56.920998245126285,26.580595762065578,30.340402483060707,30340.40248306071
2143,Li-Ion,2190,0.0,0.0,0.0,0.0
2143,H2,2190,56.920998245126285,23.226482934211766,33.69451531091452,33694.51531091452
2144,Li-Ion,2191,0.0,0.0,0.0,0.0
2144,H2,2191,56.920998245126285,17.689641848099257,39.23135639702703,39231.356397027026
2145,Li-Ion,2192,0.0,0.0,0.0,0.0
2145,H2,2192,56.920998245126285,18.01076098651159,38.9102372586147,38910.2372586147
2146,Li-Ion,2193,0.0,0.0,0.0,0.0
2146,H2,2193,56.920998245126285,18.04445460275278,38.876543642373505,38876.54364237351
2147,Li-Ion,2194,0.0,0.0,0.0,0.0
2147,H2,2194,56.920998245126285,17.681313224713385,39.2396850204129,39239.6850204129
2148,Li-Ion,2195,0.0,0.0,0.0,0.0
2148,H2,2195,56.920998245126285,21.197997440243643,35.723000804882645,35723.00080488264
2149,Li-Ion,2196,0.0,0.0,0.0,0.0
2149,H2,2196,56.920998245126285,21.086220503906794,35.83477774121949,35834.77774121949
2150,Li-Ion,2197,0.0,0.0,0.0,0.0
2150,H2,2197,56.920998245126285,21.204874233707717,35.71612401141857,35716.12401141857
2151,Li-Ion,2198,0.0,0.0,0.0,0.0
2151,H2,2198,56.920998245126285,19.126770469477723,37.794227775648565,37794.227775648564
2152,Li-Ion,2199,0.0,0.0,0.0,0.0
2152,H2,2199,56.920998245126285,19.076396301443257,37.84460194368303,37844.60194368303
2153,Li-Ion,2200,0.0,0.0,0.0,0.0
2153,H2,2200,56.920998245126285,19.611995686667473,37.309002558458815,37309.002558458815
2154,Li-Ion,2201,0.0,0.0,0.0,0.0
2154,H2,2201,56.920998245126285,20.79880446724429,36.12219377788199,36122.19377788199
2155,Li-Ion,2202,0.0,0.0,0.0,0.0
2155,H2,2202,56.920998245126285,20.43839971267373,36.482598532452556,36482.59853245255
2156,Li-Ion,2203,0.0,0.0,0.0,0.0
2156,H2,2203,56.920998245126285,20.93328244950622,35.98771579562006,35987.71579562006
2157,Li-Ion,2204,0.0,0.0,0.0,0.0
2157,H2,2204,56.920998245126285,17.835645878347286,39.085352366779,39085.352366779
2158,Li-Ion,2205,0.0,0.0,0.0,0.0
2158,H2,2205,56.920998245126285,17.135799253366297,39.785198991759984,39785.198991759986
2159,Li-Ion,2206,0.0,0.0,0.0,0.0
2159,H2,2206,56.920998245126285,17.127720075854818,39.79327816927147,39793.27816927146
2160,Li-Ion,2207,0.0,0.0,0.0,0.0
2160,H2,2207,56.920998245126285,16.228252327604288,40.692745917522,40692.745917522
2161,Li-Ion,2208,0.0,0.0,0.0,0.0
2161,H2,2208,56.920998245126285,18.006085346196993,38.91491289892929,38914.91289892929
2162,Li-Ion,2209,0.0,0.0,0.0,0.0
2162,H2,2209,56.920998245126285,22.20632756294213,34.714670682184156,34714.67068218416
2163,Li-Ion,2210,0.0,0.0,0.0,0.0
2163,H2,2210,56.920998245126285,26.371749076405656,30.54924916872063,30549.249168720627
2164,Li-Ion,2211,0.0,0.0,0.0,0.0
2164,H2,2211,56.920998245126285,29.71090245050052,27.210095794625765,27210.095794625766
2165,Li-Ion,2212,0.0,0.0,0.0,0.0
2165,H2,2212,56.920998245126285,32.64777678783761,24.273221457288678,24273.221457288677
2166,Li-Ion,2213,0.0,0.0,0.0,0.0
2166,H2,2213,56.920998245126285,34.40946260836047,22.511535636765814,22511.535636765813
2167,Li-Ion,2214,0.0,0.0,0.0,0.0
2167,H2,2214,56.920998245126285,34.27582553219691,22.645172712929373,22645.172712929372
2168,Li-Ion,2215,0.0,0.0,0.0,0.0
2168,H2,2215,56.920998245126285,35.66793201911407,21.253066226012216,21253.066226012215
2169,Li-Ion,2216,0.0,0.0,0.0,0.0
2169,H2,2216,56.920998245126285,34.842804921794716,22.07819332333157,22078.19332333157
2170,Li-Ion,2217,0.0,0.0,0.0,0.0
2170,H2,2217,56.920998245126285,33.60064851680635,23.320349728319933,23320.349728319932
2171,Li-Ion,2218,0.0,0.0,0.0,0.0
2171,H2,2218,56.920998245126285,35.28821924666492,21.63277899846136,21632.778998461363
2172,Li-Ion,2219,0.0,0.0,0.0,0.0
2172,H2,2219,56.920998245126285,37.09247802992242,19.828520215203866,19828.520215203866
2173,Li-Ion,2220,0.0,0.0,0.0,0.0
2173,H2,2220,56.920998245126285,40.5778590107036,16.343139234422686,16343.139234422686
2174,Li-Ion,2221,0.0,0.0,0.0,0.0
2174,H2,2221,56.920998245126285,43.27553404550766,13.645464199618623,13645.464199618622
2175,Li-Ion,2222,0.0,0.0,0.0,0.0
2175,H2,2222,56.920998245126285,47.23237124032069,9.688627004805596,9688.627004805596
2176,Li-Ion,2223,0.0,0.0,0.0,0.0
2176,H2,2223,56.920998245126285,48.66351103012766,8.257487214998626,8257.487214998626
2177,Li-Ion,2224,0.0,0.0,0.0,0.0
2177,H2,2224,56.920998245126285,52.80948353673147,4.1115147083948145,4111.514708394814
2178,Li-Ion,2225,0.0,0.0,0.0,0.0
2178,H2,2225,56.920998245126285,56.12170768888066,0.799290556245623,799.290556245623
2179,Li-Ion,2226,0.0,0.0,0.0,0.0
2179,H2,2226,56.920998245126285,56.920998245126285,0.0,0.0
2180,Li-Ion,2227,0.0,0.0,0.0,0.0
2180,H2,2227,56.920998245126285,56.920998245126285,0.0,0.0
2181,Li-Ion,2228,0.0,0.0,0.0,0.0
2181,H2,2228,56.920998245126285,56.920998245126285,0.0,0.0
2182,Li-Ion,2229,0.0,0.0,0.0,0.0
2182,H2,2229,56.920998245126285,56.920998245126285,0.0,0.0
2183,Li-Ion,2230,0.0,0.0,0.0,0.0
2183,H2,2230,56.920998245126285,56.920998245126285,0.0,0.0
2184,Li-Ion,2231,0.0,0.0,0.0,0.0
2184,H2,2231,56.920998245126285,56.920998245126285,0.0,0.0
2185,Li-Ion,2232,0.0,0.0,0.0,0.0
2185,H2,2232,56.920998245126285,56.920998245126285,0.0,0.0
2186,Li-Ion,2233,0.0,0.0,0.0,0.0
2186,H2,2233,56.920998245126285,56.920998245126285,0.0,0.0
2187,Li-Ion,2234,0.0,0.0,0.0,0.0
2187,H2,2234,56.920998245126285,56.81024326617047,0.11075497895581776,110.75497895581776
2188,Li-Ion,2235,0.0,0.0,0.0,0.0
2188,H2,2235,56.920998245126285,54.457010119109434,2.463988126016851,2463.988126016851
2189,Li-Ion,2236,0.0,0.0,0.0,0.0
2189,H2,2236,56.920998245126285,54.30769396648983,2.6133042786364555,2613.3042786364554
2190,Li-Ion,2237,0.0,0.0,0.0,0.0
2190,H2,2237,56.920998245126285,54.7037192328271,2.217279012299187,2217.279012299187
2191,Li-Ion,2238,0.0,0.0,0.0,0.0
2191,H2,2238,56.920998245126285,54.379984979333464,2.54101326579282,2541.01326579282
2192,Li-Ion,2239,0.0,0.0,0.0,0.0
2192,H2,2239,56.920998245126285,54.1068600209544,2.8141382241718844,2814.1382241718843
2193,Li-Ion,2240,0.0,0.0,0.0,0.0
2193,H2,2240,56.920998245126285,52.990973801875434,3.9300244432508507,3930.0244432508507
2194,Li-Ion,2241,0.0,0.0,0.0,0.0
2194,H2,2241,56.920998245126285,52.84051884696185,4.080479398164435,4080.479398164435
2195,Li-Ion,2242,0.0,0.0,0.0,0.0
2195,H2,2242,56.920998245126285,55.28032914483089,1.6406691002953977,1640.6691002953976
2196,Li-Ion,2243,0.0,0.0,0.0,0.0
2196,H2,2243,56.920998245126285,56.920998245126285,0.0,0.0
2197,Li-Ion,2244,0.0,0.0,0.0,0.0
2197,H2,2244,56.920998245126285,55.895102038839326,1.0258962062869585,1025.8962062869587
2198,Li-Ion,2245,0.0,0.0,0.0,0.0
2198,H2,2245,56.920998245126285,55.06069571366563,1.860302531460654,1860.302531460654
2199,Li-Ion,2246,0.0,0.0,0.0,0.0
2199,H2,2246,56.920998245126285,55.27005775177482,1.650940493351463,1650.9404933514631
2200,Li-Ion,2247,0.0,4.412404559513875,0.0,0.0
2200,H2,2247,56.920998245126285,56.920998245126285,0.0,0.0
2201,Li-Ion,2248,0.0,9.770324381780721,0.0,0.0
2201,H2,2248,56.920998245126285,56.92099824512628,0.0,0.0
2202,Li-Ion,2249,0.0,0.0,0.0,0.0
2202,H2,2249,56.920998245126285,56.920998245126285,0.0,0.0
2203,Li-Ion,2250,0.0,0.0,0.0,0.0
2203,H2,2250,56.920998245126285,56.920998245126285,0.0,0.0
2204,Li-Ion,2251,0.0,0.0,0.0,0.0
2204,H2,2251,56.920998245126285,56.920998245126285,0.0,0.0
2205,Li-Ion,2252,0.0,0.0,0.0,0.0
2205,H2,2252,56.920998245126285,56.920998245126285,0.0,0.0
2206,Li-Ion,2253,0.0,0.0,0.0,0.0
2206,H2,2253,56.920998245126285,56.920998245126285,0.0,0.0
2207,Li-Ion,2254,0.0,0.0,0.0,0.0
2207,H2,2254,56.920998245126285,56.920998245126285,0.0,0.0
2208,Li-Ion,2255,0.0,0.0,0.0,0.0
2208,H2,2255,56.920998245126285,56.920998245126285,0.0,0.0
2209,Li-Ion,2256,0.0,0.0,0.0,0.0
2209,H2,2256,56.920998245126285,56.920998245126285,0.0,0.0
2210,Li-Ion,2257,0.0,0.0,0.0,0.0
2210,H2,2257,56.920998245126285,56.920998245126285,0.0,0.0
2211,Li-Ion,2258,0.0,0.0,0.0,0.0
2211,H2,2258,56.920998245126285,56.920998245126285,0.0,0.0
2212,Li-Ion,2259,0.0,0.0,0.0,0.0
2212,H2,2259,56.920998245126285,56.920998245126285,0.0,0.0
2213,Li-Ion,2260,0.0,0.0,0.0,0.0
2213,H2,2260,56.920998245126285,56.920998245126285,0.0,0.0
2214,Li-Ion,2261,0.0,0.0,0.0,0.0
2214,H2,2261,56.920998245126285,56.920998245126285,0.0,0.0
2215,Li-Ion,2262,0.0,0.0,0.0,0.0
2215,H2,2262,56.920998245126285,56.920998245126285,0.0,0.0
2216,Li-Ion,2263,0.0,0.0,0.0,0.0
2216,H2,2263,56.920998245126285,56.920998245126285,0.0,0.0
2217,Li-Ion,2264,0.0,0.0,0.0,0.0
2217,H2,2264,56.920998245126285,56.920998245126285,0.0,0.0
2218,Li-Ion,2265,0.0,0.0,0.0,0.0
2218,H2,2265,56.920998245126285,56.920998245126285,0.0,0.0
2219,Li-Ion,2266,0.0,0.0,0.0,0.0
2219,H2,2266,56.920998245126285,56.920998245126285,0.0,0.0
2220,Li-Ion,2267,0.0,0.0,0.0,0.0
2220,H2,2267,56.920998245126285,56.920998245126285,0.0,0.0
2221,Li-Ion,2268,0.0,4.412404559513875,0.0,0.0
2221,H2,2268,56.920998245126285,56.920998245126285,0.0,0.0
2222,Li-Ion,2269,0.0,9.770324381780721,0.0,0.0
2222,H2,2269,56.920998245126285,56.92099824512628,0.0,0.0
2223,Li-Ion,2270,0.0,15.128244204047569,0.0,0.0
2223,H2,2270,56.920998245126285,56.920998245126285,0.0,0.0
2224,Li-Ion,2271,0.0,20.486164026314416,0.0,0.0
2224,H2,2271,56.920998245126285,56.920998245126285,0.0,0.0
2225,Li-Ion,2272,0.0,21.539204737247026,0.0,0.0
2225,H2,2272,56.920998245126285,56.920998245126285,0.0,0.0
2226,Li-Ion,2273,0.0,0.0,0.0,0.0
2226,H2,2273,56.920998245126285,56.920998245126285,0.0,0.0
2227,Li-Ion,2274,0.0,0.0,0.0,0.0
2227,H2,2274,56.920998245126285,56.920998245126285,0.0,0.0
2228,Li-Ion,2275,0.0,0.0,0.0,0.0
2228,H2,2275,56.920998245126285,56.920998245126285,0.0,0.0
2229,Li-Ion,2276,0.0,0.0,0.0,0.0
2229,H2,2276,56.920998245126285,56.920998245126285,0.0,0.0
2230,Li-Ion,2277,0.0,0.0,0.0,0.0
2230,H2,2277,56.920998245126285,56.920998245126285,0.0,0.0
2231,Li-Ion,2278,0.0,0.0,0.0,0.0
2231,H2,2278,56.920998245126285,56.920998245126285,0.0,0.0
2232,Li-Ion,2279,0.0,0.0,0.0,0.0
2232,H2,2279,56.920998245126285,56.920998245126285,0.0,0.0
2233,Li-Ion,2280,0.0,0.0,0.0,0.0
2233,H2,2280,56.920998245126285,56.920998245126285,0.0,0.0
2234,Li-Ion,2281,0.0,0.0,0.0,0.0
2234,H2,2281,56.920998245126285,56.920998245126285,0.0,0.0
2235,Li-Ion,2282,0.0,0.0,0.0,0.0
2235,H2,2282,56.920998245126285,56.920998245126285,0.0,0.0
2236,Li-Ion,2283,0.0,0.0,0.0,0.0
2236,H2,2283,56.920998245126285,56.920998245126285,0.0,0.0
2237,Li-Ion,2284,0.0,0.0,0.0,0.0
2237,H2,2284,56.920998245126285,56.920998245126285,0.0,0.0
2238,Li-Ion,2285,0.0,0.0,0.0,0.0
2238,H2,2285,56.920998245126285,56.920998245126285,0.0,0.0
2239,Li-Ion,2286,0.0,0.0,0.0,0.0
2239,H2,2286,56.920998245126285,56.920998245126285,0.0,0.0
2240,Li-Ion,2287,0.0,0.0,0.0,0.0
2240,H2,2287,56.920998245126285,56.6033287196417,0.3176695254845825,317.6695254845825
2241,Li-Ion,2288,0.0,0.0,0.0,0.0
2241,H2,2288,56.920998245126285,52.99260833701982,3.9283899081064675,3928.3899081064674
2242,Li-Ion,2289,0.0,0.0,0.0,0.0
2242,H2,2289,56.920998245126285,51.307898184238255,5.61310006088803,5613.1000608880295
2243,Li-Ion,2290,0.0,0.0,0.0,0.0
2243,H2,2290,56.920998245126285,51.307898184238255,5.61310006088803,5613.1000608880295
2244,Li-Ion,2291,0.0,0.0,0.0,0.0
2244,H2,2291,56.920998245126285,51.30789818423826,5.613100060888023,5613.100060888023
2245,Li-Ion,2292,0.0,0.0,0.0,0.0
2245,H2,2292,56.920998245126285,51.30789818423826,5.613100060888023,5613.100060888023
2246,Li-Ion,2293,0.0,0.0,0.0,0.0
2246,H2,2293,56.920998245126285,51.30789818423826,5.613100060888023,5613.100060888023
2247,Li-Ion,2294,0.0,0.0,0.0,0.0
2247,H2,2294,56.920998245126285,51.30789818423826,5.613100060888023,5613.100060888023
2248,Li-Ion,2295,0.0,0.0,0.0,0.0
2248,H2,2295,56.920998245126285,48.98610875483445,7.934889490291837,7934.889490291837
2249,Li-Ion,2296,0.0,0.0,0.0,0.0
2249,H2,2296,56.920998245126285,45.86193148082684,11.059066764299445,11059.066764299445
2250,Li-Ion,2297,0.0,0.0,0.0,0.0
2250,H2,2297,56.920998245126285,44.1236187939722,12.797379451154086,12797.379451154085
2251,Li-Ion,2298,0.0,0.0,0.0,0.0
2251,H2,2298,56.920998245126285,45.527799679751325,11.39319856537496,11393.19856537496
2252,Li-Ion,2299,0.0,0.0,0.0,0.0
2252,H2,2299,56.920998245126285,50.034576555115464,6.88642169001082,6886.42169001082
2253,Li-Ion,2300,0.0,0.0,0.0,0.0
2253,H2,2300,56.920998245126285,51.256128532842716,5.6648697122835685,5664.869712283568
2254,Li-Ion,2301,0.0,0.0,0.0,0.0
2254,H2,2301,56.920998245126285,52.27652741678565,4.644470828340637,4644.470828340637
2255,Li-Ion,2302,0.0,0.0,0.0,0.0
2255,H2,2302,56.920998245126285,52.10451308584299,4.816485159283296,4816.485159283296
2256,Li-Ion,2303,0.0,0.0,0.0,0.0
2256,H2,2303,56.920998245126285,51.4106844426265,5.5103138024997875,5510.313802499788
2257,Li-Ion,2304,0.0,0.0,0.0,0.0
2257,H2,2304,56.920998245126285,49.14702466719945,7.7739735779268315,7773.973577926831
2258,Li-Ion,2305,0.0,0.0,0.0,0.0
2258,H2,2305,56.920998245126285,46.271884450836296,10.649113794289988,10649.113794289988
2259,Li-Ion,2306,0.0,0.0,0.0,0.0
2259,H2,2306,56.920998245126285,46.10167855752189,10.819319687604391,10819.319687604391
2260,Li-Ion,2307,0.0,0.0,0.0,0.0
2260,H2,2307,56.920998245126285,45.252783659948975,11.66821458517731,11668.21458517731
2261,Li-Ion,2308,0.0,0.0,0.0,0.0
2261,H2,2308,56.920998245126285,45.48463315502015,11.436365090106136,11436.365090106136
2262,Li-Ion,2309,0.0,0.0,0.0,0.0
2262,H2,2309,56.920998245126285,46.89936223420655,10.021636010919735,10021.636010919736
2263,Li-Ion,2310,0.0,0.0,0.0,0.0
2263,H2,2310,56.920998245126285,48.78401496491894,8.136983280207346,8136.983280207346
2264,Li-Ion,2311,0.0,0.0,0.0,0.0
2264,H2,2311,56.920998245126285,49.777679218056875,7.14331902706941,7143.3190270694095
2265,Li-Ion,2312,0.0,0.0,0.0,0.0
2265,H2,2312,56.920998245126285,48.30939488969548,8.611603355430802,8611.603355430801
2266,Li-Ion,2313,0.0,0.0,0.0,0.0
2266,H2,2313,56.920998245126285,43.948392284997546,12.972605960128739,12972.60596012874
2267,Li-Ion,2314,0.0,0.0,0.0,0.0
2267,H2,2314,56.920998245126285,41.68256197035226,15.238436274774024,15238.436274774023
2268,Li-Ion,2315,0.0,0.0,0.0,0.0
2268,H2,2315,56.920998245126285,39.324397534328305,17.59660071079798,17596.60071079798
2269,Li-Ion,2316,0.0,0.0,0.0,0.0
2269,H2,2316,56.920998245126285,35.797186797775424,21.12381144735086,21123.81144735086
2270,Li-Ion,2317,0.0,0.0,0.0,0.0
2270,H2,2317,56.920998245126285,29.643759183497416,27.27723906162887,27277.23906162887
2271,Li-Ion,2318,0.0,0.0,0.0,0.0
2271,H2,2318,56.920998245126285,22.288586304401765,34.63241194072452,34632.41194072452
2272,Li-Ion,2319,0.0,0.0,0.0,0.0
2272,H2,2319,56.920998245126285,15.927964235275267,40.993034009851016,40993.03400985101
2273,Li-Ion,2320,0.0,0.0,0.0,0.0
2273,H2,2320,56.920998245126285,13.410089851343537,43.51090839378275,43510.90839378275
2274,Li-Ion,2321,0.0,0.0,0.0,0.0
2274,H2,2321,56.920998245126285,11.983155652808774,44.93784259231751,44937.84259231751
2275,Li-Ion,2322,0.0,0.0,0.0,0.0
2275,H2,2322,56.920998245126285,7.695979658011316,49.22501858711497,49225.018587114966
2276,Li-Ion,2323,0.0,0.0,0.0,0.0
2276,H2,2323,56.920998245126285,2.842402478229667,54.07859576689662,54078.59576689662
2277,Li-Ion,2324,0.0,0.0,0.0,0.0
2277,H2,2324,56.920998245126285,6.805293376019271,50.11570486910701,50115.704869107016
2278,Li-Ion,2325,0.0,0.0,0.0,0.0
2278,H2,2325,56.920998245126285,10.496442109526985,46.4245561355993,46424.556135599305
2279,Li-Ion,2326,0.0,0.0,0.0,0.0
2279,H2,2326,56.920998245126285,14.163792304041968,42.757205941084315,42757.205941084314
2280,Li-Ion,2327,0.0,0.0,0.0,0.0
2280,H2,2327,56.920998245126285,18.225608502148063,38.69538974297822,38695.38974297822
2281,Li-Ion,2328,0.0,0.0,0.0,0.0
2281,H2,2328,56.920998245126285,22.900828807215355,34.02016943791093,34020.16943791093
2282,Li-Ion,2329,0.0,0.0,0.0,0.0
2282,H2,2329,56.920998245126285,27.934807243405558,28.986191001720726,28986.191001720726
2283,Li-Ion,2330,0.0,0.0,0.0,0.0
2283,H2,2330,56.920998245126285,32.26190766248016,24.659090582646122,24659.090582646124
2284,Li-Ion,2331,0.0,0.0,0.0,0.0
2284,H2,2331,56.920998245126285,36.54952796007003,20.371470285056255,20371.470285056253
2285,Li-Ion,2332,0.0,0.0,0.0,0.0
2285,H2,2332,56.920998245126285,39.6915649593128,17.229433285813485,17229.433285813484
2286,Li-Ion,2333,0.0,0.0,0.0,0.0
2286,H2,2333,56.920998245126285,41.540746813674865,15.38025143145142,15380.25143145142
2287,Li-Ion,2334,0.0,0.0,0.0,0.0
2287,H2,2334,56.920998245126285,45.42863715844306,11.492361086683225,11492.361086683224
2288,Li-Ion,2335,0.0,0.0,0.0,0.0
2288,H2,2335,56.920998245126285,49.715275289794945,7.205722955331339,7205.722955331339
2289,Li-Ion,2336,0.0,0.0,0.0,0.0
2289,H2,2336,56.920998245126285,53.930979682335305,2.990018562790979,2990.018562790979
2290,Li-Ion,2337,0.0,0.0,0.0,0.0
2290,H2,2337,56.920998245126285,56.920998245126285,0.0,0.0
2291,Li-Ion,2338,0.0,4.412404559513875,0.0,0.0
2291,H2,2338,56.920998245126285,56.920998245126285,0.0,0.0
2292,Li-Ion,2339,0.0,9.770324381780721,0.0,0.0
2292,H2,2339,56.920998245126285,56.92099824512628,0.0,0.0
2293,Li-Ion,2340,0.0,15.128244204047569,0.0,0.0
2293,H2,2340,56.920998245126285,56.920998245126285,0.0,0.0
2294,Li-Ion,2341,0.0,20.486164026314416,0.0,0.0
2294,H2,2341,56.920998245126285,56.920998245126285,0.0,0.0
2295,Li-Ion,2342,0.0,21.539204737247026,0.0,0.0
2295,H2,2342,56.920998245126285,56.920998245126285,0.0,0.0
2296,Li-Ion,2343,0.0,21.539204737247026,0.0,0.0
2296,H2,2343,56.920998245126285,56.920998245126285,0.0,0.0
2297,Li-Ion,2344,0.0,0.0,0.0,0.0
2297,H2,2344,56.920998245126285,56.920998245126285,0.0,0.0
2298,Li-Ion,2345,0.0,0.0,0.0,0.0
2298,H2,2345,56.920998245126285,56.920998245126285,0.0,0.0
2299,Li-Ion,2346,0.0,0.0,0.0,0.0
2299,H2,2346,56.920998245126285,56.920998245126285,0.0,0.0
2300,Li-Ion,2347,0.0,0.0,0.0,0.0
2300,H2,2347,56.920998245126285,56.920998245126285,0.0,0.0
2301,Li-Ion,2348,0.0,0.0,0.0,0.0
2301,H2,2348,56.920998245126285,56.920998245126285,0.0,0.0
2302,Li-Ion,2349,0.0,0.0,0.0,0.0
2302,H2,2349,56.920998245126285,56.920998245126285,0.0,0.0
2303,Li-Ion,2350,0.0,0.0,0.0,0.0
2303,H2,2350,56.920998245126285,56.920998245126285,0.0,0.0
2304,Li-Ion,2351,0.0,0.0,0.0,0.0
2304,H2,2351,56.920998245126285,56.920998245126285,0.0,0.0
2305,Li-Ion,2352,0.0,0.0,0.0,0.0
2305,H2,2352,56.920998245126285,56.920998245126285,0.0,0.0
2306,Li-Ion,2353,0.0,0.0,0.0,0.0
2306,H2,2353,56.920998245126285,56.920998245126285,0.0,0.0
2307,Li-Ion,2354,0.0,0.0,0.0,0.0
2307,H2,2354,56.920998245126285,56.920998245126285,0.0,0.0
2308,Li-Ion,2355,0.0,0.0,0.0,0.0
2308,H2,2355,56.920998245126285,56.920998245126285,0.0,0.0
2309,Li-Ion,2356,0.0,0.0,0.0,0.0
2309,H2,2356,56.920998245126285,56.920998245126285,0.0,0.0
2310,Li-Ion,2357,0.0,0.0,0.0,0.0
2310,H2,2357,56.920998245126285,56.920998245126285,0.0,0.0
2311,Li-Ion,2358,0.0,0.0,0.0,0.0
2311,H2,2358,56.920998245126285,56.920998245126285,0.0,0.0
2312,Li-Ion,2359,0.0,0.0,0.0,0.0
2312,H2,2359,56.920998245126285,56.920998245126285,0.0,0.0
2313,Li-Ion,2360,0.0,0.0,0.0,0.0
2313,H2,2360,56.920998245126285,56.920998245126285,0.0,0.0
2314,Li-Ion,2361,0.0,0.0,0.0,0.0
2314,H2,2361,56.920998245126285,56.920998245126285,0.0,0.0
2315,Li-Ion,2362,0.0,0.0,0.0,0.0
2315,H2,2362,56.920998245126285,56.920998245126285,0.0,0.0
2316,Li-Ion,2363,0.0,0.0,0.0,0.0
2316,H2,2363,56.920998245126285,56.920998245126285,0.0,0.0
2317,Li-Ion,2364,0.0,0.0,0.0,0.0
2317,H2,2364,56.920998245126285,56.920998245126285,0.0,0.0
2318,Li-Ion,2365,0.0,0.0,0.0,0.0
2318,H2,2365,56.920998245126285,56.920998245126285,0.0,0.0
2319,Li-Ion,2366,0.0,0.0,0.0,0.0
2319,H2,2366,56.920998245126285,56.920998245126285,0.0,0.0
2320,Li-Ion,2367,0.0,0.0,0.0,0.0
2320,H2,2367,56.920998245126285,54.154555897458266,2.7664423476680184,2766.4423476680186
2321,Li-Ion,2368,0.0,0.0,0.0,0.0
2321,H2,2368,56.920998245126285,50.61500308809958,6.305995157026707,6305.995157026708
2322,Li-Ion,2369,0.0,0.0,0.0,0.0
2322,H2,2369,56.920998245126285,41.15388464863643,15.767113596489857,15767.113596489857
2323,Li-Ion,2370,0.0,0.0,0.0,0.0
2323,H2,2370,56.920998245126285,38.81793234553876,18.103065899587527,18103.065899587527
2324,Li-Ion,2371,0.0,0.0,0.0,0.0
2324,H2,2371,56.920998245126285,33.90998944813972,23.011008796986566,23011.008796986567
2325,Li-Ion,2372,0.0,0.0,0.0,0.0
2325,H2,2372,56.920998245126285,28.01492371054853,28.906074534577755,28906.074534577754
2326,Li-Ion,2373,0.0,0.0,0.0,0.0
2326,H2,2373,56.920998245126285,21.812259627177326,35.10873861794896,35108.738617948955
2327,Li-Ion,2374,0.0,0.0,0.0,0.0
2327,H2,2374,56.920998245126285,13.35177359631233,43.56922464881396,43569.22464881396
2328,Li-Ion,2375,0.0,0.0,0.0,0.0
2328,H2,2375,56.920998245126285,8.282761883777981,48.638236361348305,48638.2363613483
2329,Li-Ion,2376,0.0,0.0,0.0,0.0
2329,H2,2376,56.920998245126285,3.666758830923481,53.2542394142028,53254.2394142028
2330,Li-Ion,2377,0.0,0.0,0.0,0.0
2330,H2,2377,56.920998245126285,0.0,56.920998245126285,56920.998245126284
2331,Li-Ion,2378,0.0,0.0,0.0,0.0
2331,H2,2378,56.920998245126285,0.0,56.920998245126285,56920.998245126284
2332,Li-Ion,2379,0.0,0.0,0.0,0.0
2332,H2,2379,56.920998245126285,0.0,56.920998245126285,56920.998245126284
2333,Li-Ion,2380,0.0,0.0,0.0,0.0
2333,H2,2380,56.920998245126285,0.0,56.920998245126285,56920.998245126284
2334,Li-Ion,2381,0.0,0.0,0.0,0.0
2334,H2,2381,56.920998245126285,1.7613575538221025,55.15964069130418,55159.64069130419
2335,Li-Ion,2382,0.0,0.0,0.0,0.0
2335,H2,2382,56.920998245126285,6.04799568517399,50.8730025599523,50873.0025599523
2336,Li-Ion,2383,0.0,0.0,0.0,0.0
2336,H2,2383,56.920998245126285,10.334633816525876,46.586364428600405,46586.364428600406
2337,Li-Ion,2384,0.0,0.0,0.0,0.0
2337,H2,2384,56.920998245126285,14.621271947877764,42.29972629724852,42299.72629724852
2338,Li-Ion,2385,0.0,0.0,0.0,0.0
2338,H2,2385,56.920998245126285,18.90791007922965,38.01308816589663,38013.08816589663
2339,Li-Ion,2386,0.0,0.0,0.0,0.0
2339,H2,2386,56.920998245126285,23.194548210581537,33.72645003454475,33726.450034544745
2340,Li-Ion,2387,0.0,0.0,0.0,0.0
2340,H2,2387,56.920998245126285,27.481186341933423,29.43981190319286,29439.81190319286
2341,Li-Ion,2388,0.0,0.0,0.0,0.0
2341,H2,2388,56.920998245126285,31.767824473285316,25.15317377184097,25153.173771840968
2342,Li-Ion,2389,0.0,0.0,0.0,0.0
2342,H2,2389,56.920998245126285,36.0544626046372,20.866535640489083,20866.535640489084
2343,Li-Ion,2390,0.0,0.0,0.0,0.0
2343,H2,2390,56.920998245126285,40.34110073598909,16.579897509137197,16579.897509137198
2344,Li-Ion,2391,0.0,0.0,0.0,0.0
2344,H2,2391,56.920998245126285,44.62773886734097,12.293259377785311,12293.25937778531
2345,Li-Ion,2392,0.0,0.0,0.0,0.0
2345,H2,2392,56.920998245126285,48.914376998692866,8.006621246433419,8006.6212464334185
2346,Li-Ion,2393,0.0,0.0,0.0,0.0
2346,H2,2393,56.920998245126285,53.20101513004474,3.719983115081547,3719.983115081547
2347,Li-Ion,2394,0.0,7.011262610378243,0.0,0.0
2347,H2,2394,56.920998245126285,56.920998245126285,0.0,0.0
2348,Li-Ion,2395,0.0,0.0,0.0,0.0
2348,H2,2395,56.920998245126285,56.920998245126285,0.0,0.0
2349,Li-Ion,2396,0.0,0.0,0.0,0.0
2349,H2,2396,56.920998245126285,56.920998245126285,0.0,0.0
2350,Li-Ion,2397,0.0,0.0,0.0,0.0
2350,H2,2397,56.920998245126285,56.920998245126285,0.0,0.0
2351,Li-Ion,2398,0.0,0.0,0.0,0.0
2351,H2,2398,56.920998245126285,56.920998245126285,0.0,0.0
2352,Li-Ion,2399,0.0,0.0,0.0,0.0
2352,H2,2399,56.920998245126285,56.920998245126285,0.0,0.0
2353,Li-Ion,2400,0.0,0.0,0.0,0.0
2353,H2,2400,56.920998245126285,56.920998245126285,0.0,0.0
2354,Li-Ion,2401,0.0,0.0,0.0,0.0
2354,H2,2401,56.920998245126285,56.920998245126285,0.0,0.0
2355,Li-Ion,2402,0.0,0.0,0.0,0.0
2355,H2,2402,56.920998245126285,56.920998245126285,0.0,0.0
2356,Li-Ion,2403,0.0,0.0,0.0,0.0
2356,H2,2403,56.920998245126285,56.920998245126285,0.0,0.0
2357,Li-Ion,2404,0.0,0.0,0.0,0.0
2357,H2,2404,56.920998245126285,56.920998245126285,0.0,0.0
2358,Li-Ion,2405,0.0,0.0,0.0,0.0
2358,H2,2405,56.920998245126285,56.920998245126285,0.0,0.0
2359,Li-Ion,2406,0.0,0.0,0.0,0.0
2359,H2,2406,56.920998245126285,56.920998245126285,0.0,0.0
2360,Li-Ion,2407,0.0,0.0,0.0,0.0
2360,H2,2407,56.920998245126285,56.920998245126285,0.0,0.0
2361,Li-Ion,2408,0.0,0.0,0.0,0.0
2361,H2,2408,56.920998245126285,56.920998245126285,0.0,0.0
2362,Li-Ion,2409,0.0,0.0,0.0,0.0
2362,H2,2409,56.920998245126285,56.920998245126285,0.0,0.0
2363,Li-Ion,2410,0.0,0.0,0.0,0.0
2363,H2,2410,56.920998245126285,56.920998245126285,0.0,0.0
2364,Li-Ion,2411,0.0,4.412404559513875,0.0,0.0
2364,H2,2411,56.920998245126285,56.920998245126285,0.0,0.0
2365,Li-Ion,2412,0.0,9.770324381780721,0.0,0.0
2365,H2,2412,56.920998245126285,56.92099824512628,0.0,0.0
2366,Li-Ion,2413,0.0,15.128244204047569,0.0,0.0
2366,H2,2413,56.920998245126285,56.920998245126285,0.0,0.0
2367,Li-Ion,2414,0.0,20.486164026314416,0.0,0.0
2367,H2,2414,56.920998245126285,56.920998245126285,0.0,0.0
2368,Li-Ion,2415,0.0,21.539204737247026,0.0,0.0
2368,H2,2415,56.920998245126285,56.920998245126285,0.0,0.0
2369,Li-Ion,2416,0.0,0.0,0.0,0.0
2369,H2,2416,56.920998245126285,56.920998245126285,0.0,0.0
2370,Li-Ion,2417,0.0,0.0,0.0,0.0
2370,H2,2417,56.920998245126285,56.920998245126285,0.0,0.0
2371,Li-Ion,2418,0.0,4.412404559513875,0.0,0.0
2371,H2,2418,56.920998245126285,56.920998245126285,0.0,0.0
2372,Li-Ion,2419,0.0,0.0,0.0,0.0
2372,H2,2419,56.920998245126285,56.920998245126285,0.0,0.0
2373,Li-Ion,2420,0.0,0.0,0.0,0.0
2373,H2,2420,56.920998245126285,56.920998245126285,0.0,0.0
2374,Li-Ion,2421,0.0,0.0,0.0,0.0
2374,H2,2421,56.920998245126285,56.920998245126285,0.0,0.0
2375,Li-Ion,2422,0.0,0.0,0.0,0.0
2375,H2,2422,56.920998245126285,56.920998245126285,0.0,0.0
2376,Li-Ion,2423,0.0,0.0,0.0,0.0
2376,H2,2423,56.920998245126285,56.920998245126285,0.0,0.0
2377,Li-Ion,2424,0.0,0.0,0.0,0.0
2377,H2,2424,56.920998245126285,56.920998245126285,0.0,0.0
2378,Li-Ion,2425,0.0,0.0,0.0,0.0
2378,H2,2425,56.920998245126285,56.920998245126285,0.0,0.0
2379,Li-Ion,2426,0.0,0.0,0.0,0.0
2379,H2,2426,56.920998245126285,56.920998245126285,0.0,0.0
2380,Li-Ion,2427,0.0,0.0,0.0,0.0
2380,H2,2427,56.920998245126285,56.920998245126285,0.0,0.0
2381,Li-Ion,2428,0.0,0.0,0.0,0.0
2381,H2,2428,56.920998245126285,56.920998245126285,0.0,0.0
2382,Li-Ion,2429,0.0,0.0,0.0,0.0
2382,H2,2429,56.920998245126285,56.920998245126285,0.0,0.0
2383,Li-Ion,2430,0.0,0.0,0.0,0.0
2383,H2,2430,56.920998245126285,56.920998245126285,0.0,0.0
2384,Li-Ion,2431,0.0,0.0,0.0,0.0
2384,H2,2431,56.920998245126285,56.920998245126285,0.0,0.0
2385,Li-Ion,2432,0.0,0.0,0.0,0.0
2385,H2,2432,56.920998245126285,56.920998245126285,0.0,0.0
2386,Li-Ion,2433,0.0,0.0,0.0,0.0
2386,H2,2433,56.920998245126285,56.920998245126285,0.0,0.0
2387,Li-Ion,2434,0.0,4.412404559513875,0.0,0.0
2387,H2,2434,56.920998245126285,56.920998245126285,0.0,0.0
2388,Li-Ion,2435,0.0,9.770324381780721,0.0,0.0
2388,H2,2435,56.920998245126285,56.92099824512628,0.0,0.0
2389,Li-Ion,2436,0.0,15.128244204047569,0.0,0.0
2389,H2,2436,56.920998245126285,56.920998245126285,0.0,0.0
2390,Li-Ion,2437,0.0,20.486164026314416,0.0,0.0
2390,H2,2437,56.920998245126285,56.920998245126285,0.0,0.0
2391,Li-Ion,2438,0.0,21.539204737247026,0.0,0.0
2391,H2,2438,56.920998245126285,56.920998245126285,0.0,0.0
2392,Li-Ion,2439,0.0,21.539204737247026,0.0,0.0
2392,H2,2439,56.920998245126285,56.920998245126285,0.0,0.0
2393,Li-Ion,2440,0.0,21.539204737247026,0.0,0.0
2393,H2,2440,56.920998245126285,56.920998245126285,0.0,0.0
2394,Li-Ion,2441,0.0,21.539204737247026,0.0,0.0
2394,H2,2441,56.920998245126285,56.920998245126285,0.0,0.0
2395,Li-Ion,2442,0.0,21.539204737247026,0.0,0.0
2395,H2,2442,56.920998245126285,56.920998245126285,0.0,0.0
2396,Li-Ion,2443,0.0,0.0,0.0,0.0
2396,H2,2443,56.920998245126285,56.920998245126285,0.0,0.0
2397,Li-Ion,2444,0.0,0.0,0.0,0.0
2397,H2,2444,56.920998245126285,56.920998245126285,0.0,0.0
2398,Li-Ion,2445,0.0,0.0,0.0,0.0
2398,H2,2445,56.920998245126285,56.920998245126285,0.0,0.0
2399,Li-Ion,2446,0.0,0.0,0.0,0.0
2399,H2,2446,56.920998245126285,56.920998245126285,0.0,0.0
2400,Li-Ion,2447,0.0,0.0,0.0,0.0
2400,H2,2447,56.920998245126285,56.920998245126285,0.0,0.0
2401,Li-Ion,2448,0.0,0.0,0.0,0.0
2401,H2,2448,56.920998245126285,56.920998245126285,0.0,0.0
2402,Li-Ion,2449,0.0,0.0,0.0,0.0
2402,H2,2449,56.920998245126285,56.920998245126285,0.0,0.0
2403,Li-Ion,2450,0.0,0.0,0.0,0.0
2403,H2,2450,56.920998245126285,56.920998245126285,0.0,0.0
2404,Li-Ion,2451,0.0,0.0,0.0,0.0
2404,H2,2451,56.920998245126285,56.920998245126285,0.0,0.0
2405,Li-Ion,2452,0.0,0.0,0.0,0.0
2405,H2,2452,56.920998245126285,56.920998245126285,0.0,0.0
2406,Li-Ion,2453,0.0,4.412404559513875,0.0,0.0
2406,H2,2453,56.920998245126285,56.920998245126285,0.0,0.0
2407,Li-Ion,2454,0.0,0.0,0.0,0.0
2407,H2,2454,56.920998245126285,56.920998245126285,0.0,0.0
2408,Li-Ion,2455,0.0,0.0,0.0,0.0
2408,H2,2455,56.920998245126285,56.920998245126285,0.0,0.0
2409,Li-Ion,2456,0.0,0.0,0.0,0.0
2409,H2,2456,56.920998245126285,56.920998245126285,0.0,0.0
2410,Li-Ion,2457,0.0,0.0,0.0,0.0
2410,H2,2457,56.920998245126285,56.920998245126285,0.0,0.0
2411,Li-Ion,2458,0.0,0.0,0.0,0.0
2411,H2,2458,56.920998245126285,56.920998245126285,0.0,0.0
2412,Li-Ion,2459,0.0,4.412404559513875,0.0,0.0
2412,H2,2459,56.920998245126285,56.920998245126285,0.0,0.0
2413,Li-Ion,2460,0.0,9.770324381780721,0.0,0.0
2413,H2,2460,56.920998245126285,56.92099824512628,0.0,0.0
2414,Li-Ion,2461,0.0,15.128244204047569,0.0,0.0
2414,H2,2461,56.920998245126285,56.920998245126285,0.0,0.0
2415,Li-Ion,2462,0.0,20.486164026314416,0.0,0.0
2415,H2,2462,56.920998245126285,56.920998245126285,0.0,0.0
2416,Li-Ion,2463,0.0,21.539204737247026,0.0,0.0
2416,H2,2463,56.920998245126285,56.920998245126285,0.0,0.0
2417,Li-Ion,2464,0.0,0.0,0.0,0.0
2417,H2,2464,56.920998245126285,56.920998245126285,0.0,0.0
2418,Li-Ion,2465,0.0,0.0,0.0,0.0
2418,H2,2465,56.920998245126285,56.920998245126285,0.0,0.0
2419,Li-Ion,2466,0.0,0.0,0.0,0.0
2419,H2,2466,56.920998245126285,56.920998245126285,0.0,0.0
2420,Li-Ion,2467,0.0,0.0,0.0,0.0
2420,H2,2467,56.920998245126285,56.920998245126285,0.0,0.0
2421,Li-Ion,2468,0.0,0.0,0.0,0.0
2421,H2,2468,56.920998245126285,56.920998245126285,0.0,0.0
2422,Li-Ion,2469,0.0,0.0,0.0,0.0
2422,H2,2469,56.920998245126285,56.920998245126285,0.0,0.0
2423,Li-Ion,2470,0.0,0.0,0.0,0.0
2423,H2,2470,56.920998245126285,56.920998245126285,0.0,0.0
2424,Li-Ion,2471,0.0,0.0,0.0,0.0
2424,H2,2471,56.920998245126285,56.920998245126285,0.0,0.0
2425,Li-Ion,2472,0.0,0.0,0.0,0.0
2425,H2,2472,56.920998245126285,56.920998245126285,0.0,0.0
2426,Li-Ion,2473,0.0,0.0,0.0,0.0
2426,H2,2473,56.920998245126285,56.920998245126285,0.0,0.0
2427,Li-Ion,2474,0.0,0.0,0.0,0.0
2427,H2,2474,56.920998245126285,56.920998245126285,0.0,0.0
2428,Li-Ion,2475,0.0,0.0,0.0,0.0
2428,H2,2475,56.920998245126285,56.920998245126285,0.0,0.0
2429,Li-Ion,2476,0.0,0.0,0.0,0.0
2429,H2,2476,56.920998245126285,56.920998245126285,0.0,0.0
2430,Li-Ion,2477,0.0,0.0,0.0,0.0
2430,H2,2477,56.920998245126285,56.920998245126285,0.0,0.0
2431,Li-Ion,2478,0.0,0.0,0.0,0.0
2431,H2,2478,56.920998245126285,56.920998245126285,0.0,0.0
2432,Li-Ion,2479,0.0,0.0,0.0,0.0
2432,H2,2479,56.920998245126285,56.920998245126285,0.0,0.0
2433,Li-Ion,2480,0.0,0.0,0.0,0.0
2433,H2,2480,56.920998245126285,56.920998245126285,0.0,0.0
2434,Li-Ion,2481,0.0,0.0,0.0,0.0
2434,H2,2481,56.920998245126285,56.920998245126285,0.0,0.0
2435,Li-Ion,2482,0.0,0.0,0.0,0.0
2435,H2,2482,56.920998245126285,56.920998245126285,0.0,0.0
2436,Li-Ion,2483,0.0,0.0,0.0,0.0
2436,H2,2483,56.920998245126285,56.920998245126285,0.0,0.0
2437,Li-Ion,2484,0.0,0.0,0.0,0.0
2437,H2,2484,56.920998245126285,56.920998245126285,0.0,0.0
2438,Li-Ion,2485,0.0,4.412404559513875,0.0,0.0
2438,H2,2485,56.920998245126285,56.920998245126285,0.0,0.0
2439,Li-Ion,2486,0.0,9.770324381780721,0.0,0.0
2439,H2,2486,56.920998245126285,56.92099824512628,0.0,0.0
2440,Li-Ion,2487,0.0,0.0,0.0,0.0
2440,H2,2487,56.920998245126285,56.920998245126285,0.0,0.0
2441,Li-Ion,2488,0.0,0.0,0.0,0.0
2441,H2,2488,56.920998245126285,56.920998245126285,0.0,0.0
2442,Li-Ion,2489,0.0,0.0,0.0,0.0
2442,H2,2489,56.920998245126285,56.920998245126285,0.0,0.0
2443,Li-Ion,2490,0.0,0.0,0.0,0.0
2443,H2,2490,56.920998245126285,56.920998245126285,0.0,0.0
2444,Li-Ion,2491,0.0,0.0,0.0,0.0
2444,H2,2491,56.920998245126285,56.920998245126285,0.0,0.0
2445,Li-Ion,2492,0.0,0.0,0.0,0.0
2445,H2,2492,56.920998245126285,56.920998245126285,0.0,0.0
2446,Li-Ion,2493,0.0,0.0,0.0,0.0
2446,H2,2493,56.920998245126285,56.920998245126285,0.0,0.0
2447,Li-Ion,2494,0.0,0.0,0.0,0.0
2447,H2,2494,56.920998245126285,56.920998245126285,0.0,0.0
2448,Li-Ion,2495,0.0,0.0,0.0,0.0
2448,H2,2495,56.920998245126285,56.920998245126285,0.0,0.0
2449,Li-Ion,2496,0.0,0.0,0.0,0.0
2449,H2,2496,56.920998245126285,56.920998245126285,0.0,0.0
2450,Li-Ion,2497,0.0,0.0,0.0,0.0
2450,H2,2497,56.920998245126285,56.920998245126285,0.0,0.0
2451,Li-Ion,2498,0.0,0.0,0.0,0.0
2451,H2,2498,56.920998245126285,56.920998245126285,0.0,0.0
2452,Li-Ion,2499,0.0,0.0,0.0,0.0
2452,H2,2499,56.920998245126285,56.920998245126285,0.0,0.0
2453,Li-Ion,2500,0.0,0.0,0.0,0.0
2453,H2,2500,56.920998245126285,56.920998245126285,0.0,0.0
2454,Li-Ion,2501,0.0,0.0,0.0,0.0
2454,H2,2501,56.920998245126285,56.920998245126285,0.0,0.0
2455,Li-Ion,2502,0.0,0.0,0.0,0.0
2455,H2,2502,56.920998245126285,56.920998245126285,0.0,0.0
2456,Li-Ion,2503,0.0,0.0,0.0,0.0
2456,H2,2503,56.920998245126285,56.920998245126285,0.0,0.0
2457,Li-Ion,2504,0.0,0.0,0.0,0.0
2457,H2,2504,56.920998245126285,56.920998245126285,0.0,0.0
2458,Li-Ion,2505,0.0,0.0,0.0,0.0
2458,H2,2505,56.920998245126285,56.920998245126285,0.0,0.0
2459,Li-Ion,2506,0.0,0.0,0.0,0.0
2459,H2,2506,56.920998245126285,56.920998245126285,0.0,0.0
2460,Li-Ion,2507,0.0,0.0,0.0,0.0
2460,H2,2507,56.920998245126285,56.920998245126285,0.0,0.0
2461,Li-Ion,2508,0.0,0.0,0.0,0.0
2461,H2,2508,56.920998245126285,56.920998245126285,0.0,0.0
2462,Li-Ion,2509,0.0,0.0,0.0,0.0
2462,H2,2509,56.920998245126285,56.920998245126285,0.0,0.0
2463,Li-Ion,2510,0.0,0.0,0.0,0.0
2463,H2,2510,56.920998245126285,56.920998245126285,0.0,0.0
2464,Li-Ion,2511,0.0,0.0,0.0,0.0
2464,H2,2511,56.920998245126285,56.920998245126285,0.0,0.0
2465,Li-Ion,2512,0.0,0.0,0.0,0.0
2465,H2,2512,56.920998245126285,56.920998245126285,0.0,0.0
2466,Li-Ion,2513,0.0,0.0,0.0,0.0
2466,H2,2513,56.920998245126285,56.920998245126285,0.0,0.0
2467,Li-Ion,2514,0.0,0.0,0.0,0.0
2467,H2,2514,56.920998245126285,56.920998245126285,0.0,0.0
2468,Li-Ion,2515,0.0,0.0,0.0,0.0
2468,H2,2515,56.920998245126285,56.920998245126285,0.0,0.0
2469,Li-Ion,2516,0.0,0.0,0.0,0.0
2469,H2,2516,56.920998245126285,56.920998245126285,0.0,0.0
2470,Li-Ion,2517,0.0,0.0,0.0,0.0
2470,H2,2517,56.920998245126285,56.920998245126285,0.0,0.0
2471,Li-Ion,2518,0.0,0.0,0.0,0.0
2471,H2,2518,56.920998245126285,56.920998245126285,0.0,0.0
2472,Li-Ion,2519,0.0,0.0,0.0,0.0
2472,H2,2519,56.920998245126285,56.920998245126285,0.0,0.0
2473,Li-Ion,2520,0.0,0.0,0.0,0.0
2473,H2,2520,56.920998245126285,56.920998245126285,0.0,0.0
2474,Li-Ion,2521,0.0,0.0,0.0,0.0
2474,H2,2521,56.920998245126285,56.920998245126285,0.0,0.0
2475,Li-Ion,2522,0.0,0.0,0.0,0.0
2475,H2,2522,56.920998245126285,56.920998245126285,0.0,0.0
2476,Li-Ion,2523,0.0,0.0,0.0,0.0
2476,H2,2523,56.920998245126285,56.920998245126285,0.0,0.0
2477,Li-Ion,2524,0.0,0.0,0.0,0.0
2477,H2,2524,56.920998245126285,56.920998245126285,0.0,0.0
2478,Li-Ion,2525,0.0,0.0,0.0,0.0
2478,H2,2525,56.920998245126285,56.920998245126285,0.0,0.0
2479,Li-Ion,2526,0.0,0.0,0.0,0.0
2479,H2,2526,56.920998245126285,56.920998245126285,0.0,0.0
2480,Li-Ion,2527,0.0,0.0,0.0,0.0
2480,H2,2527,56.920998245126285,56.920998245126285,0.0,0.0
2481,Li-Ion,2528,0.0,0.0,0.0,0.0
2481,H2,2528,56.920998245126285,56.920998245126285,0.0,0.0
2482,Li-Ion,2529,0.0,0.0,0.0,0.0
2482,H2,2529,56.920998245126285,56.920998245126285,0.0,0.0
2483,Li-Ion,2530,0.0,0.0,0.0,0.0
2483,H2,2530,56.920998245126285,56.920998245126285,0.0,0.0
2484,Li-Ion,2531,0.0,0.0,0.0,0.0
2484,H2,2531,56.920998245126285,56.920998245126285,0.0,0.0
2485,Li-Ion,2532,0.0,0.0,0.0,0.0
2485,H2,2532,56.920998245126285,56.920998245126285,0.0,0.0
2486,Li-Ion,2533,0.0,0.0,0.0,0.0
2486,H2,2533,56.920998245126285,56.920998245126285,0.0,0.0
2487,Li-Ion,2534,0.0,0.0,0.0,0.0
2487,H2,2534,56.920998245126285,56.920998245126285,0.0,0.0
2488,Li-Ion,2535,0.0,0.0,0.0,0.0
2488,H2,2535,56.920998245126285,56.920998245126285,0.0,0.0
2489,Li-Ion,2536,0.0,0.0,0.0,0.0
2489,H2,2536,56.920998245126285,56.920998245126285,0.0,0.0
2490,Li-Ion,2537,0.0,0.0,0.0,0.0
2490,H2,2537,56.920998245126285,56.920998245126285,0.0,0.0
2491,Li-Ion,2538,0.0,0.0,0.0,0.0
2491,H2,2538,56.920998245126285,56.920998245126285,0.0,0.0
2492,Li-Ion,2539,0.0,0.0,0.0,0.0
2492,H2,2539,56.920998245126285,56.920998245126285,0.0,0.0
2493,Li-Ion,2540,0.0,0.0,0.0,0.0
2493,H2,2540,56.920998245126285,56.920998245126285,0.0,0.0
2494,Li-Ion,2541,0.0,0.0,0.0,0.0
2494,H2,2541,56.920998245126285,56.920998245126285,0.0,0.0
2495,Li-Ion,2542,0.0,0.0,0.0,0.0
2495,H2,2542,56.920998245126285,56.920998245126285,0.0,0.0
2496,Li-Ion,2543,0.0,0.0,0.0,0.0
2496,H2,2543,56.920998245126285,56.920998245126285,0.0,0.0
2497,Li-Ion,2544,0.0,0.0,0.0,0.0
2497,H2,2544,56.920998245126285,56.920998245126285,0.0,0.0
2498,Li-Ion,2545,0.0,0.0,0.0,0.0
2498,H2,2545,56.920998245126285,56.920998245126285,0.0,0.0
2499,Li-Ion,2546,0.0,0.0,0.0,0.0
2499,H2,2546,56.920998245126285,56.920998245126285,0.0,0.0
2500,Li-Ion,2547,0.0,0.0,0.0,0.0
2500,H2,2547,56.920998245126285,56.920998245126285,0.0,0.0
2501,Li-Ion,2548,0.0,0.0,0.0,0.0
2501,H2,2548,56.920998245126285,56.920998245126285,0.0,0.0
2502,Li-Ion,2549,0.0,0.0,0.0,0.0
2502,H2,2549,56.920998245126285,56.920998245126285,0.0,0.0
2503,Li-Ion,2550,0.0,0.0,0.0,0.0
2503,H2,2550,56.920998245126285,56.920998245126285,0.0,0.0
2504,Li-Ion,2551,0.0,0.0,0.0,0.0
2504,H2,2551,56.920998245126285,56.920998245126285,0.0,0.0
2505,Li-Ion,2552,0.0,0.0,0.0,0.0
2505,H2,2552,56.920998245126285,56.920998245126285,0.0,0.0
2506,Li-Ion,2553,0.0,0.0,0.0,0.0
2506,H2,2553,56.920998245126285,56.920998245126285,0.0,0.0
2507,Li-Ion,2554,0.0,0.0,0.0,0.0
2507,H2,2554,56.920998245126285,56.920998245126285,0.0,0.0
2508,Li-Ion,2555,0.0,0.0,0.0,0.0
2508,H2,2555,56.920998245126285,56.920998245126285,0.0,0.0
2509,Li-Ion,2556,0.0,4.412404559513875,0.0,0.0
2509,H2,2556,56.920998245126285,56.920998245126285,0.0,0.0
2510,Li-Ion,2557,0.0,9.770324381780721,0.0,0.0
2510,H2,2557,56.920998245126285,56.92099824512628,0.0,0.0
2511,Li-Ion,2558,0.0,15.128244204047569,0.0,0.0
2511,H2,2558,56.920998245126285,56.920998245126285,0.0,0.0
2512,Li-Ion,2559,0.0,20.486164026314416,0.0,0.0
2512,H2,2559,56.920998245126285,56.920998245126285,0.0,0.0
2513,Li-Ion,2560,0.0,21.539204737247026,0.0,0.0
2513,H2,2560,56.920998245126285,56.920998245126285,0.0,0.0
2514,Li-Ion,2561,0.0,0.0,0.0,0.0
2514,H2,2561,56.920998245126285,56.920998245126285,0.0,0.0
2515,Li-Ion,2562,0.0,0.0,0.0,0.0
2515,H2,2562,56.920998245126285,56.920998245126285,0.0,0.0
2516,Li-Ion,2563,0.0,0.0,0.0,0.0
2516,H2,2563,56.920998245126285,56.920998245126285,0.0,0.0
2517,Li-Ion,2564,0.0,0.0,0.0,0.0
2517,H2,2564,56.920998245126285,56.920998245126285,0.0,0.0
2518,Li-Ion,2565,0.0,0.0,0.0,0.0
2518,H2,2565,56.920998245126285,56.920998245126285,0.0,0.0
2519,Li-Ion,2566,0.0,0.0,0.0,0.0
2519,H2,2566,56.920998245126285,56.920998245126285,0.0,0.0
2520,Li-Ion,2567,0.0,0.0,0.0,0.0
2520,H2,2567,56.920998245126285,56.920998245126285,0.0,0.0
2521,Li-Ion,2568,0.0,0.0,0.0,0.0
2521,H2,2568,56.920998245126285,56.920998245126285,0.0,0.0
2522,Li-Ion,2569,0.0,0.0,0.0,0.0
2522,H2,2569,56.920998245126285,56.920998245126285,0.0,0.0
2523,Li-Ion,2570,0.0,0.0,0.0,0.0
2523,H2,2570,56.920998245126285,56.920998245126285,0.0,0.0
2524,Li-Ion,2571,0.0,0.0,0.0,0.0
2524,H2,2571,56.920998245126285,56.920998245126285,0.0,0.0
2525,Li-Ion,2572,0.0,0.0,0.0,0.0
2525,H2,2572,56.920998245126285,56.920998245126285,0.0,0.0
2526,Li-Ion,2573,0.0,0.0,0.0,0.0
2526,H2,2573,56.920998245126285,56.920998245126285,0.0,0.0
2527,Li-Ion,2574,0.0,0.0,0.0,0.0
2527,H2,2574,56.920998245126285,56.920998245126285,0.0,0.0
2528,Li-Ion,2575,0.0,0.0,0.0,0.0
2528,H2,2575,56.920998245126285,56.920998245126285,0.0,0.0
2529,Li-Ion,2576,0.0,0.0,0.0,0.0
2529,H2,2576,56.920998245126285,56.920998245126285,0.0,0.0
2530,Li-Ion,2577,0.0,0.0,0.0,0.0
2530,H2,2577,56.920998245126285,56.920998245126285,0.0,0.0
2531,Li-Ion,2578,0.0,0.0,0.0,0.0
2531,H2,2578,56.920998245126285,56.920998245126285,0.0,0.0
2532,Li-Ion,2579,0.0,0.0,0.0,0.0
2532,H2,2579,56.920998245126285,56.920998245126285,0.0,0.0
2533,Li-Ion,2580,0.0,0.0,0.0,0.0
2533,H2,2580,56.920998245126285,56.920998245126285,0.0,0.0
2534,Li-Ion,2581,0.0,4.412404559513875,0.0,0.0
2534,H2,2581,56.920998245126285,56.920998245126285,0.0,0.0
2535,Li-Ion,2582,0.0,9.770324381780721,0.0,0.0
2535,H2,2582,56.920998245126285,56.92099824512628,0.0,0.0
2536,Li-Ion,2583,0.0,15.128244204047569,0.0,0.0
2536,H2,2583,56.920998245126285,56.920998245126285,0.0,0.0
2537,Li-Ion,2584,0.0,0.0,0.0,0.0
2537,H2,2584,56.920998245126285,56.920998245126285,0.0,0.0
2538,Li-Ion,2585,0.0,0.0,0.0,0.0
2538,H2,2585,56.920998245126285,56.920998245126285,0.0,0.0
2539,Li-Ion,2586,0.0,0.0,0.0,0.0
2539,H2,2586,56.920998245126285,56.920998245126285,0.0,0.0
2540,Li-Ion,2587,0.0,0.0,0.0,0.0
2540,H2,2587,56.920998245126285,56.920998245126285,0.0,0.0
2541,Li-Ion,2588,0.0,0.0,0.0,0.0
2541,H2,2588,56.920998245126285,56.920998245126285,0.0,0.0
2542,Li-Ion,2589,0.0,0.0,0.0,0.0
2542,H2,2589,56.920998245126285,56.920998245126285,0.0,0.0
2543,Li-Ion,2590,0.0,0.0,0.0,0.0
2543,H2,2590,56.920998245126285,56.920998245126285,0.0,0.0
2544,Li-Ion,2591,0.0,0.0,0.0,0.0
2544,H2,2591,56.920998245126285,56.920998245126285,0.0,0.0
2545,Li-Ion,2592,0.0,0.0,0.0,0.0
2545,H2,2592,56.920998245126285,56.920998245126285,0.0,0.0
2546,Li-Ion,2593,0.0,0.0,0.0,0.0
2546,H2,2593,56.920998245126285,56.920998245126285,0.0,0.0
2547,Li-Ion,2594,0.0,0.0,0.0,0.0
2547,H2,2594,56.920998245126285,56.920998245126285,0.0,0.0
2548,Li-Ion,2595,0.0,0.0,0.0,0.0
2548,H2,2595,56.920998245126285,56.920998245126285,0.0,0.0
2549,Li-Ion,2596,0.0,0.0,0.0,0.0
2549,H2,2596,56.920998245126285,56.920998245126285,0.0,0.0
2550,Li-Ion,2597,0.0,0.0,0.0,0.0
2550,H2,2597,56.920998245126285,56.920998245126285,0.0,0.0
2551,Li-Ion,2598,0.0,0.0,0.0,0.0
2551,H2,2598,56.920998245126285,56.920998245126285,0.0,0.0
2552,Li-Ion,2599,0.0,0.0,0.0,0.0
2552,H2,2599,56.920998245126285,56.920998245126285,0.0,0.0
2553,Li-Ion,2600,0.0,0.0,0.0,0.0
2553,H2,2600,56.920998245126285,56.920998245126285,0.0,0.0
2554,Li-Ion,2601,0.0,0.0,0.0,0.0
2554,H2,2601,56.920998245126285,56.920998245126285,0.0,0.0
2555,Li-Ion,2602,0.0,0.0,0.0,0.0
2555,H2,2602,56.920998245126285,56.920998245126285,0.0,0.0
2556,Li-Ion,2603,0.0,0.0,0.0,0.0
2556,H2,2603,56.920998245126285,56.920998245126285,0.0,0.0
2557,Li-Ion,2604,0.0,0.0,0.0,0.0
2557,H2,2604,56.920998245126285,56.920998245126285,0.0,0.0
2558,Li-Ion,2605,0.0,0.0,0.0,0.0
2558,H2,2605,56.920998245126285,56.920998245126285,0.0,0.0
2559,Li-Ion,2606,0.0,0.0,0.0,0.0
2559,H2,2606,56.920998245126285,56.920998245126285,0.0,0.0
2560,Li-Ion,2607,0.0,0.0,0.0,0.0
2560,H2,2607,56.920998245126285,56.920998245126285,0.0,0.0
2561,Li-Ion,2608,0.0,0.0,0.0,0.0
2561,H2,2608,56.920998245126285,56.920998245126285,0.0,0.0
2562,Li-Ion,2609,0.0,0.0,0.0,0.0
2562,H2,2609,56.920998245126285,56.920998245126285,0.0,0.0
2563,Li-Ion,2610,0.0,0.0,0.0,0.0
2563,H2,2610,56.920998245126285,56.920998245126285,0.0,0.0
2564,Li-Ion,2611,0.0,0.0,0.0,0.0
2564,H2,2611,56.920998245126285,56.920998245126285,0.0,0.0
2565,Li-Ion,2612,0.0,0.0,0.0,0.0
2565,H2,2612,56.920998245126285,56.920998245126285,0.0,0.0
2566,Li-Ion,2613,0.0,0.0,0.0,0.0
2566,H2,2613,56.920998245126285,56.920998245126285,0.0,0.0
2567,Li-Ion,2614,0.0,0.0,0.0,0.0
2567,H2,2614,56.920998245126285,56.920998245126285,0.0,0.0
2568,Li-Ion,2615,0.0,0.0,0.0,0.0
2568,H2,2615,56.920998245126285,56.920998245126285,0.0,0.0
2569,Li-Ion,2616,0.0,0.0,0.0,0.0
2569,H2,2616,56.920998245126285,56.920998245126285,0.0,0.0
2570,Li-Ion,2617,0.0,0.0,0.0,0.0
2570,H2,2617,56.920998245126285,56.920998245126285,0.0,0.0
2571,Li-Ion,2618,0.0,0.0,0.0,0.0
2571,H2,2618,56.920998245126285,56.920998245126285,0.0,0.0
2572,Li-Ion,2619,0.0,0.0,0.0,0.0
2572,H2,2619,56.920998245126285,56.920998245126285,0.0,0.0
2573,Li-Ion,2620,0.0,0.0,0.0,0.0
2573,H2,2620,56.920998245126285,56.920998245126285,0.0,0.0
2574,Li-Ion,2621,0.0,0.0,0.0,0.0
2574,H2,2621,56.920998245126285,56.920998245126285,0.0,0.0
2575,Li-Ion,2622,0.0,0.0,0.0,0.0
2575,H2,2622,56.920998245126285,56.920998245126285,0.0,0.0
2576,Li-Ion,2623,0.0,0.0,0.0,0.0
2576,H2,2623,56.920998245126285,56.920998245126285,0.0,0.0
2577,Li-Ion,2624,0.0,0.0,0.0,0.0
2577,H2,2624,56.920998245126285,56.920998245126285,0.0,0.0
2578,Li-Ion,2625,0.0,0.0,0.0,0.0
2578,H2,2625,56.920998245126285,56.920998245126285,0.0,0.0
2579,Li-Ion,2626,0.0,0.0,0.0,0.0
2579,H2,2626,56.920998245126285,56.920998245126285,0.0,0.0
2580,Li-Ion,2627,0.0,0.0,0.0,0.0
2580,H2,2627,56.920998245126285,56.920998245126285,0.0,0.0
2581,Li-Ion,2628,0.0,4.412404559513875,0.0,0.0
2581,H2,2628,56.920998245126285,56.920998245126285,0.0,0.0
2582,Li-Ion,2629,0.0,9.770324381780721,0.0,0.0
2582,H2,2629,56.920998245126285,56.92099824512628,0.0,0.0
2583,Li-Ion,2630,0.0,15.128244204047569,0.0,0.0
2583,H2,2630,56.920998245126285,56.920998245126285,0.0,0.0
2584,Li-Ion,2631,0.0,20.486164026314416,0.0,0.0
2584,H2,2631,56.920998245126285,56.920998245126285,0.0,0.0
2585,Li-Ion,2632,0.0,0.0,0.0,0.0
2585,H2,2632,56.920998245126285,56.920998245126285,0.0,0.0
2586,Li-Ion,2633,0.0,0.0,0.0,0.0
2586,H2,2633,56.920998245126285,56.920998245126285,0.0,0.0
2587,Li-Ion,2634,0.0,0.0,0.0,0.0
2587,H2,2634,56.920998245126285,56.920998245126285,0.0,0.0
2588,Li-Ion,2635,0.0,0.0,0.0,0.0
2588,H2,2635,56.920998245126285,56.920998245126285,0.0,0.0
2589,Li-Ion,2636,0.0,0.0,0.0,0.0
2589,H2,2636,56.920998245126285,56.920998245126285,0.0,0.0
2590,Li-Ion,2637,0.0,0.0,0.0,0.0
2590,H2,2637,56.920998245126285,56.920998245126285,0.0,0.0
2591,Li-Ion,2638,0.0,0.0,0.0,0.0
2591,H2,2638,56.920998245126285,56.920998245126285,0.0,0.0
2592,Li-Ion,2639,0.0,0.0,0.0,0.0
2592,H2,2639,56.920998245126285,56.920998245126285,0.0,0.0
2593,Li-Ion,2640,0.0,0.0,0.0,0.0
2593,H2,2640,56.920998245126285,56.920998245126285,0.0,0.0
2594,Li-Ion,2641,0.0,0.0,0.0,0.0
2594,H2,2641,56.920998245126285,56.920998245126285,0.0,0.0
2595,Li-Ion,2642,0.0,0.0,0.0,0.0
2595,H2,2642,56.920998245126285,56.920998245126285,0.0,0.0
2596,Li-Ion,2643,0.0,0.0,0.0,0.0
2596,H2,2643,56.920998245126285,56.920998245126285,0.0,0.0
2597,Li-Ion,2644,0.0,0.0,0.0,0.0
2597,H2,2644,56.920998245126285,56.920998245126285,0.0,0.0
2598,Li-Ion,2645,0.0,0.0,0.0,0.0
2598,H2,2645,56.920998245126285,56.920998245126285,0.0,0.0
2599,Li-Ion,2646,0.0,0.0,0.0,0.0
2599,H2,2646,56.920998245126285,56.920998245126285,0.0,0.0
2600,Li-Ion,2647,0.0,0.0,0.0,0.0
2600,H2,2647,56.920998245126285,56.920998245126285,0.0,0.0
2601,Li-Ion,2648,0.0,0.0,0.0,0.0
2601,H2,2648,56.920998245126285,56.920998245126285,0.0,0.0
2602,Li-Ion,2649,0.0,0.0,0.0,0.0
2602,H2,2649,56.920998245126285,56.920998245126285,0.0,0.0
2603,Li-Ion,2650,0.0,0.0,0.0,0.0
2603,H2,2650,56.920998245126285,56.920998245126285,0.0,0.0
2604,Li-Ion,2651,0.0,0.0,0.0,0.0
2604,H2,2651,56.920998245126285,56.920998245126285,0.0,0.0
2605,Li-Ion,2652,0.0,4.412404559513875,0.0,0.0
2605,H2,2652,56.920998245126285,104.3514114438725,0.0,0.0
2606,Li-Ion,2653,0.0,9.770324381780721,0.0,0.0
2606,H2,2653,56.920998245126285,104.35141144387251,0.0,0.0
2607,Li-Ion,2654,0.0,0.0,0.0,0.0
2607,H2,2654,56.920998245126285,56.920998245126285,0.0,0.0
2608,Li-Ion,2655,0.0,0.0,0.0,0.0
2608,H2,2655,56.920998245126285,56.920998245126285,0.0,0.0
2609,Li-Ion,2656,0.0,0.0,0.0,0.0
2609,H2,2656,56.920998245126285,56.920998245126285,0.0,0.0
2610,Li-Ion,2657,0.0,0.0,0.0,0.0
2610,H2,2657,56.920998245126285,56.920998245126285,0.0,0.0
2611,Li-Ion,2658,0.0,0.0,0.0,0.0
2611,H2,2658,56.920998245126285,56.920998245126285,0.0,0.0
2612,Li-Ion,2659,0.0,0.0,0.0,0.0
2612,H2,2659,56.920998245126285,56.920998245126285,0.0,0.0
2613,Li-Ion,2660,0.0,0.0,0.0,0.0
2613,H2,2660,56.920998245126285,56.920998245126285,0.0,0.0
2614,Li-Ion,2661,0.0,0.0,0.0,0.0
2614,H2,2661,56.920998245126285,56.920998245126285,0.0,0.0
2615,Li-Ion,2662,0.0,0.0,0.0,0.0
2615,H2,2662,56.920998245126285,56.920998245126285,0.0,0.0
2616,Li-Ion,2663,0.0,0.0,0.0,0.0
2616,H2,2663,56.920998245126285,56.920998245126285,0.0,0.0
2617,Li-Ion,2664,0.0,0.0,0.0,0.0
2617,H2,2664,56.920998245126285,56.920998245126285,0.0,0.0
2618,Li-Ion,2665,0.0,0.0,0.0,0.0
2618,H2,2665,56.920998245126285,56.920998245126285,0.0,0.0
2619,Li-Ion,2666,0.0,0.0,0.0,0.0
2619,H2,2666,56.920998245126285,56.920998245126285,0.0,0.0
2620,Li-Ion,2667,0.0,0.0,0.0,0.0
2620,H2,2667,56.920998245126285,56.920998245126285,0.0,0.0
2621,Li-Ion,2668,0.0,0.0,0.0,0.0
2621,H2,2668,56.920998245126285,56.920998245126285,0.0,0.0
2622,Li-Ion,2669,0.0,0.0,0.0,0.0
2622,H2,2669,56.920998245126285,56.920998245126285,0.0,0.0
2623,Li-Ion,2670,0.0,0.0,0.0,0.0
2623,H2,2670,56.920998245126285,56.920998245126285,0.0,0.0
2624,Li-Ion,2671,0.0,0.0,0.0,0.0
2624,H2,2671,56.920998245126285,56.920998245126285,0.0,0.0
2625,Li-Ion,2672,0.0,0.0,0.0,0.0
2625,H2,2672,56.920998245126285,56.920998245126285,0.0,0.0
2626,Li-Ion,2673,0.0,0.0,0.0,0.0
2626,H2,2673,56.920998245126285,56.920998245126285,0.0,0.0
2627,Li-Ion,2674,0.0,0.0,0.0,0.0
2627,H2,2674,56.920998245126285,56.920998245126285,0.0,0.0
2628,Li-Ion,2675,0.0,0.0,0.0,0.0
2628,H2,2675,56.920998245126285,56.920998245126285,0.0,0.0
2629,Li-Ion,2676,0.0,0.0,0.0,0.0
2629,H2,2676,56.920998245126285,56.920998245126285,0.0,0.0
2630,Li-Ion,2677,0.0,0.0,0.0,0.0
2630,H2,2677,56.920998245126285,56.920998245126285,0.0,0.0
2631,Li-Ion,2678,0.0,0.0,0.0,0.0
2631,H2,2678,56.920998245126285,56.920998245126285,0.0,0.0
2632,Li-Ion,2679,0.0,0.0,0.0,0.0
2632,H2,2679,56.920998245126285,56.920998245126285,0.0,0.0
2633,Li-Ion,2680,0.0,0.0,0.0,0.0
2633,H2,2680,56.920998245126285,56.920998245126285,0.0,0.0
2634,Li-Ion,2681,0.0,0.0,0.0,0.0
2634,H2,2681,56.920998245126285,56.920998245126285,0.0,0.0
2635,Li-Ion,2682,0.0,0.0,0.0,0.0
2635,H2,2682,56.920998245126285,56.920998245126285,0.0,0.0
2636,Li-Ion,2683,0.0,0.0,0.0,0.0
2636,H2,2683,56.920998245126285,56.920998245126285,0.0,0.0
2637,Li-Ion,2684,0.0,0.0,0.0,0.0
2637,H2,2684,56.920998245126285,56.920998245126285,0.0,0.0
2638,Li-Ion,2685,0.0,0.0,0.0,0.0
2638,H2,2685,56.920998245126285,56.920998245126285,0.0,0.0
2639,Li-Ion,2686,0.0,0.0,0.0,0.0
2639,H2,2686,56.920998245126285,56.920998245126285,0.0,0.0
2640,Li-Ion,2687,0.0,0.0,0.0,0.0
2640,H2,2687,56.920998245126285,56.920998245126285,0.0,0.0
2641,Li-Ion,2688,0.0,0.0,0.0,0.0
2641,H2,2688,56.920998245126285,56.920998245126285,0.0,0.0
2642,Li-Ion,2689,0.0,0.0,0.0,0.0
2642,H2,2689,56.920998245126285,56.920998245126285,0.0,0.0
2643,Li-Ion,2690,0.0,0.0,0.0,0.0
2643,H2,2690,56.920998245126285,56.920998245126285,0.0,0.0
2644,Li-Ion,2691,0.0,0.0,0.0,0.0
2644,H2,2691,56.920998245126285,56.920998245126285,0.0,0.0
2645,Li-Ion,2692,0.0,0.0,0.0,0.0
2645,H2,2692,56.920998245126285,56.920998245126285,0.0,0.0
2646,Li-Ion,2693,0.0,0.0,0.0,0.0
2646,H2,2693,56.920998245126285,56.920998245126285,0.0,0.0
2647,Li-Ion,2694,0.0,0.0,0.0,0.0
2647,H2,2694,56.920998245126285,56.920998245126285,0.0,0.0
2648,Li-Ion,2695,0.0,0.0,0.0,0.0
2648,H2,2695,56.920998245126285,56.920998245126285,0.0,0.0
2649,Li-Ion,2696,0.0,0.0,0.0,0.0
2649,H2,2696,56.920998245126285,56.920998245126285,0.0,0.0
2650,Li-Ion,2697,0.0,0.0,0.0,0.0
2650,H2,2697,56.920998245126285,56.920998245126285,0.0,0.0
2651,Li-Ion,2698,0.0,0.0,0.0,0.0
2651,H2,2698,56.920998245126285,56.920998245126285,0.0,0.0
2652,Li-Ion,2699,0.0,0.0,0.0,0.0
2652,H2,2699,56.920998245126285,56.920998245126285,0.0,0.0
2653,Li-Ion,2700,0.0,0.0,0.0,0.0
2653,H2,2700,56.920998245126285,56.920998245126285,0.0,0.0
2654,Li-Ion,2701,0.0,0.0,0.0,0.0
2654,H2,2701,56.920998245126285,116.58278995770355,0.0,0.0
2655,Li-Ion,2702,0.0,0.0,0.0,0.0
2655,H2,2702,56.920998245126285,116.19551213721805,0.0,0.0
2656,Li-Ion,2703,0.0,0.0,0.0,0.0
2656,H2,2703,56.920998245126285,118.23235032719809,0.0,0.0
2657,Li-Ion,2704,0.0,0.0,0.0,0.0
2657,H2,2704,56.920998245126285,120.99627356837689,0.0,0.0
2658,Li-Ion,2705,0.0,0.0,0.0,0.0
2658,H2,2705,56.920998245126285,117.10554693784546,0.0,0.0
2659,Li-Ion,2706,0.0,0.0,0.0,0.0
2659,H2,2706,56.920998245126285,115.90702600636767,0.0,0.0
2660,Li-Ion,2707,0.0,0.0,0.0,0.0
2660,H2,2707,56.920998245126285,115.97417739528815,0.0,0.0
2661,Li-Ion,2708,0.0,0.0,0.0,0.0
2661,H2,2708,56.920998245126285,114.6528035350486,0.0,0.0
2662,Li-Ion,2709,0.0,0.0,0.0,0.0
2662,H2,2709,56.920998245126285,113.61678758401476,0.0,0.0
2663,Li-Ion,2710,0.0,0.0,0.0,0.0
2663,H2,2710,56.920998245126285,111.1420898793327,0.0,0.0
2664,Li-Ion,2711,0.0,0.0,0.0,0.0
2664,H2,2711,56.920998245126285,56.920998245126285,0.0,0.0
2665,Li-Ion,2712,0.0,0.0,0.0,0.0
2665,H2,2712,56.920998245126285,56.920998245126285,0.0,0.0
2666,Li-Ion,2713,0.0,0.0,0.0,0.0
2666,H2,2713,56.920998245126285,56.920998245126285,0.0,0.0
2667,Li-Ion,2714,0.0,0.0,0.0,0.0
2667,H2,2714,56.920998245126285,56.920998245126285,0.0,0.0
2668,Li-Ion,2715,0.0,0.0,0.0,0.0
2668,H2,2715,56.920998245126285,56.920998245126285,0.0,0.0
2669,Li-Ion,2716,0.0,0.0,0.0,0.0
2669,H2,2716,56.920998245126285,56.920998245126285,0.0,0.0
2670,Li-Ion,2717,0.0,0.0,0.0,0.0
2670,H2,2717,56.920998245126285,56.920998245126285,0.0,0.0
2671,Li-Ion,2718,0.0,0.0,0.0,0.0
2671,H2,2718,56.920998245126285,56.920998245126285,0.0,0.0
2672,Li-Ion,2719,0.0,0.0,0.0,0.0
2672,H2,2719,56.920998245126285,56.920998245126285,0.0,0.0
2673,Li-Ion,2720,0.0,0.0,0.0,0.0
2673,H2,2720,56.920998245126285,56.920998245126285,0.0,0.0
2674,Li-Ion,2721,0.0,0.0,0.0,0.0
2674,H2,2721,56.920998245126285,56.920998245126285,0.0,0.0
2675,Li-Ion,2722,0.0,0.0,0.0,0.0
2675,H2,2722,56.920998245126285,56.920998245126285,0.0,0.0
2676,Li-Ion,2723,0.0,0.0,0.0,0.0
2676,H2,2723,56.920998245126285,56.920998245126285,0.0,0.0
2677,Li-Ion,2724,0.0,0.0,0.0,0.0
2677,H2,2724,56.920998245126285,56.920998245126285,0.0,0.0
2678,Li-Ion,2725,0.0,0.0,0.0,0.0
2678,H2,2725,56.920998245126285,120.98886779935589,0.0,0.0
2679,Li-Ion,2726,0.0,0.0,0.0,0.0
2679,H2,2726,56.920998245126285,121.46320330091336,0.0,0.0
2680,Li-Ion,2727,0.0,0.0,0.0,0.0
2680,H2,2727,56.920998245126285,119.26348521555408,0.0,0.0
2681,Li-Ion,2728,0.0,0.0,0.0,0.0
2681,H2,2728,56.920998245126285,116.31278279107309,0.0,0.0
2682,Li-Ion,2729,0.0,0.0,0.0,0.0
2682,H2,2729,56.920998245126285,114.08528151274628,0.0,0.0
2683,Li-Ion,2730,0.0,0.0,0.0,0.0
2683,H2,2730,56.920998245126285,112.27203960192115,0.0,0.0
2684,Li-Ion,2731,0.0,0.0,0.0,0.0
2684,H2,2731,56.920998245126285,112.49603005314619,0.0,0.0
2685,Li-Ion,2732,0.0,0.0,0.0,0.0
2685,H2,2732,56.920998245126285,113.02247338890038,0.0,0.0
2686,Li-Ion,2733,0.0,0.0,0.0,0.0
2686,H2,2733,56.920998245126285,113.39236500681028,0.0,0.0
2687,Li-Ion,2734,0.0,0.0,0.0,0.0
2687,H2,2734,56.920998245126285,113.54776565558626,0.0,0.0
2688,Li-Ion,2735,0.0,0.0,0.0,0.0
2688,H2,2735,56.920998245126285,114.18719263273428,0.0,0.0
2689,Li-Ion,2736,0.0,0.0,0.0,0.0
2689,H2,2736,56.920998245126285,114.29569670380997,0.0,0.0
2690,Li-Ion,2737,0.0,0.0,0.0,0.0
2690,H2,2737,56.920998245126285,114.30403246772218,0.0,0.0
2691,Li-Ion,2738,0.0,0.0,0.0,0.0
2691,H2,2738,56.920998245126285,114.26797617784095,0.0,0.0
2692,Li-Ion,2739,0.0,0.0,0.0,0.0
2692,H2,2739,56.920998245126285,114.63608273110754,0.0,0.0
2693,Li-Ion,2740,0.0,0.0,0.0,0.0
2693,H2,2740,56.920998245126285,116.56702875970204,0.0,0.0
2694,Li-Ion,2741,0.0,0.0,0.0,0.0
2694,H2,2741,56.920998245126285,112.34079013165938,0.0,0.0
2695,Li-Ion,2742,0.0,0.0,0.0,0.0
2695,H2,2742,56.920998245126285,112.21901081896631,0.0,0.0
2696,Li-Ion,2743,0.0,0.0,0.0,0.0
2696,H2,2743,56.920998245126285,111.99391318127756,0.0,0.0
2697,Li-Ion,2744,0.0,0.0,0.0,0.0
2697,H2,2744,56.920998245126285,56.920998245126285,0.0,0.0
2698,Li-Ion,2745,0.0,0.0,0.0,0.0
2698,H2,2745,56.920998245126285,56.920998245126285,0.0,0.0
2699,Li-Ion,2746,0.0,0.0,0.0,0.0
2699,H2,2746,56.920998245126285,56.920998245126285,0.0,0.0
2700,Li-Ion,2747,0.0,0.0,0.0,0.0
2700,H2,2747,56.920998245126285,56.920998245126285,0.0,0.0
2701,Li-Ion,2748,0.0,0.0,0.0,0.0
2701,H2,2748,56.920998245126285,56.920998245126285,0.0,0.0
2702,Li-Ion,2749,0.0,0.0,0.0,0.0
2702,H2,2749,56.920998245126285,56.920998245126285,0.0,0.0
2703,Li-Ion,2750,0.0,0.0,0.0,0.0
2703,H2,2750,56.920998245126285,56.920998245126285,0.0,0.0
2704,Li-Ion,2751,0.0,0.0,0.0,0.0
2704,H2,2751,56.920998245126285,56.920998245126285,0.0,0.0
2705,Li-Ion,2752,0.0,0.0,0.0,0.0
2705,H2,2752,56.920998245126285,56.920998245126285,0.0,0.0
2706,Li-Ion,2753,0.0,0.0,0.0,0.0
2706,H2,2753,56.920998245126285,56.920998245126285,0.0,0.0
2707,Li-Ion,2754,0.0,0.0,0.0,0.0
2707,H2,2754,56.920998245126285,56.920998245126285,0.0,0.0
2708,Li-Ion,2755,0.0,0.0,0.0,0.0
2708,H2,2755,56.920998245126285,56.920998245126285,0.0,0.0
2709,Li-Ion,2756,0.0,0.0,0.0,0.0
2709,H2,2756,56.920998245126285,56.920998245126285,0.0,0.0
2710,Li-Ion,2757,0.0,0.0,0.0,0.0
2710,H2,2757,56.920998245126285,56.920998245126285,0.0,0.0
2711,Li-Ion,2758,0.0,0.0,0.0,0.0
2711,H2,2758,56.920998245126285,56.920998245126285,0.0,0.0
2712,Li-Ion,2759,0.0,0.0,0.0,0.0
2712,H2,2759,56.920998245126285,56.920998245126285,0.0,0.0
2713,Li-Ion,2760,0.0,0.0,0.0,0.0
2713,H2,2760,56.920998245126285,56.920998245126285,0.0,0.0
2714,Li-Ion,2761,0.0,0.0,0.0,0.0
2714,H2,2761,56.920998245126285,56.920998245126285,0.0,0.0
2715,Li-Ion,2762,0.0,0.0,0.0,0.0
2715,H2,2762,56.920998245126285,56.920998245126285,0.0,0.0
2716,Li-Ion,2763,0.0,0.0,0.0,0.0
2716,H2,2763,56.920998245126285,56.920998245126285,0.0,0.0
2717,Li-Ion,2764,0.0,0.0,0.0,0.0
2717,H2,2764,56.920998245126285,56.920998245126285,0.0,0.0
2718,Li-Ion,2765,0.0,0.0,0.0,0.0
2718,H2,2765,56.920998245126285,56.920998245126285,0.0,0.0
2719,Li-Ion,2766,0.0,0.0,0.0,0.0
2719,H2,2766,56.920998245126285,56.920998245126285,0.0,0.0
2720,Li-Ion,2767,0.0,0.0,0.0,0.0
2720,H2,2767,56.920998245126285,56.920998245126285,0.0,0.0
2721,Li-Ion,2768,0.0,0.0,0.0,0.0
2721,H2,2768,56.920998245126285,56.920998245126285,0.0,0.0
2722,Li-Ion,2769,0.0,0.0,0.0,0.0
2722,H2,2769,56.920998245126285,56.920998245126285,0.0,0.0
2723,Li-Ion,2770,0.0,0.0,0.0,0.0
2723,H2,2770,56.920998245126285,56.920998245126285,0.0,0.0
2724,Li-Ion,2771,0.0,0.0,0.0,0.0
2724,H2,2771,56.920998245126285,56.920998245126285,0.0,0.0
2725,Li-Ion,2772,0.0,0.0,0.0,0.0
2725,H2,2772,56.920998245126285,56.920998245126285,0.0,0.0
2726,Li-Ion,2773,0.0,0.0,0.0,0.0
2726,H2,2773,56.920998245126285,56.920998245126285,0.0,0.0
2727,Li-Ion,2774,0.0,0.0,0.0,0.0
2727,H2,2774,56.920998245126285,56.920998245126285,0.0,0.0
2728,Li-Ion,2775,0.0,0.0,0.0,0.0
2728,H2,2775,56.920998245126285,56.920998245126285,0.0,0.0
2729,Li-Ion,2776,0.0,0.0,0.0,0.0
2729,H2,2776,56.920998245126285,56.920998245126285,0.0,0.0
2730,Li-Ion,2777,0.0,0.0,0.0,0.0
2730,H2,2777,56.920998245126285,56.920998245126285,0.0,0.0
2731,Li-Ion,2778,0.0,0.0,0.0,0.0
2731,H2,2778,56.920998245126285,56.920998245126285,0.0,0.0
2732,Li-Ion,2779,0.0,0.0,0.0,0.0
2732,H2,2779,56.920998245126285,56.920998245126285,0.0,0.0
2733,Li-Ion,2780,0.0,0.0,0.0,0.0
2733,H2,2780,56.920998245126285,56.920998245126285,0.0,0.0
2734,Li-Ion,2781,0.0,0.0,0.0,0.0
2734,H2,2781,56.920998245126285,56.920998245126285,0.0,0.0
2735,Li-Ion,2782,0.0,0.0,0.0,0.0
2735,H2,2782,56.920998245126285,56.920998245126285,0.0,0.0
2736,Li-Ion,2783,0.0,0.0,0.0,0.0
2736,H2,2783,56.920998245126285,56.920998245126285,0.0,0.0
2737,Li-Ion,2784,0.0,0.0,0.0,0.0
2737,H2,2784,56.920998245126285,56.920998245126285,0.0,0.0
2738,Li-Ion,2785,0.0,0.0,0.0,0.0
2738,H2,2785,56.920998245126285,56.920998245126285,0.0,0.0
2739,Li-Ion,2786,0.0,0.0,0.0,0.0
2739,H2,2786,56.920998245126285,56.920998245126285,0.0,0.0
2740,Li-Ion,2787,0.0,0.0,0.0,0.0
2740,H2,2787,56.920998245126285,56.920998245126285,0.0,0.0
2741,Li-Ion,2788,0.0,0.0,0.0,0.0
2741,H2,2788,56.920998245126285,56.920998245126285,0.0,0.0
2742,Li-Ion,2789,0.0,0.0,0.0,0.0
2742,H2,2789,56.920998245126285,56.920998245126285,0.0,0.0
2743,Li-Ion,2790,0.0,0.0,0.0,0.0
2743,H2,2790,56.920998245126285,56.920998245126285,0.0,0.0
2744,Li-Ion,2791,0.0,0.0,0.0,0.0
2744,H2,2791,56.920998245126285,56.920998245126285,0.0,0.0
2745,Li-Ion,2792,0.0,0.0,0.0,0.0
2745,H2,2792,56.920998245126285,56.920998245126285,0.0,0.0
2746,Li-Ion,2793,0.0,0.0,0.0,0.0
2746,H2,2793,56.920998245126285,56.920998245126285,0.0,0.0
2747,Li-Ion,2794,0.0,0.0,0.0,0.0
2747,H2,2794,56.920998245126285,56.920998245126285,0.0,0.0
2748,Li-Ion,2795,0.0,0.0,0.0,0.0
2748,H2,2795,56.920998245126285,56.920998245126285,0.0,0.0
2749,Li-Ion,2796,0.0,4.412404559513875,0.0,0.0
2749,H2,2796,56.920998245126285,117.07808352830591,0.0,0.0
2750,Li-Ion,2797,0.0,9.770324381780721,0.0,0.0
2750,H2,2797,56.920998245126285,121.24871666597218,0.0,0.0
2751,Li-Ion,2798,0.0,15.128244204047569,0.0,0.0
2751,H2,2798,56.920998245126285,125.40541048371244,0.0,0.0
2752,Li-Ion,2799,0.0,20.486164026314416,0.0,0.0
2752,H2,2799,56.920998245126285,129.59452397202472,0.0,0.0
2753,Li-Ion,2800,0.0,21.539204737247026,0.0,0.0
2753,H2,2800,56.920998245126285,133.72115717832742,0.0,0.0
2754,Li-Ion,2801,0.0,21.539204737247026,0.0,0.0
2754,H2,2801,56.920998245126285,60.40521873852279,0.0,0.0
2755,Li-Ion,2802,0.0,21.539204737247026,0.0,0.0
2755,H2,2802,56.920998245126285,69.43527336012725,0.0,0.0
2756,Li-Ion,2803,0.0,16.18128491498018,0.0,0.0
2756,H2,2803,56.920998245126285,72.98936354694581,0.0,0.0
2757,Li-Ion,2804,0.0,16.18128491498018,0.0,0.0
2757,H2,2804,56.920998245126285,72.95268112608787,0.0,0.0
2758,Li-Ion,2805,0.0,16.18128491498018,0.0,0.0
2758,H2,2805,56.920998245126285,72.91492985538078,0.0,0.0
2759,Li-Ion,2806,0.0,16.18128491498018,0.0,0.0
2759,H2,2806,56.920998245126285,73.05315933646206,0.0,0.0
2760,Li-Ion,2807,0.0,16.18128491498018,0.0,0.0
2760,H2,2807,56.920998245126285,73.2553806682745,0.0,0.0
2761,Li-Ion,2808,0.0,16.18128491498018,0.0,0.0
2761,H2,2808,56.920998245126285,73.43975410497296,0.0,0.0
2762,Li-Ion,2809,0.0,16.18128491498018,0.0,0.0
2762,H2,2809,56.920998245126285,76.99283533920159,0.0,0.0
2763,Li-Ion,2810,0.0,16.18128491498018,0.0,0.0
2763,H2,2810,56.920998245126285,76.6751866316206,0.0,0.0
2764,Li-Ion,2811,0.0,16.18128491498018,0.0,0.0
2764,H2,2811,56.920998245126285,76.21138169175904,0.0,0.0
2765,Li-Ion,2812,0.0,16.18128491498018,0.0,0.0
2765,H2,2812,56.920998245126285,75.65805899589341,0.0,0.0
2766,Li-Ion,2813,0.0,16.18128491498018,0.0,0.0
2766,H2,2813,56.920998245126285,75.12487368416775,0.0,0.0
2767,Li-Ion,2814,0.0,16.18128491498018,0.0,0.0
2767,H2,2814,56.920998245126285,71.41993020384851,0.0,0.0
2768,Li-Ion,2815,0.0,16.18128491498018,0.0,0.0
2768,H2,2815,56.920998245126285,74.54588594281219,0.0,0.0
2769,Li-Ion,2816,0.0,16.18128491498018,0.0,0.0
2769,H2,2816,56.920998245126285,79.73675114986804,0.0,0.0
2770,Li-Ion,2817,0.0,15.235769652227205,0.0,0.0
2770,H2,2817,56.920998245126285,86.90426622447404,0.0,0.0
2771,Li-Ion,2818,0.0,20.593689474494052,0.0,0.0
2771,H2,2818,56.920998245126285,92.12872206783607,0.0,0.0
2772,Li-Ion,2819,0.0,21.539204737247026,0.0,0.0
2772,H2,2819,56.920998245126285,88.41341896590217,0.0,0.0
2773,Li-Ion,2820,0.0,21.539204737247026,0.0,0.0
2773,H2,2820,56.920998245126285,92.69322151786382,0.0,0.0
2774,Li-Ion,2821,0.0,21.539204737247026,0.0,0.0
2774,H2,2821,56.920998245126285,92.69322151786382,0.0,0.0
2775,Li-Ion,2822,0.0,21.539204737247026,0.0,0.0
2775,H2,2822,56.920998245126285,92.69322151786383,0.0,0.0
2776,Li-Ion,2823,0.0,21.539204737247026,0.0,0.0
2776,H2,2823,56.920998245126285,108.2257151376153,0.0,0.0
2777,Li-Ion,2824,0.0,21.539204737247026,0.0,0.0
2777,H2,2824,56.920998245126285,115.43492222553044,0.0,0.0
2778,Li-Ion,2825,0.0,21.539204737247026,0.0,0.0
2778,H2,2825,56.920998245126285,136.70606923059447,0.0,0.0
2779,Li-Ion,2826,0.0,16.18128491498018,0.0,0.0
2779,H2,2826,56.920998245126285,96.64520937273201,0.0,0.0
2780,Li-Ion,2827,0.0,16.18128491498018,0.0,0.0
2780,H2,2827,56.920998245126285,96.48830347978979,0.0,0.0
2781,Li-Ion,2828,0.0,16.18128491498018,0.0,0.0
2781,H2,2828,56.920998245126285,100.80490735424952,0.0,0.0
2782,Li-Ion,2829,0.0,16.18128491498018,0.0,0.0
2782,H2,2829,56.920998245126285,101.14951213507763,0.0,0.0
2783,Li-Ion,2830,0.0,16.18128491498018,0.0,0.0
2783,H2,2830,56.920998245126285,101.70167111276427,0.0,0.0
2784,Li-Ion,2831,0.0,16.18128491498018,0.0,0.0
2784,H2,2831,56.920998245126285,102.12932489441481,0.0,0.0
2785,Li-Ion,2832,0.0,0.0,0.0,0.0
2785,H2,2832,56.920998245126285,102.32236929645744,0.0,0.0
2786,Li-Ion,2833,0.0,0.0,0.0,0.0
2786,H2,2833,56.920998245126285,99.08914277470545,0.0,0.0
2787,Li-Ion,2834,0.0,0.0,0.0,0.0
2787,H2,2834,56.920998245126285,101.08694437054777,0.0,0.0
2788,Li-Ion,2835,0.0,0.0,0.0,0.0
2788,H2,2835,56.920998245126285,100.18724043787431,0.0,0.0
2789,Li-Ion,2836,0.0,0.0,0.0,0.0
2789,H2,2836,56.920998245126285,100.83987762593519,0.0,0.0
2790,Li-Ion,2837,0.0,0.0,0.0,0.0
2790,H2,2837,56.920998245126285,99.90337951379094,0.0,0.0
2791,Li-Ion,2838,0.0,0.0,0.0,0.0
2791,H2,2838,56.920998245126285,99.95658793874387,0.0,0.0
2792,Li-Ion,2839,0.0,0.0,0.0,0.0
2792,H2,2839,56.920998245126285,95.45484851866969,0.0,0.0
2793,Li-Ion,2840,0.0,0.0,0.0,0.0
2793,H2,2840,56.920998245126285,92.54911939055665,0.0,0.0
2794,Li-Ion,2841,0.0,0.0,0.0,0.0
2794,H2,2841,56.920998245126285,86.56917941677575,0.0,0.0
2795,Li-Ion,2842,0.0,0.0,0.0,0.0
2795,H2,2842,56.920998245126285,90.85581754812765,0.0,0.0
2796,Li-Ion,2843,0.0,4.412404559513875,0.0,0.0
2796,H2,2843,56.920998245126285,90.85581754812765,0.0,0.0
2797,Li-Ion,2844,0.0,20.486164026314416,0.0,0.0
2797,H2,2844,56.920998245126285,87.80570290030411,0.0,0.0
2798,Li-Ion,2845,0.0,21.539204737247026,0.0,0.0
2798,H2,2845,56.920998245126285,87.80570290030413,0.0,0.0
2799,Li-Ion,2846,0.0,21.539204737247026,0.0,0.0
2799,H2,2846,56.920998245126285,91.8669855352684,0.0,0.0
2800,Li-Ion,2847,0.0,21.539204737247026,0.0,0.0
2800,H2,2847,56.920998245126285,100.79847828676073,0.0,0.0
2801,Li-Ion,2848,0.0,21.539204737247026,0.0,0.0
2801,H2,2848,56.920998245126285,114.66377657798755,0.0,0.0
2802,Li-Ion,2849,0.0,21.539204737247026,0.0,0.0
2802,H2,2849,56.920998245126285,94.97587097059467,0.0,0.0
2803,Li-Ion,2850,0.0,16.18128491498018,0.0,0.0
2803,H2,2850,56.920998245126285,102.72354610633695,0.0,0.0
2804,Li-Ion,2851,0.0,16.18128491498018,0.0,0.0
2804,H2,2851,56.920998245126285,102.63696294400155,0.0,0.0
2805,Li-Ion,2852,0.0,16.18128491498018,0.0,0.0
2805,H2,2852,56.920998245126285,102.6171164894064,0.0,0.0
2806,Li-Ion,2853,0.0,16.18128491498018,0.0,0.0
2806,H2,2853,56.920998245126285,102.7608483336164,0.0,0.0
2807,Li-Ion,2854,0.0,16.18128491498018,0.0,0.0
2807,H2,2854,56.920998245126285,107.30930408156418,0.0,0.0
2808,Li-Ion,2855,0.0,16.18128491498018,0.0,0.0
2808,H2,2855,56.920998245126285,107.39185681152792,0.0,0.0
2809,Li-Ion,2856,0.0,16.18128491498018,0.0,0.0
2809,H2,2856,56.920998245126285,107.30440718511359,0.0,0.0
2810,Li-Ion,2857,0.0,16.18128491498018,0.0,0.0
2810,H2,2857,56.920998245126285,107.02429262997585,0.0,0.0
2811,Li-Ion,2858,0.0,0.0,0.0,0.0
2811,H2,2858,56.920998245126285,102.92488030977188,0.0,0.0
2812,Li-Ion,2859,0.0,0.0,0.0,0.0
2812,H2,2859,56.920998245126285,102.35046522191291,0.0,0.0
2813,Li-Ion,2860,0.0,0.0,0.0,0.0
2813,H2,2860,56.920998245126285,105.2297030340916,0.0,0.0
2814,Li-Ion,2861,0.0,0.0,0.0,0.0
2814,H2,2861,56.920998245126285,101.74977160669799,0.0,0.0
2815,Li-Ion,2862,0.0,0.0,0.0,0.0
2815,H2,2862,56.920998245126285,101.85357020861535,0.0,0.0
2816,Li-Ion,2863,0.0,0.0,0.0,0.0
2816,H2,2863,56.920998245126285,102.0106548797392,0.0,0.0
2817,Li-Ion,2864,0.0,0.0,0.0,0.0
2817,H2,2864,56.920998245126285,106.45254187053938,0.0,0.0
2818,Li-Ion,2865,0.0,0.0,0.0,0.0
2818,H2,2865,56.920998245126285,103.56338307736566,0.0,0.0
2819,Li-Ion,2866,0.0,0.0,0.0,0.0
2819,H2,2866,56.920998245126285,97.73263303903619,0.0,0.0
2820,Li-Ion,2867,0.0,0.0,0.0,0.0
2820,H2,2867,56.920998245126285,102.01927117038808,0.0,0.0
2821,Li-Ion,2868,0.0,4.412404559513875,0.0,0.0
2821,H2,2868,56.920998245126285,102.01927117038808,0.0,0.0
2822,Li-Ion,2869,0.0,20.486164026314416,0.0,0.0
2822,H2,2869,56.920998245126285,113.7615717717509,0.0,0.0
2823,Li-Ion,2870,0.0,21.539204737247026,0.0,0.0
2823,H2,2870,56.920998245126285,122.76436123536935,0.0,0.0
2824,Li-Ion,2871,0.0,21.539204737247026,0.0,0.0
2824,H2,2871,56.920998245126285,135.83982279929737,0.0,0.0
2825,Li-Ion,2872,0.0,21.539204737247026,0.0,0.0
2825,H2,2872,56.920998245126285,144.76709707239104,0.0,0.0
2826,Li-Ion,2873,0.0,16.18128491498018,0.0,0.0
2826,H2,2873,56.920998245126285,107.66664443342452,0.0,0.0
2827,Li-Ion,2874,0.0,16.18128491498018,0.0,0.0
2827,H2,2874,56.920998245126285,111.81335177831394,0.0,0.0
2828,Li-Ion,2875,0.0,0.0,0.0,0.0
2828,H2,2875,56.920998245126285,108.19034923672501,0.0,0.0
2829,Li-Ion,2876,0.0,0.0,0.0,0.0
2829,H2,2876,56.920998245126285,108.2778368104712,0.0,0.0
2830,Li-Ion,2877,0.0,0.0,0.0,0.0
2830,H2,2877,56.920998245126285,108.52827022749057,0.0,0.0
2831,Li-Ion,2878,0.0,0.0,0.0,0.0
2831,H2,2878,56.920998245126285,113.13035820455482,0.0,0.0
2832,Li-Ion,2879,0.0,0.0,0.0,0.0
2832,H2,2879,56.920998245126285,116.58297387751995,0.0,0.0
2833,Li-Ion,2880,0.0,0.0,0.0,0.0
2833,H2,2880,56.920998245126285,113.83612837461216,0.0,0.0
2834,Li-Ion,2881,0.0,0.0,0.0,0.0
2834,H2,2881,56.920998245126285,114.32544657063593,0.0,0.0
2835,Li-Ion,2882,0.0,0.0,0.0,0.0
2835,H2,2882,56.920998245126285,113.86245970728251,0.0,0.0
2836,Li-Ion,2883,0.0,0.0,0.0,0.0
2836,H2,2883,56.920998245126285,115.9969245282284,0.0,0.0
2837,Li-Ion,2884,0.0,4.412404559513875,0.0,0.0
2837,H2,2884,56.920998245126285,117.93483718634135,0.0,0.0
2838,Li-Ion,2885,0.0,9.770324381780721,0.0,0.0
2838,H2,2885,56.920998245126285,116.68333043589404,0.0,0.0
2839,Li-Ion,2886,0.0,15.128244204047569,0.0,0.0
2839,H2,2886,56.920998245126285,113.2301675028774,0.0,0.0
2840,Li-Ion,2887,0.0,14.182728941294595,0.0,0.0
2840,H2,2887,56.920998245126285,121.88441704734747,0.0,0.0
2841,Li-Ion,2888,0.0,16.18128491498018,0.0,0.0
2841,H2,2888,56.920998245126285,102.91783268557677,0.0,0.0
2842,Li-Ion,2889,0.0,15.235769652227205,0.0,0.0
2842,H2,2889,56.920998245126285,111.9651153958738,0.0,0.0
2843,Li-Ion,2890,0.0,20.593689474494052,0.0,0.0
2843,H2,2890,56.920998245126285,121.16859398772847,0.0,0.0
2844,Li-Ion,2891,0.0,21.539204737247026,0.0,0.0
2844,H2,2891,56.920998245126285,130.4671829036791,0.0,0.0
2845,Li-Ion,2892,0.0,21.539204737247026,0.0,0.0
2845,H2,2892,56.920998245126285,139.47128155024888,0.0,0.0
2846,Li-Ion,2893,0.0,21.539204737247026,0.0,0.0
2846,H2,2893,56.920998245126285,148.54905494174525,0.0,0.0
2847,Li-Ion,2894,0.0,21.539204737247026,0.0,0.0
2847,H2,2894,56.920998245126285,161.77903171670448,0.0,0.0
2848,Li-Ion,2895,0.0,21.539204737247026,0.0,0.0
2848,H2,2895,56.920998245126285,173.88592431574384,0.0,0.0
2849,Li-Ion,2896,0.0,21.539204737247026,0.0,0.0
2849,H2,2896,56.920998245126285,186.7922289008799,0.0,0.0
2850,Li-Ion,2897,0.0,16.18128491498018,0.0,0.0
2850,H2,2897,56.920998245126285,190.63086757830996,0.0,0.0
2851,Li-Ion,2898,0.0,16.18128491498018,0.0,0.0
2851,H2,2898,56.920998245126285,105.67182575094094,0.0,0.0
2852,Li-Ion,2899,0.0,16.18128491498018,0.0,0.0
2852,H2,2899,56.920998245126285,104.5821439636276,0.0,0.0
2853,Li-Ion,2900,0.0,16.18128491498018,0.0,0.0
2853,H2,2900,56.920998245126285,105.28267700912939,0.0,0.0
2854,Li-Ion,2901,0.0,16.18128491498018,0.0,0.0
2854,H2,2901,56.920998245126285,106.97439703164468,0.0,0.0
2855,Li-Ion,2902,0.0,0.0,0.0,0.0
2855,H2,2902,56.920998245126285,110.8880965030612,0.0,0.0
2856,Li-Ion,2903,0.0,0.0,0.0,0.0
2856,H2,2903,56.920998245126285,108.11291819508422,0.0,0.0
2857,Li-Ion,2904,0.0,0.0,0.0,0.0
2857,H2,2904,56.920998245126285,108.57487636479226,0.0,0.0
2858,Li-Ion,2905,0.0,0.0,0.0,0.0
2858,H2,2905,56.920998245126285,104.86864267518769,0.0,0.0
2859,Li-Ion,2906,0.0,0.0,0.0,0.0
2859,H2,2906,56.920998245126285,104.63680960447847,0.0,0.0
2860,Li-Ion,2907,0.0,0.0,0.0,0.0
2860,H2,2907,56.920998245126285,101.5335824199695,0.0,0.0
2861,Li-Ion,2908,0.0,0.0,0.0,0.0
2861,H2,2908,56.920998245126285,103.05672300196933,0.0,0.0
2862,Li-Ion,2909,0.0,0.0,0.0,0.0
2862,H2,2909,56.920998245126285,103.78281424849528,0.0,0.0
2863,Li-Ion,2910,0.0,0.0,0.0,0.0
2863,H2,2910,56.920998245126285,104.81487285954437,0.0,0.0
2864,Li-Ion,2911,0.0,0.0,0.0,0.0
2864,H2,2911,56.920998245126285,105.07786684342994,0.0,0.0
2865,Li-Ion,2912,0.0,0.0,0.0,0.0
2865,H2,2912,56.920998245126285,105.27385216369656,0.0,0.0
2866,Li-Ion,2913,0.0,0.0,0.0,0.0
2866,H2,2913,56.920998245126285,105.33086802990937,0.0,0.0
2867,Li-Ion,2914,0.0,0.0,0.0,0.0
2867,H2,2914,56.920998245126285,108.53496662611711,0.0,0.0
2868,Li-Ion,2915,0.0,4.412404559513875,0.0,0.0
2868,H2,2915,56.920998245126285,113.57501443374278,0.0,0.0
2869,Li-Ion,2916,0.0,9.770324381780721,0.0,0.0
2869,H2,2916,56.920998245126285,113.63550880538185,0.0,0.0
2870,Li-Ion,2917,0.0,8.824809119027748,0.0,0.0
2870,H2,2917,56.920998245126285,130.41833701434382,0.0,0.0
2871,Li-Ion,2918,0.0,14.182728941294595,0.0,0.0
2871,H2,2918,56.920998245126285,139.17190737556442,0.0,0.0
2872,Li-Ion,2919,0.0,16.18128491498018,0.0,0.0
2872,H2,2919,56.920998245126285,142.71334424342132,0.0,0.0
2873,Li-Ion,2920,0.0,16.18128491498018,0.0,0.0
2873,H2,2920,56.920998245126285,124.32403557123355,0.0,0.0
2874,Li-Ion,2921,0.0,16.18128491498018,0.0,0.0
2874,H2,2921,56.920998245126285,123.38621850829038,0.0,0.0
2875,Li-Ion,2922,0.0,16.18128491498018,0.0,0.0
2875,H2,2922,56.920998245126285,119.71724909863322,0.0,0.0
2876,Li-Ion,2923,0.0,0.0,0.0,0.0
2876,H2,2923,56.920998245126285,113.63254344896359,0.0,0.0
2877,Li-Ion,2924,0.0,0.0,0.0,0.0
2877,H2,2924,56.920998245126285,117.30804612426668,0.0,0.0
2878,Li-Ion,2925,0.0,0.0,0.0,0.0
2878,H2,2925,56.920998245126285,118.19203566461529,0.0,0.0
2879,Li-Ion,2926,0.0,4.412404559513875,0.0,0.0
2879,H2,2926,56.920998245126285,118.09508398439515,0.0,0.0
2880,Li-Ion,2927,0.0,0.0,0.0,0.0
2880,H2,2927,56.920998245126285,123.69266781456865,0.0,0.0
2881,Li-Ion,2928,0.0,0.0,0.0,0.0
2881,H2,2928,56.920998245126285,123.0298685373862,0.0,0.0
2882,Li-Ion,2929,0.0,0.0,0.0,0.0
2882,H2,2929,56.920998245126285,120.27702132064753,0.0,0.0
2883,Li-Ion,2930,0.0,0.0,0.0,0.0
2883,H2,2930,56.920998245126285,122.42263290713736,0.0,0.0
2884,Li-Ion,2931,0.0,0.0,0.0,0.0
2884,H2,2931,56.920998245126285,125.2995686388022,0.0,0.0
2885,Li-Ion,2932,0.0,0.0,0.0,0.0
2885,H2,2932,56.920998245126285,126.18776472145767,0.0,0.0
2886,Li-Ion,2933,0.0,0.0,0.0,0.0
2886,H2,2933,56.920998245126285,128.25809467103136,0.0,0.0
2887,Li-Ion,2934,0.0,0.0,0.0,0.0
2887,H2,2934,56.920998245126285,134.83209958639912,0.0,0.0
2888,Li-Ion,2935,0.0,0.0,0.0,0.0
2888,H2,2935,56.920998245126285,134.821613473678,0.0,0.0
2889,Li-Ion,2936,0.0,0.0,0.0,0.0
2889,H2,2936,56.920998245126285,134.91374687539434,0.0,0.0
2890,Li-Ion,2937,0.0,0.0,0.0,0.0
2890,H2,2937,56.920998245126285,142.56666417503337,0.0,0.0
2891,Li-Ion,2938,0.0,0.0,0.0,0.0
2891,H2,2938,56.920998245126285,148.90157944236725,0.0,0.0
2892,Li-Ion,2939,0.0,4.412404559513875,0.0,0.0
2892,H2,2939,56.920998245126285,153.9344362305937,0.0,0.0
2893,Li-Ion,2940,0.0,3.466889296760902,0.0,0.0
2893,H2,2940,56.920998245126285,162.85512031704357,0.0,0.0
2894,Li-Ion,2941,0.0,8.824809119027748,0.0,0.0
2894,H2,2941,56.920998245126285,171.71009859827046,0.0,0.0
2895,Li-Ion,2942,0.0,21.539204737247026,0.0,0.0
2895,H2,2942,56.920998245126285,180.94043923775934,0.0,0.0
2896,Li-Ion,2943,0.0,16.18128491498018,0.0,0.0
2896,H2,2943,56.920998245126285,184.63198460542105,0.0,0.0
2897,Li-Ion,2944,0.0,16.18128491498018,0.0,0.0
2897,H2,2944,56.920998245126285,155.1984290696935,0.0,0.0
2898,Li-Ion,2945,0.0,16.18128491498018,0.0,0.0
2898,H2,2945,56.920998245126285,156.5740813579342,0.0,0.0
2899,Li-Ion,2946,0.0,16.18128491498018,0.0,0.0
2899,H2,2946,56.920998245126285,153.4320978305865,0.0,0.0
2900,Li-Ion,2947,0.0,0.0,0.0,0.0
2900,H2,2947,56.920998245126285,147.31982305081056,0.0,0.0
2901,Li-Ion,2948,0.0,0.0,0.0,0.0
2901,H2,2948,56.920998245126285,145.90209879864975,0.0,0.0
2902,Li-Ion,2949,0.0,0.0,0.0,0.0
2902,H2,2949,56.920998245126285,143.60332647699374,0.0,0.0
2903,Li-Ion,2950,0.0,0.0,0.0,0.0
2903,H2,2950,56.920998245126285,143.4760439008077,0.0,0.0
2904,Li-Ion,2951,0.0,0.0,0.0,0.0
2904,H2,2951,56.920998245126285,143.07860496280387,0.0,0.0
2905,Li-Ion,2952,0.0,0.0,0.0,0.0
2905,H2,2952,56.920998245126285,140.98561756140853,0.0,0.0
2906,Li-Ion,2953,0.0,0.0,0.0,0.0
2906,H2,2953,56.920998245126285,142.37389811090583,0.0,0.0
2907,Li-Ion,2954,0.0,0.0,0.0,0.0
2907,H2,2954,56.920998245126285,142.09225810377131,0.0,0.0
2908,Li-Ion,2955,0.0,0.0,0.0,0.0
2908,H2,2955,56.920998245126285,142.36593396669707,0.0,0.0
2909,Li-Ion,2956,0.0,0.0,0.0,0.0
2909,H2,2956,56.920998245126285,143.89486253423357,0.0,0.0
2910,Li-Ion,2957,0.0,0.0,0.0,0.0
2910,H2,2957,56.920998245126285,146.69662438472682,0.0,0.0
2911,Li-Ion,2958,0.0,0.0,0.0,0.0
2911,H2,2958,56.920998245126285,147.16393190285476,0.0,0.0
2912,Li-Ion,2959,0.0,0.0,0.0,0.0
2912,H2,2959,56.920998245126285,147.44535564094375,0.0,0.0
2913,Li-Ion,2960,0.0,0.0,0.0,0.0
2913,H2,2960,56.920998245126285,147.73093461187824,0.0,0.0
2914,Li-Ion,2961,0.0,0.0,0.0,0.0
2914,H2,2961,56.920998245126285,147.72865144740763,0.0,0.0
2915,Li-Ion,2962,0.0,0.0,0.0,0.0
2915,H2,2962,56.920998245126285,150.97002697267345,0.0,0.0
2916,Li-Ion,2963,0.0,4.412404559513875,0.0,0.0
2916,H2,2963,56.920998245126285,153.96632335067525,0.0,0.0
2917,Li-Ion,2964,0.0,0.0,0.0,0.0
2917,H2,2964,56.920998245126285,148.85501199017872,0.0,0.0
2918,Li-Ion,2965,0.0,0.0,0.0,0.0
2918,H2,2965,56.920998245126285,155.63628540012428,0.0,0.0
2919,Li-Ion,2966,0.0,0.0,0.0,0.0
2919,H2,2966,56.920998245126285,158.01907091787783,0.0,0.0
2920,Li-Ion,2967,0.0,4.412404559513875,0.0,0.0
2920,H2,2967,56.920998245126285,158.38614875247515,0.0,0.0
2921,Li-Ion,2968,0.0,0.0,0.0,0.0
2921,H2,2968,56.920998245126285,155.15986659246497,0.0,0.0
2922,Li-Ion,2969,0.0,0.0,0.0,0.0
2922,H2,2969,56.920998245126285,154.25570298364417,0.0,0.0
2923,Li-Ion,2970,0.0,0.0,0.0,0.0
2923,H2,2970,56.920998245126285,151.12939450960866,0.0,0.0
2924,Li-Ion,2971,0.0,0.0,0.0,0.0
2924,H2,2971,56.920998245126285,149.75627830362302,0.0,0.0
2925,Li-Ion,2972,0.0,0.0,0.0,0.0
2925,H2,2972,56.920998245126285,150.0103863836858,0.0,0.0
2926,Li-Ion,2973,0.0,0.0,0.0,0.0
2926,H2,2973,56.920998245126285,147.81856987629223,0.0,0.0
2927,Li-Ion,2974,0.0,4.412404559513875,0.0,0.0
2927,H2,2974,56.920998245126285,146.427123783649,0.0,0.0
2928,Li-Ion,2975,0.0,9.770324381780721,0.0,0.0
2928,H2,2975,56.920998245126285,143.78543273723378,0.0,0.0
2929,Li-Ion,2976,0.0,15.128244204047569,0.0,0.0
2929,H2,2976,56.920998245126285,141.72431567275757,0.0,0.0
2930,Li-Ion,2977,0.0,16.18128491498018,0.0,0.0
2930,H2,2977,56.920998245126285,141.0379717132673,0.0,0.0
2931,Li-Ion,2978,0.0,16.18128491498018,0.0,0.0
2931,H2,2978,56.920998245126285,140.22282896447084,0.0,0.0
2932,Li-Ion,2979,0.0,16.18128491498018,0.0,0.0
2932,H2,2979,56.920998245126285,141.81874580375802,0.0,0.0
2933,Li-Ion,2980,0.0,16.18128491498018,0.0,0.0
2933,H2,2980,56.920998245126285,144.75556079814783,0.0,0.0
2934,Li-Ion,2981,0.0,16.18128491498018,0.0,0.0
2934,H2,2981,56.920998245126285,147.32800237556035,0.0,0.0
2935,Li-Ion,2982,0.0,16.18128491498018,0.0,0.0
2935,H2,2982,56.920998245126285,151.01733974385436,0.0,0.0
2936,Li-Ion,2983,0.0,16.18128491498018,0.0,0.0
2936,H2,2983,56.920998245126285,154.74720829669104,0.0,0.0
2937,Li-Ion,2984,0.0,0.0,0.0,0.0
2937,H2,2984,56.920998245126285,163.30016785228497,0.0,0.0
2938,Li-Ion,2985,0.0,0.0,0.0,0.0
2938,H2,2985,56.920998245126285,163.26936753964725,0.0,0.0
2939,Li-Ion,2986,0.0,0.0,0.0,0.0
2939,H2,2986,56.920998245126285,162.93315390704586,0.0,0.0
2940,Li-Ion,2987,0.0,0.0,0.0,0.0
2940,H2,2987,56.920998245126285,166.96045997204266,0.0,0.0
2941,Li-Ion,2988,0.0,0.0,0.0,0.0
2941,H2,2988,56.920998245126285,167.92451513428477,0.0,0.0
2942,Li-Ion,2989,0.0,0.0,0.0,0.0
2942,H2,2989,56.920998245126285,167.63516672837935,0.0,0.0
2943,Li-Ion,2990,0.0,0.0,0.0,0.0
2943,H2,2990,56.920998245126285,171.5889435132219,0.0,0.0
2944,Li-Ion,2991,0.0,0.0,0.0,0.0
2944,H2,2991,56.920998245126285,171.4454583266694,0.0,0.0
2945,Li-Ion,2992,0.0,0.0,0.0,0.0
2945,H2,2992,56.920998245126285,171.76328896489588,0.0,0.0
2946,Li-Ion,2993,0.0,0.0,0.0,0.0
2946,H2,2993,56.920998245126285,172.88382308011057,0.0,0.0
2947,Li-Ion,2994,0.0,0.0,0.0,0.0
2947,H2,2994,56.920998245126285,170.36706641820737,0.0,0.0
2948,Li-Ion,2995,0.0,0.0,0.0,0.0
2948,H2,2995,56.920998245126285,166.82444586020588,0.0,0.0
2949,Li-Ion,2996,0.0,0.0,0.0,0.0
2949,H2,2996,56.920998245126285,167.47223003841887,0.0,0.0
2950,Li-Ion,2997,0.0,0.0,0.0,0.0
2950,H2,2997,56.920998245126285,166.78013610683976,0.0,0.0
2951,Li-Ion,2998,0.0,0.0,0.0,0.0
2951,H2,2998,56.920998245126285,166.6478707839416,0.0,0.0
2952,Li-Ion,2999,0.0,0.0,0.0,0.0
2952,H2,2999,56.920998245126285,163.70683703602126,0.0,0.0
2953,Li-Ion,3000,0.0,4.412404559513875,0.0,0.0
2953,H2,3000,56.920998245126285,162.7215528428952,0.0,0.0
2954,Li-Ion,3001,0.0,9.770324381780721,0.0,0.0
2954,H2,3001,56.920998245126285,159.8200886363121,0.0,0.0
2955,Li-Ion,3002,0.0,15.128244204047569,0.0,0.0
2955,H2,3002,56.920998245126285,152.91156501701562,0.0,0.0
2956,Li-Ion,3003,0.0,16.18128491498018,0.0,0.0
2956,H2,3003,56.920998245126285,152.81618249207295,0.0,0.0
2957,Li-Ion,3004,0.0,16.18128491498018,0.0,0.0
2957,H2,3004,56.920998245126285,158.47945043345587,0.0,0.0
2958,Li-Ion,3005,0.0,16.18128491498018,0.0,0.0
2958,H2,3005,56.920998245126285,160.78570901784963,0.0,0.0
2959,Li-Ion,3006,0.0,16.18128491498018,0.0,0.0
2959,H2,3006,56.920998245126285,162.8845127009034,0.0,0.0
2960,Li-Ion,3007,0.0,16.18128491498018,0.0,0.0
2960,H2,3007,56.920998245126285,158.44509228667815,0.0,0.0
2961,Li-Ion,3008,0.0,0.0,0.0,0.0
2961,H2,3008,56.920998245126285,165.9934740723915,0.0,0.0
2962,Li-Ion,3009,0.0,0.0,0.0,0.0
2962,H2,3009,56.920998245126285,166.0193541527623,0.0,0.0
2963,Li-Ion,3010,0.0,0.0,0.0,0.0
2963,H2,3010,56.920998245126285,166.9520617300691,0.0,0.0
2964,Li-Ion,3011,0.0,0.0,0.0,0.0
2964,H2,3011,56.920998245126285,167.43025904312475,0.0,0.0
2965,Li-Ion,3012,0.0,0.0,0.0,0.0
2965,H2,3012,56.920998245126285,167.3502597428778,0.0,0.0
2966,Li-Ion,3013,0.0,0.0,0.0,0.0
2966,H2,3013,56.920998245126285,170.11714182979068,0.0,0.0
2967,Li-Ion,3014,0.0,4.412404559513875,0.0,0.0
2967,H2,3014,56.920998245126285,173.83955708019866,0.0,0.0
2968,Li-Ion,3015,0.0,3.466889296760902,0.0,0.0
2968,H2,3015,56.920998245126285,179.54744843557398,0.0,0.0
2969,Li-Ion,3016,0.0,8.824809119027748,0.0,0.0
2969,H2,3016,56.920998245126285,187.68155873781353,0.0,0.0
2970,Li-Ion,3017,0.0,16.18128491498018,0.0,0.0
2970,H2,3017,56.920998245126285,184.80430640988973,0.0,0.0
2971,Li-Ion,3018,0.0,16.18128491498018,0.0,0.0
2971,H2,3018,56.920998245126285,159.23111805191436,0.0,0.0
2972,Li-Ion,3019,0.0,16.18128491498018,0.0,0.0
2972,H2,3019,56.920998245126285,155.69313008042533,0.0,0.0
2973,Li-Ion,3020,0.0,16.18128491498018,0.0,0.0
2973,H2,3020,56.920998245126285,152.20742731028557,0.0,0.0
2974,Li-Ion,3021,0.0,16.18128491498018,0.0,0.0
2974,H2,3021,56.920998245126285,152.40599667769177,0.0,0.0
2975,Li-Ion,3022,0.0,0.0,0.0,0.0
2975,H2,3022,56.920998245126285,151.81849119568668,0.0,0.0
2976,Li-Ion,3023,0.0,0.0,0.0,0.0
2976,H2,3023,56.920998245126285,154.00444159158465,0.0,0.0
2977,Li-Ion,3024,0.0,0.0,0.0,0.0
2977,H2,3024,56.920998245126285,151.84872738377783,0.0,0.0
2978,Li-Ion,3025,0.0,4.412404559513875,0.0,0.0
2978,H2,3025,56.920998245126285,151.67101453870356,0.0,0.0
2979,Li-Ion,3026,0.0,9.770324381780721,0.0,0.0
2979,H2,3026,56.920998245126285,152.84434460468196,0.0,0.0
2980,Li-Ion,3027,0.0,15.128244204047569,0.0,0.0
2980,H2,3027,56.920998245126285,156.89168053637826,0.0,0.0
2981,Li-Ion,3028,0.0,16.18128491498018,0.0,0.0
2981,H2,3028,56.920998245126285,161.0228616297416,0.0,0.0
2982,Li-Ion,3029,0.0,16.18128491498018,0.0,0.0
2982,H2,3029,56.920998245126285,164.67126991005236,0.0,0.0
2983,Li-Ion,3030,0.0,16.18128491498018,0.0,0.0
2983,H2,3030,56.920998245126285,168.3184954985182,0.0,0.0
2984,Li-Ion,3031,0.0,16.18128491498018,0.0,0.0
2984,H2,3031,56.920998245126285,171.87475500781161,0.0,0.0
2985,Li-Ion,3032,0.0,0.0,0.0,0.0
2985,H2,3032,56.920998245126285,169.69966534780744,0.0,0.0
2986,Li-Ion,3033,0.0,0.0,0.0,0.0
2986,H2,3033,56.920998245126285,169.1988554944299,0.0,0.0
2987,Li-Ion,3034,0.0,0.0,0.0,0.0
2987,H2,3034,56.920998245126285,172.44224222828757,0.0,0.0
2988,Li-Ion,3035,0.0,0.0,0.0,0.0
2988,H2,3035,56.920998245126285,183.25770600505666,0.0,0.0
2989,Li-Ion,3036,0.0,9.770324381780721,0.0,0.0
2989,H2,3036,56.920998245126285,183.95970337113144,0.0,0.0
2990,Li-Ion,3037,0.0,15.128244204047569,0.0,0.0
2990,H2,3037,56.920998245126285,174.76468807759568,0.0,0.0
2991,Li-Ion,3038,0.0,14.182728941294595,0.0,0.0
2991,H2,3038,56.920998245126285,192.71500304044352,0.0,0.0
2992,Li-Ion,3039,0.0,16.18128491498018,0.0,0.0
2992,H2,3039,56.920998245126285,190.9724667186936,0.0,0.0
2993,Li-Ion,3040,0.0,16.18128491498018,0.0,0.0
2993,H2,3040,56.920998245126285,171.84561678543886,0.0,0.0
2994,Li-Ion,3041,0.0,0.0,0.0,0.0
2994,H2,3041,56.920998245126285,164.45325516759306,0.0,0.0
2995,Li-Ion,3042,0.0,0.0,0.0,0.0
2995,H2,3042,56.920998245126285,161.109973518669,0.0,0.0
2996,Li-Ion,3043,0.0,0.0,0.0,0.0
2996,H2,3043,56.920998245126285,158.2608575550636,0.0,0.0
2997,Li-Ion,3044,0.0,0.0,0.0,0.0
2997,H2,3044,56.920998245126285,156.45541472415695,0.0,0.0
2998,Li-Ion,3045,0.0,0.0,0.0,0.0
2998,H2,3045,56.920998245126285,156.45541472415695,0.0,0.0
2999,Li-Ion,3046,0.0,0.0,0.0,0.0
2999,H2,3046,56.920998245126285,156.45541472415695,0.0,0.0
3000,Li-Ion,3047,0.0,4.412404559513875,0.0,0.0
3000,H2,3047,56.920998245126285,155.82869331702253,0.0,0.0
3001,Li-Ion,3048,0.0,0.0,0.0,0.0
3001,H2,3048,56.920998245126285,155.59944572566337,0.0,0.0
3002,Li-Ion,3049,0.0,0.0,0.0,0.0
3002,H2,3049,56.920998245126285,154.96799307543023,0.0,0.0
3003,Li-Ion,3050,0.0,0.0,0.0,0.0
3003,H2,3050,56.920998245126285,156.13045393277451,0.0,0.0
3004,Li-Ion,3051,0.0,4.412404559513875,0.0,0.0
3004,H2,3051,56.920998245126285,152.47418881188466,0.0,0.0
3005,Li-Ion,3052,0.0,9.770324381780721,0.0,0.0
3005,H2,3052,56.920998245126285,154.31443711779863,0.0,0.0
3006,Li-Ion,3053,0.0,15.128244204047569,0.0,0.0
3006,H2,3053,56.920998245126285,155.14585463829124,0.0,0.0
3007,Li-Ion,3054,0.0,16.18128491498018,0.0,0.0
3007,H2,3054,56.920998245126285,162.02974752028948,0.0,0.0
3008,Li-Ion,3055,0.0,16.18128491498018,0.0,0.0
3008,H2,3055,56.920998245126285,161.7206601772293,0.0,0.0
3009,Li-Ion,3056,0.0,16.18128491498018,0.0,0.0
3009,H2,3056,56.920998245126285,159.5288368430354,0.0,0.0
3010,Li-Ion,3057,0.0,16.18128491498018,0.0,0.0
3010,H2,3057,56.920998245126285,159.48506459566337,0.0,0.0
3011,Li-Ion,3058,0.0,16.18128491498018,0.0,0.0
3011,H2,3058,56.920998245126285,159.52084897802445,0.0,0.0
3012,Li-Ion,3059,0.0,15.235769652227205,0.0,0.0
3012,H2,3059,56.920998245126285,168.89789117937124,0.0,0.0
3013,Li-Ion,3060,0.0,20.593689474494052,0.0,0.0
3013,H2,3060,56.920998245126285,177.5735711406192,0.0,0.0
3014,Li-Ion,3061,0.0,21.539204737247026,0.0,0.0
3014,H2,3061,56.920998245126285,182.62349455536128,0.0,0.0
3015,Li-Ion,3062,0.0,16.18128491498018,0.0,0.0
3015,H2,3062,56.920998245126285,191.10315192686076,0.0,0.0
3016,Li-Ion,3063,0.0,16.18128491498018,0.0,0.0
3016,H2,3063,56.920998245126285,163.80895158285804,0.0,0.0
3017,Li-Ion,3064,0.0,16.18128491498018,0.0,0.0
3017,H2,3064,56.920998245126285,163.49963655580632,0.0,0.0
3018,Li-Ion,3065,0.0,16.18128491498018,0.0,0.0
3018,H2,3065,56.920998245126285,163.16874033431566,0.0,0.0
3019,Li-Ion,3066,0.0,16.18128491498018,0.0,0.0
3019,H2,3066,56.920998245126285,159.45646669438017,0.0,0.0
3020,Li-Ion,3067,0.0,16.18128491498018,0.0,0.0
3020,H2,3067,56.920998245126285,155.9117684722123,0.0,0.0
3021,Li-Ion,3068,0.0,16.18128491498018,0.0,0.0
3021,H2,3068,56.920998245126285,161.91320256682727,0.0,0.0
3022,Li-Ion,3069,0.0,16.18128491498018,0.0,0.0
3022,H2,3069,56.920998245126285,161.91320256682727,0.0,0.0
3023,Li-Ion,3070,0.0,16.18128491498018,0.0,0.0
3023,H2,3070,56.920998245126285,164.34423960915186,0.0,0.0
3024,Li-Ion,3071,0.0,0.0,0.0,0.0
3024,H2,3071,56.920998245126285,168.7374199109993,0.0,0.0
3025,Li-Ion,3072,0.0,0.0,0.0,0.0
3025,H2,3072,56.920998245126285,168.31734129307972,0.0,0.0
3026,Li-Ion,3073,0.0,0.0,0.0,0.0
3026,H2,3073,56.920998245126285,170.55577402848863,0.0,0.0
3027,Li-Ion,3074,0.0,4.412404559513875,0.0,0.0
3027,H2,3074,56.920998245126285,171.65475933899697,0.0,0.0
3028,Li-Ion,3075,0.0,9.770324381780721,0.0,0.0
3028,H2,3075,56.920998245126285,175.44436539038335,0.0,0.0
3029,Li-Ion,3076,0.0,15.128244204047569,0.0,0.0
3029,H2,3076,56.920998245126285,178.1765872392592,0.0,0.0
3030,Li-Ion,3077,0.0,16.18128491498018,0.0,0.0
3030,H2,3077,56.920998245126285,182.0106002277015,0.0,0.0
3031,Li-Ion,3078,0.0,16.18128491498018,0.0,0.0
3031,H2,3078,56.920998245126285,188.4575360382738,0.0,0.0
3032,Li-Ion,3079,0.0,16.18128491498018,0.0,0.0
3032,H2,3079,56.920998245126285,187.95733960709902,0.0,0.0
3033,Li-Ion,3080,0.0,16.18128491498018,0.0,0.0
3033,H2,3080,56.920998245126285,187.77773488511212,0.0,0.0
3034,Li-Ion,3081,0.0,16.18128491498018,0.0,0.0
3034,H2,3081,56.920998245126285,188.61991522743824,0.0,0.0
3035,Li-Ion,3082,0.0,15.235769652227205,0.0,0.0
3035,H2,3082,56.920998245126285,202.09896564002293,0.0,0.0
3036,Li-Ion,3083,0.0,20.593689474494052,0.0,0.0
3036,H2,3083,56.920998245126285,211.61599831119923,0.0,0.0
3037,Li-Ion,3084,0.0,21.539204737247026,0.0,0.0
3037,H2,3084,56.920998245126285,217.17312576441105,0.0,0.0
3038,Li-Ion,3085,0.0,21.539204737247026,0.0,0.0
3038,H2,3085,56.920998245126285,226.02485954875863,0.0,0.0
3039,Li-Ion,3086,0.0,21.539204737247026,0.0,0.0
3039,H2,3086,56.920998245126285,238.36417891221993,0.0,0.0
3040,Li-Ion,3087,0.0,21.539204737247026,0.0,0.0
3040,H2,3087,56.920998245126285,245.956479441473,0.0,0.0
3041,Li-Ion,3088,0.0,21.539204737247026,0.0,0.0
3041,H2,3088,56.920998245126285,252.85069006374113,0.0,0.0
3042,Li-Ion,3089,0.0,21.539204737247026,0.0,0.0
3042,H2,3089,56.920998245126285,261.70617006137985,0.0,0.0
3043,Li-Ion,3090,0.0,21.539204737247026,0.0,0.0
3043,H2,3090,56.920998245126285,265.3304517860208,0.0,0.0
3044,Li-Ion,3091,0.0,16.18128491498018,0.0,0.0
3044,H2,3091,56.920998245126285,264.9609522905407,0.0,0.0
3045,Li-Ion,3092,0.0,16.18128491498018,0.0,0.0
3045,H2,3092,56.920998245126285,184.5355161552274,0.0,0.0
3046,Li-Ion,3093,0.0,16.18128491498018,0.0,0.0
3046,H2,3093,56.920998245126285,185.64718243484566,0.0,0.0
3047,Li-Ion,3094,0.0,16.18128491498018,0.0,0.0
3047,H2,3094,56.920998245126285,187.06660319972468,0.0,0.0
3048,Li-Ion,3095,0.0,16.18128491498018,0.0,0.0
3048,H2,3095,56.920998245126285,187.75819086142337,0.0,0.0
3049,Li-Ion,3096,0.0,16.18128491498018,0.0,0.0
3049,H2,3096,56.920998245126285,187.3578801849356,0.0,0.0
3050,Li-Ion,3097,0.0,0.0,0.0,0.0
3050,H2,3097,56.920998245126285,183.81956157995123,0.0,0.0
3051,Li-Ion,3098,0.0,0.0,0.0,0.0
3051,H2,3098,56.920998245126285,186.72902681000627,0.0,0.0
3052,Li-Ion,3099,0.0,0.0,0.0,0.0
3052,H2,3099,56.920998245126285,188.21445368973352,0.0,0.0
3053,Li-Ion,3100,0.0,0.0,0.0,0.0
3053,H2,3100,56.920998245126285,194.01884214873905,0.0,0.0
3054,Li-Ion,3101,0.0,0.0,0.0,0.0
3054,H2,3101,56.920998245126285,197.5760882886625,0.0,0.0
3055,Li-Ion,3102,0.0,0.0,0.0,0.0
3055,H2,3102,56.920998245126285,198.16437599655433,0.0,0.0
3056,Li-Ion,3103,0.0,0.0,0.0,0.0
3056,H2,3103,56.920998245126285,197.23088141016785,0.0,0.0
3057,Li-Ion,3104,0.0,0.0,0.0,0.0
3057,H2,3104,56.920998245126285,197.31587710911782,0.0,0.0
3058,Li-Ion,3105,0.0,0.0,0.0,0.0
3058,H2,3105,56.920998245126285,201.67619630995165,0.0,0.0
3059,Li-Ion,3106,0.0,0.0,0.0,0.0
3059,H2,3106,56.920998245126285,201.65557193505202,0.0,0.0
3060,Li-Ion,3107,0.0,0.0,0.0,0.0
3060,H2,3107,56.920998245126285,201.73381300891992,0.0,0.0
3061,Li-Ion,3108,0.0,0.0,0.0,0.0
3061,H2,3108,56.920998245126285,209.171309629793,0.0,0.0
3062,Li-Ion,3109,0.0,0.0,0.0,0.0
3062,H2,3109,56.920998245126285,218.41648497157433,0.0,0.0
3063,Li-Ion,3110,0.0,4.412404559513875,0.0,0.0
3063,H2,3110,56.920998245126285,227.2621724810356,0.0,0.0
3064,Li-Ion,3111,0.0,15.128244204047569,0.0,0.0
3064,H2,3111,56.920998245126285,227.07999339326108,0.0,0.0
3065,Li-Ion,3112,0.0,14.182728941294595,0.0,0.0
3065,H2,3112,56.920998245126285,234.27741840257735,0.0,0.0
3066,Li-Ion,3113,0.0,16.18128491498018,0.0,0.0
3066,H2,3113,56.920998245126285,234.83077272121955,0.0,0.0
3067,Li-Ion,3114,0.0,16.18128491498018,0.0,0.0
3067,H2,3114,56.920998245126285,205.40852078808413,0.0,0.0
3068,Li-Ion,3115,0.0,16.18128491498018,0.0,0.0
3068,H2,3115,56.920998245126285,204.40855467807233,0.0,0.0
3069,Li-Ion,3116,0.0,16.18128491498018,0.0,0.0
3069,H2,3116,56.920998245126285,200.97813358107658,0.0,0.0
3070,Li-Ion,3117,0.0,16.18128491498018,0.0,0.0
3070,H2,3117,56.920998245126285,204.32819356468065,0.0,0.0
3071,Li-Ion,3118,0.0,16.18128491498018,0.0,0.0
3071,H2,3118,56.920998245126285,205.95462975014618,0.0,0.0
3072,Li-Ion,3119,0.0,0.0,0.0,0.0
3072,H2,3119,56.920998245126285,207.05386665046376,0.0,0.0
3073,Li-Ion,3120,0.0,0.0,0.0,0.0
3073,H2,3120,56.920998245126285,206.79333511548626,0.0,0.0
3074,Li-Ion,3121,0.0,0.0,0.0,0.0
3074,H2,3121,56.920998245126285,206.16053358758543,0.0,0.0
3075,Li-Ion,3122,0.0,0.0,0.0,0.0
3075,H2,3122,56.920998245126285,205.13524338029683,0.0,0.0
3076,Li-Ion,3123,0.0,4.412404559513875,0.0,0.0
3076,H2,3123,56.920998245126285,208.39054344042827,0.0,0.0
3077,Li-Ion,3124,0.0,9.770324381780721,0.0,0.0
3077,H2,3124,56.920998245126285,215.61194289660992,0.0,0.0
3078,Li-Ion,3125,0.0,15.128244204047569,0.0,0.0
3078,H2,3125,56.920998245126285,218.8092865959633,0.0,0.0
3079,Li-Ion,3126,0.0,16.18128491498018,0.0,0.0
3079,H2,3126,56.920998245126285,223.05266206443505,0.0,0.0
3080,Li-Ion,3127,0.0,16.18128491498018,0.0,0.0
3080,H2,3127,56.920998245126285,226.68216262882706,0.0,0.0
3081,Li-Ion,3128,0.0,16.18128491498018,0.0,0.0
3081,H2,3128,56.920998245126285,226.91572213225172,0.0,0.0
3082,Li-Ion,3129,0.0,16.18128491498018,0.0,0.0
3082,H2,3129,56.920998245126285,227.25693821633917,0.0,0.0
3083,Li-Ion,3130,0.0,16.18128491498018,0.0,0.0
3083,H2,3130,56.920998245126285,231.83055936990667,0.0,0.0
3084,Li-Ion,3131,0.0,15.235769652227205,0.0,0.0
3084,H2,3131,56.920998245126285,240.71094971441065,0.0,0.0
3085,Li-Ion,3132,0.0,20.593689474494052,0.0,0.0
3085,H2,3132,56.920998245126285,254.06718088274067,0.0,0.0
3086,Li-Ion,3133,0.0,16.18128491498018,0.0,0.0
3086,H2,3133,56.920998245126285,253.62340218951238,0.0,0.0
3087,Li-Ion,3134,0.0,16.18128491498018,0.0,0.0
3087,H2,3134,56.920998245126285,240.38878445585908,0.0,0.0
3088,Li-Ion,3135,0.0,16.18128491498018,0.0,0.0
3088,H2,3135,56.920998245126285,241.12522010454776,0.0,0.0
3089,Li-Ion,3136,0.0,15.235769652227205,0.0,0.0
3089,H2,3136,56.920998245126285,254.04091907436043,0.0,0.0
3090,Li-Ion,3137,0.0,16.18128491498018,0.0,0.0
3090,H2,3137,56.920998245126285,252.56109645823037,0.0,0.0
3091,Li-Ion,3138,0.0,16.18128491498018,0.0,0.0
3091,H2,3138,56.920998245126285,238.76230498914842,0.0,0.0
3092,Li-Ion,3139,0.0,0.0,0.0,0.0
3092,H2,3139,56.920998245126285,233.3225731814493,0.0,0.0
3093,Li-Ion,3140,0.0,0.0,0.0,0.0
3093,H2,3140,56.920998245126285,232.36197597575392,0.0,0.0
3094,Li-Ion,3141,0.0,0.0,0.0,0.0
3094,H2,3141,56.920998245126285,229.9997271828375,0.0,0.0
3095,Li-Ion,3142,0.0,0.0,0.0,0.0
3095,H2,3142,56.920998245126285,229.67385492782782,0.0,0.0
3096,Li-Ion,3143,0.0,0.0,0.0,0.0
3096,H2,3143,56.920998245126285,227.30269991887687,0.0,0.0
3097,Li-Ion,3144,0.0,0.0,0.0,0.0
3097,H2,3144,56.920998245126285,223.52218659696194,0.0,0.0
3098,Li-Ion,3145,0.0,0.0,0.0,0.0
3098,H2,3145,56.920998245126285,219.9941311103885,0.0,0.0
3099,Li-Ion,3146,0.0,0.0,0.0,0.0
3099,H2,3146,56.920998245126285,218.86413172407845,0.0,0.0
3100,Li-Ion,3147,0.0,0.0,0.0,0.0
3100,H2,3147,56.920998245126285,219.19829565378916,0.0,0.0
3101,Li-Ion,3148,0.0,0.0,0.0,0.0
3101,H2,3148,56.920998245126285,220.8923489375067,0.0,0.0
3102,Li-Ion,3149,0.0,0.0,0.0,0.0
3102,H2,3149,56.920998245126285,222.03447246611557,0.0,0.0
3103,Li-Ion,3150,0.0,0.0,0.0,0.0
3103,H2,3150,56.920998245126285,221.73133652961184,0.0,0.0
3104,Li-Ion,3151,0.0,0.0,0.0,0.0
3104,H2,3151,56.920998245126285,221.87747802939884,0.0,0.0
3105,Li-Ion,3152,0.0,0.0,0.0,0.0
3105,H2,3152,56.920998245126285,222.26693149691454,0.0,0.0
3106,Li-Ion,3153,0.0,0.0,0.0,0.0
3106,H2,3153,56.920998245126285,220.60774648973134,0.0,0.0
3107,Li-Ion,3154,0.0,0.0,0.0,0.0
3107,H2,3154,56.920998245126285,223.86548363961086,0.0,0.0
3108,Li-Ion,3155,0.0,0.0,0.0,0.0
3108,H2,3155,56.920998245126285,233.06910303287137,0.0,0.0
3109,Li-Ion,3156,0.0,4.412404559513875,0.0,0.0
3109,H2,3156,56.920998245126285,242.07872301623584,0.0,0.0
3110,Li-Ion,3157,0.0,20.486164026314416,0.0,0.0
3110,H2,3157,56.920998245126285,248.04691829078692,0.0,0.0
3111,Li-Ion,3158,0.0,21.539204737247026,0.0,0.0
3111,H2,3158,56.920998245126285,256.9236909896477,0.0,0.0
3112,Li-Ion,3159,0.0,21.539204737247026,0.0,0.0
3112,H2,3159,56.920998245126285,265.8705002740829,0.0,0.0
3113,Li-Ion,3160,0.0,16.18128491498018,0.0,0.0
3113,H2,3160,56.920998245126285,269.3874526720604,0.0,0.0
3114,Li-Ion,3161,0.0,16.18128491498018,0.0,0.0
3114,H2,3161,56.920998245126285,228.22206683650143,0.0,0.0
3115,Li-Ion,3162,0.0,16.18128491498018,0.0,0.0
3115,H2,3162,56.920998245126285,227.4502626049687,0.0,0.0
3116,Li-Ion,3163,0.0,0.0,0.0,0.0
3116,H2,3163,56.920998245126285,220.50053718245658,0.0,0.0
3117,Li-Ion,3164,0.0,0.0,0.0,0.0
3117,H2,3164,56.920998245126285,223.5256701851963,0.0,0.0
3118,Li-Ion,3165,0.0,0.0,0.0,0.0
3118,H2,3165,56.920998245126285,229.7013486966979,0.0,0.0
3119,Li-Ion,3166,0.0,4.412404559513875,0.0,0.0
3119,H2,3166,56.920998245126285,229.95798718310084,0.0,0.0
3120,Li-Ion,3167,0.0,9.770324381780721,0.0,0.0
3120,H2,3167,56.920998245126285,229.5633682492618,0.0,0.0
3121,Li-Ion,3168,0.0,15.128244204047569,0.0,0.0
3121,H2,3168,56.920998245126285,231.18535022731837,0.0,0.0
3122,Li-Ion,3169,0.0,16.18128491498018,0.0,0.0
3122,H2,3169,56.920998245126285,233.0704260449326,0.0,0.0
3123,Li-Ion,3170,0.0,16.18128491498018,0.0,0.0
3123,H2,3170,56.920998245126285,235.45958003210185,0.0,0.0
3124,Li-Ion,3171,0.0,16.18128491498018,0.0,0.0
3124,H2,3171,56.920998245126285,239.1350827074049,0.0,0.0
3125,Li-Ion,3172,0.0,16.18128491498018,0.0,0.0
3125,H2,3172,56.920998245126285,247.03652675665055,0.0,0.0
3126,Li-Ion,3173,0.0,16.18128491498018,0.0,0.0
3126,H2,3173,56.920998245126285,250.50078769371845,0.0,0.0
3127,Li-Ion,3174,0.0,0.0,0.0,0.0
3127,H2,3174,56.920998245126285,258.08236508619814,0.0,0.0
3128,Li-Ion,3175,0.0,0.0,0.0,0.0
3128,H2,3175,56.920998245126285,258.39174335880307,0.0,0.0
3129,Li-Ion,3176,0.0,0.0,0.0,0.0
3129,H2,3176,56.920998245126285,258.544241036687,0.0,0.0
3130,Li-Ion,3177,0.0,0.0,0.0,0.0
3130,H2,3177,56.920998245126285,266.143020142784,0.0,0.0
3131,Li-Ion,3178,0.0,4.412404559513875,0.0,0.0
3131,H2,3178,56.920998245126285,267.06618720841095,0.0,0.0
3132,Li-Ion,3179,0.0,3.466889296760902,0.0,0.0
3132,H2,3179,56.920998245126285,276.49204877113897,0.0,0.0
3133,Li-Ion,3180,0.0,8.824809119027748,0.0,0.0
3133,H2,3180,56.920998245126285,289.55587585776664,0.0,0.0
3134,Li-Ion,3181,0.0,21.539204737247026,0.0,0.0
3134,H2,3181,56.920998245126285,294.6741360927449,0.0,0.0
3135,Li-Ion,3182,0.0,21.539204737247026,0.0,0.0
3135,H2,3182,56.920998245126285,303.3854015034278,0.0,0.0
3136,Li-Ion,3183,0.0,21.539204737247026,0.0,0.0
3136,H2,3183,56.920998245126285,316.6385677182576,0.0,0.0
3137,Li-Ion,3184,0.0,16.18128491498018,0.0,0.0
3137,H2,3184,56.920998245126285,317.88409556031115,0.0,0.0
3138,Li-Ion,3185,0.0,16.18128491498018,0.0,0.0
3138,H2,3185,56.920998245126285,269.11445428375924,0.0,0.0
3139,Li-Ion,3186,0.0,16.18128491498018,0.0,0.0
3139,H2,3186,56.920998245126285,265.3856862035483,0.0,0.0
3140,Li-Ion,3187,0.0,16.18128491498018,0.0,0.0
3140,H2,3187,56.920998245126285,257.0500424578955,0.0,0.0
3141,Li-Ion,3188,0.0,16.18128491498018,0.0,0.0
3141,H2,3188,56.920998245126285,252.83310092617373,0.0,0.0
3142,Li-Ion,3189,0.0,16.18128491498018,0.0,0.0
3142,H2,3189,56.920998245126285,249.558416944297,0.0,0.0
3143,Li-Ion,3190,0.0,16.18128491498018,0.0,0.0
3143,H2,3190,56.920998245126285,245.0870828239253,0.0,0.0
3144,Li-Ion,3191,0.0,16.18128491498018,0.0,0.0
3144,H2,3191,56.920998245126285,245.0870828239253,0.0,0.0
3145,Li-Ion,3192,0.0,16.18128491498018,0.0,0.0
3145,H2,3192,56.920998245126285,242.24005793677918,0.0,0.0
3146,Li-Ion,3193,0.0,16.18128491498018,0.0,0.0
3146,H2,3193,56.920998245126285,242.46200375942402,0.0,0.0
3147,Li-Ion,3194,0.0,16.18128491498018,0.0,0.0
3147,H2,3194,56.920998245126285,242.31313067403215,0.0,0.0
3148,Li-Ion,3195,0.0,16.18128491498018,0.0,0.0
3148,H2,3195,56.920998245126285,245.128304750165,0.0,0.0
3149,Li-Ion,3196,0.0,16.18128491498018,0.0,0.0
3149,H2,3196,56.920998245126285,245.9886333493352,0.0,0.0
3150,Li-Ion,3197,0.0,16.18128491498018,0.0,0.0
3150,H2,3197,56.920998245126285,245.54048539070234,0.0,0.0
3151,Li-Ion,3198,0.0,16.18128491498018,0.0,0.0
3151,H2,3198,56.920998245126285,245.4771449691692,0.0,0.0
3152,Li-Ion,3199,0.0,0.0,0.0,0.0
3152,H2,3199,56.920998245126285,254.90069800783925,0.0,0.0
3153,Li-Ion,3200,0.0,0.0,0.0,0.0
3153,H2,3200,56.920998245126285,254.91296764516068,0.0,0.0
3154,Li-Ion,3201,0.0,0.0,0.0,0.0
3154,H2,3201,56.920998245126285,258.1051191563684,0.0,0.0
3155,Li-Ion,3202,0.0,4.412404559513875,0.0,0.0
3155,H2,3202,56.920998245126285,258.66944360223005,0.0,0.0
3156,Li-Ion,3203,0.0,3.466889296760902,0.0,0.0
3156,H2,3203,56.920998245126285,267.76487057113206,0.0,0.0
3157,Li-Ion,3204,0.0,8.824809119027748,0.0,0.0
3157,H2,3204,56.920998245126285,280.83527881535906,0.0,0.0
3158,Li-Ion,3205,0.0,21.539204737247026,0.0,0.0
3158,H2,3205,56.920998245126285,285.742897991887,0.0,0.0
3159,Li-Ion,3206,0.0,21.539204737247026,0.0,0.0
3159,H2,3206,56.920998245126285,294.56974034689114,0.0,0.0
3160,Li-Ion,3207,0.0,16.18128491498018,0.0,0.0
3160,H2,3207,56.920998245126285,301.73869337260146,0.0,0.0
3161,Li-Ion,3208,0.0,16.18128491498018,0.0,0.0
3161,H2,3208,56.920998245126285,265.2350613689989,0.0,0.0
3162,Li-Ion,3209,0.0,16.18128491498018,0.0,0.0
3162,H2,3209,56.920998245126285,264.9500452834879,0.0,0.0
3163,Li-Ion,3210,0.0,16.18128491498018,0.0,0.0
3163,H2,3210,56.920998245126285,254.11597638143652,0.0,0.0
3164,Li-Ion,3211,0.0,16.18128491498018,0.0,0.0
3164,H2,3211,56.920998245126285,250.8445305718838,0.0,0.0
3165,Li-Ion,3212,0.0,16.18128491498018,0.0,0.0
3165,H2,3212,56.920998245126285,247.6892288962338,0.0,0.0
3166,Li-Ion,3213,0.0,16.18128491498018,0.0,0.0
3166,H2,3213,56.920998245126285,244.89800024759893,0.0,0.0
3167,Li-Ion,3214,0.0,16.18128491498018,0.0,0.0
3167,H2,3214,56.920998245126285,249.33351146434268,0.0,0.0
3168,Li-Ion,3215,0.0,16.18128491498018,0.0,0.0
3168,H2,3215,56.920998245126285,249.33351146434268,0.0,0.0
3169,Li-Ion,3216,0.0,16.18128491498018,0.0,0.0
3169,H2,3216,56.920998245126285,251.64796078780682,0.0,0.0
3170,Li-Ion,3217,0.0,16.18128491498018,0.0,0.0
3170,H2,3217,56.920998245126285,251.55598553650503,0.0,0.0
3171,Li-Ion,3218,0.0,0.0,0.0,0.0
3171,H2,3218,56.920998245126285,253.6843249989105,0.0,0.0
3172,Li-Ion,3219,0.0,0.0,0.0,0.0
3172,H2,3219,56.920998245126285,254.77471085751625,0.0,0.0
3173,Li-Ion,3220,0.0,0.0,0.0,0.0
3173,H2,3220,56.920998245126285,257.0971806618444,0.0,0.0
3174,Li-Ion,3221,0.0,0.0,0.0,0.0
3174,H2,3221,56.920998245126285,256.6094327144358,0.0,0.0
3175,Li-Ion,3222,0.0,0.0,0.0,0.0
3175,H2,3222,56.920998245126285,256.80016232923117,0.0,0.0
3176,Li-Ion,3223,0.0,0.0,0.0,0.0
3176,H2,3223,56.920998245126285,258.9239866394511,0.0,0.0
3177,Li-Ion,3224,0.0,0.0,0.0,0.0
3177,H2,3224,56.920998245126285,258.65739398358824,0.0,0.0
3178,Li-Ion,3225,0.0,0.0,0.0,0.0
3178,H2,3225,56.920998245126285,261.767750020838,0.0,0.0
3179,Li-Ion,3226,0.0,4.412404559513875,0.0,0.0
3179,H2,3226,56.920998245126285,266.4443762306464,0.0,0.0
3180,Li-Ion,3227,0.0,9.770324381780721,0.0,0.0
3180,H2,3227,56.920998245126285,268.4951324450836,0.0,0.0
3181,Li-Ion,3228,0.0,15.128244204047569,0.0,0.0
3181,H2,3228,56.920998245126285,265.5986313949898,0.0,0.0
3182,Li-Ion,3229,0.0,16.18128491498018,0.0,0.0
3182,H2,3229,56.920998245126285,271.9280694501858,0.0,0.0
3183,Li-Ion,3230,0.0,16.18128491498018,0.0,0.0
3183,H2,3230,56.920998245126285,271.308661475778,0.0,0.0
3184,Li-Ion,3231,0.0,16.18128491498018,0.0,0.0
3184,H2,3231,56.920998245126285,270.7342906598063,0.0,0.0
3185,Li-Ion,3232,0.0,0.0,0.0,0.0
3185,H2,3232,56.920998245126285,271.2287507193055,0.0,0.0
3186,Li-Ion,3233,0.0,0.0,0.0,0.0
3186,H2,3233,56.920998245126285,271.1699007320497,0.0,0.0
3187,Li-Ion,3234,0.0,0.0,0.0,0.0
3187,H2,3234,56.920998245126285,268.43159596233545,0.0,0.0
3188,Li-Ion,3235,0.0,0.0,0.0,0.0
3188,H2,3235,56.920998245126285,265.7597496199273,0.0,0.0
3189,Li-Ion,3236,0.0,0.0,0.0,0.0
3189,H2,3236,56.920998245126285,267.717124540194,0.0,0.0
3190,Li-Ion,3237,0.0,4.412404559513875,0.0,0.0
3190,H2,3237,56.920998245126285,270.3077169210876,0.0,0.0
3191,Li-Ion,3238,0.0,9.770324381780721,0.0,0.0
3191,H2,3238,56.920998245126285,271.09948877249786,0.0,0.0
3192,Li-Ion,3239,0.0,15.128244204047569,0.0,0.0
3192,H2,3239,56.920998245126285,271.46053640017834,0.0,0.0
3193,Li-Ion,3240,0.0,16.18128491498018,0.0,0.0
3193,H2,3240,56.920998245126285,273.569111560545,0.0,0.0
3194,Li-Ion,3241,0.0,16.18128491498018,0.0,0.0
3194,H2,3241,56.920998245126285,275.0539733219251,0.0,0.0
3195,Li-Ion,3242,0.0,16.18128491498018,0.0,0.0
3195,H2,3242,56.920998245126285,277.6235109231697,0.0,0.0
3196,Li-Ion,3243,0.0,16.18128491498018,0.0,0.0
3196,H2,3243,56.920998245126285,281.29901359847275,0.0,0.0
3197,Li-Ion,3244,0.0,16.18128491498018,0.0,0.0
3197,H2,3244,56.920998245126285,284.92823960598554,0.0,0.0
3198,Li-Ion,3245,0.0,0.0,0.0,0.0
3198,H2,3245,56.920998245126285,289.7526347079595,0.0,0.0
3199,Li-Ion,3246,0.0,0.0,0.0,0.0
3199,H2,3246,56.920998245126285,289.9356040933768,0.0,0.0
3200,Li-Ion,3247,0.0,0.0,0.0,0.0
3200,H2,3247,56.920998245126285,289.9059292798138,0.0,0.0
3201,Li-Ion,3248,0.0,0.0,0.0,0.0
3201,H2,3248,56.920998245126285,289.75462061833,0.0,0.0
3202,Li-Ion,3249,0.0,0.0,0.0,0.0
3202,H2,3249,56.920998245126285,289.49741360256263,0.0,0.0
3203,Li-Ion,3250,0.0,0.0,0.0,0.0
3203,H2,3250,56.920998245126285,289.16392612507656,0.0,0.0
3204,Li-Ion,3251,0.0,0.0,0.0,0.0
3204,H2,3251,56.920998245126285,288.8225835498827,0.0,0.0
3205,Li-Ion,3252,0.0,0.0,0.0,0.0
3205,H2,3252,56.920998245126285,288.96699518030096,0.0,0.0
3206,Li-Ion,3253,0.0,0.0,0.0,0.0
3206,H2,3253,56.920998245126285,288.5216642665301,0.0,0.0
3207,Li-Ion,3254,0.0,0.0,0.0,0.0
3207,H2,3254,56.920998245126285,288.0940294585455,0.0,0.0
3208,Li-Ion,3255,0.0,0.0,0.0,0.0
3208,H2,3255,56.920998245126285,287.43969423086975,0.0,0.0
3209,Li-Ion,3256,0.0,0.0,0.0,0.0
3209,H2,3256,56.920998245126285,287.3426411313698,0.0,0.0
3210,Li-Ion,3257,0.0,0.0,0.0,0.0
3210,H2,3257,56.920998245126285,286.7805366044256,0.0,0.0
3211,Li-Ion,3258,0.0,4.412404559513875,0.0,0.0
3211,H2,3258,56.920998245126285,284.2535259271471,0.0,0.0
3212,Li-Ion,3259,0.0,9.770324381780721,0.0,0.0
3212,H2,3259,56.920998245126285,281.0170359348499,0.0,0.0
3213,Li-Ion,3260,0.0,15.128244204047569,0.0,0.0
3213,H2,3260,56.920998245126285,277.86148127698704,0.0,0.0
3214,Li-Ion,3261,0.0,16.18128491498018,0.0,0.0
3214,H2,3261,56.920998245126285,277.86148127698704,0.0,0.0
3215,Li-Ion,3262,0.0,16.18128491498018,0.0,0.0
3215,H2,3262,56.920998245126285,277.86148127698704,0.0,0.0
3216,Li-Ion,3263,0.0,16.18128491498018,0.0,0.0
3216,H2,3263,56.920998245126285,277.86148127698704,0.0,0.0
3217,Li-Ion,3264,0.0,16.18128491498018,0.0,0.0
3217,H2,3264,56.920998245126285,278.42203962924475,0.0,0.0
3218,Li-Ion,3265,0.0,0.0,0.0,0.0
3218,H2,3265,56.920998245126285,278.69943880544974,0.0,0.0
3219,Li-Ion,3266,0.0,0.0,0.0,0.0
3219,H2,3266,56.920998245126285,280.006991365889,0.0,0.0
3220,Li-Ion,3267,0.0,0.0,0.0,0.0
3220,H2,3267,56.920998245126285,280.55831676718446,0.0,0.0
3221,Li-Ion,3268,0.0,0.0,0.0,0.0
3221,H2,3268,56.920998245126285,284.6709989693325,0.0,0.0
3222,Li-Ion,3269,0.0,0.0,0.0,0.0
3222,H2,3269,56.920998245126285,284.7406743919929,0.0,0.0
3223,Li-Ion,3270,0.0,0.0,0.0,0.0
3223,H2,3270,56.920998245126285,284.67599316473184,0.0,0.0
3224,Li-Ion,3271,0.0,0.0,0.0,0.0
3224,H2,3271,56.920998245126285,284.6427133546362,0.0,0.0
3225,Li-Ion,3272,0.0,0.0,0.0,0.0
3225,H2,3272,56.920998245126285,284.62182334841316,0.0,0.0
3226,Li-Ion,3273,0.0,0.0,0.0,0.0
3226,H2,3273,56.920998245126285,284.56926629370116,0.0,0.0
3227,Li-Ion,3274,0.0,0.0,0.0,0.0
3227,H2,3274,56.920998245126285,294.22230212517445,0.0,0.0
3228,Li-Ion,3275,0.0,4.412404559513875,0.0,0.0
3228,H2,3275,56.920998245126285,294.90314747376897,0.0,0.0
3229,Li-Ion,3276,0.0,9.770324381780721,0.0,0.0
3229,H2,3276,56.920998245126285,294.18398499278254,0.0,0.0
3230,Li-Ion,3277,0.0,15.128244204047569,0.0,0.0
3230,H2,3277,56.920998245126285,293.6789629258983,0.0,0.0
3231,Li-Ion,3278,0.0,16.18128491498018,0.0,0.0
3231,H2,3278,56.920998245126285,293.191017158379,0.0,0.0
3232,Li-Ion,3279,0.0,16.18128491498018,0.0,0.0
3232,H2,3279,56.920998245126285,291.3174297258364,0.0,0.0
3233,Li-Ion,3280,0.0,16.18128491498018,0.0,0.0
3233,H2,3280,56.920998245126285,290.20083015135515,0.0,0.0
3234,Li-Ion,3281,0.0,16.18128491498018,0.0,0.0
3234,H2,3281,56.920998245126285,282.90114157529405,0.0,0.0
3235,Li-Ion,3282,0.0,16.18128491498018,0.0,0.0
3235,H2,3282,56.920998245126285,279.5523527787289,0.0,0.0
3236,Li-Ion,3283,0.0,16.18128491498018,0.0,0.0
3236,H2,3283,56.920998245126285,280.6439520533531,0.0,0.0
3237,Li-Ion,3284,0.0,16.18128491498018,0.0,0.0
3237,H2,3284,56.920998245126285,277.73310708994467,0.0,0.0
3238,Li-Ion,3285,0.0,16.18128491498018,0.0,0.0
3238,H2,3285,56.920998245126285,278.4540985866734,0.0,0.0
3239,Li-Ion,3286,0.0,16.18128491498018,0.0,0.0
3239,H2,3286,56.920998245126285,278.62720146762445,0.0,0.0
3240,Li-Ion,3287,0.0,0.0,0.0,0.0
3240,H2,3287,56.920998245126285,278.08409685981536,0.0,0.0
3241,Li-Ion,3288,0.0,0.0,0.0,0.0
3241,H2,3288,56.920998245126285,278.96187471080736,0.0,0.0
3242,Li-Ion,3289,0.0,0.0,0.0,0.0
3242,H2,3289,56.920998245126285,281.04609875380476,0.0,0.0
3243,Li-Ion,3290,0.0,0.0,0.0,0.0
3243,H2,3290,56.920998245126285,281.11901558644513,0.0,0.0
3244,Li-Ion,3291,0.0,4.412404559513875,0.0,0.0
3244,H2,3291,56.920998245126285,280.62187025643254,0.0,0.0
3245,Li-Ion,3292,0.0,0.0,0.0,0.0
3245,H2,3292,56.920998245126285,284.3471545592376,0.0,0.0
3246,Li-Ion,3293,0.0,0.0,0.0,0.0
3246,H2,3293,56.920998245126285,283.7866435484618,0.0,0.0
3247,Li-Ion,3294,0.0,0.0,0.0,0.0
3247,H2,3294,56.920998245126285,283.47766255839605,0.0,0.0
3248,Li-Ion,3295,0.0,0.0,0.0,0.0
3248,H2,3295,56.920998245126285,283.6098394400358,0.0,0.0
3249,Li-Ion,3296,0.0,0.0,0.0,0.0
3249,H2,3296,56.920998245126285,283.75014337526216,0.0,0.0
3250,Li-Ion,3297,0.0,0.0,0.0,0.0
3250,H2,3297,56.920998245126285,283.7823669846193,0.0,0.0
3251,Li-Ion,3298,0.0,0.0,0.0,0.0
3251,H2,3298,56.920998245126285,283.621255262389,0.0,0.0
3252,Li-Ion,3299,0.0,0.0,0.0,0.0
3252,H2,3299,56.920998245126285,286.41021637192523,0.0,0.0
3253,Li-Ion,3300,0.0,4.412404559513875,0.0,0.0
3253,H2,3300,56.920998245126285,286.5372800366048,0.0,0.0
3254,Li-Ion,3301,0.0,9.770324381780721,0.0,0.0
3254,H2,3301,56.920998245126285,285.96519870965903,0.0,0.0
3255,Li-Ion,3302,0.0,15.128244204047569,0.0,0.0
3255,H2,3302,56.920998245126285,285.34532271815755,0.0,0.0
3256,Li-Ion,3303,0.0,16.18128491498018,0.0,0.0
3256,H2,3303,56.920998245126285,284.6632889969677,0.0,0.0
3257,Li-Ion,3304,0.0,0.0,0.0,0.0
3257,H2,3304,56.920998245126285,281.4133340263935,0.0,0.0
3258,Li-Ion,3305,0.0,0.0,0.0,0.0
3258,H2,3305,56.920998245126285,278.2813762844308,0.0,0.0
3259,Li-Ion,3306,0.0,0.0,0.0,0.0
3259,H2,3306,56.920998245126285,279.9702974345083,0.0,0.0
3260,Li-Ion,3307,0.0,0.0,0.0,0.0
3260,H2,3307,56.920998245126285,279.2339806155392,0.0,0.0
3261,Li-Ion,3308,0.0,4.412404559513875,0.0,0.0
3261,H2,3308,56.920998245126285,276.6975082411927,0.0,0.0
3262,Li-Ion,3309,0.0,9.770324381780721,0.0,0.0
3262,H2,3309,56.920998245126285,274.53926599778583,0.0,0.0
3263,Li-Ion,3310,0.0,0.0,0.0,0.0
3263,H2,3310,56.920998245126285,273.7250104502982,0.0,0.0
3264,Li-Ion,3311,0.0,0.0,0.0,0.0
3264,H2,3311,56.920998245126285,273.6693756860588,0.0,0.0
3265,Li-Ion,3312,0.0,0.0,0.0,0.0
3265,H2,3312,56.920998245126285,273.5311131106337,0.0,0.0
3266,Li-Ion,3313,0.0,0.0,0.0,0.0
3266,H2,3313,56.920998245126285,273.6568511883976,0.0,0.0
3267,Li-Ion,3314,0.0,0.0,0.0,0.0
3267,H2,3314,56.920998245126285,274.09851292777586,0.0,0.0
3268,Li-Ion,3315,0.0,0.0,0.0,0.0
3268,H2,3315,56.920998245126285,274.84689816663126,0.0,0.0
3269,Li-Ion,3316,0.0,0.0,0.0,0.0
3269,H2,3316,56.920998245126285,275.4440635896458,0.0,0.0
3270,Li-Ion,3317,0.0,0.0,0.0,0.0
3270,H2,3317,56.920998245126285,275.680310538993,0.0,0.0
3271,Li-Ion,3318,0.0,0.0,0.0,0.0
3271,H2,3318,56.920998245126285,275.55911940994474,0.0,0.0
3272,Li-Ion,3319,0.0,0.0,0.0,0.0
3272,H2,3319,56.920998245126285,274.259052423411,0.0,0.0
3273,Li-Ion,3320,0.0,0.0,0.0,0.0
3273,H2,3320,56.920998245126285,274.1765928711444,0.0,0.0
3274,Li-Ion,3321,0.0,0.0,0.0,0.0
3274,H2,3321,56.920998245126285,273.9938049354207,0.0,0.0
3275,Li-Ion,3322,0.0,0.0,0.0,0.0
3275,H2,3322,56.920998245126285,278.16429893286994,0.0,0.0
3276,Li-Ion,3323,0.0,0.0,0.0,0.0
3276,H2,3323,56.920998245126285,280.5814710579001,0.0,0.0
3277,Li-Ion,3324,0.0,4.412404559513875,0.0,0.0
3277,H2,3324,56.920998245126285,280.79887467077543,0.0,0.0
3278,Li-Ion,3325,0.0,9.770324381780721,0.0,0.0
3278,H2,3325,56.920998245126285,280.23892384093404,0.0,0.0
3279,Li-Ion,3326,0.0,15.128244204047569,0.0,0.0
3279,H2,3326,56.920998245126285,283.92595181844143,0.0,0.0
3280,Li-Ion,3327,0.0,16.18128491498018,0.0,0.0
3280,H2,3327,56.920998245126285,283.36135244043965,0.0,0.0
3281,Li-Ion,3328,0.0,0.0,0.0,0.0
3281,H2,3328,56.920998245126285,280.1740674885346,0.0,0.0
3282,Li-Ion,3329,0.0,0.0,0.0,0.0
3282,H2,3329,56.920998245126285,279.8653007353851,0.0,0.0
3283,Li-Ion,3330,0.0,0.0,0.0,0.0
3283,H2,3330,56.920998245126285,279.98921142322115,0.0,0.0
3284,Li-Ion,3331,0.0,0.0,0.0,0.0
3284,H2,3331,56.920998245126285,277.6374950974625,0.0,0.0
3285,Li-Ion,3332,0.0,0.0,0.0,0.0
3285,H2,3332,56.920998245126285,281.2353712871617,0.0,0.0
3286,Li-Ion,3333,0.0,0.0,0.0,0.0
3286,H2,3333,56.920998245126285,279.7923987318928,0.0,0.0
3287,Li-Ion,3334,0.0,4.412404559513875,0.0,0.0
3287,H2,3334,56.920998245126285,279.1186520333415,0.0,0.0
3288,Li-Ion,3335,0.0,0.0,0.0,0.0
3288,H2,3335,56.920998245126285,281.26688758916697,0.0,0.0
3289,Li-Ion,3336,0.0,0.0,0.0,0.0
3289,H2,3336,56.920998245126285,282.80319163168394,0.0,0.0
3290,Li-Ion,3337,0.0,0.0,0.0,0.0
3290,H2,3337,56.920998245126285,284.5974102188565,0.0,0.0
3291,Li-Ion,3338,0.0,0.0,0.0,0.0
3291,H2,3338,56.920998245126285,287.2797100321914,0.0,0.0
3292,Li-Ion,3339,0.0,0.0,0.0,0.0
3292,H2,3339,56.920998245126285,286.08168038787005,0.0,0.0
3293,Li-Ion,3340,0.0,0.0,0.0,0.0
3293,H2,3340,56.920998245126285,282.9103891976752,0.0,0.0
3294,Li-Ion,3341,0.0,0.0,0.0,0.0
3294,H2,3341,56.920998245126285,281.5209477948153,0.0,0.0
3295,Li-Ion,3342,0.0,0.0,0.0,0.0
3295,H2,3342,56.920998245126285,280.8423544762549,0.0,0.0
3296,Li-Ion,3343,0.0,0.0,0.0,0.0
3296,H2,3343,56.920998245126285,279.1409352530885,0.0,0.0
3297,Li-Ion,3344,0.0,0.0,0.0,0.0
3297,H2,3344,56.920998245126285,280.42132661498573,0.0,0.0
3298,Li-Ion,3345,0.0,0.0,0.0,0.0
3298,H2,3345,56.920998245126285,279.8861858809665,0.0,0.0
3299,Li-Ion,3346,0.0,0.0,0.0,0.0
3299,H2,3346,56.920998245126285,282.73288385602206,0.0,0.0
3300,Li-Ion,3347,0.0,4.412404559513875,0.0,0.0
3300,H2,3347,56.920998245126285,285.22447668177875,0.0,0.0
3301,Li-Ion,3348,0.0,3.466889296760902,0.0,0.0
3301,H2,3348,56.920998245126285,294.22848678457405,0.0,0.0
3302,Li-Ion,3349,0.0,8.824809119027748,0.0,0.0
3302,H2,3349,56.920998245126285,303.06739437073196,0.0,0.0
3303,Li-Ion,3350,0.0,21.539204737247026,0.0,0.0
3303,H2,3350,56.920998245126285,308.2578430801366,0.0,0.0
3304,Li-Ion,3351,0.0,21.539204737247026,0.0,0.0
3304,H2,3351,56.920998245126285,317.21196664855654,0.0,0.0
3305,Li-Ion,3352,0.0,16.18128491498018,0.0,0.0
3305,H2,3352,56.920998245126285,320.5001788542635,0.0,0.0
3306,Li-Ion,3353,0.0,16.18128491498018,0.0,0.0
3306,H2,3353,56.920998245126285,284.20567936344696,0.0,0.0
3307,Li-Ion,3354,0.0,16.18128491498018,0.0,0.0
3307,H2,3354,56.920998245126285,283.39943389933484,0.0,0.0
3308,Li-Ion,3355,0.0,16.18128491498018,0.0,0.0
3308,H2,3355,56.920998245126285,282.3201121250729,0.0,0.0
3309,Li-Ion,3356,0.0,16.18128491498018,0.0,0.0
3309,H2,3356,56.920998245126285,278.47712549557934,0.0,0.0
3310,Li-Ion,3357,0.0,16.18128491498018,0.0,0.0
3310,H2,3357,56.920998245126285,277.2768371992898,0.0,0.0
3311,Li-Ion,3358,0.0,0.0,0.0,0.0
3311,H2,3358,56.920998245126285,276.7405042007734,0.0,0.0
3312,Li-Ion,3359,0.0,0.0,0.0,0.0
3312,H2,3359,56.920998245126285,274.52257741850167,0.0,0.0
3313,Li-Ion,3360,0.0,0.0,0.0,0.0
3313,H2,3360,56.920998245126285,267.7818713425598,0.0,0.0
3314,Li-Ion,3361,0.0,0.0,0.0,0.0
3314,H2,3361,56.920998245126285,266.8116212338824,0.0,0.0
3315,Li-Ion,3362,0.0,0.0,0.0,0.0
3315,H2,3362,56.920998245126285,264.92260460857176,0.0,0.0
3316,Li-Ion,3363,0.0,0.0,0.0,0.0
3316,H2,3363,56.920998245126285,263.94257438560624,0.0,0.0
3317,Li-Ion,3364,0.0,0.0,0.0,0.0
3317,H2,3364,56.920998245126285,263.88717128100006,0.0,0.0
3318,Li-Ion,3365,0.0,0.0,0.0,0.0
3318,H2,3365,56.920998245126285,259.7928660392173,0.0,0.0
3319,Li-Ion,3366,0.0,0.0,0.0,0.0
3319,H2,3366,56.920998245126285,257.6856765755484,0.0,0.0
3320,Li-Ion,3367,0.0,0.0,0.0,0.0
3320,H2,3367,56.920998245126285,255.96087547136275,0.0,0.0
3321,Li-Ion,3368,0.0,0.0,0.0,0.0
3321,H2,3368,56.920998245126285,254.9461005702147,0.0,0.0
3322,Li-Ion,3369,0.0,0.0,0.0,0.0
3322,H2,3369,56.920998245126285,258.07216680288013,0.0,0.0
3323,Li-Ion,3370,0.0,4.412404559513875,0.0,0.0
3323,H2,3370,56.920998245126285,261.77450456640736,0.0,0.0
3324,Li-Ion,3371,0.0,9.770324381780721,0.0,0.0
3324,H2,3371,56.920998245126285,261.6575192666471,0.0,0.0
3325,Li-Ion,3372,0.0,15.128244204047569,0.0,0.0
3325,H2,3372,56.920998245126285,267.1835421847608,0.0,0.0
3326,Li-Ion,3373,0.0,16.18128491498018,0.0,0.0
3326,H2,3373,56.920998245126285,263.3241087916317,0.0,0.0
3327,Li-Ion,3374,0.0,16.18128491498018,0.0,0.0
3327,H2,3374,56.920998245126285,263.8402527750631,0.0,0.0
3328,Li-Ion,3375,0.0,0.0,0.0,0.0
3328,H2,3375,56.920998245126285,260.2278248899697,0.0,0.0
3329,Li-Ion,3376,0.0,0.0,0.0,0.0
3329,H2,3376,56.920998245126285,259.34014326218283,0.0,0.0
3330,Li-Ion,3377,0.0,0.0,0.0,0.0
3330,H2,3377,56.920998245126285,259.19717668916667,0.0,0.0
3331,Li-Ion,3378,0.0,0.0,0.0,0.0
3331,H2,3378,56.920998245126285,259.2159542939127,0.0,0.0
3332,Li-Ion,3379,0.0,0.0,0.0,0.0
3332,H2,3379,56.920998245126285,260.0120844003126,0.0,0.0
3333,Li-Ion,3380,0.0,0.0,0.0,0.0
3333,H2,3380,56.920998245126285,262.70086845157334,0.0,0.0
3334,Li-Ion,3381,0.0,0.0,0.0,0.0
3334,H2,3381,56.920998245126285,264.0864364645361,0.0,0.0
3335,Li-Ion,3382,0.0,0.0,0.0,0.0
3335,H2,3382,56.920998245126285,263.3976717247215,0.0,0.0
3336,Li-Ion,3383,0.0,0.0,0.0,0.0
3336,H2,3383,56.920998245126285,264.9612340453474,0.0,0.0
3337,Li-Ion,3384,0.0,0.0,0.0,0.0
3337,H2,3384,56.920998245126285,262.11104022665864,0.0,0.0
3338,Li-Ion,3385,0.0,0.0,0.0,0.0
3338,H2,3385,56.920998245126285,263.4665611729588,0.0,0.0
3339,Li-Ion,3386,0.0,0.0,0.0,0.0
3339,H2,3386,56.920998245126285,263.01224312950535,0.0,0.0
3340,Li-Ion,3387,0.0,0.0,0.0,0.0
3340,H2,3387,56.920998245126285,260.7427880278904,0.0,0.0
3341,Li-Ion,3388,0.0,0.0,0.0,0.0
3341,H2,3388,56.920998245126285,260.6461628329234,0.0,0.0
3342,Li-Ion,3389,0.0,0.0,0.0,0.0
3342,H2,3389,56.920998245126285,257.64343799824707,0.0,0.0
3343,Li-Ion,3390,0.0,0.0,0.0,0.0
3343,H2,3390,56.920998245126285,257.55862571140136,0.0,0.0
3344,Li-Ion,3391,0.0,0.0,0.0,0.0
3344,H2,3391,56.920998245126285,257.4499163496815,0.0,0.0
3345,Li-Ion,3392,0.0,0.0,0.0,0.0
3345,H2,3392,56.920998245126285,257.29158743179215,0.0,0.0
3346,Li-Ion,3393,0.0,0.0,0.0,0.0
3346,H2,3393,56.920998245126285,260.5657684255046,0.0,0.0
3347,Li-Ion,3394,0.0,4.412404559513875,0.0,0.0
3347,H2,3394,56.920998245126285,261.9327037857933,0.0,0.0
3348,Li-Ion,3395,0.0,9.770324381780721,0.0,0.0
3348,H2,3395,56.920998245126285,261.6687927413863,0.0,0.0
3349,Li-Ion,3396,0.0,0.0,0.0,0.0
3349,H2,3396,56.920998245126285,264.7103341213876,0.0,0.0
3350,Li-Ion,3397,0.0,0.0,0.0,0.0
3350,H2,3397,56.920998245126285,266.6774659521061,0.0,0.0
3351,Li-Ion,3398,0.0,0.0,0.0,0.0
3351,H2,3398,56.920998245126285,279.39731674403754,0.0,0.0
3352,Li-Ion,3399,0.0,4.412404559513875,0.0,0.0
3352,H2,3399,56.920998245126285,282.4460306888739,0.0,0.0
3353,Li-Ion,3400,0.0,0.0,0.0,0.0
3353,H2,3400,56.920998245126285,270.00934910228057,0.0,0.0
3354,Li-Ion,3401,0.0,0.0,0.0,0.0
3354,H2,3401,56.920998245126285,268.5489669229696,0.0,0.0
3355,Li-Ion,3402,0.0,0.0,0.0,0.0
3355,H2,3402,56.920998245126285,267.7177167094407,0.0,0.0
3356,Li-Ion,3403,0.0,0.0,0.0,0.0
3356,H2,3403,56.920998245126285,266.65307200688136,0.0,0.0
3357,Li-Ion,3404,0.0,0.0,0.0,0.0
3357,H2,3404,56.920998245126285,263.8287678499632,0.0,0.0
3358,Li-Ion,3405,0.0,0.0,0.0,0.0
3358,H2,3405,56.920998245126285,265.8110330100948,0.0,0.0
3359,Li-Ion,3406,0.0,4.412404559513875,0.0,0.0
3359,H2,3406,56.920998245126285,263.8301239584937,0.0,0.0
3360,Li-Ion,3407,0.0,9.770324381780721,0.0,0.0
3360,H2,3407,56.920998245126285,264.33784562335273,0.0,0.0
3361,Li-Ion,3408,0.0,15.128244204047569,0.0,0.0
3361,H2,3408,56.920998245126285,266.563848240594,0.0,0.0
3362,Li-Ion,3409,0.0,16.18128491498018,0.0,0.0
3362,H2,3409,56.920998245126285,268.21923171813194,0.0,0.0
3363,Li-Ion,3410,0.0,0.0,0.0,0.0
3363,H2,3410,56.920998245126285,272.363157435369,0.0,0.0
3364,Li-Ion,3411,0.0,0.0,0.0,0.0
3364,H2,3411,56.920998245126285,269.13256012337007,0.0,0.0
3365,Li-Ion,3412,0.0,0.0,0.0,0.0
3365,H2,3412,56.920998245126285,267.65150294020174,0.0,0.0
3366,Li-Ion,3413,0.0,0.0,0.0,0.0
3366,H2,3413,56.920998245126285,266.97055727596563,0.0,0.0
3367,Li-Ion,3414,0.0,0.0,0.0,0.0
3367,H2,3414,56.920998245126285,263.2088678019295,0.0,0.0
3368,Li-Ion,3415,0.0,0.0,0.0,0.0
3368,H2,3415,56.920998245126285,263.00652838694884,0.0,0.0
3369,Li-Ion,3416,0.0,0.0,0.0,0.0
3369,H2,3416,56.920998245126285,263.01156905753913,0.0,0.0
3370,Li-Ion,3417,0.0,0.0,0.0,0.0
3370,H2,3417,56.920998245126285,262.90129564765715,0.0,0.0
3371,Li-Ion,3418,0.0,0.0,0.0,0.0
3371,H2,3418,56.920998245126285,269.1945964551787,0.0,0.0
3372,Li-Ion,3419,0.0,0.0,0.0,0.0
3372,H2,3419,56.920998245126285,271.7314860878676,0.0,0.0
3373,Li-Ion,3420,0.0,4.412404559513875,0.0,0.0
3373,H2,3420,56.920998245126285,271.8891642203638,0.0,0.0
3374,Li-Ion,3421,0.0,9.770324381780721,0.0,0.0
3374,H2,3421,56.920998245126285,270.95650102093975,0.0,0.0
3375,Li-Ion,3422,0.0,15.128244204047569,0.0,0.0
3375,H2,3422,56.920998245126285,269.5596936946177,0.0,0.0
3376,Li-Ion,3423,0.0,16.18128491498018,0.0,0.0
3376,H2,3423,56.920998245126285,266.97203983263387,0.0,0.0
3377,Li-Ion,3424,0.0,15.235769652227205,0.0,0.0
3377,H2,3424,56.920998245126285,274.4694096973505,0.0,0.0
3378,Li-Ion,3425,0.0,16.18128491498018,0.0,0.0
3378,H2,3425,56.920998245126285,273.09875180990343,0.0,0.0
3379,Li-Ion,3426,0.0,16.18128491498018,0.0,0.0
3379,H2,3426,56.920998245126285,258.87066059008407,0.0,0.0
3380,Li-Ion,3427,0.0,16.18128491498018,0.0,0.0
3380,H2,3427,56.920998245126285,255.96904540494606,0.0,0.0
3381,Li-Ion,3428,0.0,16.18128491498018,0.0,0.0
3381,H2,3428,56.920998245126285,253.12617043756532,0.0,0.0
3382,Li-Ion,3429,0.0,16.18128491498018,0.0,0.0
3382,H2,3429,56.920998245126285,245.91278741072972,0.0,0.0
3383,Li-Ion,3430,0.0,16.18128491498018,0.0,0.0
3383,H2,3430,56.920998245126285,247.01754245812953,0.0,0.0
3384,Li-Ion,3431,0.0,16.18128491498018,0.0,0.0
3384,H2,3431,56.920998245126285,248.99572596820786,0.0,0.0
3385,Li-Ion,3432,0.0,16.18128491498018,0.0,0.0
3385,H2,3432,56.920998245126285,250.22626523701186,0.0,0.0
3386,Li-Ion,3433,0.0,16.18128491498018,0.0,0.0
3386,H2,3433,56.920998245126285,251.2795522444554,0.0,0.0
3387,Li-Ion,3434,0.0,0.0,0.0,0.0
3387,H2,3434,56.920998245126285,251.88061506979588,0.0,0.0
3388,Li-Ion,3435,0.0,0.0,0.0,0.0
3388,H2,3435,56.920998245126285,248.06169869530888,0.0,0.0
3389,Li-Ion,3436,0.0,0.0,0.0,0.0
3389,H2,3436,56.920998245126285,249.3732470839593,0.0,0.0
3390,Li-Ion,3437,0.0,0.0,0.0,0.0
3390,H2,3437,56.920998245126285,248.38113323874893,0.0,0.0
3391,Li-Ion,3438,0.0,0.0,0.0,0.0
3391,H2,3438,56.920998245126285,248.27036497686856,0.0,0.0
3392,Li-Ion,3439,0.0,0.0,0.0,0.0
3392,H2,3439,56.920998245126285,248.13678404394773,0.0,0.0
3393,Li-Ion,3440,0.0,0.0,0.0,0.0
3393,H2,3440,56.920998245126285,247.99335577839315,0.0,0.0
3394,Li-Ion,3441,0.0,0.0,0.0,0.0
3394,H2,3441,56.920998245126285,251.57032541951747,0.0,0.0
3395,Li-Ion,3442,0.0,4.412404559513875,0.0,0.0
3395,H2,3442,56.920998245126285,251.82302005108016,0.0,0.0
3396,Li-Ion,3443,0.0,9.770324381780721,0.0,0.0
3396,H2,3443,56.920998245126285,252.62693129122204,0.0,0.0
3397,Li-Ion,3444,0.0,15.128244204047569,0.0,0.0
3397,H2,3444,56.920998245126285,251.8102857345942,0.0,0.0
3398,Li-Ion,3445,0.0,16.18128491498018,0.0,0.0
3398,H2,3445,56.920998245126285,250.85197013879076,0.0,0.0
3399,Li-Ion,3446,0.0,16.18128491498018,0.0,0.0
3399,H2,3446,56.920998245126285,249.97473534219415,0.0,0.0
3400,Li-Ion,3447,0.0,16.18128491498018,0.0,0.0
3400,H2,3447,56.920998245126285,248.53919209627364,0.0,0.0
3401,Li-Ion,3448,0.0,16.18128491498018,0.0,0.0
3401,H2,3448,56.920998245126285,242.7048433963317,0.0,0.0
3402,Li-Ion,3449,0.0,16.18128491498018,0.0,0.0
3402,H2,3449,56.920998245126285,242.27286994339738,0.0,0.0
3403,Li-Ion,3450,0.0,16.18128491498018,0.0,0.0
3403,H2,3450,56.920998245126285,242.18136627702276,0.0,0.0
3404,Li-Ion,3451,0.0,16.18128491498018,0.0,0.0
3404,H2,3451,56.920998245126285,239.81237759068424,0.0,0.0
3405,Li-Ion,3452,0.0,16.18128491498018,0.0,0.0
3405,H2,3452,56.920998245126285,237.59612772486884,0.0,0.0
3406,Li-Ion,3453,0.0,0.0,0.0,0.0
3406,H2,3453,56.920998245126285,234.8749301044422,0.0,0.0
3407,Li-Ion,3454,0.0,0.0,0.0,0.0
3407,H2,3454,56.920998245126285,232.90306335323575,0.0,0.0
3408,Li-Ion,3455,0.0,0.0,0.0,0.0
3408,H2,3455,56.920998245126285,231.5898337443733,0.0,0.0
3409,Li-Ion,3456,0.0,0.0,0.0,0.0
3409,H2,3456,56.920998245126285,231.35532390524216,0.0,0.0
3410,Li-Ion,3457,0.0,0.0,0.0,0.0
3410,H2,3457,56.920998245126285,232.17935263680772,0.0,0.0
3411,Li-Ion,3458,0.0,0.0,0.0,0.0
3411,H2,3458,56.920998245126285,230.48416708064255,0.0,0.0
3412,Li-Ion,3459,0.0,0.0,0.0,0.0
3412,H2,3459,56.920998245126285,235.32798739040942,0.0,0.0
3413,Li-Ion,3460,0.0,0.0,0.0,0.0
3413,H2,3460,56.920998245126285,238.71664482380956,0.0,0.0
3414,Li-Ion,3461,0.0,0.0,0.0,0.0
3414,H2,3461,56.920998245126285,239.8325560620626,0.0,0.0
3415,Li-Ion,3462,0.0,0.0,0.0,0.0
3415,H2,3462,56.920998245126285,237.9128562966794,0.0,0.0
3416,Li-Ion,3463,0.0,0.0,0.0,0.0
3416,H2,3463,56.920998245126285,235.74816138582636,0.0,0.0
3417,Li-Ion,3464,0.0,0.0,0.0,0.0
3417,H2,3464,56.920998245126285,235.30059790402737,0.0,0.0
3418,Li-Ion,3465,0.0,0.0,0.0,0.0
3418,H2,3465,56.920998245126285,234.7715109041492,0.0,0.0
3419,Li-Ion,3466,0.0,0.0,0.0,0.0
3419,H2,3466,56.920998245126285,237.7961502431424,0.0,0.0
3420,Li-Ion,3467,0.0,4.412404559513875,0.0,0.0
3420,H2,3467,56.920998245126285,238.77393616851577,0.0,0.0
3421,Li-Ion,3468,0.0,3.466889296760902,0.0,0.0
3421,H2,3468,56.920998245126285,251.25143000057193,0.0,0.0
3422,Li-Ion,3469,0.0,8.824809119027748,0.0,0.0
3422,H2,3469,56.920998245126285,259.4599754825072,0.0,0.0
3423,Li-Ion,3470,0.0,16.18128491498018,0.0,0.0
3423,H2,3470,56.920998245126285,255.95073271746514,0.0,0.0
3424,Li-Ion,3471,0.0,16.18128491498018,0.0,0.0
3424,H2,3471,56.920998245126285,241.01387230354288,0.0,0.0
3425,Li-Ion,3472,0.0,0.0,0.0,0.0
3425,H2,3472,56.920998245126285,239.51158423445946,0.0,0.0
3426,Li-Ion,3473,0.0,0.0,0.0,0.0
3426,H2,3473,56.920998245126285,240.04190424749316,0.0,0.0
3427,Li-Ion,3474,0.0,0.0,0.0,0.0
3427,H2,3474,56.920998245126285,244.4402188012514,0.0,0.0
3428,Li-Ion,3475,0.0,4.412404559513875,0.0,0.0
3428,H2,3475,56.920998245126285,246.81000821163985,0.0,0.0
3429,Li-Ion,3476,0.0,0.0,0.0,0.0
3429,H2,3476,56.920998245126285,245.25399467482498,0.0,0.0
3430,Li-Ion,3477,0.0,0.0,0.0,0.0
3430,H2,3477,56.920998245126285,243.6345267502985,0.0,0.0
3431,Li-Ion,3478,0.0,0.0,0.0,0.0
3431,H2,3478,56.920998245126285,243.36170513964,0.0,0.0
3432,Li-Ion,3479,0.0,0.0,0.0,0.0
3432,H2,3479,56.920998245126285,243.97847076139374,0.0,0.0
3433,Li-Ion,3480,0.0,0.0,0.0,0.0
3433,H2,3480,56.920998245126285,244.1049395612618,0.0,0.0
3434,Li-Ion,3481,0.0,0.0,0.0,0.0
3434,H2,3481,56.920998245126285,245.13561346113417,0.0,0.0
3435,Li-Ion,3482,0.0,0.0,0.0,0.0
3435,H2,3482,56.920998245126285,244.47746215276752,0.0,0.0
3436,Li-Ion,3483,0.0,0.0,0.0,0.0
3436,H2,3483,56.920998245126285,250.21171138948728,0.0,0.0
3437,Li-Ion,3484,0.0,0.0,0.0,0.0
3437,H2,3484,56.920998245126285,252.13754708976666,0.0,0.0
3438,Li-Ion,3485,0.0,0.0,0.0,0.0
3438,H2,3485,56.920998245126285,254.76687160672472,0.0,0.0
3439,Li-Ion,3486,0.0,0.0,0.0,0.0
3439,H2,3486,56.920998245126285,254.2131426026353,0.0,0.0
3440,Li-Ion,3487,0.0,0.0,0.0,0.0
3440,H2,3487,56.920998245126285,254.9167000504913,0.0,0.0
3441,Li-Ion,3488,0.0,0.0,0.0,0.0
3441,H2,3488,56.920998245126285,255.83696838639858,0.0,0.0
3442,Li-Ion,3489,0.0,0.0,0.0,0.0
3442,H2,3489,56.920998245126285,261.8029479832046,0.0,0.0
3443,Li-Ion,3490,0.0,0.0,0.0,0.0
3443,H2,3490,56.920998245126285,261.73343163340115,0.0,0.0
3444,Li-Ion,3491,0.0,0.0,0.0,0.0
3444,H2,3491,56.920998245126285,260.632905062926,0.0,0.0
3445,Li-Ion,3492,0.0,0.0,0.0,0.0
3445,H2,3492,56.920998245126285,257.2771549287848,0.0,0.0
3446,Li-Ion,3493,0.0,0.0,0.0,0.0
3446,H2,3493,56.920998245126285,259.16994254683385,0.0,0.0
3447,Li-Ion,3494,0.0,0.0,0.0,0.0
3447,H2,3494,56.920998245126285,257.69656781485287,0.0,0.0
3448,Li-Ion,3495,0.0,0.0,0.0,0.0
3448,H2,3495,56.920998245126285,260.189060233639,0.0,0.0
3449,Li-Ion,3496,0.0,4.412404559513875,0.0,0.0
3449,H2,3496,56.920998245126285,263.3310177413681,0.0,0.0
3450,Li-Ion,3497,0.0,3.466889296760902,0.0,0.0
3450,H2,3497,56.920998245126285,274.7284103403725,0.0,0.0
3451,Li-Ion,3498,0.0,15.128244204047569,0.0,0.0
3451,H2,3498,56.920998245126285,279.4907070164311,0.0,0.0
3452,Li-Ion,3499,0.0,16.18128491498018,0.0,0.0
3452,H2,3499,56.920998245126285,268.4124229589797,0.0,0.0
3453,Li-Ion,3500,0.0,0.0,0.0,0.0
3453,H2,3500,56.920998245126285,256.9037206607152,0.0,0.0
3454,Li-Ion,3501,0.0,0.0,0.0,0.0
3454,H2,3501,56.920998245126285,254.03804904179256,0.0,0.0
3455,Li-Ion,3502,0.0,0.0,0.0,0.0
3455,H2,3502,56.920998245126285,251.59129221171457,0.0,0.0
3456,Li-Ion,3503,0.0,0.0,0.0,0.0
3456,H2,3503,56.920998245126285,249.15433072300067,0.0,0.0
3457,Li-Ion,3504,0.0,0.0,0.0,0.0
3457,H2,3504,56.920998245126285,245.3668379491101,0.0,0.0
3458,Li-Ion,3505,0.0,0.0,0.0,0.0
3458,H2,3505,56.920998245126285,242.27341756274578,0.0,0.0
3459,Li-Ion,3506,0.0,0.0,0.0,0.0
3459,H2,3506,56.920998245126285,240.41439520550895,0.0,0.0
3460,Li-Ion,3507,0.0,0.0,0.0,0.0
3460,H2,3507,56.920998245126285,235.96156040944922,0.0,0.0
3461,Li-Ion,3508,0.0,0.0,0.0,0.0
3461,H2,3508,56.920998245126285,234.16378349407213,0.0,0.0
3462,Li-Ion,3509,0.0,0.0,0.0,0.0
3462,H2,3509,56.920998245126285,233.00124321469968,0.0,0.0
3463,Li-Ion,3510,0.0,0.0,0.0,0.0
3463,H2,3510,56.920998245126285,232.70170245015441,0.0,0.0
3464,Li-Ion,3511,0.0,0.0,0.0,0.0
3464,H2,3511,56.920998245126285,232.43389988153527,0.0,0.0
3465,Li-Ion,3512,0.0,0.0,0.0,0.0
3465,H2,3512,56.920998245126285,232.4355316168079,0.0,0.0
3466,Li-Ion,3513,0.0,0.0,0.0,0.0
3466,H2,3513,56.920998245126285,232.2395827071899,0.0,0.0
3467,Li-Ion,3514,0.0,0.0,0.0,0.0
3467,H2,3514,56.920998245126285,232.29382363030044,0.0,0.0
3468,Li-Ion,3515,0.0,0.0,0.0,0.0
3468,H2,3515,56.920998245126285,234.92376490873406,0.0,0.0
3469,Li-Ion,3516,0.0,0.0,0.0,0.0
3469,H2,3516,56.920998245126285,246.7260711647184,0.0,0.0
3470,Li-Ion,3517,0.0,4.412404559513875,0.0,0.0
3470,H2,3517,56.920998245126285,260.3453722115978,0.0,0.0
3471,Li-Ion,3518,0.0,15.128244204047569,0.0,0.0
3471,H2,3518,56.920998245126285,260.9281607389286,0.0,0.0
3472,Li-Ion,3519,0.0,16.18128491498018,0.0,0.0
3472,H2,3519,56.920998245126285,241.66761220452247,0.0,0.0
3473,Li-Ion,3520,0.0,0.0,0.0,0.0
3473,H2,3520,56.920998245126285,238.45488160614002,0.0,0.0
3474,Li-Ion,3521,0.0,0.0,0.0,0.0
3474,H2,3521,56.920998245126285,238.65101239117905,0.0,0.0
3475,Li-Ion,3522,0.0,0.0,0.0,0.0
3475,H2,3522,56.920998245126285,238.91142595649399,0.0,0.0
3476,Li-Ion,3523,0.0,0.0,0.0,0.0
3476,H2,3523,56.920998245126285,237.15314993211342,0.0,0.0
3477,Li-Ion,3524,0.0,0.0,0.0,0.0
3477,H2,3524,56.920998245126285,235.2228482842691,0.0,0.0
3478,Li-Ion,3525,0.0,0.0,0.0,0.0
3478,H2,3525,56.920998245126285,234.69140150237672,0.0,0.0
3479,Li-Ion,3526,0.0,0.0,0.0,0.0
3479,H2,3526,56.920998245126285,231.52579080155448,0.0,0.0
3480,Li-Ion,3527,0.0,0.0,0.0,0.0
3480,H2,3527,56.920998245126285,230.9611112582737,0.0,0.0
3481,Li-Ion,3528,0.0,0.0,0.0,0.0
3481,H2,3528,56.920998245126285,231.19409823703992,0.0,0.0
3482,Li-Ion,3529,0.0,0.0,0.0,0.0
3482,H2,3529,56.920998245126285,233.29934216951062,0.0,0.0
3483,Li-Ion,3530,0.0,0.0,0.0,0.0
3483,H2,3530,56.920998245126285,235.26723942305046,0.0,0.0
3484,Li-Ion,3531,0.0,0.0,0.0,0.0
3484,H2,3531,56.920998245126285,235.92102361561044,0.0,0.0
3485,Li-Ion,3532,0.0,0.0,0.0,0.0
3485,H2,3532,56.920998245126285,238.39262472794573,0.0,0.0
3486,Li-Ion,3533,0.0,0.0,0.0,0.0
3486,H2,3533,56.920998245126285,241.09721216108247,0.0,0.0
3487,Li-Ion,3534,0.0,0.0,0.0,0.0
3487,H2,3534,56.920998245126285,240.0521223726126,0.0,0.0
3488,Li-Ion,3535,0.0,0.0,0.0,0.0
3488,H2,3535,56.920998245126285,239.46427925594153,0.0,0.0
3489,Li-Ion,3536,0.0,0.0,0.0,0.0
3489,H2,3536,56.920998245126285,239.21094919258545,0.0,0.0
3490,Li-Ion,3537,0.0,0.0,0.0,0.0
3490,H2,3537,56.920998245126285,234.0709298830765,0.0,0.0
3491,Li-Ion,3538,0.0,0.0,0.0,0.0
3491,H2,3538,56.920998245126285,237.2168931667797,0.0,0.0
3492,Li-Ion,3539,0.0,4.412404559513875,0.0,0.0
3492,H2,3539,56.920998245126285,238.16195584292564,0.0,0.0
3493,Li-Ion,3540,0.0,9.770324381780721,0.0,0.0
3493,H2,3540,56.920998245126285,238.2928551643906,0.0,0.0
3494,Li-Ion,3541,0.0,15.128244204047569,0.0,0.0
3494,H2,3541,56.920998245126285,241.03654927917313,0.0,0.0
3495,Li-Ion,3542,0.0,16.18128491498018,0.0,0.0
3495,H2,3542,56.920998245126285,240.45692339216302,0.0,0.0
3496,Li-Ion,3543,0.0,0.0,0.0,0.0
3496,H2,3543,56.920998245126285,236.9151776934815,0.0,0.0
3497,Li-Ion,3544,0.0,0.0,0.0,0.0
3497,H2,3544,56.920998245126285,236.8058387811035,0.0,0.0
3498,Li-Ion,3545,0.0,0.0,0.0,0.0
3498,H2,3545,56.920998245126285,238.64079353467588,0.0,0.0
3499,Li-Ion,3546,0.0,0.0,0.0,0.0
3499,H2,3546,56.920998245126285,238.8374049859192,0.0,0.0
3500,Li-Ion,3547,0.0,0.0,0.0,0.0
3500,H2,3547,56.920998245126285,239.08446741495288,0.0,0.0
3501,Li-Ion,3548,0.0,0.0,0.0,0.0
3501,H2,3548,56.920998245126285,237.8983397183108,0.0,0.0
3502,Li-Ion,3549,0.0,0.0,0.0,0.0
3502,H2,3549,56.920998245126285,240.26786944556792,0.0,0.0
3503,Li-Ion,3550,0.0,0.0,0.0,0.0
3503,H2,3550,56.920998245126285,239.48575751183944,0.0,0.0
3504,Li-Ion,3551,0.0,0.0,0.0,0.0
3504,H2,3551,56.920998245126285,239.20665615414165,0.0,0.0
3505,Li-Ion,3552,0.0,0.0,0.0,0.0
3505,H2,3552,56.920998245126285,235.67181206992385,0.0,0.0
3506,Li-Ion,3553,0.0,0.0,0.0,0.0
3506,H2,3553,56.920998245126285,232.794950827957,0.0,0.0
3507,Li-Ion,3554,0.0,0.0,0.0,0.0
3507,H2,3554,56.920998245126285,230.68448866237304,0.0,0.0
3508,Li-Ion,3555,0.0,0.0,0.0,0.0
3508,H2,3555,56.920998245126285,229.0976301001142,0.0,0.0
3509,Li-Ion,3556,0.0,0.0,0.0,0.0
3509,H2,3556,56.920998245126285,227.50637522229684,0.0,0.0
3510,Li-Ion,3557,0.0,0.0,0.0,0.0
3510,H2,3557,56.920998245126285,226.09222995089084,0.0,0.0
3511,Li-Ion,3558,0.0,0.0,0.0,0.0
3511,H2,3558,56.920998245126285,225.67775365217005,0.0,0.0
3512,Li-Ion,3559,0.0,0.0,0.0,0.0
3512,H2,3559,56.920998245126285,223.895284314767,0.0,0.0
3513,Li-Ion,3560,0.0,0.0,0.0,0.0
3513,H2,3560,56.920998245126285,224.08897580608198,0.0,0.0
3514,Li-Ion,3561,0.0,0.0,0.0,0.0
3514,H2,3561,56.920998245126285,224.07322133877895,0.0,0.0
3515,Li-Ion,3562,0.0,0.0,0.0,0.0
3515,H2,3562,56.920998245126285,227.3675207429654,0.0,0.0
3516,Li-Ion,3563,0.0,4.412404559513875,0.0,0.0
3516,H2,3563,56.920998245126285,230.78742916410775,0.0,0.0
3517,Li-Ion,3564,0.0,9.770324381780721,0.0,0.0
3517,H2,3564,56.920998245126285,233.56145385611347,0.0,0.0
3518,Li-Ion,3565,0.0,15.128244204047569,0.0,0.0
3518,H2,3565,56.920998245126285,233.68872920737985,0.0,0.0
3519,Li-Ion,3566,0.0,16.18128491498018,0.0,0.0
3519,H2,3566,56.920998245126285,237.81686547571258,0.0,0.0
3520,Li-Ion,3567,0.0,16.18128491498018,0.0,0.0
3520,H2,3567,56.920998245126285,233.11858319436215,0.0,0.0
3521,Li-Ion,3568,0.0,16.18128491498018,0.0,0.0
3521,H2,3568,56.920998245126285,234.32657719324425,0.0,0.0
3522,Li-Ion,3569,0.0,16.18128491498018,0.0,0.0
3522,H2,3569,56.920998245126285,234.43485113582952,0.0,0.0
3523,Li-Ion,3570,0.0,16.18128491498018,0.0,0.0
3523,H2,3570,56.920998245126285,232.3710949511822,0.0,0.0
3524,Li-Ion,3571,0.0,16.18128491498018,0.0,0.0
3524,H2,3571,56.920998245126285,225.93422437868,0.0,0.0
3525,Li-Ion,3572,0.0,16.18128491498018,0.0,0.0
3525,H2,3572,56.920998245126285,220.9534241819794,0.0,0.0
3526,Li-Ion,3573,0.0,16.18128491498018,0.0,0.0
3526,H2,3573,56.920998245126285,218.72096986978687,0.0,0.0
3527,Li-Ion,3574,0.0,16.18128491498018,0.0,0.0
3527,H2,3574,56.920998245126285,215.85188285885312,0.0,0.0
3528,Li-Ion,3575,0.0,16.18128491498018,0.0,0.0
3528,H2,3575,56.920998245126285,217.23708797829295,0.0,0.0
3529,Li-Ion,3576,0.0,16.18128491498018,0.0,0.0
3529,H2,3576,56.920998245126285,214.5906331495321,0.0,0.0
3530,Li-Ion,3577,0.0,16.18128491498018,0.0,0.0
3530,H2,3577,56.920998245126285,217.80859992860064,0.0,0.0
3531,Li-Ion,3578,0.0,0.0,0.0,0.0
3531,H2,3578,56.920998245126285,213.57899721972728,0.0,0.0
3532,Li-Ion,3579,0.0,0.0,0.0,0.0
3532,H2,3579,56.920998245126285,214.4061399640501,0.0,0.0
3533,Li-Ion,3580,0.0,0.0,0.0,0.0
3533,H2,3580,56.920998245126285,215.33640624935032,0.0,0.0
3534,Li-Ion,3581,0.0,0.0,0.0,0.0
3534,H2,3581,56.920998245126285,216.71296320794846,0.0,0.0
3535,Li-Ion,3582,0.0,0.0,0.0,0.0
3535,H2,3582,56.920998245126285,216.59744390587957,0.0,0.0
3536,Li-Ion,3583,0.0,0.0,0.0,0.0
3536,H2,3583,56.920998245126285,216.8494521371737,0.0,0.0
3537,Li-Ion,3584,0.0,0.0,0.0,0.0
3537,H2,3584,56.920998245126285,216.7502805037757,0.0,0.0
3538,Li-Ion,3585,0.0,0.0,0.0,0.0
3538,H2,3585,56.920998245126285,220.39085563630587,0.0,0.0
3539,Li-Ion,3586,0.0,0.0,0.0,0.0
3539,H2,3586,56.920998245126285,220.38236808306598,0.0,0.0
3540,Li-Ion,3587,0.0,0.0,0.0,0.0
3540,H2,3587,56.920998245126285,226.91394470067064,0.0,0.0
3541,Li-Ion,3588,0.0,4.412404559513875,0.0,0.0
3541,H2,3588,56.920998245126285,227.29905654697527,0.0,0.0
3542,Li-Ion,3589,0.0,9.770324381780721,0.0,0.0
3542,H2,3589,56.920998245126285,226.9529895289571,0.0,0.0
3543,Li-Ion,3590,0.0,15.128244204047569,0.0,0.0
3543,H2,3590,56.920998245126285,226.54975995148772,0.0,0.0
3544,Li-Ion,3591,0.0,16.18128491498018,0.0,0.0
3544,H2,3591,56.920998245126285,226.05493939233526,0.0,0.0
3545,Li-Ion,3592,0.0,16.18128491498018,0.0,0.0
3545,H2,3592,56.920998245126285,225.64474770792418,0.0,0.0
3546,Li-Ion,3593,0.0,16.18128491498018,0.0,0.0
3546,H2,3593,56.920998245126285,225.40730492753278,0.0,0.0
3547,Li-Ion,3594,0.0,16.18128491498018,0.0,0.0
3547,H2,3594,56.920998245126285,221.7945608146734,0.0,0.0
3548,Li-Ion,3595,0.0,16.18128491498018,0.0,0.0
3548,H2,3595,56.920998245126285,213.5368798624544,0.0,0.0
3549,Li-Ion,3596,0.0,16.18128491498018,0.0,0.0
3549,H2,3596,56.920998245126285,210.074343938453,0.0,0.0
3550,Li-Ion,3597,0.0,0.0,0.0,0.0
3550,H2,3597,56.920998245126285,205.17899783599495,0.0,0.0
3551,Li-Ion,3598,0.0,0.0,0.0,0.0
3551,H2,3598,56.920998245126285,198.01715958345528,0.0,0.0
3552,Li-Ion,3599,0.0,0.0,0.0,0.0
3552,H2,3599,56.920998245126285,196.49932253164266,0.0,0.0
3553,Li-Ion,3600,0.0,0.0,0.0,0.0
3553,H2,3600,56.920998245126285,194.75060478859325,0.0,0.0
3554,Li-Ion,3601,0.0,0.0,0.0,0.0
3554,H2,3601,56.920998245126285,193.2244640518949,0.0,0.0
3555,Li-Ion,3602,0.0,0.0,0.0,0.0
3555,H2,3602,56.920998245126285,188.15642542897683,0.0,0.0
3556,Li-Ion,3603,0.0,0.0,0.0,0.0
3556,H2,3603,56.920998245126285,187.92107833365912,0.0,0.0
3557,Li-Ion,3604,0.0,0.0,0.0,0.0
3557,H2,3604,56.920998245126285,187.1288824341031,0.0,0.0
3558,Li-Ion,3605,0.0,0.0,0.0,0.0
3558,H2,3605,56.920998245126285,187.09744102565801,0.0,0.0
3559,Li-Ion,3606,0.0,0.0,0.0,0.0
3559,H2,3606,56.920998245126285,185.57882042491534,0.0,0.0
3560,Li-Ion,3607,0.0,0.0,0.0,0.0
3560,H2,3607,56.920998245126285,181.57890266442698,0.0,0.0
3561,Li-Ion,3608,0.0,0.0,0.0,0.0
3561,H2,3608,56.920998245126285,181.73771857307597,0.0,0.0
3562,Li-Ion,3609,0.0,0.0,0.0,0.0
3562,H2,3609,56.920998245126285,181.85517821448528,0.0,0.0
3563,Li-Ion,3610,0.0,0.0,0.0,0.0
3563,H2,3610,56.920998245126285,181.95112171869476,0.0,0.0
3564,Li-Ion,3611,0.0,0.0,0.0,0.0
3564,H2,3611,56.920998245126285,181.85206653326765,0.0,0.0
3565,Li-Ion,3612,0.0,0.0,0.0,0.0
3565,H2,3612,56.920998245126285,190.70981496972485,0.0,0.0
3566,Li-Ion,3613,0.0,4.412404559513875,0.0,0.0
3566,H2,3613,56.920998245126285,203.74436298528568,0.0,0.0
3567,Li-Ion,3614,0.0,15.128244204047569,0.0,0.0
3567,H2,3614,56.920998245126285,212.40672693423176,0.0,0.0
3568,Li-Ion,3615,0.0,15.128244204047569,0.0,0.0
3568,H2,3615,56.920998245126285,215.30283568374378,0.0,0.0
3569,Li-Ion,3616,0.0,0.0,0.0,0.0
3569,H2,3616,56.920998245126285,184.66534258174923,0.0,0.0
3570,Li-Ion,3617,0.0,0.0,0.0,0.0
3570,H2,3617,56.920998245126285,184.58982106666912,0.0,0.0
3571,Li-Ion,3618,0.0,0.0,0.0,0.0
3571,H2,3618,56.920998245126285,185.21110445403568,0.0,0.0
3572,Li-Ion,3619,0.0,0.0,0.0,0.0
3572,H2,3619,56.920998245126285,188.0428425122768,0.0,0.0
3573,Li-Ion,3620,0.0,0.0,0.0,0.0
3573,H2,3620,56.920998245126285,186.1909401681123,0.0,0.0
3574,Li-Ion,3621,0.0,0.0,0.0,0.0
3574,H2,3621,56.920998245126285,188.0857052031662,0.0,0.0
3575,Li-Ion,3622,0.0,0.0,0.0,0.0
3575,H2,3622,56.920998245126285,189.5409006650265,0.0,0.0
3576,Li-Ion,3623,0.0,0.0,0.0,0.0
3576,H2,3623,56.920998245126285,190.89742808103884,0.0,0.0
3577,Li-Ion,3624,0.0,0.0,0.0,0.0
3577,H2,3624,56.920998245126285,193.1675832396821,0.0,0.0
3578,Li-Ion,3625,0.0,0.0,0.0,0.0
3578,H2,3625,56.920998245126285,194.71066257635852,0.0,0.0
3579,Li-Ion,3626,0.0,0.0,0.0,0.0
3579,H2,3626,56.920998245126285,195.72485532970958,0.0,0.0
3580,Li-Ion,3627,0.0,0.0,0.0,0.0
3580,H2,3627,56.920998245126285,194.70208661818626,0.0,0.0
3581,Li-Ion,3628,0.0,0.0,0.0,0.0
3581,H2,3628,56.920998245126285,194.914653339999,0.0,0.0
3582,Li-Ion,3629,0.0,0.0,0.0,0.0
3582,H2,3629,56.920998245126285,193.29020228688924,0.0,0.0
3583,Li-Ion,3630,0.0,0.0,0.0,0.0
3583,H2,3630,56.920998245126285,189.55945462086302,0.0,0.0
3584,Li-Ion,3631,0.0,0.0,0.0,0.0
3584,H2,3631,56.920998245126285,189.52496049614595,0.0,0.0
3585,Li-Ion,3632,0.0,0.0,0.0,0.0
3585,H2,3632,56.920998245126285,189.16637383856488,0.0,0.0
3586,Li-Ion,3633,0.0,0.0,0.0,0.0
3586,H2,3633,56.920998245126285,188.97964134273195,0.0,0.0
3587,Li-Ion,3634,0.0,0.0,0.0,0.0
3587,H2,3634,56.920998245126285,191.82069781444176,0.0,0.0
3588,Li-Ion,3635,0.0,4.412404559513875,0.0,0.0
3588,H2,3635,56.920998245126285,194.6745142625266,0.0,0.0
3589,Li-Ion,3636,0.0,9.770324381780721,0.0,0.0
3589,H2,3636,56.920998245126285,195.21390909483296,0.0,0.0
3590,Li-Ion,3637,0.0,15.128244204047569,0.0,0.0
3590,H2,3637,56.920998245126285,194.4116202787823,0.0,0.0
3591,Li-Ion,3638,0.0,16.18128491498018,0.0,0.0
3591,H2,3638,56.920998245126285,195.6181984630054,0.0,0.0
3592,Li-Ion,3639,0.0,0.0,0.0,0.0
3592,H2,3639,56.920998245126285,192.01509297245423,0.0,0.0
3593,Li-Ion,3640,0.0,0.0,0.0,0.0
3593,H2,3640,56.920998245126285,192.06185403000376,0.0,0.0
3594,Li-Ion,3641,0.0,0.0,0.0,0.0
3594,H2,3641,56.920998245126285,194.30039827930645,0.0,0.0
3595,Li-Ion,3642,0.0,0.0,0.0,0.0
3595,H2,3642,56.920998245126285,191.78758468867912,0.0,0.0
3596,Li-Ion,3643,0.0,0.0,0.0,0.0
3596,H2,3643,56.920998245126285,191.60590320373447,0.0,0.0
3597,Li-Ion,3644,0.0,0.0,0.0,0.0
3597,H2,3644,56.920998245126285,187.96410644964945,0.0,0.0
3598,Li-Ion,3645,0.0,4.412404559513875,0.0,0.0
3598,H2,3645,56.920998245126285,186.16209065780887,0.0,0.0
3599,Li-Ion,3646,0.0,9.770324381780721,0.0,0.0
3599,H2,3646,56.920998245126285,187.29403960887552,0.0,0.0
3600,Li-Ion,3647,0.0,0.0,0.0,0.0
3600,H2,3647,56.920998245126285,186.69889339522643,0.0,0.0
3601,Li-Ion,3648,0.0,0.0,0.0,0.0
3601,H2,3648,56.920998245126285,185.23688641374153,0.0,0.0
3602,Li-Ion,3649,0.0,0.0,0.0,0.0
3602,H2,3649,56.920998245126285,184.19001720923214,0.0,0.0
3603,Li-Ion,3650,0.0,4.412404559513875,0.0,0.0
3603,H2,3650,56.920998245126285,185.0366208617792,0.0,0.0
3604,Li-Ion,3651,0.0,9.770324381780721,0.0,0.0
3604,H2,3651,56.920998245126285,186.71406439831193,0.0,0.0
3605,Li-Ion,3652,0.0,15.128244204047569,0.0,0.0
3605,H2,3652,56.920998245126285,187.07402891209685,0.0,0.0
3606,Li-Ion,3653,0.0,16.18128491498018,0.0,0.0
3606,H2,3653,56.920998245126285,188.5398358391118,0.0,0.0
3607,Li-Ion,3654,0.0,0.0,0.0,0.0
3607,H2,3654,56.920998245126285,194.59455957776603,0.0,0.0
3608,Li-Ion,3655,0.0,0.0,0.0,0.0
3608,H2,3655,56.920998245126285,194.51408593587007,0.0,0.0
3609,Li-Ion,3656,0.0,0.0,0.0,0.0
3609,H2,3656,56.920998245126285,194.45459084397166,0.0,0.0
3610,Li-Ion,3657,0.0,0.0,0.0,0.0
3610,H2,3657,56.920998245126285,194.45459084397166,0.0,0.0
3611,Li-Ion,3658,0.0,0.0,0.0,0.0
3611,H2,3658,56.920998245126285,197.36724128190767,0.0,0.0
3612,Li-Ion,3659,0.0,4.412404559513875,0.0,0.0
3612,H2,3659,56.920998245126285,197.87865449795942,0.0,0.0
3613,Li-Ion,3660,0.0,9.770324381780721,0.0,0.0
3613,H2,3660,56.920998245126285,198.1620161542051,0.0,0.0
3614,Li-Ion,3661,0.0,8.824809119027748,0.0,0.0
3614,H2,3661,56.920998245126285,207.01820875005353,0.0,0.0
3615,Li-Ion,3662,0.0,16.18128491498018,0.0,0.0
3615,H2,3662,56.920998245126285,206.8566959766094,0.0,0.0
3616,Li-Ion,3663,0.0,16.18128491498018,0.0,0.0
3616,H2,3663,56.920998245126285,197.24480123919994,0.0,0.0
3617,Li-Ion,3664,0.0,16.18128491498018,0.0,0.0
3617,H2,3664,56.920998245126285,196.97063809061868,0.0,0.0
3618,Li-Ion,3665,0.0,16.18128491498018,0.0,0.0
3618,H2,3665,56.920998245126285,196.80900143029683,0.0,0.0
3619,Li-Ion,3666,0.0,16.18128491498018,0.0,0.0
3619,H2,3666,56.920998245126285,196.73561761491501,0.0,0.0
3620,Li-Ion,3667,0.0,16.18128491498018,0.0,0.0
3620,H2,3667,56.920998245126285,196.72527696696625,0.0,0.0
3621,Li-Ion,3668,0.0,16.18128491498018,0.0,0.0
3621,H2,3668,56.920998245126285,196.97661479539644,0.0,0.0
3622,Li-Ion,3669,0.0,16.18128491498018,0.0,0.0
3622,H2,3669,56.920998245126285,189.71117435371912,0.0,0.0
3623,Li-Ion,3670,0.0,16.18128491498018,0.0,0.0
3623,H2,3670,56.920998245126285,186.12496668146522,0.0,0.0
3624,Li-Ion,3671,0.0,0.0,0.0,0.0
3624,H2,3671,56.920998245126285,185.46090411551344,0.0,0.0
3625,Li-Ion,3672,0.0,0.0,0.0,0.0
3625,H2,3672,56.920998245126285,179.72073364662066,0.0,0.0
3626,Li-Ion,3673,0.0,0.0,0.0,0.0
3626,H2,3673,56.920998245126285,174.9773171563681,0.0,0.0
3627,Li-Ion,3674,0.0,0.0,0.0,0.0
3627,H2,3674,56.920998245126285,173.0179046884919,0.0,0.0
3628,Li-Ion,3675,0.0,4.412404559513875,0.0,0.0
3628,H2,3675,56.920998245126285,169.2675556211629,0.0,0.0
3629,Li-Ion,3676,0.0,0.0,0.0,0.0
3629,H2,3676,56.920998245126285,171.30567807119533,0.0,0.0
3630,Li-Ion,3677,0.0,0.0,0.0,0.0
3630,H2,3677,56.920998245126285,171.84435123574883,0.0,0.0
3631,Li-Ion,3678,0.0,0.0,0.0,0.0
3631,H2,3678,56.920998245126285,171.41540235205738,0.0,0.0
3632,Li-Ion,3679,0.0,0.0,0.0,0.0
3632,H2,3679,56.920998245126285,171.99055203701676,0.0,0.0
3633,Li-Ion,3680,0.0,0.0,0.0,0.0
3633,H2,3680,56.920998245126285,173.9101195837823,0.0,0.0
3634,Li-Ion,3681,0.0,0.0,0.0,0.0
3634,H2,3681,56.920998245126285,176.643690237823,0.0,0.0
3635,Li-Ion,3682,0.0,4.412404559513875,0.0,0.0
3635,H2,3682,56.920998245126285,176.92962040759406,0.0,0.0
3636,Li-Ion,3683,0.0,3.466889296760902,0.0,0.0
3636,H2,3683,56.920998245126285,185.70311944262903,0.0,0.0
3637,Li-Ion,3684,0.0,15.128244204047569,0.0,0.0
3637,H2,3684,56.920998245126285,187.8980816647732,0.0,0.0
3638,Li-Ion,3685,0.0,16.18128491498018,0.0,0.0
3638,H2,3685,56.920998245126285,178.109409281605,0.0,0.0
3639,Li-Ion,3686,0.0,15.235769652227205,0.0,0.0
3639,H2,3686,56.920998245126285,195.5428942327856,0.0,0.0
3640,Li-Ion,3687,0.0,16.18128491498018,0.0,0.0
3640,H2,3687,56.920998245126285,194.94944223341244,0.0,0.0
3641,Li-Ion,3688,0.0,15.235769652227205,0.0,0.0
3641,H2,3688,56.920998245126285,204.38406717419426,0.0,0.0
3642,Li-Ion,3689,0.0,20.593689474494052,0.0,0.0
3642,H2,3689,56.920998245126285,212.93180371806847,0.0,0.0
3643,Li-Ion,3690,0.0,21.539204737247026,0.0,0.0
3643,H2,3690,56.920998245126285,216.6601543776283,0.0,0.0
3644,Li-Ion,3691,0.0,16.18128491498018,0.0,0.0
3644,H2,3691,56.920998245126285,218.6544493992932,0.0,0.0
3645,Li-Ion,3692,0.0,16.18128491498018,0.0,0.0
3645,H2,3692,56.920998245126285,172.07688000495372,0.0,0.0
3646,Li-Ion,3693,0.0,0.0,0.0,0.0
3646,H2,3693,56.920998245126285,168.170013768633,0.0,0.0
3647,Li-Ion,3694,0.0,0.0,0.0,0.0
3647,H2,3694,56.920998245126285,167.80107653809225,0.0,0.0
3648,Li-Ion,3695,0.0,0.0,0.0,0.0
3648,H2,3695,56.920998245126285,164.74410579281385,0.0,0.0
3649,Li-Ion,3696,0.0,4.412404559513875,0.0,0.0
3649,H2,3696,56.920998245126285,163.96148033638988,0.0,0.0
3650,Li-Ion,3697,0.0,9.770324381780721,0.0,0.0
3650,H2,3697,56.920998245126285,167.15216427879406,0.0,0.0
3651,Li-Ion,3698,0.0,0.0,0.0,0.0
3651,H2,3698,56.920998245126285,177.89326113650685,0.0,0.0
3652,Li-Ion,3699,0.0,0.0,0.0,0.0
3652,H2,3699,56.920998245126285,180.36963469834052,0.0,0.0
3653,Li-Ion,3700,0.0,0.0,0.0,0.0
3653,H2,3700,56.920998245126285,182.07122120178897,0.0,0.0
3654,Li-Ion,3701,0.0,0.0,0.0,0.0
3654,H2,3701,56.920998245126285,183.02582076970498,0.0,0.0
3655,Li-Ion,3702,0.0,0.0,0.0,0.0
3655,H2,3702,56.920998245126285,182.8157822875166,0.0,0.0
3656,Li-Ion,3703,0.0,0.0,0.0,0.0
3656,H2,3703,56.920998245126285,182.6532981367818,0.0,0.0
3657,Li-Ion,3704,0.0,0.0,0.0,0.0
3657,H2,3704,56.920998245126285,182.13252792714997,0.0,0.0
3658,Li-Ion,3705,0.0,0.0,0.0,0.0
3658,H2,3705,56.920998245126285,184.89433139614064,0.0,0.0
3659,Li-Ion,3706,0.0,4.412404559513875,0.0,0.0
3659,H2,3706,56.920998245126285,189.3425589396658,0.0,0.0
3660,Li-Ion,3707,0.0,3.466889296760902,0.0,0.0
3660,H2,3707,56.920998245126285,198.11190906641062,0.0,0.0
3661,Li-Ion,3708,0.0,8.824809119027748,0.0,0.0
3661,H2,3708,56.920998245126285,207.18021821865878,0.0,0.0
3662,Li-Ion,3709,0.0,21.539204737247026,0.0,0.0
3662,H2,3709,56.920998245126285,212.36166076128725,0.0,0.0
3663,Li-Ion,3710,0.0,21.539204737247026,0.0,0.0
3663,H2,3710,56.920998245126285,225.5931554295233,0.0,0.0
3664,Li-Ion,3711,0.0,21.539204737247026,0.0,0.0
3664,H2,3711,56.920998245126285,234.50646146440334,0.0,0.0
3665,Li-Ion,3712,0.0,21.539204737247026,0.0,0.0
3665,H2,3712,56.920998245126285,243.84968909180498,0.0,0.0
3666,Li-Ion,3713,0.0,21.539204737247026,0.0,0.0
3666,H2,3713,56.920998245126285,252.37798263091358,0.0,0.0
3667,Li-Ion,3714,0.0,21.539204737247026,0.0,0.0
3667,H2,3714,56.920998245126285,258.7629443995991,0.0,0.0
3668,Li-Ion,3715,0.0,21.539204737247026,0.0,0.0
3668,H2,3715,56.920998245126285,264.60825654053735,0.0,0.0
3669,Li-Ion,3716,0.0,16.18128491498018,0.0,0.0
3669,H2,3716,56.920998245126285,265.0124192186739,0.0,0.0
3670,Li-Ion,3717,0.0,16.18128491498018,0.0,0.0
3670,H2,3717,56.920998245126285,184.50555988302526,0.0,0.0
3671,Li-Ion,3718,0.0,16.18128491498018,0.0,0.0
3671,H2,3718,56.920998245126285,185.61423848898994,0.0,0.0
3672,Li-Ion,3719,0.0,16.18128491498018,0.0,0.0
3672,H2,3719,56.920998245126285,186.81336760245932,0.0,0.0
3673,Li-Ion,3720,0.0,16.18128491498018,0.0,0.0
3673,H2,3720,56.920998245126285,188.56383993933548,0.0,0.0
3674,Li-Ion,3721,0.0,0.0,0.0,0.0
3674,H2,3721,56.920998245126285,188.39632029909714,0.0,0.0
3675,Li-Ion,3722,0.0,0.0,0.0,0.0
3675,H2,3722,56.920998245126285,188.99259062120814,0.0,0.0
3676,Li-Ion,3723,0.0,0.0,0.0,0.0
3676,H2,3723,56.920998245126285,189.60080272386043,0.0,0.0
3677,Li-Ion,3724,0.0,0.0,0.0,0.0
3677,H2,3724,56.920998245126285,190.34604300417757,0.0,0.0
3678,Li-Ion,3725,0.0,0.0,0.0,0.0
3678,H2,3725,56.920998245126285,192.44484916980286,0.0,0.0
3679,Li-Ion,3726,0.0,0.0,0.0,0.0
3679,H2,3726,56.920998245126285,192.8561729496163,0.0,0.0
3680,Li-Ion,3727,0.0,0.0,0.0,0.0
3680,H2,3727,56.920998245126285,192.51637989047586,0.0,0.0
3681,Li-Ion,3728,0.0,0.0,0.0,0.0
3681,H2,3728,56.920998245126285,195.56550158311418,0.0,0.0
3682,Li-Ion,3729,0.0,4.412404559513875,0.0,0.0
3682,H2,3729,56.920998245126285,195.78232966145526,0.0,0.0
3683,Li-Ion,3730,0.0,3.466889296760902,0.0,0.0
3683,H2,3730,56.920998245126285,204.82062024195704,0.0,0.0
3684,Li-Ion,3731,0.0,8.824809119027748,0.0,0.0
3684,H2,3731,56.920998245126285,213.64104747746893,0.0,0.0
3685,Li-Ion,3732,0.0,21.539204737247026,0.0,0.0
3685,H2,3732,56.920998245126285,218.59379409971405,0.0,0.0
3686,Li-Ion,3733,0.0,21.539204737247026,0.0,0.0
3686,H2,3733,56.920998245126285,227.47757440586975,0.0,0.0
3687,Li-Ion,3734,0.0,21.539204737247026,0.0,0.0
3687,H2,3734,56.920998245126285,236.35968502942086,0.0,0.0
3688,Li-Ion,3735,0.0,21.539204737247026,0.0,0.0
3688,H2,3735,56.920998245126285,249.49497056212402,0.0,0.0
3689,Li-Ion,3736,0.0,21.539204737247026,0.0,0.0
3689,H2,3736,56.920998245126285,258.4478276614885,0.0,0.0
3690,Li-Ion,3737,0.0,21.539204737247026,0.0,0.0
3690,H2,3737,56.920998245126285,267.58530485520885,0.0,0.0
3691,Li-Ion,3738,0.0,16.18128491498018,0.0,0.0
3691,H2,3738,56.920998245126285,273.17404397595465,0.0,0.0
3692,Li-Ion,3739,0.0,15.235769652227205,0.0,0.0
3692,H2,3739,56.920998245126285,278.87201295159497,0.0,0.0
3693,Li-Ion,3740,0.0,16.18128491498018,0.0,0.0
3693,H2,3740,56.920998245126285,275.42713518604796,0.0,0.0
3694,Li-Ion,3741,0.0,16.18128491498018,0.0,0.0
3694,H2,3741,56.920998245126285,190.71377071009744,0.0,0.0
3695,Li-Ion,3742,0.0,16.18128491498018,0.0,0.0
3695,H2,3742,56.920998245126285,192.9655143933332,0.0,0.0
3696,Li-Ion,3743,0.0,16.18128491498018,0.0,0.0
3696,H2,3743,56.920998245126285,195.00444945401864,0.0,0.0
3697,Li-Ion,3744,0.0,16.18128491498018,0.0,0.0
3697,H2,3744,56.920998245126285,196.47403718620126,0.0,0.0
3698,Li-Ion,3745,0.0,16.18128491498018,0.0,0.0
3698,H2,3745,56.920998245126285,197.8164693715741,0.0,0.0
3699,Li-Ion,3746,0.0,16.18128491498018,0.0,0.0
3699,H2,3746,56.920998245126285,199.55790651036568,0.0,0.0
3700,Li-Ion,3747,0.0,16.18128491498018,0.0,0.0
3700,H2,3747,56.920998245126285,199.55790651036568,0.0,0.0
3701,Li-Ion,3748,0.0,16.18128491498018,0.0,0.0
3701,H2,3748,56.920998245126285,197.8164693715741,0.0,0.0
3702,Li-Ion,3749,0.0,16.18128491498018,0.0,0.0
3702,H2,3749,56.920998245126285,203.2334091856688,0.0,0.0
3703,Li-Ion,3750,0.0,16.18128491498018,0.0,0.0
3703,H2,3750,56.920998245126285,210.7510997282211,0.0,0.0
3704,Li-Ion,3751,0.0,16.18128491498018,0.0,0.0
3704,H2,3751,56.920998245126285,210.36150079593307,0.0,0.0
3705,Li-Ion,3752,0.0,16.18128491498018,0.0,0.0
3705,H2,3752,56.920998245126285,209.94495925798037,0.0,0.0
3706,Li-Ion,3753,0.0,16.18128491498018,0.0,0.0
3706,H2,3753,56.920998245126285,209.35191737024368,0.0,0.0
3707,Li-Ion,3754,0.0,16.18128491498018,0.0,0.0
3707,H2,3754,56.920998245126285,209.7862989402963,0.0,0.0
3708,Li-Ion,3755,0.0,16.18128491498018,0.0,0.0
3708,H2,3755,56.920998245126285,207.43582739783923,0.0,0.0
3709,Li-Ion,3756,0.0,15.235769652227205,0.0,0.0
3709,H2,3756,56.920998245126285,212.89882417367483,0.0,0.0
3710,Li-Ion,3757,0.0,20.593689474494052,0.0,0.0
3710,H2,3757,56.920998245126285,221.99176751335295,0.0,0.0
3711,Li-Ion,3758,0.0,21.539204737247026,0.0,0.0
3711,H2,3758,56.920998245126285,231.1012081309889,0.0,0.0
3712,Li-Ion,3759,0.0,21.539204737247026,0.0,0.0
3712,H2,3759,56.920998245126285,247.14988065528965,0.0,0.0
3713,Li-Ion,3760,0.0,21.539204737247026,0.0,0.0
3713,H2,3760,56.920998245126285,258.29549744381944,0.0,0.0
3714,Li-Ion,3761,0.0,21.539204737247026,0.0,0.0
3714,H2,3761,56.920998245126285,263.67973898105265,0.0,0.0
3715,Li-Ion,3762,0.0,16.18128491498018,0.0,0.0
3715,H2,3762,56.920998245126285,271.26264099845815,0.0,0.0
3716,Li-Ion,3763,0.0,16.18128491498018,0.0,0.0
3716,H2,3763,56.920998245126285,211.52136829463328,0.0,0.0
3717,Li-Ion,3764,0.0,16.18128491498018,0.0,0.0
3717,H2,3764,56.920998245126285,210.31492523407533,0.0,0.0
3718,Li-Ion,3765,0.0,16.18128491498018,0.0,0.0
3718,H2,3765,56.920998245126285,211.91355778417557,0.0,0.0
3719,Li-Ion,3766,0.0,16.18128491498018,0.0,0.0
3719,H2,3766,56.920998245126285,211.91355778417557,0.0,0.0
3720,Li-Ion,3767,0.0,0.0,0.0,0.0
3720,H2,3767,56.920998245126285,209.46224467089917,0.0,0.0
3721,Li-Ion,3768,0.0,0.0,0.0,0.0
3721,H2,3768,56.920998245126285,210.0568054246344,0.0,0.0
3722,Li-Ion,3769,0.0,0.0,0.0,0.0
3722,H2,3769,56.920998245126285,210.0568054246344,0.0,0.0
3723,Li-Ion,3770,0.0,0.0,0.0,0.0
3723,H2,3770,56.920998245126285,207.9718990932681,0.0,0.0
3724,Li-Ion,3771,0.0,4.412404559513875,0.0,0.0
3724,H2,3771,56.920998245126285,210.0776856578116,0.0,0.0
3725,Li-Ion,3772,0.0,9.770324381780721,0.0,0.0
3725,H2,3772,56.920998245126285,212.214066326563,0.0,0.0
3726,Li-Ion,3773,0.0,15.128244204047569,0.0,0.0
3726,H2,3773,56.920998245126285,216.04245247762458,0.0,0.0
3727,Li-Ion,3774,0.0,16.18128491498018,0.0,0.0
3727,H2,3774,56.920998245126285,219.61070334380534,0.0,0.0
3728,Li-Ion,3775,0.0,0.0,0.0,0.0
3728,H2,3775,56.920998245126285,220.6722758121983,0.0,0.0
3729,Li-Ion,3776,0.0,0.0,0.0,0.0
3729,H2,3776,56.920998245126285,220.5146362708389,0.0,0.0
3730,Li-Ion,3777,0.0,0.0,0.0,0.0
3730,H2,3777,56.920998245126285,223.4225432922847,0.0,0.0
3731,Li-Ion,3778,0.0,4.412404559513875,0.0,0.0
3731,H2,3778,56.920998245126285,223.86250168232735,0.0,0.0
3732,Li-Ion,3779,0.0,3.466889296760902,0.0,0.0
3732,H2,3779,56.920998245126285,232.65322572953323,0.0,0.0
3733,Li-Ion,3780,0.0,8.824809119027748,0.0,0.0
3733,H2,3780,56.920998245126285,241.26813653991076,0.0,0.0
3734,Li-Ion,3781,0.0,21.539204737247026,0.0,0.0
3734,H2,3781,56.920998245126285,250.46447636999753,0.0,0.0
3735,Li-Ion,3782,0.0,21.539204737247026,0.0,0.0
3735,H2,3782,56.920998245126285,259.01272636729874,0.0,0.0
3736,Li-Ion,3783,0.0,21.539204737247026,0.0,0.0
3736,H2,3783,56.920998245126285,267.32431458103457,0.0,0.0
3737,Li-Ion,3784,0.0,21.539204737247026,0.0,0.0
3737,H2,3784,56.920998245126285,280.18248972237717,0.0,0.0
3738,Li-Ion,3785,0.0,16.18128491498018,0.0,0.0
3738,H2,3785,56.920998245126285,282.53691928236833,0.0,0.0
3739,Li-Ion,3786,0.0,16.18128491498018,0.0,0.0
3739,H2,3786,56.920998245126285,226.4955263677006,0.0,0.0
3740,Li-Ion,3787,0.0,16.18128491498018,0.0,0.0
3740,H2,3787,56.920998245126285,223.89420514166943,0.0,0.0
3741,Li-Ion,3788,0.0,16.18128491498018,0.0,0.0
3741,H2,3788,56.920998245126285,226.59691621840634,0.0,0.0
3742,Li-Ion,3789,0.0,16.18128491498018,0.0,0.0
3742,H2,3789,56.920998245126285,224.98092391729358,0.0,0.0
3743,Li-Ion,3790,0.0,16.18128491498018,0.0,0.0
3743,H2,3790,56.920998245126285,224.98092391729358,0.0,0.0
3744,Li-Ion,3791,0.0,0.0,0.0,0.0
3744,H2,3791,56.920998245126285,223.98570704131808,0.0,0.0
3745,Li-Ion,3792,0.0,0.0,0.0,0.0
3745,H2,3792,56.920998245126285,223.98570704131808,0.0,0.0
3746,Li-Ion,3793,0.0,0.0,0.0,0.0
3746,H2,3793,56.920998245126285,222.3553964964008,0.0,0.0
3747,Li-Ion,3794,0.0,4.412404559513875,0.0,0.0
3747,H2,3794,56.920998245126285,221.9166119800781,0.0,0.0
3748,Li-Ion,3795,0.0,9.770324381780721,0.0,0.0
3748,H2,3795,56.920998245126285,228.41057100598604,0.0,0.0
3749,Li-Ion,3796,0.0,15.128244204047569,0.0,0.0
3749,H2,3796,56.920998245126285,230.97144403028258,0.0,0.0
3750,Li-Ion,3797,0.0,16.18128491498018,0.0,0.0
3750,H2,3797,56.920998245126285,233.37781933021486,0.0,0.0
3751,Li-Ion,3798,0.0,16.18128491498018,0.0,0.0
3751,H2,3798,56.920998245126285,237.01082099376526,0.0,0.0
3752,Li-Ion,3799,0.0,0.0,0.0,0.0
3752,H2,3799,56.920998245126285,237.1775254943924,0.0,0.0
3753,Li-Ion,3800,0.0,0.0,0.0,0.0
3753,H2,3800,56.920998245126285,236.85362604277202,0.0,0.0
3754,Li-Ion,3801,0.0,0.0,0.0,0.0
3754,H2,3801,56.920998245126285,239.4733736747126,0.0,0.0
3755,Li-Ion,3802,0.0,4.412404559513875,0.0,0.0
3755,H2,3802,56.920998245126285,239.56503880326423,0.0,0.0
3756,Li-Ion,3803,0.0,3.466889296760902,0.0,0.0
3756,H2,3803,56.920998245126285,252.48295894219626,0.0,0.0
3757,Li-Ion,3804,0.0,8.824809119027748,0.0,0.0
3757,H2,3804,56.920998245126285,260.90227655473706,0.0,0.0
3758,Li-Ion,3805,0.0,21.539204737247026,0.0,0.0
3758,H2,3805,56.920998245126285,265.9184837650664,0.0,0.0
3759,Li-Ion,3806,0.0,21.539204737247026,0.0,0.0
3759,H2,3806,56.920998245126285,278.677695341278,0.0,0.0
3760,Li-Ion,3807,0.0,21.539204737247026,0.0,0.0
3760,H2,3807,56.920998245126285,287.4141388066912,0.0,0.0
3761,Li-Ion,3808,0.0,16.18128491498018,0.0,0.0
3761,H2,3808,56.920998245126285,289.57738338390385,0.0,0.0
3762,Li-Ion,3809,0.0,16.18128491498018,0.0,0.0
3762,H2,3809,56.920998245126285,248.59768016799464,0.0,0.0
3763,Li-Ion,3810,0.0,16.18128491498018,0.0,0.0
3763,H2,3810,56.920998245126285,246.8643457022031,0.0,0.0
3764,Li-Ion,3811,0.0,16.18128491498018,0.0,0.0
3764,H2,3811,56.920998245126285,244.45556291378904,0.0,0.0
3765,Li-Ion,3812,0.0,16.18128491498018,0.0,0.0
3765,H2,3812,56.920998245126285,243.06638448666564,0.0,0.0
3766,Li-Ion,3813,0.0,16.18128491498018,0.0,0.0
3766,H2,3813,56.920998245126285,240.77226588620925,0.0,0.0
3767,Li-Ion,3814,0.0,16.18128491498018,0.0,0.0
3767,H2,3814,56.920998245126285,240.77226588620925,0.0,0.0
3768,Li-Ion,3815,0.0,16.18128491498018,0.0,0.0
3768,H2,3815,56.920998245126285,237.58913613619154,0.0,0.0
3769,Li-Ion,3816,0.0,16.18128491498018,0.0,0.0
3769,H2,3816,56.920998245126285,238.82301220124128,0.0,0.0
3770,Li-Ion,3817,0.0,16.18128491498018,0.0,0.0
3770,H2,3817,56.920998245126285,238.82301220124128,0.0,0.0
3771,Li-Ion,3818,0.0,16.18128491498018,0.0,0.0
3771,H2,3818,56.920998245126285,241.76008762538527,0.0,0.0
3772,Li-Ion,3819,0.0,0.0,0.0,0.0
3772,H2,3819,56.920998245126285,245.88784382658756,0.0,0.0
3773,Li-Ion,3820,0.0,0.0,0.0,0.0
3773,H2,3820,56.920998245126285,246.51778512412199,0.0,0.0
3774,Li-Ion,3821,0.0,0.0,0.0,0.0
3774,H2,3821,56.920998245126285,247.462283190118,0.0,0.0
3775,Li-Ion,3822,0.0,0.0,0.0,0.0
3775,H2,3822,56.920998245126285,247.32744999524374,0.0,0.0
3776,Li-Ion,3823,0.0,0.0,0.0,0.0
3776,H2,3823,56.920998245126285,247.00772475013477,0.0,0.0
3777,Li-Ion,3824,0.0,0.0,0.0,0.0
3777,H2,3824,56.920998245126285,249.6999454614911,0.0,0.0
3778,Li-Ion,3825,0.0,0.0,0.0,0.0
3778,H2,3825,56.920998245126285,258.6432241075788,0.0,0.0
3779,Li-Ion,3826,0.0,4.412404559513875,0.0,0.0
3779,H2,3826,56.920998245126285,267.31133707731107,0.0,0.0
3780,Li-Ion,3827,0.0,20.486164026314416,0.0,0.0
3780,H2,3827,56.920998245126285,277.08290488663175,0.0,0.0
3781,Li-Ion,3828,0.0,21.539204737247026,0.0,0.0
3781,H2,3828,56.920998245126285,285.4438215553446,0.0,0.0
3782,Li-Ion,3829,0.0,21.539204737247026,0.0,0.0
3782,H2,3829,56.920998245126285,293.61293651137925,0.0,0.0
3783,Li-Ion,3830,0.0,21.539204737247026,0.0,0.0
3783,H2,3830,56.920998245126285,306.2558048159516,0.0,0.0
3784,Li-Ion,3831,0.0,16.18128491498018,0.0,0.0
3784,H2,3831,56.920998245126285,307.81564254371693,0.0,0.0
3785,Li-Ion,3832,0.0,15.235769652227205,0.0,0.0
3785,H2,3832,56.920998245126285,316.5388107675127,0.0,0.0
3786,Li-Ion,3833,0.0,20.593689474494052,0.0,0.0
3786,H2,3833,56.920998245126285,325.6062055637284,0.0,0.0
3787,Li-Ion,3834,0.0,21.539204737247026,0.0,0.0
3787,H2,3834,56.920998245126285,331.17077548207345,0.0,0.0
3788,Li-Ion,3835,0.0,16.18128491498018,0.0,0.0
3788,H2,3835,56.920998245126285,334.51944099772004,0.0,0.0
3789,Li-Ion,3836,0.0,16.18128491498018,0.0,0.0
3789,H2,3836,56.920998245126285,251.1868977111927,0.0,0.0
3790,Li-Ion,3837,0.0,16.18128491498018,0.0,0.0
3790,H2,3837,56.920998245126285,248.99454753039583,0.0,0.0
3791,Li-Ion,3838,0.0,16.18128491498018,0.0,0.0
3791,H2,3838,56.920998245126285,248.99454753039583,0.0,0.0
3792,Li-Ion,3839,0.0,16.18128491498018,0.0,0.0
3792,H2,3839,56.920998245126285,253.2811856617477,0.0,0.0
3793,Li-Ion,3840,0.0,16.18128491498018,0.0,0.0
3793,H2,3840,56.920998245126285,253.2811856617477,0.0,0.0
3794,Li-Ion,3841,0.0,16.18128491498018,0.0,0.0
3794,H2,3841,56.920998245126285,256.2592602576594,0.0,0.0
3795,Li-Ion,3842,0.0,15.235769652227205,0.0,0.0
3795,H2,3842,56.920998245126285,264.0024497436366,0.0,0.0
3796,Li-Ion,3843,0.0,20.593689474494052,0.0,0.0
3796,H2,3843,56.920998245126285,271.63066365644556,0.0,0.0
3797,Li-Ion,3844,0.0,21.539204737247026,0.0,0.0
3797,H2,3844,56.920998245126285,273.6543175202289,0.0,0.0
3798,Li-Ion,3845,0.0,16.18128491498018,0.0,0.0
3798,H2,3845,56.920998245126285,280.0495828220012,0.0,0.0
3799,Li-Ion,3846,0.0,15.235769652227205,0.0,0.0
3799,H2,3846,56.920998245126285,291.84962344739824,0.0,0.0
3800,Li-Ion,3847,0.0,20.593689474494052,0.0,0.0
3800,H2,3847,56.920998245126285,300.65757558329676,0.0,0.0
3801,Li-Ion,3848,0.0,21.539204737247026,0.0,0.0
3801,H2,3848,56.920998245126285,309.42780482323104,0.0,0.0
3802,Li-Ion,3849,0.0,21.539204737247026,0.0,0.0
3802,H2,3849,56.920998245126285,322.4992313208647,0.0,0.0
3803,Li-Ion,3850,0.0,21.539204737247026,0.0,0.0
3803,H2,3850,56.920998245126285,331.18536927326,0.0,0.0
3804,Li-Ion,3851,0.0,21.539204737247026,0.0,0.0
3804,H2,3851,56.920998245126285,339.70902307492037,0.0,0.0
3805,Li-Ion,3852,0.0,21.539204737247026,0.0,0.0
3805,H2,3852,56.920998245126285,352.0738765767213,0.0,0.0
3806,Li-Ion,3853,0.0,21.539204737247026,0.0,0.0
3806,H2,3853,56.920998245126285,360.7690333450033,0.0,0.0
3807,Li-Ion,3854,0.0,21.539204737247026,0.0,0.0
3807,H2,3854,56.920998245126285,369.37994071186307,0.0,0.0
3808,Li-Ion,3855,0.0,21.539204737247026,0.0,0.0
3808,H2,3855,56.920998245126285,377.9914995079208,0.0,0.0
3809,Li-Ion,3856,0.0,21.539204737247026,0.0,0.0
3809,H2,3856,56.920998245126285,386.9864401983868,0.0,0.0
3810,Li-Ion,3857,0.0,21.539204737247026,0.0,0.0
3810,H2,3857,56.920998245126285,396.0590780509631,0.0,0.0
3811,Li-Ion,3858,0.0,21.539204737247026,0.0,0.0
3811,H2,3858,56.920998245126285,405.44164748897884,0.0,0.0
3812,Li-Ion,3859,0.0,16.18128491498018,0.0,0.0
3812,H2,3859,56.920998245126285,404.5396583828584,0.0,0.0
3813,Li-Ion,3860,0.0,16.18128491498018,0.0,0.0
3813,H2,3860,56.920998245126285,258.90951000611807,0.0,0.0
3814,Li-Ion,3861,0.0,16.18128491498018,0.0,0.0
3814,H2,3861,56.920998245126285,257.6031161837046,0.0,0.0
3815,Li-Ion,3862,0.0,16.18128491498018,0.0,0.0
3815,H2,3862,56.920998245126285,257.6031161837046,0.0,0.0
3816,Li-Ion,3863,0.0,16.18128491498018,0.0,0.0
3816,H2,3863,56.920998245126285,257.6031161837046,0.0,0.0
3817,Li-Ion,3864,0.0,16.18128491498018,0.0,0.0
3817,H2,3864,56.920998245126285,258.652759133393,0.0,0.0
3818,Li-Ion,3865,0.0,16.18128491498018,0.0,0.0
3818,H2,3865,56.920998245126285,261.81244037758603,0.0,0.0
3819,Li-Ion,3866,0.0,16.18128491498018,0.0,0.0
3819,H2,3866,56.920998245126285,264.7056811272766,0.0,0.0
3820,Li-Ion,3867,0.0,16.18128491498018,0.0,0.0
3820,H2,3867,56.920998245126285,266.1763924464084,0.0,0.0
3821,Li-Ion,3868,0.0,16.18128491498018,0.0,0.0
3821,H2,3868,56.920998245126285,273.70527390262043,0.0,0.0
3822,Li-Ion,3869,0.0,16.18128491498018,0.0,0.0
3822,H2,3869,56.920998245126285,269.99800533930926,0.0,0.0
3823,Li-Ion,3870,0.0,16.18128491498018,0.0,0.0
3823,H2,3870,56.920998245126285,273.69083097163474,0.0,0.0
3824,Li-Ion,3871,0.0,16.18128491498018,0.0,0.0
3824,H2,3871,56.920998245126285,271.54413974029484,0.0,0.0
3825,Li-Ion,3872,0.0,16.18128491498018,0.0,0.0
3825,H2,3872,56.920998245126285,271.4210006482079,0.0,0.0
3826,Li-Ion,3873,0.0,0.0,0.0,0.0
3826,H2,3873,56.920998245126285,273.80292704954496,0.0,0.0
3827,Li-Ion,3874,0.0,0.0,0.0,0.0
3827,H2,3874,56.920998245126285,273.80292704954496,0.0,0.0
3828,Li-Ion,3875,0.0,0.0,0.0,0.0
3828,H2,3875,56.920998245126285,280.3252605155653,0.0,0.0
3829,Li-Ion,3876,0.0,4.412404559513875,0.0,0.0
3829,H2,3876,56.920998245126285,280.6752647552867,0.0,0.0
3830,Li-Ion,3877,0.0,0.0,0.0,0.0
3830,H2,3877,56.920998245126285,274.74966870911214,0.0,0.0
3831,Li-Ion,3878,0.0,0.0,0.0,0.0
3831,H2,3878,56.920998245126285,274.74966870911214,0.0,0.0
3832,Li-Ion,3879,0.0,0.0,0.0,0.0
3832,H2,3879,56.920998245126285,281.1077344997974,0.0,0.0
3833,Li-Ion,3880,0.0,4.412404559513875,0.0,0.0
3833,H2,3880,56.920998245126285,281.5686271679503,0.0,0.0
3834,Li-Ion,3881,0.0,9.770324381780721,0.0,0.0
3834,H2,3881,56.920998245126285,280.9785595807328,0.0,0.0
3835,Li-Ion,3882,0.0,15.128244204047569,0.0,0.0
3835,H2,3882,56.920998245126285,280.46171614489555,0.0,0.0
3836,Li-Ion,3883,0.0,0.0,0.0,0.0
3836,H2,3883,56.920998245126285,279.036306840464,0.0,0.0
3837,Li-Ion,3884,0.0,0.0,0.0,0.0
3837,H2,3884,56.920998245126285,279.036306840464,0.0,0.0
3838,Li-Ion,3885,0.0,0.0,0.0,0.0
3838,H2,3885,56.920998245126285,277.80424057223587,0.0,0.0
3839,Li-Ion,3886,0.0,0.0,0.0,0.0
3839,H2,3886,56.920998245126285,277.80424057223587,0.0,0.0
3840,Li-Ion,3887,0.0,0.0,0.0,0.0
3840,H2,3887,56.920998245126285,280.6539395632709,0.0,0.0
3841,Li-Ion,3888,0.0,0.0,0.0,0.0
3841,H2,3888,56.920998245126285,281.32271357819445,0.0,0.0
3842,Li-Ion,3889,0.0,0.0,0.0,0.0
3842,H2,3889,56.920998245126285,280.47584558257006,0.0,0.0
3843,Li-Ion,3890,0.0,0.0,0.0,0.0
3843,H2,3890,56.920998245126285,279.65408884195705,0.0,0.0
3844,Li-Ion,3891,0.0,0.0,0.0,0.0
3844,H2,3891,56.920998245126285,283.0444923119598,0.0,0.0
3845,Li-Ion,3892,0.0,0.0,0.0,0.0
3845,H2,3892,56.920998245126285,282.09727783321466,0.0,0.0
3846,Li-Ion,3893,0.0,0.0,0.0,0.0
3846,H2,3893,56.920998245126285,281.9845886503816,0.0,0.0
3847,Li-Ion,3894,0.0,0.0,0.0,0.0
3847,H2,3894,56.920998245126285,282.0443346411099,0.0,0.0
3848,Li-Ion,3895,0.0,0.0,0.0,0.0
3848,H2,3895,56.920998245126285,286.37970555458793,0.0,0.0
3849,Li-Ion,3896,0.0,0.0,0.0,0.0
3849,H2,3896,56.920998245126285,286.41171412906414,0.0,0.0
3850,Li-Ion,3897,0.0,0.0,0.0,0.0
3850,H2,3897,56.920998245126285,286.41171412906414,0.0,0.0
3851,Li-Ion,3898,0.0,0.0,0.0,0.0
3851,H2,3898,56.920998245126285,289.18908232869813,0.0,0.0
3852,Li-Ion,3899,0.0,4.412404559513875,0.0,0.0
3852,H2,3899,56.920998245126285,294.1482011264448,0.0,0.0
3853,Li-Ion,3900,0.0,9.770324381780721,0.0,0.0
3853,H2,3900,56.920998245126285,294.12212498485906,0.0,0.0
3854,Li-Ion,3901,0.0,8.824809119027748,0.0,0.0
3854,H2,3901,56.920998245126285,303.1521796064635,0.0,0.0
3855,Li-Ion,3902,0.0,16.18128491498018,0.0,0.0
3855,H2,3902,56.920998245126285,303.1119744082921,0.0,0.0
3856,Li-Ion,3903,0.0,16.18128491498018,0.0,0.0
3856,H2,3903,56.920998245126285,298.4258583892418,0.0,0.0
3857,Li-Ion,3904,0.0,0.0,0.0,0.0
3857,H2,3904,56.920998245126285,294.9849903917679,0.0,0.0
3858,Li-Ion,3905,0.0,0.0,0.0,0.0
3858,H2,3905,56.920998245126285,294.9849903917679,0.0,0.0
3859,Li-Ion,3906,0.0,0.0,0.0,0.0
3859,H2,3906,56.920998245126285,294.9849903917679,0.0,0.0
3860,Li-Ion,3907,0.0,0.0,0.0,0.0
3860,H2,3907,56.920998245126285,294.9849903917679,0.0,0.0
3861,Li-Ion,3908,0.0,0.0,0.0,0.0
3861,H2,3908,56.920998245126285,295.10523602614063,0.0,0.0
3862,Li-Ion,3909,0.0,0.0,0.0,0.0
3862,H2,3909,56.920998245126285,296.21705665999605,0.0,0.0
3863,Li-Ion,3910,0.0,0.0,0.0,0.0
3863,H2,3910,56.920998245126285,299.0751628378884,0.0,0.0
3864,Li-Ion,3911,0.0,0.0,0.0,0.0
3864,H2,3911,56.920998245126285,299.90827906986135,0.0,0.0
3865,Li-Ion,3912,0.0,0.0,0.0,0.0
3865,H2,3912,56.920998245126285,300.67644419525465,0.0,0.0
3866,Li-Ion,3913,0.0,0.0,0.0,0.0
3866,H2,3913,56.920998245126285,299.01807682596785,0.0,0.0
3867,Li-Ion,3914,0.0,4.412404559513875,0.0,0.0
3867,H2,3914,56.920998245126285,296.4785126641737,0.0,0.0
3868,Li-Ion,3915,0.0,9.770324381780721,0.0,0.0
3868,H2,3915,56.920998245126285,295.0391844530537,0.0,0.0
3869,Li-Ion,3916,0.0,15.128244204047569,0.0,0.0
3869,H2,3916,56.920998245126285,296.8180977601703,0.0,0.0
3870,Li-Ion,3917,0.0,16.18128491498018,0.0,0.0
3870,H2,3917,56.920998245126285,295.5067720678585,0.0,0.0
3871,Li-Ion,3918,0.0,16.18128491498018,0.0,0.0
3871,H2,3918,56.920998245126285,299.67602964108744,0.0,0.0
3872,Li-Ion,3919,0.0,16.18128491498018,0.0,0.0
3872,H2,3919,56.920998245126285,299.4394280265537,0.0,0.0
3873,Li-Ion,3920,0.0,0.0,0.0,0.0
3873,H2,3920,56.920998245126285,307.2228941908709,0.0,0.0
3874,Li-Ion,3921,0.0,0.0,0.0,0.0
3874,H2,3921,56.920998245126285,307.3066566015334,0.0,0.0
3875,Li-Ion,3922,0.0,0.0,0.0,0.0
3875,H2,3922,56.920998245126285,310.334677376421,0.0,0.0
3876,Li-Ion,3923,0.0,0.0,0.0,0.0
3876,H2,3923,56.920998245126285,310.30860123483524,0.0,0.0
3877,Li-Ion,3924,0.0,0.0,0.0,0.0
3877,H2,3924,56.920998245126285,313.8605116512703,0.0,0.0
3878,Li-Ion,3925,0.0,4.412404559513875,0.0,0.0
3878,H2,3925,56.920998245126285,313.9490026281104,0.0,0.0
3879,Li-Ion,3926,0.0,0.0,0.0,0.0
3879,H2,3926,56.920998245126285,310.3256965078661,0.0,0.0
3880,Li-Ion,3927,0.0,0.0,0.0,0.0
3880,H2,3927,56.920998245126285,314.36541416082724,0.0,0.0
3881,Li-Ion,3928,0.0,0.0,0.0,0.0
3881,H2,3928,56.920998245126285,314.4465455564765,0.0,0.0
3882,Li-Ion,3929,0.0,0.0,0.0,0.0
3882,H2,3929,56.920998245126285,314.3418931395909,0.0,0.0
3883,Li-Ion,3930,0.0,0.0,0.0,0.0
3883,H2,3930,56.920998245126285,316.65387526053325,0.0,0.0
3884,Li-Ion,3931,0.0,0.0,0.0,0.0
3884,H2,3931,56.920998245126285,313.8410475451599,0.0,0.0
3885,Li-Ion,3932,0.0,0.0,0.0,0.0
3885,H2,3932,56.920998245126285,310.9595149719498,0.0,0.0
3886,Li-Ion,3933,0.0,0.0,0.0,0.0
3886,H2,3933,56.920998245126285,310.9595149719498,0.0,0.0
3887,Li-Ion,3934,0.0,4.412404559513875,0.0,0.0
3887,H2,3934,56.920998245126285,311.0368647193791,0.0,0.0
3888,Li-Ion,3935,0.0,9.770324381780721,0.0,0.0
3888,H2,3935,56.920998245126285,309.2151030046143,0.0,0.0
3889,Li-Ion,3936,0.0,0.0,0.0,0.0
3889,H2,3936,56.920998245126285,310.2366412545057,0.0,0.0
3890,Li-Ion,3937,0.0,0.0,0.0,0.0
3890,H2,3937,56.920998245126285,309.90403736070994,0.0,0.0
3891,Li-Ion,3938,0.0,0.0,0.0,0.0
3891,H2,3938,56.920998245126285,307.10306566413544,0.0,0.0
3892,Li-Ion,3939,0.0,0.0,0.0,0.0
3892,H2,3939,56.920998245126285,309.19513354292894,0.0,0.0
3893,Li-Ion,3940,0.0,0.0,0.0,0.0
3893,H2,3940,56.920998245126285,309.0457170352527,0.0,0.0
3894,Li-Ion,3941,0.0,0.0,0.0,0.0
3894,H2,3941,56.920998245126285,309.4633990331334,0.0,0.0
3895,Li-Ion,3942,0.0,0.0,0.0,0.0
3895,H2,3942,56.920998245126285,312.74342599934477,0.0,0.0
3896,Li-Ion,3943,0.0,0.0,0.0,0.0
3896,H2,3943,56.920998245126285,312.7829682678597,0.0,0.0
3897,Li-Ion,3944,0.0,0.0,0.0,0.0
3897,H2,3944,56.920998245126285,312.7508015795005,0.0,0.0
3898,Li-Ion,3945,0.0,0.0,0.0,0.0
3898,H2,3945,56.920998245126285,312.6670391688379,0.0,0.0
3899,Li-Ion,3946,0.0,0.0,0.0,0.0
3899,H2,3946,56.920998245126285,315.6710023878368,0.0,0.0
3900,Li-Ion,3947,0.0,4.412404559513875,0.0,0.0
3900,H2,3947,56.920998245126285,316.1689126782796,0.0,0.0
3901,Li-Ion,3948,0.0,9.770324381780721,0.0,0.0
3901,H2,3948,56.920998245126285,316.033915044967,0.0,0.0
3902,Li-Ion,3949,0.0,15.128244204047569,0.0,0.0
3902,H2,3949,56.920998245126285,315.7992372439028,0.0,0.0
3903,Li-Ion,3950,0.0,16.18128491498018,0.0,0.0
3903,H2,3950,56.920998245126285,315.3540253480308,0.0,0.0
3904,Li-Ion,3951,0.0,16.18128491498018,0.0,0.0
3904,H2,3951,56.920998245126285,315.03598990784457,0.0,0.0
3905,Li-Ion,3952,0.0,16.18128491498018,0.0,0.0
3905,H2,3952,56.920998245126285,309.4530139644844,0.0,0.0
3906,Li-Ion,3953,0.0,16.18128491498018,0.0,0.0
3906,H2,3953,56.920998245126285,307.8130840828652,0.0,0.0
3907,Li-Ion,3954,0.0,16.18128491498018,0.0,0.0
3907,H2,3954,56.920998245126285,306.9659502637132,0.0,0.0
3908,Li-Ion,3955,0.0,16.18128491498018,0.0,0.0
3908,H2,3955,56.920998245126285,306.91993912375773,0.0,0.0
3909,Li-Ion,3956,0.0,0.0,0.0,0.0
3909,H2,3956,56.920998245126285,304.5938751943783,0.0,0.0
3910,Li-Ion,3957,0.0,0.0,0.0,0.0
3910,H2,3957,56.920998245126285,302.11078971465923,0.0,0.0
3911,Li-Ion,3958,0.0,0.0,0.0,0.0
3911,H2,3958,56.920998245126285,299.66168177885925,0.0,0.0
3912,Li-Ion,3959,0.0,0.0,0.0,0.0
3912,H2,3959,56.920998245126285,296.2222083608465,0.0,0.0
3913,Li-Ion,3960,0.0,0.0,0.0,0.0
3913,H2,3960,56.920998245126285,294.16184617297034,0.0,0.0
3914,Li-Ion,3961,0.0,0.0,0.0,0.0
3914,H2,3961,56.920998245126285,291.44458687892165,0.0,0.0
3915,Li-Ion,3962,0.0,0.0,0.0,0.0
3915,H2,3962,56.920998245126285,289.59829218162577,0.0,0.0
3916,Li-Ion,3963,0.0,0.0,0.0,0.0
3916,H2,3963,56.920998245126285,287.4755114384226,0.0,0.0
3917,Li-Ion,3964,0.0,0.0,0.0,0.0
3917,H2,3964,56.920998245126285,283.5325404157174,0.0,0.0
3918,Li-Ion,3965,0.0,0.0,0.0,0.0
3918,H2,3965,56.920998245126285,281.0955512637403,0.0,0.0
3919,Li-Ion,3966,0.0,0.0,0.0,0.0
3919,H2,3966,56.920998245126285,281.18519551085075,0.0,0.0
3920,Li-Ion,3967,0.0,0.0,0.0,0.0
3920,H2,3967,56.920998245126285,281.1533651644386,0.0,0.0
3921,Li-Ion,3968,0.0,0.0,0.0,0.0
3921,H2,3968,56.920998245126285,280.6297362823333,0.0,0.0
3922,Li-Ion,3969,0.0,0.0,0.0,0.0
3922,H2,3969,56.920998245126285,283.80089659443274,0.0,0.0
3923,Li-Ion,3970,0.0,4.412404559513875,0.0,0.0
3923,H2,3970,56.920998245126285,284.3807984200484,0.0,0.0
3924,Li-Ion,3971,0.0,9.770324381780721,0.0,0.0
3924,H2,3971,56.920998245126285,284.2102631103908,0.0,0.0
3925,Li-Ion,3972,0.0,15.128244204047569,0.0,0.0
3925,H2,3972,56.920998245126285,283.9953863433824,0.0,0.0
3926,Li-Ion,3973,0.0,16.18128491498018,0.0,0.0
3926,H2,3973,56.920998245126285,283.8188047588386,0.0,0.0
3927,Li-Ion,3974,0.0,16.18128491498018,0.0,0.0
3927,H2,3974,56.920998245126285,283.5682322016022,0.0,0.0
3928,Li-Ion,3975,0.0,15.235769652227205,0.0,0.0
3928,H2,3975,56.920998245126285,292.59828682320665,0.0,0.0
3929,Li-Ion,3976,0.0,16.18128491498018,0.0,0.0
3929,H2,3976,56.920998245126285,292.17098721665405,0.0,0.0
3930,Li-Ion,3977,0.0,16.18128491498018,0.0,0.0
3930,H2,3977,56.920998245126285,282.991009011181,0.0,0.0
3931,Li-Ion,3978,0.0,16.18128491498018,0.0,0.0
3931,H2,3978,56.920998245126285,282.92234331406814,0.0,0.0
3932,Li-Ion,3979,0.0,16.18128491498018,0.0,0.0
3932,H2,3979,56.920998245126285,282.89840487218066,0.0,0.0
3933,Li-Ion,3980,0.0,16.18128491498018,0.0,0.0
3933,H2,3980,56.920998245126285,283.13002273712203,0.0,0.0
3934,Li-Ion,3981,0.0,16.18128491498018,0.0,0.0
3934,H2,3981,56.920998245126285,284.88892133444125,0.0,0.0
3935,Li-Ion,3982,0.0,16.18128491498018,0.0,0.0
3935,H2,3982,56.920998245126285,287.52090721479215,0.0,0.0
3936,Li-Ion,3983,0.0,0.0,0.0,0.0
3936,H2,3983,56.920998245126285,287.59233181076115,0.0,0.0
3937,Li-Ion,3984,0.0,0.0,0.0,0.0
3937,H2,3984,56.920998245126285,286.99769984195274,0.0,0.0
3938,Li-Ion,3985,0.0,0.0,0.0,0.0
3938,H2,3985,56.920998245126285,287.9039471427429,0.0,0.0
3939,Li-Ion,3986,0.0,0.0,0.0,0.0
3939,H2,3986,56.920998245126285,288.7527351306564,0.0,0.0
3940,Li-Ion,3987,0.0,0.0,0.0,0.0
3940,H2,3987,56.920998245126285,290.324096140784,0.0,0.0
3941,Li-Ion,3988,0.0,0.0,0.0,0.0
3941,H2,3988,56.920998245126285,291.1751553529196,0.0,0.0
3942,Li-Ion,3989,0.0,0.0,0.0,0.0
3942,H2,3989,56.920998245126285,291.0034057049607,0.0,0.0
3943,Li-Ion,3990,0.0,0.0,0.0,0.0
3943,H2,3990,56.920998245126285,291.0551342429257,0.0,0.0
3944,Li-Ion,3991,0.0,0.0,0.0,0.0
3944,H2,3991,56.920998245126285,289.2949219535015,0.0,0.0
3945,Li-Ion,3992,0.0,0.0,0.0,0.0
3945,H2,3992,56.920998245126285,289.2949219535015,0.0,0.0
3946,Li-Ion,3993,0.0,0.0,0.0,0.0
3946,H2,3993,56.920998245126285,292.50141123162035,0.0,0.0
3947,Li-Ion,3994,0.0,4.412404559513875,0.0,0.0
3947,H2,3994,56.920998245126285,293.6974161247156,0.0,0.0
3948,Li-Ion,3995,0.0,3.466889296760902,0.0,0.0
3948,H2,3995,56.920998245126285,305.2896148411927,0.0,0.0
3949,Li-Ion,3996,0.0,8.824809119027748,0.0,0.0
3949,H2,3996,56.920998245126285,314.06909690556074,0.0,0.0
3950,Li-Ion,3997,0.0,21.539204737247026,0.0,0.0
3950,H2,3997,56.920998245126285,319.32358173758377,0.0,0.0
3951,Li-Ion,3998,0.0,21.539204737247026,0.0,0.0
3951,H2,3998,56.920998245126285,327.9263367526356,0.0,0.0
3952,Li-Ion,3999,0.0,16.18128491498018,0.0,0.0
3952,H2,3999,56.920998245126285,331.07434621600135,0.0,0.0
3953,Li-Ion,4000,0.0,16.18128491498018,0.0,0.0
3953,H2,4000,56.920998245126285,299.01793280333396,0.0,0.0
3954,Li-Ion,4001,0.0,16.18128491498018,0.0,0.0
3954,H2,4001,56.920998245126285,298.8617479096983,0.0,0.0
3955,Li-Ion,4002,0.0,16.18128491498018,0.0,0.0
3955,H2,4002,56.920998245126285,299.03378846352206,0.0,0.0
3956,Li-Ion,4003,0.0,16.18128491498018,0.0,0.0
3956,H2,4003,56.920998245126285,297.06730755048005,0.0,0.0
3957,Li-Ion,4004,0.0,16.18128491498018,0.0,0.0
3957,H2,4004,56.920998245126285,298.1726978817153,0.0,0.0
3958,Li-Ion,4005,0.0,16.18128491498018,0.0,0.0
3958,H2,4005,56.920998245126285,294.79040791561835,0.0,0.0
3959,Li-Ion,4006,0.0,16.18128491498018,0.0,0.0
3959,H2,4006,56.920998245126285,293.0696073164195,0.0,0.0
3960,Li-Ion,4007,0.0,16.18128491498018,0.0,0.0
3960,H2,4007,56.920998245126285,295.6875001796314,0.0,0.0
3961,Li-Ion,4008,0.0,16.18128491498018,0.0,0.0
3961,H2,4008,56.920998245126285,297.0246157524471,0.0,0.0
3962,Li-Ion,4009,0.0,16.18128491498018,0.0,0.0
3962,H2,4009,56.920998245126285,298.5603156543224,0.0,0.0
3963,Li-Ion,4010,0.0,16.18128491498018,0.0,0.0
3963,H2,4010,56.920998245126285,297.6503871653916,0.0,0.0
3964,Li-Ion,4011,0.0,16.18128491498018,0.0,0.0
3964,H2,4011,56.920998245126285,298.82889073233474,0.0,0.0
3965,Li-Ion,4012,0.0,16.18128491498018,0.0,0.0
3965,H2,4012,56.920998245126285,301.3348949223219,0.0,0.0
3966,Li-Ion,4013,0.0,16.18128491498018,0.0,0.0
3966,H2,4013,56.920998245126285,303.6271579257188,0.0,0.0
3967,Li-Ion,4014,0.0,16.18128491498018,0.0,0.0
3967,H2,4014,56.920998245126285,307.1302862160218,0.0,0.0
3968,Li-Ion,4015,0.0,0.0,0.0,0.0
3968,H2,4015,56.920998245126285,306.145507415847,0.0,0.0
3969,Li-Ion,4016,0.0,0.0,0.0,0.0
3969,H2,4016,56.920998245126285,306.145507415847,0.0,0.0
3970,Li-Ion,4017,0.0,0.0,0.0,0.0
3970,H2,4017,56.920998245126285,312.5767955597371,0.0,0.0
3971,Li-Ion,4018,0.0,4.412404559513875,0.0,0.0
3971,H2,4018,56.920998245126285,310.065352961396,0.0,0.0
3972,Li-Ion,4019,0.0,9.770324381780721,0.0,0.0
3972,H2,4019,56.920998245126285,313.35914974945075,0.0,0.0
3973,Li-Ion,4020,0.0,8.824809119027748,0.0,0.0
3973,H2,4020,56.920998245126285,321.61641473842917,0.0,0.0
3974,Li-Ion,4021,0.0,14.182728941294595,0.0,0.0
3974,H2,4021,56.920998245126285,331.41925899265965,0.0,0.0
3975,Li-Ion,4022,0.0,21.539204737247026,0.0,0.0
3975,H2,4022,56.920998245126285,337.7401887091046,0.0,0.0
3976,Li-Ion,4023,0.0,21.539204737247026,0.0,0.0
3976,H2,4023,56.920998245126285,346.48382951847225,0.0,0.0
3977,Li-Ion,4024,0.0,16.18128491498018,0.0,0.0
3977,H2,4024,56.920998245126285,353.6754063081488,0.0,0.0
3978,Li-Ion,4025,0.0,16.18128491498018,0.0,0.0
3978,H2,4025,56.920998245126285,317.6392601356042,0.0,0.0
3979,Li-Ion,4026,0.0,16.18128491498018,0.0,0.0
3979,H2,4026,56.920998245126285,310.39786021061224,0.0,0.0
3980,Li-Ion,4027,0.0,16.18128491498018,0.0,0.0
3980,H2,4027,56.920998245126285,307.1422700612476,0.0,0.0
3981,Li-Ion,4028,0.0,16.18128491498018,0.0,0.0
3981,H2,4028,56.920998245126285,306.08317012112553,0.0,0.0
3982,Li-Ion,4029,0.0,16.18128491498018,0.0,0.0
3982,H2,4029,56.920998245126285,302.7357497572091,0.0,0.0
3983,Li-Ion,4030,0.0,16.18128491498018,0.0,0.0
3983,H2,4030,56.920998245126285,301.1523136421063,0.0,0.0
3984,Li-Ion,4031,0.0,0.0,0.0,0.0
3984,H2,4031,56.920998245126285,304.1992476795334,0.0,0.0
3985,Li-Ion,4032,0.0,0.0,0.0,0.0
3985,H2,4032,56.920998245126285,300.32499829715124,0.0,0.0
3986,Li-Ion,4033,0.0,0.0,0.0,0.0
3986,H2,4033,56.920998245126285,297.5787316409638,0.0,0.0
3987,Li-Ion,4034,0.0,0.0,0.0,0.0
3987,H2,4034,56.920998245126285,298.2957712640018,0.0,0.0
3988,Li-Ion,4035,0.0,0.0,0.0,0.0
3988,H2,4035,56.920998245126285,296.85565997213234,0.0,0.0
3989,Li-Ion,4036,0.0,0.0,0.0,0.0
3989,H2,4036,56.920998245126285,295.05158689855307,0.0,0.0
3990,Li-Ion,4037,0.0,0.0,0.0,0.0
3990,H2,4037,56.920998245126285,294.2086458932586,0.0,0.0
3991,Li-Ion,4038,0.0,0.0,0.0,0.0
3991,H2,4038,56.920998245126285,294.74698571757034,0.0,0.0
3992,Li-Ion,4039,0.0,0.0,0.0,0.0
3992,H2,4039,56.920998245126285,294.80077606056983,0.0,0.0
3993,Li-Ion,4040,0.0,0.0,0.0,0.0
3993,H2,4040,56.920998245126285,294.80077606056983,0.0,0.0
3994,Li-Ion,4041,0.0,0.0,0.0,0.0
3994,H2,4041,56.920998245126285,298.14268671720777,0.0,0.0
3995,Li-Ion,4042,0.0,4.412404559513875,0.0,0.0
3995,H2,4042,56.920998245126285,302.0425719661657,0.0,0.0
3996,Li-Ion,4043,0.0,9.770324381780721,0.0,0.0
3996,H2,4043,56.920998245126285,301.9875862822107,0.0,0.0
3997,Li-Ion,4044,0.0,8.824809119027748,0.0,0.0
3997,H2,4044,56.920998245126285,315.3227298464194,0.0,0.0
3998,Li-Ion,4045,0.0,14.182728941294595,0.0,0.0
3998,H2,4045,56.920998245126285,324.35213303882585,0.0,0.0
3999,Li-Ion,4046,0.0,21.539204737247026,0.0,0.0
3999,H2,4046,56.920998245126285,329.9144352432007,0.0,0.0
4000,Li-Ion,4047,0.0,21.539204737247026,0.0,0.0
4000,H2,4047,56.920998245126285,342.5825098769859,0.0,0.0
4001,Li-Ion,4048,0.0,16.18128491498018,0.0,0.0
4001,H2,4048,56.920998245126285,346.137340036777,0.0,0.0
4002,Li-Ion,4049,0.0,16.18128491498018,0.0,0.0
4002,H2,4049,56.920998245126285,310.03777754803536,0.0,0.0
4003,Li-Ion,4050,0.0,16.18128491498018,0.0,0.0
4003,H2,4050,56.920998245126285,312.7996822099112,0.0,0.0
4004,Li-Ion,4051,0.0,0.0,0.0,0.0
4004,H2,4051,56.920998245126285,305.7007546607077,0.0,0.0
4005,Li-Ion,4052,0.0,0.0,0.0,0.0
4005,H2,4052,56.920998245126285,304.2184342076365,0.0,0.0
4006,Li-Ion,4053,0.0,0.0,0.0,0.0
4006,H2,4053,56.920998245126285,304.48594787590525,0.0,0.0
4007,Li-Ion,4054,0.0,0.0,0.0,0.0
4007,H2,4054,56.920998245126285,303.65502028213785,0.0,0.0
4008,Li-Ion,4055,0.0,0.0,0.0,0.0
4008,H2,4055,56.920998245126285,303.3115474599994,0.0,0.0
4009,Li-Ion,4056,0.0,0.0,0.0,0.0
4009,H2,4056,56.920998245126285,304.4832441995029,0.0,0.0
4010,Li-Ion,4057,0.0,0.0,0.0,0.0
4010,H2,4057,56.920998245126285,304.94999633311886,0.0,0.0
4011,Li-Ion,4058,0.0,0.0,0.0,0.0
4011,H2,4058,56.920998245126285,306.63074528353553,0.0,0.0
4012,Li-Ion,4059,0.0,0.0,0.0,0.0
4012,H2,4059,56.920998245126285,306.4688926289964,0.0,0.0
4013,Li-Ion,4060,0.0,0.0,0.0,0.0
4013,H2,4060,56.920998245126285,306.6718908188341,0.0,0.0
4014,Li-Ion,4061,0.0,0.0,0.0,0.0
4014,H2,4061,56.920998245126285,308.54222712471534,0.0,0.0
4015,Li-Ion,4062,0.0,0.0,0.0,0.0
4015,H2,4062,56.920998245126285,308.8485822598771,0.0,0.0
4016,Li-Ion,4063,0.0,0.0,0.0,0.0
4016,H2,4063,56.920998245126285,309.149213672474,0.0,0.0
4017,Li-Ion,4064,0.0,0.0,0.0,0.0
4017,H2,4064,56.920998245126285,309.45445568589946,0.0,0.0
4018,Li-Ion,4065,0.0,0.0,0.0,0.0
4018,H2,4065,56.920998245126285,309.4561127193934,0.0,0.0
4019,Li-Ion,4066,0.0,0.0,0.0,0.0
4019,H2,4066,56.920998245126285,312.7294082753609,0.0,0.0
4020,Li-Ion,4067,0.0,4.412404559513875,0.0,0.0
4020,H2,4067,56.920998245126285,317.5419049071162,0.0,0.0
4021,Li-Ion,4068,0.0,3.466889296760902,0.0,0.0
4021,H2,4068,56.920998245126285,326.89961755195816,0.0,0.0
4022,Li-Ion,4069,0.0,8.824809119027748,0.0,0.0
4022,H2,4069,56.920998245126285,335.5987651146473,0.0,0.0
4023,Li-Ion,4070,0.0,21.539204737247026,0.0,0.0
4023,H2,4070,56.920998245126285,344.2095252309779,0.0,0.0
4024,Li-Ion,4071,0.0,21.539204737247026,0.0,0.0
4024,H2,4071,56.920998245126285,352.9262487329022,0.0,0.0
4025,Li-Ion,4072,0.0,16.18128491498018,0.0,0.0
4025,H2,4072,56.920998245126285,356.5063346278442,0.0,0.0
4026,Li-Ion,4073,0.0,16.18128491498018,0.0,0.0
4026,H2,4073,56.920998245126285,320.09075940796663,0.0,0.0
4027,Li-Ion,4074,0.0,0.0,0.0,0.0
4027,H2,4074,56.920998245126285,321.260371047999,0.0,0.0
4028,Li-Ion,4075,0.0,0.0,0.0,0.0
4028,H2,4075,56.920998245126285,318.5632163650209,0.0,0.0
4029,Li-Ion,4076,0.0,0.0,0.0,0.0
4029,H2,4076,56.920998245126285,315.7194287014056,0.0,0.0
4030,Li-Ion,4077,0.0,0.0,0.0,0.0
4030,H2,4077,56.920998245126285,316.4375465405201,0.0,0.0
4031,Li-Ion,4078,0.0,4.412404559513875,0.0,0.0
4031,H2,4078,56.920998245126285,316.2258085759783,0.0,0.0
4032,Li-Ion,4079,0.0,9.770324381780721,0.0,0.0
4032,H2,4079,56.920998245126285,315.00989767379446,0.0,0.0
4033,Li-Ion,4080,0.0,15.128244204047569,0.0,0.0
4033,H2,4080,56.920998245126285,312.26043141768923,0.0,0.0
4034,Li-Ion,4081,0.0,16.18128491498018,0.0,0.0
4034,H2,4081,56.920998245126285,313.7256927045307,0.0,0.0
4035,Li-Ion,4082,0.0,16.18128491498018,0.0,0.0
4035,H2,4082,56.920998245126285,315.8947885576938,0.0,0.0
4036,Li-Ion,4083,0.0,16.18128491498018,0.0,0.0
4036,H2,4083,56.920998245126285,317.3682428332949,0.0,0.0
4037,Li-Ion,4084,0.0,16.18128491498018,0.0,0.0
4037,H2,4084,56.920998245126285,320.37584337381594,0.0,0.0
4038,Li-Ion,4085,0.0,16.18128491498018,0.0,0.0
4038,H2,4085,56.920998245126285,322.9066996894,0.0,0.0
4039,Li-Ion,4086,0.0,0.0,0.0,0.0
4039,H2,4086,56.920998245126285,327.40684162892495,0.0,0.0
4040,Li-Ion,4087,0.0,0.0,0.0,0.0
4040,H2,4087,56.920998245126285,327.63143923746077,0.0,0.0
4041,Li-Ion,4088,0.0,0.0,0.0,0.0
4041,H2,4088,56.920998245126285,327.38396801893384,0.0,0.0
4042,Li-Ion,4089,0.0,0.0,0.0,0.0
4042,H2,4089,56.920998245126285,327.29073774895676,0.0,0.0
4043,Li-Ion,4090,0.0,0.0,0.0,0.0
4043,H2,4090,56.920998245126285,330.31841287450374,0.0,0.0
4044,Li-Ion,4091,0.0,4.412404559513875,0.0,0.0
4044,H2,4091,56.920998245126285,330.6639203553924,0.0,0.0
4045,Li-Ion,4092,0.0,9.770324381780721,0.0,0.0
4045,H2,4092,56.920998245126285,335.28877471888165,0.0,0.0
4046,Li-Ion,4093,0.0,15.128244204047569,0.0,0.0
4046,H2,4093,56.920998245126285,335.4513284397249,0.0,0.0
4047,Li-Ion,4094,0.0,14.182728941294595,0.0,0.0
4047,H2,4094,56.920998245126285,345.13004863755015,0.0,0.0
4048,Li-Ion,4095,0.0,19.540648763561443,0.0,0.0
4048,H2,4095,56.920998245126285,353.8466614368716,0.0,0.0
4049,Li-Ion,4096,0.0,16.18128491498018,0.0,0.0
4049,H2,4096,56.920998245126285,352.757753283421,0.0,0.0
4050,Li-Ion,4097,0.0,16.18128491498018,0.0,0.0
4050,H2,4097,56.920998245126285,338.21024229949387,0.0,0.0
4051,Li-Ion,4098,0.0,0.0,0.0,0.0
4051,H2,4098,56.920998245126285,331.25633047923037,0.0,0.0
4052,Li-Ion,4099,0.0,0.0,0.0,0.0
4052,H2,4099,56.920998245126285,328.31374571206214,0.0,0.0
4053,Li-Ion,4100,0.0,0.0,0.0,0.0
4053,H2,4100,56.920998245126285,326.9495802056237,0.0,0.0
4054,Li-Ion,4101,0.0,4.412404559513875,0.0,0.0
4054,H2,4101,56.920998245126285,326.4063954115139,0.0,0.0
4055,Li-Ion,4102,0.0,9.770324381780721,0.0,0.0
4055,H2,4102,56.920998245126285,325.0359303178676,0.0,0.0
4056,Li-Ion,4103,0.0,15.128244204047569,0.0,0.0
4056,H2,4103,56.920998245126285,323.3640512040395,0.0,0.0
4057,Li-Ion,4104,0.0,16.18128491498018,0.0,0.0
4057,H2,4104,56.920998245126285,323.397373906595,0.0,0.0
4058,Li-Ion,4105,0.0,16.18128491498018,0.0,0.0
4058,H2,4105,56.920998245126285,322.6554983452612,0.0,0.0
4059,Li-Ion,4106,0.0,16.18128491498018,0.0,0.0
4059,H2,4106,56.920998245126285,323.8001447049802,0.0,0.0
4060,Li-Ion,4107,0.0,16.18128491498018,0.0,0.0
4060,H2,4107,56.920998245126285,323.90789614426683,0.0,0.0
4061,Li-Ion,4108,0.0,16.18128491498018,0.0,0.0
4061,H2,4108,56.920998245126285,324.9780705531441,0.0,0.0
4062,Li-Ion,4109,0.0,16.18128491498018,0.0,0.0
4062,H2,4109,56.920998245126285,328.65357322844727,0.0,0.0
4063,Li-Ion,4110,0.0,0.0,0.0,0.0
4063,H2,4110,56.920998245126285,331.09517674714687,0.0,0.0
4064,Li-Ion,4111,0.0,0.0,0.0,0.0
4064,H2,4111,56.920998245126285,331.1767698353345,0.0,0.0
4065,Li-Ion,4112,0.0,0.0,0.0,0.0
4065,H2,4112,56.920998245126285,330.6398204602268,0.0,0.0
4066,Li-Ion,4113,0.0,0.0,0.0,0.0
4066,H2,4113,56.920998245126285,330.37871119382675,0.0,0.0
4067,Li-Ion,4114,0.0,0.0,0.0,0.0
4067,H2,4114,56.920998245126285,329.96801354499,0.0,0.0
4068,Li-Ion,4115,0.0,0.0,0.0,0.0
4068,H2,4115,56.920998245126285,329.57157776840063,0.0,0.0
4069,Li-Ion,4116,0.0,0.0,0.0,0.0
4069,H2,4116,56.920998245126285,329.401868895859,0.0,0.0
4070,Li-Ion,4117,0.0,0.0,0.0,0.0
4070,H2,4117,56.920998245126285,328.5529111860996,0.0,0.0
4071,Li-Ion,4118,0.0,0.0,0.0,0.0
4071,H2,4118,56.920998245126285,334.06783153336477,0.0,0.0
4072,Li-Ion,4119,0.0,4.412404559513875,0.0,0.0
4072,H2,4119,56.920998245126285,336.85990469615126,0.0,0.0
4073,Li-Ion,4120,0.0,9.770324381780721,0.0,0.0
4073,H2,4120,56.920998245126285,338.0772203191554,0.0,0.0
4074,Li-Ion,4121,0.0,15.128244204047569,0.0,0.0
4074,H2,4121,56.920998245126285,337.7601197645043,0.0,0.0
4075,Li-Ion,4122,0.0,16.18128491498018,0.0,0.0
4075,H2,4122,56.920998245126285,336.60694778155903,0.0,0.0
4076,Li-Ion,4123,0.0,16.18128491498018,0.0,0.0
4076,H2,4123,56.920998245126285,331.1380352259553,0.0,0.0
4077,Li-Ion,4124,0.0,0.0,0.0,0.0
4077,H2,4124,56.920998245126285,331.38379226677085,0.0,0.0
4078,Li-Ion,4125,0.0,0.0,0.0,0.0
4078,H2,4125,56.920998245126285,331.3157328011716,0.0,0.0
4079,Li-Ion,4126,0.0,0.0,0.0,0.0
4079,H2,4126,56.920998245126285,330.93325458447623,0.0,0.0
4080,Li-Ion,4127,0.0,0.0,0.0,0.0
4080,H2,4127,56.920998245126285,329.31058107549524,0.0,0.0
4081,Li-Ion,4128,0.0,0.0,0.0,0.0
4081,H2,4128,56.920998245126285,328.9135859554797,0.0,0.0
4082,Li-Ion,4129,0.0,0.0,0.0,0.0
4082,H2,4129,56.920998245126285,325.7894086814721,0.0,0.0
4083,Li-Ion,4130,0.0,4.412404559513875,0.0,0.0
4083,H2,4130,56.920998245126285,323.47834543338763,0.0,0.0
4084,Li-Ion,4131,0.0,0.0,0.0,0.0
4084,H2,4131,56.920998245126285,328.7693330681591,0.0,0.0
4085,Li-Ion,4132,0.0,0.0,0.0,0.0
4085,H2,4132,56.920998245126285,328.1778629611055,0.0,0.0
4086,Li-Ion,4133,0.0,0.0,0.0,0.0
4086,H2,4133,56.920998245126285,328.79150573676134,0.0,0.0
4087,Li-Ion,4134,0.0,0.0,0.0,0.0
4087,H2,4134,56.920998245126285,327.13351091042443,0.0,0.0
4088,Li-Ion,4135,0.0,0.0,0.0,0.0
4088,H2,4135,56.920998245126285,326.97241183730483,0.0,0.0
4089,Li-Ion,4136,0.0,0.0,0.0,0.0
4089,H2,4136,56.920998245126285,326.60610624226155,0.0,0.0
4090,Li-Ion,4137,0.0,0.0,0.0,0.0
4090,H2,4137,56.920998245126285,326.28648851459303,0.0,0.0
4091,Li-Ion,4138,0.0,0.0,0.0,0.0
4091,H2,4138,56.920998245126285,325.9721201678404,0.0,0.0
4092,Li-Ion,4139,0.0,0.0,0.0,0.0
4092,H2,4139,56.920998245126285,325.6641396219612,0.0,0.0
4093,Li-Ion,4140,0.0,0.0,0.0,0.0
4093,H2,4140,56.920998245126285,329.4820303103107,0.0,0.0
4094,Li-Ion,4141,0.0,0.0,0.0,0.0
4094,H2,4141,56.920998245126285,342.5015511824304,0.0,0.0
4095,Li-Ion,4142,0.0,4.412404559513875,0.0,0.0
4095,H2,4142,56.920998245126285,353.7993763070267,0.0,0.0
4096,Li-Ion,4143,0.0,15.128244204047569,0.0,0.0
4096,H2,4143,56.920998245126285,362.91158816715335,0.0,0.0
4097,Li-Ion,4144,0.0,15.128244204047569,0.0,0.0
4097,H2,4144,56.920998245126285,363.8296871805858,0.0,0.0
4098,Li-Ion,4145,0.0,16.18128491498018,0.0,0.0
4098,H2,4145,56.920998245126285,335.7976262655806,0.0,0.0
4099,Li-Ion,4146,0.0,0.0,0.0,0.0
4099,H2,4146,56.920998245126285,331.76497714724337,0.0,0.0
4100,Li-Ion,4147,0.0,0.0,0.0,0.0
4100,H2,4147,56.920998245126285,331.76497714724337,0.0,0.0
4101,Li-Ion,4148,0.0,0.0,0.0,0.0
4101,H2,4148,56.920998245126285,332.70589779341896,0.0,0.0
4102,Li-Ion,4149,0.0,4.412404559513875,0.0,0.0
4102,H2,4149,56.920998245126285,332.9573903908718,0.0,0.0
4103,Li-Ion,4150,0.0,9.770324381780721,0.0,0.0
4103,H2,4150,56.920998245126285,330.5696334847334,0.0,0.0
4104,Li-Ion,4151,0.0,0.0,0.0,0.0
4104,H2,4151,56.920998245126285,331.77216060982244,0.0,0.0
4105,Li-Ion,4152,0.0,0.0,0.0,0.0
4105,H2,4152,56.920998245126285,331.14820744886225,0.0,0.0
4106,Li-Ion,4153,0.0,0.0,0.0,0.0
4106,H2,4153,56.920998245126285,328.97417474344434,0.0,0.0
4107,Li-Ion,4154,0.0,0.0,0.0,0.0
4107,H2,4154,56.920998245126285,328.4614991883153,0.0,0.0
4108,Li-Ion,4155,0.0,0.0,0.0,0.0
4108,H2,4155,56.920998245126285,329.6883549260463,0.0,0.0
4109,Li-Ion,4156,0.0,0.0,0.0,0.0
4109,H2,4156,56.920998245126285,329.48607853558735,0.0,0.0
4110,Li-Ion,4157,0.0,4.412404559513875,0.0,0.0
4110,H2,4157,56.920998245126285,332.5479384352346,0.0,0.0
4111,Li-Ion,4158,0.0,9.770324381780721,0.0,0.0
4111,H2,4158,56.920998245126285,335.9061557044153,0.0,0.0
4112,Li-Ion,4159,0.0,15.128244204047569,0.0,0.0
4112,H2,4159,56.920998245126285,335.72479275604934,0.0,0.0
4113,Li-Ion,4160,0.0,16.18128491498018,0.0,0.0
4113,H2,4160,56.920998245126285,334.1160136684122,0.0,0.0
4114,Li-Ion,4161,0.0,16.18128491498018,0.0,0.0
4114,H2,4161,56.920998245126285,332.7727682227868,0.0,0.0
4115,Li-Ion,4162,0.0,16.18128491498018,0.0,0.0
4115,H2,4162,56.920998245126285,332.58163383645086,0.0,0.0
4116,Li-Ion,4163,0.0,15.235769652227205,0.0,0.0
4116,H2,4163,56.920998245126285,343.7291256376926,0.0,0.0
4117,Li-Ion,4164,0.0,16.18128491498018,0.0,0.0
4117,H2,4164,56.920998245126285,347.6903148013706,0.0,0.0
4118,Li-Ion,4165,0.0,16.18128491498018,0.0,0.0
4118,H2,4165,56.920998245126285,333.04073963170947,0.0,0.0
4119,Li-Ion,4166,0.0,16.18128491498018,0.0,0.0
4119,H2,4166,56.920998245126285,332.56563281937133,0.0,0.0
4120,Li-Ion,4167,0.0,16.18128491498018,0.0,0.0
4120,H2,4167,56.920998245126285,331.05545539210044,0.0,0.0
4121,Li-Ion,4168,0.0,16.18128491498018,0.0,0.0
4121,H2,4168,56.920998245126285,331.9628204781241,0.0,0.0
4122,Li-Ion,4169,0.0,16.18128491498018,0.0,0.0
4122,H2,4169,56.920998245126285,331.8934603286549,0.0,0.0
4123,Li-Ion,4170,0.0,16.18128491498018,0.0,0.0
4123,H2,4170,56.920998245126285,331.9748940542306,0.0,0.0
4124,Li-Ion,4171,0.0,0.0,0.0,0.0
4124,H2,4171,56.920998245126285,333.7813135120043,0.0,0.0
4125,Li-Ion,4172,0.0,0.0,0.0,0.0
4125,H2,4172,56.920998245126285,333.20576543266264,0.0,0.0
4126,Li-Ion,4173,0.0,0.0,0.0,0.0
4126,H2,4173,56.920998245126285,333.49835921541074,0.0,0.0
4127,Li-Ion,4174,0.0,4.412404559513875,0.0,0.0
4127,H2,4174,56.920998245126285,334.5976631396117,0.0,0.0
4128,Li-Ion,4175,0.0,9.770324381780721,0.0,0.0
4128,H2,4175,56.920998245126285,335.06741218317615,0.0,0.0
4129,Li-Ion,4176,0.0,15.128244204047569,0.0,0.0
4129,H2,4176,56.920998245126285,337.24144488859406,0.0,0.0
4130,Li-Ion,4177,0.0,16.18128491498018,0.0,0.0
4130,H2,4177,56.920998245126285,338.58656505628295,0.0,0.0
4131,Li-Ion,4178,0.0,16.18128491498018,0.0,0.0
4131,H2,4178,56.920998245126285,339.9509993228711,0.0,0.0
4132,Li-Ion,4179,0.0,16.18128491498018,0.0,0.0
4132,H2,4179,56.920998245126285,339.9509993228711,0.0,0.0
4133,Li-Ion,4180,0.0,0.0,0.0,0.0
4133,H2,4180,56.920998245126285,334.10803351254856,0.0,0.0
4134,Li-Ion,4181,0.0,0.0,0.0,0.0
4134,H2,4181,56.920998245126285,335.2869998900397,0.0,0.0
4135,Li-Ion,4182,0.0,0.0,0.0,0.0
4135,H2,4182,56.920998245126285,333.9280743111355,0.0,0.0
4136,Li-Ion,4183,0.0,0.0,0.0,0.0
4136,H2,4183,56.920998245126285,333.20613338993974,0.0,0.0
4137,Li-Ion,4184,0.0,0.0,0.0,0.0
4137,H2,4184,56.920998245126285,330.0926969222163,0.0,0.0
4138,Li-Ion,4185,0.0,0.0,0.0,0.0
4138,H2,4185,56.920998245126285,329.90156253588043,0.0,0.0
4139,Li-Ion,4186,0.0,0.0,0.0,0.0
4139,H2,4186,56.920998245126285,333.82572142815786,0.0,0.0
4140,Li-Ion,4187,0.0,4.412404559513875,0.0,0.0
4140,H2,4187,56.920998245126285,332.58877754771703,0.0,0.0
4141,Li-Ion,4188,0.0,9.770324381780721,0.0,0.0
4141,H2,4188,56.920998245126285,331.7530065358005,0.0,0.0
4142,Li-Ion,4189,0.0,15.128244204047569,0.0,0.0
4142,H2,4189,56.920998245126285,331.1115827843226,0.0,0.0
4143,Li-Ion,4190,0.0,16.18128491498018,0.0,0.0
4143,H2,4190,56.920998245126285,330.531807821846,0.0,0.0
4144,Li-Ion,4191,0.0,16.18128491498018,0.0,0.0
4144,H2,4191,56.920998245126285,330.2301202085106,0.0,0.0
4145,Li-Ion,4192,0.0,16.18128491498018,0.0,0.0
4145,H2,4192,56.920998245126285,329.9891483262504,0.0,0.0
4146,Li-Ion,4193,0.0,16.18128491498018,0.0,0.0
4146,H2,4193,56.920998245126285,329.9433079492886,0.0,0.0
4147,Li-Ion,4194,0.0,16.18128491498018,0.0,0.0
4147,H2,4194,56.920998245126285,329.96834686380186,0.0,0.0
4148,Li-Ion,4195,0.0,16.18128491498018,0.0,0.0
4148,H2,4195,56.920998245126285,330.04609462235476,0.0,0.0
4149,Li-Ion,4196,0.0,16.18128491498018,0.0,0.0
4149,H2,4196,56.920998245126285,330.3288971135036,0.0,0.0
4150,Li-Ion,4197,0.0,16.18128491498018,0.0,0.0
4150,H2,4197,56.920998245126285,328.46271689968717,0.0,0.0
4151,Li-Ion,4198,0.0,16.18128491498018,0.0,0.0
4151,H2,4198,56.920998245126285,328.46271689968717,0.0,0.0
4152,Li-Ion,4199,0.0,0.0,0.0,0.0
4152,H2,4199,56.920998245126285,327.30105502147615,0.0,0.0
4153,Li-Ion,4200,0.0,0.0,0.0,0.0
4153,H2,4200,56.920998245126285,325.13205942379784,0.0,0.0
4154,Li-Ion,4201,0.0,0.0,0.0,0.0
4154,H2,4201,56.920998245126285,324.0271037412167,0.0,0.0
4155,Li-Ion,4202,0.0,0.0,0.0,0.0
4155,H2,4202,56.920998245126285,322.2411817706859,0.0,0.0
4156,Li-Ion,4203,0.0,0.0,0.0,0.0
4156,H2,4203,56.920998245126285,320.6382794462258,0.0,0.0
4157,Li-Ion,4204,0.0,0.0,0.0,0.0
4157,H2,4204,56.920998245126285,318.193711204371,0.0,0.0
4158,Li-Ion,4205,0.0,0.0,0.0,0.0
4158,H2,4205,56.920998245126285,316.9416759541951,0.0,0.0
4159,Li-Ion,4206,0.0,0.0,0.0,0.0
4159,H2,4206,56.920998245126285,316.9234169629853,0.0,0.0
4160,Li-Ion,4207,0.0,0.0,0.0,0.0
4160,H2,4207,56.920998245126285,316.95800595603225,0.0,0.0
4161,Li-Ion,4208,0.0,0.0,0.0,0.0
4161,H2,4208,56.920998245126285,316.5838887166965,0.0,0.0
4162,Li-Ion,4209,0.0,0.0,0.0,0.0
4162,H2,4209,56.920998245126285,316.44895432893713,0.0,0.0
4163,Li-Ion,4210,0.0,0.0,0.0,0.0
4163,H2,4210,56.920998245126285,320.56744783254254,0.0,0.0
4164,Li-Ion,4211,0.0,0.0,0.0,0.0
4164,H2,4211,56.920998245126285,320.19255981592954,0.0,0.0
4165,Li-Ion,4212,0.0,0.0,0.0,0.0
4165,H2,4212,56.920998245126285,319.87490902496563,0.0,0.0
4166,Li-Ion,4213,0.0,0.0,0.0,0.0
4166,H2,4213,56.920998245126285,325.836981757934,0.0,0.0
4167,Li-Ion,4214,0.0,0.0,0.0,0.0
4167,H2,4214,56.920998245126285,323.4462146513662,0.0,0.0
4168,Li-Ion,4215,0.0,0.0,0.0,0.0
4168,H2,4215,56.920998245126285,323.3962287144082,0.0,0.0
4169,Li-Ion,4216,0.0,0.0,0.0,0.0
4169,H2,4216,56.920998245126285,323.3962287144082,0.0,0.0
4170,Li-Ion,4217,0.0,0.0,0.0,0.0
4170,H2,4217,56.920998245126285,323.3962287144082,0.0,0.0
4171,Li-Ion,4218,0.0,0.0,0.0,0.0
4171,H2,4218,56.920998245126285,323.3962287144082,0.0,0.0
4172,Li-Ion,4219,0.0,0.0,0.0,0.0
4172,H2,4219,56.920998245126285,329.1185025841119,0.0,0.0
4173,Li-Ion,4220,0.0,4.412404559513875,0.0,0.0
4173,H2,4220,56.920998245126285,329.8613472767394,0.0,0.0
4174,Li-Ion,4221,0.0,9.770324381780721,0.0,0.0
4174,H2,4221,56.920998245126285,327.6828668457601,0.0,0.0
4175,Li-Ion,4222,0.0,15.128244204047569,0.0,0.0
4175,H2,4222,56.920998245126285,328.05099862314233,0.0,0.0
4176,Li-Ion,4223,0.0,0.0,0.0,0.0
4176,H2,4223,56.920998245126285,328.6470377772653,0.0,0.0
4177,Li-Ion,4224,0.0,0.0,0.0,0.0
4177,H2,4224,56.920998245126285,327.73197925929696,0.0,0.0
4178,Li-Ion,4225,0.0,0.0,0.0,0.0
4178,H2,4225,56.920998245126285,328.1157751964206,0.0,0.0
4179,Li-Ion,4226,0.0,0.0,0.0,0.0
4179,H2,4226,56.920998245126285,329.41171784205875,0.0,0.0
4180,Li-Ion,4227,0.0,0.0,0.0,0.0
4180,H2,4227,56.920998245126285,329.03346002732735,0.0,0.0
4181,Li-Ion,4228,0.0,4.412404559513875,0.0,0.0
4181,H2,4228,56.920998245126285,330.1129433293882,0.0,0.0
4182,Li-Ion,4229,0.0,0.0,0.0,0.0
4182,H2,4229,56.920998245126285,334.34321531581134,0.0,0.0
4183,Li-Ion,4230,0.0,0.0,0.0,0.0
4183,H2,4230,56.920998245126285,334.0931322791567,0.0,0.0
4184,Li-Ion,4231,0.0,0.0,0.0,0.0
4184,H2,4231,56.920998245126285,334.35272997683523,0.0,0.0
4185,Li-Ion,4232,0.0,0.0,0.0,0.0
4185,H2,4232,56.920998245126285,334.2842413672713,0.0,0.0
4186,Li-Ion,4233,0.0,0.0,0.0,0.0
4186,H2,4233,56.920998245126285,337.51867885535074,0.0,0.0
4187,Li-Ion,4234,0.0,0.0,0.0,0.0
4187,H2,4234,56.920998245126285,334.38813483751846,0.0,0.0
4188,Li-Ion,4235,0.0,0.0,0.0,0.0
4188,H2,4235,56.920998245126285,334.38922266103356,0.0,0.0
4189,Li-Ion,4236,0.0,0.0,0.0,0.0
4189,H2,4236,56.920998245126285,334.38922266103356,0.0,0.0
4190,Li-Ion,4237,0.0,0.0,0.0,0.0
4190,H2,4237,56.920998245126285,336.2118254237818,0.0,0.0
4191,Li-Ion,4238,0.0,0.0,0.0,0.0
4191,H2,4238,56.920998245126285,335.92814381944345,0.0,0.0
4192,Li-Ion,4239,0.0,0.0,0.0,0.0
4192,H2,4239,56.920998245126285,337.7609017346532,0.0,0.0
4193,Li-Ion,4240,0.0,0.0,0.0,0.0
4193,H2,4240,56.920998245126285,335.6638216789406,0.0,0.0
4194,Li-Ion,4241,0.0,0.0,0.0,0.0
4194,H2,4241,56.920998245126285,335.57039326436563,0.0,0.0
4195,Li-Ion,4242,0.0,0.0,0.0,0.0
4195,H2,4242,56.920998245126285,335.67609555743445,0.0,0.0
4196,Li-Ion,4243,0.0,0.0,0.0,0.0
4196,H2,4243,56.920998245126285,335.9190849728418,0.0,0.0
4197,Li-Ion,4244,0.0,0.0,0.0,0.0
4197,H2,4244,56.920998245126285,334.38922266103356,0.0,0.0
4198,Li-Ion,4245,0.0,0.0,0.0,0.0
4198,H2,4245,56.920998245126285,335.26966025844587,0.0,0.0
4199,Li-Ion,4246,0.0,4.412404559513875,0.0,0.0
4199,H2,4246,56.920998245126285,335.9833701013929,0.0,0.0
4200,Li-Ion,4247,0.0,0.0,0.0,0.0
4200,H2,4247,56.920998245126285,336.8382684821498,0.0,0.0
4201,Li-Ion,4248,0.0,0.0,0.0,0.0
4201,H2,4248,56.920998245126285,337.9497230767968,0.0,0.0
4202,Li-Ion,4249,0.0,0.0,0.0,0.0
4202,H2,4249,56.920998245126285,335.7453010663684,0.0,0.0
4203,Li-Ion,4250,0.0,4.412404559513875,0.0,0.0
4203,H2,4250,56.920998245126285,330.8242433892182,0.0,0.0
4204,Li-Ion,4251,0.0,0.0,0.0,0.0
4204,H2,4251,56.920998245126285,334.96485115965845,0.0,0.0
4205,Li-Ion,4252,0.0,0.0,0.0,0.0
4205,H2,4252,56.920998245126285,331.8365791741006,0.0,0.0
4206,Li-Ion,4253,0.0,0.0,0.0,0.0
4206,H2,4253,56.920998245126285,331.880580823655,0.0,0.0
4207,Li-Ion,4254,0.0,0.0,0.0,0.0
4207,H2,4254,56.920998245126285,327.3227563258948,0.0,0.0
4208,Li-Ion,4255,0.0,0.0,0.0,0.0
4208,H2,4255,56.920998245126285,323.26452843104215,0.0,0.0
4209,Li-Ion,4256,0.0,0.0,0.0,0.0
4209,H2,4256,56.920998245126285,318.6066452269418,0.0,0.0
4210,Li-Ion,4257,0.0,0.0,0.0,0.0
4210,H2,4257,56.920998245126285,318.6066452269418,0.0,0.0
4211,Li-Ion,4258,0.0,0.0,0.0,0.0
4211,H2,4258,56.920998245126285,318.50275175669464,0.0,0.0
4212,Li-Ion,4259,0.0,0.0,0.0,0.0
4212,H2,4259,56.920998245126285,321.33593415703064,0.0,0.0
4213,Li-Ion,4260,0.0,4.412404559513875,0.0,0.0
4213,H2,4260,56.920998245126285,321.76580488133726,0.0,0.0
4214,Li-Ion,4261,0.0,9.770324381780721,0.0,0.0
4214,H2,4261,56.920998245126285,321.53215683413805,0.0,0.0
4215,Li-Ion,4262,0.0,15.128244204047569,0.0,0.0
4215,H2,4262,56.920998245126285,317.4957092387639,0.0,0.0
4216,Li-Ion,4263,0.0,16.18128491498018,0.0,0.0
4216,H2,4263,56.920998245126285,317.14175550026124,0.0,0.0
4217,Li-Ion,4264,0.0,0.0,0.0,0.0
4217,H2,4264,56.920998245126285,314.7767006873319,0.0,0.0
4218,Li-Ion,4265,0.0,0.0,0.0,0.0
4218,H2,4265,56.920998245126285,314.7767006873319,0.0,0.0
4219,Li-Ion,4266,0.0,0.0,0.0,0.0
4219,H2,4266,56.920998245126285,314.7767006873319,0.0,0.0
4220,Li-Ion,4267,0.0,0.0,0.0,0.0
4220,H2,4267,56.920998245126285,314.7767006873319,0.0,0.0
4221,Li-Ion,4268,0.0,0.0,0.0,0.0
4221,H2,4268,56.920998245126285,314.7767006873319,0.0,0.0
4222,Li-Ion,4269,0.0,0.0,0.0,0.0
4222,H2,4269,56.920998245126285,314.7767006873319,0.0,0.0
4223,Li-Ion,4270,0.0,0.0,0.0,0.0
4223,H2,4270,56.920998245126285,314.69064949424927,0.0,0.0
4224,Li-Ion,4271,0.0,0.0,0.0,0.0
4224,H2,4271,56.920998245126285,316.1318622619311,0.0,0.0
4225,Li-Ion,4272,0.0,0.0,0.0,0.0
4225,H2,4272,56.920998245126285,313.0076849879234,0.0,0.0
4226,Li-Ion,4273,0.0,0.0,0.0,0.0
4226,H2,4273,56.920998245126285,313.73473865866015,0.0,0.0
4227,Li-Ion,4274,0.0,0.0,0.0,0.0
4227,H2,4274,56.920998245126285,311.0512436242698,0.0,0.0
4228,Li-Ion,4275,0.0,0.0,0.0,0.0
4228,H2,4275,56.920998245126285,308.7607638733222,0.0,0.0
4229,Li-Ion,4276,0.0,0.0,0.0,0.0
4229,H2,4276,56.920998245126285,305.456593338861,0.0,0.0
4230,Li-Ion,4277,0.0,0.0,0.0,0.0
4230,H2,4277,56.920998245126285,304.3202732813271,0.0,0.0
4231,Li-Ion,4278,0.0,0.0,0.0,0.0
4231,H2,4278,56.920998245126285,300.64454448100724,0.0,0.0
4232,Li-Ion,4279,0.0,0.0,0.0,0.0
4232,H2,4279,56.920998245126285,300.58310142607024,0.0,0.0
4233,Li-Ion,4280,0.0,0.0,0.0,0.0
4233,H2,4280,56.920998245126285,300.5091610498202,0.0,0.0
4234,Li-Ion,4281,0.0,0.0,0.0,0.0
4234,H2,4281,56.920998245126285,300.0309594910421,0.0,0.0
4235,Li-Ion,4282,0.0,0.0,0.0,0.0
4235,H2,4282,56.920998245126285,298.9545358008927,0.0,0.0
4236,Li-Ion,4283,0.0,4.412404559513875,0.0,0.0
4236,H2,4283,56.920998245126285,297.72562559383937,0.0,0.0
4237,Li-Ion,4284,0.0,9.770324381780721,0.0,0.0
4237,H2,4284,56.920998245126285,297.2821857221093,0.0,0.0
4238,Li-Ion,4285,0.0,15.128244204047569,0.0,0.0
4238,H2,4285,56.920998245126285,298.5993187617049,0.0,0.0
4239,Li-Ion,4286,0.0,16.18128491498018,0.0,0.0
4239,H2,4286,56.920998245126285,297.9174115316215,0.0,0.0
4240,Li-Ion,4287,0.0,16.18128491498018,0.0,0.0
4240,H2,4287,56.920998245126285,297.3336307041168,0.0,0.0
4241,Li-Ion,4288,0.0,16.18128491498018,0.0,0.0
4241,H2,4288,56.920998245126285,292.87564343067845,0.0,0.0
4242,Li-Ion,4289,0.0,16.18128491498018,0.0,0.0
4242,H2,4289,56.920998245126285,287.2318588826549,0.0,0.0
4243,Li-Ion,4290,0.0,16.18128491498018,0.0,0.0
4243,H2,4290,56.920998245126285,287.1475209374582,0.0,0.0
4244,Li-Ion,4291,0.0,0.0,0.0,0.0
4244,H2,4291,56.920998245126285,285.5030353612855,0.0,0.0
4245,Li-Ion,4292,0.0,0.0,0.0,0.0
4245,H2,4292,56.920998245126285,285.5030353612855,0.0,0.0
4246,Li-Ion,4293,0.0,0.0,0.0,0.0
4246,H2,4293,56.920998245126285,284.83347496927473,0.0,0.0
4247,Li-Ion,4294,0.0,0.0,0.0,0.0
4247,H2,4294,56.920998245126285,284.8973818896267,0.0,0.0
4248,Li-Ion,4295,0.0,0.0,0.0,0.0
4248,H2,4295,56.920998245126285,282.6789622742065,0.0,0.0
4249,Li-Ion,4296,0.0,0.0,0.0,0.0
4249,H2,4296,56.920998245126285,282.37824309230626,0.0,0.0
4250,Li-Ion,4297,0.0,0.0,0.0,0.0
4250,H2,4297,56.920998245126285,280.9270651276497,0.0,0.0
4251,Li-Ion,4298,0.0,4.412404559513875,0.0,0.0
4251,H2,4298,56.920998245126285,283.55374881099664,0.0,0.0
4252,Li-Ion,4299,0.0,9.770324381780721,0.0,0.0
4252,H2,4299,56.920998245126285,284.8397558007482,0.0,0.0
4253,Li-Ion,4300,0.0,15.128244204047569,0.0,0.0
4253,H2,4300,56.920998245126285,287.5203309398606,0.0,0.0
4254,Li-Ion,4301,0.0,0.0,0.0,0.0
4254,H2,4301,56.920998245126285,300.20695162146075,0.0,0.0
4255,Li-Ion,4302,0.0,0.0,0.0,0.0
4255,H2,4302,56.920998245126285,300.27903257844656,0.0,0.0
4256,Li-Ion,4303,0.0,0.0,0.0,0.0
4256,H2,4303,56.920998245126285,295.8169323088425,0.0,0.0
4257,Li-Ion,4304,0.0,0.0,0.0,0.0
4257,H2,4304,56.920998245126285,295.2657770617233,0.0,0.0
4258,Li-Ion,4305,0.0,0.0,0.0,0.0
4258,H2,4305,56.920998245126285,298.09011773372146,0.0,0.0
4259,Li-Ion,4306,0.0,4.412404559513875,0.0,0.0
4259,H2,4306,56.920998245126285,298.56359626696184,0.0,0.0
4260,Li-Ion,4307,0.0,3.466889296760902,0.0,0.0
4260,H2,4307,56.920998245126285,307.3838590640354,0.0,0.0
4261,Li-Ion,4308,0.0,8.824809119027748,0.0,0.0
4261,H2,4308,56.920998245126285,316.21876320667553,0.0,0.0
4262,Li-Ion,4309,0.0,21.539204737247026,0.0,0.0
4262,H2,4309,56.920998245126285,323.59295252749695,0.0,0.0
4263,Li-Ion,4310,0.0,21.539204737247026,0.0,0.0
4263,H2,4310,56.920998245126285,332.3118643255621,0.0,0.0
4264,Li-Ion,4311,0.0,21.539204737247026,0.0,0.0
4264,H2,4311,56.920998245126285,341.17449531872666,0.0,0.0
4265,Li-Ion,4312,0.0,16.18128491498018,0.0,0.0
4265,H2,4312,56.920998245126285,343.39516053369266,0.0,0.0
4266,Li-Ion,4313,0.0,16.18128491498018,0.0,0.0
4266,H2,4313,56.920998245126285,296.9295266113925,0.0,0.0
4267,Li-Ion,4314,0.0,16.18128491498018,0.0,0.0
4267,H2,4314,56.920998245126285,296.8953044425541,0.0,0.0
4268,Li-Ion,4315,0.0,16.18128491498018,0.0,0.0
4268,H2,4315,56.920998245126285,291.21058410422256,0.0,0.0
4269,Li-Ion,4316,0.0,16.18128491498018,0.0,0.0
4269,H2,4316,56.920998245126285,291.96597890992336,0.0,0.0
4270,Li-Ion,4317,0.0,16.18128491498018,0.0,0.0
4270,H2,4317,56.920998245126285,290.5637498606187,0.0,0.0
4271,Li-Ion,4318,0.0,16.18128491498018,0.0,0.0
4271,H2,4318,56.920998245126285,291.58859333643886,0.0,0.0
4272,Li-Ion,4319,0.0,16.18128491498018,0.0,0.0
4272,H2,4319,56.920998245126285,292.9984067019437,0.0,0.0
4273,Li-Ion,4320,0.0,16.18128491498018,0.0,0.0
4273,H2,4320,56.920998245126285,293.47192477646837,0.0,0.0
4274,Li-Ion,4321,0.0,0.0,0.0,0.0
4274,H2,4321,56.920998245126285,285.203601899496,0.0,0.0
4275,Li-Ion,4322,0.0,0.0,0.0,0.0
4275,H2,4322,56.920998245126285,283.92057619923486,0.0,0.0
4276,Li-Ion,4323,0.0,0.0,0.0,0.0
4276,H2,4323,56.920998245126285,278.96080073821076,0.0,0.0
4277,Li-Ion,4324,0.0,0.0,0.0,0.0
4277,H2,4324,56.920998245126285,276.54157994122426,0.0,0.0
4278,Li-Ion,4325,0.0,4.412404559513875,0.0,0.0
4278,H2,4325,56.920998245126285,269.6784139192769,0.0,0.0
4279,Li-Ion,4326,0.0,0.0,0.0,0.0
4279,H2,4326,56.920998245126285,275.31395443673296,0.0,0.0
4280,Li-Ion,4327,0.0,0.0,0.0,0.0
4280,H2,4327,56.920998245126285,275.35051669103984,0.0,0.0
4281,Li-Ion,4328,0.0,0.0,0.0,0.0
4281,H2,4328,56.920998245126285,275.35051669103984,0.0,0.0
4282,Li-Ion,4329,0.0,0.0,0.0,0.0
4282,H2,4329,56.920998245126285,281.361645651334,0.0,0.0
4283,Li-Ion,4330,0.0,4.412404559513875,0.0,0.0
4283,H2,4330,56.920998245126285,279.12209568621415,0.0,0.0
4284,Li-Ion,4331,0.0,9.770324381780721,0.0,0.0
4284,H2,4331,56.920998245126285,279.95509786778916,0.0,0.0
4285,Li-Ion,4332,0.0,8.824809119027748,0.0,0.0
4285,H2,4332,56.920998245126285,289.1168279512909,0.0,0.0
4286,Li-Ion,4333,0.0,14.182728941294595,0.0,0.0
4286,H2,4333,56.920998245126285,297.90776378534406,0.0,0.0
4287,Li-Ion,4334,0.0,16.18128491498018,0.0,0.0
4287,H2,4334,56.920998245126285,299.01067181986434,0.0,0.0
4288,Li-Ion,4335,0.0,16.18128491498018,0.0,0.0
4288,H2,4335,56.920998245126285,278.3457944679747,0.0,0.0
4289,Li-Ion,4336,0.0,16.18128491498018,0.0,0.0
4289,H2,4336,56.920998245126285,278.01670888099164,0.0,0.0
4290,Li-Ion,4337,0.0,16.18128491498018,0.0,0.0
4290,H2,4337,56.920998245126285,277.8983891000588,0.0,0.0
4291,Li-Ion,4338,0.0,0.0,0.0,0.0
4291,H2,4338,56.920998245126285,275.35051669103984,0.0,0.0
4292,Li-Ion,4339,0.0,0.0,0.0,0.0
4292,H2,4339,56.920998245126285,275.41232789507427,0.0,0.0
4293,Li-Ion,4340,0.0,0.0,0.0,0.0
4293,H2,4340,56.920998245126285,275.35051669103984,0.0,0.0
4294,Li-Ion,4341,0.0,0.0,0.0,0.0
4294,H2,4341,56.920998245126285,275.35051669103984,0.0,0.0
4295,Li-Ion,4342,0.0,0.0,0.0,0.0
4295,H2,4342,56.920998245126285,275.26608508817844,0.0,0.0
4296,Li-Ion,4343,0.0,4.412404559513875,0.0,0.0
4296,H2,4343,56.920998245126285,275.9544788389146,0.0,0.0
4297,Li-Ion,4344,0.0,9.770324381780721,0.0,0.0
4297,H2,4344,56.920998245126285,273.80335736013564,0.0,0.0
4298,Li-Ion,4345,0.0,15.128244204047569,0.0,0.0
4298,H2,4345,56.920998245126285,272.19154800391635,0.0,0.0
4299,Li-Ion,4346,0.0,16.18128491498018,0.0,0.0
4299,H2,4346,56.920998245126285,272.8324823267609,0.0,0.0
4300,Li-Ion,4347,0.0,16.18128491498018,0.0,0.0
4300,H2,4347,56.920998245126285,273.00032971810765,0.0,0.0
4301,Li-Ion,4348,0.0,0.0,0.0,0.0
4301,H2,4348,56.920998245126285,278.8585594441651,0.0,0.0
4302,Li-Ion,4349,0.0,0.0,0.0,0.0
4302,H2,4349,56.920998245126285,278.65651303128317,0.0,0.0
4303,Li-Ion,4350,0.0,0.0,0.0,0.0
4303,H2,4350,56.920998245126285,278.3311905547157,0.0,0.0
4304,Li-Ion,4351,0.0,0.0,0.0,0.0
4304,H2,4351,56.920998245126285,278.23057498399663,0.0,0.0
4305,Li-Ion,4352,0.0,0.0,0.0,0.0
4305,H2,4352,56.920998245126285,278.35193687603856,0.0,0.0
4306,Li-Ion,4353,0.0,0.0,0.0,0.0
4306,H2,4353,56.920998245126285,278.33746629346564,0.0,0.0
4307,Li-Ion,4354,0.0,0.0,0.0,0.0
4307,H2,4354,56.920998245126285,281.4174518160671,0.0,0.0
4308,Li-Ion,4355,0.0,4.412404559513875,0.0,0.0
4308,H2,4355,56.920998245126285,288.8960613948164,0.0,0.0
4309,Li-Ion,4356,0.0,3.466889296760902,0.0,0.0
4309,H2,4356,56.920998245126285,297.3684061025681,0.0,0.0
4310,Li-Ion,4357,0.0,8.824809119027748,0.0,0.0
4310,H2,4357,56.920998245126285,303.98915432255563,0.0,0.0
4311,Li-Ion,4358,0.0,16.18128491498018,0.0,0.0
4311,H2,4358,56.920998245126285,307.51445513355605,0.0,0.0
4312,Li-Ion,4359,0.0,16.18128491498018,0.0,0.0
4312,H2,4359,56.920998245126285,288.86451153661716,0.0,0.0
4313,Li-Ion,4360,0.0,16.18128491498018,0.0,0.0
4313,H2,4360,56.920998245126285,288.50545388197105,0.0,0.0
4314,Li-Ion,4361,0.0,0.0,0.0,0.0
4314,H2,4361,56.920998245126285,285.89685131289406,0.0,0.0
4315,Li-Ion,4362,0.0,0.0,0.0,0.0
4315,H2,4362,56.920998245126285,285.98220751149734,0.0,0.0
4316,Li-Ion,4363,0.0,0.0,0.0,0.0
4316,H2,4363,56.920998245126285,286.2669389920189,0.0,0.0
4317,Li-Ion,4364,0.0,0.0,0.0,0.0
4317,H2,4364,56.920998245126285,287.66900779400777,0.0,0.0
4318,Li-Ion,4365,0.0,4.412404559513875,0.0,0.0
4318,H2,4365,56.920998245126285,285.548469962612,0.0,0.0
4319,Li-Ion,4366,0.0,9.770324381780721,0.0,0.0
4319,H2,4366,56.920998245126285,285.3327388073938,0.0,0.0
4320,Li-Ion,4367,0.0,0.0,0.0,0.0
4320,H2,4367,56.920998245126285,285.8681087488066,0.0,0.0
4321,Li-Ion,4368,0.0,0.0,0.0,0.0
4321,H2,4368,56.920998245126285,285.8681087488066,0.0,0.0
4322,Li-Ion,4369,0.0,0.0,0.0,0.0
4322,H2,4369,56.920998245126285,283.26840759984344,0.0,0.0
4323,Li-Ion,4370,0.0,4.412404559513875,0.0,0.0
4323,H2,4370,56.920998245126285,283.55431934760827,0.0,0.0
4324,Li-Ion,4371,0.0,0.0,0.0,0.0
4324,H2,4371,56.920998245126285,284.2911906605222,0.0,0.0
4325,Li-Ion,4372,0.0,0.0,0.0,0.0
4325,H2,4372,56.920998245126285,283.67974734063654,0.0,0.0
4326,Li-Ion,4373,0.0,0.0,0.0,0.0
4326,H2,4373,56.920998245126285,283.05659095699787,0.0,0.0
4327,Li-Ion,4374,0.0,0.0,0.0,0.0
4327,H2,4374,56.920998245126285,283.54107086820164,0.0,0.0
4328,Li-Ion,4375,0.0,0.0,0.0,0.0
4328,H2,4375,56.920998245126285,283.6959782016626,0.0,0.0
4329,Li-Ion,4376,0.0,0.0,0.0,0.0
4329,H2,4376,56.920998245126285,283.89985024241366,0.0,0.0
4330,Li-Ion,4377,0.0,0.0,0.0,0.0
4330,H2,4377,56.920998245126285,283.89985024241366,0.0,0.0
4331,Li-Ion,4378,0.0,0.0,0.0,0.0
4331,H2,4378,56.920998245126285,290.02451129526315,0.0,0.0
4332,Li-Ion,4379,0.0,4.412404559513875,0.0,0.0
4332,H2,4379,56.920998245126285,291.23953796477565,0.0,0.0
4333,Li-Ion,4380,0.0,3.466889296760902,0.0,0.0
4333,H2,4380,56.920998245126285,304.3532028416146,0.0,0.0
4334,Li-Ion,4381,0.0,15.128244204047569,0.0,0.0
4334,H2,4381,56.920998245126285,301.647273820103,0.0,0.0
4335,Li-Ion,4382,0.0,16.18128491498018,0.0,0.0
4335,H2,4382,56.920998245126285,292.21400349860585,0.0,0.0
4336,Li-Ion,4383,0.0,16.18128491498018,0.0,0.0
4336,H2,4383,56.920998245126285,291.77044978488,0.0,0.0
4337,Li-Ion,4384,0.0,16.18128491498018,0.0,0.0
4337,H2,4384,56.920998245126285,296.17972352128766,0.0,0.0
4338,Li-Ion,4385,0.0,16.18128491498018,0.0,0.0
4338,H2,4385,56.920998245126285,295.8922092364251,0.0,0.0
4339,Li-Ion,4386,0.0,16.18128491498018,0.0,0.0
4339,H2,4386,56.920998245126285,295.58385271486975,0.0,0.0
4340,Li-Ion,4387,0.0,16.18128491498018,0.0,0.0
4340,H2,4387,56.920998245126285,295.5413580276724,0.0,0.0
4341,Li-Ion,4388,0.0,16.18128491498018,0.0,0.0
4341,H2,4388,56.920998245126285,295.6380794521863,0.0,0.0
4342,Li-Ion,4389,0.0,16.18128491498018,0.0,0.0
4342,H2,4389,56.920998245126285,292.4731265051174,0.0,0.0
4343,Li-Ion,4390,0.0,16.18128491498018,0.0,0.0
4343,H2,4390,56.920998245126285,292.4731265051174,0.0,0.0
4344,Li-Ion,4391,0.0,16.18128491498018,0.0,0.0
4344,H2,4391,56.920998245126285,293.3958646543524,0.0,0.0
4345,Li-Ion,4392,0.0,16.18128491498018,0.0,0.0
4345,H2,4392,56.920998245126285,293.3958646543524,0.0,0.0
4346,Li-Ion,4393,0.0,16.18128491498018,0.0,0.0
4346,H2,4393,56.920998245126285,293.3958646543524,0.0,0.0
4347,Li-Ion,4394,0.0,16.18128491498018,0.0,0.0
4347,H2,4394,56.920998245126285,294.84714771459943,0.0,0.0
4348,Li-Ion,4395,0.0,0.0,0.0,0.0
4348,H2,4395,56.920998245126285,294.671272599375,0.0,0.0
4349,Li-Ion,4396,0.0,0.0,0.0,0.0
4349,H2,4396,56.920998245126285,294.2407325392227,0.0,0.0
4350,Li-Ion,4397,0.0,0.0,0.0,0.0
4350,H2,4397,56.920998245126285,295.15951174322186,0.0,0.0
4351,Li-Ion,4398,0.0,0.0,0.0,0.0
4351,H2,4398,56.920998245126285,293.11896829617257,0.0,0.0
4352,Li-Ion,4399,0.0,0.0,0.0,0.0
4352,H2,4399,56.920998245126285,293.0813435165719,0.0,0.0
4353,Li-Ion,4400,0.0,0.0,0.0,0.0
4353,H2,4400,56.920998245126285,292.71064868013633,0.0,0.0
4354,Li-Ion,4401,0.0,0.0,0.0,0.0
4354,H2,4401,56.920998245126285,295.92965425323416,0.0,0.0
4355,Li-Ion,4402,0.0,4.412404559513875,0.0,0.0
4355,H2,4402,56.920998245126285,299.7921613802489,0.0,0.0
4356,Li-Ion,4403,0.0,9.770324381780721,0.0,0.0
4356,H2,4403,56.920998245126285,300.4431954795524,0.0,0.0
4357,Li-Ion,4404,0.0,8.824809119027748,0.0,0.0
4357,H2,4404,56.920998245126285,307.0531052974294,0.0,0.0
4358,Li-Ion,4405,0.0,14.182728941294595,0.0,0.0
4358,H2,4405,56.920998245126285,315.94069298588795,0.0,0.0
4359,Li-Ion,4406,0.0,21.539204737247026,0.0,0.0
4359,H2,4406,56.920998245126285,320.9607392012967,0.0,0.0
4360,Li-Ion,4407,0.0,21.539204737247026,0.0,0.0
4360,H2,4407,56.920998245126285,329.83676560262967,0.0,0.0
4361,Li-Ion,4408,0.0,16.18128491498018,0.0,0.0
4361,H2,4408,56.920998245126285,333.1847005842266,0.0,0.0
4362,Li-Ion,4409,0.0,16.18128491498018,0.0,0.0
4362,H2,4409,56.920998245126285,296.1325999326471,0.0,0.0
4363,Li-Ion,4410,0.0,16.18128491498018,0.0,0.0
4363,H2,4410,56.920998245126285,295.9868442307346,0.0,0.0
4364,Li-Ion,4411,0.0,16.18128491498018,0.0,0.0
4364,H2,4411,56.920998245126285,296.0011440503139,0.0,0.0
4365,Li-Ion,4412,0.0,16.18128491498018,0.0,0.0
4365,H2,4412,56.920998245126285,296.09329914588653,0.0,0.0
4366,Li-Ion,4413,0.0,16.18128491498018,0.0,0.0
4366,H2,4413,56.920998245126285,292.71064868013633,0.0,0.0
4367,Li-Ion,4414,0.0,16.18128491498018,0.0,0.0
4367,H2,4414,56.920998245126285,292.71064868013633,0.0,0.0
4368,Li-Ion,4415,0.0,16.18128491498018,0.0,0.0
4368,H2,4415,56.920998245126285,292.71064868013633,0.0,0.0
4369,Li-Ion,4416,0.0,16.18128491498018,0.0,0.0
4369,H2,4416,56.920998245126285,292.71064868013633,0.0,0.0
4370,Li-Ion,4417,0.0,16.18128491498018,0.0,0.0
4370,H2,4417,56.920998245126285,292.71064868013633,0.0,0.0
4371,Li-Ion,4418,0.0,16.18128491498018,0.0,0.0
4371,H2,4418,56.920998245126285,293.9294999554201,0.0,0.0
4372,Li-Ion,4419,0.0,0.0,0.0,0.0
4372,H2,4419,56.920998245126285,293.81520236123373,0.0,0.0
4373,Li-Ion,4420,0.0,0.0,0.0,0.0
4373,H2,4420,56.920998245126285,293.56534722932827,0.0,0.0
4374,Li-Ion,4421,0.0,0.0,0.0,0.0
4374,H2,4421,56.920998245126285,290.0054916549646,0.0,0.0
4375,Li-Ion,4422,0.0,0.0,0.0,0.0
4375,H2,4422,56.920998245126285,290.63113690582935,0.0,0.0
4376,Li-Ion,4423,0.0,0.0,0.0,0.0
4376,H2,4423,56.920998245126285,290.463389460157,0.0,0.0
4377,Li-Ion,4424,0.0,0.0,0.0,0.0
4377,H2,4424,56.920998245126285,290.7928202907757,0.0,0.0
4378,Li-Ion,4425,0.0,0.0,0.0,0.0
4378,H2,4425,56.920998245126285,290.7928202907757,0.0,0.0
4379,Li-Ion,4426,0.0,0.0,0.0,0.0
4379,H2,4426,56.920998245126285,297.33444448527655,0.0,0.0
4380,Li-Ion,4427,0.0,4.412404559513875,0.0,0.0
4380,H2,4427,56.920998245126285,294.4629028221692,0.0,0.0
4381,Li-Ion,4428,0.0,3.466889296760902,0.0,0.0
4381,H2,4428,56.920998245126285,306.94046883124093,0.0,0.0
4382,Li-Ion,4429,0.0,8.824809119027748,0.0,0.0
4382,H2,4429,56.920998245126285,320.2227686523653,0.0,0.0
4383,Li-Ion,4430,0.0,21.539204737247026,0.0,0.0
4383,H2,4430,56.920998245126285,325.680642252028,0.0,0.0
4384,Li-Ion,4431,0.0,21.539204737247026,0.0,0.0
4384,H2,4431,56.920998245126285,334.3142619317965,0.0,0.0
4385,Li-Ion,4432,0.0,16.18128491498018,0.0,0.0
4385,H2,4432,56.920998245126285,337.55745595273333,0.0,0.0
4386,Li-Ion,4433,0.0,16.18128491498018,0.0,0.0
4386,H2,4433,56.920998245126285,301.1951777605402,0.0,0.0
4387,Li-Ion,4434,0.0,16.18128491498018,0.0,0.0
4387,H2,4434,56.920998245126285,305.4290119306767,0.0,0.0
4388,Li-Ion,4435,0.0,0.0,0.0,0.0
4388,H2,4435,56.920998245126285,302.30434007644305,0.0,0.0
4389,Li-Ion,4436,0.0,0.0,0.0,0.0
4389,H2,4436,56.920998245126285,299.3181245525288,0.0,0.0
4390,Li-Ion,4437,0.0,0.0,0.0,0.0
4390,H2,4437,56.920998245126285,298.31605573738653,0.0,0.0
4391,Li-Ion,4438,0.0,0.0,0.0,0.0
4391,H2,4438,56.920998245126285,298.31605573738653,0.0,0.0
4392,Li-Ion,4439,0.0,0.0,0.0,0.0
4392,H2,4439,56.920998245126285,295.39625981110964,0.0,0.0
4393,Li-Ion,4440,0.0,4.412404559513875,0.0,0.0
4393,H2,4440,56.920998245126285,292.1958064278253,0.0,0.0
4394,Li-Ion,4441,0.0,9.770324381780721,0.0,0.0
4394,H2,4441,56.920998245126285,289.01828823228743,0.0,0.0
4395,Li-Ion,4442,0.0,15.128244204047569,0.0,0.0
4395,H2,4442,56.920998245126285,287.22238319993755,0.0,0.0
4396,Li-Ion,4443,0.0,0.0,0.0,0.0
4396,H2,4443,56.920998245126285,301.5293878715049,0.0,0.0
4397,Li-Ion,4444,0.0,0.0,0.0,0.0
4397,H2,4444,56.920998245126285,303.57277634641224,0.0,0.0
4398,Li-Ion,4445,0.0,0.0,0.0,0.0
4398,H2,4445,56.920998245126285,304.13804106763376,0.0,0.0
4399,Li-Ion,4446,0.0,0.0,0.0,0.0
4399,H2,4446,56.920998245126285,304.47934984032185,0.0,0.0
4400,Li-Ion,4447,0.0,0.0,0.0,0.0
4400,H2,4447,56.920998245126285,304.2797342253013,0.0,0.0
4401,Li-Ion,4448,0.0,0.0,0.0,0.0
4401,H2,4448,56.920998245126285,303.94619449451625,0.0,0.0
4402,Li-Ion,4449,0.0,0.0,0.0,0.0
4402,H2,4449,56.920998245126285,303.8372224063468,0.0,0.0
4403,Li-Ion,4450,0.0,0.0,0.0,0.0
4403,H2,4450,56.920998245126285,303.7448775741146,0.0,0.0
4404,Li-Ion,4451,0.0,0.0,0.0,0.0
4404,H2,4451,56.920998245126285,303.9228632099395,0.0,0.0
4405,Li-Ion,4452,0.0,0.0,0.0,0.0
4405,H2,4452,56.920998245126285,306.46508444276344,0.0,0.0
4406,Li-Ion,4453,0.0,4.412404559513875,0.0,0.0
4406,H2,4453,56.920998245126285,308.9812114371524,0.0,0.0
4407,Li-Ion,4454,0.0,9.770324381780721,0.0,0.0
4407,H2,4454,56.920998245126285,309.25043125495034,0.0,0.0
4408,Li-Ion,4455,0.0,15.128244204047569,0.0,0.0
4408,H2,4455,56.920998245126285,309.0938162915528,0.0,0.0
4409,Li-Ion,4456,0.0,16.18128491498018,0.0,0.0
4409,H2,4456,56.920998245126285,308.856265993721,0.0,0.0
4410,Li-Ion,4457,0.0,16.18128491498018,0.0,0.0
4410,H2,4457,56.920998245126285,309.24761424351686,0.0,0.0
4411,Li-Ion,4458,0.0,0.0,0.0,0.0
4411,H2,4458,56.920998245126285,306.50628001180417,0.0,0.0
4412,Li-Ion,4459,0.0,0.0,0.0,0.0
4412,H2,4459,56.920998245126285,306.84454891158396,0.0,0.0
4413,Li-Ion,4460,0.0,0.0,0.0,0.0
4413,H2,4460,56.920998245126285,303.46637623100054,0.0,0.0
4414,Li-Ion,4461,0.0,0.0,0.0,0.0
4414,H2,4461,56.920998245126285,303.5426523402773,0.0,0.0
4415,Li-Ion,4462,0.0,4.412404559513875,0.0,0.0
4415,H2,4462,56.920998245126285,302.9510562532994,0.0,0.0
4416,Li-Ion,4463,0.0,9.770324381780721,0.0,0.0
4416,H2,4463,56.920998245126285,299.53752468178004,0.0,0.0
4417,Li-Ion,4464,0.0,0.0,0.0,0.0
4417,H2,4464,56.920998245126285,302.3534838453064,0.0,0.0
4418,Li-Ion,4465,0.0,0.0,0.0,0.0
4418,H2,4465,56.920998245126285,301.8955943178139,0.0,0.0
4419,Li-Ion,4466,0.0,0.0,0.0,0.0
4419,H2,4466,56.920998245126285,302.20927771780777,0.0,0.0
4420,Li-Ion,4467,0.0,0.0,0.0,0.0
4420,H2,4467,56.920998245126285,301.3268018594398,0.0,0.0
4421,Li-Ion,4468,0.0,0.0,0.0,0.0
4421,H2,4468,56.920998245126285,301.38142275855216,0.0,0.0
4422,Li-Ion,4469,0.0,0.0,0.0,0.0
4422,H2,4469,56.920998245126285,299.4357649490746,0.0,0.0
4423,Li-Ion,4470,0.0,0.0,0.0,0.0
4423,H2,4470,56.920998245126285,299.0327706086181,0.0,0.0
4424,Li-Ion,4471,0.0,0.0,0.0,0.0
4424,H2,4471,56.920998245126285,298.7777582135468,0.0,0.0
4425,Li-Ion,4472,0.0,0.0,0.0,0.0
4425,H2,4472,56.920998245126285,298.3662900651463,0.0,0.0
4426,Li-Ion,4473,0.0,0.0,0.0,0.0
4426,H2,4473,56.920998245126285,298.5473483386716,0.0,0.0
4427,Li-Ion,4474,0.0,0.0,0.0,0.0
4427,H2,4474,56.920998245126285,301.0496374253882,0.0,0.0
4428,Li-Ion,4475,0.0,4.412404559513875,0.0,0.0
4428,H2,4475,56.920998245126285,301.43240286166895,0.0,0.0
4429,Li-Ion,4476,0.0,3.466889296760902,0.0,0.0
4429,H2,4476,56.920998245126285,317.0434069280026,0.0,0.0
4430,Li-Ion,4477,0.0,15.128244204047569,0.0,0.0
4430,H2,4477,56.920998245126285,316.9837600467765,0.0,0.0
4431,Li-Ion,4478,0.0,16.18128491498018,0.0,0.0
4431,H2,4478,56.920998245126285,307.7573975525841,0.0,0.0
4432,Li-Ion,4479,0.0,0.0,0.0,0.0
4432,H2,4479,56.920998245126285,308.48697928067224,0.0,0.0
4433,Li-Ion,4480,0.0,0.0,0.0,0.0
4433,H2,4480,56.920998245126285,308.7757594637965,0.0,0.0
4434,Li-Ion,4481,0.0,0.0,0.0,0.0
4434,H2,4481,56.920998245126285,308.7118941041717,0.0,0.0
4435,Li-Ion,4482,0.0,0.0,0.0,0.0
4435,H2,4482,56.920998245126285,308.8342805741755,0.0,0.0
4436,Li-Ion,4483,0.0,0.0,0.0,0.0
4436,H2,4483,56.920998245126285,305.5793598404772,0.0,0.0
4437,Li-Ion,4484,0.0,0.0,0.0,0.0
4437,H2,4484,56.920998245126285,305.7110567846317,0.0,0.0
4438,Li-Ion,4485,0.0,0.0,0.0,0.0
4438,H2,4485,56.920998245126285,306.1345722855312,0.0,0.0
4439,Li-Ion,4486,0.0,4.412404559513875,0.0,0.0
4439,H2,4486,56.920998245126285,306.1097552401683,0.0,0.0
4440,Li-Ion,4487,0.0,9.770324381780721,0.0,0.0
4440,H2,4487,56.920998245126285,307.0201892162673,0.0,0.0
4441,Li-Ion,4488,0.0,15.128244204047569,0.0,0.0
4441,H2,4488,56.920998245126285,305.8542755635234,0.0,0.0
4442,Li-Ion,4489,0.0,16.18128491498018,0.0,0.0
4442,H2,4489,56.920998245126285,305.6583574287578,0.0,0.0
4443,Li-Ion,4490,0.0,16.18128491498018,0.0,0.0
4443,H2,4490,56.920998245126285,306.7487159659914,0.0,0.0
4444,Li-Ion,4491,0.0,16.18128491498018,0.0,0.0
4444,H2,4491,56.920998245126285,307.4564241778934,0.0,0.0
4445,Li-Ion,4492,0.0,16.18128491498018,0.0,0.0
4445,H2,4492,56.920998245126285,308.773992111808,0.0,0.0
4446,Li-Ion,4493,0.0,16.18128491498018,0.0,0.0
4446,H2,4493,56.920998245126285,312.4018691817098,0.0,0.0
4447,Li-Ion,4494,0.0,16.18128491498018,0.0,0.0
4447,H2,4494,56.920998245126285,315.96572014963454,0.0,0.0
4448,Li-Ion,4495,0.0,0.0,0.0,0.0
4448,H2,4495,56.920998245126285,315.677746869868,0.0,0.0
4449,Li-Ion,4496,0.0,0.0,0.0,0.0
4449,H2,4496,56.920998245126285,315.12398046793226,0.0,0.0
4450,Li-Ion,4497,0.0,0.0,0.0,0.0
4450,H2,4497,56.920998245126285,314.95406496469604,0.0,0.0
4451,Li-Ion,4498,0.0,0.0,0.0,0.0
4451,H2,4498,56.920998245126285,317.9154903732625,0.0,0.0
4452,Li-Ion,4499,0.0,4.412404559513875,0.0,0.0
4452,H2,4499,56.920998245126285,318.5584796381986,0.0,0.0
4453,Li-Ion,4500,0.0,9.770324381780721,0.0,0.0
4453,H2,4500,56.920998245126285,317.6607113754243,0.0,0.0
4454,Li-Ion,4501,0.0,15.128244204047569,0.0,0.0
4454,H2,4501,56.920998245126285,317.72914863687123,0.0,0.0
4455,Li-Ion,4502,0.0,14.182728941294595,0.0,0.0
4455,H2,4502,56.920998245126285,326.4696018703575,0.0,0.0
4456,Li-Ion,4503,0.0,19.540648763561443,0.0,0.0
4456,H2,4503,56.920998245126285,335.2727638215192,0.0,0.0
4457,Li-Ion,4504,0.0,21.539204737247026,0.0,0.0
4457,H2,4504,56.920998245126285,341.38722236091985,0.0,0.0
4458,Li-Ion,4505,0.0,21.539204737247026,0.0,0.0
4458,H2,4505,56.920998245126285,350.30445956472016,0.0,0.0
4459,Li-Ion,4506,0.0,21.539204737247026,0.0,0.0
4459,H2,4506,56.920998245126285,359.4559266748092,0.0,0.0
4460,Li-Ion,4507,0.0,16.18128491498018,0.0,0.0
4460,H2,4507,56.920998245126285,358.5945844985348,0.0,0.0
4461,Li-Ion,4508,0.0,16.18128491498018,0.0,0.0
4461,H2,4508,56.920998245126285,313.3407428375342,0.0,0.0
4462,Li-Ion,4509,0.0,16.18128491498018,0.0,0.0
4462,H2,4509,56.920998245126285,310.78614110165444,0.0,0.0
4463,Li-Ion,4510,0.0,16.18128491498018,0.0,0.0
4463,H2,4510,56.920998245126285,311.2505121219118,0.0,0.0
4464,Li-Ion,4511,0.0,16.18128491498018,0.0,0.0
4464,H2,4511,56.920998245126285,310.66893418839095,0.0,0.0
4465,Li-Ion,4512,0.0,16.18128491498018,0.0,0.0
4465,H2,4512,56.920998245126285,310.66893418839095,0.0,0.0
4466,Li-Ion,4513,0.0,16.18128491498018,0.0,0.0
4466,H2,4513,56.920998245126285,310.66893418839095,0.0,0.0
4467,Li-Ion,4514,0.0,16.18128491498018,0.0,0.0
4467,H2,4514,56.920998245126285,310.8819975118615,0.0,0.0
4468,Li-Ion,4515,0.0,16.18128491498018,0.0,0.0
4468,H2,4515,56.920998245126285,311.05950681379056,0.0,0.0
4469,Li-Ion,4516,0.0,16.18128491498018,0.0,0.0
4469,H2,4516,56.920998245126285,312.28061164276176,0.0,0.0
4470,Li-Ion,4517,0.0,16.18128491498018,0.0,0.0
4470,H2,4517,56.920998245126285,316.3722204488981,0.0,0.0
4471,Li-Ion,4518,0.0,16.18128491498018,0.0,0.0
4471,H2,4518,56.920998245126285,315.16293522662295,0.0,0.0
4472,Li-Ion,4519,0.0,16.18128491498018,0.0,0.0
4472,H2,4519,56.920998245126285,318.4917321038204,0.0,0.0
4473,Li-Ion,4520,0.0,16.18128491498018,0.0,0.0
4473,H2,4520,56.920998245126285,316.8338633311139,0.0,0.0
4474,Li-Ion,4521,0.0,16.18128491498018,0.0,0.0
4474,H2,4521,56.920998245126285,313.53264278002405,0.0,0.0
4475,Li-Ion,4522,0.0,15.235769652227205,0.0,0.0
4475,H2,4522,56.920998245126285,323.0660242491383,0.0,0.0
4476,Li-Ion,4523,0.0,20.593689474494052,0.0,0.0
4476,H2,4523,56.920998245126285,330.03053110189865,0.0,0.0
4477,Li-Ion,4524,0.0,21.539204737247026,0.0,0.0
4477,H2,4524,56.920998245126285,342.66155784831227,0.0,0.0
4478,Li-Ion,4525,0.0,21.539204737247026,0.0,0.0
4478,H2,4525,56.920998245126285,352.2218612526225,0.0,0.0
4479,Li-Ion,4526,0.0,21.539204737247026,0.0,0.0
4479,H2,4526,56.920998245126285,356.84799310030326,0.0,0.0
4480,Li-Ion,4527,0.0,21.539204737247026,0.0,0.0
4480,H2,4527,56.920998245126285,366.49740071004624,0.0,0.0
4481,Li-Ion,4528,0.0,21.539204737247026,0.0,0.0
4481,H2,4528,56.920998245126285,368.87443168613567,0.0,0.0
4482,Li-Ion,4529,0.0,21.539204737247026,0.0,0.0
4482,H2,4529,56.920998245126285,377.0198290278139,0.0,0.0
4483,Li-Ion,4530,0.0,21.539204737247026,0.0,0.0
4483,H2,4530,56.920998245126285,382.45127869763877,0.0,0.0
4484,Li-Ion,4531,0.0,16.18128491498018,0.0,0.0
4484,H2,4531,56.920998245126285,384.30894494389605,0.0,0.0
4485,Li-Ion,4532,0.0,16.18128491498018,0.0,0.0
4485,H2,4532,56.920998245126285,304.3821720335292,0.0,0.0
4486,Li-Ion,4533,0.0,16.18128491498018,0.0,0.0
4486,H2,4533,56.920998245126285,307.2359350096555,0.0,0.0
4487,Li-Ion,4534,0.0,16.18128491498018,0.0,0.0
4487,H2,4534,56.920998245126285,307.2359350096555,0.0,0.0
4488,Li-Ion,4535,0.0,16.18128491498018,0.0,0.0
4488,H2,4535,56.920998245126285,307.2359350096555,0.0,0.0
4489,Li-Ion,4536,0.0,16.18128491498018,0.0,0.0
4489,H2,4536,56.920998245126285,306.98070980952434,0.0,0.0
4490,Li-Ion,4537,0.0,16.18128491498018,0.0,0.0
4490,H2,4537,56.920998245126285,306.98070980952434,0.0,0.0
4491,Li-Ion,4538,0.0,16.18128491498018,0.0,0.0
4491,H2,4538,56.920998245126285,306.98070980952434,0.0,0.0
4492,Li-Ion,4539,0.0,16.18128491498018,0.0,0.0
4492,H2,4539,56.920998245126285,306.98070980952434,0.0,0.0
4493,Li-Ion,4540,0.0,16.18128491498018,0.0,0.0
4493,H2,4540,56.920998245126285,305.6772923193082,0.0,0.0
4494,Li-Ion,4541,0.0,16.18128491498018,0.0,0.0
4494,H2,4541,56.920998245126285,304.55399538944306,0.0,0.0
4495,Li-Ion,4542,0.0,16.18128491498018,0.0,0.0
4495,H2,4542,56.920998245126285,305.690911369333,0.0,0.0
4496,Li-Ion,4543,0.0,16.18128491498018,0.0,0.0
4496,H2,4543,56.920998245126285,304.98320391233653,0.0,0.0
4497,Li-Ion,4544,0.0,16.18128491498018,0.0,0.0
4497,H2,4544,56.920998245126285,309.1331422900593,0.0,0.0
4498,Li-Ion,4545,0.0,16.18128491498018,0.0,0.0
4498,H2,4545,56.920998245126285,309.51331025219207,0.0,0.0
4499,Li-Ion,4546,0.0,15.235769652227205,0.0,0.0
4499,H2,4546,56.920998245126285,321.9378768547307,0.0,0.0
4500,Li-Ion,4547,0.0,20.593689474494052,0.0,0.0
4500,H2,4547,56.920998245126285,329.8900288227735,0.0,0.0
4501,Li-Ion,4548,0.0,21.539204737247026,0.0,0.0
4501,H2,4548,56.920998245126285,336.2643862250611,0.0,0.0
4502,Li-Ion,4549,0.0,21.539204737247026,0.0,0.0
4502,H2,4549,56.920998245126285,349.75610018632665,0.0,0.0
4503,Li-Ion,4550,0.0,21.539204737247026,0.0,0.0
4503,H2,4550,56.920998245126285,360.8596695283721,0.0,0.0
4504,Li-Ion,4551,0.0,21.539204737247026,0.0,0.0
4504,H2,4551,56.920998245126285,370.93354065705984,0.0,0.0
4505,Li-Ion,4552,0.0,21.539204737247026,0.0,0.0
4505,H2,4552,56.920998245126285,381.6775080284104,0.0,0.0
4506,Li-Ion,4553,0.0,21.539204737247026,0.0,0.0
4506,H2,4553,56.920998245126285,390.0589445308437,0.0,0.0
4507,Li-Ion,4554,0.0,16.18128491498018,0.0,0.0
4507,H2,4554,56.920998245126285,389.56599071772644,0.0,0.0
4508,Li-Ion,4555,0.0,16.18128491498018,0.0,0.0
4508,H2,4555,56.920998245126285,317.2450674538842,0.0,0.0
4509,Li-Ion,4556,0.0,16.18128491498018,0.0,0.0
4509,H2,4556,56.920998245126285,317.38372068017196,0.0,0.0
4510,Li-Ion,4557,0.0,16.18128491498018,0.0,0.0
4510,H2,4557,56.920998245126285,315.28804765200175,0.0,0.0
4511,Li-Ion,4558,0.0,16.18128491498018,0.0,0.0
4511,H2,4558,56.920998245126285,315.28804765200175,0.0,0.0
4512,Li-Ion,4559,0.0,16.18128491498018,0.0,0.0
4512,H2,4559,56.920998245126285,315.28374133859484,0.0,0.0
4513,Li-Ion,4560,0.0,16.18128491498018,0.0,0.0
4513,H2,4560,56.920998245126285,314.3200865636293,0.0,0.0
4514,Li-Ion,4561,0.0,16.18128491498018,0.0,0.0
4514,H2,4561,56.920998245126285,314.3200865636293,0.0,0.0
4515,Li-Ion,4562,0.0,16.18128491498018,0.0,0.0
4515,H2,4562,56.920998245126285,318.60672469498115,0.0,0.0
4516,Li-Ion,4563,0.0,16.18128491498018,0.0,0.0
4516,H2,4563,56.920998245126285,318.60672469498115,0.0,0.0
4517,Li-Ion,4564,0.0,16.18128491498018,0.0,0.0
4517,H2,4564,56.920998245126285,315.8942341025117,0.0,0.0
4518,Li-Ion,4565,0.0,0.0,0.0,0.0
4518,H2,4565,56.920998245126285,315.26580385296774,0.0,0.0
4519,Li-Ion,4566,0.0,0.0,0.0,0.0
4519,H2,4566,56.920998245126285,315.26580385296774,0.0,0.0
4520,Li-Ion,4567,0.0,0.0,0.0,0.0
4520,H2,4567,56.920998245126285,318.6791630110595,0.0,0.0
4521,Li-Ion,4568,0.0,4.412404559513875,0.0,0.0
4521,H2,4568,56.920998245126285,322.16142522310497,0.0,0.0
4522,Li-Ion,4569,0.0,9.770324381780721,0.0,0.0
4522,H2,4569,56.920998245126285,323.36740110443617,0.0,0.0
4523,Li-Ion,4570,0.0,15.128244204047569,0.0,0.0
4523,H2,4570,56.920998245126285,323.2001608881005,0.0,0.0
4524,Li-Ion,4571,0.0,16.18128491498018,0.0,0.0
4524,H2,4571,56.920998245126285,323.0959511900873,0.0,0.0
4525,Li-Ion,4572,0.0,16.18128491498018,0.0,0.0
4525,H2,4572,56.920998245126285,327.141478298962,0.0,0.0
4526,Li-Ion,4573,0.0,16.18128491498018,0.0,0.0
4526,H2,4573,56.920998245126285,326.76500914351897,0.0,0.0
4527,Li-Ion,4574,0.0,16.18128491498018,0.0,0.0
4527,H2,4574,56.920998245126285,328.4420092585935,0.0,0.0
4528,Li-Ion,4575,0.0,16.18128491498018,0.0,0.0
4528,H2,4575,56.920998245126285,324.093604914086,0.0,0.0
4529,Li-Ion,4576,0.0,16.18128491498018,0.0,0.0
4529,H2,4576,56.920998245126285,327.42609830785193,0.0,0.0
4530,Li-Ion,4577,0.0,16.18128491498018,0.0,0.0
4530,H2,4577,56.920998245126285,325.83757574544757,0.0,0.0
4531,Li-Ion,4578,0.0,16.18128491498018,0.0,0.0
4531,H2,4578,56.920998245126285,325.76016318832666,0.0,0.0
4532,Li-Ion,4579,0.0,16.18128491498018,0.0,0.0
4532,H2,4579,56.920998245126285,325.6919781574181,0.0,0.0
4533,Li-Ion,4580,0.0,0.0,0.0,0.0
4533,H2,4580,56.920998245126285,329.8679065249526,0.0,0.0
4534,Li-Ion,4581,0.0,0.0,0.0,0.0
4534,H2,4581,56.920998245126285,328.75678922575923,0.0,0.0
4535,Li-Ion,4582,0.0,0.0,0.0,0.0
4535,H2,4582,56.920998245126285,326.8031289192447,0.0,0.0
4536,Li-Ion,4583,0.0,0.0,0.0,0.0
4536,H2,4583,56.920998245126285,326.84043793854346,0.0,0.0
4537,Li-Ion,4584,0.0,0.0,0.0,0.0
4537,H2,4584,56.920998245126285,326.84043793854346,0.0,0.0
4538,Li-Ion,4585,0.0,0.0,0.0,0.0
4538,H2,4585,56.920998245126285,325.8017517337245,0.0,0.0
4539,Li-Ion,4586,0.0,4.412404559513875,0.0,0.0
4539,H2,4586,56.920998245126285,327.2993085703672,0.0,0.0
4540,Li-Ion,4587,0.0,0.0,0.0,0.0
4540,H2,4587,56.920998245126285,330.48964269383174,0.0,0.0
4541,Li-Ion,4588,0.0,0.0,0.0,0.0
4541,H2,4588,56.920998245126285,327.60960240200933,0.0,0.0
4542,Li-Ion,4589,0.0,0.0,0.0,0.0
4542,H2,4589,56.920998245126285,325.0099848417894,0.0,0.0
4543,Li-Ion,4590,0.0,0.0,0.0,0.0
4543,H2,4590,56.920998245126285,325.1396382258563,0.0,0.0
4544,Li-Ion,4591,0.0,0.0,0.0,0.0
4544,H2,4591,56.920998245126285,325.28920131007163,0.0,0.0
4545,Li-Ion,4592,0.0,0.0,0.0,0.0
4545,H2,4592,56.920998245126285,325.28920131007163,0.0,0.0
4546,Li-Ion,4593,0.0,0.0,0.0,0.0
4546,H2,4593,56.920998245126285,325.28920131007163,0.0,0.0
4547,Li-Ion,4594,0.0,0.0,0.0,0.0
4547,H2,4594,56.920998245126285,329.5758394414235,0.0,0.0
4548,Li-Ion,4595,0.0,0.0,0.0,0.0
4548,H2,4595,56.920998245126285,331.8640855062486,0.0,0.0
4549,Li-Ion,4596,0.0,4.412404559513875,0.0,0.0
4549,H2,4596,56.920998245126285,336.4995262118111,0.0,0.0
4550,Li-Ion,4597,0.0,9.770324381780721,0.0,0.0
4550,H2,4597,56.920998245126285,340.502115914616,0.0,0.0
4551,Li-Ion,4598,0.0,15.128244204047569,0.0,0.0
4551,H2,4598,56.920998245126285,340.09682576057816,0.0,0.0
4552,Li-Ion,4599,0.0,16.18128491498018,0.0,0.0
4552,H2,4599,56.920998245126285,339.7427139081925,0.0,0.0
4553,Li-Ion,4600,0.0,16.18128491498018,0.0,0.0
4553,H2,4600,56.920998245126285,339.4562874468451,0.0,0.0
4554,Li-Ion,4601,0.0,16.18128491498018,0.0,0.0
4554,H2,4601,56.920998245126285,343.7044596327387,0.0,0.0
4555,Li-Ion,4602,0.0,0.0,0.0,0.0
4555,H2,4602,56.920998245126285,342.43575383547915,0.0,0.0
4556,Li-Ion,4603,0.0,0.0,0.0,0.0
4556,H2,4603,56.920998245126285,342.43575383547915,0.0,0.0
4557,Li-Ion,4604,0.0,0.0,0.0,0.0
4557,H2,4604,56.920998245126285,343.4803836140005,0.0,0.0
4558,Li-Ion,4605,0.0,4.412404559513875,0.0,0.0
4558,H2,4605,56.920998245126285,343.54687113467253,0.0,0.0
4559,Li-Ion,4606,0.0,0.0,0.0,0.0
4559,H2,4606,56.920998245126285,344.05781553362084,0.0,0.0
4560,Li-Ion,4607,0.0,0.0,0.0,0.0
4560,H2,4607,56.920998245126285,344.98416128928767,0.0,0.0
4561,Li-Ion,4608,0.0,0.0,0.0,0.0
4561,H2,4608,56.920998245126285,342.1534610816811,0.0,0.0
4562,Li-Ion,4609,0.0,4.412404559513875,0.0,0.0
4562,H2,4609,56.920998245126285,339.1674773730477,0.0,0.0
4563,Li-Ion,4610,0.0,0.0,0.0,0.0
4563,H2,4610,56.920998245126285,343.7734802115578,0.0,0.0
4564,Li-Ion,4611,0.0,0.0,0.0,0.0
4564,H2,4611,56.920998245126285,341.8146748015321,0.0,0.0
4565,Li-Ion,4612,0.0,0.0,0.0,0.0
4565,H2,4612,56.920998245126285,341.5618980010474,0.0,0.0
4566,Li-Ion,4613,0.0,0.0,0.0,0.0
4566,H2,4613,56.920998245126285,341.7138427329844,0.0,0.0
4567,Li-Ion,4614,0.0,0.0,0.0,0.0
4567,H2,4614,56.920998245126285,341.768227584184,0.0,0.0
4568,Li-Ion,4615,0.0,0.0,0.0,0.0
4568,H2,4615,56.920998245126285,341.71768173806385,0.0,0.0
4569,Li-Ion,4616,0.0,0.0,0.0,0.0
4569,H2,4616,56.920998245126285,341.7287307362085,0.0,0.0
4570,Li-Ion,4617,0.0,0.0,0.0,0.0
4570,H2,4617,56.920998245126285,347.1516249928413,0.0,0.0
4571,Li-Ion,4618,0.0,0.0,0.0,0.0
4571,H2,4618,56.920998245126285,349.7794743801472,0.0,0.0
4572,Li-Ion,4619,0.0,4.412404559513875,0.0,0.0
4572,H2,4619,56.920998245126285,350.0334402473293,0.0,0.0
4573,Li-Ion,4620,0.0,9.770324381780721,0.0,0.0
4573,H2,4620,56.920998245126285,349.6246209914227,0.0,0.0
4574,Li-Ion,4621,0.0,15.128244204047569,0.0,0.0
4574,H2,4621,56.920998245126285,348.956665730376,0.0,0.0
4575,Li-Ion,4622,0.0,16.18128491498018,0.0,0.0
4575,H2,4622,56.920998245126285,348.34537848499946,0.0,0.0
4576,Li-Ion,4623,0.0,16.18128491498018,0.0,0.0
4576,H2,4623,56.920998245126285,347.809195334052,0.0,0.0
4577,Li-Ion,4624,0.0,16.18128491498018,0.0,0.0
4577,H2,4624,56.920998245126285,347.642758336242,0.0,0.0
4578,Li-Ion,4625,0.0,16.18128491498018,0.0,0.0
4578,H2,4625,56.920998245126285,347.7796174722017,0.0,0.0
4579,Li-Ion,4626,0.0,16.18128491498018,0.0,0.0
4579,H2,4626,56.920998245126285,347.76926841631473,0.0,0.0
4580,Li-Ion,4627,0.0,16.18128491498018,0.0,0.0
4580,H2,4627,56.920998245126285,347.986491593347,0.0,0.0
4581,Li-Ion,4628,0.0,16.18128491498018,0.0,0.0
4581,H2,4628,56.920998245126285,347.1908785314533,0.0,0.0
4582,Li-Ion,4629,0.0,16.18128491498018,0.0,0.0
4582,H2,4629,56.920998245126285,346.30720501873145,0.0,0.0
4583,Li-Ion,4630,0.0,0.0,0.0,0.0
4583,H2,4630,56.920998245126285,345.5359502363891,0.0,0.0
4584,Li-Ion,4631,0.0,0.0,0.0,0.0
4584,H2,4631,56.920998245126285,345.5359502363891,0.0,0.0
4585,Li-Ion,4632,0.0,0.0,0.0,0.0
4585,H2,4632,56.920998245126285,343.5426954065103,0.0,0.0
4586,Li-Ion,4633,0.0,4.412404559513875,0.0,0.0
4586,H2,4633,56.920998245126285,343.7300686006033,0.0,0.0
4587,Li-Ion,4634,0.0,9.770324381780721,0.0,0.0
4587,H2,4634,56.920998245126285,344.9276251761149,0.0,0.0
4588,Li-Ion,4635,0.0,15.128244204047569,0.0,0.0
4588,H2,4635,56.920998245126285,343.0299992896345,0.0,0.0
4589,Li-Ion,4636,0.0,16.18128491498018,0.0,0.0
4589,H2,4636,56.920998245126285,340.9666207810748,0.0,0.0
4590,Li-Ion,4637,0.0,0.0,0.0,0.0
4590,H2,4637,56.920998245126285,349.7778358849985,0.0,0.0
4591,Li-Ion,4638,0.0,0.0,0.0,0.0
4591,H2,4638,56.920998245126285,345.4726415083368,0.0,0.0
4592,Li-Ion,4639,0.0,0.0,0.0,0.0
4592,H2,4639,56.920998245126285,345.49723137942226,0.0,0.0
4593,Li-Ion,4640,0.0,0.0,0.0,0.0
4593,H2,4640,56.920998245126285,344.70882424419773,0.0,0.0
4594,Li-Ion,4641,0.0,0.0,0.0,0.0
4594,H2,4641,56.920998245126285,344.70882424419773,0.0,0.0
4595,Li-Ion,4642,0.0,0.0,0.0,0.0
4595,H2,4642,56.920998245126285,347.5680005669003,0.0,0.0
4596,Li-Ion,4643,0.0,4.412404559513875,0.0,0.0
4596,H2,4643,56.920998245126285,348.1878799066958,0.0,0.0
4597,Li-Ion,4644,0.0,9.770324381780721,0.0,0.0
4597,H2,4644,56.920998245126285,350.6809277219041,0.0,0.0
4598,Li-Ion,4645,0.0,8.824809119027748,0.0,0.0
4598,H2,4645,56.920998245126285,359.4538069505177,0.0,0.0
4599,Li-Ion,4646,0.0,14.182728941294595,0.0,0.0
4599,H2,4646,56.920998245126285,368.23410488252205,0.0,0.0
4600,Li-Ion,4647,0.0,21.539204737247026,0.0,0.0
4600,H2,4647,56.920998245126285,375.2579123398919,0.0,0.0
4601,Li-Ion,4648,0.0,16.18128491498018,0.0,0.0
4601,H2,4648,56.920998245126285,377.9842826737167,0.0,0.0
4602,Li-Ion,4649,0.0,16.18128491498018,0.0,0.0
4602,H2,4649,56.920998245126285,350.65491147757757,0.0,0.0
4603,Li-Ion,4650,0.0,16.18128491498018,0.0,0.0
4603,H2,4650,56.920998245126285,350.8049931753291,0.0,0.0
4604,Li-Ion,4651,0.0,16.18128491498018,0.0,0.0
4604,H2,4651,56.920998245126285,348.5537681064617,0.0,0.0
4605,Li-Ion,4652,0.0,16.18128491498018,0.0,0.0
4605,H2,4652,56.920998245126285,348.0908301645538,0.0,0.0
4606,Li-Ion,4653,0.0,16.18128491498018,0.0,0.0
4606,H2,4653,56.920998245126285,345.48007902654007,0.0,0.0
4607,Li-Ion,4654,0.0,16.18128491498018,0.0,0.0
4607,H2,4654,56.920998245126285,345.48007902654007,0.0,0.0
4608,Li-Ion,4655,0.0,16.18128491498018,0.0,0.0
4608,H2,4655,56.920998245126285,345.48007902654007,0.0,0.0
4609,Li-Ion,4656,0.0,16.18128491498018,0.0,0.0
4609,H2,4656,56.920998245126285,345.7583025232483,0.0,0.0
4610,Li-Ion,4657,0.0,16.18128491498018,0.0,0.0
4610,H2,4657,56.920998245126285,346.7879011084366,0.0,0.0
4611,Li-Ion,4658,0.0,16.18128491498018,0.0,0.0
4611,H2,4658,56.920998245126285,345.5071126596268,0.0,0.0
4612,Li-Ion,4659,0.0,0.0,0.0,0.0
4612,H2,4659,56.920998245126285,345.25424095528524,0.0,0.0
4613,Li-Ion,4660,0.0,0.0,0.0,0.0
4613,H2,4660,56.920998245126285,346.07892972361793,0.0,0.0
4614,Li-Ion,4661,0.0,0.0,0.0,0.0
4614,H2,4661,56.920998245126285,346.4395748359584,0.0,0.0
4615,Li-Ion,4662,0.0,0.0,0.0,0.0
4615,H2,4662,56.920998245126285,345.71438544498494,0.0,0.0
4616,Li-Ion,4663,0.0,0.0,0.0,0.0
4616,H2,4663,56.920998245126285,345.70716912736447,0.0,0.0
4617,Li-Ion,4664,0.0,0.0,0.0,0.0
4617,H2,4664,56.920998245126285,345.07533312958424,0.0,0.0
4618,Li-Ion,4665,0.0,0.0,0.0,0.0
4618,H2,4665,56.920998245126285,347.9713180705189,0.0,0.0
4619,Li-Ion,4666,0.0,4.412404559513875,0.0,0.0
4619,H2,4666,56.920998245126285,351.64335518323867,0.0,0.0
4620,Li-Ion,4667,0.0,9.770324381780721,0.0,0.0
4620,H2,4667,56.920998245126285,351.94832197079177,0.0,0.0
4621,Li-Ion,4668,0.0,15.128244204047569,0.0,0.0
4621,H2,4668,56.920998245126285,352.99779330412673,0.0,0.0
4622,Li-Ion,4669,0.0,16.18128491498018,0.0,0.0
4622,H2,4669,56.920998245126285,350.6748221605994,0.0,0.0
4623,Li-Ion,4670,0.0,16.18128491498018,0.0,0.0
4623,H2,4670,56.920998245126285,350.3140758496827,0.0,0.0
4624,Li-Ion,4671,0.0,16.18128491498018,0.0,0.0
4624,H2,4671,56.920998245126285,349.15286546464114,0.0,0.0
4625,Li-Ion,4672,0.0,16.18128491498018,0.0,0.0
4625,H2,4672,56.920998245126285,351.28907256785936,0.0,0.0
4626,Li-Ion,4673,0.0,16.18128491498018,0.0,0.0
4626,H2,4673,56.920998245126285,350.9753682994154,0.0,0.0
4627,Li-Ion,4674,0.0,16.18128491498018,0.0,0.0
4627,H2,4674,56.920998245126285,355.3633574297756,0.0,0.0
4628,Li-Ion,4675,0.0,16.18128491498018,0.0,0.0
4628,H2,4675,56.920998245126285,352.9921298508537,0.0,0.0
4629,Li-Ion,4676,0.0,16.18128491498018,0.0,0.0
4629,H2,4676,56.920998245126285,351.13893700367163,0.0,0.0
4630,Li-Ion,4677,0.0,16.18128491498018,0.0,0.0
4630,H2,4677,56.920998245126285,349.34670349066056,0.0,0.0
4631,Li-Ion,4678,0.0,16.18128491498018,0.0,0.0
4631,H2,4678,56.920998245126285,349.1939605959192,0.0,0.0
4632,Li-Ion,4679,0.0,16.18128491498018,0.0,0.0
4632,H2,4679,56.920998245126285,349.9573877278412,0.0,0.0
4633,Li-Ion,4680,0.0,16.18128491498018,0.0,0.0
4633,H2,4680,56.920998245126285,350.27896629269327,0.0,0.0
4634,Li-Ion,4681,0.0,16.18128491498018,0.0,0.0
4634,H2,4681,56.920998245126285,351.05268767102945,0.0,0.0
4635,Li-Ion,4682,0.0,0.0,0.0,0.0
4635,H2,4682,56.920998245126285,348.60391083441385,0.0,0.0
4636,Li-Ion,4683,0.0,0.0,0.0,0.0
4636,H2,4683,56.920998245126285,348.097204857933,0.0,0.0
4637,Li-Ion,4684,0.0,0.0,0.0,0.0
4637,H2,4684,56.920998245126285,350.7297808628552,0.0,0.0
4638,Li-Ion,4685,0.0,0.0,0.0,0.0
4638,H2,4685,56.920998245126285,352.84171338807187,0.0,0.0
4639,Li-Ion,4686,0.0,0.0,0.0,0.0
4639,H2,4686,56.920998245126285,352.83791233032434,0.0,0.0
4640,Li-Ion,4687,0.0,0.0,0.0,0.0
4640,H2,4687,56.920998245126285,352.7099022400009,0.0,0.0
4641,Li-Ion,4688,0.0,0.0,0.0,0.0
4641,H2,4688,56.920998245126285,352.6787474804929,0.0,0.0
4642,Li-Ion,4689,0.0,0.0,0.0,0.0
4642,H2,4689,56.920998245126285,352.43902786018623,0.0,0.0
4643,Li-Ion,4690,0.0,0.0,0.0,0.0
4643,H2,4690,56.920998245126285,354.80736176903275,0.0,0.0
4644,Li-Ion,4691,0.0,4.412404559513875,0.0,0.0
4644,H2,4691,56.920998245126285,359.165856521673,0.0,0.0
4645,Li-Ion,4692,0.0,9.770324381780721,0.0,0.0
4645,H2,4692,56.920998245126285,358.331578104812,0.0,0.0
4646,Li-Ion,4693,0.0,15.128244204047569,0.0,0.0
4646,H2,4693,56.920998245126285,357.3079425016602,0.0,0.0
4647,Li-Ion,4694,0.0,16.18128491498018,0.0,0.0
4647,H2,4694,56.920998245126285,360.5397902703523,0.0,0.0
4648,Li-Ion,4695,0.0,0.0,0.0,0.0
4648,H2,4695,56.920998245126285,357.46467763160877,0.0,0.0
4649,Li-Ion,4696,0.0,0.0,0.0,0.0
4649,H2,4696,56.920998245126285,357.23009987477747,0.0,0.0
4650,Li-Ion,4697,0.0,0.0,0.0,0.0
4650,H2,4697,56.920998245126285,357.25022460980676,0.0,0.0
4651,Li-Ion,4698,0.0,0.0,0.0,0.0
4651,H2,4698,56.920998245126285,357.5038772254842,0.0,0.0
4652,Li-Ion,4699,0.0,0.0,0.0,0.0
4652,H2,4699,56.920998245126285,356.0590943673064,0.0,0.0
4653,Li-Ion,4700,0.0,0.0,0.0,0.0
4653,H2,4700,56.920998245126285,354.8297113850351,0.0,0.0
4654,Li-Ion,4701,0.0,0.0,0.0,0.0
4654,H2,4701,56.920998245126285,358.9954775915229,0.0,0.0
4655,Li-Ion,4702,0.0,0.0,0.0,0.0
4655,H2,4702,56.920998245126285,355.87130031751525,0.0,0.0
4656,Li-Ion,4703,0.0,4.412404559513875,0.0,0.0
4656,H2,4703,56.920998245126285,355.8554201513318,0.0,0.0
4657,Li-Ion,4704,0.0,9.770324381780721,0.0,0.0
4657,H2,4704,56.920998245126285,357.272316025726,0.0,0.0
4658,Li-Ion,4705,0.0,15.128244204047569,0.0,0.0
4658,H2,4705,56.920998245126285,356.57039469765084,0.0,0.0
4659,Li-Ion,4706,0.0,16.18128491498018,0.0,0.0
4659,H2,4706,56.920998245126285,357.20392181107127,0.0,0.0
4660,Li-Ion,4707,0.0,16.18128491498018,0.0,0.0
4660,H2,4707,56.920998245126285,357.3473462324145,0.0,0.0
4661,Li-Ion,4708,0.0,16.18128491498018,0.0,0.0
4661,H2,4708,56.920998245126285,360.09248715428146,0.0,0.0
4662,Li-Ion,4709,0.0,16.18128491498018,0.0,0.0
4662,H2,4709,56.920998245126285,363.7519401685636,0.0,0.0
4663,Li-Ion,4710,0.0,16.18128491498018,0.0,0.0
4663,H2,4710,56.920998245126285,366.8857918672628,0.0,0.0
4664,Li-Ion,4711,0.0,0.0,0.0,0.0
4664,H2,4711,56.920998245126285,369.6538871526407,0.0,0.0
4665,Li-Ion,4712,0.0,0.0,0.0,0.0
4665,H2,4712,56.920998245126285,369.44722489235363,0.0,0.0
4666,Li-Ion,4713,0.0,0.0,0.0,0.0
4666,H2,4713,56.920998245126285,369.31141139140476,0.0,0.0
4667,Li-Ion,4714,0.0,0.0,0.0,0.0
4667,H2,4714,56.920998245126285,368.99291943458326,0.0,0.0
4668,Li-Ion,4715,0.0,0.0,0.0,0.0
4668,H2,4715,56.920998245126285,368.4578177825955,0.0,0.0
4669,Li-Ion,4716,0.0,0.0,0.0,0.0
4669,H2,4716,56.920998245126285,372.08254060323156,0.0,0.0
4670,Li-Ion,4717,0.0,0.0,0.0,0.0
4670,H2,4717,56.920998245126285,371.4040939955482,0.0,0.0
4671,Li-Ion,4718,0.0,0.0,0.0,0.0
4671,H2,4718,56.920998245126285,372.14684009951924,0.0,0.0
4672,Li-Ion,4719,0.0,4.412404559513875,0.0,0.0
4672,H2,4719,56.920998245126285,371.9229415403627,0.0,0.0
4673,Li-Ion,4720,0.0,9.770324381780721,0.0,0.0
4673,H2,4720,56.920998245126285,371.456923006139,0.0,0.0
4674,Li-Ion,4721,0.0,0.0,0.0,0.0
4674,H2,4721,56.920998245126285,369.86196502267984,0.0,0.0
4675,Li-Ion,4722,0.0,0.0,0.0,0.0
4675,H2,4722,56.920998245126285,370.0360357587615,0.0,0.0
4676,Li-Ion,4723,0.0,0.0,0.0,0.0
4676,H2,4723,56.920998245126285,368.59441996718107,0.0,0.0
4677,Li-Ion,4724,0.0,0.0,0.0,0.0
4677,H2,4724,56.920998245126285,367.31657715140557,0.0,0.0
4678,Li-Ion,4725,0.0,0.0,0.0,0.0
4678,H2,4725,56.920998245126285,367.31657715140557,0.0,0.0
4679,Li-Ion,4726,0.0,0.0,0.0,0.0
4679,H2,4726,56.920998245126285,365.5767883903163,0.0,0.0
4680,Li-Ion,4727,0.0,4.412404559513875,0.0,0.0
4680,H2,4727,56.920998245126285,364.10549701142014,0.0,0.0
4681,Li-Ion,4728,0.0,9.770324381780721,0.0,0.0
4681,H2,4728,56.920998245126285,363.1278874536009,0.0,0.0
4682,Li-Ion,4729,0.0,15.128244204047569,0.0,0.0
4682,H2,4729,56.920998245126285,361.51698535605175,0.0,0.0
4683,Li-Ion,4730,0.0,16.18128491498018,0.0,0.0
4683,H2,4730,56.920998245126285,360.2859192165413,0.0,0.0
4684,Li-Ion,4731,0.0,16.18128491498018,0.0,0.0
4684,H2,4731,56.920998245126285,360.78523361983076,0.0,0.0
4685,Li-Ion,4732,0.0,16.18128491498018,0.0,0.0
4685,H2,4732,56.920998245126285,363.4276445428646,0.0,0.0
4686,Li-Ion,4733,0.0,0.0,0.0,0.0
4686,H2,4733,56.920998245126285,372.3758918404246,0.0,0.0
4687,Li-Ion,4734,0.0,0.0,0.0,0.0
4687,H2,4734,56.920998245126285,372.5103392374243,0.0,0.0
4688,Li-Ion,4735,0.0,0.0,0.0,0.0
4688,H2,4735,56.920998245126285,372.6451914059645,0.0,0.0
4689,Li-Ion,4736,0.0,0.0,0.0,0.0
4689,H2,4736,56.920998245126285,372.59247623736945,0.0,0.0
4690,Li-Ion,4737,0.0,0.0,0.0,0.0
4690,H2,4737,56.920998245126285,374.83731263785876,0.0,0.0
4691,Li-Ion,4738,0.0,0.0,0.0,0.0
4691,H2,4738,56.920998245126285,374.02497733223703,0.0,0.0
4692,Li-Ion,4739,0.0,0.0,0.0,0.0
4692,H2,4739,56.920998245126285,373.38096051307775,0.0,0.0
4693,Li-Ion,4740,0.0,0.0,0.0,0.0
4693,H2,4740,56.920998245126285,374.96734537578385,0.0,0.0
4694,Li-Ion,4741,0.0,4.412404559513875,0.0,0.0
4694,H2,4741,56.920998245126285,374.3039977393043,0.0,0.0
4695,Li-Ion,4742,0.0,9.770324381780721,0.0,0.0
4695,H2,4742,56.920998245126285,373.2355273634866,0.0,0.0
4696,Li-Ion,4743,0.0,15.128244204047569,0.0,0.0
4696,H2,4743,56.920998245126285,372.31534883626483,0.0,0.0
4697,Li-Ion,4744,0.0,0.0,0.0,0.0
4697,H2,4744,56.920998245126285,369.9932187802947,0.0,0.0
4698,Li-Ion,4745,0.0,0.0,0.0,0.0
4698,H2,4745,56.920998245126285,369.95733957796244,0.0,0.0
4699,Li-Ion,4746,0.0,0.0,0.0,0.0
4699,H2,4746,56.920998245126285,370.25236743454553,0.0,0.0
4700,Li-Ion,4747,0.0,0.0,0.0,0.0
4700,H2,4747,56.920998245126285,364.3494638928603,0.0,0.0
4701,Li-Ion,4748,0.0,0.0,0.0,0.0
4701,H2,4748,56.920998245126285,364.0539646708895,0.0,0.0
4702,Li-Ion,4749,0.0,4.412404559513875,0.0,0.0
4702,H2,4749,56.920998245126285,362.90122926827763,0.0,0.0
4703,Li-Ion,4750,0.0,9.770324381780721,0.0,0.0
4703,H2,4750,56.920998245126285,362.16713370097455,0.0,0.0
4704,Li-Ion,4751,0.0,15.128244204047569,0.0,0.0
4704,H2,4751,56.920998245126285,362.1736751986425,0.0,0.0
4705,Li-Ion,4752,0.0,16.18128491498018,0.0,0.0
4705,H2,4752,56.920998245126285,362.84116665150265,0.0,0.0
4706,Li-Ion,4753,0.0,16.18128491498018,0.0,0.0
4706,H2,4753,56.920998245126285,363.0049092275111,0.0,0.0
4707,Li-Ion,4754,0.0,16.18128491498018,0.0,0.0
4707,H2,4754,56.920998245126285,363.854790625187,0.0,0.0
4708,Li-Ion,4755,0.0,16.18128491498018,0.0,0.0
4708,H2,4755,56.920998245126285,366.4697485898272,0.0,0.0
4709,Li-Ion,4756,0.0,16.18128491498018,0.0,0.0
4709,H2,4756,56.920998245126285,369.2184686332232,0.0,0.0
4710,Li-Ion,4757,0.0,0.0,0.0,0.0
4710,H2,4757,56.920998245126285,373.55152168535955,0.0,0.0
4711,Li-Ion,4758,0.0,0.0,0.0,0.0
4711,H2,4758,56.920998245126285,373.2198240570292,0.0,0.0
4712,Li-Ion,4759,0.0,0.0,0.0,0.0
4712,H2,4759,56.920998245126285,373.0091720929748,0.0,0.0
4713,Li-Ion,4760,0.0,0.0,0.0,0.0
4713,H2,4760,56.920998245126285,372.41822342849974,0.0,0.0
4714,Li-Ion,4761,0.0,0.0,0.0,0.0
4714,H2,4761,56.920998245126285,371.7781088599731,0.0,0.0
4715,Li-Ion,4762,0.0,0.0,0.0,0.0
4715,H2,4762,56.920998245126285,373.53564251420283,0.0,0.0
4716,Li-Ion,4763,0.0,4.412404559513875,0.0,0.0
4716,H2,4763,56.920998245126285,372.7859267502688,0.0,0.0
4717,Li-Ion,4764,0.0,9.770324381780721,0.0,0.0
4717,H2,4764,56.920998245126285,371.47888149865736,0.0,0.0
4718,Li-Ion,4765,0.0,15.128244204047569,0.0,0.0
4718,H2,4765,56.920998245126285,370.3201672319825,0.0,0.0
4719,Li-Ion,4766,0.0,16.18128491498018,0.0,0.0
4719,H2,4766,56.920998245126285,368.8982225948578,0.0,0.0
4720,Li-Ion,4767,0.0,16.18128491498018,0.0,0.0
4720,H2,4767,56.920998245126285,368.2434552206626,0.0,0.0
4721,Li-Ion,4768,0.0,16.18128491498018,0.0,0.0
4721,H2,4768,56.920998245126285,367.202891304264,0.0,0.0
4722,Li-Ion,4769,0.0,16.18128491498018,0.0,0.0
4722,H2,4769,56.920998245126285,367.2503570919432,0.0,0.0
4723,Li-Ion,4770,0.0,16.18128491498018,0.0,0.0
4723,H2,4770,56.920998245126285,367.56767268147513,0.0,0.0
4724,Li-Ion,4771,0.0,16.18128491498018,0.0,0.0
4724,H2,4771,56.920998245126285,366.12447240292744,0.0,0.0
4725,Li-Ion,4772,0.0,16.18128491498018,0.0,0.0
4725,H2,4772,56.920998245126285,364.5485639800932,0.0,0.0
4726,Li-Ion,4773,0.0,16.18128491498018,0.0,0.0
4726,H2,4773,56.920998245126285,362.7318734116584,0.0,0.0
4727,Li-Ion,4774,0.0,16.18128491498018,0.0,0.0
4727,H2,4774,56.920998245126285,362.7318734116584,0.0,0.0
4728,Li-Ion,4775,0.0,16.18128491498018,0.0,0.0
4728,H2,4775,56.920998245126285,362.76210759196067,0.0,0.0
4729,Li-Ion,4776,0.0,16.18128491498018,0.0,0.0
4729,H2,4776,56.920998245126285,362.9221085687082,0.0,0.0
4730,Li-Ion,4777,0.0,16.18128491498018,0.0,0.0
4730,H2,4777,56.920998245126285,363.7255117079903,0.0,0.0
4731,Li-Ion,4778,0.0,16.18128491498018,0.0,0.0
4731,H2,4778,56.920998245126285,364.39198674432487,0.0,0.0
4732,Li-Ion,4779,0.0,16.18128491498018,0.0,0.0
4732,H2,4779,56.920998245126285,365.5543784092826,0.0,0.0
4733,Li-Ion,4780,0.0,16.18128491498018,0.0,0.0
4733,H2,4780,56.920998245126285,367.9325500703066,0.0,0.0
4734,Li-Ion,4781,0.0,16.18128491498018,0.0,0.0
4734,H2,4781,56.920998245126285,370.95897048119906,0.0,0.0
4735,Li-Ion,4782,0.0,16.18128491498018,0.0,0.0
4735,H2,4782,56.920998245126285,367.2081044046989,0.0,0.0
4736,Li-Ion,4783,0.0,16.18128491498018,0.0,0.0
4736,H2,4783,56.920998245126285,370.72009835130524,0.0,0.0
4737,Li-Ion,4784,0.0,0.0,0.0,0.0
4737,H2,4784,56.920998245126285,373.8132992182649,0.0,0.0
4738,Li-Ion,4785,0.0,0.0,0.0,0.0
4738,H2,4785,56.920998245126285,373.28544550667425,0.0,0.0
4739,Li-Ion,4786,0.0,0.0,0.0,0.0
4739,H2,4786,56.920998245126285,375.68069672296417,0.0,0.0
4740,Li-Ion,4787,0.0,4.412404559513875,0.0,0.0
4740,H2,4787,56.920998245126285,375.4859796620556,0.0,0.0
4741,Li-Ion,4788,0.0,9.770324381780721,0.0,0.0
4741,H2,4788,56.920998245126285,374.42898835414434,0.0,0.0
4742,Li-Ion,4789,0.0,15.128244204047569,0.0,0.0
4742,H2,4789,56.920998245126285,373.36834145325787,0.0,0.0
4743,Li-Ion,4790,0.0,16.18128491498018,0.0,0.0
4743,H2,4790,56.920998245126285,372.4146997038362,0.0,0.0
4744,Li-Ion,4791,0.0,16.18128491498018,0.0,0.0
4744,H2,4791,56.920998245126285,371.9367530582784,0.0,0.0
4745,Li-Ion,4792,0.0,16.18128491498018,0.0,0.0
4745,H2,4792,56.920998245126285,371.77206163773684,0.0,0.0
4746,Li-Ion,4793,0.0,16.18128491498018,0.0,0.0
4746,H2,4793,56.920998245126285,371.33257274450756,0.0,0.0
4747,Li-Ion,4794,0.0,15.235769652227205,0.0,0.0
4747,H2,4794,56.920998245126285,380.65459413792,0.0,0.0
4748,Li-Ion,4795,0.0,16.18128491498018,0.0,0.0
4748,H2,4795,56.920998245126285,375.59935288506466,0.0,0.0
4749,Li-Ion,4796,0.0,16.18128491498018,0.0,0.0
4749,H2,4796,56.920998245126285,365.0655024203884,0.0,0.0
4750,Li-Ion,4797,0.0,16.18128491498018,0.0,0.0
4750,H2,4797,56.920998245126285,363.00980058184274,0.0,0.0
4751,Li-Ion,4798,0.0,0.0,0.0,0.0
4751,H2,4798,56.920998245126285,361.3358639949792,0.0,0.0
4752,Li-Ion,4799,0.0,0.0,0.0,0.0
4752,H2,4799,56.920998245126285,360.0277580067411,0.0,0.0
4753,Li-Ion,4800,0.0,0.0,0.0,0.0
4753,H2,4800,56.920998245126285,359.70386528922023,0.0,0.0
4754,Li-Ion,4801,0.0,0.0,0.0,0.0
4754,H2,4801,56.920998245126285,357.20597634829915,0.0,0.0
4755,Li-Ion,4802,0.0,0.0,0.0,0.0
4755,H2,4802,56.920998245126285,353.64002417375576,0.0,0.0
4756,Li-Ion,4803,0.0,0.0,0.0,0.0
4756,H2,4803,56.920998245126285,355.1821449657372,0.0,0.0
4757,Li-Ion,4804,0.0,0.0,0.0,0.0
4757,H2,4804,56.920998245126285,357.058136905699,0.0,0.0
4758,Li-Ion,4805,0.0,0.0,0.0,0.0
4758,H2,4805,56.920998245126285,357.722911046612,0.0,0.0
4759,Li-Ion,4806,0.0,0.0,0.0,0.0
4759,H2,4806,56.920998245126285,357.6118411663064,0.0,0.0
4760,Li-Ion,4807,0.0,0.0,0.0,0.0
4760,H2,4807,56.920998245126285,357.4653771141981,0.0,0.0
4761,Li-Ion,4808,0.0,0.0,0.0,0.0
4761,H2,4808,56.920998245126285,357.01812986016523,0.0,0.0
4762,Li-Ion,4809,0.0,0.0,0.0,0.0
4762,H2,4809,56.920998245126285,356.31218299530923,0.0,0.0
4763,Li-Ion,4810,0.0,0.0,0.0,0.0
4763,H2,4810,56.920998245126285,358.18964919207843,0.0,0.0
4764,Li-Ion,4811,0.0,4.412404559513875,0.0,0.0
4764,H2,4811,56.920998245126285,362.0036503280802,0.0,0.0
4765,Li-Ion,4812,0.0,9.770324381780721,0.0,0.0
4765,H2,4812,56.920998245126285,360.92490254986706,0.0,0.0
4766,Li-Ion,4813,0.0,15.128244204047569,0.0,0.0
4766,H2,4813,56.920998245126285,359.73840964721654,0.0,0.0
4767,Li-Ion,4814,0.0,16.18128491498018,0.0,0.0
4767,H2,4814,56.920998245126285,359.0813009985441,0.0,0.0
4768,Li-Ion,4815,0.0,16.18128491498018,0.0,0.0
4768,H2,4815,56.920998245126285,358.41782984721954,0.0,0.0
4769,Li-Ion,4816,0.0,16.18128491498018,0.0,0.0
4769,H2,4816,56.920998245126285,358.0103450724856,0.0,0.0
4770,Li-Ion,4817,0.0,16.18128491498018,0.0,0.0
4770,H2,4817,56.920998245126285,357.93655648556324,0.0,0.0
4771,Li-Ion,4818,0.0,0.0,0.0,0.0
4771,H2,4818,56.920998245126285,355.32864887016746,0.0,0.0
4772,Li-Ion,4819,0.0,0.0,0.0,0.0
4772,H2,4819,56.920998245126285,354.91267298584654,0.0,0.0
4773,Li-Ion,4820,0.0,0.0,0.0,0.0
4773,H2,4820,56.920998245126285,355.9550151118939,0.0,0.0
4774,Li-Ion,4821,0.0,4.412404559513875,0.0,0.0
4774,H2,4821,56.920998245126285,359.8236608091018,0.0,0.0
4775,Li-Ion,4822,0.0,0.0,0.0,0.0
4775,H2,4822,56.920998245126285,361.3396485213154,0.0,0.0
4776,Li-Ion,4823,0.0,0.0,0.0,0.0
4776,H2,4823,56.920998245126285,364.45711094952975,0.0,0.0
4777,Li-Ion,4824,0.0,0.0,0.0,0.0
4777,H2,4824,56.920998245126285,366.16991365504134,0.0,0.0
4778,Li-Ion,4825,0.0,4.412404559513875,0.0,0.0
4778,H2,4825,56.920998245126285,365.25386820921364,0.0,0.0
4779,Li-Ion,4826,0.0,0.0,0.0,0.0
4779,H2,4826,56.920998245126285,369.1480588074639,0.0,0.0
4780,Li-Ion,4827,0.0,0.0,0.0,0.0
4780,H2,4827,56.920998245126285,372.2655212356783,0.0,0.0
4781,Li-Ion,4828,0.0,0.0,0.0,0.0
4781,H2,4828,56.920998245126285,377.4837296898553,0.0,0.0
4782,Li-Ion,4829,0.0,0.0,0.0,0.0
4782,H2,4829,56.920998245126285,382.61389089573015,0.0,0.0
4783,Li-Ion,4830,0.0,0.0,0.0,0.0
4783,H2,4830,56.920998245126285,386.4446793046518,0.0,0.0
4784,Li-Ion,4831,0.0,0.0,0.0,0.0
4784,H2,4831,56.920998245126285,386.26518210010533,0.0,0.0
4785,Li-Ion,4832,0.0,0.0,0.0,0.0
4785,H2,4832,56.920998245126285,385.9286208887336,0.0,0.0
4786,Li-Ion,4833,0.0,0.0,0.0,0.0
4786,H2,4833,56.920998245126285,385.4035310078179,0.0,0.0
4787,Li-Ion,4834,0.0,0.0,0.0,0.0
4787,H2,4834,56.920998245126285,387.71039023895077,0.0,0.0
4788,Li-Ion,4835,0.0,4.412404559513875,0.0,0.0
4788,H2,4835,56.920998245126285,387.33365247592303,0.0,0.0
4789,Li-Ion,4836,0.0,9.770324381780721,0.0,0.0
4789,H2,4836,56.920998245126285,386.23715799548086,0.0,0.0
4790,Li-Ion,4837,0.0,15.128244204047569,0.0,0.0
4790,H2,4837,56.920998245126285,384.8572475420238,0.0,0.0
4791,Li-Ion,4838,0.0,16.18128491498018,0.0,0.0
4791,H2,4838,56.920998245126285,383.37797832448433,0.0,0.0
4792,Li-Ion,4839,0.0,16.18128491498018,0.0,0.0
4792,H2,4839,56.920998245126285,382.5814492181002,0.0,0.0
4793,Li-Ion,4840,0.0,16.18128491498018,0.0,0.0
4793,H2,4840,56.920998245126285,381.83319303838135,0.0,0.0
4794,Li-Ion,4841,0.0,16.18128491498018,0.0,0.0
4794,H2,4841,56.920998245126285,381.79103987717133,0.0,0.0
4795,Li-Ion,4842,0.0,0.0,0.0,0.0
4795,H2,4842,56.920998245126285,379.47335345631524,0.0,0.0
4796,Li-Ion,4843,0.0,0.0,0.0,0.0
4796,H2,4843,56.920998245126285,378.9214361778453,0.0,0.0
4797,Li-Ion,4844,0.0,0.0,0.0,0.0
4797,H2,4844,56.920998245126285,378.3672057222749,0.0,0.0
4798,Li-Ion,4845,0.0,4.412404559513875,0.0,0.0
4798,H2,4845,56.920998245126285,377.14921355786777,0.0,0.0
4799,Li-Ion,4846,0.0,9.770324381780721,0.0,0.0
4799,H2,4846,56.920998245126285,374.142952506505,0.0,0.0
4800,Li-Ion,4847,0.0,15.128244204047569,0.0,0.0
4800,H2,4847,56.920998245126285,372.9784258990088,0.0,0.0
4801,Li-Ion,4848,0.0,16.18128491498018,0.0,0.0
4801,H2,4848,56.920998245126285,372.0384933135722,0.0,0.0
4802,Li-Ion,4849,0.0,16.18128491498018,0.0,0.0
4802,H2,4849,56.920998245126285,372.0384933135722,0.0,0.0
4803,Li-Ion,4850,0.0,16.18128491498018,0.0,0.0
4803,H2,4850,56.920998245126285,368.9802994310554,0.0,0.0
4804,Li-Ion,4851,0.0,0.0,0.0,0.0
4804,H2,4851,56.920998245126285,373.96572862924313,0.0,0.0
4805,Li-Ion,4852,0.0,0.0,0.0,0.0
4805,H2,4852,56.920998245126285,374.3804371198326,0.0,0.0
4806,Li-Ion,4853,0.0,0.0,0.0,0.0
4806,H2,4853,56.920998245126285,373.233783856056,0.0,0.0
4807,Li-Ion,4854,0.0,4.412404559513875,0.0,0.0
4807,H2,4854,56.920998245126285,372.1560704858462,0.0,0.0
4808,Li-Ion,4855,0.0,0.0,0.0,0.0
4808,H2,4855,56.920998245126285,369.93375519439707,0.0,0.0
4809,Li-Ion,4856,0.0,0.0,0.0,0.0
4809,H2,4856,56.920998245126285,369.6154330630376,0.0,0.0
4810,Li-Ion,4857,0.0,0.0,0.0,0.0
4810,H2,4857,56.920998245126285,369.30715526305846,0.0,0.0
4811,Li-Ion,4858,0.0,0.0,0.0,0.0
4811,H2,4858,56.920998245126285,371.2405937744127,0.0,0.0
4812,Li-Ion,4859,0.0,0.0,0.0,0.0
4812,H2,4859,56.920998245126285,372.904713746561,0.0,0.0
4813,Li-Ion,4860,0.0,4.412404559513875,0.0,0.0
4813,H2,4860,56.920998245126285,372.30959447045655,0.0,0.0
4814,Li-Ion,4861,0.0,9.770324381780721,0.0,0.0
4814,H2,4861,56.920998245126285,374.33211136723634,0.0,0.0
4815,Li-Ion,4862,0.0,15.128244204047569,0.0,0.0
4815,H2,4862,56.920998245126285,373.31445246886216,0.0,0.0
4816,Li-Ion,4863,0.0,16.18128491498018,0.0,0.0
4816,H2,4863,56.920998245126285,372.27687122122904,0.0,0.0
4817,Li-Ion,4864,0.0,16.18128491498018,0.0,0.0
4817,H2,4864,56.920998245126285,371.6432203482398,0.0,0.0
4818,Li-Ion,4865,0.0,16.18128491498018,0.0,0.0
4818,H2,4865,56.920998245126285,371.42694585450556,0.0,0.0
4819,Li-Ion,4866,0.0,0.0,0.0,0.0
4819,H2,4866,56.920998245126285,370.3669756810384,0.0,0.0
4820,Li-Ion,4867,0.0,0.0,0.0,0.0
4820,H2,4867,56.920998245126285,369.3597048050605,0.0,0.0
4821,Li-Ion,4868,0.0,0.0,0.0,0.0
4821,H2,4868,56.920998245126285,367.81900413404276,0.0,0.0
4822,Li-Ion,4869,0.0,0.0,0.0,0.0
4822,H2,4869,56.920998245126285,367.81900413404276,0.0,0.0
4823,Li-Ion,4870,0.0,4.412404559513875,0.0,0.0
4823,H2,4870,56.920998245126285,364.496577683353,0.0,0.0
4824,Li-Ion,4871,0.0,9.770324381780721,0.0,0.0
4824,H2,4871,56.920998245126285,363.67042714824777,0.0,0.0
4825,Li-Ion,4872,0.0,15.128244204047569,0.0,0.0
4825,H2,4872,56.920998245126285,363.6534573721564,0.0,0.0
4826,Li-Ion,4873,0.0,16.18128491498018,0.0,0.0
4826,H2,4873,56.920998245126285,364.3191254242377,0.0,0.0
4827,Li-Ion,4874,0.0,16.18128491498018,0.0,0.0
4827,H2,4874,56.920998245126285,365.212970021372,0.0,0.0
4828,Li-Ion,4875,0.0,16.18128491498018,0.0,0.0
4828,H2,4875,56.920998245126285,369.3463876666546,0.0,0.0
4829,Li-Ion,4876,0.0,0.0,0.0,0.0
4829,H2,4876,56.920998245126285,375.32700933254944,0.0,0.0
4830,Li-Ion,4877,0.0,0.0,0.0,0.0
4830,H2,4877,56.920998245126285,376.05966526678344,0.0,0.0
4831,Li-Ion,4878,0.0,0.0,0.0,0.0
4831,H2,4878,56.920998245126285,376.5934031013729,0.0,0.0
4832,Li-Ion,4879,0.0,0.0,0.0,0.0
4832,H2,4879,56.920998245126285,376.15721117004,0.0,0.0
4833,Li-Ion,4880,0.0,0.0,0.0,0.0
4833,H2,4880,56.920998245126285,375.5969805414981,0.0,0.0
4834,Li-Ion,4881,0.0,0.0,0.0,0.0
4834,H2,4881,56.920998245126285,374.92428818851647,0.0,0.0
4835,Li-Ion,4882,0.0,0.0,0.0,0.0
4835,H2,4882,56.920998245126285,377.2375731678548,0.0,0.0
4836,Li-Ion,4883,0.0,4.412404559513875,0.0,0.0
4836,H2,4883,56.920998245126285,377.08579351301603,0.0,0.0
4837,Li-Ion,4884,0.0,3.466889296760902,0.0,0.0
4837,H2,4884,56.920998245126285,385.29367491664266,0.0,0.0
4838,Li-Ion,4885,0.0,15.128244204047569,0.0,0.0
4838,H2,4885,56.920998245126285,383.9904433718894,0.0,0.0
4839,Li-Ion,4886,0.0,16.18128491498018,0.0,0.0
4839,H2,4886,56.920998245126285,373.6510982815348,0.0,0.0
4840,Li-Ion,4887,0.0,16.18128491498018,0.0,0.0
4840,H2,4887,56.920998245126285,372.6471699927611,0.0,0.0
4841,Li-Ion,4888,0.0,16.18128491498018,0.0,0.0
4841,H2,4888,56.920998245126285,372.16158328437626,0.0,0.0
4842,Li-Ion,4889,0.0,0.0,0.0,0.0
4842,H2,4889,56.920998245126285,370.4012861019545,0.0,0.0
4843,Li-Ion,4890,0.0,0.0,0.0,0.0
4843,H2,4890,56.920998245126285,369.1506013021919,0.0,0.0
4844,Li-Ion,4891,0.0,0.0,0.0,0.0
4844,H2,4891,56.920998245126285,367.41824235439844,0.0,0.0
4845,Li-Ion,4892,0.0,0.0,0.0,0.0
4845,H2,4892,56.920998245126285,366.70537307772804,0.0,0.0
4846,Li-Ion,4893,0.0,4.412404559513875,0.0,0.0
4846,H2,4893,56.920998245126285,365.4871911766613,0.0,0.0
4847,Li-Ion,4894,0.0,9.770324381780721,0.0,0.0
4847,H2,4894,56.920998245126285,364.0116914769019,0.0,0.0
4848,Li-Ion,4895,0.0,15.128244204047569,0.0,0.0
4848,H2,4895,56.920998245126285,362.425189704301,0.0,0.0
4849,Li-Ion,4896,0.0,16.18128491498018,0.0,0.0
4849,H2,4896,56.920998245126285,363.5291585158494,0.0,0.0
4850,Li-Ion,4897,0.0,16.18128491498018,0.0,0.0
4850,H2,4897,56.920998245126285,366.5164138078209,0.0,0.0
4851,Li-Ion,4898,0.0,16.18128491498018,0.0,0.0
4851,H2,4898,56.920998245126285,369.4503429258884,0.0,0.0
4852,Li-Ion,4899,0.0,16.18128491498018,0.0,0.0
4852,H2,4899,56.920998245126285,372.2149700171737,0.0,0.0
4853,Li-Ion,4900,0.0,16.18128491498018,0.0,0.0
4853,H2,4900,56.920998245126285,375.7351130941931,0.0,0.0
4854,Li-Ion,4901,0.0,16.18128491498018,0.0,0.0
4854,H2,4901,56.920998245126285,379.41061576949613,0.0,0.0
4855,Li-Ion,4902,0.0,16.18128491498018,0.0,0.0
4855,H2,4902,56.920998245126285,383.0331230540597,0.0,0.0
4856,Li-Ion,4903,0.0,16.18128491498018,0.0,0.0
4856,H2,4903,56.920998245126285,386.7931217884425,0.0,0.0
4857,Li-Ion,4904,0.0,0.0,0.0,0.0
4857,H2,4904,56.920998245126285,385.83890414128257,0.0,0.0
4858,Li-Ion,4905,0.0,0.0,0.0,0.0
4858,H2,4905,56.920998245126285,385.6074507147795,0.0,0.0
4859,Li-Ion,4906,0.0,0.0,0.0,0.0
4859,H2,4906,56.920998245126285,388.3541574702205,0.0,0.0
4860,Li-Ion,4907,0.0,4.412404559513875,0.0,0.0
4860,H2,4907,56.920998245126285,388.2358789849135,0.0,0.0
4861,Li-Ion,4908,0.0,9.770324381780721,0.0,0.0
4861,H2,4908,56.920998245126285,387.111063145747,0.0,0.0
4862,Li-Ion,4909,0.0,15.128244204047569,0.0,0.0
4862,H2,4909,56.920998245126285,385.71608760151696,0.0,0.0
4863,Li-Ion,4910,0.0,16.18128491498018,0.0,0.0
4863,H2,4910,56.920998245126285,384.3099233713086,0.0,0.0
4864,Li-Ion,4911,0.0,16.18128491498018,0.0,0.0
4864,H2,4911,56.920998245126285,383.1432073531448,0.0,0.0
4865,Li-Ion,4912,0.0,16.18128491498018,0.0,0.0
4865,H2,4912,56.920998245126285,382.3557311932709,0.0,0.0
4866,Li-Ion,4913,0.0,16.18128491498018,0.0,0.0
4866,H2,4913,56.920998245126285,382.2591109616421,0.0,0.0
4867,Li-Ion,4914,0.0,16.18128491498018,0.0,0.0
4867,H2,4914,56.920998245126285,384.3309430900331,0.0,0.0
4868,Li-Ion,4915,0.0,16.18128491498018,0.0,0.0
4868,H2,4915,56.920998245126285,375.7566047255177,0.0,0.0
4869,Li-Ion,4916,0.0,16.18128491498018,0.0,0.0
4869,H2,4916,56.920998245126285,374.12581813616885,0.0,0.0
4870,Li-Ion,4917,0.0,16.18128491498018,0.0,0.0
4870,H2,4917,56.920998245126285,371.84609422362155,0.0,0.0
4871,Li-Ion,4918,0.0,16.18128491498018,0.0,0.0
4871,H2,4918,56.920998245126285,371.84609422362155,0.0,0.0
4872,Li-Ion,4919,0.0,16.18128491498018,0.0,0.0
4872,H2,4919,56.920998245126285,371.84609422362155,0.0,0.0
4873,Li-Ion,4920,0.0,16.18128491498018,0.0,0.0
4873,H2,4920,56.920998245126285,372.3267765487547,0.0,0.0
4874,Li-Ion,4921,0.0,16.18128491498018,0.0,0.0
4874,H2,4921,56.920998245126285,374.32241514423833,0.0,0.0
4875,Li-Ion,4922,0.0,16.18128491498018,0.0,0.0
4875,H2,4922,56.920998245126285,374.32241514423833,0.0,0.0
4876,Li-Ion,4923,0.0,16.18128491498018,0.0,0.0
4876,H2,4923,56.920998245126285,377.18185285709194,0.0,0.0
4877,Li-Ion,4924,0.0,16.18128491498018,0.0,0.0
4877,H2,4924,56.920998245126285,376.39338531330236,0.0,0.0
4878,Li-Ion,4925,0.0,16.18128491498018,0.0,0.0
4878,H2,4925,56.920998245126285,377.38853821177946,0.0,0.0
4879,Li-Ion,4926,0.0,0.0,0.0,0.0
4879,H2,4926,56.920998245126285,380.66924388751687,0.0,0.0
4880,Li-Ion,4927,0.0,0.0,0.0,0.0
4880,H2,4927,56.920998245126285,380.65785968794023,0.0,0.0
4881,Li-Ion,4928,0.0,0.0,0.0,0.0
4881,H2,4928,56.920998245126285,380.536769751777,0.0,0.0
4882,Li-Ion,4929,0.0,0.0,0.0,0.0
4882,H2,4929,56.920998245126285,384.57283532589247,0.0,0.0
4883,Li-Ion,4930,0.0,0.0,0.0,0.0
4883,H2,4930,56.920998245126285,384.1326589247077,0.0,0.0
4884,Li-Ion,4931,0.0,0.0,0.0,0.0
4884,H2,4931,56.920998245126285,383.4805909466257,0.0,0.0
4885,Li-Ion,4932,0.0,0.0,0.0,0.0
4885,H2,4932,56.920998245126285,385.5005857856153,0.0,0.0
4886,Li-Ion,4933,0.0,4.412404559513875,0.0,0.0
4886,H2,4933,56.920998245126285,387.6761539448859,0.0,0.0
4887,Li-Ion,4934,0.0,9.770324381780721,0.0,0.0
4887,H2,4934,56.920998245126285,386.49231103091466,0.0,0.0
4888,Li-Ion,4935,0.0,8.824809119027748,0.0,0.0
4888,H2,4935,56.920998245126285,394.8224713871047,0.0,0.0
4889,Li-Ion,4936,0.0,16.18128491498018,0.0,0.0
4889,H2,4936,56.920998245126285,394.06826816515456,0.0,0.0
4890,Li-Ion,4937,0.0,16.18128491498018,0.0,0.0
4890,H2,4937,56.920998245126285,385.0164317750269,0.0,0.0
4891,Li-Ion,4938,0.0,16.18128491498018,0.0,0.0
4891,H2,4938,56.920998245126285,382.9541081270608,0.0,0.0
4892,Li-Ion,4939,0.0,16.18128491498018,0.0,0.0
4892,H2,4939,56.920998245126285,380.93334945666004,0.0,0.0
4893,Li-Ion,4940,0.0,16.18128491498018,0.0,0.0
4893,H2,4940,56.920998245126285,378.9188267978051,0.0,0.0
4894,Li-Ion,4941,0.0,16.18128491498018,0.0,0.0
4894,H2,4941,56.920998245126285,376.2851364976445,0.0,0.0
4895,Li-Ion,4942,0.0,16.18128491498018,0.0,0.0
4895,H2,4942,56.920998245126285,376.2851364976445,0.0,0.0
4896,Li-Ion,4943,0.0,16.18128491498018,0.0,0.0
4896,H2,4943,56.920998245126285,376.8142493123498,0.0,0.0
4897,Li-Ion,4944,0.0,16.18128491498018,0.0,0.0
4897,H2,4944,56.920998245126285,376.8142493123498,0.0,0.0
4898,Li-Ion,4945,0.0,16.18128491498018,0.0,0.0
4898,H2,4945,56.920998245126285,376.8142493123498,0.0,0.0
4899,Li-Ion,4946,0.0,16.18128491498018,0.0,0.0
4899,H2,4946,56.920998245126285,377.5488904095622,0.0,0.0
4900,Li-Ion,4947,0.0,16.18128491498018,0.0,0.0
4900,H2,4947,56.920998245126285,382.68511640575605,0.0,0.0
4901,Li-Ion,4948,0.0,0.0,0.0,0.0
4901,H2,4948,56.920998245126285,385.35200834136856,0.0,0.0
4902,Li-Ion,4949,0.0,0.0,0.0,0.0
4902,H2,4949,56.920998245126285,387.95521529171657,0.0,0.0
4903,Li-Ion,4950,0.0,0.0,0.0,0.0
4903,H2,4950,56.920998245126285,390.09513765483956,0.0,0.0
4904,Li-Ion,4951,0.0,0.0,0.0,0.0
4904,H2,4951,56.920998245126285,389.5194687683439,0.0,0.0
4905,Li-Ion,4952,0.0,0.0,0.0,0.0
4905,H2,4952,56.920998245126285,389.28712539135597,0.0,0.0
4906,Li-Ion,4953,0.0,0.0,0.0,0.0
4906,H2,4953,56.920998245126285,389.05792983110223,0.0,0.0
4907,Li-Ion,4954,0.0,0.0,0.0,0.0
4907,H2,4954,56.920998245126285,391.6276059585717,0.0,0.0
4908,Li-Ion,4955,0.0,4.412404559513875,0.0,0.0
4908,H2,4955,56.920998245126285,391.67636530383015,0.0,0.0
4909,Li-Ion,4956,0.0,3.466889296760902,0.0,0.0
4909,H2,4956,56.920998245126285,400.10588442410267,0.0,0.0
4910,Li-Ion,4957,0.0,8.824809119027748,0.0,0.0
4910,H2,4957,56.920998245126285,408.3828995419359,0.0,0.0
4911,Li-Ion,4958,0.0,16.18128491498018,0.0,0.0
4911,H2,4958,56.920998245126285,407.1964509111727,0.0,0.0
4912,Li-Ion,4959,0.0,16.18128491498018,0.0,0.0
4912,H2,4959,56.920998245126285,388.39481285487557,0.0,0.0
4913,Li-Ion,4960,0.0,16.18128491498018,0.0,0.0
4913,H2,4960,56.920998245126285,387.9736354178731,0.0,0.0
4914,Li-Ion,4961,0.0,16.18128491498018,0.0,0.0
4914,H2,4961,56.920998245126285,388.26964990508617,0.0,0.0
4915,Li-Ion,4962,0.0,16.18128491498018,0.0,0.0
4915,H2,4962,56.920998245126285,385.8174237461767,0.0,0.0
4916,Li-Ion,4963,0.0,16.18128491498018,0.0,0.0
4916,H2,4963,56.920998245126285,383.5412226109428,0.0,0.0
4917,Li-Ion,4964,0.0,16.18128491498018,0.0,0.0
4917,H2,4964,56.920998245126285,385.4937583031031,0.0,0.0
4918,Li-Ion,4965,0.0,16.18128491498018,0.0,0.0
4918,H2,4965,56.920998245126285,382.70168216405534,0.0,0.0
4919,Li-Ion,4966,0.0,16.18128491498018,0.0,0.0
4919,H2,4966,56.920998245126285,382.70168216405534,0.0,0.0
4920,Li-Ion,4967,0.0,16.18128491498018,0.0,0.0
4920,H2,4967,56.920998245126285,383.06201054845894,0.0,0.0
4921,Li-Ion,4968,0.0,16.18128491498018,0.0,0.0
4921,H2,4968,56.920998245126285,383.7102929037459,0.0,0.0
4922,Li-Ion,4969,0.0,16.18128491498018,0.0,0.0
4922,H2,4969,56.920998245126285,384.4449340009583,0.0,0.0
4923,Li-Ion,4970,0.0,16.18128491498018,0.0,0.0
4923,H2,4970,56.920998245126285,385.5167047878219,0.0,0.0
4924,Li-Ion,4971,0.0,0.0,0.0,0.0
4924,H2,4971,56.920998245126285,385.9246491227815,0.0,0.0
4925,Li-Ion,4972,0.0,0.0,0.0,0.0
4925,H2,4972,56.920998245126285,386.8323675507068,0.0,0.0
4926,Li-Ion,4973,0.0,0.0,0.0,0.0
4926,H2,4973,56.920998245126285,388.5795223407915,0.0,0.0
4927,Li-Ion,4974,0.0,0.0,0.0,0.0
4927,H2,4974,56.920998245126285,388.5526286435277,0.0,0.0
4928,Li-Ion,4975,0.0,0.0,0.0,0.0
4928,H2,4975,56.920998245126285,387.0730431982222,0.0,0.0
4929,Li-Ion,4976,0.0,0.0,0.0,0.0
4929,H2,4976,56.920998245126285,386.8254305328757,0.0,0.0
4930,Li-Ion,4977,0.0,0.0,0.0,0.0
4930,H2,4977,56.920998245126285,386.56762900890817,0.0,0.0
4931,Li-Ion,4978,0.0,0.0,0.0,0.0
4931,H2,4978,56.920998245126285,386.2017281854054,0.0,0.0
4932,Li-Ion,4979,0.0,0.0,0.0,0.0
4932,H2,4979,56.920998245126285,388.4069075406532,0.0,0.0
4933,Li-Ion,4980,0.0,0.0,0.0,0.0
4933,H2,4980,56.920998245126285,396.79280620288137,0.0,0.0
4934,Li-Ion,4981,0.0,9.770324381780721,0.0,0.0
4934,H2,4981,56.920998245126285,400.69433918451665,0.0,0.0
4935,Li-Ion,4982,0.0,0.0,0.0,0.0
4935,H2,4982,56.920998245126285,389.97399320881556,0.0,0.0
4936,Li-Ion,4983,0.0,0.0,0.0,0.0
4936,H2,4983,56.920998245126285,389.2144572222843,0.0,0.0
4937,Li-Ion,4984,0.0,0.0,0.0,0.0
4937,H2,4984,56.920998245126285,389.281440587682,0.0,0.0
4938,Li-Ion,4985,0.0,0.0,0.0,0.0
4938,H2,4985,56.920998245126285,389.56662743618665,0.0,0.0
4939,Li-Ion,4986,0.0,0.0,0.0,0.0
4939,H2,4986,56.920998245126285,391.45306520069414,0.0,0.0
4940,Li-Ion,4987,0.0,0.0,0.0,0.0
4940,H2,4987,56.920998245126285,390.26738481738596,0.0,0.0
4941,Li-Ion,4988,0.0,0.0,0.0,0.0
4941,H2,4988,56.920998245126285,386.1685007835676,0.0,0.0
4942,Li-Ion,4989,0.0,0.0,0.0,0.0
4942,H2,4989,56.920998245126285,386.1685007835676,0.0,0.0
4943,Li-Ion,4990,0.0,0.0,0.0,0.0
4943,H2,4990,56.920998245126285,383.0592452867543,0.0,0.0
4944,Li-Ion,4991,0.0,4.412404559513875,0.0,0.0
4944,H2,4991,56.920998245126285,382.74249198070873,0.0,0.0
4945,Li-Ion,4992,0.0,9.770324381780721,0.0,0.0
4945,H2,4992,56.920998245126285,380.833967811358,0.0,0.0
4946,Li-Ion,4993,0.0,15.128244204047569,0.0,0.0
4946,H2,4993,56.920998245126285,380.15510887790407,0.0,0.0
4947,Li-Ion,4994,0.0,16.18128491498018,0.0,0.0
4947,H2,4994,56.920998245126285,380.8682767314763,0.0,0.0
4948,Li-Ion,4995,0.0,16.18128491498018,0.0,0.0
4948,H2,4995,56.920998245126285,384.4039135539119,0.0,0.0
4949,Li-Ion,4996,0.0,16.18128491498018,0.0,0.0
4949,H2,4996,56.920998245126285,388.07941622921487,0.0,0.0
4950,Li-Ion,4997,0.0,0.0,0.0,0.0
4950,H2,4997,56.920998245126285,399.08783637057564,0.0,0.0
4951,Li-Ion,4998,0.0,0.0,0.0,0.0
4951,H2,4998,56.920998245126285,402.1261663424198,0.0,0.0
4952,Li-Ion,4999,0.0,0.0,0.0,0.0
4952,H2,4999,56.920998245126285,401.74395927861787,0.0,0.0
4953,Li-Ion,5000,0.0,0.0,0.0,0.0
4953,H2,5000,56.920998245126285,401.44220209517397,0.0,0.0
4954,Li-Ion,5001,0.0,0.0,0.0,0.0
4954,H2,5001,56.920998245126285,405.29970649893033,0.0,0.0
4955,Li-Ion,5002,0.0,0.0,0.0,0.0
4955,H2,5002,56.920998245126285,407.60618764356104,0.0,0.0
4956,Li-Ion,5003,0.0,4.412404559513875,0.0,0.0
4956,H2,5003,56.920998245126285,407.7884340658436,0.0,0.0
4957,Li-Ion,5004,0.0,9.770324381780721,0.0,0.0
4957,H2,5004,56.920998245126285,408.14850422635226,0.0,0.0
4958,Li-Ion,5005,0.0,15.128244204047569,0.0,0.0
4958,H2,5005,56.920998245126285,411.2604104234604,0.0,0.0
4959,Li-Ion,5006,0.0,16.18128491498018,0.0,0.0
4959,H2,5006,56.920998245126285,409.72140216085404,0.0,0.0
4960,Li-Ion,5007,0.0,16.18128491498018,0.0,0.0
4960,H2,5007,56.920998245126285,408.7622201009718,0.0,0.0
4961,Li-Ion,5008,0.0,16.18128491498018,0.0,0.0
4961,H2,5008,56.920998245126285,408.81655165123976,0.0,0.0
4962,Li-Ion,5009,0.0,16.18128491498018,0.0,0.0
4962,H2,5009,56.920998245126285,408.3693059372498,0.0,0.0
4963,Li-Ion,5010,0.0,16.18128491498018,0.0,0.0
4963,H2,5010,56.920998245126285,406.60120692734114,0.0,0.0
4964,Li-Ion,5011,0.0,16.18128491498018,0.0,0.0
4964,H2,5011,56.920998245126285,404.75348809050473,0.0,0.0
4965,Li-Ion,5012,0.0,16.18128491498018,0.0,0.0
4965,H2,5012,56.920998245126285,403.13891346570335,0.0,0.0
4966,Li-Ion,5013,0.0,16.18128491498018,0.0,0.0
4966,H2,5013,56.920998245126285,400.9925933985279,0.0,0.0
4967,Li-Ion,5014,0.0,16.18128491498018,0.0,0.0
4967,H2,5014,56.920998245126285,400.9925933985279,0.0,0.0
4968,Li-Ion,5015,0.0,16.18128491498018,0.0,0.0
4968,H2,5015,56.920998245126285,400.9925933985279,0.0,0.0
4969,Li-Ion,5016,0.0,16.18128491498018,0.0,0.0
4969,H2,5016,56.920998245126285,401.89485851950775,0.0,0.0
4970,Li-Ion,5017,0.0,16.18128491498018,0.0,0.0
4970,H2,5017,56.920998245126285,402.74002956630676,0.0,0.0
4971,Li-Ion,5018,0.0,16.18128491498018,0.0,0.0
4971,H2,5018,56.920998245126285,403.37720226976563,0.0,0.0
4972,Li-Ion,5019,0.0,16.18128491498018,0.0,0.0
4972,H2,5019,56.920998245126285,404.00637508245615,0.0,0.0
4973,Li-Ion,5020,0.0,16.18128491498018,0.0,0.0
4973,H2,5020,56.920998245126285,407.05270494506874,0.0,0.0
4974,Li-Ion,5021,0.0,16.18128491498018,0.0,0.0
4974,H2,5021,56.920998245126285,407.05270494506874,0.0,0.0
4975,Li-Ion,5022,0.0,0.0,0.0,0.0
4975,H2,5022,56.920998245126285,411.61740461770904,0.0,0.0
4976,Li-Ion,5023,0.0,0.0,0.0,0.0
4976,H2,5023,56.920998245126285,411.2283242989572,0.0,0.0
4977,Li-Ion,5024,0.0,0.0,0.0,0.0
4977,H2,5024,56.920998245126285,410.81738631701836,0.0,0.0
4978,Li-Ion,5025,0.0,0.0,0.0,0.0
4978,H2,5025,56.920998245126285,410.40645465963485,0.0,0.0
4979,Li-Ion,5026,0.0,0.0,0.0,0.0
4979,H2,5026,56.920998245126285,414.752815194844,0.0,0.0
4980,Li-Ion,5027,0.0,4.412404559513875,0.0,0.0
4980,H2,5027,56.920998245126285,414.0937809050929,0.0,0.0
4981,Li-Ion,5028,0.0,3.466889296760902,0.0,0.0
4981,H2,5028,56.920998245126285,421.8788393228877,0.0,0.0
4982,Li-Ion,5029,0.0,15.128244204047569,0.0,0.0
4982,H2,5029,56.920998245126285,420.27925808948936,0.0,0.0
4983,Li-Ion,5030,0.0,16.18128491498018,0.0,0.0
4983,H2,5030,56.920998245126285,409.856580658234,0.0,0.0
4984,Li-Ion,5031,0.0,16.18128491498018,0.0,0.0
4984,H2,5031,56.920998245126285,408.97462141881306,0.0,0.0
4985,Li-Ion,5032,0.0,16.18128491498018,0.0,0.0
4985,H2,5032,56.920998245126285,408.69072477959384,0.0,0.0
4986,Li-Ion,5033,0.0,16.18128491498018,0.0,0.0
4986,H2,5033,56.920998245126285,409.061590379023,0.0,0.0
4987,Li-Ion,5034,0.0,16.18128491498018,0.0,0.0
4987,H2,5034,56.920998245126285,407.2570872286905,0.0,0.0
4988,Li-Ion,5035,0.0,0.0,0.0,0.0
4988,H2,5035,56.920998245126285,404.0173906868459,0.0,0.0
4989,Li-Ion,5036,0.0,0.0,0.0,0.0
4989,H2,5036,56.920998245126285,401.87107061967043,0.0,0.0
4990,Li-Ion,5037,0.0,0.0,0.0,0.0
4990,H2,5037,56.920998245126285,406.1577087510223,0.0,0.0
4991,Li-Ion,5038,0.0,4.412404559513875,0.0,0.0
4991,H2,5038,56.920998245126285,404.53628367987193,0.0,0.0
4992,Li-Ion,5039,0.0,9.770324381780721,0.0,0.0
4992,H2,5039,56.920998245126285,403.9061279495276,0.0,0.0
4993,Li-Ion,5040,0.0,15.128244204047569,0.0,0.0
4993,H2,5040,56.920998245126285,403.48793849374687,0.0,0.0
4994,Li-Ion,5041,0.0,16.18128491498018,0.0,0.0
4994,H2,5041,56.920998245126285,403.61693123652134,0.0,0.0
4995,Li-Ion,5042,0.0,16.18128491498018,0.0,0.0
4995,H2,5042,56.920998245126285,403.7986046229335,0.0,0.0
4996,Li-Ion,5043,0.0,16.18128491498018,0.0,0.0
4996,H2,5043,56.920998245126285,405.08496086318615,0.0,0.0
4997,Li-Ion,5044,0.0,16.18128491498018,0.0,0.0
4997,H2,5044,56.920998245126285,408.7604635384892,0.0,0.0
4998,Li-Ion,5045,0.0,16.18128491498018,0.0,0.0
4998,H2,5045,56.920998245126285,412.2542928273801,0.0,0.0
4999,Li-Ion,5046,0.0,16.18128491498018,0.0,0.0
4999,H2,5046,56.920998245126285,415.9198785999409,0.0,0.0
5000,Li-Ion,5047,0.0,16.18128491498018,0.0,0.0
5000,H2,5047,56.920998245126285,419.5355762801349,0.0,0.0
5001,Li-Ion,5048,0.0,0.0,0.0,0.0
5001,H2,5048,56.920998245126285,418.1754537292875,0.0,0.0
5002,Li-Ion,5049,0.0,0.0,0.0,0.0
5002,H2,5049,56.920998245126285,417.74826796473064,0.0,0.0
5003,Li-Ion,5050,0.0,0.0,0.0,0.0
5003,H2,5050,56.920998245126285,417.14321673089995,0.0,0.0
5004,Li-Ion,5051,0.0,0.0,0.0,0.0
5004,H2,5051,56.920998245126285,418.9296978748308,0.0,0.0
5005,Li-Ion,5052,0.0,4.412404559513875,0.0,0.0
5005,H2,5052,56.920998245126285,418.34899952727744,0.0,0.0
5006,Li-Ion,5053,0.0,9.770324381780721,0.0,0.0
5006,H2,5053,56.920998245126285,421.3827938461132,0.0,0.0
5007,Li-Ion,5054,0.0,15.128244204047569,0.0,0.0
5007,H2,5054,56.920998245126285,420.19947587023347,0.0,0.0
5008,Li-Ion,5055,0.0,16.18128491498018,0.0,0.0
5008,H2,5055,56.920998245126285,419.2773683536391,0.0,0.0
5009,Li-Ion,5056,0.0,16.18128491498018,0.0,0.0
5009,H2,5056,56.920998245126285,418.80037039137926,0.0,0.0
5010,Li-Ion,5057,0.0,16.18128491498018,0.0,0.0
5010,H2,5057,56.920998245126285,419.03224123853346,0.0,0.0
5011,Li-Ion,5058,0.0,16.18128491498018,0.0,0.0
5011,H2,5058,56.920998245126285,417.49348957820615,0.0,0.0
5012,Li-Ion,5059,0.0,16.18128491498018,0.0,0.0
5012,H2,5059,56.920998245126285,416.04862594160926,0.0,0.0
5013,Li-Ion,5060,0.0,16.18128491498018,0.0,0.0
5013,H2,5060,56.920998245126285,414.29967768521055,0.0,0.0
5014,Li-Ion,5061,0.0,16.18128491498018,0.0,0.0
5014,H2,5061,56.920998245126285,411.74035783106183,0.0,0.0
5015,Li-Ion,5062,0.0,16.18128491498018,0.0,0.0
5015,H2,5062,56.920998245126285,416.0269959624137,0.0,0.0
5016,Li-Ion,5063,0.0,16.18128491498018,0.0,0.0
5016,H2,5063,56.920998245126285,415.147666252839,0.0,0.0
5017,Li-Ion,5064,0.0,16.18128491498018,0.0,0.0
5017,H2,5064,56.920998245126285,415.147666252839,0.0,0.0
5018,Li-Ion,5065,0.0,16.18128491498018,0.0,0.0
5018,H2,5065,56.920998245126285,415.147666252839,0.0,0.0
5019,Li-Ion,5066,0.0,16.18128491498018,0.0,0.0
5019,H2,5066,56.920998245126285,415.147666252839,0.0,0.0
5020,Li-Ion,5067,0.0,16.18128491498018,0.0,0.0
5020,H2,5067,56.920998245126285,415.147666252839,0.0,0.0
5021,Li-Ion,5068,0.0,16.18128491498018,0.0,0.0
5021,H2,5068,56.920998245126285,419.1752258348841,0.0,0.0
5022,Li-Ion,5069,0.0,16.18128491498018,0.0,0.0
5022,H2,5069,56.920998245126285,422.669055123775,0.0,0.0
5023,Li-Ion,5070,0.0,16.18128491498018,0.0,0.0
5023,H2,5070,56.920998245126285,422.669055123775,0.0,0.0
5024,Li-Ion,5071,0.0,16.18128491498018,0.0,0.0
5024,H2,5071,56.920998245126285,418.3483466129125,0.0,0.0
5025,Li-Ion,5072,0.0,0.0,0.0,0.0
5025,H2,5072,56.920998245126285,420.8107941491332,0.0,0.0
5026,Li-Ion,5073,0.0,0.0,0.0,0.0
5026,H2,5073,56.920998245126285,420.69434643657513,0.0,0.0
5027,Li-Ion,5074,0.0,0.0,0.0,0.0
5027,H2,5074,56.920998245126285,420.54989359305864,0.0,0.0
5028,Li-Ion,5075,0.0,0.0,0.0,0.0
5028,H2,5075,56.920998245126285,423.2068232857275,0.0,0.0
5029,Li-Ion,5076,0.0,4.412404559513875,0.0,0.0
5029,H2,5076,56.920998245126285,423.31230124309866,0.0,0.0
5030,Li-Ion,5077,0.0,9.770324381780721,0.0,0.0
5030,H2,5077,56.920998245126285,422.3400779501459,0.0,0.0
5031,Li-Ion,5078,0.0,15.128244204047569,0.0,0.0
5031,H2,5078,56.920998245126285,421.1002627215896,0.0,0.0
5032,Li-Ion,5079,0.0,16.18128491498018,0.0,0.0
5032,H2,5079,56.920998245126285,420.1604717483195,0.0,0.0
5033,Li-Ion,5080,0.0,16.18128491498018,0.0,0.0
5033,H2,5080,56.920998245126285,419.5660710656483,0.0,0.0
5034,Li-Ion,5081,0.0,16.18128491498018,0.0,0.0
5034,H2,5081,56.920998245126285,419.85629858474323,0.0,0.0
5035,Li-Ion,5082,0.0,16.18128491498018,0.0,0.0
5035,H2,5082,56.920998245126285,418.12562107275147,0.0,0.0
5036,Li-Ion,5083,0.0,0.0,0.0,0.0
5036,H2,5083,56.920998245126285,414.4572539810168,0.0,0.0
5037,Li-Ion,5084,0.0,0.0,0.0,0.0
5037,H2,5084,56.920998245126285,411.89793412686805,0.0,0.0
5038,Li-Ion,5085,0.0,0.0,0.0,0.0
5038,H2,5085,56.920998245126285,411.89793412686805,0.0,0.0
5039,Li-Ion,5086,0.0,4.412404559513875,0.0,0.0
5039,H2,5086,56.920998245126285,409.03426892282556,0.0,0.0
5040,Li-Ion,5087,0.0,9.770324381780721,0.0,0.0
5040,H2,5087,56.920998245126285,406.19341105084186,0.0,0.0
5041,Li-Ion,5088,0.0,15.128244204047569,0.0,0.0
5041,H2,5088,56.920998245126285,405.5601899987727,0.0,0.0
5042,Li-Ion,5089,0.0,16.18128491498018,0.0,0.0
5042,H2,5089,56.920998245126285,409.8468281301246,0.0,0.0
5043,Li-Ion,5090,0.0,16.18128491498018,0.0,0.0
5043,H2,5090,56.920998245126285,409.8468281301246,0.0,0.0
5044,Li-Ion,5091,0.0,16.18128491498018,0.0,0.0
5044,H2,5091,56.920998245126285,409.8468281301246,0.0,0.0
5045,Li-Ion,5092,0.0,16.18128491498018,0.0,0.0
5045,H2,5092,56.920998245126285,413.5487999653568,0.0,0.0
5046,Li-Ion,5093,0.0,16.18128491498018,0.0,0.0
5046,H2,5093,56.920998245126285,417.27671346375695,0.0,0.0
5047,Li-Ion,5094,0.0,16.18128491498018,0.0,0.0
5047,H2,5094,56.920998245126285,420.95221613906006,0.0,0.0
5048,Li-Ion,5095,0.0,16.18128491498018,0.0,0.0
5048,H2,5095,56.920998245126285,424.35480869457786,0.0,0.0
5049,Li-Ion,5096,0.0,0.0,0.0,0.0
5049,H2,5096,56.920998245126285,426.44914302693576,0.0,0.0
5050,Li-Ion,5097,0.0,0.0,0.0,0.0
5050,H2,5097,56.920998245126285,425.96444175629574,0.0,0.0
5051,Li-Ion,5098,0.0,0.0,0.0,0.0
5051,H2,5098,56.920998245126285,425.4210106649511,0.0,0.0
5052,Li-Ion,5099,0.0,0.0,0.0,0.0
5052,H2,5099,56.920998245126285,428.9952192622436,0.0,0.0
5053,Li-Ion,5100,0.0,0.0,0.0,0.0
5053,H2,5100,56.920998245126285,428.20143697309885,0.0,0.0
5054,Li-Ion,5101,0.0,0.0,0.0,0.0
5054,H2,5101,56.920998245126285,427.3097885149271,0.0,0.0
5055,Li-Ion,5102,0.0,0.0,0.0,0.0
5055,H2,5102,56.920998245126285,426.7433107439952,0.0,0.0
5056,Li-Ion,5103,0.0,0.0,0.0,0.0
5056,H2,5103,56.920998245126285,428.8924165917729,0.0,0.0
5057,Li-Ion,5104,0.0,0.0,0.0,0.0
5057,H2,5104,56.920998245126285,426.5125016552922,0.0,0.0
5058,Li-Ion,5105,0.0,0.0,0.0,0.0
5058,H2,5105,56.920998245126285,431.1032504715098,0.0,0.0
5059,Li-Ion,5106,0.0,0.0,0.0,0.0
5059,H2,5106,56.920998245126285,429.165778974209,0.0,0.0
5060,Li-Ion,5107,0.0,0.0,0.0,0.0
5060,H2,5107,56.920998245126285,426.8724635922783,0.0,0.0
5061,Li-Ion,5108,0.0,0.0,0.0,0.0
5061,H2,5108,56.920998245126285,428.56293501018513,0.0,0.0
5062,Li-Ion,5109,0.0,0.0,0.0,0.0
5062,H2,5109,56.920998245126285,426.18023831795114,0.0,0.0
5063,Li-Ion,5110,0.0,4.412404559513875,0.0,0.0
5063,H2,5110,56.920998245126285,424.03664024259444,0.0,0.0
5064,Li-Ion,5111,0.0,9.770324381780721,0.0,0.0
5064,H2,5111,56.920998245126285,421.7854363203105,0.0,0.0
5065,Li-Ion,5112,0.0,15.128244204047569,0.0,0.0
5065,H2,5112,56.920998245126285,424.773016974121,0.0,0.0
5066,Li-Ion,5113,0.0,16.18128491498018,0.0,0.0
5066,H2,5113,56.920998245126285,424.773016974121,0.0,0.0
5067,Li-Ion,5114,0.0,16.18128491498018,0.0,0.0
5067,H2,5114,56.920998245126285,424.773016974121,0.0,0.0
5068,Li-Ion,5115,0.0,16.18128491498018,0.0,0.0
5068,H2,5115,56.920998245126285,424.773016974121,0.0,0.0
5069,Li-Ion,5116,0.0,16.18128491498018,0.0,0.0
5069,H2,5116,56.920998245126285,432.512483732971,0.0,0.0
5070,Li-Ion,5117,0.0,16.18128491498018,0.0,0.0
5070,H2,5117,56.920998245126285,436.2403972313712,0.0,0.0
5071,Li-Ion,5118,0.0,16.18128491498018,0.0,0.0
5071,H2,5118,56.920998245126285,439.68223921036446,0.0,0.0
5072,Li-Ion,5119,0.0,16.18128491498018,0.0,0.0
5072,H2,5119,56.920998245126285,442.8916861709545,0.0,0.0
5073,Li-Ion,5120,0.0,0.0,0.0,0.0
5073,H2,5120,56.920998245126285,446.77178527448865,0.0,0.0
5074,Li-Ion,5121,0.0,0.0,0.0,0.0
5074,H2,5121,56.920998245126285,446.5305920327923,0.0,0.0
5075,Li-Ion,5122,0.0,0.0,0.0,0.0
5075,H2,5122,56.920998245126285,446.5470358766252,0.0,0.0
5076,Li-Ion,5123,0.0,0.0,0.0,0.0
5076,H2,5123,56.920998245126285,448.7337419726249,0.0,0.0
5077,Li-Ion,5124,0.0,4.412404559513875,0.0,0.0
5077,H2,5124,56.920998245126285,448.8919224494805,0.0,0.0
5078,Li-Ion,5125,0.0,9.770324381780721,0.0,0.0
5078,H2,5125,56.920998245126285,448.49071719133707,0.0,0.0
5079,Li-Ion,5126,0.0,15.128244204047569,0.0,0.0
5079,H2,5126,56.920998245126285,448.09852595821025,0.0,0.0
5080,Li-Ion,5127,0.0,16.18128491498018,0.0,0.0
5080,H2,5127,56.920998245126285,447.75835265890805,0.0,0.0
5081,Li-Ion,5128,0.0,16.18128491498018,0.0,0.0
5081,H2,5128,56.920998245126285,451.61884857733094,0.0,0.0
5082,Li-Ion,5129,0.0,0.0,0.0,0.0
5082,H2,5129,56.920998245126285,447.3128951249598,0.0,0.0
5083,Li-Ion,5130,0.0,0.0,0.0,0.0
5083,H2,5130,56.920998245126285,444.34095495715695,0.0,0.0
5084,Li-Ion,5131,0.0,0.0,0.0,0.0
5084,H2,5131,56.920998245126285,441.3904423827794,0.0,0.0
5085,Li-Ion,5132,0.0,0.0,0.0,0.0
5085,H2,5132,56.920998245126285,441.3313173344778,0.0,0.0
5086,Li-Ion,5133,0.0,0.0,0.0,0.0
5086,H2,5133,56.920998245126285,438.2071400604701,0.0,0.0
5087,Li-Ion,5134,0.0,4.412404559513875,0.0,0.0
5087,H2,5134,56.920998245126285,435.65215427176173,0.0,0.0
5088,Li-Ion,5135,0.0,9.770324381780721,0.0,0.0
5088,H2,5135,56.920998245126285,433.59341054288353,0.0,0.0
5089,Li-Ion,5136,0.0,15.128244204047569,0.0,0.0
5089,H2,5136,56.920998245126285,432.35103141435945,0.0,0.0
5090,Li-Ion,5137,0.0,16.18128491498018,0.0,0.0
5090,H2,5137,56.920998245126285,436.63766954571133,0.0,0.0
5091,Li-Ion,5138,0.0,16.18128491498018,0.0,0.0
5091,H2,5138,56.920998245126285,436.63766954571133,0.0,0.0
5092,Li-Ion,5139,0.0,16.18128491498018,0.0,0.0
5092,H2,5139,56.920998245126285,436.63766954571133,0.0,0.0
5093,Li-Ion,5140,0.0,16.18128491498018,0.0,0.0
5093,H2,5140,56.920998245126285,440.06704039752634,0.0,0.0
5094,Li-Ion,5141,0.0,16.18128491498018,0.0,0.0
5094,H2,5141,56.920998245126285,443.7490312997455,0.0,0.0
5095,Li-Ion,5142,0.0,16.18128491498018,0.0,0.0
5095,H2,5142,56.920998245126285,447.20554624708194,0.0,0.0
5096,Li-Ion,5143,0.0,16.18128491498018,0.0,0.0
5096,H2,5143,56.920998245126285,448.17692951305236,0.0,0.0
5097,Li-Ion,5144,0.0,0.0,0.0,0.0
5097,H2,5144,56.920998245126285,451.74820792668595,0.0,0.0
5098,Li-Ion,5145,0.0,0.0,0.0,0.0
5098,H2,5145,56.920998245126285,451.2130672340455,0.0,0.0
5099,Li-Ion,5146,0.0,0.0,0.0,0.0
5099,H2,5146,56.920998245126285,450.55721084732664,0.0,0.0
5100,Li-Ion,5147,0.0,0.0,0.0,0.0
5100,H2,5147,56.920998245126285,449.833422411912,0.0,0.0
5101,Li-Ion,5148,0.0,0.0,0.0,0.0
5101,H2,5148,56.920998245126285,447.61426972991734,0.0,0.0
5102,Li-Ion,5149,0.0,0.0,0.0,0.0
5102,H2,5149,56.920998245126285,449.0768071503406,0.0,0.0
5103,Li-Ion,5150,0.0,4.412404559513875,0.0,0.0
5103,H2,5150,56.920998245126285,449.0688542080416,0.0,0.0
5104,Li-Ion,5151,0.0,9.770324381780721,0.0,0.0
5104,H2,5151,56.920998245126285,448.7017643681386,0.0,0.0
5105,Li-Ion,5152,0.0,15.128244204047569,0.0,0.0
5105,H2,5152,56.920998245126285,448.33640113183804,0.0,0.0
5106,Li-Ion,5153,0.0,16.18128491498018,0.0,0.0
5106,H2,5153,56.920998245126285,448.1459877448087,0.0,0.0
5107,Li-Ion,5154,0.0,16.18128491498018,0.0,0.0
5107,H2,5154,56.920998245126285,446.7941740712517,0.0,0.0
5108,Li-Ion,5155,0.0,16.18128491498018,0.0,0.0
5108,H2,5155,56.920998245126285,446.7560875991126,0.0,0.0
5109,Li-Ion,5156,0.0,16.18128491498018,0.0,0.0
5109,H2,5156,56.920998245126285,442.69431270762,0.0,0.0
5110,Li-Ion,5157,0.0,0.0,0.0,0.0
5110,H2,5157,56.920998245126285,440.66849812813837,0.0,0.0
5111,Li-Ion,5158,0.0,0.0,0.0,0.0
5111,H2,5158,56.920998245126285,443.3579924462017,0.0,0.0
5112,Li-Ion,5159,0.0,0.0,0.0,0.0
5112,H2,5159,56.920998245126285,443.3579924462017,0.0,0.0
5113,Li-Ion,5160,0.0,0.0,0.0,0.0
5113,H2,5160,56.920998245126285,440.63527638708445,0.0,0.0
5114,Li-Ion,5161,0.0,4.412404559513875,0.0,0.0
5114,H2,5161,56.920998245126285,439.762283573494,0.0,0.0
5115,Li-Ion,5162,0.0,9.770324381780721,0.0,0.0
5115,H2,5162,56.920998245126285,439.1574347811129,0.0,0.0
5116,Li-Ion,5163,0.0,15.128244204047569,0.0,0.0
5116,H2,5163,56.920998245126285,439.1574347811129,0.0,0.0
5117,Li-Ion,5164,0.0,16.18128491498018,0.0,0.0
5117,H2,5164,56.920998245126285,439.1574347811129,0.0,0.0
5118,Li-Ion,5165,0.0,16.18128491498018,0.0,0.0
5118,H2,5165,56.920998245126285,438.8266863943127,0.0,0.0
5119,Li-Ion,5166,0.0,16.18128491498018,0.0,0.0
5119,H2,5166,56.920998245126285,442.85567479102474,0.0,0.0
5120,Li-Ion,5167,0.0,16.18128491498018,0.0,0.0
5120,H2,5167,56.920998245126285,444.56016774807676,0.0,0.0
5121,Li-Ion,5168,0.0,16.18128491498018,0.0,0.0
5121,H2,5168,56.920998245126285,442.3799923362715,0.0,0.0
5122,Li-Ion,5169,0.0,16.18128491498018,0.0,0.0
5122,H2,5169,56.920998245126285,442.10593670513066,0.0,0.0
5123,Li-Ion,5170,0.0,16.18128491498018,0.0,0.0
5123,H2,5170,56.920998245126285,441.9592070216989,0.0,0.0
5124,Li-Ion,5171,0.0,16.18128491498018,0.0,0.0
5124,H2,5171,56.920998245126285,441.7365131043145,0.0,0.0
5125,Li-Ion,5172,0.0,16.18128491498018,0.0,0.0
5125,H2,5172,56.920998245126285,441.3799662981305,0.0,0.0
5126,Li-Ion,5173,0.0,16.18128491498018,0.0,0.0
5126,H2,5173,56.920998245126285,441.07817749190997,0.0,0.0
5127,Li-Ion,5174,0.0,16.18128491498018,0.0,0.0
5127,H2,5174,56.920998245126285,440.8185797942314,0.0,0.0
5128,Li-Ion,5175,0.0,16.18128491498018,0.0,0.0
5128,H2,5175,56.920998245126285,440.5917875649995,0.0,0.0
5129,Li-Ion,5176,0.0,16.18128491498018,0.0,0.0
5129,H2,5176,56.920998245126285,440.3182252491736,0.0,0.0
5130,Li-Ion,5177,0.0,16.18128491498018,0.0,0.0
5130,H2,5177,56.920998245126285,440.48838741006733,0.0,0.0
5131,Li-Ion,5178,0.0,16.18128491498018,0.0,0.0
5131,H2,5178,56.920998245126285,441.19497299933136,0.0,0.0
5132,Li-Ion,5179,0.0,16.18128491498018,0.0,0.0
5132,H2,5179,56.920998245126285,440.7845347129421,0.0,0.0
5133,Li-Ion,5180,0.0,16.18128491498018,0.0,0.0
5133,H2,5180,56.920998245126285,441.16583582864985,0.0,0.0
5134,Li-Ion,5181,0.0,16.18128491498018,0.0,0.0
5134,H2,5181,56.920998245126285,440.7959222776074,0.0,0.0
5135,Li-Ion,5182,0.0,16.18128491498018,0.0,0.0
5135,H2,5182,56.920998245126285,449.6030487874624,0.0,0.0
5136,Li-Ion,5183,0.0,16.18128491498018,0.0,0.0
5136,H2,5183,56.920998245126285,449.6030487874624,0.0,0.0
5137,Li-Ion,5184,0.0,16.18128491498018,0.0,0.0
5137,H2,5184,56.920998245126285,449.6030487874624,0.0,0.0
5138,Li-Ion,5185,0.0,16.18128491498018,0.0,0.0
5138,H2,5185,56.920998245126285,449.6030487874624,0.0,0.0
5139,Li-Ion,5186,0.0,16.18128491498018,0.0,0.0
5139,H2,5186,56.920998245126285,453.8896869188143,0.0,0.0
5140,Li-Ion,5187,0.0,16.18128491498018,0.0,0.0
5140,H2,5187,56.920998245126285,453.8896869188143,0.0,0.0
5141,Li-Ion,5188,0.0,0.0,0.0,0.0
5141,H2,5188,56.920998245126285,453.02212603301774,0.0,0.0
5142,Li-Ion,5189,0.0,0.0,0.0,0.0
5142,H2,5189,56.920998245126285,452.6458493320216,0.0,0.0
5143,Li-Ion,5190,0.0,0.0,0.0,0.0
5143,H2,5190,56.920998245126285,452.6458493320216,0.0,0.0
5144,Li-Ion,5191,0.0,0.0,0.0,0.0
5144,H2,5191,56.920998245126285,452.8546876483671,0.0,0.0
5145,Li-Ion,5192,0.0,0.0,0.0,0.0
5145,H2,5192,56.920998245126285,452.65895381064536,0.0,0.0
5146,Li-Ion,5193,0.0,0.0,0.0,0.0
5146,H2,5193,56.920998245126285,452.65895381064536,0.0,0.0
5147,Li-Ion,5194,0.0,0.0,0.0,0.0
5147,H2,5194,56.920998245126285,455.49409682313063,0.0,0.0
5148,Li-Ion,5195,0.0,4.412404559513875,0.0,0.0
5148,H2,5195,56.920998245126285,455.99364517340143,0.0,0.0
5149,Li-Ion,5196,0.0,9.770324381780721,0.0,0.0
5149,H2,5196,56.920998245126285,455.8781208459202,0.0,0.0
5150,Li-Ion,5197,0.0,15.128244204047569,0.0,0.0
5150,H2,5197,56.920998245126285,455.6071705714416,0.0,0.0
5151,Li-Ion,5198,0.0,16.18128491498018,0.0,0.0
5151,H2,5198,56.920998245126285,455.34927417914423,0.0,0.0
5152,Li-Ion,5199,0.0,16.18128491498018,0.0,0.0
5152,H2,5199,56.920998245126285,455.0974493599544,0.0,0.0
5153,Li-Ion,5200,0.0,16.18128491498018,0.0,0.0
5153,H2,5200,56.920998245126285,459.14766296432146,0.0,0.0
5154,Li-Ion,5201,0.0,16.18128491498018,0.0,0.0
5154,H2,5201,56.920998245126285,458.9792084333643,0.0,0.0
5155,Li-Ion,5202,0.0,16.18128491498018,0.0,0.0
5155,H2,5202,56.920998245126285,459.13851765732824,0.0,0.0
5156,Li-Ion,5203,0.0,16.18128491498018,0.0,0.0
5156,H2,5203,56.920998245126285,459.2449915461461,0.0,0.0
5157,Li-Ion,5204,0.0,16.18128491498018,0.0,0.0
5157,H2,5204,56.920998245126285,459.4945901218632,0.0,0.0
5158,Li-Ion,5205,0.0,16.18128491498018,0.0,0.0
5158,H2,5205,56.920998245126285,456.94559194199724,0.0,0.0
5159,Li-Ion,5206,0.0,16.18128491498018,0.0,0.0
5159,H2,5206,56.920998245126285,456.85138290334896,0.0,0.0
5160,Li-Ion,5207,0.0,16.18128491498018,0.0,0.0
5160,H2,5207,56.920998245126285,456.85138290334896,0.0,0.0
5161,Li-Ion,5208,0.0,16.18128491498018,0.0,0.0
5161,H2,5208,56.920998245126285,456.85138290334896,0.0,0.0
5162,Li-Ion,5209,0.0,16.18128491498018,0.0,0.0
5162,H2,5209,56.920998245126285,456.85138290334896,0.0,0.0
5163,Li-Ion,5210,0.0,16.18128491498018,0.0,0.0
5163,H2,5210,56.920998245126285,461.13802103470084,0.0,0.0
5164,Li-Ion,5211,0.0,0.0,0.0,0.0
5164,H2,5211,56.920998245126285,459.58500294023355,0.0,0.0
5165,Li-Ion,5212,0.0,0.0,0.0,0.0
5165,H2,5212,56.920998245126285,456.7052122184326,0.0,0.0
5166,Li-Ion,5213,0.0,0.0,0.0,0.0
5166,H2,5213,56.920998245126285,454.077067755308,0.0,0.0
5167,Li-Ion,5214,0.0,0.0,0.0,0.0
5167,H2,5214,56.920998245126285,451.474925644982,0.0,0.0
5168,Li-Ion,5215,0.0,0.0,0.0,0.0
5168,H2,5215,56.920998245126285,451.5969263171113,0.0,0.0
5169,Li-Ion,5216,0.0,0.0,0.0,0.0
5169,H2,5216,56.920998245126285,451.58382183848755,0.0,0.0
5170,Li-Ion,5217,0.0,0.0,0.0,0.0
5170,H2,5217,56.920998245126285,455.87045996983943,0.0,0.0
5171,Li-Ion,5218,0.0,0.0,0.0,0.0
5171,H2,5218,56.920998245126285,455.87045996983943,0.0,0.0
5172,Li-Ion,5219,0.0,0.0,0.0,0.0
5172,H2,5219,56.920998245126285,455.87045996983943,0.0,0.0
5173,Li-Ion,5220,0.0,0.0,0.0,0.0
5173,H2,5220,56.920998245126285,458.53836276598906,0.0,0.0
5174,Li-Ion,5221,0.0,4.412404559513875,0.0,0.0
5174,H2,5221,56.920998245126285,458.9990340747057,0.0,0.0
5175,Li-Ion,5222,0.0,0.0,0.0,0.0
5175,H2,5222,56.920998245126285,455.87045996983943,0.0,0.0
5176,Li-Ion,5223,0.0,0.0,0.0,0.0
5176,H2,5223,56.920998245126285,460.15709810119137,0.0,0.0
5177,Li-Ion,5224,0.0,0.0,0.0,0.0
5177,H2,5224,56.920998245126285,462.0356584460311,0.0,0.0
5178,Li-Ion,5225,0.0,4.412404559513875,0.0,0.0
5178,H2,5225,56.920998245126285,462.55347843662236,0.0,0.0
5179,Li-Ion,5226,0.0,9.770324381780721,0.0,0.0
5179,H2,5226,56.920998245126285,462.5005229349252,0.0,0.0
5180,Li-Ion,5227,0.0,15.128244204047569,0.0,0.0
5180,H2,5227,56.920998245126285,462.5890983321865,0.0,0.0
5181,Li-Ion,5228,0.0,0.0,0.0,0.0
5181,H2,5228,56.920998245126285,460.1570981011914,0.0,0.0
5182,Li-Ion,5229,0.0,0.0,0.0,0.0
5182,H2,5229,56.920998245126285,460.2513071398397,0.0,0.0
5183,Li-Ion,5230,0.0,0.0,0.0,0.0
5183,H2,5230,56.920998245126285,463.0949876053605,0.0,0.0
5184,Li-Ion,5231,0.0,4.412404559513875,0.0,0.0
5184,H2,5231,56.920998245126285,463.0949876053605,0.0,0.0
5185,Li-Ion,5232,0.0,9.770324381780721,0.0,0.0
5185,H2,5232,56.920998245126285,463.0949876053605,0.0,0.0
5186,Li-Ion,5233,0.0,15.128244204047569,0.0,0.0
5186,H2,5233,56.920998245126285,463.0949876053605,0.0,0.0
5187,Li-Ion,5234,0.0,16.18128491498018,0.0,0.0
5187,H2,5234,56.920998245126285,467.38162573671235,0.0,0.0
5188,Li-Ion,5235,0.0,16.18128491498018,0.0,0.0
5188,H2,5235,56.920998245126285,468.9346438311796,0.0,0.0
5189,Li-Ion,5236,0.0,0.0,0.0,0.0
5189,H2,5236,56.920998245126285,472.5902074616528,0.0,0.0
5190,Li-Ion,5237,0.0,0.0,0.0,0.0
5190,H2,5237,56.920998245126285,473.790138607435,0.0,0.0
5191,Li-Ion,5238,0.0,0.0,0.0,0.0
5191,H2,5238,56.920998245126285,473.08072474142455,0.0,0.0
5192,Li-Ion,5239,0.0,0.0,0.0,0.0
5192,H2,5239,56.920998245126285,473.36627841413775,0.0,0.0
5193,Li-Ion,5240,0.0,0.0,0.0,0.0
5193,H2,5240,56.920998245126285,473.66615720465154,0.0,0.0
5194,Li-Ion,5241,0.0,0.0,0.0,0.0
5194,H2,5241,56.920998245126285,473.66615720465154,0.0,0.0
5195,Li-Ion,5242,0.0,0.0,0.0,0.0
5195,H2,5242,56.920998245126285,476.72764340294106,0.0,0.0
5196,Li-Ion,5243,0.0,4.412404559513875,0.0,0.0
5196,H2,5243,56.920998245126285,481.7585712017948,0.0,0.0
5197,Li-Ion,5244,0.0,9.770324381780721,0.0,0.0
5197,H2,5244,56.920998245126285,481.7273721703995,0.0,0.0
5198,Li-Ion,5245,0.0,15.128244204047569,0.0,0.0
5198,H2,5245,56.920998245126285,481.61456740170604,0.0,0.0
5199,Li-Ion,5246,0.0,16.18128491498018,0.0,0.0
5199,H2,5246,56.920998245126285,481.4746745625755,0.0,0.0
5200,Li-Ion,5247,0.0,15.235769652227205,0.0,0.0
5200,H2,5247,56.920998245126285,490.50472918417995,0.0,0.0
5201,Li-Ion,5248,0.0,16.18128491498018,0.0,0.0
5201,H2,5248,56.920998245126285,490.06791744642555,0.0,0.0
5202,Li-Ion,5249,0.0,16.18128491498018,0.0,0.0
5202,H2,5249,56.920998245126285,485.13539675209495,0.0,0.0
5203,Li-Ion,5250,0.0,16.18128491498018,0.0,0.0
5203,H2,5250,56.920998245126285,485.5751035432212,0.0,0.0
5204,Li-Ion,5251,0.0,0.0,0.0,0.0
5204,H2,5251,56.920998245126285,483.445606399687,0.0,0.0
5205,Li-Ion,5252,0.0,0.0,0.0,0.0
5205,H2,5252,56.920998245126285,485.6747317293505,0.0,0.0
5206,Li-Ion,5253,0.0,0.0,0.0,0.0
5206,H2,5253,56.920998245126285,485.6747317293505,0.0,0.0
5207,Li-Ion,5254,0.0,0.0,0.0,0.0
5207,H2,5254,56.920998245126285,485.6747317293505,0.0,0.0
5208,Li-Ion,5255,0.0,4.412404559513875,0.0,0.0
5208,H2,5255,56.920998245126285,485.49899141523423,0.0,0.0
5209,Li-Ion,5256,0.0,9.770324381780721,0.0,0.0
5209,H2,5256,56.920998245126285,484.3144950055194,0.0,0.0
5210,Li-Ion,5257,0.0,15.128244204047569,0.0,0.0
5210,H2,5257,56.920998245126285,482.3448448434836,0.0,0.0
5211,Li-Ion,5258,0.0,16.18128491498018,0.0,0.0
5211,H2,5258,56.920998245126285,482.3448448434836,0.0,0.0
5212,Li-Ion,5259,0.0,0.0,0.0,0.0
5212,H2,5259,56.920998245126285,482.08489937614326,0.0,0.0
5213,Li-Ion,5260,0.0,0.0,0.0,0.0
5213,H2,5260,56.920998245126285,480.40976732074967,0.0,0.0
5214,Li-Ion,5261,0.0,0.0,0.0,0.0
5214,H2,5261,56.920998245126285,479.02799218985155,0.0,0.0
5215,Li-Ion,5262,0.0,0.0,0.0,0.0
5215,H2,5262,56.920998245126285,478.4824723415833,0.0,0.0
5216,Li-Ion,5263,0.0,0.0,0.0,0.0
5216,H2,5263,56.920998245126285,478.2967960464889,0.0,0.0
5217,Li-Ion,5264,0.0,0.0,0.0,0.0
5217,H2,5264,56.920998245126285,478.4196599016846,0.0,0.0
5218,Li-Ion,5265,0.0,0.0,0.0,0.0
5218,H2,5265,56.920998245126285,473.585542963583,0.0,0.0
5219,Li-Ion,5266,0.0,0.0,0.0,0.0
5219,H2,5266,56.920998245126285,479.9206189956789,0.0,0.0
5220,Li-Ion,5267,0.0,0.0,0.0,0.0
5220,H2,5267,56.920998245126285,476.96241278577054,0.0,0.0
5221,Li-Ion,5268,0.0,0.0,0.0,0.0
5221,H2,5268,56.920998245126285,476.84960801707706,0.0,0.0
5222,Li-Ion,5269,0.0,0.0,0.0,0.0
5222,H2,5269,56.920998245126285,476.70971517794646,0.0,0.0
5223,Li-Ion,5270,0.0,0.0,0.0,0.0
5223,H2,5270,56.920998245126285,481.3542973936647,0.0,0.0
5224,Li-Ion,5271,0.0,4.412404559513875,0.0,0.0
5224,H2,5271,56.920998245126285,479.07463085065865,0.0,0.0
5225,Li-Ion,5272,0.0,0.0,0.0,0.0
5225,H2,5272,56.920998245126285,476.08379923611403,0.0,0.0
5226,Li-Ion,5273,0.0,0.0,0.0,0.0
5226,H2,5273,56.920998245126285,475.89176676292266,0.0,0.0
5227,Li-Ion,5274,0.0,0.0,0.0,0.0
5227,H2,5274,56.920998245126285,476.3158817583785,0.0,0.0
5228,Li-Ion,5275,0.0,0.0,0.0,0.0
5228,H2,5275,56.920998245126285,475.8661362399599,0.0,0.0
5229,Li-Ion,5276,0.0,0.0,0.0,0.0
5229,H2,5276,56.920998245126285,476.29728641178804,0.0,0.0
5230,Li-Ion,5277,0.0,0.0,0.0,0.0
5230,H2,5277,56.920998245126285,473.17310913778044,0.0,0.0
5231,Li-Ion,5278,0.0,4.412404559513875,0.0,0.0
5231,H2,5278,56.920998245126285,471.2465705230384,0.0,0.0
5232,Li-Ion,5279,0.0,9.770324381780721,0.0,0.0
5232,H2,5279,56.920998245126285,469.76589335381794,0.0,0.0
5233,Li-Ion,5280,0.0,15.128244204047569,0.0,0.0
5233,H2,5280,56.920998245126285,468.3157959959665,0.0,0.0
5234,Li-Ion,5281,0.0,16.18128491498018,0.0,0.0
5234,H2,5281,56.920998245126285,470.13987518258716,0.0,0.0
5235,Li-Ion,5282,0.0,16.18128491498018,0.0,0.0
5235,H2,5282,56.920998245126285,472.7127270552993,0.0,0.0
5236,Li-Ion,5283,0.0,0.0,0.0,0.0
5236,H2,5283,56.920998245126285,482.2380386889075,0.0,0.0
5237,Li-Ion,5284,0.0,0.0,0.0,0.0
5237,H2,5284,56.920998245126285,483.4843477777549,0.0,0.0
5238,Li-Ion,5285,0.0,0.0,0.0,0.0
5238,H2,5285,56.920998245126285,484.3045587319997,0.0,0.0
5239,Li-Ion,5286,0.0,0.0,0.0,0.0
5239,H2,5286,56.920998245126285,485.3578476100765,0.0,0.0
5240,Li-Ion,5287,0.0,0.0,0.0,0.0
5240,H2,5287,56.920998245126285,486.04878598892964,0.0,0.0
5241,Li-Ion,5288,0.0,0.0,0.0,0.0
5241,H2,5288,56.920998245126285,485.6463300910018,0.0,0.0
5242,Li-Ion,5289,0.0,0.0,0.0,0.0
5242,H2,5289,56.920998245126285,485.89606695160944,0.0,0.0
5243,Li-Ion,5290,0.0,0.0,0.0,0.0
5243,H2,5290,56.920998245126285,485.7258794924944,0.0,0.0
5244,Li-Ion,5291,0.0,0.0,0.0,0.0
5244,H2,5291,56.920998245126285,489.77649786840203,0.0,0.0
5245,Li-Ion,5292,0.0,0.0,0.0,0.0
5245,H2,5292,56.920998245126285,491.9234415735868,0.0,0.0
5246,Li-Ion,5293,0.0,4.412404559513875,0.0,0.0
5246,H2,5293,56.920998245126285,494.3364257292211,0.0,0.0
5247,Li-Ion,5294,0.0,9.770324381780721,0.0,0.0
5247,H2,5294,56.920998245126285,495.90387822159204,0.0,0.0
5248,Li-Ion,5295,0.0,15.128244204047569,0.0,0.0
5248,H2,5295,56.920998245126285,499.3788545459085,0.0,0.0
5249,Li-Ion,5296,0.0,16.18128491498018,0.0,0.0
5249,H2,5296,56.920998245126285,499.26826858728833,0.0,0.0
5250,Li-Ion,5297,0.0,16.18128491498018,0.0,0.0
5250,H2,5297,56.920998245126285,496.75146871855827,0.0,0.0
5251,Li-Ion,5298,0.0,0.0,0.0,0.0
5251,H2,5298,56.920998245126285,492.0172860790734,0.0,0.0
5252,Li-Ion,5299,0.0,0.0,0.0,0.0
5252,H2,5299,56.920998245126285,489.8129761641658,0.0,0.0
5253,Li-Ion,5300,0.0,0.0,0.0,0.0
5253,H2,5300,56.920998245126285,489.8129761641658,0.0,0.0
5254,Li-Ion,5301,0.0,4.412404559513875,0.0,0.0
5254,H2,5301,56.920998245126285,489.8129761641658,0.0,0.0
5255,Li-Ion,5302,0.0,9.770324381780721,0.0,0.0
5255,H2,5302,56.920998245126285,489.837856018181,0.0,0.0
5256,Li-Ion,5303,0.0,15.128244204047569,0.0,0.0
5256,H2,5303,56.920998245126285,488.9265729627271,0.0,0.0
5257,Li-Ion,5304,0.0,16.18128491498018,0.0,0.0
5257,H2,5304,56.920998245126285,489.96098600376575,0.0,0.0
5258,Li-Ion,5305,0.0,16.18128491498018,0.0,0.0
5258,H2,5305,56.920998245126285,492.2728876773734,0.0,0.0
5259,Li-Ion,5306,0.0,0.0,0.0,0.0
5259,H2,5306,56.920998245126285,495.2277571778913,0.0,0.0
5260,Li-Ion,5307,0.0,0.0,0.0,0.0
5260,H2,5307,56.920998245126285,491.9913364669924,0.0,0.0
5261,Li-Ion,5308,0.0,0.0,0.0,0.0
5261,H2,5308,56.920998245126285,492.0446614074265,0.0,0.0
5262,Li-Ion,5309,0.0,0.0,0.0,0.0
5262,H2,5309,56.920998245126285,491.8661567067844,0.0,0.0
5263,Li-Ion,5310,0.0,0.0,0.0,0.0
5263,H2,5310,56.920998245126285,492.26118733199036,0.0,0.0
5264,Li-Ion,5311,0.0,0.0,0.0,0.0
5264,H2,5311,56.920998245126285,492.1995102685066,0.0,0.0
5265,Li-Ion,5312,0.0,0.0,0.0,0.0
5265,H2,5312,56.920998245126285,494.3571827539549,0.0,0.0
5266,Li-Ion,5313,0.0,0.0,0.0,0.0
5266,H2,5313,56.920998245126285,494.14510771660525,0.0,0.0
5267,Li-Ion,5314,0.0,0.0,0.0,0.0
5267,H2,5314,56.920998245126285,496.43854405750045,0.0,0.0
5268,Li-Ion,5315,0.0,4.412404559513875,0.0,0.0
5268,H2,5315,56.920998245126285,495.83985272209355,0.0,0.0
5269,Li-Ion,5316,0.0,9.770324381780721,0.0,0.0
5269,H2,5316,56.920998245126285,495.0075159437159,0.0,0.0
5270,Li-Ion,5317,0.0,0.0,0.0,0.0
5270,H2,5317,56.920998245126285,492.9162604314205,0.0,0.0
5271,Li-Ion,5318,0.0,0.0,0.0,0.0
5271,H2,5318,56.920998245126285,492.69578372846456,0.0,0.0
5272,Li-Ion,5319,0.0,0.0,0.0,0.0
5272,H2,5319,56.920998245126285,489.64915959137295,0.0,0.0
5273,Li-Ion,5320,0.0,0.0,0.0,0.0
5273,H2,5320,56.920998245126285,490.09770099627485,0.0,0.0
5274,Li-Ion,5321,0.0,4.412404559513875,0.0,0.0
5274,H2,5321,56.920998245126285,488.58204783050303,0.0,0.0
5275,Li-Ion,5322,0.0,9.770324381780721,0.0,0.0
5275,H2,5322,56.920998245126285,485.2327561173491,0.0,0.0
5276,Li-Ion,5323,0.0,15.128244204047569,0.0,0.0
5276,H2,5323,56.920998245126285,482.69612876768974,0.0,0.0
5277,Li-Ion,5324,0.0,16.18128491498018,0.0,0.0
5277,H2,5324,56.920998245126285,480.2503916025389,0.0,0.0
5278,Li-Ion,5325,0.0,16.18128491498018,0.0,0.0
5278,H2,5325,56.920998245126285,480.2503916025389,0.0,0.0
5279,Li-Ion,5326,0.0,16.18128491498018,0.0,0.0
5279,H2,5326,56.920998245126285,480.2503916025389,0.0,0.0
5280,Li-Ion,5327,0.0,16.18128491498018,0.0,0.0
5280,H2,5327,56.920998245126285,482.07958745274243,0.0,0.0
5281,Li-Ion,5328,0.0,0.0,0.0,0.0
5281,H2,5328,56.920998245126285,482.14681076456077,0.0,0.0
5282,Li-Ion,5329,0.0,0.0,0.0,0.0
5282,H2,5329,56.920998245126285,484.14122801526287,0.0,0.0
5283,Li-Ion,5330,0.0,0.0,0.0,0.0
5283,H2,5330,56.920998245126285,483.3150720436251,0.0,0.0
5284,Li-Ion,5331,0.0,0.0,0.0,0.0
5284,H2,5331,56.920998245126285,487.38481049438155,0.0,0.0
5285,Li-Ion,5332,0.0,0.0,0.0,0.0
5285,H2,5332,56.920998245126285,489.93113636574054,0.0,0.0
5286,Li-Ion,5333,0.0,0.0,0.0,0.0
5286,H2,5333,56.920998245126285,490.3466943613842,0.0,0.0
5287,Li-Ion,5334,0.0,0.0,0.0,0.0
5287,H2,5334,56.920998245126285,493.42635153099,0.0,0.0
5288,Li-Ion,5335,0.0,0.0,0.0,0.0
5288,H2,5335,56.920998245126285,489.1121773646682,0.0,0.0
5289,Li-Ion,5336,0.0,4.412404559513875,0.0,0.0
5289,H2,5336,56.920998245126285,489.292158583713,0.0,0.0
5290,Li-Ion,5337,0.0,9.770324381780721,0.0,0.0
5290,H2,5337,56.920998245126285,488.843646418616,0.0,0.0
5291,Li-Ion,5338,0.0,15.128244204047569,0.0,0.0
5291,H2,5338,56.920998245126285,488.36273133397174,0.0,0.0
5292,Li-Ion,5339,0.0,16.18128491498018,0.0,0.0
5292,H2,5339,56.920998245126285,491.9812054939512,0.0,0.0
5293,Li-Ion,5340,0.0,15.235769652227205,0.0,0.0
5293,H2,5340,56.920998245126285,500.40563556983204,0.0,0.0
5294,Li-Ion,5341,0.0,20.593689474494052,0.0,0.0
5294,H2,5341,56.920998245126285,508.7063930683379,0.0,0.0
5295,Li-Ion,5342,0.0,21.539204737247026,0.0,0.0
5295,H2,5342,56.920998245126285,514.2834376503876,0.0,0.0
5296,Li-Ion,5343,0.0,16.18128491498018,0.0,0.0
5296,H2,5343,56.920998245126285,516.3710025986369,0.0,0.0
5297,Li-Ion,5344,0.0,16.18128491498018,0.0,0.0
5297,H2,5344,56.920998245126285,488.4657162305819,0.0,0.0
5298,Li-Ion,5345,0.0,16.18128491498018,0.0,0.0
5298,H2,5345,56.920998245126285,485.9420858421058,0.0,0.0
5299,Li-Ion,5346,0.0,16.18128491498018,0.0,0.0
5299,H2,5346,56.920998245126285,483.702725241613,0.0,0.0
5300,Li-Ion,5347,0.0,0.0,0.0,0.0
5300,H2,5347,56.920998245126285,482.5225353907947,0.0,0.0
5301,Li-Ion,5348,0.0,0.0,0.0,0.0
5301,H2,5348,56.920998245126285,481.80788121987456,0.0,0.0
5302,Li-Ion,5349,0.0,0.0,0.0,0.0
5302,H2,5349,56.920998245126285,482.21253173230326,0.0,0.0
5303,Li-Ion,5350,0.0,0.0,0.0,0.0
5303,H2,5350,56.920998245126285,479.8213493784125,0.0,0.0
5304,Li-Ion,5351,0.0,0.0,0.0,0.0
5304,H2,5351,56.920998245126285,482.2645501390648,0.0,0.0
5305,Li-Ion,5352,0.0,0.0,0.0,0.0
5305,H2,5352,56.920998245126285,481.3267805485141,0.0,0.0
5306,Li-Ion,5353,0.0,0.0,0.0,0.0
5306,H2,5353,56.920998245126285,480.98398731153827,0.0,0.0
5307,Li-Ion,5354,0.0,0.0,0.0,0.0
5307,H2,5354,56.920998245126285,479.2643500086936,0.0,0.0
5308,Li-Ion,5355,0.0,0.0,0.0,0.0
5308,H2,5355,56.920998245126285,478.58185937494716,0.0,0.0
5309,Li-Ion,5356,0.0,0.0,0.0,0.0
5309,H2,5356,56.920998245126285,477.7697187857777,0.0,0.0
5310,Li-Ion,5357,0.0,0.0,0.0,0.0
5310,H2,5357,56.920998245126285,477.5885257848197,0.0,0.0
5311,Li-Ion,5358,0.0,0.0,0.0,0.0
5311,H2,5358,56.920998245126285,479.0575860887411,0.0,0.0
5312,Li-Ion,5359,0.0,0.0,0.0,0.0
5312,H2,5359,56.920998245126285,478.6829099447314,0.0,0.0
5313,Li-Ion,5360,0.0,0.0,0.0,0.0
5313,H2,5360,56.920998245126285,478.3967238164862,0.0,0.0
5314,Li-Ion,5361,0.0,0.0,0.0,0.0
5314,H2,5361,56.920998245126285,477.9787529290311,0.0,0.0
5315,Li-Ion,5362,0.0,0.0,0.0,0.0
5315,H2,5362,56.920998245126285,479.9173459529713,0.0,0.0
5316,Li-Ion,5363,0.0,4.412404559513875,0.0,0.0
5316,H2,5363,56.920998245126285,480.8035484328271,0.0,0.0
5317,Li-Ion,5364,0.0,9.770324381780721,0.0,0.0
5317,H2,5364,56.920998245126285,479.0757368403088,0.0,0.0
5318,Li-Ion,5365,0.0,15.128244204047569,0.0,0.0
5318,H2,5365,56.920998245126285,477.8609846600411,0.0,0.0
5319,Li-Ion,5366,0.0,16.18128491498018,0.0,0.0
5319,H2,5366,56.920998245126285,476.7973462444881,0.0,0.0
5320,Li-Ion,5367,0.0,16.18128491498018,0.0,0.0
5320,H2,5367,56.920998245126285,476.40253863103624,0.0,0.0
5321,Li-Ion,5368,0.0,16.18128491498018,0.0,0.0
5321,H2,5368,56.920998245126285,477.6243921224828,0.0,0.0
5322,Li-Ion,5369,0.0,0.0,0.0,0.0
5322,H2,5369,56.920998245126285,474.60663998497614,0.0,0.0
5323,Li-Ion,5370,0.0,0.0,0.0,0.0
5323,H2,5370,56.920998245126285,472.61706769686,0.0,0.0
5324,Li-Ion,5371,0.0,0.0,0.0,0.0
5324,H2,5371,56.920998245126285,475.18470897453733,0.0,0.0
5325,Li-Ion,5372,0.0,0.0,0.0,0.0
5325,H2,5372,56.920998245126285,472.21756557208744,0.0,0.0
5326,Li-Ion,5373,0.0,0.0,0.0,0.0
5326,H2,5373,56.920998245126285,474.6933470338771,0.0,0.0
5327,Li-Ion,5374,0.0,0.0,0.0,0.0
5327,H2,5374,56.920998245126285,475.11216719192373,0.0,0.0
5328,Li-Ion,5375,0.0,0.0,0.0,0.0
5328,H2,5375,56.920998245126285,479.3362861541698,0.0,0.0
5329,Li-Ion,5376,0.0,0.0,0.0,0.0
5329,H2,5376,56.920998245126285,482.40343622348894,0.0,0.0
5330,Li-Ion,5377,0.0,0.0,0.0,0.0
5330,H2,5377,56.920998245126285,483.3337826894409,0.0,0.0
5331,Li-Ion,5378,0.0,4.412404559513875,0.0,0.0
5331,H2,5378,56.920998245126285,483.56183165626675,0.0,0.0
5332,Li-Ion,5379,0.0,9.770324381780721,0.0,0.0
5332,H2,5379,56.920998245126285,481.7655688714023,0.0,0.0
5333,Li-Ion,5380,0.0,0.0,0.0,0.0
5333,H2,5380,56.920998245126285,489.59008846552183,0.0,0.0
5334,Li-Ion,5381,0.0,0.0,0.0,0.0
5334,H2,5381,56.920998245126285,489.9796613065843,0.0,0.0
5335,Li-Ion,5382,0.0,0.0,0.0,0.0
5335,H2,5382,56.920998245126285,489.6358648039261,0.0,0.0
5336,Li-Ion,5383,0.0,0.0,0.0,0.0
5336,H2,5383,56.920998245126285,489.62552415597725,0.0,0.0
5337,Li-Ion,5384,0.0,0.0,0.0,0.0
5337,H2,5384,56.920998245126285,493.6171040853185,0.0,0.0
5338,Li-Ion,5385,0.0,0.0,0.0,0.0
5338,H2,5385,56.920998245126285,494.35065247403855,0.0,0.0
5339,Li-Ion,5386,0.0,0.0,0.0,0.0
5339,H2,5386,56.920998245126285,496.5206040561522,0.0,0.0
5340,Li-Ion,5387,0.0,4.412404559513875,0.0,0.0
5340,H2,5387,56.920998245126285,500.47581986334643,0.0,0.0
5341,Li-Ion,5388,0.0,3.466889296760902,0.0,0.0
5341,H2,5388,56.920998245126285,508.17292901485655,0.0,0.0
5342,Li-Ion,5389,0.0,15.128244204047569,0.0,0.0
5342,H2,5389,56.920998245126285,506.91073118502175,0.0,0.0
5343,Li-Ion,5390,0.0,16.18128491498018,0.0,0.0
5343,H2,5390,56.920998245126285,496.84805376715525,0.0,0.0
5344,Li-Ion,5391,0.0,16.18128491498018,0.0,0.0
5344,H2,5391,56.920998245126285,495.9735195556804,0.0,0.0
5345,Li-Ion,5392,0.0,16.18128491498018,0.0,0.0
5345,H2,5392,56.920998245126285,497.02019465182815,0.0,0.0
5346,Li-Ion,5393,0.0,0.0,0.0,0.0
5346,H2,5393,56.920998245126285,494.4431992056021,0.0,0.0
5347,Li-Ion,5394,0.0,0.0,0.0,0.0
5347,H2,5394,56.920998245126285,492.4060852351429,0.0,0.0
5348,Li-Ion,5395,0.0,0.0,0.0,0.0
5348,H2,5395,56.920998245126285,490.7725811906379,0.0,0.0
5349,Li-Ion,5396,0.0,0.0,0.0,0.0
5349,H2,5396,56.920998245126285,491.9588963277324,0.0,0.0
5350,Li-Ion,5397,0.0,0.0,0.0,0.0
5350,H2,5397,56.920998245126285,490.2403590031857,0.0,0.0
5351,Li-Ion,5398,0.0,0.0,0.0,0.0
5351,H2,5398,56.920998245126285,491.28067686479744,0.0,0.0
5352,Li-Ion,5399,0.0,0.0,0.0,0.0
5352,H2,5399,56.920998245126285,491.28067686479744,0.0,0.0
5353,Li-Ion,5400,0.0,0.0,0.0,0.0
5353,H2,5400,56.920998245126285,486.5158567601958,0.0,0.0
5354,Li-Ion,5401,0.0,4.412404559513875,0.0,0.0
5354,H2,5401,56.920998245126285,488.05184823443585,0.0,0.0
5355,Li-Ion,5402,0.0,9.770324381780721,0.0,0.0
5355,H2,5402,56.920998245126285,486.70211372207456,0.0,0.0
5356,Li-Ion,5403,0.0,15.128244204047569,0.0,0.0
5356,H2,5403,56.920998245126285,489.62441809064245,0.0,0.0
5357,Li-Ion,5404,0.0,16.18128491498018,0.0,0.0
5357,H2,5404,56.920998245126285,493.2999207659456,0.0,0.0
5358,Li-Ion,5405,0.0,16.18128491498018,0.0,0.0
5358,H2,5405,56.920998245126285,496.97542344124855,0.0,0.0
5359,Li-Ion,5406,0.0,16.18128491498018,0.0,0.0
5359,H2,5406,56.920998245126285,500.94512803066533,0.0,0.0
5360,Li-Ion,5407,0.0,16.18128491498018,0.0,0.0
5360,H2,5407,56.920998245126285,504.56075614075075,0.0,0.0
5361,Li-Ion,5408,0.0,0.0,0.0,0.0
5361,H2,5408,56.920998245126285,501.8180197136967,0.0,0.0
5362,Li-Ion,5409,0.0,0.0,0.0,0.0
5362,H2,5409,56.920998245126285,501.4015983422951,0.0,0.0
5363,Li-Ion,5410,0.0,0.0,0.0,0.0
5363,H2,5410,56.920998245126285,503.9644945464612,0.0,0.0
5364,Li-Ion,5411,0.0,4.412404559513875,0.0,0.0
5364,H2,5411,56.920998245126285,504.3497105619122,0.0,0.0
5365,Li-Ion,5412,0.0,9.770324381780721,0.0,0.0
5365,H2,5412,56.920998245126285,502.6845488499514,0.0,0.0
5366,Li-Ion,5413,0.0,15.128244204047569,0.0,0.0
5366,H2,5413,56.920998245126285,501.46147471932807,0.0,0.0
5367,Li-Ion,5414,0.0,16.18128491498018,0.0,0.0
5367,H2,5414,56.920998245126285,500.3715625609315,0.0,0.0
5368,Li-Ion,5415,0.0,16.18128491498018,0.0,0.0
5368,H2,5415,56.920998245126285,499.5011519595255,0.0,0.0
5369,Li-Ion,5416,0.0,16.18128491498018,0.0,0.0
5369,H2,5416,56.920998245126285,497.32012273275194,0.0,0.0
5370,Li-Ion,5417,0.0,0.0,0.0,0.0
5370,H2,5417,56.920998245126285,493.61887911729514,0.0,0.0
5371,Li-Ion,5418,0.0,0.0,0.0,0.0
5371,H2,5418,56.920998245126285,490.96435342184486,0.0,0.0
5372,Li-Ion,5419,0.0,0.0,0.0,0.0
5372,H2,5419,56.920998245126285,489.50937682129074,0.0,0.0
5373,Li-Ion,5420,0.0,0.0,0.0,0.0
5373,H2,5420,56.920998245126285,489.50937682129074,0.0,0.0
5374,Li-Ion,5421,0.0,4.412404559513875,0.0,0.0
5374,H2,5421,56.920998245126285,486.91743399548193,0.0,0.0
5375,Li-Ion,5422,0.0,9.770324381780721,0.0,0.0
5375,H2,5422,56.920998245126285,486.24955197168526,0.0,0.0
5376,Li-Ion,5423,0.0,15.128244204047569,0.0,0.0
5376,H2,5423,56.920998245126285,485.2460404573815,0.0,0.0
5377,Li-Ion,5424,0.0,16.18128491498018,0.0,0.0
5377,H2,5424,56.920998245126285,485.2460404573815,0.0,0.0
5378,Li-Ion,5425,0.0,16.18128491498018,0.0,0.0
5378,H2,5425,56.920998245126285,485.2460404573815,0.0,0.0
5379,Li-Ion,5426,0.0,16.18128491498018,0.0,0.0
5379,H2,5426,56.920998245126285,485.2460404573815,0.0,0.0
5380,Li-Ion,5427,0.0,16.18128491498018,0.0,0.0
5380,H2,5427,56.920998245126285,481.22351259392923,0.0,0.0
5381,Li-Ion,5428,0.0,16.18128491498018,0.0,0.0
5381,H2,5428,56.920998245126285,481.22351259392923,0.0,0.0
5382,Li-Ion,5429,0.0,16.18128491498018,0.0,0.0
5382,H2,5429,56.920998245126285,481.22351259392923,0.0,0.0
5383,Li-Ion,5430,0.0,16.18128491498018,0.0,0.0
5383,H2,5430,56.920998245126285,483.1773351144513,0.0,0.0
5384,Li-Ion,5431,0.0,16.18128491498018,0.0,0.0
5384,H2,5431,56.920998245126285,487.04910600855453,0.0,0.0
5385,Li-Ion,5432,0.0,0.0,0.0,0.0
5385,H2,5432,56.920998245126285,491.0689381889194,0.0,0.0
5386,Li-Ion,5433,0.0,0.0,0.0,0.0
5386,H2,5433,56.920998245126285,490.8052801267252,0.0,0.0
5387,Li-Ion,5434,0.0,0.0,0.0,0.0
5387,H2,5434,56.920998245126285,493.30138902670853,0.0,0.0
5388,Li-Ion,5435,0.0,4.412404559513875,0.0,0.0
5388,H2,5435,56.920998245126285,493.2208495676603,0.0,0.0
5389,Li-Ion,5436,0.0,9.770324381780721,0.0,0.0
5389,H2,5436,56.920998245126285,495.62125232027495,0.0,0.0
5390,Li-Ion,5437,0.0,15.128244204047569,0.0,0.0
5390,H2,5437,56.920998245126285,494.52017253722556,0.0,0.0
5391,Li-Ion,5438,0.0,16.18128491498018,0.0,0.0
5391,H2,5438,56.920998245126285,493.3826063945332,0.0,0.0
5392,Li-Ion,5439,0.0,16.18128491498018,0.0,0.0
5392,H2,5439,56.920998245126285,492.5273620767853,0.0,0.0
5393,Li-Ion,5440,0.0,0.0,0.0,0.0
5393,H2,5440,56.920998245126285,490.3534922466346,0.0,0.0
5394,Li-Ion,5441,0.0,0.0,0.0,0.0
5394,H2,5441,56.920998245126285,488.54700951048676,0.0,0.0
5395,Li-Ion,5442,0.0,0.0,0.0,0.0
5395,H2,5442,56.920998245126285,487.311783905687,0.0,0.0
5396,Li-Ion,5443,0.0,0.0,0.0,0.0
5396,H2,5443,56.920998245126285,486.8183188047791,0.0,0.0
5397,Li-Ion,5444,0.0,0.0,0.0,0.0
5397,H2,5444,56.920998245126285,490.9253022419082,0.0,0.0
5398,Li-Ion,5445,0.0,0.0,0.0,0.0
5398,H2,5445,56.920998245126285,488.2609983318864,0.0,0.0
5399,Li-Ion,5446,0.0,4.412404559513875,0.0,0.0
5399,H2,5446,56.920998245126285,487.16887375477,0.0,0.0
5400,Li-Ion,5447,0.0,9.770324381780721,0.0,0.0
5400,H2,5447,56.920998245126285,486.4427996464345,0.0,0.0
5401,Li-Ion,5448,0.0,15.128244204047569,0.0,0.0
5401,H2,5448,56.920998245126285,486.4427996464345,0.0,0.0
5402,Li-Ion,5449,0.0,16.18128491498018,0.0,0.0
5402,H2,5449,56.920998245126285,490.72943777778636,0.0,0.0
5403,Li-Ion,5450,0.0,16.18128491498018,0.0,0.0
5403,H2,5450,56.920998245126285,490.72943777778636,0.0,0.0
5404,Li-Ion,5451,0.0,16.18128491498018,0.0,0.0
5404,H2,5451,56.920998245126285,490.72943777778636,0.0,0.0
5405,Li-Ion,5452,0.0,16.18128491498018,0.0,0.0
5405,H2,5452,56.920998245126285,490.72943777778636,0.0,0.0
5406,Li-Ion,5453,0.0,16.18128491498018,0.0,0.0
5406,H2,5453,56.920998245126285,492.7845144582106,0.0,0.0
5407,Li-Ion,5454,0.0,16.18128491498018,0.0,0.0
5407,H2,5454,56.920998245126285,496.7425936921093,0.0,0.0
5408,Li-Ion,5455,0.0,16.18128491498018,0.0,0.0
5408,H2,5455,56.920998245126285,500.26876096718865,0.0,0.0
5409,Li-Ion,5456,0.0,16.18128491498018,0.0,0.0
5409,H2,5456,56.920998245126285,499.60239141808887,0.0,0.0
5410,Li-Ion,5457,0.0,16.18128491498018,0.0,0.0
5410,H2,5457,56.920998245126285,499.17143621856127,0.0,0.0
5411,Li-Ion,5458,0.0,16.18128491498018,0.0,0.0
5411,H2,5458,56.920998245126285,502.8644136402144,0.0,0.0
5412,Li-Ion,5459,0.0,16.18128491498018,0.0,0.0
5412,H2,5459,56.920998245126285,502.00347722267827,0.0,0.0
5413,Li-Ion,5460,0.0,16.18128491498018,0.0,0.0
5413,H2,5460,56.920998245126285,500.7750651673645,0.0,0.0
5414,Li-Ion,5461,0.0,16.18128491498018,0.0,0.0
5414,H2,5461,56.920998245126285,499.3785021597491,0.0,0.0
5415,Li-Ion,5462,0.0,16.18128491498018,0.0,0.0
5415,H2,5462,56.920998245126285,498.596862043964,0.0,0.0
5416,Li-Ion,5463,0.0,16.18128491498018,0.0,0.0
5416,H2,5463,56.920998245126285,497.69175493207064,0.0,0.0
5417,Li-Ion,5464,0.0,0.0,0.0,0.0
5417,H2,5464,56.920998245126285,500.71504347492555,0.0,0.0
5418,Li-Ion,5465,0.0,0.0,0.0,0.0
5418,H2,5465,56.920998245126285,500.33357528908607,0.0,0.0
5419,Li-Ion,5466,0.0,0.0,0.0,0.0
5419,H2,5466,56.920998245126285,500.4065163855955,0.0,0.0
5420,Li-Ion,5467,0.0,0.0,0.0,0.0
5420,H2,5467,56.920998245126285,499.3396424294119,0.0,0.0
5421,Li-Ion,5468,0.0,0.0,0.0,0.0
5421,H2,5468,56.920998245126285,498.82283146034104,0.0,0.0
5422,Li-Ion,5469,0.0,0.0,0.0,0.0
5422,H2,5469,56.920998245126285,495.69865418633344,0.0,0.0
5423,Li-Ion,5470,0.0,0.0,0.0,0.0
5423,H2,5470,56.920998245126285,497.1347612564058,0.0,0.0
5424,Li-Ion,5471,0.0,0.0,0.0,0.0
5424,H2,5471,56.920998245126285,497.1347612564058,0.0,0.0
5425,Li-Ion,5472,0.0,0.0,0.0,0.0
5425,H2,5472,56.920998245126285,500.4274852319863,0.0,0.0
5426,Li-Ion,5473,0.0,4.412404559513875,0.0,0.0
5426,H2,5473,56.920998245126285,500.1148575070551,0.0,0.0
5427,Li-Ion,5474,0.0,9.770324381780721,0.0,0.0
5427,H2,5474,56.920998245126285,499.012732741078,0.0,0.0
5428,Li-Ion,5475,0.0,15.128244204047569,0.0,0.0
5428,H2,5475,56.920998245126285,499.012732741078,0.0,0.0
5429,Li-Ion,5476,0.0,16.18128491498018,0.0,0.0
5429,H2,5476,56.920998245126285,499.012732741078,0.0,0.0
5430,Li-Ion,5477,0.0,16.18128491498018,0.0,0.0
5430,H2,5477,56.920998245126285,501.74673780942396,0.0,0.0
5431,Li-Ion,5478,0.0,0.0,0.0,0.0
5431,H2,5478,56.920998245126285,506.6941282345447,0.0,0.0
5432,Li-Ion,5479,0.0,0.0,0.0,0.0
5432,H2,5479,56.920998245126285,506.42477174800683,0.0,0.0
5433,Li-Ion,5480,0.0,0.0,0.0,0.0
5433,H2,5480,56.920998245126285,506.1491033552593,0.0,0.0
5434,Li-Ion,5481,0.0,0.0,0.0,0.0
5434,H2,5481,56.920998245126285,505.81042974241063,0.0,0.0
5435,Li-Ion,5482,0.0,0.0,0.0,0.0
5435,H2,5482,56.920998245126285,505.3070900072415,0.0,0.0
5436,Li-Ion,5483,0.0,0.0,0.0,0.0
5436,H2,5483,56.920998245126285,506.95632197616595,0.0,0.0
5437,Li-Ion,5484,0.0,0.0,0.0,0.0
5437,H2,5484,56.920998245126285,503.5089050876742,0.0,0.0
5438,Li-Ion,5485,0.0,0.0,0.0,0.0
5438,H2,5485,56.920998245126285,502.6420235881369,0.0,0.0
5439,Li-Ion,5486,0.0,0.0,0.0,0.0
5439,H2,5486,56.920998245126285,503.6816520751012,0.0,0.0
5440,Li-Ion,5487,0.0,0.0,0.0,0.0
5440,H2,5487,56.920998245126285,501.37480306512816,0.0,0.0
5441,Li-Ion,5488,0.0,0.0,0.0,0.0
5441,H2,5488,56.920998245126285,501.1692929645491,0.0,0.0
5442,Li-Ion,5489,0.0,0.0,0.0,0.0
5442,H2,5489,56.920998245126285,501.07634097500613,0.0,0.0
5443,Li-Ion,5490,0.0,0.0,0.0,0.0
5443,H2,5490,56.920998245126285,500.8492261245224,0.0,0.0
5444,Li-Ion,5491,0.0,0.0,0.0,0.0
5444,H2,5491,56.920998245126285,501.2700234963339,0.0,0.0
5445,Li-Ion,5492,0.0,0.0,0.0,0.0
5445,H2,5492,56.920998245126285,501.76163576000755,0.0,0.0
5446,Li-Ion,5493,0.0,0.0,0.0,0.0
5446,H2,5493,56.920998245126285,498.63745848599996,0.0,0.0
5447,Li-Ion,5494,0.0,0.0,0.0,0.0
5447,H2,5494,56.920998245126285,504.428580228634,0.0,0.0
5448,Li-Ion,5495,0.0,0.0,0.0,0.0
5448,H2,5495,56.920998245126285,504.428580228634,0.0,0.0
5449,Li-Ion,5496,0.0,0.0,0.0,0.0
5449,H2,5496,56.920998245126285,502.0798180905637,0.0,0.0
5450,Li-Ion,5497,0.0,4.412404559513875,0.0,0.0
5450,H2,5497,56.920998245126285,501.781171831067,0.0,0.0
5451,Li-Ion,5498,0.0,9.770324381780721,0.0,0.0
5451,H2,5498,56.920998245126285,505.00601318238546,0.0,0.0
5452,Li-Ion,5499,0.0,15.128244204047569,0.0,0.0
5452,H2,5499,56.920998245126285,504.56751354460454,0.0,0.0
5453,Li-Ion,5500,0.0,0.0,0.0,0.0
5453,H2,5500,56.920998245126285,511.0678124933397,0.0,0.0
5454,Li-Ion,5501,0.0,0.0,0.0,0.0
5454,H2,5501,56.920998245126285,514.7714945776793,0.0,0.0
5455,Li-Ion,5502,0.0,0.0,0.0,0.0
5455,H2,5502,56.920998245126285,519.6304622299824,0.0,0.0
5456,Li-Ion,5503,0.0,0.0,0.0,0.0
5456,H2,5503,56.920998245126285,520.6960727945618,0.0,0.0
5457,Li-Ion,5504,0.0,0.0,0.0,0.0
5457,H2,5504,56.920998245126285,520.3748043579548,0.0,0.0
5458,Li-Ion,5505,0.0,0.0,0.0,0.0
5458,H2,5505,56.920998245126285,520.3027332406084,0.0,0.0
5459,Li-Ion,5506,0.0,0.0,0.0,0.0
5459,H2,5506,56.920998245126285,519.3529143320712,0.0,0.0
5460,Li-Ion,5507,0.0,0.0,0.0,0.0
5460,H2,5507,56.920998245126285,518.5965607613123,0.0,0.0
5461,Li-Ion,5508,0.0,0.0,0.0,0.0
5461,H2,5508,56.920998245126285,518.0228448896229,0.0,0.0
5462,Li-Ion,5509,0.0,0.0,0.0,0.0
5462,H2,5509,56.920998245126285,517.3951833705221,0.0,0.0
5463,Li-Ion,5510,0.0,0.0,0.0,0.0
5463,H2,5510,56.920998245126285,518.0228921377714,0.0,0.0
5464,Li-Ion,5511,0.0,4.412404559513875,0.0,0.0
5464,H2,5511,56.920998245126285,517.6544332176579,0.0,0.0
5465,Li-Ion,5512,0.0,0.0,0.0,0.0
5465,H2,5512,56.920998245126285,515.7947419976001,0.0,0.0
5466,Li-Ion,5513,0.0,0.0,0.0,0.0
5466,H2,5513,56.920998245126285,516.3963243423735,0.0,0.0
5467,Li-Ion,5514,0.0,0.0,0.0,0.0
5467,H2,5514,56.920998245126285,515.3054397618655,0.0,0.0
5468,Li-Ion,5515,0.0,0.0,0.0,0.0
5468,H2,5515,56.920998245126285,514.2408529167399,0.0,0.0
5469,Li-Ion,5516,0.0,0.0,0.0,0.0
5469,H2,5516,56.920998245126285,514.92115378009,0.0,0.0
5470,Li-Ion,5517,0.0,4.412404559513875,0.0,0.0
5470,H2,5517,56.920998245126285,514.0149945849098,0.0,0.0
5471,Li-Ion,5518,0.0,9.770324381780721,0.0,0.0
5471,H2,5518,56.920998245126285,511.2505011632607,0.0,0.0
5472,Li-Ion,5519,0.0,15.128244204047569,0.0,0.0
5472,H2,5519,56.920998245126285,507.4601616854818,0.0,0.0
5473,Li-Ion,5520,0.0,16.18128491498018,0.0,0.0
5473,H2,5520,56.920998245126285,507.4788307616018,0.0,0.0
5474,Li-Ion,5521,0.0,16.18128491498018,0.0,0.0
5474,H2,5521,56.920998245126285,508.0929673451926,0.0,0.0
5475,Li-Ion,5522,0.0,16.18128491498018,0.0,0.0
5475,H2,5522,56.920998245126285,508.1116364213127,0.0,0.0
5476,Li-Ion,5523,0.0,16.18128491498018,0.0,0.0
5476,H2,5523,56.920998245126285,508.5677445256888,0.0,0.0
5477,Li-Ion,5524,0.0,16.18128491498018,0.0,0.0
5477,H2,5524,56.920998245126285,512.2245781248718,0.0,0.0
5478,Li-Ion,5525,0.0,16.18128491498018,0.0,0.0
5478,H2,5525,56.920998245126285,515.643851937886,0.0,0.0
5479,Li-Ion,5526,0.0,16.18128491498018,0.0,0.0
5479,H2,5526,56.920998245126285,519.0857951097644,0.0,0.0
5480,Li-Ion,5527,0.0,16.18128491498018,0.0,0.0
5480,H2,5527,56.920998245126285,522.4074357476455,0.0,0.0
5481,Li-Ion,5528,0.0,0.0,0.0,0.0
5481,H2,5528,56.920998245126285,525.4893045749731,0.0,0.0
5482,Li-Ion,5529,0.0,0.0,0.0,0.0
5482,H2,5529,56.920998245126285,524.3742961681521,0.0,0.0
5483,Li-Ion,5530,0.0,0.0,0.0,0.0
5483,H2,5530,56.920998245126285,523.5695534246371,0.0,0.0
5484,Li-Ion,5531,0.0,0.0,0.0,0.0
5484,H2,5531,56.920998245126285,522.4783778952194,0.0,0.0
5485,Li-Ion,5532,0.0,0.0,0.0,0.0
5485,H2,5532,56.920998245126285,523.6946665918815,0.0,0.0
5486,Li-Ion,5533,0.0,4.412404559513875,0.0,0.0
5486,H2,5533,56.920998245126285,523.0677585214625,0.0,0.0
5487,Li-Ion,5534,0.0,9.770324381780721,0.0,0.0
5487,H2,5534,56.920998245126285,519.5648434740183,0.0,0.0
5488,Li-Ion,5535,0.0,15.128244204047569,0.0,0.0
5488,H2,5535,56.920998245126285,518.868622134749,0.0,0.0
5489,Li-Ion,5536,0.0,16.18128491498018,0.0,0.0
5489,H2,5536,56.920998245126285,518.3408253441562,0.0,0.0
5490,Li-Ion,5537,0.0,16.18128491498018,0.0,0.0
5490,H2,5537,56.920998245126285,516.7473789294187,0.0,0.0
5491,Li-Ion,5538,0.0,16.18128491498018,0.0,0.0
5491,H2,5538,56.920998245126285,513.0660666004412,0.0,0.0
5492,Li-Ion,5539,0.0,16.18128491498018,0.0,0.0
5492,H2,5539,56.920998245126285,512.4113517501155,0.0,0.0
5493,Li-Ion,5540,0.0,16.18128491498018,0.0,0.0
5493,H2,5540,56.920998245126285,511.0913411600974,0.0,0.0
5494,Li-Ion,5541,0.0,16.18128491498018,0.0,0.0
5494,H2,5541,56.920998245126285,511.0913411600974,0.0,0.0
5495,Li-Ion,5542,0.0,16.18128491498018,0.0,0.0
5495,H2,5542,56.920998245126285,511.0913411600974,0.0,0.0
5496,Li-Ion,5543,0.0,16.18128491498018,0.0,0.0
5496,H2,5543,56.920998245126285,515.3779792914493,0.0,0.0
5497,Li-Ion,5544,0.0,16.18128491498018,0.0,0.0
5497,H2,5544,56.920998245126285,515.5693435143727,0.0,0.0
5498,Li-Ion,5545,0.0,0.0,0.0,0.0
5498,H2,5545,56.920998245126285,513.7987445080188,0.0,0.0
5499,Li-Ion,5546,0.0,0.0,0.0,0.0
5499,H2,5546,56.920998245126285,513.741571355634,0.0,0.0
5500,Li-Ion,5547,0.0,0.0,0.0,0.0
5500,H2,5547,56.920998245126285,512.6857904671461,0.0,0.0
5501,Li-Ion,5548,0.0,4.412404559513875,0.0,0.0
5501,H2,5548,56.920998245126285,513.0350356120022,0.0,0.0
5502,Li-Ion,5549,0.0,0.0,0.0,0.0
5502,H2,5549,56.920998245126285,521.4412604949698,0.0,0.0
5503,Li-Ion,5550,0.0,0.0,0.0,0.0
5503,H2,5550,56.920998245126285,524.653955996929,0.0,0.0
5504,Li-Ion,5551,0.0,0.0,0.0,0.0
5504,H2,5551,56.920998245126285,522.3431906235295,0.0,0.0
5505,Li-Ion,5552,0.0,0.0,0.0,0.0
5505,H2,5552,56.920998245126285,519.6526420985413,0.0,0.0
5506,Li-Ion,5553,0.0,0.0,0.0,0.0
5506,H2,5553,56.920998245126285,518.3067413349222,0.0,0.0
5507,Li-Ion,5554,0.0,0.0,0.0,0.0
5507,H2,5554,56.920998245126285,520.6430034237394,0.0,0.0
5508,Li-Ion,5555,0.0,4.412404559513875,0.0,0.0
5508,H2,5555,56.920998245126285,515.7608042398314,0.0,0.0
5509,Li-Ion,5556,0.0,9.770324381780721,0.0,0.0
5509,H2,5556,56.920998245126285,514.7363337953773,0.0,0.0
5510,Li-Ion,5557,0.0,15.128244204047569,0.0,0.0
5510,H2,5557,56.920998245126285,513.3913159136225,0.0,0.0
5511,Li-Ion,5558,0.0,16.18128491498018,0.0,0.0
5511,H2,5558,56.920998245126285,513.225321634685,0.0,0.0
5512,Li-Ion,5559,0.0,16.18128491498018,0.0,0.0
5512,H2,5559,56.920998245126285,512.0313531076458,0.0,0.0
5513,Li-Ion,5560,0.0,16.18128491498018,0.0,0.0
5513,H2,5560,56.920998245126285,510.16360440410995,0.0,0.0
5514,Li-Ion,5561,0.0,0.0,0.0,0.0
5514,H2,5561,56.920998245126285,509.0167791124286,0.0,0.0
5515,Li-Ion,5562,0.0,0.0,0.0,0.0
5515,H2,5562,56.920998245126285,507.7836552634012,0.0,0.0
5516,Li-Ion,5563,0.0,0.0,0.0,0.0
5516,H2,5563,56.920998245126285,506.8912571594077,0.0,0.0
5517,Li-Ion,5564,0.0,4.412404559513875,0.0,0.0
5517,H2,5564,56.920998245126285,506.4636446733831,0.0,0.0
5518,Li-Ion,5565,0.0,9.770324381780721,0.0,0.0
5518,H2,5565,56.920998245126285,507.7556048812692,0.0,0.0
5519,Li-Ion,5566,0.0,15.128244204047569,0.0,0.0
5519,H2,5566,56.920998245126285,508.12144418353586,0.0,0.0
5520,Li-Ion,5567,0.0,16.18128491498018,0.0,0.0
5520,H2,5567,56.920998245126285,509.57022686498516,0.0,0.0
5521,Li-Ion,5568,0.0,16.18128491498018,0.0,0.0
5521,H2,5568,56.920998245126285,510.05312099771373,0.0,0.0
5522,Li-Ion,5569,0.0,16.18128491498018,0.0,0.0
5522,H2,5569,56.920998245126285,514.8415541156763,0.0,0.0
5523,Li-Ion,5570,0.0,16.18128491498018,0.0,0.0
5523,H2,5570,56.920998245126285,515.8573914694164,0.0,0.0
5524,Li-Ion,5571,0.0,16.18128491498018,0.0,0.0
5524,H2,5571,56.920998245126285,518.2050817311051,0.0,0.0
5525,Li-Ion,5572,0.0,16.18128491498018,0.0,0.0
5525,H2,5572,56.920998245126285,522.1613982826974,0.0,0.0
5526,Li-Ion,5573,0.0,16.18128491498018,0.0,0.0
5526,H2,5573,56.920998245126285,525.3786453576439,0.0,0.0
5527,Li-Ion,5574,0.0,16.18128491498018,0.0,0.0
5527,H2,5574,56.920998245126285,528.7220013611889,0.0,0.0
5528,Li-Ion,5575,0.0,16.18128491498018,0.0,0.0
5528,H2,5575,56.920998245126285,530.8074347957194,0.0,0.0
5529,Li-Ion,5576,0.0,0.0,0.0,0.0
5529,H2,5576,56.920998245126285,526.4787422979899,0.0,0.0
5530,Li-Ion,5577,0.0,0.0,0.0,0.0
5530,H2,5577,56.920998245126285,525.817282355257,0.0,0.0
5531,Li-Ion,5578,0.0,0.0,0.0,0.0
5531,H2,5578,56.920998245126285,524.8743101306608,0.0,0.0
5532,Li-Ion,5579,0.0,0.0,0.0,0.0
5532,H2,5579,56.920998245126285,526.6077156063435,0.0,0.0
5533,Li-Ion,5580,0.0,4.412404559513875,0.0,0.0
5533,H2,5580,56.920998245126285,525.8331886118876,0.0,0.0
5534,Li-Ion,5581,0.0,9.770324381780721,0.0,0.0
5534,H2,5581,56.920998245126285,525.2945263254827,0.0,0.0
5535,Li-Ion,5582,0.0,15.128244204047569,0.0,0.0
5535,H2,5582,56.920998245126285,524.1440201426049,0.0,0.0
5536,Li-Ion,5583,0.0,0.0,0.0,0.0
5536,H2,5583,56.920998245126285,520.5929973651167,0.0,0.0
5537,Li-Ion,5584,0.0,0.0,0.0,0.0
5537,H2,5584,56.920998245126285,520.4671197405761,0.0,0.0
5538,Li-Ion,5585,0.0,0.0,0.0,0.0
5538,H2,5585,56.920998245126285,519.4471460549547,0.0,0.0
5539,Li-Ion,5586,0.0,0.0,0.0,0.0
5539,H2,5586,56.920998245126285,518.5425702057082,0.0,0.0
5540,Li-Ion,5587,0.0,0.0,0.0,0.0
5540,H2,5587,56.920998245126285,517.4663396005125,0.0,0.0
5541,Li-Ion,5588,0.0,0.0,0.0,0.0
5541,H2,5588,56.920998245126285,521.7529777318643,0.0,0.0
5542,Li-Ion,5589,0.0,4.412404559513875,0.0,0.0
5542,H2,5589,56.920998245126285,523.8366261629138,0.0,0.0
5543,Li-Ion,5590,0.0,9.770324381780721,0.0,0.0
5543,H2,5590,56.920998245126285,522.5256098919917,0.0,0.0
5544,Li-Ion,5591,0.0,15.128244204047569,0.0,0.0
5544,H2,5591,56.920998245126285,522.5256098919917,0.0,0.0
5545,Li-Ion,5592,0.0,16.18128491498018,0.0,0.0
5545,H2,5592,56.920998245126285,522.5256098919917,0.0,0.0
5546,Li-Ion,5593,0.0,16.18128491498018,0.0,0.0
5546,H2,5593,56.920998245126285,522.5256098919917,0.0,0.0
5547,Li-Ion,5594,0.0,16.18128491498018,0.0,0.0
5547,H2,5594,56.920998245126285,522.5256098919917,0.0,0.0
5548,Li-Ion,5595,0.0,16.18128491498018,0.0,0.0
5548,H2,5595,56.920998245126285,526.1785481467365,0.0,0.0
5549,Li-Ion,5596,0.0,16.18128491498018,0.0,0.0
5549,H2,5596,56.920998245126285,530.2646609536804,0.0,0.0
5550,Li-Ion,5597,0.0,16.18128491498018,0.0,0.0
5550,H2,5597,56.920998245126285,533.9401636289836,0.0,0.0
5551,Li-Ion,5598,0.0,16.18128491498018,0.0,0.0
5551,H2,5598,56.920998245126285,537.1457128700752,0.0,0.0
5552,Li-Ion,5599,0.0,16.18128491498018,0.0,0.0
5552,H2,5599,56.920998245126285,540.0653409850543,0.0,0.0
5553,Li-Ion,5600,0.0,0.0,0.0,0.0
5553,H2,5600,56.920998245126285,539.2521304779915,0.0,0.0
5554,Li-Ion,5601,0.0,0.0,0.0,0.0
5554,H2,5601,56.920998245126285,538.7200351648513,0.0,0.0
5555,Li-Ion,5602,0.0,0.0,0.0,0.0
5555,H2,5602,56.920998245126285,538.249798152229,0.0,0.0
5556,Li-Ion,5603,0.0,0.0,0.0,0.0
5556,H2,5603,56.920998245126285,537.6586356418818,0.0,0.0
5557,Li-Ion,5604,0.0,0.0,0.0,0.0
5557,H2,5604,56.920998245126285,539.3837116782075,0.0,0.0
5558,Li-Ion,5605,0.0,4.412404559513875,0.0,0.0
5558,H2,5605,56.920998245126285,539.0032044802088,0.0,0.0
5559,Li-Ion,5606,0.0,9.770324381780721,0.0,0.0
5559,H2,5606,56.920998245126285,537.9865828089072,0.0,0.0
5560,Li-Ion,5607,0.0,0.0,0.0,0.0
5560,H2,5607,56.920998245126285,535.1769686779562,0.0,0.0
5561,Li-Ion,5608,0.0,0.0,0.0,0.0
5561,H2,5608,56.920998245126285,535.2339718950584,0.0,0.0
5562,Li-Ion,5609,0.0,0.0,0.0,0.0
5562,H2,5609,56.920998245126285,532.9697937394885,0.0,0.0
5563,Li-Ion,5610,0.0,0.0,0.0,0.0
5563,H2,5610,56.920998245126285,531.3728717955861,0.0,0.0
5564,Li-Ion,5611,0.0,0.0,0.0,0.0
5564,H2,5611,56.920998245126285,528.2371669406124,0.0,0.0
5565,Li-Ion,5612,0.0,0.0,0.0,0.0
5565,H2,5612,56.920998245126285,527.5695205876127,0.0,0.0
5566,Li-Ion,5613,0.0,0.0,0.0,0.0
5566,H2,5613,56.920998245126285,528.731981444957,0.0,0.0
5567,Li-Ion,5614,0.0,4.412404559513875,0.0,0.0
5567,H2,5614,56.920998245126285,529.4647728581317,0.0,0.0
5568,Li-Ion,5615,0.0,9.770324381780721,0.0,0.0
5568,H2,5615,56.920998245126285,526.395988177864,0.0,0.0
5569,Li-Ion,5616,0.0,15.128244204047569,0.0,0.0
5569,H2,5616,56.920998245126285,525.6319717604133,0.0,0.0
5570,Li-Ion,5617,0.0,16.18128491498018,0.0,0.0
5570,H2,5617,56.920998245126285,529.9186098917652,0.0,0.0
5571,Li-Ion,5618,0.0,16.18128491498018,0.0,0.0
5571,H2,5618,56.920998245126285,529.9186098917652,0.0,0.0
5572,Li-Ion,5619,0.0,16.18128491498018,0.0,0.0
5572,H2,5619,56.920998245126285,529.9186098917652,0.0,0.0
5573,Li-Ion,5620,0.0,16.18128491498018,0.0,0.0
5573,H2,5620,56.920998245126285,533.9073499486757,0.0,0.0
5574,Li-Ion,5621,0.0,16.18128491498018,0.0,0.0
5574,H2,5621,56.920998245126285,537.4222721643954,0.0,0.0
5575,Li-Ion,5622,0.0,16.18128491498018,0.0,0.0
5575,H2,5622,56.920998245126285,540.9849384482284,0.0,0.0
5576,Li-Ion,5623,0.0,16.18128491498018,0.0,0.0
5576,H2,5623,56.920998245126285,544.3150686763414,0.0,0.0
5577,Li-Ion,5624,0.0,0.0,0.0,0.0
5577,H2,5624,56.920998245126285,550.3833129449872,0.0,0.0
5578,Li-Ion,5625,0.0,0.0,0.0,0.0
5578,H2,5625,56.920998245126285,549.9452236470581,0.0,0.0
5579,Li-Ion,5626,0.0,0.0,0.0,0.0
5579,H2,5626,56.920998245126285,551.7285931097713,0.0,0.0
5580,Li-Ion,5627,0.0,4.412404559513875,0.0,0.0
5580,H2,5627,56.920998245126285,551.3187336505309,0.0,0.0
5581,Li-Ion,5628,0.0,9.770324381780721,0.0,0.0
5581,H2,5628,56.920998245126285,549.9725520505972,0.0,0.0
5582,Li-Ion,5629,0.0,15.128244204047569,0.0,0.0
5582,H2,5629,56.920998245126285,548.6086427221006,0.0,0.0
5583,Li-Ion,5630,0.0,16.18128491498018,0.0,0.0
5583,H2,5630,56.920998245126285,547.1893113153319,0.0,0.0
5584,Li-Ion,5631,0.0,16.18128491498018,0.0,0.0
5584,H2,5631,56.920998245126285,546.203009562236,0.0,0.0
5585,Li-Ion,5632,0.0,16.18128491498018,0.0,0.0
5585,H2,5632,56.920998245126285,545.6872952021854,0.0,0.0
5586,Li-Ion,5633,0.0,16.18128491498018,0.0,0.0
5586,H2,5633,56.920998245126285,544.5845315527044,0.0,0.0
5587,Li-Ion,5634,0.0,0.0,0.0,0.0
5587,H2,5634,56.920998245126285,542.4476142286621,0.0,0.0
5588,Li-Ion,5635,0.0,0.0,0.0,0.0
5588,H2,5635,56.920998245126285,541.097081334668,0.0,0.0
5589,Li-Ion,5636,0.0,0.0,0.0,0.0
5589,H2,5636,56.920998245126285,541.097081334668,0.0,0.0
5590,Li-Ion,5637,0.0,0.0,0.0,0.0
5590,H2,5637,56.920998245126285,538.1323650948913,0.0,0.0
5591,Li-Ion,5638,0.0,0.0,0.0,0.0
5591,H2,5638,56.920998245126285,539.535506435027,0.0,0.0
5592,Li-Ion,5639,0.0,0.0,0.0,0.0
5592,H2,5639,56.920998245126285,539.535506435027,0.0,0.0
5593,Li-Ion,5640,0.0,0.0,0.0,0.0
5593,H2,5640,56.920998245126285,541.3006986617409,0.0,0.0
5594,Li-Ion,5641,0.0,4.412404559513875,0.0,0.0
5594,H2,5641,56.920998245126285,540.7797664993236,0.0,0.0
5595,Li-Ion,5642,0.0,9.770324381780721,0.0,0.0
5595,H2,5642,56.920998245126285,540.7797664993236,0.0,0.0
5596,Li-Ion,5643,0.0,15.128244204047569,0.0,0.0
5596,H2,5643,56.920998245126285,539.7002177695923,0.0,0.0
5597,Li-Ion,5644,0.0,0.0,0.0,0.0
5597,H2,5644,56.920998245126285,550.552093834448,0.0,0.0
5598,Li-Ion,5645,0.0,0.0,0.0,0.0
5598,H2,5645,56.920998245126285,552.6124729780014,0.0,0.0
5599,Li-Ion,5646,0.0,0.0,0.0,0.0
5599,H2,5646,56.920998245126285,553.5536289217482,0.0,0.0
5600,Li-Ion,5647,0.0,0.0,0.0,0.0
5600,H2,5647,56.920998245126285,552.0474004057781,0.0,0.0
5601,Li-Ion,5648,0.0,0.0,0.0,0.0
5601,H2,5648,56.920998245126285,551.5978826363852,0.0,0.0
5602,Li-Ion,5649,0.0,0.0,0.0,0.0
5602,H2,5649,56.920998245126285,551.0069414854743,0.0,0.0
5603,Li-Ion,5650,0.0,0.0,0.0,0.0
5603,H2,5650,56.920998245126285,552.7171421676866,0.0,0.0
5604,Li-Ion,5651,0.0,4.412404559513875,0.0,0.0
5604,H2,5651,56.920998245126285,553.4867761401722,0.0,0.0
5605,Li-Ion,5652,0.0,9.770324381780721,0.0,0.0
5605,H2,5652,56.920998245126285,552.3235828993218,0.0,0.0
5606,Li-Ion,5653,0.0,15.128244204047569,0.0,0.0
5606,H2,5653,56.920998245126285,551.1288554256441,0.0,0.0
5607,Li-Ion,5654,0.0,16.18128491498018,0.0,0.0
5607,H2,5654,56.920998245126285,550.0620041359886,0.0,0.0
5608,Li-Ion,5655,0.0,16.18128491498018,0.0,0.0
5608,H2,5655,56.920998245126285,549.0144490646152,0.0,0.0
5609,Li-Ion,5656,0.0,16.18128491498018,0.0,0.0
5609,H2,5656,56.920998245126285,548.4243870268938,0.0,0.0
5610,Li-Ion,5657,0.0,16.18128491498018,0.0,0.0
5610,H2,5657,56.920998245126285,547.2187905562188,0.0,0.0
5611,Li-Ion,5658,0.0,16.18128491498018,0.0,0.0
5611,H2,5658,56.920998245126285,547.4940744812116,0.0,0.0
5612,Li-Ion,5659,0.0,16.18128491498018,0.0,0.0
5612,H2,5659,56.920998245126285,546.4964897214242,0.0,0.0
5613,Li-Ion,5660,0.0,16.18128491498018,0.0,0.0
5613,H2,5660,56.920998245126285,544.9168561355062,0.0,0.0
5614,Li-Ion,5661,0.0,16.18128491498018,0.0,0.0
5614,H2,5661,56.920998245126285,544.9168561355062,0.0,0.0
5615,Li-Ion,5662,0.0,16.18128491498018,0.0,0.0
5615,H2,5662,56.920998245126285,549.2034942668581,0.0,0.0
5616,Li-Ion,5663,0.0,16.18128491498018,0.0,0.0
5616,H2,5663,56.920998245126285,549.2034942668581,0.0,0.0
5617,Li-Ion,5664,0.0,16.18128491498018,0.0,0.0
5617,H2,5664,56.920998245126285,550.0353056529211,0.0,0.0
5618,Li-Ion,5665,0.0,16.18128491498018,0.0,0.0
5618,H2,5665,56.920998245126285,555.7346555965468,0.0,0.0
5619,Li-Ion,5666,0.0,16.18128491498018,0.0,0.0
5619,H2,5666,56.920998245126285,557.3180534106184,0.0,0.0
5620,Li-Ion,5667,0.0,16.18128491498018,0.0,0.0
5620,H2,5667,56.920998245126285,559.5817337107944,0.0,0.0
5621,Li-Ion,5668,0.0,16.18128491498018,0.0,0.0
5621,H2,5668,56.920998245126285,561.6738385720257,0.0,0.0
5622,Li-Ion,5669,0.0,16.18128491498018,0.0,0.0
5622,H2,5669,56.920998245126285,565.9604767033776,0.0,0.0
5623,Li-Ion,5670,0.0,16.18128491498018,0.0,0.0
5623,H2,5670,56.920998245126285,565.9604767033776,0.0,0.0
5624,Li-Ion,5671,0.0,16.18128491498018,0.0,0.0
5624,H2,5671,56.920998245126285,566.0753875489928,0.0,0.0
5625,Li-Ion,5672,0.0,0.0,0.0,0.0
5625,H2,5672,56.920998245126285,575.8316296715299,0.0,0.0
5626,Li-Ion,5673,0.0,0.0,0.0,0.0
5626,H2,5673,56.920998245126285,571.6737531619447,0.0,0.0
5627,Li-Ion,5674,0.0,0.0,0.0,0.0
5627,H2,5674,56.920998245126285,575.2899420984022,0.0,0.0
5628,Li-Ion,5675,0.0,0.0,0.0,0.0
5628,H2,5675,56.920998245126285,577.308287764932,0.0,0.0
5629,Li-Ion,5676,0.0,4.412404559513875,0.0,0.0
5629,H2,5676,56.920998245126285,577.0203404340463,0.0,0.0
5630,Li-Ion,5677,0.0,9.770324381780721,0.0,0.0
5630,H2,5677,56.920998245126285,575.8493173937094,0.0,0.0
5631,Li-Ion,5678,0.0,15.128244204047569,0.0,0.0
5631,H2,5678,56.920998245126285,574.6939349786795,0.0,0.0
5632,Li-Ion,5679,0.0,16.18128491498018,0.0,0.0
5632,H2,5679,56.920998245126285,573.8586952294099,0.0,0.0
5633,Li-Ion,5680,0.0,0.0,0.0,0.0
5633,H2,5680,56.920998245126285,571.2049371152178,0.0,0.0
5634,Li-Ion,5681,0.0,0.0,0.0,0.0
5634,H2,5681,56.920998245126285,569.6548834745331,0.0,0.0
5635,Li-Ion,5682,0.0,0.0,0.0,0.0
5635,H2,5682,56.920998245126285,568.1987241821341,0.0,0.0
5636,Li-Ion,5683,0.0,0.0,0.0,0.0
5636,H2,5683,56.920998245126285,566.6190905962162,0.0,0.0
5637,Li-Ion,5684,0.0,0.0,0.0,0.0
5637,H2,5684,56.920998245126285,566.6190905962162,0.0,0.0
5638,Li-Ion,5685,0.0,0.0,0.0,0.0
5638,H2,5685,56.920998245126285,564.427220830614,0.0,0.0
5639,Li-Ion,5686,0.0,0.0,0.0,0.0
5639,H2,5686,56.920998245126285,565.3983333206074,0.0,0.0
5640,Li-Ion,5687,0.0,0.0,0.0,0.0
5640,H2,5687,56.920998245126285,565.3983333206074,0.0,0.0
5641,Li-Ion,5688,0.0,0.0,0.0,0.0
5641,H2,5688,56.920998245126285,563.4172568993088,0.0,0.0
5642,Li-Ion,5689,0.0,4.412404559513875,0.0,0.0
5642,H2,5689,56.920998245126285,563.4172568993088,0.0,0.0
5643,Li-Ion,5690,0.0,9.770324381780721,0.0,0.0
5643,H2,5690,56.920998245126285,562.0539215270321,0.0,0.0
5644,Li-Ion,5691,0.0,15.128244204047569,0.0,0.0
5644,H2,5691,56.920998245126285,561.9247792217075,0.0,0.0
5645,Li-Ion,5692,0.0,16.18128491498018,0.0,0.0
5645,H2,5692,56.920998245126285,566.0128400795122,0.0,0.0
5646,Li-Ion,5693,0.0,16.18128491498018,0.0,0.0
5646,H2,5693,56.920998245126285,569.3849538360987,0.0,0.0
5647,Li-Ion,5694,0.0,16.18128491498018,0.0,0.0
5647,H2,5694,56.920998245126285,572.3385000792277,0.0,0.0
5648,Li-Ion,5695,0.0,16.18128491498018,0.0,0.0
5648,H2,5695,56.920998245126285,575.6044182274304,0.0,0.0
5649,Li-Ion,5696,0.0,0.0,0.0,0.0
5649,H2,5696,56.920998245126285,575.3694880984333,0.0,0.0
5650,Li-Ion,5697,0.0,0.0,0.0,0.0
5650,H2,5697,56.920998245126285,575.2680359065398,0.0,0.0
5651,Li-Ion,5698,0.0,0.0,0.0,0.0
5651,H2,5698,56.920998245126285,575.1655401630185,0.0,0.0
5652,Li-Ion,5699,0.0,0.0,0.0,0.0
5652,H2,5699,56.920998245126285,579.0773408741999,0.0,0.0
5653,Li-Ion,5700,0.0,0.0,0.0,0.0
5653,H2,5700,56.920998245126285,578.4062802564908,0.0,0.0
5654,Li-Ion,5701,0.0,0.0,0.0,0.0
5654,H2,5701,56.920998245126285,579.7764285727945,0.0,0.0
5655,Li-Ion,5702,0.0,4.412404559513875,0.0,0.0
5655,H2,5702,56.920998245126285,579.1215811386655,0.0,0.0
5656,Li-Ion,5703,0.0,9.770324381780721,0.0,0.0
5656,H2,5703,56.920998245126285,578.0161690352218,0.0,0.0
5657,Li-Ion,5704,0.0,15.128244204047569,0.0,0.0
5657,H2,5704,56.920998245126285,577.3903859090511,0.0,0.0
5658,Li-Ion,5705,0.0,16.18128491498018,0.0,0.0
5658,H2,5705,56.920998245126285,579.4929843252971,0.0,0.0
5659,Li-Ion,5706,0.0,16.18128491498018,0.0,0.0
5659,H2,5706,56.920998245126285,578.376329280296,0.0,0.0
5660,Li-Ion,5707,0.0,16.18128491498018,0.0,0.0
5660,H2,5707,56.920998245126285,577.1908377963719,0.0,0.0
5661,Li-Ion,5708,0.0,16.18128491498018,0.0,0.0
5661,H2,5708,56.920998245126285,575.19236685892,0.0,0.0
5662,Li-Ion,5709,0.0,16.18128491498018,0.0,0.0
5662,H2,5709,56.920998245126285,575.19236685892,0.0,0.0
5663,Li-Ion,5710,0.0,16.18128491498018,0.0,0.0
5663,H2,5710,56.920998245126285,579.4790049902718,0.0,0.0
5664,Li-Ion,5711,0.0,16.18128491498018,0.0,0.0
5664,H2,5711,56.920998245126285,579.4790049902718,0.0,0.0
5665,Li-Ion,5712,0.0,16.18128491498018,0.0,0.0
5665,H2,5712,56.920998245126285,579.2788933401927,0.0,0.0
5666,Li-Ion,5713,0.0,16.18128491498018,0.0,0.0
5666,H2,5713,56.920998245126285,583.5655314715445,0.0,0.0
5667,Li-Ion,5714,0.0,16.18128491498018,0.0,0.0
5667,H2,5714,56.920998245126285,583.5655314715445,0.0,0.0
5668,Li-Ion,5715,0.0,16.18128491498018,0.0,0.0
5668,H2,5715,56.920998245126285,585.3961625243514,0.0,0.0
5669,Li-Ion,5716,0.0,16.18128491498018,0.0,0.0
5669,H2,5716,56.920998245126285,593.5336299491076,0.0,0.0
5670,Li-Ion,5717,0.0,16.18128491498018,0.0,0.0
5670,H2,5717,56.920998245126285,596.9724487906578,0.0,0.0
5671,Li-Ion,5718,0.0,16.18128491498018,0.0,0.0
5671,H2,5718,56.920998245126285,600.3791325666252,0.0,0.0
5672,Li-Ion,5719,0.0,16.18128491498018,0.0,0.0
5672,H2,5719,56.920998245126285,601.833195638616,0.0,0.0
5673,Li-Ion,5720,0.0,0.0,0.0,0.0
5673,H2,5720,56.920998245126285,599.3008385282438,0.0,0.0
5674,Li-Ion,5721,0.0,0.0,0.0,0.0
5674,H2,5721,56.920998245126285,598.8793448634754,0.0,0.0
5675,Li-Ion,5722,0.0,0.0,0.0,0.0
5675,H2,5722,56.920998245126285,600.9457002294417,0.0,0.0
5676,Li-Ion,5723,0.0,4.412404559513875,0.0,0.0
5676,H2,5723,56.920998245126285,603.6585633964852,0.0,0.0
5677,Li-Ion,5724,0.0,9.770324381780721,0.0,0.0
5677,H2,5724,56.920998245126285,602.1845815071933,0.0,0.0
5678,Li-Ion,5725,0.0,15.128244204047569,0.0,0.0
5678,H2,5725,56.920998245126285,600.8432370276337,0.0,0.0
5679,Li-Ion,5726,0.0,16.18128491498018,0.0,0.0
5679,H2,5726,56.920998245126285,599.6143316570051,0.0,0.0
5680,Li-Ion,5727,0.0,16.18128491498018,0.0,0.0
5680,H2,5727,56.920998245126285,598.6607847759133,0.0,0.0
5681,Li-Ion,5728,0.0,16.18128491498018,0.0,0.0
5681,H2,5728,56.920998245126285,597.8889029974782,0.0,0.0
5682,Li-Ion,5729,0.0,16.18128491498018,0.0,0.0
5682,H2,5729,56.920998245126285,596.5583444735503,0.0,0.0
5683,Li-Ion,5730,0.0,16.18128491498018,0.0,0.0
5683,H2,5730,56.920998245126285,594.7393770652001,0.0,0.0
5684,Li-Ion,5731,0.0,0.0,0.0,0.0
5684,H2,5731,56.920998245126285,591.4997805921663,0.0,0.0
5685,Li-Ion,5732,0.0,0.0,0.0,0.0
5685,H2,5732,56.920998245126285,591.6998922422455,0.0,0.0
5686,Li-Ion,5733,0.0,0.0,0.0,0.0
5686,H2,5733,56.920998245126285,588.9622813541949,0.0,0.0
5687,Li-Ion,5734,0.0,4.412404559513875,0.0,0.0
5687,H2,5734,56.920998245126285,587.2324961891144,0.0,0.0
5688,Li-Ion,5735,0.0,9.770324381780721,0.0,0.0
5688,H2,5735,56.920998245126285,587.0612625127467,0.0,0.0
5689,Li-Ion,5736,0.0,15.128244204047569,0.0,0.0
5689,H2,5736,56.920998245126285,590.8320094381795,0.0,0.0
5690,Li-Ion,5737,0.0,16.18128491498018,0.0,0.0
5690,H2,5737,56.920998245126285,590.3225061671375,0.0,0.0
5691,Li-Ion,5738,0.0,16.18128491498018,0.0,0.0
5691,H2,5738,56.920998245126285,590.5478291076201,0.0,0.0
5692,Li-Ion,5739,0.0,16.18128491498018,0.0,0.0
5692,H2,5739,56.920998245126285,592.4665675405946,0.0,0.0
5693,Li-Ion,5740,0.0,16.18128491498018,0.0,0.0
5693,H2,5740,56.920998245126285,596.3801680455534,0.0,0.0
5694,Li-Ion,5741,0.0,16.18128491498018,0.0,0.0
5694,H2,5741,56.920998245126285,599.5908375829666,0.0,0.0
5695,Li-Ion,5742,0.0,16.18128491498018,0.0,0.0
5695,H2,5742,56.920998245126285,603.0181394092784,0.0,0.0
5696,Li-Ion,5743,0.0,16.18128491498018,0.0,0.0
5696,H2,5743,56.920998245126285,605.6783208196673,0.0,0.0
5697,Li-Ion,5744,0.0,0.0,0.0,0.0
5697,H2,5744,56.920998245126285,606.8458614164767,0.0,0.0
5698,Li-Ion,5745,0.0,0.0,0.0,0.0
5698,H2,5745,56.920998245126285,606.5378725663747,0.0,0.0
5699,Li-Ion,5746,0.0,0.0,0.0,0.0
5699,H2,5746,56.920998245126285,609.1169786058268,0.0,0.0
5700,Li-Ion,5747,0.0,4.412404559513875,0.0,0.0
5700,H2,5747,56.920998245126285,613.4764979364288,0.0,0.0
5701,Li-Ion,5748,0.0,3.466889296760902,0.0,0.0
5701,H2,5748,56.920998245126285,621.7327432145901,0.0,0.0
5702,Li-Ion,5749,0.0,15.128244204047569,0.0,0.0
5702,H2,5749,56.920998245126285,620.7644158477146,0.0,0.0
5703,Li-Ion,5750,0.0,14.182728941294595,0.0,0.0
5703,H2,5750,56.920998245126285,633.4649071758106,0.0,0.0
5704,Li-Ion,5751,0.0,16.18128491498018,0.0,0.0
5704,H2,5751,56.920998245126285,632.5767245739544,0.0,0.0
5705,Li-Ion,5752,0.0,16.18128491498018,0.0,0.0
5705,H2,5752,56.920998245126285,614.1344477509589,0.0,0.0
5706,Li-Ion,5753,0.0,16.18128491498018,0.0,0.0
5706,H2,5753,56.920998245126285,611.8410375006982,0.0,0.0
5707,Li-Ion,5754,0.0,16.18128491498018,0.0,0.0
5707,H2,5754,56.920998245126285,612.9818040722649,0.0,0.0
5708,Li-Ion,5755,0.0,16.18128491498018,0.0,0.0
5708,H2,5755,56.920998245126285,612.8914889892424,0.0,0.0
5709,Li-Ion,5756,0.0,16.18128491498018,0.0,0.0
5709,H2,5756,56.920998245126285,610.2692840815434,0.0,0.0
5710,Li-Ion,5757,0.0,16.18128491498018,0.0,0.0
5710,H2,5757,56.920998245126285,610.2692840815434,0.0,0.0
5711,Li-Ion,5758,0.0,16.18128491498018,0.0,0.0
5711,H2,5758,56.920998245126285,610.2692840815434,0.0,0.0
5712,Li-Ion,5759,0.0,16.18128491498018,0.0,0.0
5712,H2,5759,56.920998245126285,610.2692840815434,0.0,0.0
5713,Li-Ion,5760,0.0,16.18128491498018,0.0,0.0
5713,H2,5760,56.920998245126285,610.6062879724836,0.0,0.0
5714,Li-Ion,5761,0.0,16.18128491498018,0.0,0.0
5714,H2,5761,56.920998245126285,614.8929261038355,0.0,0.0
5715,Li-Ion,5762,0.0,16.18128491498018,0.0,0.0
5715,H2,5762,56.920998245126285,615.628666641473,0.0,0.0
5716,Li-Ion,5763,0.0,16.18128491498018,0.0,0.0
5716,H2,5763,56.920998245126285,615.628666641473,0.0,0.0
5717,Li-Ion,5764,0.0,16.18128491498018,0.0,0.0
5717,H2,5764,56.920998245126285,616.3069200582661,0.0,0.0
5718,Li-Ion,5765,0.0,16.18128491498018,0.0,0.0
5718,H2,5765,56.920998245126285,619.0222130549731,0.0,0.0
5719,Li-Ion,5766,0.0,0.0,0.0,0.0
5719,H2,5766,56.920998245126285,626.4458654149599,0.0,0.0
5720,Li-Ion,5767,0.0,0.0,0.0,0.0
5720,H2,5767,56.920998245126285,626.2240632598756,0.0,0.0
5721,Li-Ion,5768,0.0,0.0,0.0,0.0
5721,H2,5768,56.920998245126285,626.0231700846804,0.0,0.0
5722,Li-Ion,5769,0.0,0.0,0.0,0.0
5722,H2,5769,56.920998245126285,625.8956227775351,0.0,0.0
5723,Li-Ion,5770,0.0,0.0,0.0,0.0
5723,H2,5770,56.920998245126285,632.7301679169439,0.0,0.0
5724,Li-Ion,5771,0.0,4.412404559513875,0.0,0.0
5724,H2,5771,56.920998245126285,632.4818502496955,0.0,0.0
5725,Li-Ion,5772,0.0,9.770324381780721,0.0,0.0
5725,H2,5772,56.920998245126285,631.7655184650034,0.0,0.0
5726,Li-Ion,5773,0.0,15.128244204047569,0.0,0.0
5726,H2,5773,56.920998245126285,634.975122772634,0.0,0.0
5727,Li-Ion,5774,0.0,0.0,0.0,0.0
5727,H2,5774,56.920998245126285,631.0910868593088,0.0,0.0
5728,Li-Ion,5775,0.0,0.0,0.0,0.0
5728,H2,5775,56.920998245126285,630.5880317291292,0.0,0.0
5729,Li-Ion,5776,0.0,0.0,0.0,0.0
5729,H2,5776,56.920998245126285,629.5933361266772,0.0,0.0
5730,Li-Ion,5777,0.0,0.0,0.0,0.0
5730,H2,5777,56.920998245126285,629.5964275155472,0.0,0.0
5731,Li-Ion,5778,0.0,0.0,0.0,0.0
5731,H2,5778,56.920998245126285,627.0562584149085,0.0,0.0
5732,Li-Ion,5779,0.0,0.0,0.0,0.0
5732,H2,5779,56.920998245126285,624.4340535072096,0.0,0.0
5733,Li-Ion,5780,0.0,0.0,0.0,0.0
5733,H2,5780,56.920998245126285,624.4340535072096,0.0,0.0
5734,Li-Ion,5781,0.0,4.412404559513875,0.0,0.0
5734,H2,5781,56.920998245126285,622.1759646441964,0.0,0.0
5735,Li-Ion,5782,0.0,0.0,0.0,0.0
5735,H2,5782,56.920998245126285,623.253494860962,0.0,0.0
5736,Li-Ion,5783,0.0,0.0,0.0,0.0
5736,H2,5783,56.920998245126285,623.253494860962,0.0,0.0
5737,Li-Ion,5784,0.0,0.0,0.0,0.0
5737,H2,5784,56.920998245126285,621.9355335476147,0.0,0.0
5738,Li-Ion,5785,0.0,4.412404559513875,0.0,0.0
5738,H2,5785,56.920998245126285,625.7233653512205,0.0,0.0
5739,Li-Ion,5786,0.0,9.770324381780721,0.0,0.0
5739,H2,5786,56.920998245126285,624.2798883318131,0.0,0.0
5740,Li-Ion,5787,0.0,15.128244204047569,0.0,0.0
5740,H2,5787,56.920998245126285,623.2115095056947,0.0,0.0
5741,Li-Ion,5788,0.0,0.0,0.0,0.0
5741,H2,5788,56.920998245126285,633.5048780687894,0.0,0.0
5742,Li-Ion,5789,0.0,0.0,0.0,0.0
5742,H2,5789,56.920998245126285,639.3339420414823,0.0,0.0
5743,Li-Ion,5790,0.0,0.0,0.0,0.0
5743,H2,5790,56.920998245126285,641.2648339925421,0.0,0.0
5744,Li-Ion,5791,0.0,0.0,0.0,0.0
5744,H2,5791,56.920998245126285,640.8450479577101,0.0,0.0
5745,Li-Ion,5792,0.0,0.0,0.0,0.0
5745,H2,5792,56.920998245126285,640.5168161856952,0.0,0.0
5746,Li-Ion,5793,0.0,0.0,0.0,0.0
5746,H2,5793,56.920998245126285,643.013239335446,0.0,0.0
5747,Li-Ion,5794,0.0,0.0,0.0,0.0
5747,H2,5794,56.920998245126285,645.4513050867655,0.0,0.0
5748,Li-Ion,5795,0.0,4.412404559513875,0.0,0.0
5748,H2,5795,56.920998245126285,645.2683164559098,0.0,0.0
5749,Li-Ion,5796,0.0,9.770324381780721,0.0,0.0
5749,H2,5796,56.920998245126285,646.0924249878158,0.0,0.0
5750,Li-Ion,5797,0.0,0.0,0.0,0.0
5750,H2,5797,56.920998245126285,642.510611570539,0.0,0.0
5751,Li-Ion,5798,0.0,0.0,0.0,0.0
5751,H2,5798,56.920998245126285,646.1745023622741,0.0,0.0
5752,Li-Ion,5799,0.0,0.0,0.0,0.0
5752,H2,5799,56.920998245126285,645.8383142996662,0.0,0.0
5753,Li-Ion,5800,0.0,0.0,0.0,0.0
5753,H2,5800,56.920998245126285,645.6427870518717,0.0,0.0
5754,Li-Ion,5801,0.0,0.0,0.0,0.0
5754,H2,5801,56.920998245126285,645.260403272758,0.0,0.0
5755,Li-Ion,5802,0.0,0.0,0.0,0.0
5755,H2,5802,56.920998245126285,642.9401958816052,0.0,0.0
5756,Li-Ion,5803,0.0,0.0,0.0,0.0
5756,H2,5803,56.920998245126285,645.9008765174254,0.0,0.0
5757,Li-Ion,5804,0.0,0.0,0.0,0.0
5757,H2,5804,56.920998245126285,645.9008765174254,0.0,0.0
5758,Li-Ion,5805,0.0,4.412404559513875,0.0,0.0
5758,H2,5805,56.920998245126285,644.5548030331025,0.0,0.0
5759,Li-Ion,5806,0.0,9.770324381780721,0.0,0.0
5759,H2,5806,56.920998245126285,647.5655205519021,0.0,0.0
5760,Li-Ion,5807,0.0,0.0,0.0,0.0
5760,H2,5807,56.920998245126285,649.2630919420694,0.0,0.0
5761,Li-Ion,5808,0.0,0.0,0.0,0.0
5761,H2,5808,56.920998245126285,648.270565427619,0.0,0.0
5762,Li-Ion,5809,0.0,0.0,0.0,0.0
5762,H2,5809,56.920998245126285,648.7006772081953,0.0,0.0
5763,Li-Ion,5810,0.0,0.0,0.0,0.0
5763,H2,5810,56.920998245126285,654.4074892337524,0.0,0.0
5764,Li-Ion,5811,0.0,0.0,0.0,0.0
5764,H2,5811,56.920998245126285,652.824347897337,0.0,0.0
5765,Li-Ion,5812,0.0,4.412404559513875,0.0,0.0
5765,H2,5812,56.920998245126285,653.9552741038457,0.0,0.0
5766,Li-Ion,5813,0.0,9.770324381780721,0.0,0.0
5766,H2,5813,56.920998245126285,654.2349517673512,0.0,0.0
5767,Li-Ion,5814,0.0,15.128244204047569,0.0,0.0
5767,H2,5814,56.920998245126285,651.9045849932298,0.0,0.0
5768,Li-Ion,5815,0.0,0.0,0.0,0.0
5768,H2,5815,56.920998245126285,660.890944732995,0.0,0.0
5769,Li-Ion,5816,0.0,0.0,0.0,0.0
5769,H2,5816,56.920998245126285,660.7106253362568,0.0,0.0
5770,Li-Ion,5817,0.0,0.0,0.0,0.0
5770,H2,5817,56.920998245126285,660.6695789722279,0.0,0.0
5771,Li-Ion,5818,0.0,0.0,0.0,0.0
5771,H2,5818,56.920998245126285,668.5979306560677,0.0,0.0
5772,Li-Ion,5819,0.0,4.412404559513875,0.0,0.0
5772,H2,5819,56.920998245126285,668.7792906281722,0.0,0.0
5773,Li-Ion,5820,0.0,9.770324381780721,0.0,0.0
5773,H2,5820,56.920998245126285,668.1984181693314,0.0,0.0
5774,Li-Ion,5821,0.0,15.128244204047569,0.0,0.0
5774,H2,5821,56.920998245126285,665.6914143410752,0.0,0.0
5775,Li-Ion,5822,0.0,16.18128491498018,0.0,0.0
5775,H2,5822,56.920998245126285,664.9919024993874,0.0,0.0
5776,Li-Ion,5823,0.0,16.18128491498018,0.0,0.0
5776,H2,5823,56.920998245126285,664.2413801686336,0.0,0.0
5777,Li-Ion,5824,0.0,16.18128491498018,0.0,0.0
5777,H2,5824,56.920998245126285,663.6868844796262,0.0,0.0
5778,Li-Ion,5825,0.0,0.0,0.0,0.0
5778,H2,5825,56.920998245126285,660.6337187435616,0.0,0.0
5779,Li-Ion,5826,0.0,0.0,0.0,0.0
5779,H2,5826,56.920998245126285,658.491541260121,0.0,0.0
5780,Li-Ion,5827,0.0,0.0,0.0,0.0
5780,H2,5827,56.920998245126285,656.1679692055378,0.0,0.0
5781,Li-Ion,5828,0.0,0.0,0.0,0.0
5781,H2,5828,56.920998245126285,657.1208175073541,0.0,0.0
5782,Li-Ion,5829,0.0,0.0,0.0,0.0
5782,H2,5829,56.920998245126285,656.3531089072453,0.0,0.0
5783,Li-Ion,5830,0.0,0.0,0.0,0.0
5783,H2,5830,56.920998245126285,658.6954414211816,0.0,0.0
5784,Li-Ion,5831,0.0,0.0,0.0,0.0
5784,H2,5831,56.920998245126285,656.3594687072595,0.0,0.0
5785,Li-Ion,5832,0.0,0.0,0.0,0.0
5785,H2,5832,56.920998245126285,655.1553289630282,0.0,0.0
5786,Li-Ion,5833,0.0,0.0,0.0,0.0
5786,H2,5833,56.920998245126285,655.0934362433767,0.0,0.0
5787,Li-Ion,5834,0.0,0.0,0.0,0.0
5787,H2,5834,56.920998245126285,656.0992099743115,0.0,0.0
5788,Li-Ion,5835,0.0,0.0,0.0,0.0
5788,H2,5835,56.920998245126285,656.914366447583,0.0,0.0
5789,Li-Ion,5836,0.0,0.0,0.0,0.0
5789,H2,5836,56.920998245126285,656.9470528470329,0.0,0.0
5790,Li-Ion,5837,0.0,0.0,0.0,0.0
5790,H2,5837,56.920998245126285,658.4622319284883,0.0,0.0
5791,Li-Ion,5838,0.0,0.0,0.0,0.0
5791,H2,5838,56.920998245126285,659.8609579250276,0.0,0.0
5792,Li-Ion,5839,0.0,0.0,0.0,0.0
5792,H2,5839,56.920998245126285,659.6588883825428,0.0,0.0
5793,Li-Ion,5840,0.0,0.0,0.0,0.0
5793,H2,5840,56.920998245126285,659.6861219177522,0.0,0.0
5794,Li-Ion,5841,0.0,0.0,0.0,0.0
5794,H2,5841,56.920998245126285,659.8018423064484,0.0,0.0
5795,Li-Ion,5842,0.0,0.0,0.0,0.0
5795,H2,5842,56.920998245126285,662.5894689348121,0.0,0.0
5796,Li-Ion,5843,0.0,0.0,0.0,0.0
5796,H2,5843,56.920998245126285,661.4108787500506,0.0,0.0
5797,Li-Ion,5844,0.0,0.0,0.0,0.0
5797,H2,5844,56.920998245126285,657.847725475458,0.0,0.0
5798,Li-Ion,5845,0.0,0.0,0.0,0.0
5798,H2,5845,56.920998245126285,659.4151999177562,0.0,0.0
5799,Li-Ion,5846,0.0,4.412404559513875,0.0,0.0
5799,H2,5846,56.920998245126285,658.4299718992821,0.0,0.0
5800,Li-Ion,5847,0.0,9.770324381780721,0.0,0.0
5800,H2,5847,56.920998245126285,657.5601932067086,0.0,0.0
5801,Li-Ion,5848,0.0,15.128244204047569,0.0,0.0
5801,H2,5848,56.920998245126285,656.791569998628,0.0,0.0
5802,Li-Ion,5849,0.0,16.18128491498018,0.0,0.0
5802,H2,5849,56.920998245126285,656.1410105770294,0.0,0.0
5803,Li-Ion,5850,0.0,0.0,0.0,0.0
5803,H2,5850,56.920998245126285,652.7123869186556,0.0,0.0
5804,Li-Ion,5851,0.0,0.0,0.0,0.0
5804,H2,5851,56.920998245126285,651.1502334138639,0.0,0.0
5805,Li-Ion,5852,0.0,0.0,0.0,0.0
5805,H2,5852,56.920998245126285,656.4637637202502,0.0,0.0
5806,Li-Ion,5853,0.0,0.0,0.0,0.0
5806,H2,5853,56.920998245126285,656.6585738525918,0.0,0.0
5807,Li-Ion,5854,0.0,0.0,0.0,0.0
5807,H2,5854,56.920998245126285,655.314252395803,0.0,0.0
5808,Li-Ion,5855,0.0,0.0,0.0,0.0
5808,H2,5855,56.920998245126285,655.466509217301,0.0,0.0
5809,Li-Ion,5856,0.0,0.0,0.0,0.0
5809,H2,5856,56.920998245126285,655.466509217301,0.0,0.0
5810,Li-Ion,5857,0.0,0.0,0.0,0.0
5810,H2,5857,56.920998245126285,655.3647432327225,0.0,0.0
5811,Li-Ion,5858,0.0,4.412404559513875,0.0,0.0
5811,H2,5858,56.920998245126285,659.6561080150823,0.0,0.0
5812,Li-Ion,5859,0.0,0.0,0.0,0.0
5812,H2,5859,56.920998245126285,661.0309454748385,0.0,0.0
5813,Li-Ion,5860,0.0,0.0,0.0,0.0
5813,H2,5860,56.920998245126285,663.0458884735211,0.0,0.0
5814,Li-Ion,5861,0.0,0.0,0.0,0.0
5814,H2,5861,56.920998245126285,665.5485924549222,0.0,0.0
5815,Li-Ion,5862,0.0,0.0,0.0,0.0
5815,H2,5862,56.920998245126285,665.8004010422853,0.0,0.0
5816,Li-Ion,5863,0.0,0.0,0.0,0.0
5816,H2,5863,56.920998245126285,665.5872002824367,0.0,0.0
5817,Li-Ion,5864,0.0,0.0,0.0,0.0
5817,H2,5864,56.920998245126285,665.49223229643,0.0,0.0
5818,Li-Ion,5865,0.0,0.0,0.0,0.0
5818,H2,5865,56.920998245126285,669.2301631206167,0.0,0.0
5819,Li-Ion,5866,0.0,0.0,0.0,0.0
5819,H2,5866,56.920998245126285,670.348258933739,0.0,0.0
5820,Li-Ion,5867,0.0,0.0,0.0,0.0
5820,H2,5867,56.920998245126285,671.562260303739,0.0,0.0
5821,Li-Ion,5868,0.0,4.412404559513875,0.0,0.0
5821,H2,5868,56.920998245126285,675.1353832613644,0.0,0.0
5822,Li-Ion,5869,0.0,9.770324381780721,0.0,0.0
5822,H2,5869,56.920998245126285,673.4830742102605,0.0,0.0
5823,Li-Ion,5870,0.0,15.128244204047569,0.0,0.0
5823,H2,5870,56.920998245126285,672.098236928209,0.0,0.0
5824,Li-Ion,5871,0.0,16.18128491498018,0.0,0.0
5824,H2,5871,56.920998245126285,671.0804199159518,0.0,0.0
5825,Li-Ion,5872,0.0,16.18128491498018,0.0,0.0
5825,H2,5872,56.920998245126285,671.2722135564323,0.0,0.0
5826,Li-Ion,5873,0.0,0.0,0.0,0.0
5826,H2,5873,56.920998245126285,669.0692412690239,0.0,0.0
5827,Li-Ion,5874,0.0,0.0,0.0,0.0
5827,H2,5874,56.920998245126285,669.8889969668263,0.0,0.0
5828,Li-Ion,5875,0.0,0.0,0.0,0.0
5828,H2,5875,56.920998245126285,669.8455193317177,0.0,0.0
5829,Li-Ion,5876,0.0,0.0,0.0,0.0
5829,H2,5876,56.920998245126285,667.8574188981108,0.0,0.0
5830,Li-Ion,5877,0.0,0.0,0.0,0.0
5830,H2,5877,56.920998245126285,666.5708632539048,0.0,0.0
5831,Li-Ion,5878,0.0,0.0,0.0,0.0
5831,H2,5878,56.920998245126285,666.9441673538487,0.0,0.0
5832,Li-Ion,5879,0.0,0.0,0.0,0.0
5832,H2,5879,56.920998245126285,665.7024409497503,0.0,0.0
5833,Li-Ion,5880,0.0,4.412404559513875,0.0,0.0
5833,H2,5880,56.920998245126285,665.150810167102,0.0,0.0
5834,Li-Ion,5881,0.0,9.770324381780721,0.0,0.0
5834,H2,5881,56.920998245126285,665.0601139228421,0.0,0.0
5835,Li-Ion,5882,0.0,15.128244204047569,0.0,0.0
5835,H2,5882,56.920998245126285,665.7897238290145,0.0,0.0
5836,Li-Ion,5883,0.0,0.0,0.0,0.0
5836,H2,5883,56.920998245126285,674.5177789834335,0.0,0.0
5837,Li-Ion,5884,0.0,0.0,0.0,0.0
5837,H2,5884,56.920998245126285,677.3925139736083,0.0,0.0
5838,Li-Ion,5885,0.0,0.0,0.0,0.0
5838,H2,5885,56.920998245126285,677.4630849840019,0.0,0.0
5839,Li-Ion,5886,0.0,0.0,0.0,0.0
5839,H2,5886,56.920998245126285,678.307882254045,0.0,0.0
5840,Li-Ion,5887,0.0,0.0,0.0,0.0
5840,H2,5887,56.920998245126285,678.0883189915442,0.0,0.0
5841,Li-Ion,5888,0.0,0.0,0.0,0.0
5841,H2,5888,56.920998245126285,677.6824659520829,0.0,0.0
5842,Li-Ion,5889,0.0,0.0,0.0,0.0
5842,H2,5889,56.920998245126285,677.3543100747319,0.0,0.0
5843,Li-Ion,5890,0.0,0.0,0.0,0.0
5843,H2,5890,56.920998245126285,679.3131416756974,0.0,0.0
5844,Li-Ion,5891,0.0,4.412404559513875,0.0,0.0
5844,H2,5891,56.920998245126285,678.895800267513,0.0,0.0
5845,Li-Ion,5892,0.0,9.770324381780721,0.0,0.0
5845,H2,5892,56.920998245126285,677.5353884181085,0.0,0.0
5846,Li-Ion,5893,0.0,15.128244204047569,0.0,0.0
5846,H2,5893,56.920998245126285,674.4685546222794,0.0,0.0
5847,Li-Ion,5894,0.0,16.18128491498018,0.0,0.0
5847,H2,5894,56.920998245126285,673.4221000235317,0.0,0.0
5848,Li-Ion,5895,0.0,16.18128491498018,0.0,0.0
5848,H2,5895,56.920998245126285,673.5549683186572,0.0,0.0
5849,Li-Ion,5896,0.0,16.18128491498018,0.0,0.0
5849,H2,5896,56.920998245126285,673.8804054874643,0.0,0.0
5850,Li-Ion,5897,0.0,0.0,0.0,0.0
5850,H2,5897,56.920998245126285,672.8306828604964,0.0,0.0
5851,Li-Ion,5898,0.0,0.0,0.0,0.0
5851,H2,5898,56.920998245126285,672.6769586510171,0.0,0.0
5852,Li-Ion,5899,0.0,0.0,0.0,0.0
5852,H2,5899,56.920998245126285,672.0775076249063,0.0,0.0
5853,Li-Ion,5900,0.0,4.412404559513875,0.0,0.0
5853,H2,5900,56.920998245126285,671.244073722197,0.0,0.0
5854,Li-Ion,5901,0.0,9.770324381780721,0.0,0.0
5854,H2,5901,56.920998245126285,668.7172542094603,0.0,0.0
5855,Li-Ion,5902,0.0,15.128244204047569,0.0,0.0
5855,H2,5902,56.920998245126285,665.8925802739417,0.0,0.0
5856,Li-Ion,5903,0.0,16.18128491498018,0.0,0.0
5856,H2,5903,56.920998245126285,665.1826904236639,0.0,0.0
5857,Li-Ion,5904,0.0,16.18128491498018,0.0,0.0
5857,H2,5904,56.920998245126285,666.4305365971185,0.0,0.0
5858,Li-Ion,5905,0.0,0.0,0.0,0.0
5858,H2,5905,56.920998245126285,672.3075194849949,0.0,0.0
5859,Li-Ion,5906,0.0,0.0,0.0,0.0
5859,H2,5906,56.920998245126285,672.0889668302132,0.0,0.0
5860,Li-Ion,5907,0.0,0.0,0.0,0.0
5860,H2,5907,56.920998245126285,672.0816838442307,0.0,0.0
5861,Li-Ion,5908,0.0,0.0,0.0,0.0
5861,H2,5908,56.920998245126285,672.2717868863614,0.0,0.0
5862,Li-Ion,5909,0.0,0.0,0.0,0.0
5862,H2,5909,56.920998245126285,671.8669309825841,0.0,0.0
5863,Li-Ion,5910,0.0,0.0,0.0,0.0
5863,H2,5910,56.920998245126285,670.5732078915477,0.0,0.0
5864,Li-Ion,5911,0.0,0.0,0.0,0.0
5864,H2,5911,56.920998245126285,670.3662810905769,0.0,0.0
5865,Li-Ion,5912,0.0,0.0,0.0,0.0
5865,H2,5912,56.920998245126285,671.3427734583709,0.0,0.0
5866,Li-Ion,5913,0.0,0.0,0.0,0.0
5866,H2,5913,56.920998245126285,670.7014256015568,0.0,0.0
5867,Li-Ion,5914,0.0,0.0,0.0,0.0
5867,H2,5914,56.920998245126285,672.7975569739714,0.0,0.0
5868,Li-Ion,5915,0.0,4.412404559513875,0.0,0.0
5868,H2,5915,56.920998245126285,676.5672609245095,0.0,0.0
5869,Li-Ion,5916,0.0,9.770324381780721,0.0,0.0
5869,H2,5916,56.920998245126285,675.384202255398,0.0,0.0
5870,Li-Ion,5917,0.0,15.128244204047569,0.0,0.0
5870,H2,5917,56.920998245126285,674.0772076002291,0.0,0.0
5871,Li-Ion,5918,0.0,16.18128491498018,0.0,0.0
5871,H2,5918,56.920998245126285,673.0523908419157,0.0,0.0
5872,Li-Ion,5919,0.0,16.18128491498018,0.0,0.0
5872,H2,5919,56.920998245126285,673.0047229435982,0.0,0.0
5873,Li-Ion,5920,0.0,16.18128491498018,0.0,0.0
5873,H2,5920,56.920998245126285,672.5478370672571,0.0,0.0
5874,Li-Ion,5921,0.0,0.0,0.0,0.0
5874,H2,5921,56.920998245126285,665.0930457638442,0.0,0.0
5875,Li-Ion,5922,0.0,0.0,0.0,0.0
5875,H2,5922,56.920998245126285,659.1288509565496,0.0,0.0
5876,Li-Ion,5923,0.0,0.0,0.0,0.0
5876,H2,5923,56.920998245126285,653.303254651706,0.0,0.0
5877,Li-Ion,5924,0.0,0.0,0.0,0.0
5877,H2,5924,56.920998245126285,649.905748544092,0.0,0.0
5878,Li-Ion,5925,0.0,0.0,0.0,0.0
5878,H2,5925,56.920998245126285,648.5470561828614,0.0,0.0
5879,Li-Ion,5926,0.0,0.0,0.0,0.0
5879,H2,5926,56.920998245126285,648.781009826984,0.0,0.0
5880,Li-Ion,5927,0.0,0.0,0.0,0.0
5880,H2,5927,56.920998245126285,650.6852713499418,0.0,0.0
5881,Li-Ion,5928,0.0,0.0,0.0,0.0
5881,H2,5928,56.920998245126285,651.9078054958832,0.0,0.0
5882,Li-Ion,5929,0.0,0.0,0.0,0.0
5882,H2,5929,56.920998245126285,654.310124635659,0.0,0.0
5883,Li-Ion,5930,0.0,0.0,0.0,0.0
5883,H2,5930,56.920998245126285,654.5496237335155,0.0,0.0
5884,Li-Ion,5931,0.0,0.0,0.0,0.0
5884,H2,5931,56.920998245126285,660.15322602146,0.0,0.0
5885,Li-Ion,5932,0.0,0.0,0.0,0.0
5885,H2,5932,56.920998245126285,662.504405783582,0.0,0.0
5886,Li-Ion,5933,0.0,0.0,0.0,0.0
5886,H2,5933,56.920998245126285,664.9473359551047,0.0,0.0
5887,Li-Ion,5934,0.0,0.0,0.0,0.0
5887,H2,5934,56.920998245126285,665.3154642869912,0.0,0.0
5888,Li-Ion,5935,0.0,0.0,0.0,0.0
5888,H2,5935,56.920998245126285,667.0701045348775,0.0,0.0
5889,Li-Ion,5936,0.0,0.0,0.0,0.0
5889,H2,5936,56.920998245126285,666.1121494387272,0.0,0.0
5890,Li-Ion,5937,0.0,0.0,0.0,0.0
5890,H2,5937,56.920998245126285,664.9948851186132,0.0,0.0
5891,Li-Ion,5938,0.0,0.0,0.0,0.0
5891,H2,5938,56.920998245126285,667.9690388807782,0.0,0.0
5892,Li-Ion,5939,0.0,0.0,0.0,0.0
5892,H2,5939,56.920998245126285,668.7384987419763,0.0,0.0
5893,Li-Ion,5940,0.0,4.412404559513875,0.0,0.0
5893,H2,5940,56.920998245126285,667.7074477837277,0.0,0.0
5894,Li-Ion,5941,0.0,9.770324381780721,0.0,0.0
5894,H2,5941,56.920998245126285,670.2843562262223,0.0,0.0
5895,Li-Ion,5942,0.0,15.128244204047569,0.0,0.0
5895,H2,5942,56.920998245126285,668.8862626762193,0.0,0.0
5896,Li-Ion,5943,0.0,0.0,0.0,0.0
5896,H2,5943,56.920998245126285,666.8699817909853,0.0,0.0
5897,Li-Ion,5944,0.0,0.0,0.0,0.0
5897,H2,5944,56.920998245126285,667.7507272691305,0.0,0.0
5898,Li-Ion,5945,0.0,0.0,0.0,0.0
5898,H2,5945,56.920998245126285,669.9536829906158,0.0,0.0
5899,Li-Ion,5946,0.0,0.0,0.0,0.0
5899,H2,5946,56.920998245126285,671.1111777682313,0.0,0.0
5900,Li-Ion,5947,0.0,0.0,0.0,0.0
5900,H2,5947,56.920998245126285,671.0262149188196,0.0,0.0
5901,Li-Ion,5948,0.0,0.0,0.0,0.0
5901,H2,5948,56.920998245126285,671.9729433709499,0.0,0.0
5902,Li-Ion,5949,0.0,0.0,0.0,0.0
5902,H2,5949,56.920998245126285,670.9137954888619,0.0,0.0
5903,Li-Ion,5950,0.0,4.412404559513875,0.0,0.0
5903,H2,5950,56.920998245126285,669.5666219677075,0.0,0.0
5904,Li-Ion,5951,0.0,9.770324381780721,0.0,0.0
5904,H2,5951,56.920998245126285,668.3050677911996,0.0,0.0
5905,Li-Ion,5952,0.0,15.128244204047569,0.0,0.0
5905,H2,5952,56.920998245126285,668.7271719128051,0.0,0.0
5906,Li-Ion,5953,0.0,16.18128491498018,0.0,0.0
5906,H2,5953,56.920998245126285,669.110368786262,0.0,0.0
5907,Li-Ion,5954,0.0,16.18128491498018,0.0,0.0
5907,H2,5954,56.920998245126285,669.8761068405062,0.0,0.0
5908,Li-Ion,5955,0.0,16.18128491498018,0.0,0.0
5908,H2,5955,56.920998245126285,669.8761068405062,0.0,0.0
5909,Li-Ion,5956,0.0,16.18128491498018,0.0,0.0
5909,H2,5956,56.920998245126285,671.658765530108,0.0,0.0
5910,Li-Ion,5957,0.0,16.18128491498018,0.0,0.0
5910,H2,5957,56.920998245126285,673.9715239324267,0.0,0.0
5911,Li-Ion,5958,0.0,16.18128491498018,0.0,0.0
5911,H2,5958,56.920998245126285,677.3962263665019,0.0,0.0
5912,Li-Ion,5959,0.0,16.18128491498018,0.0,0.0
5912,H2,5959,56.920998245126285,679.7444263371517,0.0,0.0
5913,Li-Ion,5960,0.0,0.0,0.0,0.0
5913,H2,5960,56.920998245126285,684.777200449219,0.0,0.0
5914,Li-Ion,5961,0.0,0.0,0.0,0.0
5914,H2,5961,56.920998245126285,683.6406588844884,0.0,0.0
5915,Li-Ion,5962,0.0,0.0,0.0,0.0
5915,H2,5962,56.920998245126285,684.4507705244754,0.0,0.0
5916,Li-Ion,5963,0.0,0.0,0.0,0.0
5916,H2,5963,56.920998245126285,684.454568233929,0.0,0.0
5917,Li-Ion,5964,0.0,4.412404559513875,0.0,0.0
5917,H2,5964,56.920998245126285,683.1609723352225,0.0,0.0
5918,Li-Ion,5965,0.0,9.770324381780721,0.0,0.0
5918,H2,5965,56.920998245126285,681.6648355286437,0.0,0.0
5919,Li-Ion,5966,0.0,15.128244204047569,0.0,0.0
5919,H2,5966,56.920998245126285,680.5883962131223,0.0,0.0
5920,Li-Ion,5967,0.0,16.18128491498018,0.0,0.0
5920,H2,5967,56.920998245126285,679.8098434531888,0.0,0.0
5921,Li-Ion,5968,0.0,16.18128491498018,0.0,0.0
5921,H2,5968,56.920998245126285,679.6633794010804,0.0,0.0
5922,Li-Ion,5969,0.0,0.0,0.0,0.0
5922,H2,5969,56.920998245126285,677.1590695408876,0.0,0.0
5923,Li-Ion,5970,0.0,0.0,0.0,0.0
5923,H2,5970,56.920998245126285,676.5084182631973,0.0,0.0
5924,Li-Ion,5971,0.0,0.0,0.0,0.0
5924,H2,5971,56.920998245126285,675.8347329550304,0.0,0.0
5925,Li-Ion,5972,0.0,0.0,0.0,0.0
5925,H2,5972,56.920998245126285,674.9373870935672,0.0,0.0
5926,Li-Ion,5973,0.0,0.0,0.0,0.0
5926,H2,5973,56.920998245126285,671.9244821537552,0.0,0.0
5927,Li-Ion,5974,0.0,0.0,0.0,0.0
5927,H2,5974,56.920998245126285,672.3882146505968,0.0,0.0
5928,Li-Ion,5975,0.0,0.0,0.0,0.0
5928,H2,5975,56.920998245126285,672.3882146505968,0.0,0.0
5929,Li-Ion,5976,0.0,0.0,0.0,0.0
5929,H2,5976,56.920998245126285,669.5238720759401,0.0,0.0
5930,Li-Ion,5977,0.0,4.412404559513875,0.0,0.0
5930,H2,5977,56.920998245126285,668.3441463545868,0.0,0.0
5931,Li-Ion,5978,0.0,9.770324381780721,0.0,0.0
5931,H2,5978,56.920998245126285,667.313629695674,0.0,0.0
5932,Li-Ion,5979,0.0,15.128244204047569,0.0,0.0
5932,H2,5979,56.920998245126285,665.6320095153953,0.0,0.0
5933,Li-Ion,5980,0.0,16.18128491498018,0.0,0.0
5933,H2,5980,56.920998245126285,669.1017302939691,0.0,0.0
5934,Li-Ion,5981,0.0,16.18128491498018,0.0,0.0
5934,H2,5981,56.920998245126285,671.0446658590001,0.0,0.0
5935,Li-Ion,5982,0.0,16.18128491498018,0.0,0.0
5935,H2,5982,56.920998245126285,673.2733746683306,0.0,0.0
5936,Li-Ion,5983,0.0,16.18128491498018,0.0,0.0
5936,H2,5983,56.920998245126285,670.709754116564,0.0,0.0
5937,Li-Ion,5984,0.0,0.0,0.0,0.0
5937,H2,5984,56.920998245126285,674.3281469196303,0.0,0.0
5938,Li-Ion,5985,0.0,0.0,0.0,0.0
5938,H2,5985,56.920998245126285,672.8478720977947,0.0,0.0
5939,Li-Ion,5986,0.0,0.0,0.0,0.0
5939,H2,5986,56.920998245126285,675.4576808770657,0.0,0.0
5940,Li-Ion,5987,0.0,0.0,0.0,0.0
5940,H2,5987,56.920998245126285,673.8207721181668,0.0,0.0
5941,Li-Ion,5988,0.0,0.0,0.0,0.0
5941,H2,5988,56.920998245126285,674.2128532524018,0.0,0.0
5942,Li-Ion,5989,0.0,4.412404559513875,0.0,0.0
5942,H2,5989,56.920998245126285,673.5036019934072,0.0,0.0
5943,Li-Ion,5990,0.0,9.770324381780721,0.0,0.0
5943,H2,5990,56.920998245126285,672.8873942439915,0.0,0.0
5944,Li-Ion,5991,0.0,15.128244204047569,0.0,0.0
5944,H2,5991,56.920998245126285,672.681460398206,0.0,0.0
5945,Li-Ion,5992,0.0,16.18128491498018,0.0,0.0
5945,H2,5992,56.920998245126285,673.7593333527503,0.0,0.0
5946,Li-Ion,5993,0.0,0.0,0.0,0.0
5946,H2,5993,56.920998245126285,672.7582584524088,0.0,0.0
5947,Li-Ion,5994,0.0,0.0,0.0,0.0
5947,H2,5994,56.920998245126285,673.0159930068282,0.0,0.0
5948,Li-Ion,5995,0.0,0.0,0.0,0.0
5948,H2,5995,56.920998245126285,678.5132316099382,0.0,0.0
5949,Li-Ion,5996,0.0,0.0,0.0,0.0
5949,H2,5996,56.920998245126285,678.5132316099382,0.0,0.0
5950,Li-Ion,5997,0.0,0.0,0.0,0.0
5950,H2,5997,56.920998245126285,677.2316450844169,0.0,0.0
5951,Li-Ion,5998,0.0,0.0,0.0,0.0
5951,H2,5998,56.920998245126285,676.5735763980477,0.0,0.0
5952,Li-Ion,5999,0.0,0.0,0.0,0.0
5952,H2,5999,56.920998245126285,674.341693792037,0.0,0.0
5953,Li-Ion,6000,0.0,4.412404559513875,0.0,0.0
5953,H2,6000,56.920998245126285,672.7257580367058,0.0,0.0
5954,Li-Ion,6001,0.0,9.770324381780721,0.0,0.0
5954,H2,6001,56.920998245126285,675.5218997866979,0.0,0.0
5955,Li-Ion,6002,0.0,15.128244204047569,0.0,0.0
5955,H2,6002,56.920998245126285,677.3918691156232,0.0,0.0
5956,Li-Ion,6003,0.0,0.0,0.0,0.0
5956,H2,6003,56.920998245126285,686.24672836447,0.0,0.0
5957,Li-Ion,6004,0.0,0.0,0.0,0.0
5957,H2,6004,56.920998245126285,689.1146432455388,0.0,0.0
5958,Li-Ion,6005,0.0,0.0,0.0,0.0
5958,H2,6005,56.920998245126285,694.2557800259838,0.0,0.0
5959,Li-Ion,6006,0.0,0.0,0.0,0.0
5959,H2,6006,56.920998245126285,696.5171404152546,0.0,0.0
5960,Li-Ion,6007,0.0,0.0,0.0,0.0
5960,H2,6007,56.920998245126285,695.0782755666551,0.0,0.0
5961,Li-Ion,6008,0.0,0.0,0.0,0.0
5961,H2,6008,56.920998245126285,694.7807579186587,0.0,0.0
5962,Li-Ion,6009,0.0,0.0,0.0,0.0
5962,H2,6009,56.920998245126285,694.1252304088164,0.0,0.0
5963,Li-Ion,6010,0.0,0.0,0.0,0.0
5963,H2,6010,56.920998245126285,697.5378845650063,0.0,0.0
5964,Li-Ion,6011,0.0,0.0,0.0,0.0
5964,H2,6011,56.920998245126285,698.1550060266495,0.0,0.0
5965,Li-Ion,6012,0.0,4.412404559513875,0.0,0.0
5965,H2,6012,56.920998245126285,697.0438103033816,0.0,0.0
5966,Li-Ion,6013,0.0,9.770324381780721,0.0,0.0
5966,H2,6013,56.920998245126285,695.508189297938,0.0,0.0
5967,Li-Ion,6014,0.0,15.128244204047569,0.0,0.0
5967,H2,6014,56.920998245126285,694.2498241486271,0.0,0.0
5968,Li-Ion,6015,0.0,0.0,0.0,0.0
5968,H2,6015,56.920998245126285,693.0641344645023,0.0,0.0
5969,Li-Ion,6016,0.0,0.0,0.0,0.0
5969,H2,6016,56.920998245126285,692.4123329210855,0.0,0.0
5970,Li-Ion,6017,0.0,0.0,0.0,0.0
5970,H2,6017,56.920998245126285,692.6444687926962,0.0,0.0
5971,Li-Ion,6018,0.0,0.0,0.0,0.0
5971,H2,6018,56.920998245126285,692.6313427530059,0.0,0.0
5972,Li-Ion,6019,0.0,0.0,0.0,0.0
5972,H2,6019,56.920998245126285,692.449662282162,0.0,0.0
5973,Li-Ion,6020,0.0,4.412404559513875,0.0,0.0
5973,H2,6020,56.920998245126285,692.449662282162,0.0,0.0
5974,Li-Ion,6021,0.0,9.770324381780721,0.0,0.0
5974,H2,6021,56.920998245126285,691.1155649672673,0.0,0.0
5975,Li-Ion,6022,0.0,15.128244204047569,0.0,0.0
5975,H2,6022,56.920998245126285,693.083372011912,0.0,0.0
5976,Li-Ion,6023,0.0,0.0,0.0,0.0
5976,H2,6023,56.920998245126285,693.3943648781079,0.0,0.0
5977,Li-Ion,6024,0.0,0.0,0.0,0.0
5977,H2,6024,56.920998245126285,694.1172233947816,0.0,0.0
5978,Li-Ion,6025,0.0,0.0,0.0,0.0
5978,H2,6025,56.920998245126285,693.8382982989074,0.0,0.0
5979,Li-Ion,6026,0.0,4.412404559513875,0.0,0.0
5979,H2,6026,56.920998245126285,690.571635438679,0.0,0.0
5980,Li-Ion,6027,0.0,9.770324381780721,0.0,0.0
5980,H2,6027,56.920998245126285,687.9701493447044,0.0,0.0
5981,Li-Ion,6028,0.0,15.128244204047569,0.0,0.0
5981,H2,6028,56.920998245126285,687.364618221722,0.0,0.0
5982,Li-Ion,6029,0.0,0.0,0.0,0.0
5982,H2,6029,56.920998245126285,704.3315141661949,0.0,0.0
5983,Li-Ion,6030,0.0,0.0,0.0,0.0
5983,H2,6030,56.920998245126285,704.6099308516071,0.0,0.0
5984,Li-Ion,6031,0.0,0.0,0.0,0.0
5984,H2,6031,56.920998245126285,702.8177311935686,0.0,0.0
5985,Li-Ion,6032,0.0,0.0,0.0,0.0
5985,H2,6032,56.920998245126285,699.7933380918522,0.0,0.0
5986,Li-Ion,6033,0.0,0.0,0.0,0.0
5986,H2,6033,56.920998245126285,699.1640638111447,0.0,0.0
5987,Li-Ion,6034,0.0,0.0,0.0,0.0
5987,H2,6034,56.920998245126285,698.271801871107,0.0,0.0
5988,Li-Ion,6035,0.0,0.0,0.0,0.0
5988,H2,6035,56.920998245126285,699.4331576426204,0.0,0.0
5989,Li-Ion,6036,0.0,4.412404559513875,0.0,0.0
5989,H2,6036,56.920998245126285,702.9770812927778,0.0,0.0
5990,Li-Ion,6037,0.0,9.770324381780721,0.0,0.0
5990,H2,6037,56.920998245126285,701.6454967665235,0.0,0.0
5991,Li-Ion,6038,0.0,15.128244204047569,0.0,0.0
5991,H2,6038,56.920998245126285,700.6797118708868,0.0,0.0
5992,Li-Ion,6039,0.0,0.0,0.0,0.0
5992,H2,6039,56.920998245126285,698.6635701258698,0.0,0.0
5993,Li-Ion,6040,0.0,0.0,0.0,0.0
5993,H2,6040,56.920998245126285,698.5157462943675,0.0,0.0
5994,Li-Ion,6041,0.0,0.0,0.0,0.0
5994,H2,6041,56.920998245126285,698.480056828695,0.0,0.0
5995,Li-Ion,6042,0.0,0.0,0.0,0.0
5995,H2,6042,56.920998245126285,698.2081831691396,0.0,0.0
5996,Li-Ion,6043,0.0,0.0,0.0,0.0
5996,H2,6043,56.920998245126285,698.2081831691396,0.0,0.0
5997,Li-Ion,6044,0.0,0.0,0.0,0.0
5997,H2,6044,56.920998245126285,699.8354004430829,0.0,0.0
5998,Li-Ion,6045,0.0,0.0,0.0,0.0
5998,H2,6045,56.920998245126285,698.9669281630715,0.0,0.0
5999,Li-Ion,6046,0.0,0.0,0.0,0.0
5999,H2,6046,56.920998245126285,699.6147971965693,0.0,0.0
6000,Li-Ion,6047,0.0,0.0,0.0,0.0
6000,H2,6047,56.920998245126285,703.2572955030488,0.0,0.0
6001,Li-Ion,6048,0.0,0.0,0.0,0.0
6001,H2,6048,56.920998245126285,704.32352352059,0.0,0.0
6002,Li-Ion,6049,0.0,0.0,0.0,0.0
6002,H2,6049,56.920998245126285,708.3283390077061,0.0,0.0
6003,Li-Ion,6050,0.0,0.0,0.0,0.0
6003,H2,6050,56.920998245126285,708.7586860857912,0.0,0.0
6004,Li-Ion,6051,0.0,0.0,0.0,0.0
6004,H2,6051,56.920998245126285,708.0712450884985,0.0,0.0
6005,Li-Ion,6052,0.0,0.0,0.0,0.0
6005,H2,6052,56.920998245126285,708.5833902600233,0.0,0.0
6006,Li-Ion,6053,0.0,0.0,0.0,0.0
6006,H2,6053,56.920998245126285,711.029610384163,0.0,0.0
6007,Li-Ion,6054,0.0,0.0,0.0,0.0
6007,H2,6054,56.920998245126285,717.7310125178337,0.0,0.0
6008,Li-Ion,6055,0.0,0.0,0.0,0.0
6008,H2,6055,56.920998245126285,717.5059911640916,0.0,0.0
6009,Li-Ion,6056,0.0,0.0,0.0,0.0
6009,H2,6056,56.920998245126285,717.2948142619455,0.0,0.0
6010,Li-Ion,6057,0.0,0.0,0.0,0.0
6010,H2,6057,56.920998245126285,717.2145385711937,0.0,0.0
6011,Li-Ion,6058,0.0,0.0,0.0,0.0
6011,H2,6058,56.920998245126285,720.9736898151635,0.0,0.0
6012,Li-Ion,6059,0.0,0.0,0.0,0.0
6012,H2,6059,56.920998245126285,720.1956050723238,0.0,0.0
6013,Li-Ion,6060,0.0,0.0,0.0,0.0
6013,H2,6060,56.920998245126285,717.1621396303647,0.0,0.0
6014,Li-Ion,6061,0.0,0.0,0.0,0.0
6014,H2,6061,56.920998245126285,717.1621396303647,0.0,0.0
6015,Li-Ion,6062,0.0,0.0,0.0,0.0
6015,H2,6062,56.920998245126285,716.6696718057914,0.0,0.0
6016,Li-Ion,6063,0.0,0.0,0.0,0.0
6016,H2,6063,56.920998245126285,716.1987573068477,0.0,0.0
6017,Li-Ion,6064,0.0,0.0,0.0,0.0
6017,H2,6064,56.920998245126285,716.3286088017928,0.0,0.0
6018,Li-Ion,6065,0.0,0.0,0.0,0.0
6018,H2,6065,56.920998245126285,716.4004165121387,0.0,0.0
6019,Li-Ion,6066,0.0,0.0,0.0,0.0
6019,H2,6066,56.920998245126285,715.5145424088217,0.0,0.0
6020,Li-Ion,6067,0.0,0.0,0.0,0.0
6020,H2,6067,56.920998245126285,720.1848466127327,0.0,0.0
6021,Li-Ion,6068,0.0,0.0,0.0,0.0
6021,H2,6068,56.920998245126285,721.1236058446019,0.0,0.0
6022,Li-Ion,6069,0.0,0.0,0.0,0.0
6022,H2,6069,56.920998245126285,721.7655659437593,0.0,0.0
6023,Li-Ion,6070,0.0,0.0,0.0,0.0
6023,H2,6070,56.920998245126285,722.6467495772204,0.0,0.0
6024,Li-Ion,6071,0.0,0.0,0.0,0.0
6024,H2,6071,56.920998245126285,721.7221433990574,0.0,0.0
6025,Li-Ion,6072,0.0,0.0,0.0,0.0
6025,H2,6072,56.920998245126285,724.9120665020097,0.0,0.0
6026,Li-Ion,6073,0.0,0.0,0.0,0.0
6026,H2,6073,56.920998245126285,724.3023372679562,0.0,0.0
6027,Li-Ion,6074,0.0,4.412404559513875,0.0,0.0
6027,H2,6074,56.920998245126285,722.6787363693461,0.0,0.0
6028,Li-Ion,6075,0.0,0.0,0.0,0.0
6028,H2,6075,56.920998245126285,728.131274751661,0.0,0.0
6029,Li-Ion,6076,0.0,0.0,0.0,0.0
6029,H2,6076,56.920998245126285,727.8177053741721,0.0,0.0
6030,Li-Ion,6077,0.0,0.0,0.0,0.0
6030,H2,6077,56.920998245126285,727.5434032941739,0.0,0.0
6031,Li-Ion,6078,0.0,0.0,0.0,0.0
6031,H2,6078,56.920998245126285,727.8024887899946,0.0,0.0
6032,Li-Ion,6079,0.0,0.0,0.0,0.0
6032,H2,6079,56.920998245126285,727.7687725855819,0.0,0.0
6033,Li-Ion,6080,0.0,0.0,0.0,0.0
6033,H2,6080,56.920998245126285,727.5543258883354,0.0,0.0
6034,Li-Ion,6081,0.0,0.0,0.0,0.0
6034,H2,6081,56.920998245126285,727.340182769744,0.0,0.0
6035,Li-Ion,6082,0.0,0.0,0.0,0.0
6035,H2,6082,56.920998245126285,727.1800893009204,0.0,0.0
6036,Li-Ion,6083,0.0,0.0,0.0,0.0
6036,H2,6083,56.920998245126285,726.9018594632681,0.0,0.0
6037,Li-Ion,6084,0.0,0.0,0.0,0.0
6037,H2,6084,56.920998245126285,726.4641053667709,0.0,0.0
6038,Li-Ion,6085,0.0,0.0,0.0,0.0
6038,H2,6085,56.920998245126285,726.033896464771,0.0,0.0
6039,Li-Ion,6086,0.0,0.0,0.0,0.0
6039,H2,6086,56.920998245126285,726.8225552343994,0.0,0.0
6040,Li-Ion,6087,0.0,0.0,0.0,0.0
6040,H2,6087,56.920998245126285,724.40832580622,0.0,0.0
6041,Li-Ion,6088,0.0,0.0,0.0,0.0
6041,H2,6088,56.920998245126285,719.480707839897,0.0,0.0
6042,Li-Ion,6089,0.0,0.0,0.0,0.0
6042,H2,6089,56.920998245126285,717.1592545113461,0.0,0.0
6043,Li-Ion,6090,0.0,0.0,0.0,0.0
6043,H2,6090,56.920998245126285,717.1592545113461,0.0,0.0
6044,Li-Ion,6091,0.0,0.0,0.0,0.0
6044,H2,6091,56.920998245126285,719.2055167650599,0.0,0.0
6045,Li-Ion,6092,0.0,4.412404559513875,0.0,0.0
6045,H2,6092,56.920998245126285,717.1592545113461,0.0,0.0
6046,Li-Ion,6093,0.0,0.0,0.0,0.0
6046,H2,6093,56.920998245126285,715.8751216441945,0.0,0.0
6047,Li-Ion,6094,0.0,0.0,0.0,0.0
6047,H2,6094,56.920998245126285,716.1073521189339,0.0,0.0
6048,Li-Ion,6095,0.0,0.0,0.0,0.0
6048,H2,6095,56.920998245126285,713.2201791135002,0.0,0.0
6049,Li-Ion,6096,0.0,0.0,0.0,0.0
6049,H2,6096,56.920998245126285,714.0321914841651,0.0,0.0
6050,Li-Ion,6097,0.0,0.0,0.0,0.0
6050,H2,6097,56.920998245126285,714.4116568617688,0.0,0.0
6051,Li-Ion,6098,0.0,0.0,0.0,0.0
6051,H2,6098,56.920998245126285,711.7182395317927,0.0,0.0
6052,Li-Ion,6099,0.0,0.0,0.0,0.0
6052,H2,6099,56.920998245126285,710.4888855386432,0.0,0.0
6053,Li-Ion,6100,0.0,0.0,0.0,0.0
6053,H2,6100,56.920998245126285,709.3632308256224,0.0,0.0
6054,Li-Ion,6101,0.0,0.0,0.0,0.0
6054,H2,6101,56.920998245126285,710.220014921446,0.0,0.0
6055,Li-Ion,6102,0.0,0.0,0.0,0.0
6055,H2,6102,56.920998245126285,709.9010458821558,0.0,0.0
6056,Li-Ion,6103,0.0,0.0,0.0,0.0
6056,H2,6103,56.920998245126285,704.8289232782395,0.0,0.0
6057,Li-Ion,6104,0.0,0.0,0.0,0.0
6057,H2,6104,56.920998245126285,703.8925460095273,0.0,0.0
6058,Li-Ion,6105,0.0,0.0,0.0,0.0
6058,H2,6105,56.920998245126285,700.9899835952917,0.0,0.0
6059,Li-Ion,6106,0.0,0.0,0.0,0.0
6059,H2,6106,56.920998245126285,702.7188524658537,0.0,0.0
6060,Li-Ion,6107,0.0,4.412404559513875,0.0,0.0
6060,H2,6107,56.920998245126285,702.9963773016041,0.0,0.0
6061,Li-Ion,6108,0.0,9.770324381780721,0.0,0.0
6061,H2,6108,56.920998245126285,698.0260420910132,0.0,0.0
6062,Li-Ion,6109,0.0,15.128244204047569,0.0,0.0
6062,H2,6109,56.920998245126285,696.2922537937174,0.0,0.0
6063,Li-Ion,6110,0.0,16.18128491498018,0.0,0.0
6063,H2,6110,56.920998245126285,695.2837089738068,0.0,0.0
6064,Li-Ion,6111,0.0,16.18128491498018,0.0,0.0
6064,H2,6111,56.920998245126285,694.2188932426011,0.0,0.0
6065,Li-Ion,6112,0.0,0.0,0.0,0.0
6065,H2,6112,56.920998245126285,690.2840857409321,0.0,0.0
6066,Li-Ion,6113,0.0,0.0,0.0,0.0
6066,H2,6113,56.920998245126285,686.1893796617074,0.0,0.0
6067,Li-Ion,6114,0.0,0.0,0.0,0.0
6067,H2,6114,56.920998245126285,685.1762853746981,0.0,0.0
6068,Li-Ion,6115,0.0,4.412404559513875,0.0,0.0
6068,H2,6115,56.920998245126285,686.4242761478735,0.0,0.0
6069,Li-Ion,6116,0.0,9.770324381780721,0.0,0.0
6069,H2,6116,56.920998245126285,686.4091029583177,0.0,0.0
6070,Li-Ion,6117,0.0,15.128244204047569,0.0,0.0
6070,H2,6117,56.920998245126285,685.9561990516194,0.0,0.0
6071,Li-Ion,6118,0.0,16.18128491498018,0.0,0.0
6071,H2,6118,56.920998245126285,687.4520250911235,0.0,0.0
6072,Li-Ion,6119,0.0,0.0,0.0,0.0
6072,H2,6119,56.920998245126285,685.2520189274601,0.0,0.0
6073,Li-Ion,6120,0.0,0.0,0.0,0.0
6073,H2,6120,56.920998245126285,686.9764031566223,0.0,0.0
6074,Li-Ion,6121,0.0,0.0,0.0,0.0
6074,H2,6121,56.920998245126285,688.9425809930116,0.0,0.0
6075,Li-Ion,6122,0.0,0.0,0.0,0.0
6075,H2,6122,56.920998245126285,691.20373647002,0.0,0.0
6076,Li-Ion,6123,0.0,0.0,0.0,0.0
6076,H2,6123,56.920998245126285,692.6300820831207,0.0,0.0
6077,Li-Ion,6124,0.0,0.0,0.0,0.0
6077,H2,6124,56.920998245126285,691.3038865723242,0.0,0.0
6078,Li-Ion,6125,0.0,0.0,0.0,0.0
6078,H2,6125,56.920998245126285,689.3683308082594,0.0,0.0
6079,Li-Ion,6126,0.0,0.0,0.0,0.0
6079,H2,6126,56.920998245126285,684.7497701054054,0.0,0.0
6080,Li-Ion,6127,0.0,0.0,0.0,0.0
6080,H2,6127,56.920998245126285,683.3355703376457,0.0,0.0
6081,Li-Ion,6128,0.0,0.0,0.0,0.0
6081,H2,6128,56.920998245126285,680.9595819797653,0.0,0.0
6082,Li-Ion,6129,0.0,0.0,0.0,0.0
6082,H2,6129,56.920998245126285,680.6319889878378,0.0,0.0
6083,Li-Ion,6130,0.0,0.0,0.0,0.0
6083,H2,6130,56.920998245126285,681.3990943026415,0.0,0.0
6084,Li-Ion,6131,0.0,0.0,0.0,0.0
6084,H2,6131,56.920998245126285,683.830686413802,0.0,0.0
6085,Li-Ion,6132,0.0,4.412404559513875,0.0,0.0
6085,H2,6132,56.920998245126285,685.5078543156089,0.0,0.0
6086,Li-Ion,6133,0.0,9.770324381780721,0.0,0.0
6086,H2,6133,56.920998245126285,679.2901318956125,0.0,0.0
6087,Li-Ion,6134,0.0,15.128244204047569,0.0,0.0
6087,H2,6134,56.920998245126285,678.8073702430222,0.0,0.0
6088,Li-Ion,6135,0.0,16.18128491498018,0.0,0.0
6088,H2,6135,56.920998245126285,677.5706194074123,0.0,0.0
6089,Li-Ion,6136,0.0,16.18128491498018,0.0,0.0
6089,H2,6136,56.920998245126285,677.5179611598152,0.0,0.0
6090,Li-Ion,6137,0.0,0.0,0.0,0.0
6090,H2,6137,56.920998245126285,674.7972196802256,0.0,0.0
6091,Li-Ion,6138,0.0,0.0,0.0,0.0
6091,H2,6138,56.920998245126285,675.8535110465021,0.0,0.0
6092,Li-Ion,6139,0.0,0.0,0.0,0.0
6092,H2,6139,56.920998245126285,676.4726146088971,0.0,0.0
6093,Li-Ion,6140,0.0,4.412404559513875,0.0,0.0
6093,H2,6140,56.920998245126285,675.4562431733497,0.0,0.0
6094,Li-Ion,6141,0.0,9.770324381780721,0.0,0.0
6094,H2,6141,56.920998245126285,679.0460523391912,0.0,0.0
6095,Li-Ion,6142,0.0,15.128244204047569,0.0,0.0
6095,H2,6142,56.920998245126285,679.8161509337066,0.0,0.0
6096,Li-Ion,6143,0.0,0.0,0.0,0.0
6096,H2,6143,56.920998245126285,677.9310664567491,0.0,0.0
6097,Li-Ion,6144,0.0,0.0,0.0,0.0
6097,H2,6144,56.920998245126285,680.6345243688942,0.0,0.0
6098,Li-Ion,6145,0.0,0.0,0.0,0.0
6098,H2,6145,56.920998245126285,681.0910085833353,0.0,0.0
6099,Li-Ion,6146,0.0,4.412404559513875,0.0,0.0
6099,H2,6146,56.920998245126285,677.8282569772316,0.0,0.0
6100,Li-Ion,6147,0.0,9.770324381780721,0.0,0.0
6100,H2,6147,56.920998245126285,676.1446832546068,0.0,0.0
6101,Li-Ion,6148,0.0,15.128244204047569,0.0,0.0
6101,H2,6148,56.920998245126285,675.4347535783141,0.0,0.0
6102,Li-Ion,6149,0.0,16.18128491498018,0.0,0.0
6102,H2,6149,56.920998245126285,676.5398083805895,0.0,0.0
6103,Li-Ion,6150,0.0,0.0,0.0,0.0
6103,H2,6150,56.920998245126285,684.8029697501967,0.0,0.0
6104,Li-Ion,6151,0.0,0.0,0.0,0.0
6104,H2,6151,56.920998245126285,684.1945574841433,0.0,0.0
6105,Li-Ion,6152,0.0,0.0,0.0,0.0
6105,H2,6152,56.920998245126285,685.656254480672,0.0,0.0
6106,Li-Ion,6153,0.0,0.0,0.0,0.0
6106,H2,6153,56.920998245126285,685.2398015982736,0.0,0.0
6107,Li-Ion,6154,0.0,0.0,0.0,0.0
6107,H2,6154,56.920998245126285,692.4362441176673,0.0,0.0
6108,Li-Ion,6155,0.0,4.412404559513875,0.0,0.0
6108,H2,6155,56.920998245126285,695.3646207484237,0.0,0.0
6109,Li-Ion,6156,0.0,9.770324381780721,0.0,0.0
6109,H2,6156,56.920998245126285,699.0100817859551,0.0,0.0
6110,Li-Ion,6157,0.0,15.128244204047569,0.0,0.0
6110,H2,6157,56.920998245126285,701.2987048427481,0.0,0.0
6111,Li-Ion,6158,0.0,16.18128491498018,0.0,0.0
6111,H2,6158,56.920998245126285,705.6971448842438,0.0,0.0
6112,Li-Ion,6159,0.0,16.18128491498018,0.0,0.0
6112,H2,6159,56.920998245126285,705.3706017684996,0.0,0.0
6113,Li-Ion,6160,0.0,16.18128491498018,0.0,0.0
6113,H2,6160,56.920998245126285,704.8905589493844,0.0,0.0
6114,Li-Ion,6161,0.0,0.0,0.0,0.0
6114,H2,6161,56.920998245126285,698.9310632866928,0.0,0.0
6115,Li-Ion,6162,0.0,0.0,0.0,0.0
6115,H2,6162,56.920998245126285,696.079340266419,0.0,0.0
6116,Li-Ion,6163,0.0,0.0,0.0,0.0
6116,H2,6163,56.920998245126285,698.7649313800194,0.0,0.0
6117,Li-Ion,6164,0.0,0.0,0.0,0.0
6117,H2,6164,56.920998245126285,698.7649313800194,0.0,0.0
6118,Li-Ion,6165,0.0,4.412404559513875,0.0,0.0
6118,H2,6165,56.920998245126285,698.5210396329817,0.0,0.0
6119,Li-Ion,6166,0.0,9.770324381780721,0.0,0.0
6119,H2,6166,56.920998245126285,695.8076001952043,0.0,0.0
6120,Li-Ion,6167,0.0,0.0,0.0,0.0
6120,H2,6167,56.920998245126285,694.5045847249264,0.0,0.0
6121,Li-Ion,6168,0.0,0.0,0.0,0.0
6121,H2,6168,56.920998245126285,694.1061042812354,0.0,0.0
6122,Li-Ion,6169,0.0,0.0,0.0,0.0
6122,H2,6169,56.920998245126285,693.6813092229979,0.0,0.0
6123,Li-Ion,6170,0.0,0.0,0.0,0.0
6123,H2,6170,56.920998245126285,693.496521470537,0.0,0.0
6124,Li-Ion,6171,0.0,0.0,0.0,0.0
6124,H2,6171,56.920998245126285,691.4651612210417,0.0,0.0
6125,Li-Ion,6172,0.0,0.0,0.0,0.0
6125,H2,6172,56.920998245126285,688.4918964687682,0.0,0.0
6126,Li-Ion,6173,0.0,0.0,0.0,0.0
6126,H2,6173,56.920998245126285,688.6603316478336,0.0,0.0
6127,Li-Ion,6174,0.0,0.0,0.0,0.0
6127,H2,6174,56.920998245126285,686.3991283651185,0.0,0.0
6128,Li-Ion,6175,0.0,0.0,0.0,0.0
6128,H2,6175,56.920998245126285,685.4186202767287,0.0,0.0
6129,Li-Ion,6176,0.0,0.0,0.0,0.0
6129,H2,6176,56.920998245126285,685.2818011714838,0.0,0.0
6130,Li-Ion,6177,0.0,0.0,0.0,0.0
6130,H2,6177,56.920998245126285,685.27066995412,0.0,0.0
6131,Li-Ion,6178,0.0,0.0,0.0,0.0
6131,H2,6178,56.920998245126285,692.3343663818952,0.0,0.0
6132,Li-Ion,6179,0.0,4.412404559513875,0.0,0.0
6132,H2,6179,56.920998245126285,692.7448966160322,0.0,0.0
6133,Li-Ion,6180,0.0,9.770324381780721,0.0,0.0
6133,H2,6180,56.920998245126285,698.6263427690984,0.0,0.0
6134,Li-Ion,6181,0.0,0.0,0.0,0.0
6134,H2,6181,56.920998245126285,695.2010129668289,0.0,0.0
6135,Li-Ion,6182,0.0,0.0,0.0,0.0
6135,H2,6182,56.920998245126285,699.1752686617988,0.0,0.0
6136,Li-Ion,6183,0.0,0.0,0.0,0.0
6136,H2,6183,56.920998245126285,698.8447865853075,0.0,0.0
6137,Li-Ion,6184,0.0,0.0,0.0,0.0
6137,H2,6184,56.920998245126285,698.7621562700473,0.0,0.0
6138,Li-Ion,6185,0.0,0.0,0.0,0.0
6138,H2,6185,56.920998245126285,699.9496168296617,0.0,0.0
6139,Li-Ion,6186,0.0,0.0,0.0,0.0
6139,H2,6186,56.920998245126285,696.9597212493045,0.0,0.0
6140,Li-Ion,6187,0.0,0.0,0.0,0.0
6140,H2,6187,56.920998245126285,698.2462686171227,0.0,0.0
6141,Li-Ion,6188,0.0,0.0,0.0,0.0
6141,H2,6188,56.920998245126285,699.9921838986439,0.0,0.0
6142,Li-Ion,6189,0.0,4.412404559513875,0.0,0.0
6142,H2,6189,56.920998245126285,704.4395166958891,0.0,0.0
6143,Li-Ion,6190,0.0,9.770324381780721,0.0,0.0
6143,H2,6190,56.920998245126285,704.905543235465,0.0,0.0
6144,Li-Ion,6191,0.0,15.128244204047569,0.0,0.0
6144,H2,6191,56.920998245126285,703.757118477711,0.0,0.0
6145,Li-Ion,6192,0.0,16.18128491498018,0.0,0.0
6145,H2,6192,56.920998245126285,708.4209812261042,0.0,0.0
6146,Li-Ion,6193,0.0,16.18128491498018,0.0,0.0
6146,H2,6193,56.920998245126285,710.926775958708,0.0,0.0
6147,Li-Ion,6194,0.0,16.18128491498018,0.0,0.0
6147,H2,6194,56.920998245126285,712.7449278776477,0.0,0.0
6148,Li-Ion,6195,0.0,16.18128491498018,0.0,0.0
6148,H2,6195,56.920998245126285,716.0669270444752,0.0,0.0
6149,Li-Ion,6196,0.0,0.0,0.0,0.0
6149,H2,6196,56.920998245126285,721.1730573840539,0.0,0.0
6150,Li-Ion,6197,0.0,0.0,0.0,0.0
6150,H2,6197,56.920998245126285,723.8081359688923,0.0,0.0
6151,Li-Ion,6198,0.0,0.0,0.0,0.0
6151,H2,6198,56.920998245126285,725.0487220513514,0.0,0.0
6152,Li-Ion,6199,0.0,0.0,0.0,0.0
6152,H2,6199,56.920998245126285,724.9797527755833,0.0,0.0
6153,Li-Ion,6200,0.0,0.0,0.0,0.0
6153,H2,6200,56.920998245126285,724.9312687344976,0.0,0.0
6154,Li-Ion,6201,0.0,0.0,0.0,0.0
6154,H2,6201,56.920998245126285,729.1468884341575,0.0,0.0
6155,Li-Ion,6202,0.0,0.0,0.0,0.0
6155,H2,6202,56.920998245126285,729.2438201056802,0.0,0.0
6156,Li-Ion,6203,0.0,0.0,0.0,0.0
6156,H2,6203,56.920998245126285,733.1663330768911,0.0,0.0
6157,Li-Ion,6204,0.0,0.0,0.0,0.0
6157,H2,6204,56.920998245126285,735.4808865873599,0.0,0.0
6158,Li-Ion,6205,0.0,0.0,0.0,0.0
6158,H2,6205,56.920998245126285,739.1903963966204,0.0,0.0
6159,Li-Ion,6206,0.0,0.0,0.0,0.0
6159,H2,6206,56.920998245126285,738.7396959353824,0.0,0.0
6160,Li-Ion,6207,0.0,0.0,0.0,0.0
6160,H2,6207,56.920998245126285,742.490412927044,0.0,0.0
6161,Li-Ion,6208,0.0,0.0,0.0,0.0
6161,H2,6208,56.920998245126285,741.4482958088001,0.0,0.0
6162,Li-Ion,6209,0.0,0.0,0.0,0.0
6162,H2,6209,56.920998245126285,738.6605456655915,0.0,0.0
6163,Li-Ion,6210,0.0,0.0,0.0,0.0
6163,H2,6210,56.920998245126285,735.9012876441009,0.0,0.0
6164,Li-Ion,6211,0.0,0.0,0.0,0.0
6164,H2,6211,56.920998245126285,738.2394751162843,0.0,0.0
6165,Li-Ion,6212,0.0,0.0,0.0,0.0
6165,H2,6212,56.920998245126285,735.9487108655952,0.0,0.0
6166,Li-Ion,6213,0.0,0.0,0.0,0.0
6166,H2,6213,56.920998245126285,740.2353489969471,0.0,0.0
6167,Li-Ion,6214,0.0,0.0,0.0,0.0
6167,H2,6214,56.920998245126285,739.1572838527225,0.0,0.0
6168,Li-Ion,6215,0.0,4.412404559513875,0.0,0.0
6168,H2,6215,56.920998245126285,737.4456204810915,0.0,0.0
6169,Li-Ion,6216,0.0,9.770324381780721,0.0,0.0
6169,H2,6216,56.920998245126285,734.4383831296402,0.0,0.0
6170,Li-Ion,6217,0.0,15.128244204047569,0.0,0.0
6170,H2,6217,56.920998245126285,730.9996724132876,0.0,0.0
6171,Li-Ion,6218,0.0,0.0,0.0,0.0
6171,H2,6218,56.920998245126285,740.3112020045141,0.0,0.0
6172,Li-Ion,6219,0.0,0.0,0.0,0.0
6172,H2,6219,56.920998245126285,740.3762110526188,0.0,0.0
6173,Li-Ion,6220,0.0,0.0,0.0,0.0
6173,H2,6220,56.920998245126285,737.8676823297238,0.0,0.0
6174,Li-Ion,6221,0.0,0.0,0.0,0.0
6174,H2,6221,56.920998245126285,740.1077587421945,0.0,0.0
6175,Li-Ion,6222,0.0,0.0,0.0,0.0
6175,H2,6222,56.920998245126285,741.1259983716901,0.0,0.0
6176,Li-Ion,6223,0.0,0.0,0.0,0.0
6176,H2,6223,56.920998245126285,740.650752311254,0.0,0.0
6177,Li-Ion,6224,0.0,0.0,0.0,0.0
6177,H2,6224,56.920998245126285,740.38374223474,0.0,0.0
6178,Li-Ion,6225,0.0,0.0,0.0,0.0
6178,H2,6225,56.920998245126285,744.4565977471539,0.0,0.0
6179,Li-Ion,6226,0.0,0.0,0.0,0.0
6179,H2,6226,56.920998245126285,745.7668553800712,0.0,0.0
6180,Li-Ion,6227,0.0,0.0,0.0,0.0
6180,H2,6227,56.920998245126285,745.275494352679,0.0,0.0
6181,Li-Ion,6228,0.0,0.0,0.0,0.0
6181,H2,6228,56.920998245126285,747.6750209683654,0.0,0.0
6182,Li-Ion,6229,0.0,0.0,0.0,0.0
6182,H2,6229,56.920998245126285,744.2714827974401,0.0,0.0
6183,Li-Ion,6230,0.0,0.0,0.0,0.0
6183,H2,6230,56.920998245126285,743.7578719844307,0.0,0.0
6184,Li-Ion,6231,0.0,0.0,0.0,0.0
6184,H2,6231,56.920998245126285,743.0237531134153,0.0,0.0
6185,Li-Ion,6232,0.0,0.0,0.0,0.0
6185,H2,6232,56.920998245126285,740.5637627234566,0.0,0.0
6186,Li-Ion,6233,0.0,0.0,0.0,0.0
6186,H2,6233,56.920998245126285,739.7442031881843,0.0,0.0
6187,Li-Ion,6234,0.0,0.0,0.0,0.0
6187,H2,6234,56.920998245126285,737.1611662515843,0.0,0.0
6188,Li-Ion,6235,0.0,0.0,0.0,0.0
6188,H2,6235,56.920998245126285,737.1611662515843,0.0,0.0
6189,Li-Ion,6236,0.0,0.0,0.0,0.0
6189,H2,6236,56.920998245126285,741.6265409892478,0.0,0.0
6190,Li-Ion,6237,0.0,4.412404559513875,0.0,0.0
6190,H2,6237,56.920998245126285,746.6046475678085,0.0,0.0
6191,Li-Ion,6238,0.0,0.0,0.0,0.0
6191,H2,6238,56.920998245126285,747.9708878641079,0.0,0.0
6192,Li-Ion,6239,0.0,0.0,0.0,0.0
6192,H2,6239,56.920998245126285,751.3039104682844,0.0,0.0
6193,Li-Ion,6240,0.0,0.0,0.0,0.0
6193,H2,6240,56.920998245126285,750.6310853158482,0.0,0.0
6194,Li-Ion,6241,0.0,4.412404559513875,0.0,0.0
6194,H2,6241,56.920998245126285,751.8783531282807,0.0,0.0
6195,Li-Ion,6242,0.0,9.770324381780721,0.0,0.0
6195,H2,6242,56.920998245126285,751.4970534264547,0.0,0.0
6196,Li-Ion,6243,0.0,15.128244204047569,0.0,0.0
6196,H2,6243,56.920998245126285,750.8491721650653,0.0,0.0
6197,Li-Ion,6244,0.0,0.0,0.0,0.0
6197,H2,6244,56.920998245126285,761.0040653762219,0.0,0.0
6198,Li-Ion,6245,0.0,0.0,0.0,0.0
6198,H2,6245,56.920998245126285,762.6385762437591,0.0,0.0
6199,Li-Ion,6246,0.0,0.0,0.0,0.0
6199,H2,6246,56.920998245126285,767.188339393647,0.0,0.0
6200,Li-Ion,6247,0.0,0.0,0.0,0.0
6200,H2,6247,56.920998245126285,771.7411156458446,0.0,0.0
6201,Li-Ion,6248,0.0,0.0,0.0,0.0
6201,H2,6248,56.920998245126285,771.420625129542,0.0,0.0
6202,Li-Ion,6249,0.0,0.0,0.0,0.0
6202,H2,6249,56.920998245126285,774.6714911078546,0.0,0.0
6203,Li-Ion,6250,0.0,4.412404559513875,0.0,0.0
6203,H2,6250,56.920998245126285,774.9350513254577,0.0,0.0
6204,Li-Ion,6251,0.0,9.770324381780721,0.0,0.0
6204,H2,6251,56.920998245126285,774.594189416468,0.0,0.0
6205,Li-Ion,6252,0.0,15.128244204047569,0.0,0.0
6205,H2,6252,56.920998245126285,773.0734462102142,0.0,0.0
6206,Li-Ion,6253,0.0,14.182728941294595,0.0,0.0
6206,H2,6253,56.920998245126285,779.5514448874023,0.0,0.0
6207,Li-Ion,6254,0.0,16.18128491498018,0.0,0.0
6207,H2,6254,56.920998245126285,777.776991689036,0.0,0.0
6208,Li-Ion,6255,0.0,16.18128491498018,0.0,0.0
6208,H2,6255,56.920998245126285,768.2646838342516,0.0,0.0
6209,Li-Ion,6256,0.0,16.18128491498018,0.0,0.0
6209,H2,6256,56.920998245126285,765.3387033258144,0.0,0.0
6210,Li-Ion,6257,0.0,16.18128491498018,0.0,0.0
6210,H2,6257,56.920998245126285,762.2664114387437,0.0,0.0
6211,Li-Ion,6258,0.0,0.0,0.0,0.0
6211,H2,6258,56.920998245126285,755.567265355894,0.0,0.0
6212,Li-Ion,6259,0.0,0.0,0.0,0.0
6212,H2,6259,56.920998245126285,751.2806272245422,0.0,0.0
6213,Li-Ion,6260,0.0,0.0,0.0,0.0
6213,H2,6260,56.920998245126285,756.1887655604137,0.0,0.0
6214,Li-Ion,6261,0.0,0.0,0.0,0.0
6214,H2,6261,56.920998245126285,754.4247178038049,0.0,0.0
6215,Li-Ion,6262,0.0,4.412404559513875,0.0,0.0
6215,H2,6262,56.920998245126285,753.8825276370146,0.0,0.0
6216,Li-Ion,6263,0.0,9.770324381780721,0.0,0.0
6216,H2,6263,56.920998245126285,750.0897187977284,0.0,0.0
6217,Li-Ion,6264,0.0,15.128244204047569,0.0,0.0
6217,H2,6264,56.920998245126285,746.3061924127713,0.0,0.0
6218,Li-Ion,6265,0.0,16.18128491498018,0.0,0.0
6218,H2,6265,56.920998245126285,746.9652617974973,0.0,0.0
6219,Li-Ion,6266,0.0,16.18128491498018,0.0,0.0
6219,H2,6266,56.920998245126285,747.7665068686593,0.0,0.0
6220,Li-Ion,6267,0.0,16.18128491498018,0.0,0.0
6220,H2,6267,56.920998245126285,747.5292087344429,0.0,0.0
6221,Li-Ion,6268,0.0,0.0,0.0,0.0
6221,H2,6268,56.920998245126285,754.0264410692666,0.0,0.0
6222,Li-Ion,6269,0.0,0.0,0.0,0.0
6222,H2,6269,56.920998245126285,755.3970226878371,0.0,0.0
6223,Li-Ion,6270,0.0,0.0,0.0,0.0
6223,H2,6270,56.920998245126285,758.0463636983634,0.0,0.0
6224,Li-Ion,6271,0.0,0.0,0.0,0.0
6224,H2,6271,56.920998245126285,760.1459742598897,0.0,0.0
6225,Li-Ion,6272,0.0,0.0,0.0,0.0
6225,H2,6272,56.920998245126285,759.2432573235693,0.0,0.0
6226,Li-Ion,6273,0.0,0.0,0.0,0.0
6226,H2,6273,56.920998245126285,761.9841997530561,0.0,0.0
6227,Li-Ion,6274,0.0,4.412404559513875,0.0,0.0
6227,H2,6274,56.920998245126285,762.7063724506028,0.0,0.0
6228,Li-Ion,6275,0.0,3.466889296760902,0.0,0.0
6228,H2,6275,56.920998245126285,771.7198061408253,0.0,0.0
6229,Li-Ion,6276,0.0,8.824809119027748,0.0,0.0
6229,H2,6276,56.920998245126285,782.3827407795897,0.0,0.0
6230,Li-Ion,6277,0.0,21.539204737247026,0.0,0.0
6230,H2,6277,56.920998245126285,787.725699815989,0.0,0.0
6231,Li-Ion,6278,0.0,21.539204737247026,0.0,0.0
6231,H2,6278,56.920998245126285,796.7028305586728,0.0,0.0
6232,Li-Ion,6279,0.0,21.539204737247026,0.0,0.0
6232,H2,6279,56.920998245126285,805.2906400120768,0.0,0.0
6233,Li-Ion,6280,0.0,16.18128491498018,0.0,0.0
6233,H2,6280,56.920998245126285,807.1340570253403,0.0,0.0
6234,Li-Ion,6281,0.0,16.18128491498018,0.0,0.0
6234,H2,6281,56.920998245126285,761.0254790772306,0.0,0.0
6235,Li-Ion,6282,0.0,16.18128491498018,0.0,0.0
6235,H2,6282,56.920998245126285,757.4735771865527,0.0,0.0
6236,Li-Ion,6283,0.0,16.18128491498018,0.0,0.0
6236,H2,6283,56.920998245126285,754.6012546664132,0.0,0.0
6237,Li-Ion,6284,0.0,16.18128491498018,0.0,0.0
6237,H2,6284,56.920998245126285,751.878003908055,0.0,0.0
6238,Li-Ion,6285,0.0,16.18128491498018,0.0,0.0
6238,H2,6285,56.920998245126285,751.878003908055,0.0,0.0
6239,Li-Ion,6286,0.0,16.18128491498018,0.0,0.0
6239,H2,6286,56.920998245126285,755.1904340219735,0.0,0.0
6240,Li-Ion,6287,0.0,16.18128491498018,0.0,0.0
6240,H2,6287,56.920998245126285,755.754758797306,0.0,0.0
6241,Li-Ion,6288,0.0,16.18128491498018,0.0,0.0
6241,H2,6288,56.920998245126285,760.3954865067177,0.0,0.0
6242,Li-Ion,6289,0.0,16.18128491498018,0.0,0.0
6242,H2,6289,56.920998245126285,763.1804704474008,0.0,0.0
6243,Li-Ion,6290,0.0,16.18128491498018,0.0,0.0
6243,H2,6290,56.920998245126285,768.0345458169933,0.0,0.0
6244,Li-Ion,6291,0.0,16.18128491498018,0.0,0.0
6244,H2,6291,56.920998245126285,768.887543555247,0.0,0.0
6245,Li-Ion,6292,0.0,16.18128491498018,0.0,0.0
6245,H2,6292,56.920998245126285,768.887543555247,0.0,0.0
6246,Li-Ion,6293,0.0,15.235769652227205,0.0,0.0
6246,H2,6293,56.920998245126285,770.9030225874227,0.0,0.0
6247,Li-Ion,6294,0.0,20.593689474494052,0.0,0.0
6247,H2,6294,56.920998245126285,779.8653994416853,0.0,0.0
6248,Li-Ion,6295,0.0,21.539204737247026,0.0,0.0
6248,H2,6295,56.920998245126285,794.3607345123244,0.0,0.0
6249,Li-Ion,6296,0.0,21.539204737247026,0.0,0.0
6249,H2,6296,56.920998245126285,805.6953709337846,0.0,0.0
6250,Li-Ion,6297,0.0,21.539204737247026,0.0,0.0
6250,H2,6297,56.920998245126285,814.8601610686839,0.0,0.0
6251,Li-Ion,6298,0.0,21.539204737247026,0.0,0.0
6251,H2,6298,56.920998245126285,825.99622233367,0.0,0.0
6252,Li-Ion,6299,0.0,21.539204737247026,0.0,0.0
6252,H2,6299,56.920998245126285,839.1510254440917,0.0,0.0
6253,Li-Ion,6300,0.0,21.539204737247026,0.0,0.0
6253,H2,6300,56.920998245126285,854.2662010788976,0.0,0.0
6254,Li-Ion,6301,0.0,21.539204737247026,0.0,0.0
6254,H2,6301,56.920998245126285,863.4887217881009,0.0,0.0
6255,Li-Ion,6302,0.0,21.539204737247026,0.0,0.0
6255,H2,6302,56.920998245126285,878.8671570381159,0.0,0.0
6256,Li-Ion,6303,0.0,16.18128491498018,0.0,0.0
6256,H2,6303,56.920998245126285,879.8514061138562,0.0,0.0
6257,Li-Ion,6304,0.0,16.18128491498018,0.0,0.0
6257,H2,6304,56.920998245126285,790.6291551212914,0.0,0.0
6258,Li-Ion,6305,0.0,16.18128491498018,0.0,0.0
6258,H2,6305,56.920998245126285,791.2059983821293,0.0,0.0
6259,Li-Ion,6306,0.0,0.0,0.0,0.0
6259,H2,6306,56.920998245126285,787.6489470385098,0.0,0.0
6260,Li-Ion,6307,0.0,0.0,0.0,0.0
6260,H2,6307,56.920998245126285,785.4241518889196,0.0,0.0
6261,Li-Ion,6308,0.0,0.0,0.0,0.0
6261,H2,6308,56.920998245126285,781.1375137575677,0.0,0.0
6262,Li-Ion,6309,0.0,0.0,0.0,0.0
6262,H2,6309,56.920998245126285,779.1227924010425,0.0,0.0
6263,Li-Ion,6310,0.0,0.0,0.0,0.0
6263,H2,6310,56.920998245126285,775.9168376167343,0.0,0.0
6264,Li-Ion,6311,0.0,0.0,0.0,0.0
6264,H2,6311,56.920998245126285,776.2018183399364,0.0,0.0
6265,Li-Ion,6312,0.0,0.0,0.0,0.0
6265,H2,6312,56.920998245126285,771.9657703265918,0.0,0.0
6266,Li-Ion,6313,0.0,0.0,0.0,0.0
6266,H2,6313,56.920998245126285,768.0447144432536,0.0,0.0
6267,Li-Ion,6314,0.0,0.0,0.0,0.0
6267,H2,6314,56.920998245126285,766.5084870685158,0.0,0.0
6268,Li-Ion,6315,0.0,0.0,0.0,0.0
6268,H2,6315,56.920998245126285,765.0650192984814,0.0,0.0
6269,Li-Ion,6316,0.0,0.0,0.0,0.0
6269,H2,6316,56.920998245126285,763.7665624209623,0.0,0.0
6270,Li-Ion,6317,0.0,0.0,0.0,0.0
6270,H2,6317,56.920998245126285,763.7152070317611,0.0,0.0
6271,Li-Ion,6318,0.0,0.0,0.0,0.0
6271,H2,6318,56.920998245126285,763.5586553139169,0.0,0.0
6272,Li-Ion,6319,0.0,0.0,0.0,0.0
6272,H2,6319,56.920998245126285,763.3565098767683,0.0,0.0
6273,Li-Ion,6320,0.0,0.0,0.0,0.0
6273,H2,6320,56.920998245126285,763.3547769486105,0.0,0.0
6274,Li-Ion,6321,0.0,0.0,0.0,0.0
6274,H2,6321,56.920998245126285,767.6449947782737,0.0,0.0
6275,Li-Ion,6322,0.0,0.0,0.0,0.0
6275,H2,6322,56.920998245126285,767.4818528737857,0.0,0.0
6276,Li-Ion,6323,0.0,0.0,0.0,0.0
6276,H2,6323,56.920998245126285,776.7611199012,0.0,0.0
6277,Li-Ion,6324,0.0,4.412404559513875,0.0,0.0
6277,H2,6324,56.920998245126285,777.7720401718965,0.0,0.0
6278,Li-Ion,6325,0.0,9.770324381780721,0.0,0.0
6278,H2,6325,56.920998245126285,778.3922863359006,0.0,0.0
6279,Li-Ion,6326,0.0,15.128244204047569,0.0,0.0
6279,H2,6326,56.920998245126285,784.7492050903485,0.0,0.0
6280,Li-Ion,6327,0.0,16.18128491498018,0.0,0.0
6280,H2,6327,56.920998245126285,784.9169118001209,0.0,0.0
6281,Li-Ion,6328,0.0,16.18128491498018,0.0,0.0
6281,H2,6328,56.920998245126285,799.9605448080721,0.0,0.0
6282,Li-Ion,6329,0.0,16.18128491498018,0.0,0.0
6282,H2,6329,56.920998245126285,791.2646974632032,0.0,0.0
6283,Li-Ion,6330,0.0,0.0,0.0,0.0
6283,H2,6330,56.920998245126285,788.7756370941082,0.0,0.0
6284,Li-Ion,6331,0.0,0.0,0.0,0.0
6284,H2,6331,56.920998245126285,791.9921698050227,0.0,0.0
6285,Li-Ion,6332,0.0,0.0,0.0,0.0
6285,H2,6332,56.920998245126285,791.2020928072116,0.0,0.0
6286,Li-Ion,6333,0.0,3.5639153107821153,0.0,0.0
6286,H2,6333,56.920998245126285,796.7003772855527,0.0,0.0
6287,Li-Ion,6334,0.0,0.0,0.0,0.0
6287,H2,6334,56.920998245126285,801.8705693375755,0.0,0.0
6288,Li-Ion,6335,0.0,7.73396570514713,0.0,0.0
6288,H2,6335,56.920998245126285,796.7003772855527,0.0,0.0
6289,Li-Ion,6336,0.0,7.454904194904634,0.0,0.0
6289,H2,6336,56.920998245126285,796.7003772855527,0.0,0.0
6290,Li-Ion,6337,0.0,6.511650974500565,0.0,0.0
6290,H2,6337,56.920998245126285,796.7003772855527,0.0,0.0
6291,Li-Ion,6338,0.0,5.045291238771777,0.0,0.0
6291,H2,6338,56.920998245126285,796.7003772855527,0.0,0.0
6292,Li-Ion,6339,0.0,5.635534204635595,0.0,0.0
6292,H2,6339,56.920998245126285,800.9870154169047,0.0,0.0
6293,Li-Ion,6340,0.0,0.11859703642055486,0.0,0.0
6293,H2,6340,56.920998245126285,807.2833758696232,0.0,0.0
6294,Li-Ion,6341,0.0,0.0,0.0,0.0
6294,H2,6341,56.920998245126285,816.3378636942327,0.0,0.0
6295,Li-Ion,6342,0.0,0.0,0.0,0.0
6295,H2,6342,56.920998245126285,817.1494165380253,0.0,0.0
6296,Li-Ion,6343,0.0,0.0,0.0,0.0
6296,H2,6343,56.920998245126285,822.3687139159545,0.0,0.0
6297,Li-Ion,6344,0.0,0.0,0.0,0.0
6297,H2,6344,56.920998245126285,838.1929281888488,0.0,0.0
6298,Li-Ion,6345,0.0,0.0,0.0,0.0
6298,H2,6345,56.920998245126285,842.3354313994311,0.0,0.0
6299,Li-Ion,6346,0.0,0.0,0.0,0.0
6299,H2,6346,56.920998245126285,848.7671749291619,0.0,0.0
6300,Li-Ion,6347,0.0,0.0,0.0,0.0
6300,H2,6347,56.920998245126285,845.8371347379705,0.0,0.0
6301,Li-Ion,6348,0.0,0.0,0.0,0.0
6301,H2,6348,56.920998245126285,852.8597905027455,0.0,0.0
6302,Li-Ion,6349,0.0,0.0,0.0,0.0
6302,H2,6349,56.920998245126285,852.6079024380024,0.0,0.0
6303,Li-Ion,6350,0.0,0.0,0.0,0.0
6303,H2,6350,56.920998245126285,851.6033582766645,0.0,0.0
6304,Li-Ion,6351,0.0,0.0,0.0,0.0
6304,H2,6351,56.920998245126285,843.7335999080639,0.0,0.0
6305,Li-Ion,6352,0.0,0.0,0.0,0.0
6305,H2,6352,56.920998245126285,845.1800690548678,0.0,0.0
6306,Li-Ion,6353,0.0,0.0,0.0,0.0
6306,H2,6353,56.920998245126285,844.6030241663101,0.0,0.0
6307,Li-Ion,6354,0.0,0.0,0.0,0.0
6307,H2,6354,56.920998245126285,837.9076492640087,0.0,0.0
6308,Li-Ion,6355,0.0,0.0,0.0,0.0
6308,H2,6355,56.920998245126285,835.5468056989646,0.0,0.0
6309,Li-Ion,6356,0.0,0.0,0.0,0.0
6309,H2,6356,56.920998245126285,840.7753447546355,0.0,0.0
6310,Li-Ion,6357,0.0,2.934139436825008,0.0,0.0
6310,H2,6357,56.920998245126285,824.4796655674,0.0,0.0
6311,Li-Ion,6358,0.0,0.0,0.0,0.0
6311,H2,6358,56.920998245126285,825.4959313214583,0.0,0.0
6312,Li-Ion,6359,0.0,6.5599883228355385,0.0,0.0
6312,H2,6359,56.920998245126285,810.8326697505614,0.0,0.0
6313,Li-Ion,6360,0.0,3.1399440737882887,0.0,0.0
6313,H2,6360,56.920998245126285,810.8326697505614,0.0,0.0
6314,Li-Ion,6361,0.0,0.0,0.0,0.0
6314,H2,6361,56.920998245126285,820.39619628672,0.0,0.0
6315,Li-Ion,6362,0.0,0.0,0.0,0.0
6315,H2,6362,56.920998245126285,816.4472482998646,0.0,0.0
6316,Li-Ion,6363,0.0,0.0,0.0,0.0
6316,H2,6363,56.920998245126285,811.930706258063,0.0,0.0
6317,Li-Ion,6364,0.0,0.0,0.0,0.0
6317,H2,6364,56.920998245126285,808.0346252291304,0.0,0.0
6318,Li-Ion,6365,0.0,0.0,0.0,0.0
6318,H2,6365,56.920998245126285,804.2608990474247,0.0,0.0
6319,Li-Ion,6366,0.0,0.0,0.0,0.0
6319,H2,6366,56.920998245126285,794.0878403299911,0.0,0.0
6320,Li-Ion,6367,0.0,0.0,0.0,0.0
6320,H2,6367,56.920998245126285,805.2321811460733,0.0,0.0
6321,Li-Ion,6368,0.0,0.0,0.0,0.0
6321,H2,6368,56.920998245126285,805.6224378321148,0.0,0.0
6322,Li-Ion,6369,0.0,0.0,0.0,0.0
6322,H2,6369,56.920998245126285,807.4877181815759,0.0,0.0
6323,Li-Ion,6370,0.0,0.0,0.0,0.0
6323,H2,6370,56.920998245126285,806.7204695113151,0.0,0.0
6324,Li-Ion,6371,0.0,0.0,0.0,0.0
6324,H2,6371,56.920998245126285,802.5408016973621,0.0,0.0
6325,Li-Ion,6372,0.0,0.0,0.0,0.0
6325,H2,6372,56.920998245126285,815.658554759018,0.0,0.0
6326,Li-Ion,6373,0.0,0.0,0.0,0.0
6326,H2,6373,56.920998245126285,819.9488907953241,0.0,0.0
6327,Li-Ion,6374,0.0,0.0,0.0,0.0
6327,H2,6374,56.920998245126285,813.4140866206786,0.0,0.0
6328,Li-Ion,6375,0.0,0.0,0.0,0.0
6328,H2,6375,56.920998245126285,810.7967828487008,0.0,0.0
6329,Li-Ion,6376,0.0,0.0,0.0,0.0
6329,H2,6376,56.920998245126285,810.8457602807491,0.0,0.0
6330,Li-Ion,6377,0.0,0.0,0.0,0.0
6330,H2,6377,56.920998245126285,808.4539177684034,0.0,0.0
6331,Li-Ion,6378,0.0,0.0,0.0,0.0
6331,H2,6378,56.920998245126285,807.2677265803065,0.0,0.0
6332,Li-Ion,6379,0.0,0.0,0.0,0.0
6332,H2,6379,56.920998245126285,811.6769477305411,0.0,0.0
6333,Li-Ion,6380,0.0,0.0,0.0,0.0
6333,H2,6380,56.920998245126285,796.469408998019,0.0,0.0
6334,Li-Ion,6381,0.0,0.0,0.0,0.0
6334,H2,6381,56.920998245126285,796.469408998019,0.0,0.0
6335,Li-Ion,6382,0.0,0.0,0.0,0.0
6335,H2,6382,56.920998245126285,816.4373674634803,0.0,0.0
6336,Li-Ion,6383,0.0,0.0,0.0,0.0
6336,H2,6383,56.920998245126285,796.469408998019,0.0,0.0
6337,Li-Ion,6384,0.0,0.0,0.0,0.0
6337,H2,6384,56.920998245126285,796.469408998019,0.0,0.0
6338,Li-Ion,6385,0.0,0.0,0.0,0.0
6338,H2,6385,56.920998245126285,796.469408998019,0.0,0.0
6339,Li-Ion,6386,0.0,0.0,0.0,0.0
6339,H2,6386,56.920998245126285,795.5562657456857,0.0,0.0
6340,Li-Ion,6387,0.0,0.23212047080126308,0.0,0.0
6340,H2,6387,56.920998245126285,791.3918148608451,0.0,0.0
6341,Li-Ion,6388,0.0,0.0,0.0,0.0
6341,H2,6388,56.920998245126285,802.0174299375137,0.0,0.0
6342,Li-Ion,6389,0.0,0.0,0.0,0.0
6342,H2,6389,56.920998245126285,798.2206381025549,0.0,0.0
6343,Li-Ion,6390,0.0,0.0,0.0,0.0
6343,H2,6390,56.920998245126285,799.6805873270188,0.0,0.0
6344,Li-Ion,6391,0.0,0.0,0.0,0.0
6344,H2,6391,56.920998245126285,783.9041514226377,0.0,0.0
6345,Li-Ion,6392,0.0,0.0,0.0,0.0
6345,H2,6392,56.920998245126285,780.6614349056277,0.0,0.0
6346,Li-Ion,6393,0.0,0.0,0.0,0.0
6346,H2,6393,56.920998245126285,783.4271941822121,0.0,0.0
6347,Li-Ion,6394,0.0,0.0,0.0,0.0
6347,H2,6394,56.920998245126285,779.9920657186915,0.0,0.0
6348,Li-Ion,6395,0.0,0.0,0.0,0.0
6348,H2,6395,56.920998245126285,782.319505238853,0.0,0.0
6349,Li-Ion,6396,0.0,0.0,0.0,0.0
6349,H2,6396,56.920998245126285,784.7094635907881,0.0,0.0
6350,Li-Ion,6397,0.0,0.0,0.0,0.0
6350,H2,6397,56.920998245126285,827.5111377340406,0.0,0.0
6351,Li-Ion,6398,0.0,0.0,0.0,0.0
6351,H2,6398,56.920998245126285,824.7385345244853,0.0,0.0
6352,Li-Ion,6399,0.0,0.0,0.0,0.0
6352,H2,6399,56.920998245126285,822.169141106078,0.0,0.0
6353,Li-Ion,6400,0.0,0.0,0.0,0.0
6353,H2,6400,56.920998245126285,817.1613139315481,0.0,0.0
6354,Li-Ion,6401,0.0,0.0,0.0,0.0
6354,H2,6401,56.920998245126285,813.456095754751,0.0,0.0
6355,Li-Ion,6402,0.0,0.0,0.0,0.0
6355,H2,6402,56.920998245126285,812.2426855446572,0.0,0.0
6356,Li-Ion,6403,0.0,0.0,0.0,0.0
6356,H2,6403,56.920998245126285,811.87462941593,0.0,0.0
6357,Li-Ion,6404,0.0,0.0,0.0,0.0
6357,H2,6404,56.920998245126285,808.7504521419224,0.0,0.0
6358,Li-Ion,6405,0.0,4.412404559513875,0.0,0.0
6358,H2,6405,56.920998245126285,807.0995969652116,0.0,0.0
6359,Li-Ion,6406,0.0,9.770324381780721,0.0,0.0
6359,H2,6406,56.920998245126285,803.9188039643329,0.0,0.0
6360,Li-Ion,6407,0.0,15.128244204047569,0.0,0.0
6360,H2,6407,56.920998245126285,801.8117425809253,0.0,0.0
6361,Li-Ion,6408,0.0,16.18128491498018,0.0,0.0
6361,H2,6408,56.920998245126285,801.8117425809253,0.0,0.0
6362,Li-Ion,6409,0.0,16.18128491498018,0.0,0.0
6362,H2,6409,56.920998245126285,801.8117425809253,0.0,0.0
6363,Li-Ion,6410,0.0,16.18128491498018,0.0,0.0
6363,H2,6410,56.920998245126285,801.8117425809253,0.0,0.0
6364,Li-Ion,6411,0.0,16.18128491498018,0.0,0.0
6364,H2,6411,56.920998245126285,802.1253467075876,0.0,0.0
6365,Li-Ion,6412,0.0,16.18128491498018,0.0,0.0
6365,H2,6412,56.920998245126285,803.2156327647516,0.0,0.0
6366,Li-Ion,6413,0.0,16.18128491498018,0.0,0.0
6366,H2,6413,56.920998245126285,806.8419114259965,0.0,0.0
6367,Li-Ion,6414,0.0,16.18128491498018,0.0,0.0
6367,H2,6414,56.920998245126285,812.1635351461538,0.0,0.0
6368,Li-Ion,6415,0.0,0.0,0.0,0.0
6368,H2,6415,56.920998245126285,825.6247361799569,0.0,0.0
6369,Li-Ion,6416,0.0,0.0,0.0,0.0
6369,H2,6416,56.920998245126285,823.3584758528896,0.0,0.0
6370,Li-Ion,6417,0.0,0.0,0.0,0.0
6370,H2,6417,56.920998245126285,821.8330028445548,0.0,0.0
6371,Li-Ion,6418,0.0,0.0,0.0,0.0
6371,H2,6418,56.920998245126285,820.9907536176578,0.0,0.0
6372,Li-Ion,6419,0.0,0.0,0.0,0.0
6372,H2,6419,56.920998245126285,822.9381712666024,0.0,0.0
6373,Li-Ion,6420,0.0,0.0,0.0,0.0
6373,H2,6420,56.920998245126285,818.6605742730973,0.0,0.0
6374,Li-Ion,6421,0.0,0.0,0.0,0.0
6374,H2,6421,56.920998245126285,812.3229334478028,0.0,0.0
6375,Li-Ion,6422,0.0,0.0,0.0,0.0
6375,H2,6422,56.920998245126285,810.744191624185,0.0,0.0
6376,Li-Ion,6423,0.0,0.0,0.0,0.0
6376,H2,6423,56.920998245126285,808.7807568528754,0.0,0.0
6377,Li-Ion,6424,0.0,0.0,0.0,0.0
6377,H2,6424,56.920998245126285,807.6171487153946,0.0,0.0
6378,Li-Ion,6425,0.0,0.0,0.0,0.0
6378,H2,6425,56.920998245126285,807.4790204271985,0.0,0.0
6379,Li-Ion,6426,0.0,0.0,0.0,0.0
6379,H2,6426,56.920998245126285,806.7346584163782,0.0,0.0
6380,Li-Ion,6427,0.0,0.0,0.0,0.0
6380,H2,6427,56.920998245126285,805.4893889296815,0.0,0.0
6381,Li-Ion,6428,0.0,0.0,0.0,0.0
6381,H2,6428,56.920998245126285,809.3179718815219,0.0,0.0
6382,Li-Ion,6429,0.0,0.0,0.0,0.0
6382,H2,6429,56.920998245126285,806.1937946075143,0.0,0.0
6383,Li-Ion,6430,0.0,4.412404559513875,0.0,0.0
6383,H2,6430,56.920998245126285,804.8135153144153,0.0,0.0
6384,Li-Ion,6431,0.0,9.770324381780721,0.0,0.0
6384,H2,6431,56.920998245126285,804.8135153144153,0.0,0.0
6385,Li-Ion,6432,0.0,15.128244204047569,0.0,0.0
6385,H2,6432,56.920998245126285,809.0942845548846,0.0,0.0
6386,Li-Ion,6433,0.0,16.18128491498018,0.0,0.0
6386,H2,6433,56.920998245126285,809.0942845548846,0.0,0.0
6387,Li-Ion,6434,0.0,0.0,0.0,0.0
6387,H2,6434,56.920998245126285,813.9454085481049,0.0,0.0
6388,Li-Ion,6435,0.0,0.0,0.0,0.0
6388,H2,6435,56.920998245126285,818.5776087497326,0.0,0.0
6389,Li-Ion,6436,0.0,0.0,0.0,0.0
6389,H2,6436,56.920998245126285,817.5376555187224,0.0,0.0
6390,Li-Ion,6437,0.0,4.412404559513875,0.0,0.0
6390,H2,6437,56.920998245126285,817.8588639019306,0.0,0.0
6391,Li-Ion,6438,0.0,9.770324381780721,0.0,0.0
6391,H2,6438,56.920998245126285,818.169591758469,0.0,0.0
6392,Li-Ion,6439,0.0,0.0,0.0,0.0
6392,H2,6439,56.920998245126285,828.7803126464796,0.0,0.0
6393,Li-Ion,6440,0.0,0.0,0.0,0.0
6393,H2,6440,56.920998245126285,828.4927739579377,0.0,0.0
6394,Li-Ion,6441,0.0,0.0,0.0,0.0
6394,H2,6441,56.920998245126285,826.5156147129273,0.0,0.0
6395,Li-Ion,6442,0.0,0.0,0.0,0.0
6395,H2,6442,56.920998245126285,821.2947959288636,0.0,0.0
6396,Li-Ion,6443,0.0,0.0,0.0,0.0
6396,H2,6443,56.920998245126285,821.5898647347884,0.0,0.0
6397,Li-Ion,6444,0.0,0.0,0.0,0.0
6397,H2,6444,56.920998245126285,820.4703391064262,0.0,0.0
6398,Li-Ion,6445,0.0,0.0,0.0,0.0
6398,H2,6445,56.920998245126285,814.0527659038156,0.0,0.0
6399,Li-Ion,6446,0.0,0.0,0.0,0.0
6399,H2,6446,56.920998245126285,812.9964702306212,0.0,0.0
6400,Li-Ion,6447,0.0,0.0,0.0,0.0
6400,H2,6447,56.920998245126285,811.4024500889925,0.0,0.0
6401,Li-Ion,6448,0.0,0.0,0.0,0.0
6401,H2,6448,56.920998245126285,810.4295326240713,0.0,0.0
6402,Li-Ion,6449,0.0,0.0,0.0,0.0
6402,H2,6449,56.920998245126285,809.626157852746,0.0,0.0
6403,Li-Ion,6450,0.0,0.0,0.0,0.0
6403,H2,6450,56.920998245126285,807.1640431060536,0.0,0.0
6404,Li-Ion,6451,0.0,0.0,0.0,0.0
6404,H2,6451,56.920998245126285,807.194209397521,0.0,0.0
6405,Li-Ion,6452,0.0,0.0,0.0,0.0
6405,H2,6452,56.920998245126285,805.4268967662066,0.0,0.0
6406,Li-Ion,6453,0.0,0.0,0.0,0.0
6406,H2,6453,56.920998245126285,808.4644700066267,0.0,0.0
6407,Li-Ion,6454,0.0,0.0,0.0,0.0
6407,H2,6454,56.920998245126285,809.626930863971,0.0,0.0
6408,Li-Ion,6455,0.0,4.412404559513875,0.0,0.0
6408,H2,6455,56.920998245126285,791.4092304097903,0.0,0.0
6409,Li-Ion,6456,0.0,9.770324381780721,0.0,0.0
6409,H2,6456,56.920998245126285,791.4950321764949,0.0,0.0
6410,Li-Ion,6457,0.0,15.128244204047569,0.0,0.0
6410,H2,6457,56.920998245126285,787.1978067395368,0.0,0.0
6411,Li-Ion,6458,0.0,0.0,0.0,0.0
6411,H2,6458,56.920998245126285,797.0323236256756,0.0,0.0
6412,Li-Ion,6459,0.0,0.0,0.0,0.0
6412,H2,6459,56.920998245126285,796.3530315992173,0.0,0.0
6413,Li-Ion,6460,0.0,0.0,0.0,0.0
6413,H2,6460,56.920998245126285,802.4317919269564,0.0,0.0
6414,Li-Ion,6461,0.0,0.0,0.0,0.0
6414,H2,6461,56.920998245126285,801.8209505627299,0.0,0.0
6415,Li-Ion,6462,0.0,0.0,0.0,0.0
6415,H2,6462,56.920998245126285,803.0538151311621,0.0,0.0
6416,Li-Ion,6463,0.0,0.0,0.0,0.0
6416,H2,6463,56.920998245126285,802.9450542248467,0.0,0.0
6417,Li-Ion,6464,0.0,0.0,0.0,0.0
6417,H2,6464,56.920998245126285,801.17012314984,0.0,0.0
6418,Li-Ion,6465,0.0,0.0,0.0,0.0
6418,H2,6465,56.920998245126285,801.95662788633,0.0,0.0
6419,Li-Ion,6466,0.0,0.0,0.0,0.0
6419,H2,6466,56.920998245126285,805.8352697375365,0.0,0.0
6420,Li-Ion,6467,0.0,0.0,0.0,0.0
6420,H2,6467,56.920998245126285,804.3745220814454,0.0,0.0
6421,Li-Ion,6468,0.0,0.0,0.0,0.0
6421,H2,6468,56.920998245126285,802.5674998354307,0.0,0.0
6422,Li-Ion,6469,0.0,0.0,0.0,0.0
6422,H2,6469,56.920998245126285,804.2744914475409,0.0,0.0
6423,Li-Ion,6470,0.0,0.0,0.0,0.0
6423,H2,6470,56.920998245126285,797.1820045902474,0.0,0.0
6424,Li-Ion,6471,0.0,0.0,0.0,0.0
6424,H2,6471,56.920998245126285,793.5111738272316,0.0,0.0
6425,Li-Ion,6472,0.0,0.0,0.0,0.0
6425,H2,6472,56.920998245126285,791.0033013149937,0.0,0.0
6426,Li-Ion,6473,0.0,0.0,0.0,0.0
6426,H2,6473,56.920998245126285,790.5964839833716,0.0,0.0
6427,Li-Ion,6474,0.0,0.0,0.0,0.0
6427,H2,6474,56.920998245126285,803.018062006769,0.0,0.0
6428,Li-Ion,6475,0.0,4.8968284019933295,0.0,0.0
6428,H2,6475,56.920998245126285,796.381072476937,0.0,0.0
6429,Li-Ion,6476,0.0,5.404011812373347,0.0,0.0
6429,H2,6476,56.920998245126285,796.381072476937,0.0,0.0
6430,Li-Ion,6477,0.0,0.0,0.0,0.0
6430,H2,6477,56.920998245126285,813.204722266782,0.0,0.0
6431,Li-Ion,6478,0.0,0.0,0.0,0.0
6431,H2,6478,56.920998245126285,821.0710587094446,0.0,0.0
6432,Li-Ion,6479,0.0,0.0,0.0,0.0
6432,H2,6479,56.920998245126285,809.8101941740606,0.0,0.0
6433,Li-Ion,6480,0.0,0.0,0.0,0.0
6433,H2,6480,56.920998245126285,810.6689312274841,0.0,0.0
6434,Li-Ion,6481,0.0,0.0,0.0,0.0
6434,H2,6481,56.920998245126285,813.2226650530611,0.0,0.0
6435,Li-Ion,6482,0.0,0.0,0.0,0.0
6435,H2,6482,56.920998245126285,833.8652697955603,0.0,0.0
6436,Li-Ion,6483,0.0,0.0,0.0,0.0
6436,H2,6483,56.920998245126285,832.6757580364747,0.0,0.0
6437,Li-Ion,6484,0.0,12.158398972625834,0.0,0.0
6437,H2,6484,56.920998245126285,804.9457741065067,0.0,0.0
6438,Li-Ion,6485,0.0,0.0,0.0,0.0
6438,H2,6485,56.920998245126285,824.0492941772337,0.0,0.0
6439,Li-Ion,6486,0.0,10.897840572839343,0.0,0.0
6439,H2,6486,56.920998245126285,803.6850056261742,0.0,0.0
6440,Li-Ion,6487,0.0,0.0,0.0,0.0
6440,H2,6487,56.920998245126285,823.7069770883472,0.0,0.0
6441,Li-Ion,6488,0.0,0.0,0.0,0.0
6441,H2,6488,56.920998245126285,822.6250183363877,0.0,0.0
6442,Li-Ion,6489,0.0,0.0,0.0,0.0
6442,H2,6489,56.920998245126285,827.1330236583659,0.0,0.0
6443,Li-Ion,6490,0.0,12.991646788310794,0.0,0.0
6443,H2,6490,56.920998245126285,803.4199909468638,0.0,0.0
6444,Li-Ion,6491,0.0,0.0,0.0,0.0
6444,H2,6491,56.920998245126285,827.3946859826885,0.0,0.0
6445,Li-Ion,6492,0.0,0.0,0.0,0.0
6445,H2,6492,56.920998245126285,827.1636482970349,0.0,0.0
6446,Li-Ion,6493,0.0,0.0,0.0,0.0
6446,H2,6493,56.920998245126285,824.771013659048,0.0,0.0
6447,Li-Ion,6494,0.0,0.0,0.0,0.0
6447,H2,6494,56.920998245126285,825.2513385144938,0.0,0.0
6448,Li-Ion,6495,0.0,0.0,0.0,0.0
6448,H2,6495,56.920998245126285,812.094295148328,0.0,0.0
6449,Li-Ion,6496,0.0,0.0,0.0,0.0
6449,H2,6496,56.920998245126285,815.074989035423,0.0,0.0
6450,Li-Ion,6497,0.0,0.0,0.0,0.0
6450,H2,6497,56.920998245126285,813.4987059043327,0.0,0.0
6451,Li-Ion,6498,0.0,0.0,0.0,0.0
6451,H2,6498,56.920998245126285,810.0536159137537,0.0,0.0
6452,Li-Ion,6499,0.0,0.0,0.0,0.0
6452,H2,6499,56.920998245126285,810.4842493863755,0.0,0.0
6453,Li-Ion,6500,0.0,0.0,0.0,0.0
6453,H2,6500,56.920998245126285,808.064044232688,0.0,0.0
6454,Li-Ion,6501,0.0,0.0,0.0,0.0
6454,H2,6501,56.920998245126285,811.5045612348129,0.0,0.0
6455,Li-Ion,6502,0.0,0.0,0.0,0.0
6455,H2,6502,56.920998245126285,814.2430056092411,0.0,0.0
6456,Li-Ion,6503,0.0,0.0,0.0,0.0
6456,H2,6503,56.920998245126285,799.6127695677529,0.0,0.0
6457,Li-Ion,6504,0.0,1.751394260065752,0.0,0.0
6457,H2,6504,56.920998245126285,803.6389900184507,0.0,0.0
6458,Li-Ion,6505,0.0,1.5955432842766601,0.0,0.0
6458,H2,6505,56.920998245126285,803.6389900184507,0.0,0.0
6459,Li-Ion,6506,0.0,1.4333969866016758,0.0,0.0
6459,H2,6506,56.920998245126285,803.6389900184507,0.0,0.0
6460,Li-Ion,6507,0.0,1.225784234272473,0.0,0.0
6460,H2,6507,56.920998245126285,803.6389900184507,0.0,0.0
6461,Li-Ion,6508,0.0,0.999594642187973,0.0,0.0
6461,H2,6508,56.920998245126285,803.6389900184507,0.0,0.0
6462,Li-Ion,6509,0.0,0.0,0.0,0.0
6462,H2,6509,56.920998245126285,803.0918031073742,0.0,0.0
6463,Li-Ion,6510,0.0,0.0,0.0,0.0
6463,H2,6510,56.920998245126285,800.9638310847832,0.0,0.0
6464,Li-Ion,6511,0.0,0.0,0.0,0.0
6464,H2,6511,56.920998245126285,813.0125768319893,0.0,0.0
6465,Li-Ion,6512,0.0,0.0,0.0,0.0
6465,H2,6512,56.920998245126285,812.7720116344258,0.0,0.0
6466,Li-Ion,6513,0.0,0.0,0.0,0.0
6466,H2,6513,56.920998245126285,811.6346585444709,0.0,0.0
6467,Li-Ion,6514,0.0,0.0,0.0,0.0
6467,H2,6514,56.920998245126285,811.9589262116148,0.0,0.0
6468,Li-Ion,6515,0.0,0.0,0.0,0.0
6468,H2,6515,56.920998245126285,804.3499112030862,0.0,0.0
6469,Li-Ion,6516,0.0,0.0,0.0,0.0
6469,H2,6516,56.920998245126285,799.4735082881128,0.0,0.0
6470,Li-Ion,6517,0.0,0.0,0.0,0.0
6470,H2,6517,56.920998245126285,796.7899583560844,0.0,0.0
6471,Li-Ion,6518,0.0,0.0,0.0,0.0
6471,H2,6518,56.920998245126285,794.5550850275914,0.0,0.0
6472,Li-Ion,6519,0.0,0.0,0.0,0.0
6472,H2,6519,56.920998245126285,790.2506648325856,0.0,0.0
6473,Li-Ion,6520,0.0,0.0,0.0,0.0
6473,H2,6520,56.920998245126285,788.48662980406,0.0,0.0
6474,Li-Ion,6521,0.0,16.18128491498018,0.0,0.0
6474,H2,6521,56.920998245126285,783.875663764994,0.0,0.0
6475,Li-Ion,6522,0.0,0.0,0.0,0.0
6475,H2,6522,56.920998245126285,781.5499476861572,0.0,0.0
6476,Li-Ion,6523,0.0,0.0,0.0,0.0
6476,H2,6523,56.920998245126285,782.4778068982957,0.0,0.0
6477,Li-Ion,6524,0.0,0.0,0.0,0.0
6477,H2,6524,56.920998245126285,783.1105847677627,0.0,0.0
6478,Li-Ion,6525,0.0,0.0,0.0,0.0
6478,H2,6525,56.920998245126285,786.1444973762452,0.0,0.0
6479,Li-Ion,6526,0.0,0.0,0.0,0.0
6479,H2,6526,56.920998245126285,786.7359381670265,0.0,0.0
6480,Li-Ion,6527,0.0,0.0,0.0,0.0
6480,H2,6527,56.920998245126285,785.6393419804912,0.0,0.0
6481,Li-Ion,6528,0.0,0.0,0.0,0.0
6481,H2,6528,56.920998245126285,789.9259801118432,0.0,0.0
6482,Li-Ion,6529,0.0,0.0,0.0,0.0
6482,H2,6529,56.920998245126285,785.8266563354136,0.0,0.0
6483,Li-Ion,6530,0.0,0.0,0.0,0.0
6483,H2,6530,56.920998245126285,800.8633512459835,0.0,0.0
6484,Li-Ion,6531,0.0,0.0,0.0,0.0
6484,H2,6531,56.920998245126285,800.7869425854268,0.0,0.0
6485,Li-Ion,6532,0.0,0.0,0.0,0.0
6485,H2,6532,56.920998245126285,798.2280512850248,0.0,0.0
6486,Li-Ion,6533,0.0,0.0,0.0,0.0
6486,H2,6533,56.920998245126285,798.6128815026013,0.0,0.0
6487,Li-Ion,6534,0.0,0.0,0.0,0.0
6487,H2,6534,56.920998245126285,801.642541303492,0.0,0.0
6488,Li-Ion,6535,0.0,0.0,0.0,0.0
6488,H2,6535,56.920998245126285,800.7740773114508,0.0,0.0
6489,Li-Ion,6536,0.0,0.0,0.0,0.0
6489,H2,6536,56.920998245126285,800.6364005377831,0.0,0.0
6490,Li-Ion,6537,0.0,0.0,0.0,0.0
6490,H2,6537,56.920998245126285,800.7112326763332,0.0,0.0
6491,Li-Ion,6538,0.0,0.0,0.0,0.0
6491,H2,6538,56.920998245126285,800.6993172141098,0.0,0.0
6492,Li-Ion,6539,0.0,0.0,0.0,0.0
6492,H2,6539,56.920998245126285,800.4714498104734,0.0,0.0
6493,Li-Ion,6540,0.0,0.0,0.0,0.0
6493,H2,6540,56.920998245126285,795.8037218492507,0.0,0.0
6494,Li-Ion,6541,0.0,0.0,0.0,0.0
6494,H2,6541,56.920998245126285,801.0223685428618,0.0,0.0
6495,Li-Ion,6542,0.0,0.0,0.0,0.0
6495,H2,6542,56.920998245126285,805.2665386751333,0.0,0.0
6496,Li-Ion,6543,0.0,0.0,0.0,0.0
6496,H2,6543,56.920998245126285,805.3126668193623,0.0,0.0
6497,Li-Ion,6544,0.0,0.0,0.0,0.0
6497,H2,6544,56.920998245126285,810.999089467052,0.0,0.0
6498,Li-Ion,6545,0.0,0.0,0.0,0.0
6498,H2,6545,56.920998245126285,808.7972081813875,0.0,0.0
6499,Li-Ion,6546,0.0,0.0,0.0,0.0
6499,H2,6546,56.920998245126285,806.9412650993302,0.0,0.0
6500,Li-Ion,6547,0.0,0.0,0.0,0.0
6500,H2,6547,56.920998245126285,791.4964839560437,0.0,0.0
6501,Li-Ion,6548,0.0,0.0,0.0,0.0
6501,H2,6548,56.920998245126285,790.1015391675162,0.0,0.0
6502,Li-Ion,6549,0.0,0.0,0.0,0.0
6502,H2,6549,56.920998245126285,788.961004748287,0.0,0.0
6503,Li-Ion,6550,0.0,0.0,0.0,0.0
6503,H2,6550,56.920998245126285,787.354348300593,0.0,0.0
6504,Li-Ion,6551,0.0,0.0,0.0,0.0
6504,H2,6551,56.920998245126285,787.5457925901395,0.0,0.0
6505,Li-Ion,6552,0.0,0.0,0.0,0.0
6505,H2,6552,56.920998245126285,789.5719598529573,0.0,0.0
6506,Li-Ion,6553,0.0,0.0,0.0,0.0
6506,H2,6553,56.920998245126285,790.8760459481931,0.0,0.0
6507,Li-Ion,6554,0.0,0.0,0.0,0.0
6507,H2,6554,56.920998245126285,794.9869564650515,0.0,0.0
6508,Li-Ion,6555,0.0,4.412404559513875,0.0,0.0
6508,H2,6555,56.920998245126285,793.591560523909,0.0,0.0
6509,Li-Ion,6556,0.0,0.0,0.0,0.0
6509,H2,6556,56.920998245126285,787.3881878938099,0.0,0.0
6510,Li-Ion,6557,0.0,0.0,0.0,0.0
6510,H2,6557,56.920998245126285,786.0612540299712,0.0,0.0
6511,Li-Ion,6558,0.0,0.0,0.0,0.0
6511,H2,6558,56.920998245126285,787.949820007344,0.0,0.0
6512,Li-Ion,6559,0.0,0.0,0.0,0.0
6512,H2,6559,56.920998245126285,786.5436623006113,0.0,0.0
6513,Li-Ion,6560,0.0,0.0,0.0,0.0
6513,H2,6560,56.920998245126285,798.0620600056778,0.0,0.0
6514,Li-Ion,6561,0.0,0.0,0.0,0.0
6514,H2,6561,56.920998245126285,800.0061903638176,0.0,0.0
6515,Li-Ion,6562,0.0,0.0,0.0,0.0
6515,H2,6562,56.920998245126285,799.7590457155648,0.0,0.0
6516,Li-Ion,6563,0.0,0.0,0.0,0.0
6516,H2,6563,56.920998245126285,803.8864322080025,0.0,0.0
6517,Li-Ion,6564,0.0,4.412404559513875,0.0,0.0
6517,H2,6564,56.920998245126285,796.1847740681554,0.0,0.0
6518,Li-Ion,6565,0.0,9.770324381780721,0.0,0.0
6518,H2,6565,56.920998245126285,799.9790908786581,0.0,0.0
6519,Li-Ion,6566,0.0,15.128244204047569,0.0,0.0
6519,H2,6566,56.920998245126285,790.6614429152495,0.0,0.0
6520,Li-Ion,6567,0.0,16.18128491498018,0.0,0.0
6520,H2,6567,56.920998245126285,790.6576168299415,0.0,0.0
6521,Li-Ion,6568,0.0,16.18128491498018,0.0,0.0
6521,H2,6568,56.920998245126285,790.6967278800424,0.0,0.0
6522,Li-Ion,6569,0.0,0.0,0.0,0.0
6522,H2,6569,56.920998245126285,788.309024834511,0.0,0.0
6523,Li-Ion,6570,0.0,0.0,0.0,0.0
6523,H2,6570,56.920998245126285,789.0913090820834,0.0,0.0
6524,Li-Ion,6571,0.0,0.0,0.0,0.0
6524,H2,6571,56.920998245126285,789.4234411065892,0.0,0.0
6525,Li-Ion,6572,0.0,0.0,0.0,0.0
6525,H2,6572,56.920998245126285,789.5900837419443,0.0,0.0
6526,Li-Ion,6573,0.0,0.0,0.0,0.0
6526,H2,6573,56.920998245126285,795.3782566878413,0.0,0.0
6527,Li-Ion,6574,0.0,0.0,0.0,0.0
6527,H2,6574,56.920998245126285,796.1329445653155,0.0,0.0
6528,Li-Ion,6575,0.0,0.0,0.0,0.0
6528,H2,6575,56.920998245126285,796.6998777042304,0.0,0.0
6529,Li-Ion,6576,0.0,0.0,0.0,0.0
6529,H2,6576,56.920998245126285,788.7207364205767,0.0,0.0
6530,Li-Ion,6577,0.0,0.0,0.0,0.0
6530,H2,6577,56.920998245126285,786.4898768210186,0.0,0.0
6531,Li-Ion,6578,0.0,0.0,0.0,0.0
6531,H2,6578,56.920998245126285,784.2544503493459,0.0,0.0
6532,Li-Ion,6579,0.0,0.0,0.0,0.0
6532,H2,6579,56.920998245126285,784.0839602522226,0.0,0.0
6533,Li-Ion,6580,0.0,0.0,0.0,0.0
6533,H2,6580,56.920998245126285,785.5183790450675,0.0,0.0
6534,Li-Ion,6581,0.0,0.0,0.0,0.0
6534,H2,6581,56.920998245126285,785.4813336053558,0.0,0.0
6535,Li-Ion,6582,0.0,0.0,0.0,0.0
6535,H2,6582,56.920998245126285,795.5085827128519,0.0,0.0
6536,Li-Ion,6583,0.0,0.0,0.0,0.0
6536,H2,6583,56.920998245126285,795.7938667773169,0.0,0.0
6537,Li-Ion,6584,0.0,0.0,0.0,0.0
6537,H2,6584,56.920998245126285,796.1099933504487,0.0,0.0
6538,Li-Ion,6585,0.0,0.0,0.0,0.0
6538,H2,6585,56.920998245126285,788.6647315705641,0.0,0.0
6539,Li-Ion,6586,0.0,0.0,0.0,0.0
6539,H2,6586,56.920998245126285,788.6862287340979,0.0,0.0
6540,Li-Ion,6587,0.0,0.0,0.0,0.0
6540,H2,6587,56.920998245126285,808.2254813555694,0.0,0.0
6541,Li-Ion,6588,0.0,0.0,0.0,0.0
6541,H2,6588,56.920998245126285,816.9699297057266,0.0,0.0
6542,Li-Ion,6589,0.0,0.0,0.0,0.0
6542,H2,6589,56.920998245126285,817.1302129112099,0.0,0.0
6543,Li-Ion,6590,0.0,0.0,0.0,0.0
6543,H2,6590,56.920998245126285,814.0637332904787,0.0,0.0
6544,Li-Ion,6591,0.0,0.0,0.0,0.0
6544,H2,6591,56.920998245126285,815.8348169884758,0.0,0.0
6545,Li-Ion,6592,0.0,0.0,0.0,0.0
6545,H2,6592,56.920998245126285,817.4806971290967,0.0,0.0
6546,Li-Ion,6593,0.0,0.0,0.0,0.0
6546,H2,6593,56.920998245126285,813.8034074556357,0.0,0.0
6547,Li-Ion,6594,0.0,15.375503953197022,0.0,0.0
6547,H2,6594,56.920998245126285,794.057447695484,0.0,0.0
6548,Li-Ion,6595,0.0,0.0,0.0,0.0
6548,H2,6595,56.920998245126285,802.5161215500632,0.0,0.0
6549,Li-Ion,6596,0.0,0.0,0.0,0.0
6549,H2,6596,56.920998245126285,801.2609676960916,0.0,0.0
6550,Li-Ion,6597,0.0,0.0,0.0,0.0
6550,H2,6597,56.920998245126285,801.4890171377659,0.0,0.0
6551,Li-Ion,6598,0.0,0.0,0.0,0.0
6551,H2,6598,56.920998245126285,801.6625091770356,0.0,0.0
6552,Li-Ion,6599,0.0,0.0,0.0,0.0
6552,H2,6599,56.920998245126285,800.3611267434085,0.0,0.0
6553,Li-Ion,6600,0.0,0.0,0.0,0.0
6553,H2,6600,56.920998245126285,806.0983892022093,0.0,0.0
6554,Li-Ion,6601,0.0,15.294344907548014,0.0,0.0
6554,H2,6601,56.920998245126285,789.3140312052313,0.0,0.0
6555,Li-Ion,6602,0.0,15.080972484346917,0.0,0.0
6555,H2,6602,56.920998245126285,789.3140312052313,0.0,0.0
6556,Li-Ion,6603,0.0,0.0,0.0,0.0
6556,H2,6603,56.920998245126285,792.9333599571214,0.0,0.0
6557,Li-Ion,6604,0.0,0.0,0.0,0.0
6557,H2,6604,56.920998245126285,791.5677366741331,0.0,0.0
6558,Li-Ion,6605,0.0,0.0,0.0,0.0
6558,H2,6605,56.920998245126285,790.0014731981624,0.0,0.0
6559,Li-Ion,6606,0.0,0.0,0.0,0.0
6559,H2,6606,56.920998245126285,788.3412647774634,0.0,0.0
6560,Li-Ion,6607,0.0,0.0,0.0,0.0
6560,H2,6607,56.920998245126285,787.0236954657989,0.0,0.0
6561,Li-Ion,6608,0.0,0.0,0.0,0.0
6561,H2,6608,56.920998245126285,787.5858684281521,0.0,0.0
6562,Li-Ion,6609,0.0,0.0,0.0,0.0
6562,H2,6609,56.920998245126285,790.3058683536306,0.0,0.0
6563,Li-Ion,6610,0.0,0.0,0.0,0.0
6563,H2,6610,56.920998245126285,809.1003443839852,0.0,0.0
6564,Li-Ion,6611,0.0,0.0,0.0,0.0
6564,H2,6611,56.920998245126285,808.9472616847343,0.0,0.0
6565,Li-Ion,6612,0.0,0.0,0.0,0.0
6565,H2,6612,56.920998245126285,812.7538376067738,0.0,0.0
6566,Li-Ion,6613,0.0,0.0,0.0,0.0
6566,H2,6613,56.920998245126285,816.3968004449536,0.0,0.0
6567,Li-Ion,6614,0.0,0.0,0.0,0.0
6567,H2,6614,56.920998245126285,818.5247773593441,0.0,0.0
6568,Li-Ion,6615,0.0,0.0,0.0,0.0
6568,H2,6615,56.920998245126285,821.8398901868709,0.0,0.0
6569,Li-Ion,6616,0.0,0.0,0.0,0.0
6569,H2,6616,56.920998245126285,821.6727195406438,0.0,0.0
6570,Li-Ion,6617,0.0,0.0,0.0,0.0
6570,H2,6617,56.920998245126285,817.7847789125248,0.0,0.0
6571,Li-Ion,6618,0.0,0.0,0.0,0.0
6571,H2,6618,56.920998245126285,812.7309026507077,0.0,0.0
6572,Li-Ion,6619,0.0,0.0,0.0,0.0
6572,H2,6619,56.920998245126285,807.6922179707697,0.0,0.0
6573,Li-Ion,6620,0.0,0.0,0.0,0.0
6573,H2,6620,56.920998245126285,788.5879363290524,0.0,0.0
6574,Li-Ion,6621,0.0,0.0,0.0,0.0
6574,H2,6621,56.920998245126285,786.6490541000976,0.0,0.0
6575,Li-Ion,6622,0.0,0.0,0.0,0.0
6575,H2,6622,56.920998245126285,790.1904657403749,0.0,0.0
6576,Li-Ion,6623,0.0,0.0,0.0,0.0
6576,H2,6623,56.920998245126285,788.0800081543362,0.0,0.0
6577,Li-Ion,6624,0.0,0.0,0.0,0.0
6577,H2,6624,56.920998245126285,797.6232956353185,0.0,0.0
6578,Li-Ion,6625,0.0,0.0,0.0,0.0
6578,H2,6625,56.920998245126285,792.6062798906237,0.0,0.0
6579,Li-Ion,6626,0.0,0.0,0.0,0.0
6579,H2,6626,56.920998245126285,789.9628237015888,0.0,0.0
6580,Li-Ion,6627,0.0,0.0,0.0,0.0
6580,H2,6627,56.920998245126285,787.7979089872285,0.0,0.0
6581,Li-Ion,6628,0.0,0.0,0.0,0.0
6581,H2,6628,56.920998245126285,785.2042459173955,0.0,0.0
6582,Li-Ion,6629,0.0,0.0,0.0,0.0
6582,H2,6629,56.920998245126285,780.4485436005843,0.0,0.0
6583,Li-Ion,6630,0.0,0.0,0.0,0.0
6583,H2,6630,56.920998245126285,775.2318128062592,0.0,0.0
6584,Li-Ion,6631,0.0,0.0,0.0,0.0
6584,H2,6631,56.920998245126285,773.3754151154794,0.0,0.0
6585,Li-Ion,6632,0.0,0.0,0.0,0.0
6585,H2,6632,56.920998245126285,768.7264115870488,0.0,0.0
6586,Li-Ion,6633,0.0,0.0,0.0,0.0
6586,H2,6633,56.920998245126285,768.8842311922185,0.0,0.0
6587,Li-Ion,6634,0.0,0.0,0.0,0.0
6587,H2,6634,56.920998245126285,770.6269391357973,0.0,0.0
6588,Li-Ion,6635,0.0,0.0,0.0,0.0
6588,H2,6635,56.920998245126285,774.3647313053352,0.0,0.0
6589,Li-Ion,6636,0.0,4.412404559513875,0.0,0.0
6589,H2,6636,56.920998245126285,775.725703610661,0.0,0.0
6590,Li-Ion,6637,0.0,9.770324381780721,0.0,0.0
6590,H2,6637,56.920998245126285,775.2856964535446,0.0,0.0
6591,Li-Ion,6638,0.0,15.128244204047569,0.0,0.0
6591,H2,6638,56.920998245126285,777.2687760275754,0.0,0.0
6592,Li-Ion,6639,0.0,16.18128491498018,0.0,0.0
6592,H2,6639,56.920998245126285,776.7672994319972,0.0,0.0
6593,Li-Ion,6640,0.0,16.18128491498018,0.0,0.0
6593,H2,6640,56.920998245126285,776.3594225348335,0.0,0.0
6594,Li-Ion,6641,0.0,16.18128491498018,0.0,0.0
6594,H2,6641,56.920998245126285,768.6617041181872,0.0,0.0
6595,Li-Ion,6642,0.0,0.0,0.0,0.0
6595,H2,6642,56.920998245126285,764.949618354748,0.0,0.0
6596,Li-Ion,6643,0.0,0.0,0.0,0.0
6596,H2,6643,56.920998245126285,765.1197533199886,0.0,0.0
6597,Li-Ion,6644,0.0,0.0,0.0,0.0
6597,H2,6644,56.920998245126285,764.0791438250792,0.0,0.0
6598,Li-Ion,6645,0.0,0.0,0.0,0.0
6598,H2,6645,56.920998245126285,759.8355709757975,0.0,0.0
6599,Li-Ion,6646,0.0,0.0,0.0,0.0
6599,H2,6646,56.920998245126285,757.9753237036834,0.0,0.0
6600,Li-Ion,6647,0.0,0.0,0.0,0.0
6600,H2,6647,56.920998245126285,755.0417069969434,0.0,0.0
6601,Li-Ion,6648,0.0,0.0,0.0,0.0
6601,H2,6648,56.920998245126285,755.0079917552699,0.0,0.0
6602,Li-Ion,6649,0.0,0.0,0.0,0.0
6602,H2,6649,56.920998245126285,754.5767144711864,0.0,0.0
6603,Li-Ion,6650,0.0,0.0,0.0,0.0
6603,H2,6650,56.920998245126285,755.1801483095143,0.0,0.0
6604,Li-Ion,6651,0.0,0.0,0.0,0.0
6604,H2,6651,56.920998245126285,755.0319075314546,0.0,0.0
6605,Li-Ion,6652,0.0,4.412404559513875,0.0,0.0
6605,H2,6652,56.920998245126285,756.1691423014341,0.0,0.0
6606,Li-Ion,6653,0.0,9.770324381780721,0.0,0.0
6606,H2,6653,56.920998245126285,756.0630325748133,0.0,0.0
6607,Li-Ion,6654,0.0,15.128244204047569,0.0,0.0
6607,H2,6654,56.920998245126285,756.8622076680214,0.0,0.0
6608,Li-Ion,6655,0.0,16.18128491498018,0.0,0.0
6608,H2,6655,56.920998245126285,754.6464492398358,0.0,0.0
6609,Li-Ion,6656,0.0,0.0,0.0,0.0
6609,H2,6656,56.920998245126285,760.7977727519979,0.0,0.0
6610,Li-Ion,6657,0.0,0.0,0.0,0.0
6610,H2,6657,56.920998245126285,763.3794458484176,0.0,0.0
6611,Li-Ion,6658,0.0,0.0,0.0,0.0
6611,H2,6658,56.920998245126285,768.1474829588884,0.0,0.0
6612,Li-Ion,6659,0.0,0.0,0.0,0.0
6612,H2,6659,56.920998245126285,775.498329823579,0.0,0.0
6613,Li-Ion,6660,0.0,4.412404559513875,0.0,0.0
6613,H2,6660,56.920998245126285,779.542386659358,0.0,0.0
6614,Li-Ion,6661,0.0,9.770324381780721,0.0,0.0
6614,H2,6661,56.920998245126285,781.6878212887887,0.0,0.0
6615,Li-Ion,6662,0.0,8.824809119027748,0.0,0.0
6615,H2,6662,56.920998245126285,790.3174050675094,0.0,0.0
6616,Li-Ion,6663,0.0,16.18128491498018,0.0,0.0
6616,H2,6663,56.920998245126285,791.7659804013588,0.0,0.0
6617,Li-Ion,6664,0.0,0.0,0.0,0.0
6617,H2,6664,56.920998245126285,778.8197807323584,0.0,0.0
6618,Li-Ion,6665,0.0,0.0,0.0,0.0
6618,H2,6665,56.920998245126285,777.1233454317804,0.0,0.0
6619,Li-Ion,6666,0.0,0.0,0.0,0.0
6619,H2,6666,56.920998245126285,775.6082752804974,0.0,0.0
6620,Li-Ion,6667,0.0,0.0,0.0,0.0
6620,H2,6667,56.920998245126285,777.6628926998814,0.0,0.0
6621,Li-Ion,6668,0.0,0.0,0.0,0.0
6621,H2,6668,56.920998245126285,778.0494147289842,0.0,0.0
6622,Li-Ion,6669,0.0,4.412404559513875,0.0,0.0
6622,H2,6669,56.920998245126285,774.5686810252206,0.0,0.0
6623,Li-Ion,6670,0.0,0.0,0.0,0.0
6623,H2,6670,56.920998245126285,777.8586931702631,0.0,0.0
6624,Li-Ion,6671,0.0,0.0,0.0,0.0
6624,H2,6671,56.920998245126285,777.4241932716054,0.0,0.0
6625,Li-Ion,6672,0.0,0.0,0.0,0.0
6625,H2,6672,56.920998245126285,777.329803708925,0.0,0.0
6626,Li-Ion,6673,0.0,0.0,0.0,0.0
6626,H2,6673,56.920998245126285,772.2218763882021,0.0,0.0
6627,Li-Ion,6674,0.0,0.0,0.0,0.0
6627,H2,6674,56.920998245126285,772.0962051285936,0.0,0.0
6628,Li-Ion,6675,0.0,0.0,0.0,0.0
6628,H2,6675,56.920998245126285,768.4105980834837,0.0,0.0
6629,Li-Ion,6676,0.0,0.0,0.0,0.0
6629,H2,6676,56.920998245126285,764.5215257918769,0.0,0.0
6630,Li-Ion,6677,0.0,0.0,0.0,0.0
6630,H2,6677,56.920998245126285,760.4550833785579,0.0,0.0
6631,Li-Ion,6678,0.0,0.0,0.0,0.0
6631,H2,6678,56.920998245126285,752.7189616806482,0.0,0.0
6632,Li-Ion,6679,0.0,0.0,0.0,0.0
6632,H2,6679,56.920998245126285,749.3565958169792,0.0,0.0
6633,Li-Ion,6680,0.0,0.0,0.0,0.0
6633,H2,6680,56.920998245126285,749.949738402191,0.0,0.0
6634,Li-Ion,6681,0.0,0.0,0.0,0.0
6634,H2,6681,56.920998245126285,752.9159807358895,0.0,0.0
6635,Li-Ion,6682,0.0,0.0,0.0,0.0
6635,H2,6682,56.920998245126285,755.8755656988578,0.0,0.0
6636,Li-Ion,6683,0.0,4.412404559513875,0.0,0.0
6636,H2,6683,56.920998245126285,761.4585875243606,0.0,0.0
6637,Li-Ion,6684,0.0,3.466889296760902,0.0,0.0
6637,H2,6684,56.920998245126285,774.4604417145496,0.0,0.0
6638,Li-Ion,6685,0.0,8.824809119027748,0.0,0.0
6638,H2,6685,56.920998245126285,783.0838527272776,0.0,0.0
6639,Li-Ion,6686,0.0,21.539204737247026,0.0,0.0
6639,H2,6686,56.920998245126285,790.9074351498098,0.0,0.0
6640,Li-Ion,6687,0.0,21.539204737247026,0.0,0.0
6640,H2,6687,56.920998245126285,802.0473453452257,0.0,0.0
6641,Li-Ion,6688,0.0,16.18128491498018,0.0,0.0
6641,H2,6688,56.920998245126285,803.1694289764938,0.0,0.0
6642,Li-Ion,6689,0.0,16.18128491498018,0.0,0.0
6642,H2,6689,56.920998245126285,764.1110624213497,0.0,0.0
6643,Li-Ion,6690,0.0,0.0,0.0,0.0
6643,H2,6690,56.920998245126285,759.7574416083727,0.0,0.0
6644,Li-Ion,6691,0.0,0.0,0.0,0.0
6644,H2,6691,56.920998245126285,761.2978055604112,0.0,0.0
6645,Li-Ion,6692,0.0,0.0,0.0,0.0
6645,H2,6692,56.920998245126285,762.210209951844,0.0,0.0
6646,Li-Ion,6693,0.0,4.412404559513875,0.0,0.0
6646,H2,6693,56.920998245126285,762.2915894685336,0.0,0.0
6647,Li-Ion,6694,0.0,9.770324381780721,0.0,0.0
6647,H2,6694,56.920998245126285,761.7502501805516,0.0,0.0
6648,Li-Ion,6695,0.0,15.128244204047569,0.0,0.0
6648,H2,6695,56.920998245126285,762.4531721548249,0.0,0.0
6649,Li-Ion,6696,0.0,16.18128491498018,0.0,0.0
6649,H2,6696,56.920998245126285,763.095320659448,0.0,0.0
6650,Li-Ion,6697,0.0,16.18128491498018,0.0,0.0
6650,H2,6697,56.920998245126285,768.3488527489951,0.0,0.0
6651,Li-Ion,6698,0.0,15.235769652227205,0.0,0.0
6651,H2,6698,56.920998245126285,776.7677719145507,0.0,0.0
6652,Li-Ion,6699,0.0,20.593689474494052,0.0,0.0
6652,H2,6699,56.920998245126285,787.6209428603867,0.0,0.0
6653,Li-Ion,6700,0.0,21.539204737247026,0.0,0.0
6653,H2,6700,56.920998245126285,800.1080955903573,0.0,0.0
6654,Li-Ion,6701,0.0,16.18128491498018,0.0,0.0
6654,H2,6701,56.920998245126285,804.1745380036763,0.0,0.0
6655,Li-Ion,6702,0.0,15.235769652227205,0.0,0.0
6655,H2,6702,56.920998245126285,812.7216685546857,0.0,0.0
6656,Li-Ion,6703,0.0,20.593689474494052,0.0,0.0
6656,H2,6703,56.920998245126285,822.5630129318731,0.0,0.0
6657,Li-Ion,6704,0.0,21.539204737247026,0.0,0.0
6657,H2,6704,56.920998245126285,838.6710499854702,0.0,0.0
6658,Li-Ion,6705,0.0,21.539204737247026,0.0,0.0
6658,H2,6705,56.920998245126285,851.2021270328338,0.0,0.0
6659,Li-Ion,6706,0.0,21.539204737247026,0.0,0.0
6659,H2,6706,56.920998245126285,860.0126625791816,0.0,0.0
6660,Li-Ion,6707,0.0,21.539204737247026,0.0,0.0
6660,H2,6707,56.920998245126285,872.4341995507174,0.0,0.0
6661,Li-Ion,6708,0.0,21.539204737247026,0.0,0.0
6661,H2,6708,56.920998245126285,884.6802247698372,0.0,0.0
6662,Li-Ion,6709,0.0,16.18128491498018,0.0,0.0
6662,H2,6709,56.920998245126285,889.7527572934363,0.0,0.0
6663,Li-Ion,6710,0.0,15.235769652227205,0.0,0.0
6663,H2,6710,56.920998245126285,897.6437371798881,0.0,0.0
6664,Li-Ion,6711,0.0,20.593689474494052,0.0,0.0
6664,H2,6711,56.920998245126285,906.1635877829975,0.0,0.0
6665,Li-Ion,6712,0.0,21.539204737247026,0.0,0.0
6665,H2,6712,56.920998245126285,912.1201172292439,0.0,0.0
6666,Li-Ion,6713,0.0,21.539204737247026,0.0,0.0
6666,H2,6713,56.920998245126285,919.2268972578352,0.0,0.0
6667,Li-Ion,6714,0.0,16.18128491498018,0.0,0.0
6667,H2,6714,56.920998245126285,923.6298957981802,0.0,0.0
6668,Li-Ion,6715,0.0,16.18128491498018,0.0,0.0
6668,H2,6715,56.920998245126285,799.2931986914185,0.0,0.0
6669,Li-Ion,6716,0.0,16.18128491498018,0.0,0.0
6669,H2,6716,56.920998245126285,799.2931986914185,0.0,0.0
6670,Li-Ion,6717,0.0,16.18128491498018,0.0,0.0
6670,H2,6717,56.920998245126285,799.2931986914185,0.0,0.0
6671,Li-Ion,6718,0.0,16.18128491498018,0.0,0.0
6671,H2,6718,56.920998245126285,801.1278964332964,0.0,0.0
6672,Li-Ion,6719,0.0,0.0,0.0,0.0
6672,H2,6719,56.920998245126285,800.7677151035998,0.0,0.0
6673,Li-Ion,6720,0.0,0.0,0.0,0.0
6673,H2,6720,56.920998245126285,804.6111157489918,0.0,0.0
6674,Li-Ion,6721,0.0,0.0,0.0,0.0
6674,H2,6721,56.920998245126285,808.7521711126458,0.0,0.0
6675,Li-Ion,6722,0.0,0.0,0.0,0.0
6675,H2,6722,56.920998245126285,806.9561865147949,0.0,0.0
6676,Li-Ion,6723,0.0,0.0,0.0,0.0
6676,H2,6723,56.920998245126285,809.7974790374545,0.0,0.0
6677,Li-Ion,6724,0.0,0.0,0.0,0.0
6677,H2,6724,56.920998245126285,812.0038749395197,0.0,0.0
6678,Li-Ion,6725,0.0,4.412404559513875,0.0,0.0
6678,H2,6725,56.920998245126285,814.3541094591702,0.0,0.0
6679,Li-Ion,6726,0.0,9.770324381780721,0.0,0.0
6679,H2,6726,56.920998245126285,813.7540148732371,0.0,0.0
6680,Li-Ion,6727,0.0,15.128244204047569,0.0,0.0
6680,H2,6727,56.920998245126285,814.9330960294826,0.0,0.0
6681,Li-Ion,6728,0.0,16.18128491498018,0.0,0.0
6681,H2,6728,56.920998245126285,818.6755694210729,0.0,0.0
6682,Li-Ion,6729,0.0,0.0,0.0,0.0
6682,H2,6729,56.920998245126285,826.8257582860124,0.0,0.0
6683,Li-Ion,6730,0.0,0.0,0.0,0.0
6683,H2,6730,56.920998245126285,823.8320807707631,0.0,0.0
6684,Li-Ion,6731,0.0,0.0,0.0,0.0
6684,H2,6731,56.920998245126285,833.2757034188938,0.0,0.0
6685,Li-Ion,6732,0.0,4.412404559513875,0.0,0.0
6685,H2,6732,56.920998245126285,822.9244051050002,0.0,0.0
6686,Li-Ion,6733,0.0,0.0,0.0,0.0
6686,H2,6733,56.920998245126285,797.1262121036089,0.0,0.0
6687,Li-Ion,6734,0.0,0.0,0.0,0.0
6687,H2,6734,56.920998245126285,803.0711584109109,0.0,0.0
6688,Li-Ion,6735,0.0,0.0,0.0,0.0
6688,H2,6735,56.920998245126285,793.4750998864821,0.0,0.0
6689,Li-Ion,6736,0.0,0.0,0.0,0.0
6689,H2,6736,56.920998245126285,797.7617380178339,0.0,0.0
6690,Li-Ion,6737,0.0,0.0,0.0,0.0
6690,H2,6737,56.920998245126285,795.6078579061053,0.0,0.0
6691,Li-Ion,6738,0.0,0.0,0.0,0.0
6691,H2,6738,56.920998245126285,802.0483761491859,0.0,0.0
6692,Li-Ion,6739,0.0,0.0,0.0,0.0
6692,H2,6739,56.920998245126285,797.3049596589333,0.0,0.0
6693,Li-Ion,6740,0.0,0.0,0.0,0.0
6693,H2,6740,56.920998245126285,802.1218252685294,0.0,0.0
6694,Li-Ion,6741,0.0,0.0,0.0,0.0
6694,H2,6741,56.920998245126285,805.8782359216373,0.0,0.0
6695,Li-Ion,6742,0.0,0.0,0.0,0.0
6695,H2,6742,56.920998245126285,810.1648740529893,0.0,0.0
6696,Li-Ion,6743,0.0,0.0,0.0,0.0
6696,H2,6743,56.920998245126285,824.5051549749326,0.0,0.0
6697,Li-Ion,6744,0.0,0.0,0.0,0.0
6697,H2,6744,56.920998245126285,827.1349272130723,0.0,0.0
6698,Li-Ion,6745,0.0,0.0,0.0,0.0
6698,H2,6745,56.920998245126285,828.6376720779547,0.0,0.0
6699,Li-Ion,6746,0.0,0.0,0.0,0.0
6699,H2,6746,56.920998245126285,827.9353091515119,0.0,0.0
6700,Li-Ion,6747,0.0,0.0,0.0,0.0
6700,H2,6747,56.920998245126285,832.7943211446753,0.0,0.0
6701,Li-Ion,6748,0.0,0.0,0.0,0.0
6701,H2,6748,56.920998245126285,838.2264469242584,0.0,0.0
6702,Li-Ion,6749,0.0,0.0,0.0,0.0
6702,H2,6749,56.920998245126285,843.616102524296,0.0,0.0
6703,Li-Ion,6750,0.0,0.0,0.0,0.0
6703,H2,6750,56.920998245126285,849.0083772808057,0.0,0.0
6704,Li-Ion,6751,0.0,0.0,0.0,0.0
6704,H2,6751,56.920998245126285,849.8506119882594,0.0,0.0
6705,Li-Ion,6752,0.0,0.0,0.0,0.0
6705,H2,6752,56.920998245126285,857.7432854827939,0.0,0.0
6706,Li-Ion,6753,0.0,0.0,0.0,0.0
6706,H2,6753,56.920998245126285,863.8986976638342,0.0,0.0
6707,Li-Ion,6754,0.0,0.0,0.0,0.0
6707,H2,6754,56.920998245126285,868.4114671083872,0.0,0.0
6708,Li-Ion,6755,0.0,0.0,0.0,0.0
6708,H2,6755,56.920998245126285,867.9717555620184,0.0,0.0
6709,Li-Ion,6756,0.0,0.0,0.0,0.0
6709,H2,6756,56.920998245126285,872.0208908297035,0.0,0.0
6710,Li-Ion,6757,0.0,5.8434025942989765,0.0,0.0
6710,H2,6757,56.920998245126285,862.0613099881137,0.0,0.0
6711,Li-Ion,6758,0.0,5.955530693988573,0.0,0.0
6711,H2,6758,56.920998245126285,866.3479481194657,0.0,0.0
6712,Li-Ion,6759,0.0,5.8176713880448165,0.0,0.0
6712,H2,6759,56.920998245126285,866.3479481194657,0.0,0.0
6713,Li-Ion,6760,0.0,1.2580386209608099,0.0,0.0
6713,H2,6760,56.920998245126285,871.9139931956793,0.0,0.0
6714,Li-Ion,6761,0.0,0.0,0.0,0.0
6714,H2,6761,56.920998245126285,883.8254059967567,0.0,0.0
6715,Li-Ion,6762,0.0,0.0,0.0,0.0
6715,H2,6762,56.920998245126285,884.864836386025,0.0,0.0
6716,Li-Ion,6763,0.0,1.5880131673272053,0.0,0.0
6716,H2,6763,56.920998245126285,879.2078625135217,0.0,0.0
6717,Li-Ion,6764,0.0,1.3867358690186,0.0,0.0
6717,H2,6764,56.920998245126285,883.4945006448737,0.0,0.0
6718,Li-Ion,6765,0.0,0.0,0.0,0.0
6718,H2,6765,56.920998245126285,879.6316651145238,0.0,0.0
6719,Li-Ion,6766,0.0,0.0,0.0,0.0
6719,H2,6766,56.920998245126285,882.0381544591227,0.0,0.0
6720,Li-Ion,6767,0.0,0.0,0.0,0.0
6720,H2,6767,56.920998245126285,888.0069469150778,0.0,0.0
6721,Li-Ion,6768,0.0,0.0,0.0,0.0
6721,H2,6768,56.920998245126285,888.5260295620659,0.0,0.0
6722,Li-Ion,6769,0.0,0.0,0.0,0.0
6722,H2,6769,56.920998245126285,887.969093207536,0.0,0.0
6723,Li-Ion,6770,0.0,0.0,0.0,0.0
6723,H2,6770,56.920998245126285,893.3763491079237,0.0,0.0
6724,Li-Ion,6771,0.0,0.5778187560941932,0.0,0.0
6724,H2,6771,56.920998245126285,899.574827514471,0.0,0.0
6725,Li-Ion,6772,0.0,0.6381829099391023,0.0,0.0
6725,H2,6772,56.920998245126285,899.6121044435291,0.0,0.0
6726,Li-Ion,6773,0.0,1.4957551074185345,0.0,0.0
6726,H2,6773,56.920998245126285,899.6174676664407,0.0,0.0
6727,Li-Ion,6774,0.0,1.6208589024425546,0.0,0.0
6727,H2,6774,56.920998245126285,903.7426968214627,0.0,0.0
6728,Li-Ion,6775,0.0,1.6088897644324058,0.0,0.0
6728,H2,6775,56.920998245126285,903.4780711023045,0.0,0.0
6729,Li-Ion,6776,0.0,0.7047843567724366,0.0,0.0
6729,H2,6776,56.920998245126285,903.7118962370527,0.0,0.0
6730,Li-Ion,6777,0.0,0.2179473963573768,0.0,0.0
6730,H2,6777,56.920998245126285,906.899314211452,0.0,0.0
6731,Li-Ion,6778,0.0,0.43855699474063137,0.0,0.0
6731,H2,6778,56.920998245126285,911.2464783372197,0.0,0.0
6732,Li-Ion,6779,0.0,0.0,0.0,0.0
6732,H2,6779,56.920998245126285,911.1400123990046,0.0,0.0
6733,Li-Ion,6780,0.0,0.10852441947677516,0.0,0.0
6733,H2,6780,56.920998245126285,915.5355703960363,0.0,0.0
6734,Li-Ion,6781,0.0,6.8519725679176435,0.0,0.0
6734,H2,6781,56.920998245126285,918.2619091070848,0.0,0.0
6735,Li-Ion,6782,0.0,6.6035980402381735,0.0,0.0
6735,H2,6782,56.920998245126285,918.2619091070848,0.0,0.0
6736,Li-Ion,6783,0.0,6.473727016182004,0.0,0.0
6736,H2,6783,56.920998245126285,918.2619091070848,0.0,0.0
6737,Li-Ion,6784,0.0,6.273386497346619,0.0,0.0
6737,H2,6784,56.920998245126285,916.1081450382973,0.0,0.0
6738,Li-Ion,6785,0.0,0.0,0.0,0.0
6738,H2,6785,56.920998245126285,912.7601857372148,0.0,0.0
6739,Li-Ion,6786,0.0,0.0,0.0,0.0
6739,H2,6786,56.920998245126285,906.6213120577921,0.0,0.0
6740,Li-Ion,6787,0.0,0.0,0.0,0.0
6740,H2,6787,56.920998245126285,907.1515694547335,0.0,0.0
6741,Li-Ion,6788,0.0,0.0,0.0,0.0
6741,H2,6788,56.920998245126285,897.6647364742283,0.0,0.0
6742,Li-Ion,6789,0.0,0.0,0.0,0.0
6742,H2,6789,56.920998245126285,892.9213199839755,0.0,0.0
6743,Li-Ion,6790,0.0,0.0,0.0,0.0
6743,H2,6790,56.920998245126285,892.9213199839755,0.0,0.0
6744,Li-Ion,6791,0.0,0.0,0.0,0.0
6744,H2,6791,56.920998245126285,888.1779034937231,0.0,0.0
6745,Li-Ion,6792,0.0,0.0,0.0,0.0
6745,H2,6792,56.920998245126285,888.9861681054533,0.0,0.0
6746,Li-Ion,6793,0.0,0.0,0.0,0.0
6746,H2,6793,56.920998245126285,884.8108479779861,0.0,0.0
6747,Li-Ion,6794,0.0,0.0,0.0,0.0
6747,H2,6794,56.920998245126285,880.2759489143676,0.0,0.0
6748,Li-Ion,6795,0.0,0.0,0.0,0.0
6748,H2,6795,56.920998245126285,877.0759626742404,0.0,0.0
6749,Li-Ion,6796,0.0,0.0,0.0,0.0
6749,H2,6796,56.920998245126285,875.3834620391121,0.0,0.0
6750,Li-Ion,6797,0.0,0.0,0.0,0.0
6750,H2,6797,56.920998245126285,874.6522626315339,0.0,0.0
6751,Li-Ion,6798,0.0,0.0,0.0,0.0
6751,H2,6798,56.920998245126285,873.7005876327113,0.0,0.0
6752,Li-Ion,6799,0.0,0.0,0.0,0.0
6752,H2,6799,56.920998245126285,874.0997550127353,0.0,0.0
6753,Li-Ion,6800,0.0,1.44291402483308,0.0,0.0
6753,H2,6800,56.920998245126285,874.0997550127353,0.0,0.0
6754,Li-Ion,6801,0.0,1.3031457308605199,0.0,0.0
6754,H2,6801,56.920998245126285,874.0997550127353,0.0,0.0
6755,Li-Ion,6802,0.0,0.0,0.0,0.0
6755,H2,6802,56.920998245126285,874.0997550127353,0.0,0.0
6756,Li-Ion,6803,0.0,0.33486915250572485,0.0,0.0
6756,H2,6803,56.920998245126285,878.3863931440873,0.0,0.0
6757,Li-Ion,6804,0.0,0.3973526042387209,0.0,0.0
6757,H2,6804,56.920998245126285,879.7721664603263,0.0,0.0
6758,Li-Ion,6805,0.0,3.322346905737903,0.0,0.0
6758,H2,6805,56.920998245126285,880.7284265756506,0.0,0.0
6759,Li-Ion,6806,0.0,4.818763822752081,0.0,0.0
6759,H2,6806,56.920998245126285,880.7284265756506,0.0,0.0
6760,Li-Ion,6807,0.0,4.454344574033349,0.0,0.0
6760,H2,6807,56.920998245126285,880.7284265756506,0.0,0.0
6761,Li-Ion,6808,0.0,0.0,0.0,0.0
6761,H2,6808,56.920998245126285,887.0300756287737,0.0,0.0
6762,Li-Ion,6809,0.0,0.0,0.0,0.0
6762,H2,6809,56.920998245126285,891.5404475526661,0.0,0.0
6763,Li-Ion,6810,0.0,0.0,0.0,0.0
6763,H2,6810,56.920998245126285,885.3756543087076,0.0,0.0
6764,Li-Ion,6811,0.0,0.0,0.0,0.0
6764,H2,6811,56.920998245126285,895.432403073225,0.0,0.0
6765,Li-Ion,6812,0.0,0.0,0.0,0.0
6765,H2,6812,56.920998245126285,879.9244711607766,0.0,0.0
6766,Li-Ion,6813,0.0,0.0,0.0,0.0
6766,H2,6813,56.920998245126285,881.866544920364,0.0,0.0
6767,Li-Ion,6814,0.0,0.0,0.0,0.0
6767,H2,6814,56.920998245126285,874.0339120870782,0.0,0.0
6768,Li-Ion,6815,0.0,0.0,0.0,0.0
6768,H2,6815,56.920998245126285,870.1081097431778,0.0,0.0
6769,Li-Ion,6816,0.0,2.9280176258779633,0.0,0.0
6769,H2,6816,56.920998245126285,858.4589904022408,0.0,0.0
6770,Li-Ion,6817,0.0,1.7647540774803585,0.0,0.0
6770,H2,6817,56.920998245126285,858.4589904022408,0.0,0.0
6771,Li-Ion,6818,0.0,1.762726320025897,0.0,0.0
6771,H2,6818,56.920998245126285,855.0122974893169,0.0,0.0
6772,Li-Ion,6819,0.0,1.819086479945616,0.0,0.0
6772,H2,6819,56.920998245126285,851.6587968990381,0.0,0.0
6773,Li-Ion,6820,0.0,2.6429064674930447,0.0,0.0
6773,H2,6820,56.920998245126285,848.3187043660383,0.0,0.0
6774,Li-Ion,6821,0.0,0.31914375093365044,0.0,0.0
6774,H2,6821,56.920998245126285,861.5034445493338,0.0,0.0
6775,Li-Ion,6822,0.0,0.4282570595857121,0.0,0.0
6775,H2,6822,56.920998245126285,856.774713676535,0.0,0.0
6776,Li-Ion,6823,0.0,0.0,0.0,0.0
6776,H2,6823,56.920998245126285,854.5211381313452,0.0,0.0
6777,Li-Ion,6824,0.0,0.0,0.0,0.0
6777,H2,6824,56.920998245126285,853.1639612919872,0.0,0.0
6778,Li-Ion,6825,0.0,0.0,0.0,0.0
6778,H2,6825,56.920998245126285,851.5963095761238,0.0,0.0
6779,Li-Ion,6826,0.0,0.0,0.0,0.0
6779,H2,6826,56.920998245126285,847.688420602408,0.0,0.0
6780,Li-Ion,6827,0.0,0.0,0.0,0.0
6780,H2,6827,56.920998245126285,844.040287946868,0.0,0.0
6781,Li-Ion,6828,0.0,0.0,0.0,0.0
6781,H2,6828,56.920998245126285,846.8666619590313,0.0,0.0
6782,Li-Ion,6829,0.0,0.0,0.0,0.0
6782,H2,6829,56.920998245126285,842.1473548640467,0.0,0.0
6783,Li-Ion,6830,0.0,0.0,0.0,0.0
6783,H2,6830,56.920998245126285,843.4210127881222,0.0,0.0
6784,Li-Ion,6831,0.0,0.0,0.0,0.0
6784,H2,6831,56.920998245126285,842.3641797199351,0.0,0.0
6785,Li-Ion,6832,0.0,5.502816208385178,0.0,0.0
6785,H2,6832,56.920998245126285,824.5184540123136,0.0,0.0
6786,Li-Ion,6833,0.0,0.0,0.0,0.0
6786,H2,6833,56.920998245126285,835.2584469492069,0.0,0.0
6787,Li-Ion,6834,0.0,0.0,0.0,0.0
6787,H2,6834,56.920998245126285,830.8004639651166,0.0,0.0
6788,Li-Ion,6835,0.0,4.803558168145132,0.0,0.0
6788,H2,6835,56.920998245126285,815.0316210318086,0.0,0.0
6789,Li-Ion,6836,0.0,4.3966725549375685,0.0,0.0
6789,H2,6836,56.920998245126285,810.2882045415562,0.0,0.0
6790,Li-Ion,6837,0.0,0.7221851486533684,0.0,0.0
6790,H2,6837,56.920998245126285,810.2882045415562,0.0,0.0
6791,Li-Ion,6838,0.0,0.9857786403764067,0.0,0.0
6791,H2,6838,56.920998245126285,805.5447880513037,0.0,0.0
6792,Li-Ion,6839,0.0,0.0,0.0,0.0
6792,H2,6839,56.920998245126285,806.5725875835648,0.0,0.0
6793,Li-Ion,6840,0.0,1.1944933994313245,0.0,0.0
6793,H2,6840,56.920998245126285,796.1526336639441,0.0,0.0
6794,Li-Ion,6841,0.0,0.0,0.0,0.0
6794,H2,6841,56.920998245126285,791.5361390615626,0.0,0.0
6795,Li-Ion,6842,0.0,0.0,0.0,0.0
6795,H2,6842,56.920998245126285,794.7155025271576,0.0,0.0
6796,Li-Ion,6843,0.0,0.0,0.0,0.0
6796,H2,6843,56.920998245126285,789.5468886140653,0.0,0.0
6797,Li-Ion,6844,0.0,0.0,0.0,0.0
6797,H2,6844,56.920998245126285,879.5470405883373,0.0,0.0
6798,Li-Ion,6845,0.0,0.0,0.0,0.0
6798,H2,6845,56.920998245126285,872.1612484989594,0.0,0.0
6799,Li-Ion,6846,0.0,0.0,0.0,0.0
6799,H2,6846,56.920998245126285,876.9374773230918,0.0,0.0
6800,Li-Ion,6847,0.0,0.0,0.0,0.0
6800,H2,6847,56.920998245126285,865.8865821838999,0.0,0.0
6801,Li-Ion,6848,0.0,0.0,0.0,0.0
6801,H2,6848,56.920998245126285,865.5857072759233,0.0,0.0
6802,Li-Ion,6849,0.0,0.0,0.0,0.0
6802,H2,6849,56.920998245126285,861.200326881212,0.0,0.0
6803,Li-Ion,6850,0.0,0.0,0.0,0.0
6803,H2,6850,56.920998245126285,852.0778809637468,0.0,0.0
6804,Li-Ion,6851,0.0,0.0,0.0,0.0
6804,H2,6851,56.920998245126285,843.0478263421423,0.0,0.0
6805,Li-Ion,6852,0.0,0.0,0.0,0.0
6805,H2,6852,56.920998245126285,834.0177717205379,0.0,0.0
6806,Li-Ion,6853,0.0,0.0,0.0,0.0
6806,H2,6853,56.920998245126285,824.9877170989334,0.0,0.0
6807,Li-Ion,6854,0.0,0.0,0.0,0.0
6807,H2,6854,56.920998245126285,815.957662477329,0.0,0.0
6808,Li-Ion,6855,0.0,0.0,0.0,0.0
6808,H2,6855,56.920998245126285,806.9276078557245,0.0,0.0
6809,Li-Ion,6856,0.0,0.0,0.0,0.0
6809,H2,6856,56.920998245126285,809.1499583786672,0.0,0.0
6810,Li-Ion,6857,0.0,4.412404559513875,0.0,0.0
6810,H2,6857,56.920998245126285,802.8824823561129,0.0,0.0
6811,Li-Ion,6858,0.0,0.0,0.0,0.0
6811,H2,6858,56.920998245126285,793.7185757757904,0.0,0.0
6812,Li-Ion,6859,0.0,0.0,0.0,0.0
6812,H2,6859,56.920998245126285,794.5802257519797,0.0,0.0
6813,Li-Ion,6860,0.0,0.0,0.0,0.0
6813,H2,6860,56.920998245126285,788.6111390871612,0.0,0.0
6814,Li-Ion,6861,0.0,0.0,0.0,0.0
6814,H2,6861,56.920998245126285,788.6111390871612,0.0,0.0
6815,Li-Ion,6862,0.0,0.0,0.0,0.0
6815,H2,6862,56.920998245126285,793.0869969387339,0.0,0.0
6816,Li-Ion,6863,0.0,0.0,0.0,0.0
6816,H2,6863,56.920998245126285,792.7317308550023,0.0,0.0
6817,Li-Ion,6864,0.0,0.0,0.0,0.0
6817,H2,6864,56.920998245126285,789.8691121140422,0.0,0.0
6818,Li-Ion,6865,0.0,0.0,0.0,0.0
6818,H2,6865,56.920998245126285,789.8691121140422,0.0,0.0
6819,Li-Ion,6866,0.0,0.15605000948413938,0.0,0.0
6819,H2,6866,56.920998245126285,789.8691121140422,0.0,0.0
6820,Li-Ion,6867,0.0,0.42765778919598785,0.0,0.0
6820,H2,6867,56.920998245126285,794.155750245394,0.0,0.0
6821,Li-Ion,6868,0.0,0.6881283592034264,0.0,0.0
6821,H2,6868,56.920998245126285,798.442388376746,0.0,0.0
6822,Li-Ion,6869,0.0,1.1902247503475971,0.0,0.0
6822,H2,6869,56.920998245126285,802.7290265080977,0.0,0.0
6823,Li-Ion,6870,0.0,1.8652244782438383,0.0,0.0
6823,H2,6870,56.920998245126285,802.7290265080977,0.0,0.0
6824,Li-Ion,6871,0.0,2.466569265470767,0.0,0.0
6824,H2,6871,56.920998245126285,807.0156646394497,0.0,0.0
6825,Li-Ion,6872,0.0,0.0,0.0,0.0
6825,H2,6872,56.920998245126285,810.744458017882,0.0,0.0
6826,Li-Ion,6873,0.0,0.0,0.0,0.0
6826,H2,6873,56.920998245126285,815.5889409021537,0.0,0.0
6827,Li-Ion,6874,0.0,0.0,0.0,0.0
6827,H2,6874,56.920998245126285,822.0263229395135,0.0,0.0
6828,Li-Ion,6875,0.0,0.0,0.0,0.0
6828,H2,6875,56.920998245126285,824.7144084161469,0.0,0.0
6829,Li-Ion,6876,0.0,0.0,0.0,0.0
6829,H2,6876,56.920998245126285,838.7224347441203,0.0,0.0
6830,Li-Ion,6877,0.0,0.0,0.0,0.0
6830,H2,6877,56.920998245126285,843.4282989341762,0.0,0.0
6831,Li-Ion,6878,0.0,0.0,0.0,0.0
6831,H2,6878,56.920998245126285,847.4914715593225,0.0,0.0
6832,Li-Ion,6879,0.0,0.0,0.0,0.0
6832,H2,6879,56.920998245126285,851.2844017725921,0.0,0.0
6833,Li-Ion,6880,0.0,0.0,0.0,0.0
6833,H2,6880,56.920998245126285,849.5645136841722,0.0,0.0
6834,Li-Ion,6881,0.0,0.0,0.0,0.0
6834,H2,6881,56.920998245126285,837.0221315589137,0.0,0.0
6835,Li-Ion,6882,0.0,0.0,0.0,0.0
6835,H2,6882,56.920998245126285,837.0221315589137,0.0,0.0
6836,Li-Ion,6883,0.0,0.0,0.0,0.0
6836,H2,6883,56.920998245126285,837.2352675377401,0.0,0.0
6837,Li-Ion,6884,0.0,0.0,0.0,0.0
6837,H2,6884,56.920998245126285,849.1007664744865,0.0,0.0
6838,Li-Ion,6885,0.0,0.0,0.0,0.0
6838,H2,6885,56.920998245126285,862.3985918491277,0.0,0.0
6839,Li-Ion,6886,0.0,0.0,0.0,0.0
6839,H2,6886,56.920998245126285,854.5912218951111,0.0,0.0
6840,Li-Ion,6887,0.0,0.0,0.0,0.0
6840,H2,6887,56.920998245126285,860.1120668214426,0.0,0.0
6841,Li-Ion,6888,0.0,10.977703347564397,0.0,0.0
6841,H2,6888,56.920998245126285,841.808005359685,0.0,0.0
6842,Li-Ion,6889,0.0,0.0,0.0,0.0
6842,H2,6889,56.920998245126285,847.4309353741204,0.0,0.0
6843,Li-Ion,6890,0.0,1.5380667864903073,0.0,0.0
6843,H2,6890,56.920998245126285,843.1879565352539,0.0,0.0
6844,Li-Ion,6891,0.0,0.5493064369711851,0.0,0.0
6844,H2,6891,56.920998245126285,839.8069536161646,0.0,0.0
6845,Li-Ion,6892,0.0,0.0,0.0,0.0
6845,H2,6892,56.920998245126285,839.7901767918518,0.0,0.0
6846,Li-Ion,6893,0.0,0.0,0.0,0.0
6846,H2,6893,56.920998245126285,838.0399237796904,0.0,0.0
6847,Li-Ion,6894,0.0,0.0,0.0,0.0
6847,H2,6894,56.920998245126285,842.3714619773846,0.0,0.0
6848,Li-Ion,6895,0.0,0.0,0.0,0.0
6848,H2,6895,56.920998245126285,834.3362818047462,0.0,0.0
6849,Li-Ion,6896,0.0,0.0,0.0,0.0
6849,H2,6896,56.920998245126285,847.4223443323741,0.0,0.0
6850,Li-Ion,6897,0.0,0.0,0.0,0.0
6850,H2,6897,56.920998245126285,846.1453961516235,0.0,0.0
6851,Li-Ion,6898,0.0,0.0,0.0,0.0
6851,H2,6898,56.920998245126285,837.4828590681658,0.0,0.0
6852,Li-Ion,6899,0.0,0.0,0.0,0.0
6852,H2,6899,56.920998245126285,832.9044792921575,0.0,0.0
6853,Li-Ion,6900,0.0,0.0,0.0,0.0
6853,H2,6900,56.920998245126285,833.4920891686852,0.0,0.0
6854,Li-Ion,6901,0.0,0.0,0.0,0.0
6854,H2,6901,56.920998245126285,830.1828240060353,0.0,0.0
6855,Li-Ion,6902,0.0,0.0,0.0,0.0
6855,H2,6902,56.920998245126285,830.1828240060353,0.0,0.0
6856,Li-Ion,6903,0.0,0.0,0.0,0.0
6856,H2,6903,56.920998245126285,830.1828240060353,0.0,0.0
6857,Li-Ion,6904,0.0,0.0,0.0,0.0
6857,H2,6904,56.920998245126285,825.9906689694759,0.0,0.0
6858,Li-Ion,6905,0.0,0.0,0.0,0.0
6858,H2,6905,56.920998245126285,825.7047818900083,0.0,0.0
6859,Li-Ion,6906,0.0,0.0,0.0,0.0
6859,H2,6906,56.920998245126285,825.8224965177009,0.0,0.0
6860,Li-Ion,6907,0.0,0.0,0.0,0.0
6860,H2,6907,56.920998245126285,825.4581922898159,0.0,0.0
6861,Li-Ion,6908,0.0,0.0,0.0,0.0
6861,H2,6908,56.920998245126285,825.4394075157827,0.0,0.0
6862,Li-Ion,6909,0.0,0.0,0.0,0.0
6862,H2,6909,56.920998245126285,826.8292996985801,0.0,0.0
6863,Li-Ion,6910,0.0,0.0,0.0,0.0
6863,H2,6910,56.920998245126285,829.5806776964741,0.0,0.0
6864,Li-Ion,6911,0.0,0.0,0.0,0.0
6864,H2,6911,56.920998245126285,833.8673158278261,0.0,0.0
6865,Li-Ion,6912,0.0,0.0,0.0,0.0
6865,H2,6912,56.920998245126285,835.1715452365864,0.0,0.0
6866,Li-Ion,6913,0.0,0.0,0.0,0.0
6866,H2,6913,56.920998245126285,839.1668293865104,0.0,0.0
6867,Li-Ion,6914,0.0,0.0,0.0,0.0
6867,H2,6914,56.920998245126285,850.756338312084,0.0,0.0
6868,Li-Ion,6915,0.0,1.1563484819572478,0.0,0.0
6868,H2,6915,56.920998245126285,847.5508141399018,0.0,0.0
6869,Li-Ion,6916,0.0,0.6607155338037849,0.0,0.0
6869,H2,6916,56.920998245126285,847.5718938827845,0.0,0.0
6870,Li-Ion,6917,0.0,0.3206314857769019,0.0,0.0
6870,H2,6917,56.920998245126285,847.6006642849367,0.0,0.0
6871,Li-Ion,6918,0.0,5.430415340117926,0.0,0.0
6871,H2,6918,56.920998245126285,846.7229440052924,0.0,0.0
6872,Li-Ion,6919,0.0,0.0,0.0,0.0
6872,H2,6919,56.920998245126285,859.4792297135996,0.0,0.0
6873,Li-Ion,6920,0.0,0.0,0.0,0.0
6873,H2,6920,56.920998245126285,857.5176360285626,0.0,0.0
6874,Li-Ion,6921,0.0,0.0,0.0,0.0
6874,H2,6921,56.920998245126285,854.2619482836394,0.0,0.0
6875,Li-Ion,6922,0.0,0.0,0.0,0.0
6875,H2,6922,56.920998245126285,854.2404894323681,0.0,0.0
6876,Li-Ion,6923,0.0,0.0,0.0,0.0
6876,H2,6923,56.920998245126285,856.7862847969625,0.0,0.0
6877,Li-Ion,6924,0.0,0.0,0.0,0.0
6877,H2,6924,56.920998245126285,855.292536108341,0.0,0.0
6878,Li-Ion,6925,0.0,0.0,0.0,0.0
6878,H2,6925,56.920998245126285,871.4795303091005,0.0,0.0
6879,Li-Ion,6926,0.0,0.0,0.0,0.0
6879,H2,6926,56.920998245126285,868.825014883662,0.0,0.0
6880,Li-Ion,6927,0.0,0.0,0.0,0.0
6880,H2,6927,56.920998245126285,863.2807500645316,0.0,0.0
6881,Li-Ion,6928,0.0,0.0,0.0,0.0
6881,H2,6928,56.920998245126285,858.8876955314418,0.0,0.0
6882,Li-Ion,6929,0.0,0.0,0.0,0.0
6882,H2,6929,56.920998245126285,851.3236089072162,0.0,0.0
6883,Li-Ion,6930,0.0,4.182131864365895,0.0,0.0
6883,H2,6930,56.920998245126285,836.586375836167,0.0,0.0
6884,Li-Ion,6931,0.0,5.395128695869274,0.0,0.0
6884,H2,6931,56.920998245126285,832.2898523314364,0.0,0.0
6885,Li-Ion,6932,0.0,0.0,0.0,0.0
6885,H2,6932,56.920998245126285,844.3216968307364,0.0,0.0
6886,Li-Ion,6933,0.0,0.0,0.0,0.0
6886,H2,6933,56.920998245126285,839.9175040396688,0.0,0.0
6887,Li-Ion,6934,0.0,0.0,0.0,0.0
6887,H2,6934,56.920998245126285,840.5408405783041,0.0,0.0
6888,Li-Ion,6935,0.0,0.0,0.0,0.0
6888,H2,6935,56.920998245126285,836.4045949299075,0.0,0.0
6889,Li-Ion,6936,0.0,0.0,0.0,0.0
6889,H2,6936,56.920998245126285,830.7911015987403,0.0,0.0
6890,Li-Ion,6937,0.0,0.0,0.0,0.0
6890,H2,6937,56.920998245126285,826.4928273057382,0.0,0.0
6891,Li-Ion,6938,0.0,0.0,0.0,0.0
6891,H2,6938,56.920998245126285,821.7157222550405,0.0,0.0
6892,Li-Ion,6939,0.0,0.0,0.0,0.0
6892,H2,6939,56.920998245126285,816.6709266460413,0.0,0.0
6893,Li-Ion,6940,0.0,0.0,0.0,0.0
6893,H2,6940,56.920998245126285,815.4132506410339,0.0,0.0
6894,Li-Ion,6941,0.0,0.0,0.0,0.0
6894,H2,6941,56.920998245126285,810.6915081350837,0.0,0.0
6895,Li-Ion,6942,0.0,2.2531585465731476,0.0,0.0
6895,H2,6942,56.920998245126285,799.9541564923818,0.0,0.0
6896,Li-Ion,6943,0.0,1.2558972347382573,0.0,0.0
6896,H2,6943,56.920998245126285,799.7462999817789,0.0,0.0
6897,Li-Ion,6944,0.0,0.9687024593059919,0.0,0.0
6897,H2,6944,56.920998245126285,798.5120110184387,0.0,0.0
6898,Li-Ion,6945,0.0,0.0,0.0,0.0
6898,H2,6945,56.920998245126285,810.8621062209961,0.0,0.0
6899,Li-Ion,6946,0.0,0.0,0.0,0.0
6899,H2,6946,56.920998245126285,808.6040366651081,0.0,0.0
6900,Li-Ion,6947,0.0,0.0,0.0,0.0
6900,H2,6947,56.920998245126285,809.8171646170858,0.0,0.0
6901,Li-Ion,6948,0.0,0.0,0.0,0.0
6901,H2,6948,56.920998245126285,815.5297002847826,0.0,0.0
6902,Li-Ion,6949,0.0,0.0,0.0,0.0
6902,H2,6949,56.920998245126285,810.9292878478768,0.0,0.0
6903,Li-Ion,6950,0.0,15.128244204047569,0.0,0.0
6903,H2,6950,56.920998245126285,795.3483906574007,0.0,0.0
6904,Li-Ion,6951,0.0,16.18128491498018,0.0,0.0
6904,H2,6951,56.920998245126285,807.7498227458506,0.0,0.0
6905,Li-Ion,6952,0.0,16.18128491498018,0.0,0.0
6905,H2,6952,56.920998245126285,792.1322879658906,0.0,0.0
6906,Li-Ion,6953,0.0,0.0,0.0,0.0
6906,H2,6953,56.920998245126285,787.2587723212307,0.0,0.0
6907,Li-Ion,6954,0.0,0.0,0.0,0.0
6907,H2,6954,56.920998245126285,782.5964556038508,0.0,0.0
6908,Li-Ion,6955,0.0,0.0,0.0,0.0
6908,H2,6955,56.920998245126285,781.2551881580298,0.0,0.0
6909,Li-Ion,6956,0.0,0.0,0.0,0.0
6909,H2,6956,56.920998245126285,777.7104986534354,0.0,0.0
6910,Li-Ion,6957,0.0,0.0,0.0,0.0
6910,H2,6957,56.920998245126285,775.6286924882586,0.0,0.0
6911,Li-Ion,6958,0.0,0.0,0.0,0.0
6911,H2,6958,56.920998245126285,771.801813775972,0.0,0.0
6912,Li-Ion,6959,0.0,0.0,0.0,0.0
6912,H2,6959,56.920998245126285,774.1016663205237,0.0,0.0
6913,Li-Ion,6960,0.0,0.0,0.0,0.0
6913,H2,6960,56.920998245126285,771.9098187293353,0.0,0.0
6914,Li-Ion,6961,0.0,4.412404559513875,0.0,0.0
6914,H2,6961,56.920998245126285,771.5418467383495,0.0,0.0
6915,Li-Ion,6962,0.0,9.770324381780721,0.0,0.0
6915,H2,6962,56.920998245126285,769.3145264827963,0.0,0.0
6916,Li-Ion,6963,0.0,0.0,0.0,0.0
6916,H2,6963,56.920998245126285,771.4278152981706,0.0,0.0
6917,Li-Ion,6964,0.0,0.0,0.0,0.0
6917,H2,6964,56.920998245126285,770.4162998566296,0.0,0.0
6918,Li-Ion,6965,0.0,0.0,0.0,0.0
6918,H2,6965,56.920998245126285,770.6788226611438,0.0,0.0
6919,Li-Ion,6966,0.0,0.0,0.0,0.0
6919,H2,6966,56.920998245126285,768.8476594774545,0.0,0.0
6920,Li-Ion,6967,0.0,4.412404559513875,0.0,0.0
6920,H2,6967,56.920998245126285,767.7103882496899,0.0,0.0
6921,Li-Ion,6968,0.0,0.0,0.0,0.0
6921,H2,6968,56.920998245126285,773.1877473436483,0.0,0.0
6922,Li-Ion,6969,0.0,0.0,0.0,0.0
6922,H2,6969,56.920998245126285,769.9064243517976,0.0,0.0
6923,Li-Ion,6970,0.0,0.0,0.0,0.0
6923,H2,6970,56.920998245126285,768.7100936033463,0.0,0.0
6924,Li-Ion,6971,0.0,0.0,0.0,0.0
6924,H2,6971,56.920998245126285,766.8195035822546,0.0,0.0
6925,Li-Ion,6972,0.0,4.412404559513875,0.0,0.0
6925,H2,6972,56.920998245126285,766.8046669195385,0.0,0.0
6926,Li-Ion,6973,0.0,9.770324381780721,0.0,0.0
6926,H2,6973,56.920998245126285,764.7044591852036,0.0,0.0
6927,Li-Ion,6974,0.0,15.128244204047569,0.0,0.0
6927,H2,6974,56.920998245126285,759.8868430119329,0.0,0.0
6928,Li-Ion,6975,0.0,16.18128491498018,0.0,0.0
6928,H2,6975,56.920998245126285,757.1744847304203,0.0,0.0
6929,Li-Ion,6976,0.0,16.18128491498018,0.0,0.0
6929,H2,6976,56.920998245126285,752.535952334439,0.0,0.0
6930,Li-Ion,6977,0.0,0.0,0.0,0.0
6930,H2,6977,56.920998245126285,744.8594727179376,0.0,0.0
6931,Li-Ion,6978,0.0,0.0,0.0,0.0
6931,H2,6978,56.920998245126285,740.6965365640963,0.0,0.0
6932,Li-Ion,6979,0.0,0.0,0.0,0.0
6932,H2,6979,56.920998245126285,734.4622021156403,0.0,0.0
6933,Li-Ion,6980,0.0,0.0,0.0,0.0
6933,H2,6980,56.920998245126285,729.4749107530017,0.0,0.0
6934,Li-Ion,6981,0.0,0.0,0.0,0.0
6934,H2,6981,56.920998245126285,722.0509607341081,0.0,0.0
6935,Li-Ion,6982,0.0,0.0,0.0,0.0
6935,H2,6982,56.920998245126285,718.0387310809276,0.0,0.0
6936,Li-Ion,6983,0.0,0.0,0.0,0.0
6936,H2,6983,56.920998245126285,712.0002883664806,0.0,0.0
6937,Li-Ion,6984,0.0,0.0,0.0,0.0
6937,H2,6984,56.920998245126285,707.7136502351287,0.0,0.0
6938,Li-Ion,6985,0.0,0.0,0.0,0.0
6938,H2,6985,56.920998245126285,698.7724429666644,0.0,0.0
6939,Li-Ion,6986,0.0,0.0,0.0,0.0
6939,H2,6986,56.920998245126285,693.1359019963487,0.0,0.0
6940,Li-Ion,6987,0.0,0.0,0.0,0.0
6940,H2,6987,56.920998245126285,685.9304247056364,0.0,0.0
6941,Li-Ion,6988,0.0,0.0,0.0,0.0
6941,H2,6988,56.920998245126285,678.5992816210138,0.0,0.0
6942,Li-Ion,6989,0.0,0.0,0.0,0.0
6942,H2,6989,56.920998245126285,670.5790592605746,0.0,0.0
6943,Li-Ion,6990,0.0,0.0,0.0,0.0
6943,H2,6990,56.920998245126285,666.4993226319722,0.0,0.0
6944,Li-Ion,6991,0.0,0.0,0.0,0.0
6944,H2,6991,56.920998245126285,657.6163202461208,0.0,0.0
6945,Li-Ion,6992,0.0,0.0,0.0,0.0
6945,H2,6992,56.920998245126285,652.7659058360169,0.0,0.0
6946,Li-Ion,6993,0.0,0.0,0.0,0.0
6946,H2,6993,56.920998245126285,655.5501268773569,0.0,0.0
6947,Li-Ion,6994,0.0,0.0,0.0,0.0
6947,H2,6994,56.920998245126285,659.7832495978494,0.0,0.0
6948,Li-Ion,6995,0.0,0.0,0.0,0.0
6948,H2,6995,56.920998245126285,662.6394280813302,0.0,0.0
6949,Li-Ion,6996,0.0,4.412404559513875,0.0,0.0
6949,H2,6996,56.920998245126285,668.7936315041136,0.0,0.0
6950,Li-Ion,6997,0.0,9.770324381780721,0.0,0.0
6950,H2,6997,56.920998245126285,672.3189610688531,0.0,0.0
6951,Li-Ion,6998,0.0,15.128244204047569,0.0,0.0
6951,H2,6998,56.920998245126285,670.5419092296693,0.0,0.0
6952,Li-Ion,6999,0.0,16.18128491498018,0.0,0.0
6952,H2,6999,56.920998245126285,670.2696120462042,0.0,0.0
6953,Li-Ion,7000,0.0,0.0,0.0,0.0
6953,H2,7000,56.920998245126285,667.8879582303913,0.0,0.0
6954,Li-Ion,7001,0.0,0.0,0.0,0.0
6954,H2,7001,56.920998245126285,667.0222209745406,0.0,0.0
6955,Li-Ion,7002,0.0,0.0,0.0,0.0
6955,H2,7002,56.920998245126285,667.519406991892,0.0,0.0
6956,Li-Ion,7003,0.0,0.0,0.0,0.0
6956,H2,7003,56.920998245126285,667.8697460943265,0.0,0.0
6957,Li-Ion,7004,0.0,0.0,0.0,0.0
6957,H2,7004,56.920998245126285,668.4044556238844,0.0,0.0
6958,Li-Ion,7005,0.0,0.0,0.0,0.0
6958,H2,7005,56.920998245126285,669.9730938309942,0.0,0.0
6959,Li-Ion,7006,0.0,0.0,0.0,0.0
6959,H2,7006,56.920998245126285,674.4882381460699,0.0,0.0
6960,Li-Ion,7007,0.0,0.0,0.0,0.0
6960,H2,7007,56.920998245126285,679.6351286423961,0.0,0.0
6961,Li-Ion,7008,0.0,0.0,0.0,0.0
6961,H2,7008,56.920998245126285,679.730408068297,0.0,0.0
6962,Li-Ion,7009,0.0,0.0,0.0,0.0
6962,H2,7009,56.920998245126285,682.8205076300059,0.0,0.0
6963,Li-Ion,7010,0.0,0.0,0.0,0.0
6963,H2,7010,56.920998245126285,681.394579712038,0.0,0.0
6964,Li-Ion,7011,0.0,0.0,0.0,0.0
6964,H2,7011,56.920998245126285,682.4851878438573,0.0,0.0
6965,Li-Ion,7012,0.0,0.0,0.0,0.0
6965,H2,7012,56.920998245126285,686.3641982359766,0.0,0.0
6966,Li-Ion,7013,0.0,0.0,0.0,0.0
6966,H2,7013,56.920998245126285,690.7356992506167,0.0,0.0
6967,Li-Ion,7014,0.0,0.0,0.0,0.0
6967,H2,7014,56.920998245126285,690.7751644758157,0.0,0.0
6968,Li-Ion,7015,0.0,0.0,0.0,0.0
6968,H2,7015,56.920998245126285,692.1647901351521,0.0,0.0
6969,Li-Ion,7016,0.0,0.0,0.0,0.0
6969,H2,7016,56.920998245126285,692.5846267770364,0.0,0.0
6970,Li-Ion,7017,0.0,0.0,0.0,0.0
6970,H2,7017,56.920998245126285,695.9239045067435,0.0,0.0
6971,Li-Ion,7018,0.0,0.0,0.0,0.0
6971,H2,7018,56.920998245126285,701.2111443645404,0.0,0.0
6972,Li-Ion,7019,0.0,0.0,0.0,0.0
6972,H2,7019,56.920998245126285,705.2750379820653,0.0,0.0
6973,Li-Ion,7020,0.0,0.0,0.0,0.0
6973,H2,7020,56.920998245126285,703.49300638751,0.0,0.0
6974,Li-Ion,7021,0.0,0.0,0.0,0.0
6974,H2,7021,56.920998245126285,699.8865741808604,0.0,0.0
6975,Li-Ion,7022,0.0,0.0,0.0,0.0
6975,H2,7022,56.920998245126285,704.8218304313834,0.0,0.0
6976,Li-Ion,7023,0.0,0.0,0.0,0.0
6976,H2,7023,56.920998245126285,707.1507741595656,0.0,0.0
6977,Li-Ion,7024,0.0,4.412404559513875,0.0,0.0
6977,H2,7024,56.920998245126285,707.497434606889,0.0,0.0
6978,Li-Ion,7025,0.0,0.0,0.0,0.0
6978,H2,7025,56.920998245126285,700.0082949268715,0.0,0.0
6979,Li-Ion,7026,0.0,0.0,0.0,0.0
6979,H2,7026,56.920998245126285,695.6992994924623,0.0,0.0
6980,Li-Ion,7027,0.0,0.0,0.0,0.0
6980,H2,7027,56.920998245126285,692.355424171109,0.0,0.0
6981,Li-Ion,7028,0.0,0.0,0.0,0.0
6981,H2,7028,56.920998245126285,689.0107081049873,0.0,0.0
6982,Li-Ion,7029,0.0,0.0,0.0,0.0
6982,H2,7029,56.920998245126285,690.2005227824801,0.0,0.0
6983,Li-Ion,7030,0.0,0.0,0.0,0.0
6983,H2,7030,56.920998245126285,685.9114044769959,0.0,0.0
6984,Li-Ion,7031,0.0,0.0,0.0,0.0
6984,H2,7031,56.920998245126285,682.6449889190062,0.0,0.0
6985,Li-Ion,7032,0.0,0.0,0.0,0.0
6985,H2,7032,56.920998245126285,681.2044919057555,0.0,0.0
6986,Li-Ion,7033,0.0,0.0,0.0,0.0
6986,H2,7033,56.920998245126285,677.672120241907,0.0,0.0
6987,Li-Ion,7034,0.0,4.412404559513875,0.0,0.0
6987,H2,7034,56.920998245126285,672.9354332302199,0.0,0.0
6988,Li-Ion,7035,0.0,0.0,0.0,0.0
6988,H2,7035,56.920998245126285,679.6073882724083,0.0,0.0
6989,Li-Ion,7036,0.0,0.0,0.0,0.0
6989,H2,7036,56.920998245126285,677.9920399593999,0.0,0.0
6990,Li-Ion,7037,0.0,0.0,0.0,0.0
6990,H2,7037,56.920998245126285,676.1642012697125,0.0,0.0
6991,Li-Ion,7038,0.0,0.0,0.0,0.0
6991,H2,7038,56.920998245126285,673.296421660545,0.0,0.0
6992,Li-Ion,7039,0.0,0.0,0.0,0.0
6992,H2,7039,56.920998245126285,670.762245107517,0.0,0.0
6993,Li-Ion,7040,0.0,0.0,0.0,0.0
6993,H2,7040,56.920998245126285,671.4994273261752,0.0,0.0
6994,Li-Ion,7041,0.0,0.0,0.0,0.0
6994,H2,7041,56.920998245126285,673.7841583891698,0.0,0.0
6995,Li-Ion,7042,0.0,0.0,0.0,0.0
6995,H2,7042,56.920998245126285,678.1089715364351,0.0,0.0
6996,Li-Ion,7043,0.0,0.0,0.0,0.0
6996,H2,7043,56.920998245126285,685.8315335743506,0.0,0.0
6997,Li-Ion,7044,0.0,4.412404559513875,0.0,0.0
6997,H2,7044,56.920998245126285,690.8110914819816,0.0,0.0
6998,Li-Ion,7045,0.0,9.770324381780721,0.0,0.0
6998,H2,7045,56.920998245126285,694.5132982416623,0.0,0.0
6999,Li-Ion,7046,0.0,15.128244204047569,0.0,0.0
6999,H2,7046,56.920998245126285,694.5122962816862,0.0,0.0
7000,Li-Ion,7047,0.0,16.18128491498018,0.0,0.0
7000,H2,7047,56.920998245126285,695.9507351187611,0.0,0.0
7001,Li-Ion,7048,0.0,16.18128491498018,0.0,0.0
7001,H2,7048,56.920998245126285,693.6364007814952,0.0,0.0
7002,Li-Ion,7049,0.0,0.0,0.0,0.0
7002,H2,7049,56.920998245126285,688.4538261434645,0.0,0.0
7003,Li-Ion,7050,0.0,0.0,0.0,0.0
7003,H2,7050,56.920998245126285,686.4684159616958,0.0,0.0
7004,Li-Ion,7051,0.0,0.0,0.0,0.0
7004,H2,7051,56.920998245126285,681.0520918586133,0.0,0.0
7005,Li-Ion,7052,0.0,0.0,0.0,0.0
7005,H2,7052,56.920998245126285,677.6956301890995,0.0,0.0
7006,Li-Ion,7053,0.0,0.0,0.0,0.0
7006,H2,7053,56.920998245126285,673.0618511302359,0.0,0.0
7007,Li-Ion,7054,0.0,0.0,0.0,0.0
7007,H2,7054,56.920998245126285,676.9510160135156,0.0,0.0
7008,Li-Ion,7055,0.0,0.0,0.0,0.0
7008,H2,7055,56.920998245126285,674.459592307483,0.0,0.0
7009,Li-Ion,7056,0.0,0.0,0.0,0.0
7009,H2,7056,56.920998245126285,668.7398885440683,0.0,0.0
7010,Li-Ion,7057,0.0,4.412404559513875,0.0,0.0
7010,H2,7057,56.920998245126285,664.320753431173,0.0,0.0
7011,Li-Ion,7058,0.0,9.770324381780721,0.0,0.0
7011,H2,7058,56.920998245126285,660.7279478589621,0.0,0.0
7012,Li-Ion,7059,0.0,15.128244204047569,0.0,0.0
7012,H2,7059,56.920998245126285,660.7725382813358,0.0,0.0
7013,Li-Ion,7060,0.0,16.18128491498018,0.0,0.0
7013,H2,7060,56.920998245126285,658.1537738949278,0.0,0.0
7014,Li-Ion,7061,0.0,16.18128491498018,0.0,0.0
7014,H2,7061,56.920998245126285,655.6361244660076,0.0,0.0
7015,Li-Ion,7062,0.0,16.18128491498018,0.0,0.0
7015,H2,7062,56.920998245126285,653.1983538348123,0.0,0.0
7016,Li-Ion,7063,0.0,0.0,0.0,0.0
7016,H2,7063,56.920998245126285,652.183637229275,0.0,0.0
7017,Li-Ion,7064,0.0,0.0,0.0,0.0
7017,H2,7064,56.920998245126285,647.6343118898811,0.0,0.0
7018,Li-Ion,7065,0.0,0.0,0.0,0.0
7018,H2,7065,56.920998245126285,643.0044148430733,0.0,0.0
7019,Li-Ion,7066,0.0,0.0,0.0,0.0
7019,H2,7066,56.920998245126285,639.5545122183242,0.0,0.0
7020,Li-Ion,7067,0.0,0.0,0.0,0.0
7020,H2,7067,56.920998245126285,640.227843165377,0.0,0.0
7021,Li-Ion,7068,0.0,4.412404559513875,0.0,0.0
7021,H2,7068,56.920998245126285,636.2250354514298,0.0,0.0
7022,Li-Ion,7069,0.0,9.770324381780721,0.0,0.0
7022,H2,7069,56.920998245126285,640.5799281837988,0.0,0.0
7023,Li-Ion,7070,0.0,15.128244204047569,0.0,0.0
7023,H2,7070,56.920998245126285,642.8978806849634,0.0,0.0
7024,Li-Ion,7071,0.0,16.18128491498018,0.0,0.0
7024,H2,7071,56.920998245126285,644.2509461169241,0.0,0.0
7025,Li-Ion,7072,0.0,16.18128491498018,0.0,0.0
7025,H2,7072,56.920998245126285,643.7577446439336,0.0,0.0
7026,Li-Ion,7073,0.0,0.0,0.0,0.0
7026,H2,7073,56.920998245126285,634.7504234657033,0.0,0.0
7027,Li-Ion,7074,0.0,0.0,0.0,0.0
7027,H2,7074,56.920998245126285,634.7568807079073,0.0,0.0
7028,Li-Ion,7075,0.0,0.0,0.0,0.0
7028,H2,7075,56.920998245126285,630.44728265179,0.0,0.0
7029,Li-Ion,7076,0.0,0.0,0.0,0.0
7029,H2,7076,56.920998245126285,627.3231053777824,0.0,0.0
7030,Li-Ion,7077,0.0,4.412404559513875,0.0,0.0
7030,H2,7077,56.920998245126285,624.0202847695889,0.0,0.0
7031,Li-Ion,7078,0.0,9.770324381780721,0.0,0.0
7031,H2,7078,56.920998245126285,619.3969911902408,0.0,0.0
7032,Li-Ion,7079,0.0,15.128244204047569,0.0,0.0
7032,H2,7079,56.920998245126285,616.7058962203819,0.0,0.0
7033,Li-Ion,7080,0.0,16.18128491498018,0.0,0.0
7033,H2,7080,56.920998245126285,616.7058962203819,0.0,0.0
7034,Li-Ion,7081,0.0,16.18128491498018,0.0,0.0
7034,H2,7081,56.920998245126285,618.8520738943375,0.0,0.0
7035,Li-Ion,7082,0.0,16.18128491498018,0.0,0.0
7035,H2,7082,56.920998245126285,618.8520738943375,0.0,0.0
7036,Li-Ion,7083,0.0,16.18128491498018,0.0,0.0
7036,H2,7083,56.920998245126285,618.8520738943375,0.0,0.0
7037,Li-Ion,7084,0.0,16.18128491498018,0.0,0.0
7037,H2,7084,56.920998245126285,618.8520738943375,0.0,0.0
7038,Li-Ion,7085,0.0,16.18128491498018,0.0,0.0
7038,H2,7085,56.920998245126285,618.9625763971007,0.0,0.0
7039,Li-Ion,7086,0.0,16.18128491498018,0.0,0.0
7039,H2,7086,56.920998245126285,620.822830907001,0.0,0.0
7040,Li-Ion,7087,0.0,16.18128491498018,0.0,0.0
7040,H2,7087,56.920998245126285,622.1545845366894,0.0,0.0
7041,Li-Ion,7088,0.0,16.18128491498018,0.0,0.0
7041,H2,7088,56.920998245126285,625.1223137439628,0.0,0.0
7042,Li-Ion,7089,0.0,0.0,0.0,0.0
7042,H2,7089,56.920998245126285,636.4397074927662,0.0,0.0
7043,Li-Ion,7090,0.0,0.0,0.0,0.0
7043,H2,7090,56.920998245126285,641.9429998735051,0.0,0.0
7044,Li-Ion,7091,0.0,0.0,0.0,0.0
7044,H2,7091,56.920998245126285,645.2034439330616,0.0,0.0
7045,Li-Ion,7092,0.0,4.412404559513875,0.0,0.0
7045,H2,7092,56.920998245126285,646.0058625885127,0.0,0.0
7046,Li-Ion,7093,0.0,9.770324381780721,0.0,0.0
7046,H2,7093,56.920998245126285,650.2927790002988,0.0,0.0
7047,Li-Ion,7094,0.0,15.128244204047569,0.0,0.0
7047,H2,7094,56.920998245126285,650.2443835029875,0.0,0.0
7048,Li-Ion,7095,0.0,16.18128491498018,0.0,0.0
7048,H2,7095,56.920998245126285,653.8593461108651,0.0,0.0
7049,Li-Ion,7096,0.0,16.18128491498018,0.0,0.0
7049,H2,7096,56.920998245126285,653.7644644074289,0.0,0.0
7050,Li-Ion,7097,0.0,16.18128491498018,0.0,0.0
7050,H2,7097,56.920998245126285,652.7617912490286,0.0,0.0
7051,Li-Ion,7098,0.0,16.18128491498018,0.0,0.0
7051,H2,7098,56.920998245126285,649.5738837824143,0.0,0.0
7052,Li-Ion,7099,0.0,0.0,0.0,0.0
7052,H2,7099,56.920998245126285,648.4789044195078,0.0,0.0
7053,Li-Ion,7100,0.0,0.0,0.0,0.0
7053,H2,7100,56.920998245126285,651.0267818831329,0.0,0.0
7054,Li-Ion,7101,0.0,0.0,0.0,0.0
7054,H2,7101,56.920998245126285,650.1423144092093,0.0,0.0
7055,Li-Ion,7102,0.0,0.0,0.0,0.0
7055,H2,7102,56.920998245126285,649.2448005189018,0.0,0.0
7056,Li-Ion,7103,0.0,0.0,0.0,0.0
7056,H2,7103,56.920998245126285,649.2448005189018,0.0,0.0
7057,Li-Ion,7104,0.0,0.0,0.0,0.0
7057,H2,7104,56.920998245126285,646.3880316484152,0.0,0.0
7058,Li-Ion,7105,0.0,4.412404559513875,0.0,0.0
7058,H2,7105,56.920998245126285,643.6917738838914,0.0,0.0
7059,Li-Ion,7106,0.0,9.770324381780721,0.0,0.0
7059,H2,7106,56.920998245126285,644.0363748466651,0.0,0.0
7060,Li-Ion,7107,0.0,15.128244204047569,0.0,0.0
7060,H2,7107,56.920998245126285,643.6091797539319,0.0,0.0
7061,Li-Ion,7108,0.0,16.18128491498018,0.0,0.0
7061,H2,7108,56.920998245126285,642.5983776563428,0.0,0.0
7062,Li-Ion,7109,0.0,16.18128491498018,0.0,0.0
7062,H2,7109,56.920998245126285,642.6262181121881,0.0,0.0
7063,Li-Ion,7110,0.0,0.0,0.0,0.0
7063,H2,7110,56.920998245126285,654.4068515932968,0.0,0.0
7064,Li-Ion,7111,0.0,0.0,0.0,0.0
7064,H2,7111,56.920998245126285,654.9098268498391,0.0,0.0
7065,Li-Ion,7112,0.0,0.0,0.0,0.0
7065,H2,7112,56.920998245126285,657.475328406121,0.0,0.0
7066,Li-Ion,7113,0.0,0.0,0.0,0.0
7066,H2,7113,56.920998245126285,660.1035664225612,0.0,0.0
7067,Li-Ion,7114,0.0,0.0,0.0,0.0
7067,H2,7114,56.920998245126285,664.5438469763101,0.0,0.0
7068,Li-Ion,7115,0.0,0.0,0.0,0.0
7068,H2,7115,56.920998245126285,671.9776310832101,0.0,0.0
7069,Li-Ion,7116,0.0,4.412404559513875,0.0,0.0
7069,H2,7116,56.920998245126285,672.7709613526658,0.0,0.0
7070,Li-Ion,7117,0.0,9.770324381780721,0.0,0.0
7070,H2,7117,56.920998245126285,677.0566508007197,0.0,0.0
7071,Li-Ion,7118,0.0,15.128244204047569,0.0,0.0
7071,H2,7118,56.920998245126285,681.1990574479913,0.0,0.0
7072,Li-Ion,7119,0.0,16.18128491498018,0.0,0.0
7072,H2,7119,56.920998245126285,683.7448602506854,0.0,0.0
7073,Li-Ion,7120,0.0,16.18128491498018,0.0,0.0
7073,H2,7120,56.920998245126285,680.5442190024396,0.0,0.0
7074,Li-Ion,7121,0.0,0.0,0.0,0.0
7074,H2,7121,56.920998245126285,679.2778311719886,0.0,0.0
7075,Li-Ion,7122,0.0,0.0,0.0,0.0
7075,H2,7122,56.920998245126285,679.263338881473,0.0,0.0
7076,Li-Ion,7123,0.0,0.0,0.0,0.0
7076,H2,7123,56.920998245126285,682.7825291683608,0.0,0.0
7077,Li-Ion,7124,0.0,0.0,0.0,0.0
7077,H2,7124,56.920998245126285,684.4979419275681,0.0,0.0
7078,Li-Ion,7125,0.0,0.0,0.0,0.0
7078,H2,7125,56.920998245126285,687.2653908680181,0.0,0.0
7079,Li-Ion,7126,0.0,0.0,0.0,0.0
7079,H2,7126,56.920998245126285,689.6549565332759,0.0,0.0
7080,Li-Ion,7127,0.0,0.0,0.0,0.0
7080,H2,7127,56.920998245126285,688.4181397238035,0.0,0.0
7081,Li-Ion,7128,0.0,0.0,0.0,0.0
7081,H2,7128,56.920998245126285,692.0575000328221,0.0,0.0
7082,Li-Ion,7129,0.0,0.0,0.0,0.0
7082,H2,7129,56.920998245126285,696.2811421739616,0.0,0.0
7083,Li-Ion,7130,0.0,0.0,0.0,0.0
7083,H2,7130,56.920998245126285,696.551577695386,0.0,0.0
7084,Li-Ion,7131,0.0,0.0,0.0,0.0
7084,H2,7131,56.920998245126285,694.4591957968519,0.0,0.0
7085,Li-Ion,7132,0.0,4.412404559513875,0.0,0.0
7085,H2,7132,56.920998245126285,691.7738446801019,0.0,0.0
7086,Li-Ion,7133,0.0,0.0,0.0,0.0
7086,H2,7133,56.920998245126285,698.4271345690153,0.0,0.0
7087,Li-Ion,7134,0.0,0.0,0.0,0.0
7087,H2,7134,56.920998245126285,697.8412449388754,0.0,0.0
7088,Li-Ion,7135,0.0,0.0,0.0,0.0
7088,H2,7135,56.920998245126285,701.0748563199012,0.0,0.0
7089,Li-Ion,7136,0.0,0.0,0.0,0.0
7089,H2,7136,56.920998245126285,701.8926408429654,0.0,0.0
7090,Li-Ion,7137,0.0,0.0,0.0,0.0
7090,H2,7137,56.920998245126285,701.9026900107085,0.0,0.0
7091,Li-Ion,7138,0.0,0.0,0.0,0.0
7091,H2,7138,56.920998245126285,706.2614723445995,0.0,0.0
7092,Li-Ion,7139,0.0,0.0,0.0,0.0
7092,H2,7139,56.920998245126285,715.9302651526585,0.0,0.0
7093,Li-Ion,7140,0.0,4.412404559513875,0.0,0.0
7093,H2,7140,56.920998245126285,720.8891752400796,0.0,0.0
7094,Li-Ion,7141,0.0,9.770324381780721,0.0,0.0
7094,H2,7141,56.920998245126285,725.0311897649214,0.0,0.0
7095,Li-Ion,7142,0.0,15.128244204047569,0.0,0.0
7095,H2,7142,56.920998245126285,724.7420500693414,0.0,0.0
7096,Li-Ion,7143,0.0,0.0,0.0,0.0
7096,H2,7143,56.920998245126285,725.3513540383912,0.0,0.0
7097,Li-Ion,7144,0.0,0.0,0.0,0.0
7097,H2,7144,56.920998245126285,726.8694372778325,0.0,0.0
7098,Li-Ion,7145,0.0,0.0,0.0,0.0
7098,H2,7145,56.920998245126285,727.0185168056031,0.0,0.0
7099,Li-Ion,7146,0.0,0.0,0.0,0.0
7099,H2,7146,56.920998245126285,723.9286130967125,0.0,0.0
7100,Li-Ion,7147,0.0,0.0,0.0,0.0
7100,H2,7147,56.920998245126285,721.1457543116443,0.0,0.0
7101,Li-Ion,7148,0.0,0.0,0.0,0.0
7101,H2,7148,56.920998245126285,720.8123594704736,0.0,0.0
7102,Li-Ion,7149,0.0,0.0,0.0,0.0
7102,H2,7149,56.920998245126285,717.3369381932582,0.0,0.0
7103,Li-Ion,7150,0.0,0.0,0.0,0.0
7103,H2,7150,56.920998245126285,718.5518883549181,0.0,0.0
7104,Li-Ion,7151,0.0,0.0,0.0,0.0
7104,H2,7151,56.920998245126285,720.3663511816811,0.0,0.0
7105,Li-Ion,7152,0.0,0.0,0.0,0.0
7105,H2,7152,56.920998245126285,719.4106645570643,0.0,0.0
7106,Li-Ion,7153,0.0,0.0,0.0,0.0
7106,H2,7153,56.920998245126285,720.8934833229192,0.0,0.0
7107,Li-Ion,7154,0.0,0.0,0.0,0.0
7107,H2,7154,56.920998245126285,720.8351148601736,0.0,0.0
7108,Li-Ion,7155,0.0,0.0,0.0,0.0
7108,H2,7155,56.920998245126285,721.1480242933717,0.0,0.0
7109,Li-Ion,7156,0.0,0.0,0.0,0.0
7109,H2,7156,56.920998245126285,718.6301831468269,0.0,0.0
7110,Li-Ion,7157,0.0,0.0,0.0,0.0
7110,H2,7157,56.920998245126285,717.9325370830622,0.0,0.0
7111,Li-Ion,7158,0.0,0.0,0.0,0.0
7111,H2,7158,56.920998245126285,718.4888727112813,0.0,0.0
7112,Li-Ion,7159,0.0,0.0,0.0,0.0
7112,H2,7159,56.920998245126285,719.3563069268423,0.0,0.0
7113,Li-Ion,7160,0.0,0.0,0.0,0.0
7113,H2,7160,56.920998245126285,718.6482524132725,0.0,0.0
7114,Li-Ion,7161,0.0,0.0,0.0,0.0
7114,H2,7161,56.920998245126285,721.4197781810084,0.0,0.0
7115,Li-Ion,7162,0.0,0.0,0.0,0.0
7115,H2,7162,56.920998245126285,725.7288431855262,0.0,0.0
7116,Li-Ion,7163,0.0,0.0,0.0,0.0
7116,H2,7163,56.920998245126285,731.4561735623417,0.0,0.0
7117,Li-Ion,7164,0.0,0.0,0.0,0.0
7117,H2,7164,56.920998245126285,731.3484537361256,0.0,0.0
7118,Li-Ion,7165,0.0,0.0,0.0,0.0
7118,H2,7165,56.920998245126285,735.7478548325404,0.0,0.0
7119,Li-Ion,7166,0.0,0.0,0.0,0.0
7119,H2,7166,56.920998245126285,739.384701883745,0.0,0.0
7120,Li-Ion,7167,0.0,0.0,0.0,0.0
7120,H2,7167,56.920998245126285,742.7455869590611,0.0,0.0
7121,Li-Ion,7168,0.0,0.0,0.0,0.0
7121,H2,7168,56.920998245126285,743.0264604608373,0.0,0.0
7122,Li-Ion,7169,0.0,0.0,0.0,0.0
7122,H2,7169,56.920998245126285,743.4309220981281,0.0,0.0
7123,Li-Ion,7170,0.0,0.0,0.0,0.0
7123,H2,7170,56.920998245126285,743.6196963113309,0.0,0.0
7124,Li-Ion,7171,0.0,0.0,0.0,0.0
7124,H2,7171,56.920998245126285,743.8325224922636,0.0,0.0
7125,Li-Ion,7172,0.0,0.0,0.0,0.0
7125,H2,7172,56.920998245126285,745.2657750536977,0.0,0.0
7126,Li-Ion,7173,0.0,0.0,0.0,0.0
7126,H2,7173,56.920998245126285,744.8938887528827,0.0,0.0
7127,Li-Ion,7174,0.0,0.0,0.0,0.0
7127,H2,7174,56.920998245126285,743.1333966808618,0.0,0.0
7128,Li-Ion,7175,0.0,0.0,0.0,0.0
7128,H2,7175,56.920998245126285,742.4357775357753,0.0,0.0
7129,Li-Ion,7176,0.0,0.0,0.0,0.0
7129,H2,7176,56.920998245126285,740.7140446800707,0.0,0.0
7130,Li-Ion,7177,0.0,0.0,0.0,0.0
7130,H2,7177,56.920998245126285,741.774273518273,0.0,0.0
7131,Li-Ion,7178,0.0,0.0,0.0,0.0
7131,H2,7178,56.920998245126285,744.3778825837923,0.0,0.0
7132,Li-Ion,7179,0.0,0.0,0.0,0.0
7132,H2,7179,56.920998245126285,744.594783086424,0.0,0.0
7133,Li-Ion,7180,0.0,0.0,0.0,0.0
7133,H2,7180,56.920998245126285,744.8187840916141,0.0,0.0
7134,Li-Ion,7181,0.0,0.0,0.0,0.0
7134,H2,7181,56.920998245126285,745.5698751029566,0.0,0.0
7135,Li-Ion,7182,0.0,0.0,0.0,0.0
7135,H2,7182,56.920998245126285,745.1564577829123,0.0,0.0
7136,Li-Ion,7183,0.0,0.0,0.0,0.0
7136,H2,7183,56.920998245126285,742.5165140629017,0.0,0.0
7137,Li-Ion,7184,0.0,0.0,0.0,0.0
7137,H2,7184,56.920998245126285,741.6217768514585,0.0,0.0
7138,Li-Ion,7185,0.0,0.0,0.0,0.0
7138,H2,7185,56.920998245126285,744.8732443805335,0.0,0.0
7139,Li-Ion,7186,0.0,0.0,0.0,0.0
7139,H2,7186,56.920998245126285,747.9847869262616,0.0,0.0
7140,Li-Ion,7187,0.0,0.0,0.0,0.0
7140,H2,7187,56.920998245126285,751.0825275590302,0.0,0.0
7141,Li-Ion,7188,0.0,0.0,0.0,0.0
7141,H2,7188,56.920998245126285,753.2943097800768,0.0,0.0
7142,Li-Ion,7189,0.0,0.0,0.0,0.0
7142,H2,7189,56.920998245126285,755.74327120353,0.0,0.0
7143,Li-Ion,7190,0.0,0.0,0.0,0.0
7143,H2,7190,56.920998245126285,755.8529010454527,0.0,0.0
7144,Li-Ion,7191,0.0,0.0,0.0,0.0
7144,H2,7191,56.920998245126285,756.0173837556688,0.0,0.0
7145,Li-Ion,7192,0.0,0.0,0.0,0.0
7145,H2,7192,56.920998245126285,755.8346110983672,0.0,0.0
7146,Li-Ion,7193,0.0,0.0,0.0,0.0
7146,H2,7193,56.920998245126285,753.900579860998,0.0,0.0
7147,Li-Ion,7194,0.0,0.0,0.0,0.0
7147,H2,7194,56.920998245126285,748.7884671820126,0.0,0.0
7148,Li-Ion,7195,0.0,0.0,0.0,0.0
7148,H2,7195,56.920998245126285,743.5886922838936,0.0,0.0
7149,Li-Ion,7196,0.0,0.0,0.0,0.0
7149,H2,7196,56.920998245126285,740.0364442281647,0.0,0.0
7150,Li-Ion,7197,0.0,0.0,0.0,0.0
7150,H2,7197,56.920998245126285,739.9089435275487,0.0,0.0
7151,Li-Ion,7198,0.0,0.0,0.0,0.0
7151,H2,7198,56.920998245126285,739.5185924507298,0.0,0.0
7152,Li-Ion,7199,0.0,0.0,0.0,0.0
7152,H2,7199,56.920998245126285,741.9700978665031,0.0,0.0
7153,Li-Ion,7200,0.0,0.0,0.0,0.0
7153,H2,7200,56.920998245126285,744.6496888892318,0.0,0.0
7154,Li-Ion,7201,0.0,0.0,0.0,0.0
7154,H2,7201,56.920998245126285,747.153990452756,0.0,0.0
7155,Li-Ion,7202,0.0,0.0,0.0,0.0
7155,H2,7202,56.920998245126285,746.8333726737561,0.0,0.0
7156,Li-Ion,7203,0.0,4.412404559513875,0.0,0.0
7156,H2,7203,56.920998245126285,743.6313670640718,0.0,0.0
7157,Li-Ion,7204,0.0,9.770324381780721,0.0,0.0
7157,H2,7204,56.920998245126285,745.627807819266,0.0,0.0
7158,Li-Ion,7205,0.0,15.128244204047569,0.0,0.0
7158,H2,7205,56.920998245126285,748.1394457067227,0.0,0.0
7159,Li-Ion,7206,0.0,16.18128491498018,0.0,0.0
7159,H2,7206,56.920998245126285,750.7646822893419,0.0,0.0
7160,Li-Ion,7207,0.0,16.18128491498018,0.0,0.0
7160,H2,7207,56.920998245126285,749.8895603041283,0.0,0.0
7161,Li-Ion,7208,0.0,16.18128491498018,0.0,0.0
7161,H2,7208,56.920998245126285,753.6357458097062,0.0,0.0
7162,Li-Ion,7209,0.0,0.0,0.0,0.0
7162,H2,7209,56.920998245126285,756.3356667527961,0.0,0.0
7163,Li-Ion,7210,0.0,0.0,0.0,0.0
7163,H2,7210,56.920998245126285,753.1645615945394,0.0,0.0
7164,Li-Ion,7211,0.0,0.0,0.0,0.0
7164,H2,7211,56.920998245126285,759.3957871633643,0.0,0.0
7165,Li-Ion,7212,0.0,4.412404559513875,0.0,0.0
7165,H2,7212,56.920998245126285,760.9510239631503,0.0,0.0
7166,Li-Ion,7213,0.0,9.770324381780721,0.0,0.0
7166,H2,7213,56.920998245126285,756.0560331800905,0.0,0.0
7167,Li-Ion,7214,0.0,0.0,0.0,0.0
7167,H2,7214,56.920998245126285,751.1512310435274,0.0,0.0
7168,Li-Ion,7215,0.0,0.0,0.0,0.0
7168,H2,7215,56.920998245126285,750.4064577335598,0.0,0.0
7169,Li-Ion,7216,0.0,0.0,0.0,0.0
7169,H2,7216,56.920998245126285,748.1341177393491,0.0,0.0
7170,Li-Ion,7217,0.0,0.0,0.0,0.0
7170,H2,7217,56.920998245126285,743.2241055408605,0.0,0.0
7171,Li-Ion,7218,0.0,0.0,0.0,0.0
7171,H2,7218,56.920998245126285,742.4556324903089,0.0,0.0
7172,Li-Ion,7219,0.0,4.412404559513875,0.0,0.0
7172,H2,7219,56.920998245126285,740.623855981943,0.0,0.0
7173,Li-Ion,7220,0.0,9.770324381780721,0.0,0.0
7173,H2,7220,56.920998245126285,739.8878086903698,0.0,0.0
7174,Li-Ion,7221,0.0,15.128244204047569,0.0,0.0
7174,H2,7221,56.920998245126285,736.1035723381019,0.0,0.0
7175,Li-Ion,7222,0.0,16.18128491498018,0.0,0.0
7175,H2,7222,56.920998245126285,733.1331308405296,0.0,0.0
7176,Li-Ion,7223,0.0,16.18128491498018,0.0,0.0
7176,H2,7223,56.920998245126285,729.419758319788,0.0,0.0
7177,Li-Ion,7224,0.0,16.18128491498018,0.0,0.0
7177,H2,7224,56.920998245126285,727.1349056654157,0.0,0.0
7178,Li-Ion,7225,0.0,16.18128491498018,0.0,0.0
7178,H2,7225,56.920998245126285,724.6349102856402,0.0,0.0
7179,Li-Ion,7226,0.0,16.18128491498018,0.0,0.0
7179,H2,7226,56.920998245126285,722.0995674444247,0.0,0.0
7180,Li-Ion,7227,0.0,0.0,0.0,0.0
7180,H2,7227,56.920998245126285,721.8358267210984,0.0,0.0
7181,Li-Ion,7228,0.0,0.0,0.0,0.0
7181,H2,7228,56.920998245126285,717.5813268451726,0.0,0.0
7182,Li-Ion,7229,0.0,0.0,0.0,0.0
7182,H2,7229,56.920998245126285,717.1067561419001,0.0,0.0
7183,Li-Ion,7230,0.0,0.0,0.0,0.0
7183,H2,7230,56.920998245126285,709.8923760400684,0.0,0.0
7184,Li-Ion,7231,0.0,4.412404559513875,0.0,0.0
7184,H2,7231,56.920998245126285,707.7829349365567,0.0,0.0
7185,Li-Ion,7232,0.0,9.770324381780721,0.0,0.0
7185,H2,7232,56.920998245126285,705.043183530293,0.0,0.0
7186,Li-Ion,7233,0.0,15.128244204047569,0.0,0.0
7186,H2,7233,56.920998245126285,702.5641094760651,0.0,0.0
7187,Li-Ion,7234,0.0,16.18128491498018,0.0,0.0
7187,H2,7234,56.920998245126285,698.0992959722287,0.0,0.0
7188,Li-Ion,7235,0.0,16.18128491498018,0.0,0.0
7188,H2,7235,56.920998245126285,695.716712654229,0.0,0.0
7189,Li-Ion,7236,0.0,16.18128491498018,0.0,0.0
7189,H2,7236,56.920998245126285,691.0523151581488,0.0,0.0
7190,Li-Ion,7237,0.0,15.235769652227205,0.0,0.0
7190,H2,7237,56.920998245126285,697.0259063087246,0.0,0.0
7191,Li-Ion,7238,0.0,20.593689474494052,0.0,0.0
7191,H2,7238,56.920998245126285,701.3225296965744,0.0,0.0
7192,Li-Ion,7239,0.0,21.539204737247026,0.0,0.0
7192,H2,7239,56.920998245126285,701.9883295006099,0.0,0.0
7193,Li-Ion,7240,0.0,21.539204737247026,0.0,0.0
7193,H2,7240,56.920998245126285,705.9314147104449,0.0,0.0
7194,Li-Ion,7241,0.0,16.18128491498018,0.0,0.0
7194,H2,7241,56.920998245126285,701.5157761606662,0.0,0.0
7195,Li-Ion,7242,0.0,16.18128491498018,0.0,0.0
7195,H2,7242,56.920998245126285,662.097959828446,0.0,0.0
7196,Li-Ion,7243,0.0,16.18128491498018,0.0,0.0
7196,H2,7243,56.920998245126285,659.3875845964066,0.0,0.0
7197,Li-Ion,7244,0.0,16.18128491498018,0.0,0.0
7197,H2,7244,56.920998245126285,657.404905288191,0.0,0.0
7198,Li-Ion,7245,0.0,16.18128491498018,0.0,0.0
7198,H2,7245,56.920998245126285,657.404905288191,0.0,0.0
7199,Li-Ion,7246,0.0,16.18128491498018,0.0,0.0
7199,H2,7246,56.920998245126285,658.1144621089594,0.0,0.0
7200,Li-Ion,7247,0.0,16.18128491498018,0.0,0.0
7200,H2,7247,56.920998245126285,658.1144621089594,0.0,0.0
7201,Li-Ion,7248,0.0,15.235769652227205,0.0,0.0
7201,H2,7248,56.920998245126285,658.9988553809847,0.0,0.0
7202,Li-Ion,7249,0.0,16.18128491498018,0.0,0.0
7202,H2,7249,56.920998245126285,665.9717507634798,0.0,0.0
7203,Li-Ion,7250,0.0,16.18128491498018,0.0,0.0
7203,H2,7250,56.920998245126285,661.7509816648698,0.0,0.0
7204,Li-Ion,7251,0.0,16.18128491498018,0.0,0.0
7204,H2,7251,56.920998245126285,662.7503630800729,0.0,0.0
7205,Li-Ion,7252,0.0,16.18128491498018,0.0,0.0
7205,H2,7252,56.920998245126285,674.9771618351182,0.0,0.0
7206,Li-Ion,7253,0.0,16.18128491498018,0.0,0.0
7206,H2,7253,56.920998245126285,677.6372074429892,0.0,0.0
7207,Li-Ion,7254,0.0,16.18128491498018,0.0,0.0
7207,H2,7254,56.920998245126285,677.6372074429892,0.0,0.0
7208,Li-Ion,7255,0.0,16.18128491498018,0.0,0.0
7208,H2,7255,56.920998245126285,681.2676023362255,0.0,0.0
7209,Li-Ion,7256,0.0,16.18128491498018,0.0,0.0
7209,H2,7256,56.920998245126285,685.611155596372,0.0,0.0
7210,Li-Ion,7257,0.0,16.18128491498018,0.0,0.0
7210,H2,7257,56.920998245126285,690.7057643939847,0.0,0.0
7211,Li-Ion,7258,0.0,16.18128491498018,0.0,0.0
7211,H2,7258,56.920998245126285,690.5951711362704,0.0,0.0
7212,Li-Ion,7259,0.0,16.18128491498018,0.0,0.0
7212,H2,7259,56.920998245126285,695.0409603777032,0.0,0.0
7213,Li-Ion,7260,0.0,15.235769652227205,0.0,0.0
7213,H2,7260,56.920998245126285,710.5040952040813,0.0,0.0
7214,Li-Ion,7261,0.0,20.593689474494052,0.0,0.0
7214,H2,7261,56.920998245126285,717.8003643753999,0.0,0.0
7215,Li-Ion,7262,0.0,16.18128491498018,0.0,0.0
7215,H2,7262,56.920998245126285,722.6535711207729,0.0,0.0
7216,Li-Ion,7263,0.0,16.18128491498018,0.0,0.0
7216,H2,7263,56.920998245126285,703.8832339067936,0.0,0.0
7217,Li-Ion,7264,0.0,16.18128491498018,0.0,0.0
7217,H2,7264,56.920998245126285,702.7890987118907,0.0,0.0
7218,Li-Ion,7265,0.0,0.0,0.0,0.0
7218,H2,7265,56.920998245126285,703.7439225081863,0.0,0.0
7219,Li-Ion,7266,0.0,0.0,0.0,0.0
7219,H2,7266,56.920998245126285,697.2612589775615,0.0,0.0
7220,Li-Ion,7267,0.0,0.0,0.0,0.0
7220,H2,7267,56.920998245126285,699.822075862399,0.0,0.0
7221,Li-Ion,7268,0.0,0.0,0.0,0.0
7221,H2,7268,56.920998245126285,702.0157112992241,0.0,0.0
7222,Li-Ion,7269,0.0,0.0,0.0,0.0
7222,H2,7269,56.920998245126285,701.9255983575192,0.0,0.0
7223,Li-Ion,7270,0.0,0.0,0.0,0.0
7223,H2,7270,56.920998245126285,702.4864294861427,0.0,0.0
7224,Li-Ion,7271,0.0,0.0,0.0,0.0
7224,H2,7271,56.920998245126285,705.7757991499683,0.0,0.0
7225,Li-Ion,7272,0.0,0.0,0.0,0.0
7225,H2,7272,56.920998245126285,705.3951013287156,0.0,0.0
7226,Li-Ion,7273,0.0,0.0,0.0,0.0
7226,H2,7273,56.920998245126285,704.1153662487206,0.0,0.0
7227,Li-Ion,7274,0.0,0.0,0.0,0.0
7227,H2,7274,56.920998245126285,700.3450268663892,0.0,0.0
7228,Li-Ion,7275,0.0,0.0,0.0,0.0
7228,H2,7275,56.920998245126285,697.5911973731075,0.0,0.0
7229,Li-Ion,7276,0.0,0.0,0.0,0.0
7229,H2,7276,56.920998245126285,696.2917817900446,0.0,0.0
7230,Li-Ion,7277,0.0,0.0,0.0,0.0
7230,H2,7277,56.920998245126285,696.2954738538294,0.0,0.0
7231,Li-Ion,7278,0.0,0.0,0.0,0.0
7231,H2,7278,56.920998245126285,696.7040527766338,0.0,0.0
7232,Li-Ion,7279,0.0,0.0,0.0,0.0
7232,H2,7279,56.920998245126285,692.6226591145376,0.0,0.0
7233,Li-Ion,7280,0.0,0.0,0.0,0.0
7233,H2,7280,56.920998245126285,695.8200880484793,0.0,0.0
7234,Li-Ion,7281,0.0,0.0,0.0,0.0
7234,H2,7281,56.920998245126285,700.1620344161075,0.0,0.0
7235,Li-Ion,7282,0.0,0.0,0.0,0.0
7235,H2,7282,56.920998245126285,704.492950759257,0.0,0.0
7236,Li-Ion,7283,0.0,0.0,0.0,0.0
7236,H2,7283,56.920998245126285,715.1731573865685,0.0,0.0
7237,Li-Ion,7284,0.0,4.412404559513875,0.0,0.0
7237,H2,7284,56.920998245126285,717.2259066345093,0.0,0.0
7238,Li-Ion,7285,0.0,9.770324381780721,0.0,0.0
7238,H2,7285,56.920998245126285,716.7213519800217,0.0,0.0
7239,Li-Ion,7286,0.0,15.128244204047569,0.0,0.0
7239,H2,7286,56.920998245126285,716.6682699872182,0.0,0.0
7240,Li-Ion,7287,0.0,16.18128491498018,0.0,0.0
7240,H2,7287,56.920998245126285,720.7539833205983,0.0,0.0
7241,Li-Ion,7288,0.0,16.18128491498018,0.0,0.0
7241,H2,7288,56.920998245126285,725.0142231649754,0.0,0.0
7242,Li-Ion,7289,0.0,0.0,0.0,0.0
7242,H2,7289,56.920998245126285,725.4447364952304,0.0,0.0
7243,Li-Ion,7290,0.0,0.0,0.0,0.0
7243,H2,7290,56.920998245126285,728.3724003886524,0.0,0.0
7244,Li-Ion,7291,0.0,0.0,0.0,0.0
7244,H2,7291,56.920998245126285,726.786654921586,0.0,0.0
7245,Li-Ion,7292,0.0,0.0,0.0,0.0
7245,H2,7292,56.920998245126285,729.930670937164,0.0,0.0
7246,Li-Ion,7293,0.0,0.0,0.0,0.0
7246,H2,7293,56.920998245126285,730.5994377557834,0.0,0.0
7247,Li-Ion,7294,0.0,0.0,0.0,0.0
7247,H2,7294,56.920998245126285,729.5655792103463,0.0,0.0
7248,Li-Ion,7295,0.0,0.0,0.0,0.0
7248,H2,7295,56.920998245126285,736.6245795821671,0.0,0.0
7249,Li-Ion,7296,0.0,0.0,0.0,0.0
7249,H2,7296,56.920998245126285,741.6065414358712,0.0,0.0
7250,Li-Ion,7297,0.0,0.0,0.0,0.0
7250,H2,7297,56.920998245126285,743.0253425142672,0.0,0.0
7251,Li-Ion,7298,0.0,0.0,0.0,0.0
7251,H2,7298,56.920998245126285,749.8448766974474,0.0,0.0
7252,Li-Ion,7299,0.0,0.0,0.0,0.0
7252,H2,7299,56.920998245126285,757.0964891893701,0.0,0.0
7253,Li-Ion,7300,0.0,0.0,0.0,0.0
7253,H2,7300,56.920998245126285,764.4010888562577,0.0,0.0
7254,Li-Ion,7301,0.0,0.0,0.0,0.0
7254,H2,7301,56.920998245126285,767.8223245257728,0.0,0.0
7255,Li-Ion,7302,0.0,0.0,0.0,0.0
7255,H2,7302,56.920998245126285,774.6100630685512,0.0,0.0
7256,Li-Ion,7303,0.0,0.0,0.0,0.0
7256,H2,7303,56.920998245126285,779.6509697414873,0.0,0.0
7257,Li-Ion,7304,0.0,0.0,0.0,0.0
7257,H2,7304,56.920998245126285,781.9118398956477,0.0,0.0
7258,Li-Ion,7305,0.0,0.0,0.0,0.0
7258,H2,7305,56.920998245126285,786.2790440469101,0.0,0.0
7259,Li-Ion,7306,0.0,0.0,0.0,0.0
7259,H2,7306,56.920998245126285,792.4389972350363,0.0,0.0
7260,Li-Ion,7307,0.0,0.0,0.0,0.0
7260,H2,7307,56.920998245126285,796.6068538929169,0.0,0.0
7261,Li-Ion,7308,0.0,0.0,0.0,0.0
7261,H2,7308,56.920998245126285,799.2245333952676,0.0,0.0
7262,Li-Ion,7309,0.0,0.0,0.0,0.0
7262,H2,7309,56.920998245126285,803.7488979981431,0.0,0.0
7263,Li-Ion,7310,0.0,0.0,0.0,0.0
7263,H2,7310,56.920998245126285,808.1556141368069,0.0,0.0
7264,Li-Ion,7311,0.0,0.0,0.0,0.0
7264,H2,7311,56.920998245126285,809.0751407923237,0.0,0.0
7265,Li-Ion,7312,0.0,0.0,0.0,0.0
7265,H2,7312,56.920998245126285,808.9820574167118,0.0,0.0
7266,Li-Ion,7313,0.0,0.0,0.0,0.0
7266,H2,7313,56.920998245126285,808.9403142615424,0.0,0.0
7267,Li-Ion,7314,0.0,0.0,0.0,0.0
7267,H2,7314,56.920998245126285,808.5182912620368,0.0,0.0
7268,Li-Ion,7315,0.0,0.0,0.0,0.0
7268,H2,7315,56.920998245126285,807.3144817269192,0.0,0.0
7269,Li-Ion,7316,0.0,0.0,0.0,0.0
7269,H2,7316,56.920998245126285,804.9912560238445,0.0,0.0
7270,Li-Ion,7317,0.0,0.0,0.0,0.0
7270,H2,7317,56.920998245126285,805.9519197187095,0.0,0.0
7271,Li-Ion,7318,0.0,0.0,0.0,0.0
7271,H2,7318,56.920998245126285,803.1126640395411,0.0,0.0
7272,Li-Ion,7319,0.0,0.0,0.0,0.0
7272,H2,7319,56.920998245126285,799.1846140056987,0.0,0.0
7273,Li-Ion,7320,0.0,0.0,0.0,0.0
7273,H2,7320,56.920998245126285,795.4743371435328,0.0,0.0
7274,Li-Ion,7321,0.0,0.0,0.0,0.0
7274,H2,7321,56.920998245126285,792.3341997869135,0.0,0.0
7275,Li-Ion,7322,0.0,0.0,0.0,0.0
7275,H2,7322,56.920998245126285,788.2006712752686,0.0,0.0
7276,Li-Ion,7323,0.0,0.0,0.0,0.0
7276,H2,7323,56.920998245126285,782.4914913113327,0.0,0.0
7277,Li-Ion,7324,0.0,0.0,0.0,0.0
7277,H2,7324,56.920998245126285,779.2133968540953,0.0,0.0
7278,Li-Ion,7325,0.0,0.0,0.0,0.0
7278,H2,7325,56.920998245126285,775.1726443854217,0.0,0.0
7279,Li-Ion,7326,0.0,0.0,0.0,0.0
7279,H2,7326,56.920998245126285,772.4029761458738,0.0,0.0
7280,Li-Ion,7327,0.0,0.0,0.0,0.0
7280,H2,7327,56.920998245126285,769.0353079152802,0.0,0.0
7281,Li-Ion,7328,0.0,0.0,0.0,0.0
7281,H2,7328,56.920998245126285,768.1359205840145,0.0,0.0
7282,Li-Ion,7329,0.0,0.0,0.0,0.0
7282,H2,7329,56.920998245126285,767.613792217777,0.0,0.0
7283,Li-Ion,7330,0.0,0.0,0.0,0.0
7283,H2,7330,56.920998245126285,769.3489384803042,0.0,0.0
7284,Li-Ion,7331,0.0,0.0,0.0,0.0
7284,H2,7331,56.920998245126285,773.6854054831092,0.0,0.0
7285,Li-Ion,7332,0.0,0.0,0.0,0.0
7285,H2,7332,56.920998245126285,778.2851023829077,0.0,0.0
7286,Li-Ion,7333,0.0,0.0,0.0,0.0
7286,H2,7333,56.920998245126285,781.4672062590942,0.0,0.0
7287,Li-Ion,7334,0.0,0.0,0.0,0.0
7287,H2,7334,56.920998245126285,781.4238577569287,0.0,0.0
7288,Li-Ion,7335,0.0,0.0,0.0,0.0
7288,H2,7335,56.920998245126285,791.0513694527452,0.0,0.0
7289,Li-Ion,7336,0.0,0.0,0.0,0.0
7289,H2,7336,56.920998245126285,780.6337602027188,0.0,0.0
7290,Li-Ion,7337,0.0,0.0,0.0,0.0
7290,H2,7337,56.920998245126285,780.2527030744621,0.0,0.0
7291,Li-Ion,7338,0.0,0.0,0.0,0.0
7291,H2,7338,56.920998245126285,781.2225995319452,0.0,0.0
7292,Li-Ion,7339,0.0,0.0,0.0,0.0
7292,H2,7339,56.920998245126285,784.7825422895629,0.0,0.0
7293,Li-Ion,7340,0.0,0.0,0.0,0.0
7293,H2,7340,56.920998245126285,787.0125906071651,0.0,0.0
7294,Li-Ion,7341,0.0,4.412404559513875,0.0,0.0
7294,H2,7341,56.920998245126285,787.1577911372574,0.0,0.0
7295,Li-Ion,7342,0.0,9.770324381780721,0.0,0.0
7295,H2,7342,56.920998245126285,787.0828038303933,0.0,0.0
7296,Li-Ion,7343,0.0,15.128244204047569,0.0,0.0
7296,H2,7343,56.920998245126285,788.230124357195,0.0,0.0
7297,Li-Ion,7344,0.0,14.182728941294595,0.0,0.0
7297,H2,7344,56.920998245126285,796.9936553620687,0.0,0.0
7298,Li-Ion,7345,0.0,19.540648763561443,0.0,0.0
7298,H2,7345,56.920998245126285,803.4731397654009,0.0,0.0
7299,Li-Ion,7346,0.0,16.18128491498018,0.0,0.0
7299,H2,7346,56.920998245126285,808.9680195907024,0.0,0.0
7300,Li-Ion,7347,0.0,15.235769652227205,0.0,0.0
7300,H2,7347,56.920998245126285,819.1820065846277,0.0,0.0
7301,Li-Ion,7348,0.0,20.593689474494052,0.0,0.0
7301,H2,7348,56.920998245126285,830.2469504172151,0.0,0.0
7302,Li-Ion,7349,0.0,16.18128491498018,0.0,0.0
7302,H2,7349,56.920998245126285,834.3951693308261,0.0,0.0
7303,Li-Ion,7350,0.0,0.0,0.0,0.0
7303,H2,7350,56.920998245126285,803.9826161832344,0.0,0.0
7304,Li-Ion,7351,0.0,0.0,0.0,0.0
7304,H2,7351,56.920998245126285,800.7568483419675,0.0,0.0
7305,Li-Ion,7352,0.0,0.0,0.0,0.0
7305,H2,7352,56.920998245126285,798.6821004525365,0.0,0.0
7306,Li-Ion,7353,0.0,0.0,0.0,0.0
7306,H2,7353,56.920998245126285,794.4982047223633,0.0,0.0
7307,Li-Ion,7354,0.0,0.0,0.0,0.0
7307,H2,7354,56.920998245126285,791.2977172612271,0.0,0.0
7308,Li-Ion,7355,0.0,0.0,0.0,0.0
7308,H2,7355,56.920998245126285,788.426375012561,0.0,0.0
7309,Li-Ion,7356,0.0,0.0,0.0,0.0
7309,H2,7356,56.920998245126285,790.9897207179436,0.0,0.0
7310,Li-Ion,7357,0.0,4.412404559513875,0.0,0.0
7310,H2,7357,56.920998245126285,787.8421143290146,0.0,0.0
7311,Li-Ion,7358,0.0,9.770324381780721,0.0,0.0
7311,H2,7358,56.920998245126285,786.4706246606628,0.0,0.0
7312,Li-Ion,7359,0.0,15.128244204047569,0.0,0.0
7312,H2,7359,56.920998245126285,782.6796166315445,0.0,0.0
7313,Li-Ion,7360,0.0,16.18128491498018,0.0,0.0
7313,H2,7360,56.920998245126285,776.5453795792067,0.0,0.0
7314,Li-Ion,7361,0.0,0.0,0.0,0.0
7314,H2,7361,56.920998245126285,765.2296828258984,0.0,0.0
7315,Li-Ion,7362,0.0,0.0,0.0,0.0
7315,H2,7362,56.920998245126285,760.9430446945465,0.0,0.0
7316,Li-Ion,7363,0.0,0.0,0.0,0.0
7316,H2,7363,56.920998245126285,756.6564065631947,0.0,0.0
7317,Li-Ion,7364,0.0,0.0,0.0,0.0
7317,H2,7364,56.920998245126285,748.1445247226825,0.0,0.0
7318,Li-Ion,7365,0.0,0.0,0.0,0.0
7318,H2,7365,56.920998245126285,739.114470101078,0.0,0.0
7319,Li-Ion,7366,0.0,0.0,0.0,0.0
7319,H2,7366,56.920998245126285,732.4532427510871,0.0,0.0
7320,Li-Ion,7367,0.0,0.0,0.0,0.0
7320,H2,7367,56.920998245126285,723.68247602707,0.0,0.0
7321,Li-Ion,7368,0.0,0.0,0.0,0.0
7321,H2,7368,56.920998245126285,719.9867116612646,0.0,0.0
7322,Li-Ion,7369,0.0,0.0,0.0,0.0
7322,H2,7369,56.920998245126285,715.5861176921509,0.0,0.0
7323,Li-Ion,7370,0.0,0.0,0.0,0.0
7323,H2,7370,56.920998245126285,706.6485633596409,0.0,0.0
7324,Li-Ion,7371,0.0,0.0,0.0,0.0
7324,H2,7371,56.920998245126285,702.8629069462249,0.0,0.0
7325,Li-Ion,7372,0.0,0.0,0.0,0.0
7325,H2,7372,56.920998245126285,696.4841773786202,0.0,0.0
7326,Li-Ion,7373,0.0,0.0,0.0,0.0
7326,H2,7373,56.920998245126285,690.354926785847,0.0,0.0
7327,Li-Ion,7374,0.0,0.0,0.0,0.0
7327,H2,7374,56.920998245126285,684.6824903063768,0.0,0.0
7328,Li-Ion,7375,0.0,0.0,0.0,0.0
7328,H2,7375,56.920998245126285,681.6979389752653,0.0,0.0
7329,Li-Ion,7376,0.0,0.0,0.0,0.0
7329,H2,7376,56.920998245126285,679.1801397306997,0.0,0.0
7330,Li-Ion,7377,0.0,0.0,0.0,0.0
7330,H2,7377,56.920998245126285,675.4514154935865,0.0,0.0
7331,Li-Ion,7378,0.0,0.0,0.0,0.0
7331,H2,7378,56.920998245126285,675.4514154935865,0.0,0.0
7332,Li-Ion,7379,0.0,0.0,0.0,0.0
7332,H2,7379,56.920998245126285,672.1380995466743,0.0,0.0
7333,Li-Ion,7380,0.0,0.0,0.0,0.0
7333,H2,7380,56.920998245126285,671.7662848508858,0.0,0.0
7334,Li-Ion,7381,0.0,4.412404559513875,0.0,0.0
7334,H2,7381,56.920998245126285,672.5531956966914,0.0,0.0
7335,Li-Ion,7382,0.0,9.770324381780721,0.0,0.0
7335,H2,7382,56.920998245126285,673.7866120154272,0.0,0.0
7336,Li-Ion,7383,0.0,15.128244204047569,0.0,0.0
7336,H2,7383,56.920998245126285,672.3984654507794,0.0,0.0
7337,Li-Ion,7384,0.0,16.18128491498018,0.0,0.0
7337,H2,7384,56.920998245126285,672.3310627470912,0.0,0.0
7338,Li-Ion,7385,0.0,0.0,0.0,0.0
7338,H2,7385,56.920998245126285,670.6156386032255,0.0,0.0
7339,Li-Ion,7386,0.0,0.0,0.0,0.0
7339,H2,7386,56.920998245126285,677.5910880434955,0.0,0.0
7340,Li-Ion,7387,0.0,0.0,0.0,0.0
7340,H2,7387,56.920998245126285,685.6521738183925,0.0,0.0
7341,Li-Ion,7388,0.0,0.0,0.0,0.0
7341,H2,7388,56.920998245126285,691.259185408825,0.0,0.0
7342,Li-Ion,7389,0.0,4.412404559513875,0.0,0.0
7342,H2,7389,56.920998245126285,691.8089105185214,0.0,0.0
7343,Li-Ion,7390,0.0,9.770324381780721,0.0,0.0
7343,H2,7390,56.920998245126285,699.4510469581681,0.0,0.0
7344,Li-Ion,7391,0.0,15.128244204047569,0.0,0.0
7344,H2,7391,56.920998245126285,711.4253452549166,0.0,0.0
7345,Li-Ion,7392,0.0,16.18128491498018,0.0,0.0
7345,H2,7392,56.920998245126285,723.2459315591595,0.0,0.0
7346,Li-Ion,7393,0.0,16.18128491498018,0.0,0.0
7346,H2,7393,56.920998245126285,731.880979753677,0.0,0.0
7347,Li-Ion,7394,0.0,16.18128491498018,0.0,0.0
7347,H2,7394,56.920998245126285,743.3877793540321,0.0,0.0
7348,Li-Ion,7395,0.0,16.18128491498018,0.0,0.0
7348,H2,7395,56.920998245126285,751.7479014351671,0.0,0.0
7349,Li-Ion,7396,0.0,16.18128491498018,0.0,0.0
7349,H2,7396,56.920998245126285,756.0078562676225,0.0,0.0
7350,Li-Ion,7397,0.0,16.18128491498018,0.0,0.0
7350,H2,7397,56.920998245126285,761.6243350901152,0.0,0.0
7351,Li-Ion,7398,0.0,0.0,0.0,0.0
7351,H2,7398,56.920998245126285,769.7124320421752,0.0,0.0
7352,Li-Ion,7399,0.0,0.0,0.0,0.0
7352,H2,7399,56.920998245126285,768.1195302969631,0.0,0.0
7353,Li-Ion,7400,0.0,0.0,0.0,0.0
7353,H2,7400,56.920998245126285,766.9479750559786,0.0,0.0
7354,Li-Ion,7401,0.0,0.0,0.0,0.0
7354,H2,7401,56.920998245126285,766.2147593910377,0.0,0.0
7355,Li-Ion,7402,0.0,0.0,0.0,0.0
7355,H2,7402,56.920998245126285,769.8147215619186,0.0,0.0
7356,Li-Ion,7403,0.0,0.0,0.0,0.0
7356,H2,7403,56.920998245126285,783.8350274188177,0.0,0.0
7357,Li-Ion,7404,0.0,4.412404559513875,0.0,0.0
7357,H2,7404,56.920998245126285,791.4081608299842,0.0,0.0
7358,Li-Ion,7405,0.0,9.770324381780721,0.0,0.0
7358,H2,7405,56.920998245126285,782.2336723385293,0.0,0.0
7359,Li-Ion,7406,0.0,8.824809119027748,0.0,0.0
7359,H2,7406,56.920998245126285,802.6987674399522,0.0,0.0
7360,Li-Ion,7407,0.0,16.18128491498018,0.0,0.0
7360,H2,7407,56.920998245126285,799.4063683786233,0.0,0.0
7361,Li-Ion,7408,0.0,16.18128491498018,0.0,0.0
7361,H2,7408,56.920998245126285,774.3460955363171,0.0,0.0
7362,Li-Ion,7409,0.0,0.0,0.0,0.0
7362,H2,7409,56.920998245126285,767.8601628624266,0.0,0.0
7363,Li-Ion,7410,0.0,0.0,0.0,0.0
7363,H2,7410,56.920998245126285,762.1032998769219,0.0,0.0
7364,Li-Ion,7411,0.0,0.0,0.0,0.0
7364,H2,7411,56.920998245126285,754.2357061126618,0.0,0.0
7365,Li-Ion,7412,0.0,4.412404559513875,0.0,0.0
7365,H2,7412,56.920998245126285,750.6397640853078,0.0,0.0
7366,Li-Ion,7413,0.0,9.770324381780721,0.0,0.0
7366,H2,7413,56.920998245126285,742.9037037667348,0.0,0.0
7367,Li-Ion,7414,0.0,15.128244204047569,0.0,0.0
7367,H2,7414,56.920998245126285,737.9408795907106,0.0,0.0
7368,Li-Ion,7415,0.0,16.18128491498018,0.0,0.0
7368,H2,7415,56.920998245126285,733.197463100458,0.0,0.0
7369,Li-Ion,7416,0.0,16.18128491498018,0.0,0.0
7369,H2,7416,56.920998245126285,728.4540466102054,0.0,0.0
7370,Li-Ion,7417,0.0,16.18128491498018,0.0,0.0
7370,H2,7417,56.920998245126285,730.4228563731158,0.0,0.0
7371,Li-Ion,7418,0.0,16.18128491498018,0.0,0.0
7371,H2,7418,56.920998245126285,725.7722685435774,0.0,0.0
7372,Li-Ion,7419,0.0,16.18128491498018,0.0,0.0
7372,H2,7419,56.920998245126285,721.0288520533248,0.0,0.0
7373,Li-Ion,7420,0.0,16.18128491498018,0.0,0.0
7373,H2,7420,56.920998245126285,716.3508156536963,0.0,0.0
7374,Li-Ion,7421,0.0,16.18128491498018,0.0,0.0
7374,H2,7421,56.920998245126285,717.7167865645949,0.0,0.0
7375,Li-Ion,7422,0.0,16.18128491498018,0.0,0.0
7375,H2,7422,56.920998245126285,714.2922009816953,0.0,0.0
7376,Li-Ion,7423,0.0,16.18128491498018,0.0,0.0
7376,H2,7423,56.920998245126285,713.0011221328934,0.0,0.0
7377,Li-Ion,7424,0.0,16.18128491498018,0.0,0.0
7377,H2,7424,56.920998245126285,714.1504710245684,0.0,0.0
7378,Li-Ion,7425,0.0,16.18128491498018,0.0,0.0
7378,H2,7425,56.920998245126285,729.6291155129877,0.0,0.0
7379,Li-Ion,7426,0.0,16.18128491498018,0.0,0.0
7379,H2,7426,56.920998245126285,735.8401494813684,0.0,0.0
7380,Li-Ion,7427,0.0,16.18128491498018,0.0,0.0
7380,H2,7427,56.920998245126285,735.9267769155911,0.0,0.0
7381,Li-Ion,7428,0.0,16.18128491498018,0.0,0.0
7381,H2,7428,56.920998245126285,734.2707226599874,0.0,0.0
7382,Li-Ion,7429,0.0,16.18128491498018,0.0,0.0
7382,H2,7429,56.920998245126285,733.6689566753222,0.0,0.0
7383,Li-Ion,7430,0.0,15.235769652227205,0.0,0.0
7383,H2,7430,56.920998245126285,743.8525727180455,0.0,0.0
7384,Li-Ion,7431,0.0,16.18128491498018,0.0,0.0
7384,H2,7431,56.920998245126285,744.5879689185443,0.0,0.0
7385,Li-Ion,7432,0.0,16.18128491498018,0.0,0.0
7385,H2,7432,56.920998245126285,732.3899951334258,0.0,0.0
7386,Li-Ion,7433,0.0,16.18128491498018,0.0,0.0
7386,H2,7433,56.920998245126285,743.0337948078109,0.0,0.0
7387,Li-Ion,7434,0.0,16.18128491498018,0.0,0.0
7387,H2,7434,56.920998245126285,739.9584200606357,0.0,0.0
7388,Li-Ion,7435,0.0,16.18128491498018,0.0,0.0
7388,H2,7435,56.920998245126285,741.8451586511683,0.0,0.0
7389,Li-Ion,7436,0.0,16.18128491498018,0.0,0.0
7389,H2,7436,56.920998245126285,743.123637591482,0.0,0.0
7390,Li-Ion,7437,0.0,15.235769652227205,0.0,0.0
7390,H2,7437,56.920998245126285,752.1536922130864,0.0,0.0
7391,Li-Ion,7438,0.0,16.18128491498018,0.0,0.0
7391,H2,7438,56.920998245126285,756.4403303444383,0.0,0.0
7392,Li-Ion,7439,0.0,16.18128491498018,0.0,0.0
7392,H2,7439,56.920998245126285,747.4102757228338,0.0,0.0
7393,Li-Ion,7440,0.0,15.235769652227205,0.0,0.0
7393,H2,7440,56.920998245126285,765.1750561800961,0.0,0.0
7394,Li-Ion,7441,0.0,20.593689474494052,0.0,0.0
7394,H2,7441,56.920998245126285,768.1832153711343,0.0,0.0
7395,Li-Ion,7442,0.0,21.539204737247026,0.0,0.0
7395,H2,7442,56.920998245126285,786.067883820689,0.0,0.0
7396,Li-Ion,7443,0.0,16.18128491498018,0.0,0.0
7396,H2,7443,56.920998245126285,790.5299627456951,0.0,0.0
7397,Li-Ion,7444,0.0,15.235769652227205,0.0,0.0
7397,H2,7444,56.920998245126285,795.2733792359477,0.0,0.0
7398,Li-Ion,7445,0.0,20.593689474494052,0.0,0.0
7398,H2,7445,56.920998245126285,804.3034338575521,0.0,0.0
7399,Li-Ion,7446,0.0,21.539204737247026,0.0,0.0
7399,H2,7446,56.920998245126285,806.361255253019,0.0,0.0
7400,Li-Ion,7447,0.0,21.539204737247026,0.0,0.0
7400,H2,7447,56.920998245126285,811.1046717432715,0.0,0.0
7401,Li-Ion,7448,0.0,16.18128491498018,0.0,0.0
7401,H2,7448,56.920998245126285,813.7902668380573,0.0,0.0
7402,Li-Ion,7449,0.0,16.18128491498018,0.0,0.0
7402,H2,7449,56.920998245126285,744.5825414696324,0.0,0.0
7403,Li-Ion,7450,0.0,16.18128491498018,0.0,0.0
7403,H2,7450,56.920998245126285,752.3102765473607,0.0,0.0
7404,Li-Ion,7451,0.0,15.235769652227205,0.0,0.0
7404,H2,7451,56.920998245126285,765.626969300317,0.0,0.0
7405,Li-Ion,7452,0.0,16.18128491498018,0.0,0.0
7405,H2,7452,56.920998245126285,771.3307256068499,0.0,0.0
7406,Li-Ion,7453,0.0,15.235769652227205,0.0,0.0
7406,H2,7453,56.920998245126285,780.7939662846599,0.0,0.0
7407,Li-Ion,7454,0.0,16.18128491498018,0.0,0.0
7407,H2,7454,56.920998245126285,786.1612808824572,0.0,0.0
7408,Li-Ion,7455,0.0,16.18128491498018,0.0,0.0
7408,H2,7455,56.920998245126285,772.06853483383,0.0,0.0
7409,Li-Ion,7456,0.0,16.18128491498018,0.0,0.0
7409,H2,7456,56.920998245126285,769.7364681573862,0.0,0.0
7410,Li-Ion,7457,0.0,16.18128491498018,0.0,0.0
7410,H2,7457,56.920998245126285,769.231038907644,0.0,0.0
7411,Li-Ion,7458,0.0,16.18128491498018,0.0,0.0
7411,H2,7458,56.920998245126285,768.7677527248248,0.0,0.0
7412,Li-Ion,7459,0.0,16.18128491498018,0.0,0.0
7412,H2,7459,56.920998245126285,768.7677527248248,0.0,0.0
7413,Li-Ion,7460,0.0,16.18128491498018,0.0,0.0
7413,H2,7460,56.920998245126285,773.0565778874065,0.0,0.0
7414,Li-Ion,7461,0.0,16.18128491498018,0.0,0.0
7414,H2,7461,56.920998245126285,780.0686256812179,0.0,0.0
7415,Li-Ion,7462,0.0,16.18128491498018,0.0,0.0
7415,H2,7462,56.920998245126285,784.3552638125698,0.0,0.0
7416,Li-Ion,7463,0.0,16.18128491498018,0.0,0.0
7416,H2,7463,56.920998245126285,788.5672444200618,0.0,0.0
7417,Li-Ion,7464,0.0,16.18128491498018,0.0,0.0
7417,H2,7464,56.920998245126285,796.9889265978204,0.0,0.0
7418,Li-Ion,7465,0.0,16.18128491498018,0.0,0.0
7418,H2,7465,56.920998245126285,802.6287300003651,0.0,0.0
7419,Li-Ion,7466,0.0,16.18128491498018,0.0,0.0
7419,H2,7466,56.920998245126285,811.6144343134318,0.0,0.0
7420,Li-Ion,7467,0.0,0.0,0.0,0.0
7420,H2,7467,56.920998245126285,815.3130443984313,0.0,0.0
7421,Li-Ion,7468,0.0,0.0,0.0,0.0
7421,H2,7468,56.920998245126285,819.1501143346525,0.0,0.0
7422,Li-Ion,7469,0.0,0.0,0.0,0.0
7422,H2,7469,56.920998245126285,823.7225760112134,0.0,0.0
7423,Li-Ion,7470,0.0,4.412404559513875,0.0,0.0
7423,H2,7470,56.920998245126285,819.4537914680088,0.0,0.0
7424,Li-Ion,7471,0.0,0.0,0.0,0.0
7424,H2,7471,56.920998245126285,797.8425501180561,0.0,0.0
7425,Li-Ion,7472,0.0,0.0,0.0,0.0
7425,H2,7472,56.920998245126285,800.8998085346337,0.0,0.0
7426,Li-Ion,7473,0.0,0.0,0.0,0.0
7426,H2,7473,56.920998245126285,800.8595400909091,0.0,0.0
7427,Li-Ion,7474,0.0,0.0,0.0,0.0
7427,H2,7474,56.920998245126285,792.4547964229654,0.0,0.0
7428,Li-Ion,7475,0.0,0.0,0.0,0.0
7428,H2,7475,56.920998245126285,796.4967944299711,0.0,0.0
7429,Li-Ion,7476,0.0,0.0,0.0,0.0
7429,H2,7476,56.920998245126285,800.9111632805727,0.0,0.0
7430,Li-Ion,7477,0.0,0.0,0.0,0.0
7430,H2,7477,56.920998245126285,805.1824011197194,0.0,0.0
7431,Li-Ion,7478,0.0,0.0,0.0,0.0
7431,H2,7478,56.920998245126285,809.2845140250453,0.0,0.0
7432,Li-Ion,7479,0.0,0.0,0.0,0.0
7432,H2,7479,56.920998245126285,809.1427680912059,0.0,0.0
7433,Li-Ion,7480,0.0,0.0,0.0,0.0
7433,H2,7480,56.920998245126285,810.9596474888016,0.0,0.0
7434,Li-Ion,7481,0.0,0.0,0.0,0.0
7434,H2,7481,56.920998245126285,811.7165782853311,0.0,0.0
7435,Li-Ion,7482,0.0,0.0,0.0,0.0
7435,H2,7482,56.920998245126285,818.4943705709129,0.0,0.0
7436,Li-Ion,7483,0.0,0.0,0.0,0.0
7436,H2,7483,56.920998245126285,822.8686101180068,0.0,0.0
7437,Li-Ion,7484,0.0,0.0,0.0,0.0
7437,H2,7484,56.920998245126285,823.1029728399573,0.0,0.0
7438,Li-Ion,7485,0.0,0.0,0.0,0.0
7438,H2,7485,56.920998245126285,827.4672512124217,0.0,0.0
7439,Li-Ion,7486,0.0,0.0,0.0,0.0
7439,H2,7486,56.920998245126285,831.954567484088,0.0,0.0
7440,Li-Ion,7487,0.0,0.0,0.0,0.0
7440,H2,7487,56.920998245126285,836.3860632304969,0.0,0.0
7441,Li-Ion,7488,0.0,0.0,0.0,0.0
7441,H2,7488,56.920998245126285,840.7700425927843,0.0,0.0
7442,Li-Ion,7489,0.0,0.0,0.0,0.0
7442,H2,7489,56.920998245126285,845.0790601631373,0.0,0.0
7443,Li-Ion,7490,0.0,0.0,0.0,0.0
7443,H2,7490,56.920998245126285,844.9662648812767,0.0,0.0
7444,Li-Ion,7491,0.0,0.0,0.0,0.0
7444,H2,7491,56.920998245126285,856.9662442546613,0.0,0.0
7445,Li-Ion,7492,0.0,0.0,0.0,0.0
7445,H2,7492,56.920998245126285,860.5723001502696,0.0,0.0
7446,Li-Ion,7493,0.0,0.0,0.0,0.0
7446,H2,7493,56.920998245126285,866.2038737243995,0.0,0.0
7447,Li-Ion,7494,0.0,0.0,0.0,0.0
7447,H2,7494,56.920998245126285,870.0391156934285,0.0,0.0
7448,Li-Ion,7495,0.0,0.0,0.0,0.0
7448,H2,7495,56.920998245126285,873.9986984200551,0.0,0.0
7449,Li-Ion,7496,0.0,0.0,0.0,0.0
7449,H2,7496,56.920998245126285,878.1713996873112,0.0,0.0
7450,Li-Ion,7497,0.0,0.0,0.0,0.0
7450,H2,7497,56.920998245126285,878.0497278920586,0.0,0.0
7451,Li-Ion,7498,0.0,0.0,0.0,0.0
7451,H2,7498,56.920998245126285,882.1769303083403,0.0,0.0
7452,Li-Ion,7499,0.0,0.0,0.0,0.0
7452,H2,7499,56.920998245126285,878.9683301794292,0.0,0.0
7453,Li-Ion,7500,0.0,0.0,0.0,0.0
7453,H2,7500,56.920998245126285,876.3195556940108,0.0,0.0
7454,Li-Ion,7501,0.0,0.0,0.0,0.0
7454,H2,7501,56.920998245126285,880.9704187935505,0.0,0.0
7455,Li-Ion,7502,0.0,0.0,0.0,0.0
7455,H2,7502,56.920998245126285,884.1326481594144,0.0,0.0
7456,Li-Ion,7503,0.0,0.0,0.0,0.0
7456,H2,7503,56.920998245126285,884.1326481594144,0.0,0.0
7457,Li-Ion,7504,0.0,0.0,0.0,0.0
7457,H2,7504,56.920998245126285,888.4192862907664,0.0,0.0
7458,Li-Ion,7505,0.0,0.0,0.0,0.0
7458,H2,7505,56.920998245126285,892.7059244221184,0.0,0.0
7459,Li-Ion,7506,0.0,0.0,0.0,0.0
7459,H2,7506,56.920998245126285,896.9925625534707,0.0,0.0
7460,Li-Ion,7507,0.0,0.0,0.0,0.0
7460,H2,7507,56.920998245126285,901.2792006848229,0.0,0.0
7461,Li-Ion,7508,0.0,0.0,0.0,0.0
7461,H2,7508,56.920998245126285,901.2792006848229,0.0,0.0
7462,Li-Ion,7509,0.0,0.0,0.0,0.0
7462,H2,7509,56.920998245126285,905.5658388161752,0.0,0.0
7463,Li-Ion,7510,0.0,0.0,0.0,0.0
7463,H2,7510,56.920998245126285,909.8524769475272,0.0,0.0
7464,Li-Ion,7511,0.0,0.0,0.0,0.0
7464,H2,7511,56.920998245126285,914.1391150788795,0.0,0.0
7465,Li-Ion,7512,0.0,0.0,0.0,0.0
7465,H2,7512,56.920998245126285,919.6594409100466,0.0,0.0
7466,Li-Ion,7513,0.0,0.0,0.0,0.0
7466,H2,7513,56.920998245126285,921.3172992398727,0.0,0.0
7467,Li-Ion,7514,0.0,0.0,0.0,0.0
7467,H2,7514,56.920998245126285,921.7413065921806,0.0,0.0
7468,Li-Ion,7515,0.0,0.0,0.0,0.0
7468,H2,7515,56.920998245126285,921.2523614041254,0.0,0.0
7469,Li-Ion,7516,0.0,0.0,0.0,0.0
7469,H2,7516,56.920998245126285,924.7841273895968,0.0,0.0
7470,Li-Ion,7517,0.0,0.0,0.0,0.0
7470,H2,7517,56.920998245126285,928.887036312203,0.0,0.0
7471,Li-Ion,7518,0.0,0.0,0.0,0.0
7471,H2,7518,56.920998245126285,927.4707243076906,0.0,0.0
7472,Li-Ion,7519,0.0,0.0,0.0,0.0
7472,H2,7519,56.920998245126285,927.4707243076906,0.0,0.0
7473,Li-Ion,7520,0.0,0.0,0.0,0.0
7473,H2,7520,56.920998245126285,929.1987212748463,0.0,0.0
7474,Li-Ion,7521,0.0,0.0,0.0,0.0
7474,H2,7521,56.920998245126285,933.4853594061985,0.0,0.0
7475,Li-Ion,7522,0.0,0.0,0.0,0.0
7475,H2,7522,56.920998245126285,942.5154140278032,0.0,0.0
7476,Li-Ion,7523,0.0,0.0,0.0,0.0
7476,H2,7523,56.920998245126285,946.8020521591556,0.0,0.0
7477,Li-Ion,7524,0.0,0.0,0.0,0.0
7477,H2,7524,56.920998245126285,951.0886902905077,0.0,0.0
7478,Li-Ion,7525,0.0,0.0,0.0,0.0
7478,H2,7525,56.920998245126285,955.37532842186,0.0,0.0
7479,Li-Ion,7526,0.0,0.0,0.0,0.0
7479,H2,7526,56.920998245126285,955.37532842186,0.0,0.0
7480,Li-Ion,7527,0.0,0.0,0.0,0.0
7480,H2,7527,56.920998245126285,959.6619665532121,0.0,0.0
7481,Li-Ion,7528,0.0,0.0,0.0,0.0
7481,H2,7528,56.920998245126285,961.7831610808187,0.0,0.0
7482,Li-Ion,7529,0.0,0.0,0.0,0.0
7482,H2,7529,56.920998245126285,961.3263827219182,0.0,0.0
7483,Li-Ion,7530,0.0,0.0,0.0,0.0
7483,H2,7530,56.920998245126285,965.6130208532705,0.0,0.0
7484,Li-Ion,7531,0.0,0.0,0.0,0.0
7484,H2,7531,56.920998245126285,971.8891050916194,0.0,0.0
7485,Li-Ion,7532,0.0,0.0,0.0,0.0
7485,H2,7532,56.920998245126285,970.9019872505288,0.0,0.0
7486,Li-Ion,7533,0.0,0.0,0.0,0.0
7486,H2,7533,56.920998245126285,975.4256982845176,0.0,0.0
7487,Li-Ion,7534,0.0,0.0,0.0,0.0
7487,H2,7534,56.920998245126285,974.186297115975,0.0,0.0
7488,Li-Ion,7535,0.0,0.0,0.0,0.0
7488,H2,7535,56.920998245126285,974.186297115975,0.0,0.0
7489,Li-Ion,7536,0.0,0.0,0.0,0.0
7489,H2,7536,56.920998245126285,975.2254604418885,0.0,0.0
7490,Li-Ion,7537,0.0,0.0,0.0,0.0
7490,H2,7537,56.920998245126285,978.9297136062276,0.0,0.0
7491,Li-Ion,7538,0.0,1.8783727037710378,0.0,0.0
7491,H2,7538,56.920998245126285,978.9297136062276,0.0,0.0
7492,Li-Ion,7539,0.0,2.973613368510444,0.0,0.0
7492,H2,7539,56.920998245126285,978.9297136062276,0.0,0.0
7493,Li-Ion,7540,0.0,3.290450606351339,0.0,0.0
7493,H2,7540,56.920998245126285,978.9297136062276,0.0,0.0
7494,Li-Ion,7541,0.0,3.6849115275873383,0.0,0.0
7494,H2,7541,56.920998245126285,978.9297136062276,0.0,0.0
7495,Li-Ion,7542,0.0,6.082201339723,0.0,0.0
7495,H2,7542,56.920998245126285,982.6498849581334,0.0,0.0
7496,Li-Ion,7543,0.0,6.078749433812962,0.0,0.0
7496,H2,7543,56.920998245126285,982.6498849581334,0.0,0.0
7497,Li-Ion,7544,0.0,5.970257630922548,0.0,0.0
7497,H2,7544,56.920998245126285,982.6498849581334,0.0,0.0
7498,Li-Ion,7545,0.0,6.3957992635025125,0.0,0.0
7498,H2,7545,56.920998245126285,982.6498849581334,0.0,0.0
7499,Li-Ion,7546,0.0,6.323908509781411,0.0,0.0
7499,H2,7546,56.920998245126285,980.5339778297059,0.0,0.0
7500,Li-Ion,7547,0.0,6.252516696113291,0.0,0.0
7500,H2,7547,56.920998245126285,976.5506696900044,0.0,0.0
7501,Li-Ion,7548,0.0,6.1923293405915025,0.0,0.0
7501,H2,7548,56.920998245126285,972.9317117015429,0.0,0.0
7502,Li-Ion,7549,0.0,2.6373814630882775,0.0,0.0
7502,H2,7549,56.920998245126285,972.9317117015429,0.0,0.0
7503,Li-Ion,7550,0.0,1.5567098478959673,0.0,0.0
7503,H2,7550,56.920998245126285,968.1882952112901,0.0,0.0
7504,Li-Ion,7551,0.0,0.5457922214152482,0.0,0.0
7504,H2,7551,56.920998245126285,963.4448787210375,0.0,0.0
7505,Li-Ion,7552,0.0,0.0,0.0,0.0
7505,H2,7552,56.920998245126285,958.7014622307847,0.0,0.0
7506,Li-Ion,7553,0.0,0.0,0.0,0.0
7506,H2,7553,56.920998245126285,959.7113608997809,0.0,0.0
7507,Li-Ion,7554,0.0,0.0,0.0,0.0
7507,H2,7554,56.920998245126285,954.9679444095283,0.0,0.0
7508,Li-Ion,7555,0.0,0.0,0.0,0.0
7508,H2,7555,56.920998245126285,950.2245279192755,0.0,0.0
7509,Li-Ion,7556,0.0,0.0,0.0,0.0
7509,H2,7556,56.920998245126285,945.4811114290229,0.0,0.0
7510,Li-Ion,7557,0.0,0.0,0.0,0.0
7510,H2,7557,56.920998245126285,940.7376949387701,0.0,0.0
7511,Li-Ion,7558,0.0,0.0,0.0,0.0
7511,H2,7558,56.920998245126285,935.9942784485175,0.0,0.0
7512,Li-Ion,7559,0.0,0.0,0.0,0.0
7512,H2,7559,56.920998245126285,932.4845677455216,0.0,0.0
7513,Li-Ion,7560,0.0,0.0,0.0,0.0
7513,H2,7560,56.920998245126285,930.5473548101745,0.0,0.0
7514,Li-Ion,7561,0.0,0.0,0.0,0.0
7514,H2,7561,56.920998245126285,925.8039383199217,0.0,0.0
7515,Li-Ion,7562,0.0,0.0,0.0,0.0
7515,H2,7562,56.920998245126285,922.7769490917551,0.0,0.0
7516,Li-Ion,7563,0.0,0.0,0.0,0.0
7516,H2,7563,56.920998245126285,918.9249809386791,0.0,0.0
7517,Li-Ion,7564,0.0,0.0,0.0,0.0
7517,H2,7564,56.920998245126285,914.1815644484263,0.0,0.0
7518,Li-Ion,7565,0.0,0.017655427635715676,0.0,0.0
7518,H2,7565,56.920998245126285,909.4381479581735,0.0,0.0
7519,Li-Ion,7566,0.0,0.0,0.0,0.0
7519,H2,7566,56.920998245126285,901.25916059249,0.0,0.0
7520,Li-Ion,7567,0.0,0.0,0.0,0.0
7520,H2,7567,56.920998245126285,902.1720877061215,0.0,0.0
7521,Li-Ion,7568,0.0,0.0,0.0,0.0
7521,H2,7568,56.920998245126285,898.5761799797707,0.0,0.0
7522,Li-Ion,7569,0.0,0.0,0.0,0.0
7522,H2,7569,56.920998245126285,900.5497048672652,0.0,0.0
7523,Li-Ion,7570,0.0,0.0,0.0,0.0
7523,H2,7570,56.920998245126285,904.0931880109371,0.0,0.0
7524,Li-Ion,7571,0.0,0.0,0.0,0.0
7524,H2,7571,56.920998245126285,903.5158708249096,0.0,0.0
7525,Li-Ion,7572,0.0,1.0867581415125525,0.0,0.0
7525,H2,7572,56.920998245126285,906.640333859969,0.0,0.0
7526,Li-Ion,7573,0.0,5.716291107887849,0.0,0.0
7526,H2,7573,56.920998245126285,908.2590026013241,0.0,0.0
7527,Li-Ion,7574,0.0,6.109575181390185,0.0,0.0
7527,H2,7574,56.920998245126285,908.2590026013241,0.0,0.0
7528,Li-Ion,7575,0.0,6.430697338099144,0.0,0.0
7528,H2,7575,56.920998245126285,908.2590026013241,0.0,0.0
7529,Li-Ion,7576,0.0,2.1448022829759474,0.0,0.0
7529,H2,7576,56.920998245126285,908.2590026013241,0.0,0.0
7530,Li-Ion,7577,0.0,0.0,0.0,0.0
7530,H2,7577,56.920998245126285,908.2590026013241,0.0,0.0
7531,Li-Ion,7578,0.0,0.0,0.0,0.0
7531,H2,7578,56.920998245126285,908.2590026013241,0.0,0.0
7532,Li-Ion,7579,0.0,0.0,0.0,0.0
7532,H2,7579,56.920998245126285,908.2590026013241,0.0,0.0
7533,Li-Ion,7580,0.0,0.0,0.0,0.0
7533,H2,7580,56.920998245126285,904.265260258934,0.0,0.0
7534,Li-Ion,7581,0.0,0.0,0.0,0.0
7534,H2,7581,56.920998245126285,904.265260258934,0.0,0.0
7535,Li-Ion,7582,0.0,0.0,0.0,0.0
7535,H2,7582,56.920998245126285,904.265260258934,0.0,0.0
7536,Li-Ion,7583,0.0,0.0,0.0,0.0
7536,H2,7583,56.920998245126285,900.2851545672594,0.0,0.0
7537,Li-Ion,7584,0.0,0.0,0.0,0.0
7537,H2,7584,56.920998245126285,896.9060525921108,0.0,0.0
7538,Li-Ion,7585,0.0,0.058387375048035955,0.0,0.0
7538,H2,7585,56.920998245126285,900.2851545672594,0.0,0.0
7539,Li-Ion,7586,0.0,0.0,0.0,0.0
7539,H2,7586,56.920998245126285,900.2851545672594,0.0,0.0
7540,Li-Ion,7587,0.0,0.0,0.0,0.0
7540,H2,7587,56.920998245126285,903.0968054670539,0.0,0.0
7541,Li-Ion,7588,0.0,0.0,0.0,0.0
7541,H2,7588,56.920998245126285,902.7094129740105,0.0,0.0
7542,Li-Ion,7589,0.0,0.0,0.0,0.0
7542,H2,7589,56.920998245126285,906.3637821213939,0.0,0.0
7543,Li-Ion,7590,0.0,0.0,0.0,0.0
7543,H2,7590,56.920998245126285,906.7024304360214,0.0,0.0
7544,Li-Ion,7591,0.0,0.0,0.0,0.0
7544,H2,7591,56.920998245126285,911.076953006966,0.0,0.0
7545,Li-Ion,7592,0.0,0.0,0.0,0.0
7545,H2,7592,56.920998245126285,914.9378434195274,0.0,0.0
7546,Li-Ion,7593,0.0,0.0,0.0,0.0
7546,H2,7593,56.920998245126285,917.2498750382455,0.0,0.0
7547,Li-Ion,7594,0.0,0.0,0.0,0.0
7547,H2,7594,56.920998245126285,921.5365131695976,0.0,0.0
7548,Li-Ion,7595,0.0,0.0,0.0,0.0
7548,H2,7595,56.920998245126285,927.2272877485266,0.0,0.0
7549,Li-Ion,7596,0.0,0.0,0.0,0.0
7549,H2,7596,56.920998245126285,932.6072877827725,0.0,0.0
7550,Li-Ion,7597,0.0,0.0,0.0,0.0
7550,H2,7597,56.920998245126285,937.5156099378785,0.0,0.0
7551,Li-Ion,7598,0.0,0.0,0.0,0.0
7551,H2,7598,56.920998245126285,938.8524632298108,0.0,0.0
7552,Li-Ion,7599,0.0,0.0,0.0,0.0
7552,H2,7599,56.920998245126285,938.8290207279288,0.0,0.0
7553,Li-Ion,7600,0.0,0.0,0.0,0.0
7553,H2,7600,56.920998245126285,939.7379136522153,0.0,0.0
7554,Li-Ion,7601,0.0,0.0,0.0,0.0
7554,H2,7601,56.920998245126285,937.2434141655447,0.0,0.0
7555,Li-Ion,7602,0.0,0.0,0.0,0.0
7555,H2,7602,56.920998245126285,940.9416280379099,0.0,0.0
7556,Li-Ion,7603,0.0,0.0,0.0,0.0
7556,H2,7603,56.920998245126285,944.8660249708605,0.0,0.0
7557,Li-Ion,7604,0.0,0.0,0.0,0.0
7557,H2,7604,56.920998245126285,945.1748909544846,0.0,0.0
7558,Li-Ion,7605,0.0,0.061126192556807624,0.0,0.0
7558,H2,7605,56.920998245126285,948.2164989040949,0.0,0.0
7559,Li-Ion,7606,0.0,0.2256245587206953,0.0,0.0
7559,H2,7606,56.920998245126285,948.3353056757875,0.0,0.0
7560,Li-Ion,7607,0.0,5.8847197821000625,0.0,0.0
7560,H2,7607,56.920998245126285,952.2678268307549,0.0,0.0
7561,Li-Ion,7608,0.0,6.6333706543826105,0.0,0.0
7561,H2,7608,56.920998245126285,949.5982517445665,0.0,0.0
7562,Li-Ion,7609,0.0,12.99132036345226,0.0,0.0
7562,H2,7609,56.920998245126285,950.5644280217732,0.0,0.0
7563,Li-Ion,7610,0.0,12.43978335166664,0.0,0.0
7563,H2,7610,56.920998245126285,950.5644280217732,0.0,0.0
7564,Li-Ion,7611,0.0,11.98258939598635,0.0,0.0
7564,H2,7611,56.920998245126285,950.5644280217732,0.0,0.0
7565,Li-Ion,7612,0.0,11.478397456619653,0.0,0.0
7565,H2,7612,56.920998245126285,950.5644280217732,0.0,0.0
7566,Li-Ion,7613,0.0,8.522468825373156,0.0,0.0
7566,H2,7613,56.920998245126285,950.5644280217732,0.0,0.0
7567,Li-Ion,7614,0.0,5.841404688798894,0.0,0.0
7567,H2,7614,56.920998245126285,950.5644280217732,0.0,0.0
7568,Li-Ion,7615,0.0,6.070663257042798,0.0,0.0
7568,H2,7615,56.920998245126285,950.5644280217732,0.0,0.0
7569,Li-Ion,7616,0.0,4.284820898613076,0.0,0.0
7569,H2,7616,56.920998245126285,951.7424333610138,0.0,0.0
7570,Li-Ion,7617,0.0,0.0,0.0,0.0
7570,H2,7617,56.920998245126285,951.7424333610138,0.0,0.0
7571,Li-Ion,7618,0.0,0.0,0.0,0.0
7571,H2,7618,56.920998245126285,950.9242797860707,0.0,0.0
7572,Li-Ion,7619,0.0,0.9553221046375496,0.0,0.0
7572,H2,7619,56.920998245126285,951.7424333610138,0.0,0.0
7573,Li-Ion,7620,0.0,0.0,0.0,0.0
7573,H2,7620,56.920998245126285,954.5925590799953,0.0,0.0
7574,Li-Ion,7621,0.0,0.0,0.0,0.0
7574,H2,7621,56.920998245126285,958.8791972113474,0.0,0.0
7575,Li-Ion,7622,0.0,0.0,0.0,0.0
7575,H2,7622,56.920998245126285,963.1658353426998,0.0,0.0
7576,Li-Ion,7623,0.0,0.0,0.0,0.0
7576,H2,7623,56.920998245126285,961.7395568166833,0.0,0.0
7577,Li-Ion,7624,0.0,0.0,0.0,0.0
7577,H2,7624,56.920998245126285,963.2410863964946,0.0,0.0
7578,Li-Ion,7625,0.0,0.0,0.0,0.0
7578,H2,7625,56.920998245126285,966.674362473558,0.0,0.0
7579,Li-Ion,7626,0.0,0.3333760864238027,0.0,0.0
7579,H2,7626,56.920998245126285,972.5010322671686,0.0,0.0
7580,Li-Ion,7627,0.0,0.0,0.0,0.0
7580,H2,7627,56.920998245126285,976.6577182203108,0.0,0.0
7581,Li-Ion,7628,0.0,0.0,0.0,0.0
7581,H2,7628,56.920998245126285,976.242163312988,0.0,0.0
7582,Li-Ion,7629,0.0,0.0,0.0,0.0
7582,H2,7629,56.920998245126285,978.4313800495637,0.0,0.0
7583,Li-Ion,7630,0.0,0.0,0.0,0.0
7583,H2,7630,56.920998245126285,977.3558894173403,0.0,0.0
7584,Li-Ion,7631,0.0,0.0,0.0,0.0
7584,H2,7631,56.920998245126285,973.7057394098687,0.0,0.0
7585,Li-Ion,7632,0.0,0.0,0.0,0.0
7585,H2,7632,56.920998245126285,975.8157240894337,0.0,0.0
7586,Li-Ion,7633,0.0,0.0,0.0,0.0
7586,H2,7633,56.920998245126285,981.0979174516344,0.0,0.0
7587,Li-Ion,7634,0.0,0.0,0.0,0.0
7587,H2,7634,56.920998245126285,981.6533746849208,0.0,0.0
7588,Li-Ion,7635,0.0,0.0,0.0,0.0
7588,H2,7635,56.920998245126285,977.6084209927412,0.0,0.0
7589,Li-Ion,7636,0.0,0.0,0.0,0.0
7589,H2,7636,56.920998245126285,970.4189489924476,0.0,0.0
7590,Li-Ion,7637,0.0,0.0,0.0,0.0
7590,H2,7637,56.920998245126285,966.1837497344267,0.0,0.0
7591,Li-Ion,7638,0.0,0.0,0.0,0.0
7591,H2,7638,56.920998245126285,964.0635699066033,0.0,0.0
7592,Li-Ion,7639,0.0,0.0,0.0,0.0
7592,H2,7639,56.920998245126285,959.4794728149775,0.0,0.0
7593,Li-Ion,7640,0.0,0.0,0.0,0.0
7593,H2,7640,56.920998245126285,954.7360563247247,0.0,0.0
7594,Li-Ion,7641,0.0,0.0,0.0,0.0
7594,H2,7641,56.920998245126285,949.9926398344721,0.0,0.0
7595,Li-Ion,7642,0.0,0.0,0.0,0.0
7595,H2,7642,56.920998245126285,946.1257434660646,0.0,0.0
7596,Li-Ion,7643,0.0,0.0,0.0,0.0
7596,H2,7643,56.920998245126285,946.7669072277224,0.0,0.0
7597,Li-Ion,7644,0.0,0.0,0.0,0.0
7597,H2,7644,56.920998245126285,947.541131512591,0.0,0.0
7598,Li-Ion,7645,0.0,0.0,0.0,0.0
7598,H2,7645,56.920998245126285,944.854824074443,0.0,0.0
7599,Li-Ion,7646,0.0,0.0,0.0,0.0
7599,H2,7646,56.920998245126285,944.3910399044211,0.0,0.0
7600,Li-Ion,7647,0.0,0.0,0.0,0.0
7600,H2,7647,56.920998245126285,940.1984334653978,0.0,0.0
7601,Li-Ion,7648,0.0,0.0,0.0,0.0
7601,H2,7648,56.920998245126285,933.1795577861449,0.0,0.0
7602,Li-Ion,7649,0.0,0.0,0.0,0.0
7602,H2,7649,56.920998245126285,925.9681839946398,0.0,0.0
7603,Li-Ion,7650,0.0,0.0,0.0,0.0
7603,H2,7650,56.920998245126285,921.224767504387,0.0,0.0
7604,Li-Ion,7651,0.0,0.0,0.0,0.0
7604,H2,7651,56.920998245126285,916.4813510141345,0.0,0.0
7605,Li-Ion,7652,0.0,0.0,0.0,0.0
7605,H2,7652,56.920998245126285,912.631180009621,0.0,0.0
7606,Li-Ion,7653,0.0,0.0,0.0,0.0
7606,H2,7653,56.920998245126285,912.631180009621,0.0,0.0
7607,Li-Ion,7654,0.0,0.0,0.0,0.0
7607,H2,7654,56.920998245126285,912.631180009621,0.0,0.0
7608,Li-Ion,7655,0.0,0.0,0.0,0.0
7608,H2,7655,56.920998245126285,912.631180009621,0.0,0.0
7609,Li-Ion,7656,0.0,0.0,0.0,0.0
7609,H2,7656,56.920998245126285,912.7703087925287,0.0,0.0
7610,Li-Ion,7657,0.0,0.0,0.0,0.0
7610,H2,7657,56.920998245126285,912.9536110076698,0.0,0.0
7611,Li-Ion,7658,0.0,0.0,0.0,0.0
7611,H2,7658,56.920998245126285,914.5058449560238,0.0,0.0
7612,Li-Ion,7659,0.0,0.0,0.0,0.0
7612,H2,7659,56.920998245126285,914.6837657651567,0.0,0.0
7613,Li-Ion,7660,0.0,0.0,0.0,0.0
7613,H2,7660,56.920998245126285,914.8506217647566,0.0,0.0
7614,Li-Ion,7661,0.0,0.0,0.0,0.0
7614,H2,7661,56.920998245126285,914.7888371838322,0.0,0.0
7615,Li-Ion,7662,0.0,0.0,0.0,0.0
7615,H2,7662,56.920998245126285,914.3124874884928,0.0,0.0
7616,Li-Ion,7663,0.0,0.0,0.0,0.0
7616,H2,7663,56.920998245126285,913.9994030264702,0.0,0.0
7617,Li-Ion,7664,0.0,0.0,0.0,0.0
7617,H2,7664,56.920998245126285,913.9994030264702,0.0,0.0
7618,Li-Ion,7665,0.0,0.0,0.0,0.0
7618,H2,7665,56.920998245126285,913.9994030264702,0.0,0.0
7619,Li-Ion,7666,0.0,0.0,0.0,0.0
7619,H2,7666,56.920998245126285,917.765201074503,0.0,0.0
7620,Li-Ion,7667,0.0,2.21068142186356,0.0,0.0
7620,H2,7667,56.920998245126285,921.228434576253,0.0,0.0
7621,Li-Ion,7668,0.0,1.8593061435072147,0.0,0.0
7621,H2,7668,56.920998245126285,925.5150727076051,0.0,0.0
7622,Li-Ion,7669,0.0,6.082521312148286,0.0,0.0
7622,H2,7669,56.920998245126285,924.401856102896,0.0,0.0
7623,Li-Ion,7670,0.0,5.960801632266239,0.0,0.0
7623,H2,7670,56.920998245126285,922.975463330112,0.0,0.0
7624,Li-Ion,7671,0.0,6.01966571199533,0.0,0.0
7624,H2,7671,56.920998245126285,919.8001254632072,0.0,0.0
7625,Li-Ion,7672,0.0,4.820435024273626,0.0,0.0
7625,H2,7672,56.920998245126285,915.0567089729544,0.0,0.0
7626,Li-Ion,7673,0.0,0.0,0.0,0.0
7626,H2,7673,56.920998245126285,907.4892823949845,0.0,0.0
7627,Li-Ion,7674,0.0,0.0,0.0,0.0
7627,H2,7674,56.920998245126285,904.4282560115614,0.0,0.0
7628,Li-Ion,7675,0.0,0.0,0.0,0.0
7628,H2,7675,56.920998245126285,898.8719662253158,0.0,0.0
7629,Li-Ion,7676,0.0,0.0,0.0,0.0
7629,H2,7676,56.920998245126285,892.8792883690171,0.0,0.0
7630,Li-Ion,7677,0.0,0.0,0.0,0.0
7630,H2,7677,56.920998245126285,887.1621870385306,0.0,0.0
7631,Li-Ion,7678,0.0,0.0,0.0,0.0
7631,H2,7678,56.920998245126285,881.8527935411863,0.0,0.0
7632,Li-Ion,7679,0.0,0.0,0.0,0.0
7632,H2,7679,56.920998245126285,877.1093770509337,0.0,0.0
7633,Li-Ion,7680,0.0,0.0,0.0,0.0
7633,H2,7680,56.920998245126285,875.3324098904965,0.0,0.0
7634,Li-Ion,7681,0.0,0.0,0.0,0.0
7634,H2,7681,56.920998245126285,871.5356504688838,0.0,0.0
7635,Li-Ion,7682,0.0,0.0,0.0,0.0
7635,H2,7682,56.920998245126285,866.2661882992929,0.0,0.0
7636,Li-Ion,7683,0.0,0.0,0.0,0.0
7636,H2,7683,56.920998245126285,865.412480848488,0.0,0.0
7637,Li-Ion,7684,0.0,0.0,0.0,0.0
7637,H2,7684,56.920998245126285,861.09965905811,0.0,0.0
7638,Li-Ion,7685,0.0,0.0,0.0,0.0
7638,H2,7685,56.920998245126285,850.4433968252088,0.0,0.0
7639,Li-Ion,7686,0.0,0.0,0.0,0.0
7639,H2,7686,56.920998245126285,844.1222251419684,0.0,0.0
7640,Li-Ion,7687,0.0,0.0,0.0,0.0
7640,H2,7687,56.920998245126285,841.9707726981508,0.0,0.0
7641,Li-Ion,7688,0.0,0.0,0.0,0.0
7641,H2,7688,56.920998245126285,838.3821564602598,0.0,0.0
7642,Li-Ion,7689,0.0,0.0,0.0,0.0
7642,H2,7689,56.920998245126285,837.8793617608181,0.0,0.0
7643,Li-Ion,7690,0.0,0.0,0.0,0.0
7643,H2,7690,56.920998245126285,838.7028566843668,0.0,0.0
7644,Li-Ion,7691,0.0,0.0,0.0,0.0
7644,H2,7691,56.920998245126285,839.8633908797748,0.0,0.0
7645,Li-Ion,7692,0.0,0.0,0.0,0.0
7645,H2,7692,56.920998245126285,830.31634813262,0.0,0.0
7646,Li-Ion,7693,0.0,0.0,0.0,0.0
7646,H2,7693,56.920998245126285,829.8526001137562,0.0,0.0
7647,Li-Ion,7694,0.0,0.0,0.0,0.0
7647,H2,7694,56.920998245126285,839.5191480463785,0.0,0.0
7648,Li-Ion,7695,0.0,0.8130578388243972,0.0,0.0
7648,H2,7695,56.920998245126285,827.577025109499,0.0,0.0
7649,Li-Ion,7696,0.0,0.0,0.0,0.0
7649,H2,7696,56.920998245126285,822.401596588326,0.0,0.0
7650,Li-Ion,7697,0.0,0.0,0.0,0.0
7650,H2,7697,56.920998245126285,816.1212541597796,0.0,0.0
7651,Li-Ion,7698,0.0,0.0,0.0,0.0
7651,H2,7698,56.920998245126285,811.2034627328775,0.0,0.0
7652,Li-Ion,7699,0.0,0.0,0.0,0.0
7652,H2,7699,56.920998245126285,806.460046242625,0.0,0.0
7653,Li-Ion,7700,0.0,0.0,0.0,0.0
7653,H2,7700,56.920998245126285,801.7166297523727,0.0,0.0
7654,Li-Ion,7701,0.0,0.0,0.0,0.0
7654,H2,7701,56.920998245126285,796.9732132621201,0.0,0.0
7655,Li-Ion,7702,0.0,0.0,0.0,0.0
7655,H2,7702,56.920998245126285,792.2297967718678,0.0,0.0
7656,Li-Ion,7703,0.0,0.0,0.0,0.0
7656,H2,7703,56.920998245126285,787.5839839815961,0.0,0.0
7657,Li-Ion,7704,0.0,0.0,0.0,0.0
7657,H2,7704,56.920998245126285,782.987486911435,0.0,0.0
7658,Li-Ion,7705,0.0,0.0,0.0,0.0
7658,H2,7705,56.920998245126285,779.7602845286257,0.0,0.0
7659,Li-Ion,7706,0.0,0.0,0.0,0.0
7659,H2,7706,56.920998245126285,777.3504898113604,0.0,0.0
7660,Li-Ion,7707,0.0,0.0,0.0,0.0
7660,H2,7707,56.920998245126285,774.2294324404922,0.0,0.0
7661,Li-Ion,7708,0.0,0.0,0.0,0.0
7661,H2,7708,56.920998245126285,769.3845352978473,0.0,0.0
7662,Li-Ion,7709,0.0,0.0,0.0,0.0
7662,H2,7709,56.920998245126285,764.6930244331087,0.0,0.0
7663,Li-Ion,7710,0.0,0.0,0.0,0.0
7663,H2,7710,56.920998245126285,759.9496079428561,0.0,0.0
7664,Li-Ion,7711,0.0,0.0,0.0,0.0
7664,H2,7711,56.920998245126285,755.2061914526035,0.0,0.0
7665,Li-Ion,7712,0.0,0.0,0.0,0.0
7665,H2,7712,56.920998245126285,750.462774962351,0.0,0.0
7666,Li-Ion,7713,0.0,0.0,0.0,0.0
7666,H2,7713,56.920998245126285,749.1799654067271,0.0,0.0
7667,Li-Ion,7714,0.0,0.0,0.0,0.0
7667,H2,7714,56.920998245126285,750.5285406648331,0.0,0.0
7668,Li-Ion,7715,0.0,0.0,0.0,0.0
7668,H2,7715,56.920998245126285,754.210294977054,0.0,0.0
7669,Li-Ion,7716,0.0,0.0,0.0,0.0
7669,H2,7716,56.920998245126285,759.0652929925948,0.0,0.0
7670,Li-Ion,7717,0.0,4.412404559513875,0.0,0.0
7670,H2,7717,56.920998245126285,760.4866010089174,0.0,0.0
7671,Li-Ion,7718,0.0,9.770324381780721,0.0,0.0
7671,H2,7718,56.920998245126285,763.1021866111641,0.0,0.0
7672,Li-Ion,7719,0.0,15.128244204047569,0.0,0.0
7672,H2,7719,56.920998245126285,763.18266025306,0.0,0.0
7673,Li-Ion,7720,0.0,16.18128491498018,0.0,0.0
7673,H2,7720,56.920998245126285,760.7559545270813,0.0,0.0
7674,Li-Ion,7721,0.0,0.0,0.0,0.0
7674,H2,7721,56.920998245126285,752.4962307434939,0.0,0.0
7675,Li-Ion,7722,0.0,0.0,0.0,0.0
7675,H2,7722,56.920998245126285,750.8005605411138,0.0,0.0
7676,Li-Ion,7723,0.0,0.0,0.0,0.0
7676,H2,7723,56.920998245126285,746.3354877305092,0.0,0.0
7677,Li-Ion,7724,0.0,0.0,0.0,0.0
7677,H2,7724,56.920998245126285,741.7733013729608,0.0,0.0
7678,Li-Ion,7725,0.0,0.0,0.0,0.0
7678,H2,7725,56.920998245126285,737.2334470202486,0.0,0.0
7679,Li-Ion,7726,0.0,0.0,0.0,0.0
7679,H2,7726,56.920998245126285,732.7902698201631,0.0,0.0
7680,Li-Ion,7727,0.0,0.0,0.0,0.0
7680,H2,7727,56.920998245126285,728.2641429147736,0.0,0.0
7681,Li-Ion,7728,0.0,0.0,0.0,0.0
7681,H2,7728,56.920998245126285,723.5647358427176,0.0,0.0
7682,Li-Ion,7729,0.0,0.0,0.0,0.0
7682,H2,7729,56.920998245126285,718.8580650188761,0.0,0.0
7683,Li-Ion,7730,0.0,0.0,0.0,0.0
7683,H2,7730,56.920998245126285,714.1072740971201,0.0,0.0
7684,Li-Ion,7731,0.0,0.0,0.0,0.0
7684,H2,7731,56.920998245126285,712.2619143194181,0.0,0.0
7685,Li-Ion,7732,0.0,0.0,0.0,0.0
7685,H2,7732,56.920998245126285,707.5305090219749,0.0,0.0
7686,Li-Ion,7733,0.0,0.0,0.0,0.0
7686,H2,7733,56.920998245126285,702.5617817519071,0.0,0.0
7687,Li-Ion,7734,0.0,0.0,0.0,0.0
7687,H2,7734,56.920998245126285,697.4462410757167,0.0,0.0
7688,Li-Ion,7735,0.0,0.0,0.0,0.0
7688,H2,7735,56.920998245126285,692.2606243265767,0.0,0.0
7689,Li-Ion,7736,0.0,0.0,0.0,0.0
7689,H2,7736,56.920998245126285,690.8114220450301,0.0,0.0
7690,Li-Ion,7737,0.0,0.0,0.0,0.0
7690,H2,7737,56.920998245126285,689.7110917217863,0.0,0.0
7691,Li-Ion,7738,0.0,0.0,0.0,0.0
7691,H2,7738,56.920998245126285,690.7174136687323,0.0,0.0
7692,Li-Ion,7739,0.0,0.0,0.0,0.0
7692,H2,7739,56.920998245126285,694.0615885161749,0.0,0.0
7693,Li-Ion,7740,0.0,0.0,0.0,0.0
7693,H2,7740,56.920998245126285,700.9664441091126,0.0,0.0
7694,Li-Ion,7741,0.0,4.412404559513875,0.0,0.0
7694,H2,7741,56.920998245126285,702.3332009272858,0.0,0.0
7695,Li-Ion,7742,0.0,9.770324381780721,0.0,0.0
7695,H2,7742,56.920998245126285,703.989657346637,0.0,0.0
7696,Li-Ion,7743,0.0,0.0,0.0,0.0
7696,H2,7743,56.920998245126285,699.8888915715944,0.0,0.0
7697,Li-Ion,7744,0.0,0.0,0.0,0.0
7697,H2,7744,56.920998245126285,697.6378937893121,0.0,0.0
7698,Li-Ion,7745,0.0,0.0,0.0,0.0
7698,H2,7745,56.920998245126285,692.4806742935606,0.0,0.0
7699,Li-Ion,7746,0.0,0.0,0.0,0.0
7699,H2,7746,56.920998245126285,687.4971903324586,0.0,0.0
7700,Li-Ion,7747,0.0,0.0,0.0,0.0
7700,H2,7747,56.920998245126285,682.6018200760797,0.0,0.0
7701,Li-Ion,7748,0.0,0.0,0.0,0.0
7701,H2,7748,56.920998245126285,677.7143302156298,0.0,0.0
7702,Li-Ion,7749,0.0,0.0,0.0,0.0
7702,H2,7749,56.920998245126285,672.9853906325055,0.0,0.0
7703,Li-Ion,7750,0.0,0.0,0.0,0.0
7703,H2,7750,56.920998245126285,668.3816266482812,0.0,0.0
7704,Li-Ion,7751,0.0,0.0,0.0,0.0
7704,H2,7751,56.920998245126285,663.730181841497,0.0,0.0
7705,Li-Ion,7752,0.0,0.0,0.0,0.0
7705,H2,7752,56.920998245126285,659.1800437618341,0.0,0.0
7706,Li-Ion,7753,0.0,0.0,0.0,0.0
7706,H2,7753,56.920998245126285,654.5065262569818,0.0,0.0
7707,Li-Ion,7754,0.0,0.0,0.0,0.0
7707,H2,7754,56.920998245126285,649.7187271997688,0.0,0.0
7708,Li-Ion,7755,0.0,0.0,0.0,0.0
7708,H2,7755,56.920998245126285,644.9468312369088,0.0,0.0
7709,Li-Ion,7756,0.0,0.0,0.0,0.0
7709,H2,7756,56.920998245126285,640.1385713809783,0.0,0.0
7710,Li-Ion,7757,0.0,0.0,0.0,0.0
7710,H2,7757,56.920998245126285,635.2209751337319,0.0,0.0
7711,Li-Ion,7758,0.0,0.0,0.0,0.0
7711,H2,7758,56.920998245126285,632.9177753240488,0.0,0.0
7712,Li-Ion,7759,0.0,0.0,0.0,0.0
7712,H2,7759,56.920998245126285,630.6496822687355,0.0,0.0
7713,Li-Ion,7760,0.0,0.0,0.0,0.0
7713,H2,7760,56.920998245126285,628.8973946471277,0.0,0.0
7714,Li-Ion,7761,0.0,0.0,0.0,0.0
7714,H2,7761,56.920998245126285,627.4995572416152,0.0,0.0
7715,Li-Ion,7762,0.0,0.0,0.0,0.0
7715,H2,7762,56.920998245126285,633.7153584849248,0.0,0.0
7716,Li-Ion,7763,0.0,0.0,0.0,0.0
7716,H2,7763,56.920998245126285,636.135821081143,0.0,0.0
7717,Li-Ion,7764,0.0,0.0,0.0,0.0
7717,H2,7764,56.920998245126285,637.5715551455124,0.0,0.0
7718,Li-Ion,7765,0.0,0.0,0.0,0.0
7718,H2,7765,56.920998245126285,646.2031720827523,0.0,0.0
7719,Li-Ion,7766,0.0,0.0,0.0,0.0
7719,H2,7766,56.920998245126285,648.7558041289092,0.0,0.0
7720,Li-Ion,7767,0.0,0.0,0.0,0.0
7720,H2,7767,56.920998245126285,650.6044093521737,0.0,0.0
7721,Li-Ion,7768,0.0,0.0,0.0,0.0
7721,H2,7768,56.920998245126285,646.6409833513927,0.0,0.0
7722,Li-Ion,7769,0.0,0.0,0.0,0.0
7722,H2,7769,56.920998245126285,642.0699304822477,0.0,0.0
7723,Li-Ion,7770,0.0,0.0,0.0,0.0
7723,H2,7770,56.920998245126285,637.6037267991959,0.0,0.0
7724,Li-Ion,7771,0.0,0.0,0.0,0.0
7724,H2,7771,56.920998245126285,636.5151700537776,0.0,0.0
7725,Li-Ion,7772,0.0,0.0,0.0,0.0
7725,H2,7772,56.920998245126285,632.6738914307768,0.0,0.0
7726,Li-Ion,7773,0.0,0.0,0.0,0.0
7726,H2,7773,56.920998245126285,628.1316673443526,0.0,0.0
7727,Li-Ion,7774,0.0,0.0,0.0,0.0
7727,H2,7774,56.920998245126285,623.7493007436722,0.0,0.0
7728,Li-Ion,7775,0.0,0.0,0.0,0.0
7728,H2,7775,56.920998245126285,622.3863680136792,0.0,0.0
7729,Li-Ion,7776,0.0,0.0,0.0,0.0
7729,H2,7776,56.920998245126285,620.9852774873439,0.0,0.0
7730,Li-Ion,7777,0.0,0.0,0.0,0.0
7730,H2,7777,56.920998245126285,617.2214619575251,0.0,0.0
7731,Li-Ion,7778,0.0,0.0,0.0,0.0
7731,H2,7778,56.920998245126285,616.3497932568353,0.0,0.0
7732,Li-Ion,7779,0.0,0.0,0.0,0.0
7732,H2,7779,56.920998245126285,614.2799750010232,0.0,0.0
7733,Li-Ion,7780,0.0,0.0,0.0,0.0
7733,H2,7780,56.920998245126285,613.106687003956,0.0,0.0
7734,Li-Ion,7781,0.0,0.0,0.0,0.0
7734,H2,7781,56.920998245126285,612.925491656306,0.0,0.0
7735,Li-Ion,7782,0.0,0.0,0.0,0.0
7735,H2,7782,56.920998245126285,610.6042892835551,0.0,0.0
7736,Li-Ion,7783,0.0,4.412404559513875,0.0,0.0
7736,H2,7783,56.920998245126285,609.5746296995568,0.0,0.0
7737,Li-Ion,7784,0.0,9.770324381780721,0.0,0.0
7737,H2,7784,56.920998245126285,609.1653930229991,0.0,0.0
7738,Li-Ion,7785,0.0,15.128244204047569,0.0,0.0
7738,H2,7785,56.920998245126285,611.9698421010577,0.0,0.0
7739,Li-Ion,7786,0.0,16.18128491498018,0.0,0.0
7739,H2,7786,56.920998245126285,616.764786030951,0.0,0.0
7740,Li-Ion,7787,0.0,16.18128491498018,0.0,0.0
7740,H2,7787,56.920998245126285,620.3964811641267,0.0,0.0
7741,Li-Ion,7788,0.0,15.235769652227205,0.0,0.0
7741,H2,7788,56.920998245126285,633.6703411007451,0.0,0.0
7742,Li-Ion,7789,0.0,20.593689474494052,0.0,0.0
7742,H2,7789,56.920998245126285,649.7168371561542,0.0,0.0
7743,Li-Ion,7790,0.0,16.18128491498018,0.0,0.0
7743,H2,7790,56.920998245126285,649.8389390211685,0.0,0.0
7744,Li-Ion,7791,0.0,15.235769652227205,0.0,0.0
7744,H2,7791,56.920998245126285,657.0915342909902,0.0,0.0
7745,Li-Ion,7792,0.0,20.593689474494052,0.0,0.0
7745,H2,7792,56.920998245126285,661.3741742603328,0.0,0.0
7746,Li-Ion,7793,0.0,0.0,0.0,0.0
7746,H2,7793,56.920998245126285,661.8719965554058,0.0,0.0
7747,Li-Ion,7794,0.0,0.0,0.0,0.0
7747,H2,7794,56.920998245126285,624.4230000788453,0.0,0.0
7748,Li-Ion,7795,0.0,0.0,0.0,0.0
7748,H2,7795,56.920998245126285,619.5872366023574,0.0,0.0
7749,Li-Ion,7796,0.0,0.0,0.0,0.0
7749,H2,7796,56.920998245126285,615.0664700088349,0.0,0.0
7750,Li-Ion,7797,0.0,0.0,0.0,0.0
7750,H2,7797,56.920998245126285,612.9888680650789,0.0,0.0
7751,Li-Ion,7798,0.0,0.0,0.0,0.0
7751,H2,7798,56.920998245126285,612.4489407773818,0.0,0.0
7752,Li-Ion,7799,0.0,0.0,0.0,0.0
7752,H2,7799,56.920998245126285,608.797150246403,0.0,0.0
7753,Li-Ion,7800,0.0,4.412404559513875,0.0,0.0
7753,H2,7800,56.920998245126285,606.9244016453865,0.0,0.0
7754,Li-Ion,7801,0.0,0.0,0.0,0.0
7754,H2,7801,56.920998245126285,606.5756262716249,0.0,0.0
7755,Li-Ion,7802,0.0,0.0,0.0,0.0
7755,H2,7802,56.920998245126285,602.6706173228388,0.0,0.0
7756,Li-Ion,7803,0.0,0.0,0.0,0.0
7756,H2,7803,56.920998245126285,601.56611619537,0.0,0.0
7757,Li-Ion,7804,0.0,0.0,0.0,0.0
7757,H2,7804,56.920998245126285,593.6985224311098,0.0,0.0
7758,Li-Ion,7805,0.0,0.0,0.0,0.0
7758,H2,7805,56.920998245126285,589.1908445309324,0.0,0.0
7759,Li-Ion,7806,0.0,0.0,0.0,0.0
7759,H2,7806,56.920998245126285,583.5393971415493,0.0,0.0
7760,Li-Ion,7807,0.0,0.0,0.0,0.0
7760,H2,7807,56.920998245126285,574.8906266535726,0.0,0.0
7761,Li-Ion,7808,0.0,0.0,0.0,0.0
7761,H2,7808,56.920998245126285,565.7259983553632,0.0,0.0
7762,Li-Ion,7809,0.0,0.0,0.0,0.0
7762,H2,7809,56.920998245126285,556.1764531908345,0.0,0.0
7763,Li-Ion,7810,0.0,0.0,0.0,0.0
7763,H2,7810,56.920998245126285,553.8715701972229,0.0,0.0
7764,Li-Ion,7811,0.0,0.0,0.0,0.0
7764,H2,7811,56.920998245126285,558.6209094475166,0.0,0.0
7765,Li-Ion,7812,0.0,0.0,0.0,0.0
7765,H2,7812,56.920998245126285,557.0054737956914,0.0,0.0
7766,Li-Ion,7813,0.0,0.0,0.0,0.0
7766,H2,7813,56.920998245126285,560.0072420680814,0.0,0.0
7767,Li-Ion,7814,0.0,4.412404559513875,0.0,0.0
7767,H2,7814,56.920998245126285,560.9915916996964,0.0,0.0
7768,Li-Ion,7815,0.0,9.770324381780721,0.0,0.0
7768,H2,7815,56.920998245126285,559.8757776491102,0.0,0.0
7769,Li-Ion,7816,0.0,15.128244204047569,0.0,0.0
7769,H2,7816,56.920998245126285,556.5049288035877,0.0,0.0
7770,Li-Ion,7817,0.0,0.0,0.0,0.0
7770,H2,7817,56.920998245126285,548.2019080687502,0.0,0.0
7771,Li-Ion,7818,0.0,0.0,0.0,0.0
7771,H2,7818,56.920998245126285,548.2331290649458,0.0,0.0
7772,Li-Ion,7819,0.0,0.0,0.0,0.0
7772,H2,7819,56.920998245126285,547.7288822019952,0.0,0.0
7773,Li-Ion,7820,0.0,0.0,0.0,0.0
7773,H2,7820,56.920998245126285,542.66127533955,0.0,0.0
7774,Li-Ion,7821,0.0,0.0,0.0,0.0
7774,H2,7821,56.920998245126285,537.9178588492974,0.0,0.0
7775,Li-Ion,7822,0.0,0.0,0.0,0.0
7775,H2,7822,56.920998245126285,531.5971316754479,0.0,0.0
7776,Li-Ion,7823,0.0,4.412404559513875,0.0,0.0
7776,H2,7823,56.920998245126285,530.9308718290415,0.0,0.0
7777,Li-Ion,7824,0.0,9.770324381780721,0.0,0.0
7777,H2,7824,56.920998245126285,527.963523656918,0.0,0.0
7778,Li-Ion,7825,0.0,15.128244204047569,0.0,0.0
7778,H2,7825,56.920998245126285,527.9464773085474,0.0,0.0
7779,Li-Ion,7826,0.0,16.18128491498018,0.0,0.0
7779,H2,7826,56.920998245126285,529.3252250819179,0.0,0.0
7780,Li-Ion,7827,0.0,16.18128491498018,0.0,0.0
7780,H2,7827,56.920998245126285,531.6233686497264,0.0,0.0
7781,Li-Ion,7828,0.0,16.18128491498018,0.0,0.0
7781,H2,7828,56.920998245126285,536.9729314709429,0.0,0.0
7782,Li-Ion,7829,0.0,16.18128491498018,0.0,0.0
7782,H2,7829,56.920998245126285,544.1081101249973,0.0,0.0
7783,Li-Ion,7830,0.0,16.18128491498018,0.0,0.0
7783,H2,7830,56.920998245126285,551.3602496591192,0.0,0.0
7784,Li-Ion,7831,0.0,16.18128491498018,0.0,0.0
7784,H2,7831,56.920998245126285,560.6578032565083,0.0,0.0
7785,Li-Ion,7832,0.0,16.18128491498018,0.0,0.0
7785,H2,7832,56.920998245126285,567.8818959196894,0.0,0.0
7786,Li-Ion,7833,0.0,16.18128491498018,0.0,0.0
7786,H2,7833,56.920998245126285,574.9306891898799,0.0,0.0
7787,Li-Ion,7834,0.0,16.18128491498018,0.0,0.0
7787,H2,7834,56.920998245126285,582.3472865037132,0.0,0.0
7788,Li-Ion,7835,0.0,15.235769652227205,0.0,0.0
7788,H2,7835,56.920998245126285,598.6724497094897,0.0,0.0
7789,Li-Ion,7836,0.0,20.593689474494052,0.0,0.0
7789,H2,7836,56.920998245126285,614.950163099472,0.0,0.0
7790,Li-Ion,7837,0.0,21.539204737247026,0.0,0.0
7790,H2,7837,56.920998245126285,627.4638420605917,0.0,0.0
7791,Li-Ion,7838,0.0,21.539204737247026,0.0,0.0
7791,H2,7838,56.920998245126285,639.5488937149356,0.0,0.0
7792,Li-Ion,7839,0.0,21.539204737247026,0.0,0.0
7792,H2,7839,56.920998245126285,650.0704313846827,0.0,0.0
7793,Li-Ion,7840,0.0,16.18128491498018,0.0,0.0
7793,H2,7840,56.920998245126285,652.816772924899,0.0,0.0
7794,Li-Ion,7841,0.0,16.18128491498018,0.0,0.0
7794,H2,7841,56.920998245126285,609.2914579219204,0.0,0.0
7795,Li-Ion,7842,0.0,16.18128491498018,0.0,0.0
7795,H2,7842,56.920998245126285,609.9126948070954,0.0,0.0
7796,Li-Ion,7843,0.0,16.18128491498018,0.0,0.0
7796,H2,7843,56.920998245126285,611.1309269877203,0.0,0.0
7797,Li-Ion,7844,0.0,0.0,0.0,0.0
7797,H2,7844,56.920998245126285,610.3908402642448,0.0,0.0
7798,Li-Ion,7845,0.0,0.0,0.0,0.0
7798,H2,7845,56.920998245126285,612.0702732348507,0.0,0.0
7799,Li-Ion,7846,0.0,0.0,0.0,0.0
7799,H2,7846,56.920998245126285,614.4443170688724,0.0,0.0
7800,Li-Ion,7847,0.0,0.0,0.0,0.0
7800,H2,7847,56.920998245126285,614.9230265036272,0.0,0.0
7801,Li-Ion,7848,0.0,0.0,0.0,0.0
7801,H2,7848,56.920998245126285,613.6505237058692,0.0,0.0
7802,Li-Ion,7849,0.0,0.0,0.0,0.0
7802,H2,7849,56.920998245126285,615.6217124123689,0.0,0.0
7803,Li-Ion,7850,0.0,0.0,0.0,0.0
7803,H2,7850,56.920998245126285,614.8001304611033,0.0,0.0
7804,Li-Ion,7851,0.0,0.0,0.0,0.0
7804,H2,7851,56.920998245126285,613.4298662795113,0.0,0.0
7805,Li-Ion,7852,0.0,0.0,0.0,0.0
7805,H2,7852,56.920998245126285,610.0276447088073,0.0,0.0
7806,Li-Ion,7853,0.0,0.0,0.0,0.0
7806,H2,7853,56.920998245126285,608.1621337953744,0.0,0.0
7807,Li-Ion,7854,0.0,0.0,0.0,0.0
7807,H2,7854,56.920998245126285,604.2023992794201,0.0,0.0
7808,Li-Ion,7855,0.0,0.0,0.0,0.0
7808,H2,7855,56.920998245126285,600.0855058883108,0.0,0.0
7809,Li-Ion,7856,0.0,0.0,0.0,0.0
7809,H2,7856,56.920998245126285,595.762305502652,0.0,0.0
7810,Li-Ion,7857,0.0,0.0,0.0,0.0
7810,H2,7857,56.920998245126285,596.2850015401131,0.0,0.0
7811,Li-Ion,7858,0.0,0.0,0.0,0.0
7811,H2,7858,56.920998245126285,593.7553535232661,0.0,0.0
7812,Li-Ion,7859,0.0,0.0,0.0,0.0
7812,H2,7859,56.920998245126285,596.9274785160683,0.0,0.0
7813,Li-Ion,7860,0.0,0.0,0.0,0.0
7813,H2,7860,56.920998245126285,604.1854592125418,0.0,0.0
7814,Li-Ion,7861,0.0,0.0,0.0,0.0
7814,H2,7861,56.920998245126285,611.6706303314195,0.0,0.0
7815,Li-Ion,7862,0.0,0.0,0.0,0.0
7815,H2,7862,56.920998245126285,611.3936704995613,0.0,0.0
7816,Li-Ion,7863,0.0,0.0,0.0,0.0
7816,H2,7863,56.920998245126285,610.57157816667,0.0,0.0
7817,Li-Ion,7864,0.0,0.0,0.0,0.0
7817,H2,7864,56.920998245126285,612.1405184572964,0.0,0.0
7818,Li-Ion,7865,0.0,0.0,0.0,0.0
7818,H2,7865,56.920998245126285,611.9974821108212,0.0,0.0
7819,Li-Ion,7866,0.0,0.0,0.0,0.0
7819,H2,7866,56.920998245126285,610.6029884660045,0.0,0.0
7820,Li-Ion,7867,0.0,0.0,0.0,0.0
7820,H2,7867,56.920998245126285,609.1904625719174,0.0,0.0
7821,Li-Ion,7868,0.0,0.0,0.0,0.0
7821,H2,7868,56.920998245126285,612.8674261027212,0.0,0.0
7822,Li-Ion,7869,0.0,0.0,0.0,0.0
7822,H2,7869,56.920998245126285,619.7032224056318,0.0,0.0
7823,Li-Ion,7870,0.0,0.0,0.0,0.0
7823,H2,7870,56.920998245126285,626.3271277693788,0.0,0.0
7824,Li-Ion,7871,0.0,0.0,0.0,0.0
7824,H2,7871,56.920998245126285,631.3318627022038,0.0,0.0
7825,Li-Ion,7872,0.0,0.0,0.0,0.0
7825,H2,7872,56.920998245126285,636.2859809704083,0.0,0.0
7826,Li-Ion,7873,0.0,0.0,0.0,0.0
7826,H2,7873,56.920998245126285,640.6812726572302,0.0,0.0
7827,Li-Ion,7874,0.0,0.0,0.0,0.0
7827,H2,7874,56.920998245126285,644.5090223494245,0.0,0.0
7828,Li-Ion,7875,0.0,0.0,0.0,0.0
7828,H2,7875,56.920998245126285,649.2034640099787,0.0,0.0
7829,Li-Ion,7876,0.0,0.0,0.0,0.0
7829,H2,7876,56.920998245126285,653.9832778009045,0.0,0.0
7830,Li-Ion,7877,0.0,0.0,0.0,0.0
7830,H2,7877,56.920998245126285,660.5364899731734,0.0,0.0
7831,Li-Ion,7878,0.0,0.0,0.0,0.0
7831,H2,7878,56.920998245126285,664.9438381696858,0.0,0.0
7832,Li-Ion,7879,0.0,0.0,0.0,0.0
7832,H2,7879,56.920998245126285,670.6934884615949,0.0,0.0
7833,Li-Ion,7880,0.0,0.0,0.0,0.0
7833,H2,7880,56.920998245126285,675.2785505133553,0.0,0.0
7834,Li-Ion,7881,0.0,0.0,0.0,0.0
7834,H2,7881,56.920998245126285,679.3849071953009,0.0,0.0
7835,Li-Ion,7882,0.0,0.0,0.0,0.0
7835,H2,7882,56.920998245126285,683.5312350668711,0.0,0.0
7836,Li-Ion,7883,0.0,0.0,0.0,0.0
7836,H2,7883,56.920998245126285,690.9808551678404,0.0,0.0
7837,Li-Ion,7884,0.0,0.0,0.0,0.0
7837,H2,7884,56.920998245126285,698.117214411691,0.0,0.0
7838,Li-Ion,7885,0.0,4.412404559513875,0.0,0.0
7838,H2,7885,56.920998245126285,705.9772347069714,0.0,0.0
7839,Li-Ion,7886,0.0,9.770324381780721,0.0,0.0
7839,H2,7886,56.920998245126285,710.1561340384413,0.0,0.0
7840,Li-Ion,7887,0.0,15.128244204047569,0.0,0.0
7840,H2,7887,56.920998245126285,716.3261015282604,0.0,0.0
7841,Li-Ion,7888,0.0,0.0,0.0,0.0
7841,H2,7888,56.920998245126285,715.3297911645527,0.0,0.0
7842,Li-Ion,7889,0.0,0.0,0.0,0.0
7842,H2,7889,56.920998245126285,716.3269882906209,0.0,0.0
7843,Li-Ion,7890,0.0,0.0,0.0,0.0
7843,H2,7890,56.920998245126285,716.0567298599835,0.0,0.0
7844,Li-Ion,7891,0.0,0.0,0.0,0.0
7844,H2,7891,56.920998245126285,713.436719301701,0.0,0.0
7845,Li-Ion,7892,0.0,0.0,0.0,0.0
7845,H2,7892,56.920998245126285,709.9376711311979,0.0,0.0
7846,Li-Ion,7893,0.0,0.0,0.0,0.0
7846,H2,7893,56.920998245126285,706.949319474067,0.0,0.0
7847,Li-Ion,7894,0.0,0.0,0.0,0.0
7847,H2,7894,56.920998245126285,705.7636367534477,0.0,0.0
7848,Li-Ion,7895,0.0,0.0,0.0,0.0
7848,H2,7895,56.920998245126285,704.9169765518158,0.0,0.0
7849,Li-Ion,7896,0.0,0.0,0.0,0.0
7849,H2,7896,56.920998245126285,703.955954726016,0.0,0.0
7850,Li-Ion,7897,0.0,0.0,0.0,0.0
7850,H2,7897,56.920998245126285,702.1514574909033,0.0,0.0
7851,Li-Ion,7898,0.0,0.0,0.0,0.0
7851,H2,7898,56.920998245126285,700.7018158681313,0.0,0.0
7852,Li-Ion,7899,0.0,0.0,0.0,0.0
7852,H2,7899,56.920998245126285,699.3607146239914,0.0,0.0
7853,Li-Ion,7900,0.0,0.0,0.0,0.0
7853,H2,7900,56.920998245126285,697.530154305739,0.0,0.0
7854,Li-Ion,7901,0.0,0.0,0.0,0.0
7854,H2,7901,56.920998245126285,695.6276458461625,0.0,0.0
7855,Li-Ion,7902,0.0,0.0,0.0,0.0
7855,H2,7902,56.920998245126285,693.6782222329031,0.0,0.0
7856,Li-Ion,7903,0.0,0.0,0.0,0.0
7856,H2,7903,56.920998245126285,691.3728684536007,0.0,0.0
7857,Li-Ion,7904,0.0,0.0,0.0,0.0
7857,H2,7904,56.920998245126285,689.1579524818026,0.0,0.0
7858,Li-Ion,7905,0.0,0.0,0.0,0.0
7858,H2,7905,56.920998245126285,687.538878968907,0.0,0.0
7859,Li-Ion,7906,0.0,0.0,0.0,0.0
7859,H2,7906,56.920998245126285,685.0639103724549,0.0,0.0
7860,Li-Ion,7907,0.0,0.0,0.0,0.0
7860,H2,7907,56.920998245126285,689.9952387020913,0.0,0.0
7861,Li-Ion,7908,0.0,0.0,0.0,0.0
7861,H2,7908,56.920998245126285,692.8845855642126,0.0,0.0
7862,Li-Ion,7909,0.0,0.0,0.0,0.0
7862,H2,7909,56.920998245126285,691.9356945357814,0.0,0.0
7863,Li-Ion,7910,0.0,0.0,0.0,0.0
7863,H2,7910,56.920998245126285,691.6964941920568,0.0,0.0
7864,Li-Ion,7911,0.0,0.0,0.0,0.0
7864,H2,7911,56.920998245126285,690.7239166007179,0.0,0.0
7865,Li-Ion,7912,0.0,0.0,0.0,0.0
7865,H2,7912,56.920998245126285,686.6267063184143,0.0,0.0
7866,Li-Ion,7913,0.0,0.0,0.0,0.0
7866,H2,7913,56.920998245126285,685.6275161068529,0.0,0.0
7867,Li-Ion,7914,0.0,0.0,0.0,0.0
7867,H2,7914,56.920998245126285,685.3766662666437,0.0,0.0
7868,Li-Ion,7915,0.0,0.0,0.0,0.0
7868,H2,7915,56.920998245126285,685.7972399475387,0.0,0.0
7869,Li-Ion,7916,0.0,0.0,0.0,0.0
7869,H2,7916,56.920998245126285,686.596074047724,0.0,0.0
7870,Li-Ion,7917,0.0,0.0,0.0,0.0
7870,H2,7917,56.920998245126285,688.5453184272139,0.0,0.0
7871,Li-Ion,7918,0.0,0.0,0.0,0.0
7871,H2,7918,56.920998245126285,689.8331056507448,0.0,0.0
7872,Li-Ion,7919,0.0,0.0,0.0,0.0
7872,H2,7919,56.920998245126285,691.4250756807421,0.0,0.0
7873,Li-Ion,7920,0.0,0.0,0.0,0.0
7873,H2,7920,56.920998245126285,691.1220417562264,0.0,0.0
7874,Li-Ion,7921,0.0,0.0,0.0,0.0
7874,H2,7921,56.920998245126285,691.10706477501,0.0,0.0
7875,Li-Ion,7922,0.0,0.0,0.0,0.0
7875,H2,7922,56.920998245126285,690.4583054632205,0.0,0.0
7876,Li-Ion,7923,0.0,0.0,0.0,0.0
7876,H2,7923,56.920998245126285,689.9664148870035,0.0,0.0
7877,Li-Ion,7924,0.0,0.0,0.0,0.0
7877,H2,7924,56.920998245126285,689.442794604527,0.0,0.0
7878,Li-Ion,7925,0.0,0.0,0.0,0.0
7878,H2,7925,56.920998245126285,688.3001450159662,0.0,0.0
7879,Li-Ion,7926,0.0,0.0,0.0,0.0
7879,H2,7926,56.920998245126285,687.0047094982916,0.0,0.0
7880,Li-Ion,7927,0.0,0.0,0.0,0.0
7880,H2,7927,56.920998245126285,685.5307177101072,0.0,0.0
7881,Li-Ion,7928,0.0,0.0,0.0,0.0
7881,H2,7928,56.920998245126285,684.7691689204429,0.0,0.0
7882,Li-Ion,7929,0.0,0.0,0.0,0.0
7882,H2,7929,56.920998245126285,680.1486202694086,0.0,0.0
7883,Li-Ion,7930,0.0,0.0,0.0,0.0
7883,H2,7930,56.920998245126285,685.5975782431805,0.0,0.0
7884,Li-Ion,7931,0.0,0.0,0.0,0.0
7884,H2,7931,56.920998245126285,691.2678949980491,0.0,0.0
7885,Li-Ion,7932,0.0,0.0,0.0,0.0
7885,H2,7932,56.920998245126285,697.2414172595302,0.0,0.0
7886,Li-Ion,7933,0.0,0.0,0.0,0.0
7886,H2,7933,56.920998245126285,701.4256545156904,0.0,0.0
7887,Li-Ion,7934,0.0,0.0,0.0,0.0
7887,H2,7934,56.920998245126285,707.0430473916387,0.0,0.0
7888,Li-Ion,7935,0.0,0.0,0.0,0.0
7888,H2,7935,56.920998245126285,705.4160681845926,0.0,0.0
7889,Li-Ion,7936,0.0,0.0,0.0,0.0
7889,H2,7936,56.920998245126285,703.3422338459435,0.0,0.0
7890,Li-Ion,7937,0.0,0.0,0.0,0.0
7890,H2,7937,56.920998245126285,698.7842420670931,0.0,0.0
7891,Li-Ion,7938,0.0,0.0,0.0,0.0
7891,H2,7938,56.920998245126285,694.0708875271481,0.0,0.0
7892,Li-Ion,7939,0.0,0.0,0.0,0.0
7892,H2,7939,56.920998245126285,689.214786020183,0.0,0.0
7893,Li-Ion,7940,0.0,0.0,0.0,0.0
7893,H2,7940,56.920998245126285,684.1583925853482,0.0,0.0
7894,Li-Ion,7941,0.0,0.0,0.0,0.0
7894,H2,7941,56.920998245126285,679.2476726332068,0.0,0.0
7895,Li-Ion,7942,0.0,0.0,0.0,0.0
7895,H2,7942,56.920998245126285,674.4946681170885,0.0,0.0
7896,Li-Ion,7943,0.0,0.0,0.0,0.0
7896,H2,7943,56.920998245126285,670.4108439647422,0.0,0.0
7897,Li-Ion,7944,0.0,0.0,0.0,0.0
7897,H2,7944,56.920998245126285,666.8532987460444,0.0,0.0
7898,Li-Ion,7945,0.0,0.0,0.0,0.0
7898,H2,7945,56.920998245126285,664.6519169369517,0.0,0.0
7899,Li-Ion,7946,0.0,0.0,0.0,0.0
7899,H2,7946,56.920998245126285,661.7548223954146,0.0,0.0
7900,Li-Ion,7947,0.0,0.0,0.0,0.0
7900,H2,7947,56.920998245126285,660.660785741946,0.0,0.0
7901,Li-Ion,7948,0.0,0.0,0.0,0.0
7901,H2,7948,56.920998245126285,661.4463657832613,0.0,0.0
7902,Li-Ion,7949,0.0,0.0,0.0,0.0
7902,H2,7949,56.920998245126285,658.2325277151126,0.0,0.0
7903,Li-Ion,7950,0.0,0.0,0.0,0.0
7903,H2,7950,56.920998245126285,653.5738369203913,0.0,0.0
7904,Li-Ion,7951,0.0,0.0,0.0,0.0
7904,H2,7951,56.920998245126285,649.050774186093,0.0,0.0
7905,Li-Ion,7952,0.0,0.0,0.0,0.0
7905,H2,7952,56.920998245126285,643.6753294642008,0.0,0.0
7906,Li-Ion,7953,0.0,0.0,0.0,0.0
7906,H2,7953,56.920998245126285,638.6583782053234,0.0,0.0
7907,Li-Ion,7954,0.0,0.0,0.0,0.0
7907,H2,7954,56.920998245126285,636.4156308054564,0.0,0.0
7908,Li-Ion,7955,0.0,0.0,0.0,0.0
7908,H2,7955,56.920998245126285,634.3019644173999,0.0,0.0
7909,Li-Ion,7956,0.0,0.0,0.0,0.0
7909,H2,7956,56.920998245126285,635.2585721972505,0.0,0.0
7910,Li-Ion,7957,0.0,4.412404559513875,0.0,0.0
7910,H2,7957,56.920998245126285,634.3976359657307,0.0,0.0
7911,Li-Ion,7958,0.0,3.466889296760902,0.0,0.0
7911,H2,7958,56.920998245126285,639.794407481073,0.0,0.0
7912,Li-Ion,7959,0.0,15.128244204047569,0.0,0.0
7912,H2,7959,56.920998245126285,636.7754505690187,0.0,0.0
7913,Li-Ion,7960,0.0,0.0,0.0,0.0
7913,H2,7960,56.920998245126285,621.2236062139476,0.0,0.0
7914,Li-Ion,7961,0.0,0.0,0.0,0.0
7914,H2,7961,56.920998245126285,619.9731137374899,0.0,0.0
7915,Li-Ion,7962,0.0,0.0,0.0,0.0
7915,H2,7962,56.920998245126285,617.4368969558666,0.0,0.0
7916,Li-Ion,7963,0.0,0.0,0.0,0.0
7916,H2,7963,56.920998245126285,617.487966654712,0.0,0.0
7917,Li-Ion,7964,0.0,0.0,0.0,0.0
7917,H2,7964,56.920998245126285,616.8289617457875,0.0,0.0
7918,Li-Ion,7965,0.0,0.0,0.0,0.0
7918,H2,7965,56.920998245126285,613.375363683365,0.0,0.0
7919,Li-Ion,7966,0.0,4.412404559513875,0.0,0.0
7919,H2,7966,56.920998245126285,611.1205196796526,0.0,0.0
7920,Li-Ion,7967,0.0,9.770324381780721,0.0,0.0
7920,H2,7967,56.920998245126285,610.7410829257686,0.0,0.0
7921,Li-Ion,7968,0.0,15.128244204047569,0.0,0.0
7921,H2,7968,56.920998245126285,608.7980595281085,0.0,0.0
7922,Li-Ion,7969,0.0,14.182728941294595,0.0,0.0
7922,H2,7969,56.920998245126285,610.5815517684354,0.0,0.0
7923,Li-Ion,7970,0.0,19.540648763561443,0.0,0.0
7923,H2,7970,56.920998245126285,614.1055855318432,0.0,0.0
7924,Li-Ion,7971,0.0,21.539204737247026,0.0,0.0
7924,H2,7971,56.920998245126285,617.1732413999168,0.0,0.0
7925,Li-Ion,7972,0.0,21.539204737247026,0.0,0.0
7925,H2,7972,56.920998245126285,621.3739975406534,0.0,0.0
7926,Li-Ion,7973,0.0,16.18128491498018,0.0,0.0
7926,H2,7973,56.920998245126285,621.135037783338,0.0,0.0
7927,Li-Ion,7974,0.0,16.18128491498018,0.0,0.0
7927,H2,7974,56.920998245126285,584.5437554259984,0.0,0.0
7928,Li-Ion,7975,0.0,0.0,0.0,0.0
7928,H2,7975,56.920998245126285,587.9652844962751,0.0,0.0
7929,Li-Ion,7976,0.0,0.0,0.0,0.0
7929,H2,7976,56.920998245126285,588.8183528914899,0.0,0.0
7930,Li-Ion,7977,0.0,0.0,0.0,0.0
7930,H2,7977,56.920998245126285,585.7590236617724,0.0,0.0
7931,Li-Ion,7978,0.0,0.0,0.0,0.0
7931,H2,7978,56.920998245126285,585.7123308313987,0.0,0.0
7932,Li-Ion,7979,0.0,0.0,0.0,0.0
7932,H2,7979,56.920998245126285,591.2592883996554,0.0,0.0
7933,Li-Ion,7980,0.0,4.412404559513875,0.0,0.0
7933,H2,7980,56.920998245126285,596.3080101488865,0.0,0.0
7934,Li-Ion,7981,0.0,15.128244204047569,0.0,0.0
7934,H2,7981,56.920998245126285,602.4196401908642,0.0,0.0
7935,Li-Ion,7982,0.0,20.486164026314416,0.0,0.0
7935,H2,7982,56.920998245126285,606.6393208993416,0.0,0.0
7936,Li-Ion,7983,0.0,21.539204737247026,0.0,0.0
7936,H2,7983,56.920998245126285,611.1601433035386,0.0,0.0
7937,Li-Ion,7984,0.0,16.18128491498018,0.0,0.0
7937,H2,7984,56.920998245126285,607.9851523382458,0.0,0.0
7938,Li-Ion,7985,0.0,16.18128491498018,0.0,0.0
7938,H2,7985,56.920998245126285,554.894128069662,0.0,0.0
7939,Li-Ion,7986,0.0,16.18128491498018,0.0,0.0
7939,H2,7986,56.920998245126285,551.6086101897603,0.0,0.0
7940,Li-Ion,7987,0.0,0.0,0.0,0.0
7940,H2,7987,56.920998245126285,545.5166193571973,0.0,0.0
7941,Li-Ion,7988,0.0,0.0,0.0,0.0
7941,H2,7988,56.920998245126285,536.6036197389888,0.0,0.0
7942,Li-Ion,7989,0.0,0.0,0.0,0.0
7942,H2,7989,56.920998245126285,532.7264002166297,0.0,0.0
7943,Li-Ion,7990,0.0,0.0,0.0,0.0
7943,H2,7990,56.920998245126285,529.0823684736159,0.0,0.0
7944,Li-Ion,7991,0.0,0.0,0.0,0.0
7944,H2,7991,56.920998245126285,528.0301245508447,0.0,0.0
7945,Li-Ion,7992,0.0,4.412404559513875,0.0,0.0
7945,H2,7992,56.920998245126285,524.7321020823105,0.0,0.0
7946,Li-Ion,7993,0.0,9.770324381780721,0.0,0.0
7946,H2,7993,56.920998245126285,528.4794462243811,0.0,0.0
7947,Li-Ion,7994,0.0,15.128244204047569,0.0,0.0
7947,H2,7994,56.920998245126285,532.1229734272,0.0,0.0
7948,Li-Ion,7995,0.0,16.18128491498018,0.0,0.0
7948,H2,7995,56.920998245126285,535.6379420163707,0.0,0.0
7949,Li-Ion,7996,0.0,16.18128491498018,0.0,0.0
7949,H2,7996,56.920998245126285,539.0591707004802,0.0,0.0
7950,Li-Ion,7997,0.0,16.18128491498018,0.0,0.0
7950,H2,7997,56.920998245126285,534.5764280813074,0.0,0.0
7951,Li-Ion,7998,0.0,16.18128491498018,0.0,0.0
7951,H2,7998,56.920998245126285,533.2626739223277,0.0,0.0
7952,Li-Ion,7999,0.0,16.18128491498018,0.0,0.0
7952,H2,7999,56.920998245126285,533.9990333045713,0.0,0.0
7953,Li-Ion,8000,0.0,16.18128491498018,0.0,0.0
7953,H2,8000,56.920998245126285,531.171157905566,0.0,0.0
7954,Li-Ion,8001,0.0,16.18128491498018,0.0,0.0
7954,H2,8001,56.920998245126285,529.3761985470474,0.0,0.0
7955,Li-Ion,8002,0.0,0.0,0.0,0.0
7955,H2,8002,56.920998245126285,534.9808999137286,0.0,0.0
7956,Li-Ion,8003,0.0,0.0,0.0,0.0
7956,H2,8003,56.920998245126285,540.2614053049828,0.0,0.0
7957,Li-Ion,8004,0.0,0.0,0.0,0.0
7957,H2,8004,56.920998245126285,550.3341857370056,0.0,0.0
7958,Li-Ion,8005,0.0,0.0,0.0,0.0
7958,H2,8005,56.920998245126285,551.0287294286189,0.0,0.0
7959,Li-Ion,8006,0.0,0.0,0.0,0.0
7959,H2,8006,56.920998245126285,553.7066896562836,0.0,0.0
7960,Li-Ion,8007,0.0,0.0,0.0,0.0
7960,H2,8007,56.920998245126285,555.0273723705797,0.0,0.0
7961,Li-Ion,8008,0.0,0.0,0.0,0.0
7961,H2,8008,56.920998245126285,558.2008883142177,0.0,0.0
7962,Li-Ion,8009,0.0,0.0,0.0,0.0
7962,H2,8009,56.920998245126285,559.142139318124,0.0,0.0
7963,Li-Ion,8010,0.0,0.0,0.0,0.0
7963,H2,8010,56.920998245126285,556.245876505136,0.0,0.0
7964,Li-Ion,8011,0.0,0.0,0.0,0.0
7964,H2,8011,56.920998245126285,557.6312701167349,0.0,0.0
7965,Li-Ion,8012,0.0,0.0,0.0,0.0
7965,H2,8012,56.920998245126285,562.9689158377267,0.0,0.0
7966,Li-Ion,8013,0.0,0.0,0.0,0.0
7966,H2,8013,56.920998245126285,566.8461353600858,0.0,0.0
7967,Li-Ion,8014,0.0,0.0,0.0,0.0
7967,H2,8014,56.920998245126285,567.7923185007288,0.0,0.0
7968,Li-Ion,8015,0.0,0.0,0.0,0.0
7968,H2,8015,56.920998245126285,571.6706362183802,0.0,0.0
7969,Li-Ion,8016,0.0,0.0,0.0,0.0
7969,H2,8016,56.920998245126285,572.9771924901092,0.0,0.0
7970,Li-Ion,8017,0.0,0.0,0.0,0.0
7970,H2,8017,56.920998245126285,579.4062906675624,0.0,0.0
7971,Li-Ion,8018,0.0,0.0,0.0,0.0
7971,H2,8018,56.920998245126285,581.8994849288867,0.0,0.0
7972,Li-Ion,8019,0.0,0.0,0.0,0.0
7972,H2,8019,56.920998245126285,584.4284400856784,0.0,0.0
7973,Li-Ion,8020,0.0,0.0,0.0,0.0
7973,H2,8020,56.920998245126285,586.344840031221,0.0,0.0
7974,Li-Ion,8021,0.0,0.0,0.0,0.0
7974,H2,8021,56.920998245126285,587.2932235413772,0.0,0.0
7975,Li-Ion,8022,0.0,0.0,0.0,0.0
7975,H2,8022,56.920998245126285,586.5380833882928,0.0,0.0
7976,Li-Ion,8023,0.0,0.0,0.0,0.0
7976,H2,8023,56.920998245126285,586.5328675079038,0.0,0.0
7977,Li-Ion,8024,0.0,0.0,0.0,0.0
7977,H2,8024,56.920998245126285,585.9719224673078,0.0,0.0
7978,Li-Ion,8025,0.0,0.0,0.0,0.0
7978,H2,8025,56.920998245126285,589.8976331580666,0.0,0.0
7979,Li-Ion,8026,0.0,0.0,0.0,0.0
7979,H2,8026,56.920998245126285,594.7176456560811,0.0,0.0
7980,Li-Ion,8027,0.0,0.0,0.0,0.0
7980,H2,8027,56.920998245126285,598.8833905998707,0.0,0.0
7981,Li-Ion,8028,0.0,0.0,0.0,0.0
7981,H2,8028,56.920998245126285,605.9379944004783,0.0,0.0
7982,Li-Ion,8029,0.0,0.0,0.0,0.0
7982,H2,8029,56.920998245126285,613.0990025197949,0.0,0.0
7983,Li-Ion,8030,0.0,0.0,0.0,0.0
7983,H2,8030,56.920998245126285,617.769775167638,0.0,0.0
7984,Li-Ion,8031,0.0,0.0,0.0,0.0
7984,H2,8031,56.920998245126285,622.5268716710486,0.0,0.0
7985,Li-Ion,8032,0.0,0.0,0.0,0.0
7985,H2,8032,56.920998245126285,629.122637100284,0.0,0.0
7986,Li-Ion,8033,0.0,0.0,0.0,0.0
7986,H2,8033,56.920998245126285,629.8975413746092,0.0,0.0
7987,Li-Ion,8034,0.0,0.0,0.0,0.0
7987,H2,8034,56.920998245126285,628.213637041184,0.0,0.0
7988,Li-Ion,8035,0.0,0.0,0.0,0.0
7988,H2,8035,56.920998245126285,623.9273657340408,0.0,0.0
7989,Li-Ion,8036,0.0,0.0,0.0,0.0
7989,H2,8036,56.920998245126285,621.0346777236458,0.0,0.0
7990,Li-Ion,8037,0.0,0.0,0.0,0.0
7990,H2,8037,56.920998245126285,622.3958623481734,0.0,0.0
7991,Li-Ion,8038,0.0,0.0,0.0,0.0
7991,H2,8038,56.920998245126285,627.0598516682038,0.0,0.0
7992,Li-Ion,8039,0.0,0.0,0.0,0.0
7992,H2,8039,56.920998245126285,628.029697829103,0.0,0.0
7993,Li-Ion,8040,0.0,0.0,0.0,0.0
7993,H2,8040,56.920998245126285,629.7010652560334,0.0,0.0
7994,Li-Ion,8041,0.0,0.0,0.0,0.0
7994,H2,8041,56.920998245126285,632.173301656738,0.0,0.0
7995,Li-Ion,8042,0.0,0.0,0.0,0.0
7995,H2,8042,56.920998245126285,637.0185859577531,0.0,0.0
7996,Li-Ion,8043,0.0,0.0,0.0,0.0
7996,H2,8043,56.920998245126285,642.3638364759131,0.0,0.0
7997,Li-Ion,8044,0.0,0.0,0.0,0.0
7997,H2,8044,56.920998245126285,648.9934313154707,0.0,0.0
7998,Li-Ion,8045,0.0,0.0,0.0,0.0
7998,H2,8045,56.920998245126285,654.3479713160208,0.0,0.0
7999,Li-Ion,8046,0.0,0.0,0.0,0.0
7999,H2,8046,56.920998245126285,657.9914512184349,0.0,0.0
8000,Li-Ion,8047,0.0,0.0,0.0,0.0
8000,H2,8047,56.920998245126285,659.5849087564541,0.0,0.0
8001,Li-Ion,8048,0.0,0.0,0.0,0.0
8001,H2,8048,56.920998245126285,661.8870444918725,0.0,0.0
8002,Li-Ion,8049,0.0,0.0,0.0,0.0
8002,H2,8049,56.920998245126285,661.5217247754894,0.0,0.0
8003,Li-Ion,8050,0.0,0.0,0.0,0.0
8003,H2,8050,56.920998245126285,659.9324343053756,0.0,0.0
8004,Li-Ion,8051,0.0,0.0,0.0,0.0
8004,H2,8051,56.920998245126285,660.3448718314307,0.0,0.0
8005,Li-Ion,8052,0.0,0.0,0.0,0.0
8005,H2,8052,56.920998245126285,663.1232520337151,0.0,0.0
8006,Li-Ion,8053,0.0,0.0,0.0,0.0
8006,H2,8053,56.920998245126285,665.6168943571234,0.0,0.0
8007,Li-Ion,8054,0.0,4.412404559513875,0.0,0.0
8007,H2,8054,56.920998245126285,665.5085643827757,0.0,0.0
8008,Li-Ion,8055,0.0,0.0,0.0,0.0
8008,H2,8055,56.920998245126285,661.9385268717691,0.0,0.0
8009,Li-Ion,8056,0.0,0.0,0.0,0.0
8009,H2,8056,56.920998245126285,660.6412896235595,0.0,0.0
8010,Li-Ion,8057,0.0,0.0,0.0,0.0
8010,H2,8057,56.920998245126285,656.8643241898028,0.0,0.0
8011,Li-Ion,8058,0.0,0.0,0.0,0.0
8011,H2,8058,56.920998245126285,656.6009367067527,0.0,0.0
8012,Li-Ion,8059,0.0,0.0,0.0,0.0
8012,H2,8059,56.920998245126285,657.9531039154774,0.0,0.0
8013,Li-Ion,8060,0.0,0.0,0.0,0.0
8013,H2,8060,56.920998245126285,656.8958420370839,0.0,0.0
8014,Li-Ion,8061,0.0,0.0,0.0,0.0
8014,H2,8061,56.920998245126285,656.8619823037943,0.0,0.0
8015,Li-Ion,8062,0.0,0.0,0.0,0.0
8015,H2,8062,56.920998245126285,659.9517715125323,0.0,0.0
8016,Li-Ion,8063,0.0,0.0,0.0,0.0
8016,H2,8063,56.920998245126285,662.8088403548281,0.0,0.0
8017,Li-Ion,8064,0.0,0.0,0.0,0.0
8017,H2,8064,56.920998245126285,662.4272796385012,0.0,0.0
8018,Li-Ion,8065,0.0,0.0,0.0,0.0
8018,H2,8065,56.920998245126285,661.0211737041609,0.0,0.0
8019,Li-Ion,8066,0.0,0.0,0.0,0.0
8019,H2,8066,56.920998245126285,659.984356198157,0.0,0.0
8020,Li-Ion,8067,0.0,0.0,0.0,0.0
8020,H2,8067,56.920998245126285,658.6961794618616,0.0,0.0
8021,Li-Ion,8068,0.0,0.0,0.0,0.0
8021,H2,8068,56.920998245126285,656.1995296263821,0.0,0.0
8022,Li-Ion,8069,0.0,0.0,0.0,0.0
8022,H2,8069,56.920998245126285,650.7110172738406,0.0,0.0
8023,Li-Ion,8070,0.0,0.0,0.0,0.0
8023,H2,8070,56.920998245126285,645.0048390253945,0.0,0.0
8024,Li-Ion,8071,0.0,0.0,0.0,0.0
8024,H2,8071,56.920998245126285,639.3969661879611,0.0,0.0
8025,Li-Ion,8072,0.0,0.0,0.0,0.0
8025,H2,8072,56.920998245126285,638.2743968452363,0.0,0.0
8026,Li-Ion,8073,0.0,0.0,0.0,0.0
8026,H2,8073,56.920998245126285,633.725785382924,0.0,0.0
8027,Li-Ion,8074,0.0,0.0,0.0,0.0
8027,H2,8074,56.920998245126285,628.6906516636026,0.0,0.0
8028,Li-Ion,8075,0.0,0.0,0.0,0.0
8028,H2,8075,56.920998245126285,627.7722969580049,0.0,0.0
8029,Li-Ion,8076,0.0,0.0,0.0,0.0
8029,H2,8076,56.920998245126285,626.576627695756,0.0,0.0
8030,Li-Ion,8077,0.0,0.0,0.0,0.0
8030,H2,8077,56.920998245126285,626.2448794954529,0.0,0.0
8031,Li-Ion,8078,0.0,0.0,0.0,0.0
8031,H2,8078,56.920998245126285,627.3632440272062,0.0,0.0
8032,Li-Ion,8079,0.0,4.412404559513875,0.0,0.0
8032,H2,8079,56.920998245126285,623.8579036810299,0.0,0.0
8033,Li-Ion,8080,0.0,0.0,0.0,0.0
8033,H2,8080,56.920998245126285,617.8243536979437,0.0,0.0
8034,Li-Ion,8081,0.0,0.0,0.0,0.0
8034,H2,8081,56.920998245126285,612.2243920956632,0.0,0.0
8035,Li-Ion,8082,0.0,0.0,0.0,0.0
8035,H2,8082,56.920998245126285,606.3436067003395,0.0,0.0
8036,Li-Ion,8083,0.0,0.0,0.0,0.0
8036,H2,8083,56.920998245126285,600.3124015208064,0.0,0.0
8037,Li-Ion,8084,0.0,0.0,0.0,0.0
8037,H2,8084,56.920998245126285,594.9027411879199,0.0,0.0
8038,Li-Ion,8085,0.0,0.0,0.0,0.0
8038,H2,8085,56.920998245126285,590.0920718987977,0.0,0.0
8039,Li-Ion,8086,0.0,0.0,0.0,0.0
8039,H2,8086,56.920998245126285,585.9420391934402,0.0,0.0
8040,Li-Ion,8087,0.0,0.0,0.0,0.0
8040,H2,8087,56.920998245126285,583.6109762750843,0.0,0.0
8041,Li-Ion,8088,0.0,0.0,0.0,0.0
8041,H2,8088,56.920998245126285,581.145331459222,0.0,0.0
8042,Li-Ion,8089,0.0,0.0,0.0,0.0
8042,H2,8089,56.920998245126285,579.0899442047667,0.0,0.0
8043,Li-Ion,8090,0.0,0.0,0.0,0.0
8043,H2,8090,56.920998245126285,579.5069562495303,0.0,0.0
8044,Li-Ion,8091,0.0,0.0,0.0,0.0
8044,H2,8091,56.920998245126285,579.8999514680254,0.0,0.0
8045,Li-Ion,8092,0.0,0.0,0.0,0.0
8045,H2,8092,56.920998245126285,578.1598978738538,0.0,0.0
8046,Li-Ion,8093,0.0,0.0,0.0,0.0
8046,H2,8093,56.920998245126285,577.194223209791,0.0,0.0
8047,Li-Ion,8094,0.0,0.0,0.0,0.0
8047,H2,8094,56.920998245126285,574.5732446261168,0.0,0.0
8048,Li-Ion,8095,0.0,0.0,0.0,0.0
8048,H2,8095,56.920998245126285,571.6985336481381,0.0,0.0
8049,Li-Ion,8096,0.0,0.0,0.0,0.0
8049,H2,8096,56.920998245126285,571.5063174923629,0.0,0.0
8050,Li-Ion,8097,0.0,0.0,0.0,0.0
8050,H2,8097,56.920998245126285,567.6076673200171,0.0,0.0
8051,Li-Ion,8098,0.0,0.0,0.0,0.0
8051,H2,8098,56.920998245126285,568.1366815748964,0.0,0.0
8052,Li-Ion,8099,0.0,0.0,0.0,0.0
8052,H2,8099,56.920998245126285,569.38766986943,0.0,0.0
8053,Li-Ion,8100,0.0,0.0,0.0,0.0
8053,H2,8100,56.920998245126285,570.9309046095904,0.0,0.0
8054,Li-Ion,8101,0.0,0.0,0.0,0.0
8054,H2,8101,56.920998245126285,570.789924893159,0.0,0.0
8055,Li-Ion,8102,0.0,0.0,0.0,0.0
8055,H2,8102,56.920998245126285,572.413596570866,0.0,0.0
8056,Li-Ion,8103,0.0,0.0,0.0,0.0
8056,H2,8103,56.920998245126285,573.5648088171436,0.0,0.0
8057,Li-Ion,8104,0.0,0.0,0.0,0.0
8057,H2,8104,56.920998245126285,569.746383873108,0.0,0.0
8058,Li-Ion,8105,0.0,0.0,0.0,0.0
8058,H2,8105,56.920998245126285,566.3363039555909,0.0,0.0
8059,Li-Ion,8106,0.0,0.0,0.0,0.0
8059,H2,8106,56.920998245126285,564.7758472012154,0.0,0.0
8060,Li-Ion,8107,0.0,0.0,0.0,0.0
8060,H2,8107,56.920998245126285,567.6806169107423,0.0,0.0
8061,Li-Ion,8108,0.0,0.0,0.0,0.0
8061,H2,8108,56.920998245126285,565.0191704366505,0.0,0.0
8062,Li-Ion,8109,0.0,4.412404559513875,0.0,0.0
8062,H2,8109,56.920998245126285,567.6539668821052,0.0,0.0
8063,Li-Ion,8110,0.0,0.0,0.0,0.0
8063,H2,8110,56.920998245126285,565.0156885851799,0.0,0.0
8064,Li-Ion,8111,0.0,0.0,0.0,0.0
8064,H2,8111,56.920998245126285,569.644846359935,0.0,0.0
8065,Li-Ion,8112,0.0,4.412404559513875,0.0,0.0
8065,H2,8112,56.920998245126285,575.809131123899,0.0,0.0
8066,Li-Ion,8113,0.0,4.412404559513875,0.0,0.0
8066,H2,8113,56.920998245126285,574.5326626523631,0.0,0.0
8067,Li-Ion,8114,0.0,0.0,0.0,0.0
8067,H2,8114,56.920998245126285,553.2730361551882,0.0,0.0
8068,Li-Ion,8115,0.0,0.0,0.0,0.0
8068,H2,8115,56.920998245126285,549.9867291390464,0.0,0.0
8069,Li-Ion,8116,0.0,0.0,0.0,0.0
8069,H2,8116,56.920998245126285,545.41531441957,0.0,0.0
8070,Li-Ion,8117,0.0,0.0,0.0,0.0
8070,H2,8117,56.920998245126285,542.4878650630684,0.0,0.0
8071,Li-Ion,8118,0.0,0.0,0.0,0.0
8071,H2,8118,56.920998245126285,537.7025872327866,0.0,0.0
8072,Li-Ion,8119,0.0,0.0,0.0,0.0
8072,H2,8119,56.920998245126285,535.6401643245056,0.0,0.0
8073,Li-Ion,8120,0.0,0.0,0.0,0.0
8073,H2,8120,56.920998245126285,531.6551473063107,0.0,0.0
8074,Li-Ion,8121,0.0,0.0,0.0,0.0
8074,H2,8121,56.920998245126285,528.5744324994024,0.0,0.0
8075,Li-Ion,8122,0.0,0.0,0.0,0.0
8075,H2,8122,56.920998245126285,530.1947888883703,0.0,0.0
8076,Li-Ion,8123,0.0,0.0,0.0,0.0
8076,H2,8123,56.920998245126285,532.5906069760616,0.0,0.0
8077,Li-Ion,8124,0.0,0.0,0.0,0.0
8077,H2,8124,56.920998245126285,545.1232870600364,0.0,0.0
8078,Li-Ion,8125,0.0,9.770324381780721,0.0,0.0
8078,H2,8125,56.920998245126285,552.2953480786875,0.0,0.0
8079,Li-Ion,8126,0.0,15.128244204047569,0.0,0.0
8079,H2,8126,56.920998245126285,546.072170952947,0.0,0.0
8080,Li-Ion,8127,0.0,0.0,0.0,0.0
8080,H2,8127,56.920998245126285,536.9998694319116,0.0,0.0
8081,Li-Ion,8128,0.0,0.0,0.0,0.0
8081,H2,8128,56.920998245126285,533.3898296074632,0.0,0.0
8082,Li-Ion,8129,0.0,0.0,0.0,0.0
8082,H2,8129,56.920998245126285,525.00825421568,0.0,0.0
8083,Li-Ion,8130,0.0,0.0,0.0,0.0
8083,H2,8130,56.920998245126285,516.5577266271201,0.0,0.0
8084,Li-Ion,8131,0.0,0.0,0.0,0.0
8084,H2,8131,56.920998245126285,508.18036020620343,0.0,0.0
8085,Li-Ion,8132,0.0,0.0,0.0,0.0
8085,H2,8132,56.920998245126285,504.91256584553827,0.0,0.0
8086,Li-Ion,8133,0.0,0.0,0.0,0.0
8086,H2,8133,56.920998245126285,502.8651950904899,0.0,0.0
8087,Li-Ion,8134,0.0,0.0,0.0,0.0
8087,H2,8134,56.920998245126285,497.16190356672183,0.0,0.0
8088,Li-Ion,8135,0.0,0.0,0.0,0.0
8088,H2,8135,56.920998245126285,498.46098834140344,0.0,0.0
8089,Li-Ion,8136,0.0,0.0,0.0,0.0
8089,H2,8136,56.920998245126285,499.7246865985279,0.0,0.0
8090,Li-Ion,8137,0.0,0.0,0.0,0.0
8090,H2,8137,56.920998245126285,494.46486404627365,0.0,0.0
8091,Li-Ion,8138,0.0,0.0,0.0,0.0
8091,H2,8138,56.920998245126285,492.3075826198043,0.0,0.0
8092,Li-Ion,8139,0.0,0.0,0.0,0.0
8092,H2,8139,56.920998245126285,490.54139746404076,0.0,0.0
8093,Li-Ion,8140,0.0,0.0,0.0,0.0
8093,H2,8140,56.920998245126285,485.8382872633277,0.0,0.0
8094,Li-Ion,8141,0.0,0.0,0.0,0.0
8094,H2,8141,56.920998245126285,482.18437154673654,0.0,0.0
8095,Li-Ion,8142,0.0,0.0,0.0,0.0
8095,H2,8142,56.920998245126285,476.45907290529647,0.0,0.0
8096,Li-Ion,8143,0.0,0.0,0.0,0.0
8096,H2,8143,56.920998245126285,472.32867216489404,0.0,0.0
8097,Li-Ion,8144,0.0,0.0,0.0,0.0
8097,H2,8144,56.920998245126285,473.8910002970495,0.0,0.0
8098,Li-Ion,8145,0.0,0.0,0.0,0.0
8098,H2,8145,56.920998245126285,466.56503127157674,0.0,0.0
8099,Li-Ion,8146,0.0,4.412404559513875,0.0,0.0
8099,H2,8146,56.920998245126285,468.8553798503237,0.0,0.0
8100,Li-Ion,8147,0.0,9.770324381780721,0.0,0.0
8100,H2,8147,56.920998245126285,470.9867863369959,0.0,0.0
8101,Li-Ion,8148,0.0,8.824809119027748,0.0,0.0
8101,H2,8148,56.920998245126285,478.0481722590464,0.0,0.0
8102,Li-Ion,8149,0.0,16.18128491498018,0.0,0.0
8102,H2,8149,56.920998245126285,477.220447527416,0.0,0.0
8103,Li-Ion,8150,0.0,15.235769652227205,0.0,0.0
8103,H2,8150,56.920998245126285,485.2445556259574,0.0,0.0
8104,Li-Ion,8151,0.0,20.593689474494052,0.0,0.0
8104,H2,8151,56.920998245126285,493.6594974962592,0.0,0.0
8105,Li-Ion,8152,0.0,0.0,0.0,0.0
8105,H2,8152,56.920998245126285,490.0381145397675,0.0,0.0
8106,Li-Ion,8153,0.0,0.0,0.0,0.0
8106,H2,8153,56.920998245126285,461.4729334551884,0.0,0.0
8107,Li-Ion,8154,0.0,0.0,0.0,0.0
8107,H2,8154,56.920998245126285,465.43216920205555,0.0,0.0
8108,Li-Ion,8155,0.0,0.0,0.0,0.0
8108,H2,8155,56.920998245126285,467.60049387306145,0.0,0.0
8109,Li-Ion,8156,0.0,0.0,0.0,0.0
8109,H2,8156,56.920998245126285,466.8082990479179,0.0,0.0
8110,Li-Ion,8157,0.0,0.0,0.0,0.0
8110,H2,8157,56.920998245126285,466.829722279135,0.0,0.0
8111,Li-Ion,8158,0.0,0.0,0.0,0.0
8111,H2,8158,56.920998245126285,470.8748632115794,0.0,0.0
8112,Li-Ion,8159,0.0,0.0,0.0,0.0
8112,H2,8159,56.920998245126285,476.1780172018323,0.0,0.0
8113,Li-Ion,8160,0.0,0.0,0.0,0.0
8113,H2,8160,56.920998245126285,479.9935106459666,0.0,0.0
8114,Li-Ion,8161,0.0,0.0,0.0,0.0
8114,H2,8161,56.920998245126285,478.69315735625884,0.0,0.0
8115,Li-Ion,8162,0.0,0.0,0.0,0.0
8115,H2,8162,56.920998245126285,477.96418977772504,0.0,0.0
8116,Li-Ion,8163,0.0,0.0,0.0,0.0
8116,H2,8163,56.920998245126285,476.127462001785,0.0,0.0
8117,Li-Ion,8164,0.0,0.0,0.0,0.0
8117,H2,8164,56.920998245126285,475.4410510316092,0.0,0.0
8118,Li-Ion,8165,0.0,0.0,0.0,0.0
8118,H2,8165,56.920998245126285,472.8129627280261,0.0,0.0
8119,Li-Ion,8166,0.0,0.0,0.0,0.0
8119,H2,8166,56.920998245126285,470.19643772925764,0.0,0.0
8120,Li-Ion,8167,0.0,0.0,0.0,0.0
8120,H2,8167,56.920998245126285,465.90979959790576,0.0,0.0
8121,Li-Ion,8168,0.0,0.0,0.0,0.0
8121,H2,8168,56.920998245126285,462.4500702689025,0.0,0.0
8122,Li-Ion,8169,0.0,0.0,0.0,0.0
8122,H2,8169,56.920998245126285,465.8970983832584,0.0,0.0
8123,Li-Ion,8170,0.0,0.0,0.0,0.0
8123,H2,8170,56.920998245126285,467.7693767527456,0.0,0.0
8124,Li-Ion,8171,0.0,0.0,0.0,0.0
8124,H2,8171,56.920998245126285,474.82057861124224,0.0,0.0
8125,Li-Ion,8172,0.0,0.0,0.0,0.0
8125,H2,8172,56.920998245126285,475.96895290344264,0.0,0.0
8126,Li-Ion,8173,0.0,0.0,0.0,0.0
8126,H2,8173,56.920998245126285,480.6086721423343,0.0,0.0
8127,Li-Ion,8174,0.0,4.412404559513875,0.0,0.0
8127,H2,8174,56.920998245126285,480.68914968178217,0.0,0.0
8128,Li-Ion,8175,0.0,9.770324381780721,0.0,0.0
8128,H2,8175,56.920998245126285,478.91013448939054,0.0,0.0
8129,Li-Ion,8176,0.0,0.0,0.0,0.0
8129,H2,8176,56.920998245126285,474.0516369874315,0.0,0.0
8130,Li-Ion,8177,0.0,0.0,0.0,0.0
8130,H2,8177,56.920998245126285,472.4343398302922,0.0,0.0
8131,Li-Ion,8178,0.0,0.0,0.0,0.0
8131,H2,8178,56.920998245126285,470.8143794761726,0.0,0.0
8132,Li-Ion,8179,0.0,0.0,0.0,0.0
8132,H2,8179,56.920998245126285,470.7291823427804,0.0,0.0
8133,Li-Ion,8180,0.0,0.0,0.0,0.0
8133,H2,8180,56.920998245126285,471.7404152261648,0.0,0.0
8134,Li-Ion,8181,0.0,0.0,0.0,0.0
8134,H2,8181,56.920998245126285,469.2160861520273,0.0,0.0
8135,Li-Ion,8182,0.0,0.0,0.0,0.0
8135,H2,8182,56.920998245126285,468.96161870300693,0.0,0.0
8136,Li-Ion,8183,0.0,0.0,0.0,0.0
8136,H2,8183,56.920998245126285,470.88963369253395,0.0,0.0
8137,Li-Ion,8184,0.0,0.0,0.0,0.0
8137,H2,8184,56.920998245126285,469.8424690138909,0.0,0.0
8138,Li-Ion,8185,0.0,0.0,0.0,0.0
8138,H2,8185,56.920998245126285,468.6230012019304,0.0,0.0
8139,Li-Ion,8186,0.0,0.0,0.0,0.0
8139,H2,8186,56.920998245126285,469.65125477267,0.0,0.0
8140,Li-Ion,8187,0.0,0.0,0.0,0.0
8140,H2,8187,56.920998245126285,468.32682108667154,0.0,0.0
8141,Li-Ion,8188,0.0,0.0,0.0,0.0
8141,H2,8188,56.920998245126285,468.2898698981162,0.0,0.0
8142,Li-Ion,8189,0.0,0.0,0.0,0.0
8142,H2,8189,56.920998245126285,468.2898698981162,0.0,0.0
8143,Li-Ion,8190,0.0,0.0,0.0,0.0
8143,H2,8190,56.920998245126285,468.2898698981162,0.0,0.0
8144,Li-Ion,8191,0.0,0.0,0.0,0.0
8144,H2,8191,56.920998245126285,471.77211596248605,0.0,0.0
8145,Li-Ion,8192,0.0,0.0,0.0,0.0
8145,H2,8192,56.920998245126285,476.05875409383793,0.0,0.0
8146,Li-Ion,8193,0.0,0.0,0.0,0.0
8146,H2,8193,56.920998245126285,481.2126444852995,0.0,0.0
8147,Li-Ion,8194,0.0,0.0,0.0,0.0
8147,H2,8194,56.920998245126285,486.1902511453417,0.0,0.0
8148,Li-Ion,8195,0.0,0.0,0.0,0.0
8148,H2,8195,56.920998245126285,489.1017181542518,0.0,0.0
8149,Li-Ion,8196,0.0,0.0,0.0,0.0
8149,H2,8196,56.920998245126285,493.33679027218795,0.0,0.0
8150,Li-Ion,8197,0.0,0.0,0.0,0.0
8150,H2,8197,56.920998245126285,503.0663709249826,0.0,0.0
8151,Li-Ion,8198,0.0,4.412404559513875,0.0,0.0
8151,H2,8198,56.920998245126285,507.4596976563487,0.0,0.0
8152,Li-Ion,8199,0.0,9.770324381780721,0.0,0.0
8152,H2,8199,56.920998245126285,504.00118722017385,0.0,0.0
8153,Li-Ion,8200,0.0,0.0,0.0,0.0
8153,H2,8200,56.920998245126285,496.3535825322002,0.0,0.0
8154,Li-Ion,8201,0.0,0.0,0.0,0.0
8154,H2,8201,56.920998245126285,495.0936352620515,0.0,0.0
8155,Li-Ion,8202,0.0,0.0,0.0,0.0
8155,H2,8202,56.920998245126285,493.0083221465999,0.0,0.0
8156,Li-Ion,8203,0.0,0.0,0.0,0.0
8156,H2,8203,56.920998245126285,492.5467021001774,0.0,0.0
8157,Li-Ion,8204,0.0,0.0,0.0,0.0
8157,H2,8204,56.920998245126285,493.8796308781317,0.0,0.0
8158,Li-Ion,8205,0.0,0.0,0.0,0.0
8158,H2,8205,56.920998245126285,494.39247079727784,0.0,0.0
8159,Li-Ion,8206,0.0,0.0,0.0,0.0
8159,H2,8206,56.920998245126285,493.3523582412322,0.0,0.0
8160,Li-Ion,8207,0.0,0.0,0.0,0.0
8160,H2,8207,56.920998245126285,489.2520800277139,0.0,0.0
8161,Li-Ion,8208,0.0,0.0,0.0,0.0
8161,H2,8208,56.920998245126285,487.8936754462321,0.0,0.0
8162,Li-Ion,8209,0.0,0.0,0.0,0.0
8162,H2,8209,56.920998245126285,483.6234874832686,0.0,0.0
8163,Li-Ion,8210,0.0,0.0,0.0,0.0
8163,H2,8210,56.920998245126285,479.3550767203498,0.0,0.0
8164,Li-Ion,8211,0.0,0.0,0.0,0.0
8164,H2,8211,56.920998245126285,475.07567071800673,0.0,0.0
8165,Li-Ion,8212,0.0,0.0,0.0,0.0
8165,H2,8212,56.920998245126285,470.7715894630814,0.0,0.0
8166,Li-Ion,8213,0.0,0.0,0.0,0.0
8166,H2,8213,56.920998245126285,466.3630265542641,0.0,0.0
8167,Li-Ion,8214,0.0,0.0,0.0,0.0
8167,H2,8214,56.920998245126285,461.9737826274345,0.0,0.0
8168,Li-Ion,8215,0.0,0.0,0.0,0.0
8168,H2,8215,56.920998245126285,457.7338382743673,0.0,0.0
8169,Li-Ion,8216,0.0,0.0,0.0,0.0
8169,H2,8216,56.920998245126285,455.9413487327839,0.0,0.0
8170,Li-Ion,8217,0.0,0.0,0.0,0.0
8170,H2,8217,56.920998245126285,454.40604395510616,0.0,0.0
8171,Li-Ion,8218,0.0,0.0,0.0,0.0
8171,H2,8218,56.920998245126285,452.00925884813466,0.0,0.0
8172,Li-Ion,8219,0.0,0.0,0.0,0.0
8172,H2,8219,56.920998245126285,453.68965579611586,0.0,0.0
8173,Li-Ion,8220,0.0,0.0,0.0,0.0
8173,H2,8220,56.920998245126285,456.8454846846996,0.0,0.0
8174,Li-Ion,8221,0.0,0.0,0.0,0.0
8174,H2,8221,56.920998245126285,463.5517868158779,0.0,0.0
8175,Li-Ion,8222,0.0,4.412404559513875,0.0,0.0
8175,H2,8222,56.920998245126285,466.1932606894663,0.0,0.0
8176,Li-Ion,8223,0.0,9.770324381780721,0.0,0.0
8176,H2,8223,56.920998245126285,464.7714848420662,0.0,0.0
8177,Li-Ion,8224,0.0,0.0,0.0,0.0
8177,H2,8224,56.920998245126285,457.0102435351618,0.0,0.0
8178,Li-Ion,8225,0.0,0.0,0.0,0.0
8178,H2,8225,56.920998245126285,452.38459658952917,0.0,0.0
8179,Li-Ion,8226,0.0,0.0,0.0,0.0
8179,H2,8226,56.920998245126285,447.8444513072722,0.0,0.0
8180,Li-Ion,8227,0.0,0.0,0.0,0.0
8180,H2,8227,56.920998245126285,443.3210090540377,0.0,0.0
8181,Li-Ion,8228,0.0,0.0,0.0,0.0
8181,H2,8228,56.920998245126285,439.1772253499813,0.0,0.0
8182,Li-Ion,8229,0.0,0.0,0.0,0.0
8182,H2,8229,56.920998245126285,435.06586265147797,0.0,0.0
8183,Li-Ion,8230,0.0,0.0,0.0,0.0
8183,H2,8230,56.920998245126285,430.79908601972534,0.0,0.0
8184,Li-Ion,8231,0.0,0.0,0.0,0.0
8184,H2,8231,56.920998245126285,426.7017375186731,0.0,0.0
8185,Li-Ion,8232,0.0,0.0,0.0,0.0
8185,H2,8232,56.920998245126285,422.56674224441247,0.0,0.0
8186,Li-Ion,8233,0.0,0.0,0.0,0.0
8186,H2,8233,56.920998245126285,419.05199351107984,0.0,0.0
8187,Li-Ion,8234,0.0,0.0,0.0,0.0
8187,H2,8234,56.920998245126285,415.9970012982446,0.0,0.0
8188,Li-Ion,8235,0.0,0.0,0.0,0.0
8188,H2,8235,56.920998245126285,413.72616029305976,0.0,0.0
8189,Li-Ion,8236,0.0,0.0,0.0,0.0
8189,H2,8236,56.920998245126285,414.6313416056063,0.0,0.0
8190,Li-Ion,8237,0.0,0.0,0.0,0.0
8190,H2,8237,56.920998245126285,411.8671859455998,0.0,0.0
8191,Li-Ion,8238,0.0,0.0,0.0,0.0
8191,H2,8238,56.920998245126285,408.161831046763,0.0,0.0
8192,Li-Ion,8239,0.0,0.0,0.0,0.0
8192,H2,8239,56.920998245126285,404.68940701210505,0.0,0.0
8193,Li-Ion,8240,0.0,0.0,0.0,0.0
8193,H2,8240,56.920998245126285,402.43902579366596,0.0,0.0
8194,Li-Ion,8241,0.0,0.0,0.0,0.0
8194,H2,8241,56.920998245126285,400.60471786135525,0.0,0.0
8195,Li-Ion,8242,0.0,0.0,0.0,0.0
8195,H2,8242,56.920998245126285,404.09969597887994,0.0,0.0
8196,Li-Ion,8243,0.0,0.0,0.0,0.0
8196,H2,8243,56.920998245126285,410.5606180127397,0.0,0.0
8197,Li-Ion,8244,0.0,0.0,0.0,0.0
8197,H2,8244,56.920998245126285,425.75865391487673,0.0,0.0
8198,Li-Ion,8245,0.0,4.412404559513875,0.0,0.0
8198,H2,8245,56.920998245126285,440.8631466983205,0.0,0.0
8199,Li-Ion,8246,0.0,9.770324381780721,0.0,0.0
8199,H2,8246,56.920998245126285,454.8071392058133,0.0,0.0
8200,Li-Ion,8247,0.0,15.128244204047569,0.0,0.0
8200,H2,8247,56.920998245126285,462.3488741712149,0.0,0.0
8201,Li-Ion,8248,0.0,15.128244204047569,0.0,0.0
8201,H2,8248,56.920998245126285,460.1613306524616,0.0,0.0
8202,Li-Ion,8249,0.0,0.0,0.0,0.0
8202,H2,8249,56.920998245126285,417.33264891635133,0.0,0.0
8203,Li-Ion,8250,0.0,0.0,0.0,0.0
8203,H2,8250,56.920998245126285,415.0394959102636,0.0,0.0
8204,Li-Ion,8251,0.0,0.0,0.0,0.0
8204,H2,8251,56.920998245126285,413.3495021962031,0.0,0.0
8205,Li-Ion,8252,0.0,0.0,0.0,0.0
8205,H2,8252,56.920998245126285,409.27155677751455,0.0,0.0
8206,Li-Ion,8253,0.0,4.412404559513875,0.0,0.0
8206,H2,8253,56.920998245126285,406.59790376128234,0.0,0.0
8207,Li-Ion,8254,0.0,9.770324381780721,0.0,0.0
8207,H2,8254,56.920998245126285,404.6866434438188,0.0,0.0
8208,Li-Ion,8255,0.0,15.128244204047569,0.0,0.0
8208,H2,8255,56.920998245126285,402.96629339505387,0.0,0.0
8209,Li-Ion,8256,0.0,16.18128491498018,0.0,0.0
8209,H2,8256,56.920998245126285,401.3395043675517,0.0,0.0
8210,Li-Ion,8257,0.0,16.18128491498018,0.0,0.0
8210,H2,8257,56.920998245126285,399.3693622602228,0.0,0.0
8211,Li-Ion,8258,0.0,16.18128491498018,0.0,0.0
8211,H2,8258,56.920998245126285,399.81356058874053,0.0,0.0
8212,Li-Ion,8259,0.0,16.18128491498018,0.0,0.0
8212,H2,8259,56.920998245126285,400.7828762802567,0.0,0.0
8213,Li-Ion,8260,0.0,0.0,0.0,0.0
8213,H2,8260,56.920998245126285,402.8077312825488,0.0,0.0
8214,Li-Ion,8261,0.0,0.0,0.0,0.0
8214,H2,8261,56.920998245126285,397.78692188346184,0.0,0.0
8215,Li-Ion,8262,0.0,0.0,0.0,0.0
8215,H2,8262,56.920998245126285,393.27025933307067,0.0,0.0
8216,Li-Ion,8263,0.0,0.0,0.0,0.0
8216,H2,8263,56.920998245126285,386.40902061237483,0.0,0.0
8217,Li-Ion,8264,0.0,0.0,0.0,0.0
8217,H2,8264,56.920998245126285,378.74989857778047,0.0,0.0
8218,Li-Ion,8265,0.0,0.0,0.0,0.0
8218,H2,8265,56.920998245126285,370.737951206895,0.0,0.0
8219,Li-Ion,8266,0.0,0.0,0.0,0.0
8219,H2,8266,56.920998245126285,365.3947637057922,0.0,0.0
8220,Li-Ion,8267,0.0,0.0,0.0,0.0
8220,H2,8267,56.920998245126285,371.77562807862466,0.0,0.0
8221,Li-Ion,8268,0.0,0.0,0.0,0.0
8221,H2,8268,56.920998245126285,381.24389514097066,0.0,0.0
8222,Li-Ion,8269,0.0,0.0,0.0,0.0
8222,H2,8269,56.920998245126285,385.3397404119739,0.0,0.0
8223,Li-Ion,8270,0.0,0.0,0.0,0.0
8223,H2,8270,56.920998245126285,391.38478017944436,0.0,0.0
8224,Li-Ion,8271,0.0,0.0,0.0,0.0
8224,H2,8271,56.920998245126285,386.0037600768026,0.0,0.0
8225,Li-Ion,8272,0.0,0.0,0.0,0.0
8225,H2,8272,56.920998245126285,383.01088563088945,0.0,0.0
8226,Li-Ion,8273,0.0,0.0,0.0,0.0
8226,H2,8273,56.920998245126285,375.5287695398789,0.0,0.0
8227,Li-Ion,8274,0.0,0.0,0.0,0.0
8227,H2,8274,56.920998245126285,371.24213140852703,0.0,0.0
8228,Li-Ion,8275,0.0,0.0,0.0,0.0
8228,H2,8275,56.920998245126285,366.95549327717515,0.0,0.0
8229,Li-Ion,8276,0.0,0.0,0.0,0.0
8229,H2,8276,56.920998245126285,362.6688551458233,0.0,0.0
8230,Li-Ion,8277,0.0,0.0,0.0,0.0
8230,H2,8277,56.920998245126285,358.3822170144714,0.0,0.0
8231,Li-Ion,8278,0.0,0.0,0.0,0.0
8231,H2,8278,56.920998245126285,354.0955788831195,0.0,0.0
8232,Li-Ion,8279,0.0,0.0,0.0,0.0
8232,H2,8279,56.920998245126285,349.80894075176764,0.0,0.0
8233,Li-Ion,8280,0.0,0.0,0.0,0.0
8233,H2,8280,56.920998245126285,344.90942619962584,0.0,0.0
8234,Li-Ion,8281,0.0,0.0,0.0,0.0
8234,H2,8281,56.920998245126285,340.9893427488883,0.0,0.0
8235,Li-Ion,8282,0.0,0.0,0.0,0.0
8235,H2,8282,56.920998245126285,337.97609927068567,0.0,0.0
8236,Li-Ion,8283,0.0,0.0,0.0,0.0
8236,H2,8283,56.920998245126285,335.47914739654016,0.0,0.0
8237,Li-Ion,8284,0.0,0.0,0.0,0.0
8237,H2,8284,56.920998245126285,332.673002191941,0.0,0.0
8238,Li-Ion,8285,0.0,0.0,0.0,0.0
8238,H2,8285,56.920998245126285,331.8095531304181,0.0,0.0
8239,Li-Ion,8286,0.0,0.0,0.0,0.0
8239,H2,8286,56.920998245126285,331.7587388887778,0.0,0.0
8240,Li-Ion,8287,0.0,0.0,0.0,0.0
8240,H2,8287,56.920998245126285,333.38788521134126,0.0,0.0
8241,Li-Ion,8288,0.0,0.0,0.0,0.0
8241,H2,8288,56.920998245126285,334.95756160908144,0.0,0.0
8242,Li-Ion,8289,0.0,0.0,0.0,0.0
8242,H2,8289,56.920998245126285,334.61104600686645,0.0,0.0
8243,Li-Ion,8290,0.0,0.0,0.0,0.0
8243,H2,8290,56.920998245126285,336.1100684444456,0.0,0.0
8244,Li-Ion,8291,0.0,0.0,0.0,0.0
8244,H2,8291,56.920998245126285,343.26002756561775,0.0,0.0
8245,Li-Ion,8292,0.0,0.0,0.0,0.0
8245,H2,8292,56.920998245126285,344.68334470714933,0.0,0.0
8246,Li-Ion,8293,0.0,0.0,0.0,0.0
8246,H2,8293,56.920998245126285,361.52681410581897,0.0,0.0
8247,Li-Ion,8294,0.0,4.412404559513875,0.0,0.0
8247,H2,8294,56.920998245126285,372.25069721929424,0.0,0.0
8248,Li-Ion,8295,0.0,9.770324381780721,0.0,0.0
8248,H2,8295,56.920998245126285,366.1672406259194,0.0,0.0
8249,Li-Ion,8296,0.0,0.0,0.0,0.0
8249,H2,8296,56.920998245126285,363.14610412108084,0.0,0.0
8250,Li-Ion,8297,0.0,0.0,0.0,0.0
8250,H2,8297,56.920998245126285,365.1286042944534,0.0,0.0
8251,Li-Ion,8298,0.0,0.0,0.0,0.0
8251,H2,8298,56.920998245126285,368.51473690563137,0.0,0.0
8252,Li-Ion,8299,0.0,0.0,0.0,0.0
8252,H2,8299,56.920998245126285,373.6627329730998,0.0,0.0
8253,Li-Ion,8300,0.0,0.0,0.0,0.0
8253,H2,8300,56.920998245126285,379.3490403647961,0.0,0.0
8254,Li-Ion,8301,0.0,0.0,0.0,0.0
8254,H2,8301,56.920998245126285,385.10853804593376,0.0,0.0
8255,Li-Ion,8302,0.0,0.0,0.0,0.0
8255,H2,8302,56.920998245126285,390.985013672954,0.0,0.0
8256,Li-Ion,8303,0.0,0.0,0.0,0.0
8256,H2,8303,56.920998245126285,396.94490108758214,0.0,0.0
8257,Li-Ion,8304,0.0,0.0,0.0,0.0
8257,H2,8304,56.920998245126285,401.4314584126099,0.0,0.0
8258,Li-Ion,8305,0.0,0.0,0.0,0.0
8258,H2,8305,56.920998245126285,407.963286535915,0.0,0.0
8259,Li-Ion,8306,0.0,0.0,0.0,0.0
8259,H2,8306,56.920998245126285,413.1213148782508,0.0,0.0
8260,Li-Ion,8307,0.0,0.0,0.0,0.0
8260,H2,8307,56.920998245126285,414.69616269686765,0.0,0.0
8261,Li-Ion,8308,0.0,0.0,0.0,0.0
8261,H2,8308,56.920998245126285,412.6613421185612,0.0,0.0
8262,Li-Ion,8309,0.0,0.0,0.0,0.0
8262,H2,8309,56.920998245126285,411.3721398509044,0.0,0.0
8263,Li-Ion,8310,0.0,0.0,0.0,0.0
8263,H2,8310,56.920998245126285,410.02846888526,0.0,0.0
8264,Li-Ion,8311,0.0,0.0,0.0,0.0
8264,H2,8311,56.920998245126285,408.7596064378669,0.0,0.0
8265,Li-Ion,8312,0.0,0.0,0.0,0.0
8265,H2,8312,56.920998245126285,406.8874091849577,0.0,0.0
8266,Li-Ion,8313,0.0,0.0,0.0,0.0
8266,H2,8313,56.920998245126285,405.24564316757267,0.0,0.0
8267,Li-Ion,8314,0.0,0.0,0.0,0.0
8267,H2,8314,56.920998245126285,404.4356145963799,0.0,0.0
8268,Li-Ion,8315,0.0,0.0,0.0,0.0
8268,H2,8315,56.920998245126285,403.5858596957754,0.0,0.0
8269,Li-Ion,8316,0.0,0.0,0.0,0.0
8269,H2,8316,56.920998245126285,403.5468435140042,0.0,0.0
8270,Li-Ion,8317,0.0,0.0,0.0,0.0
8270,H2,8317,56.920998245126285,403.5468435140042,0.0,0.0
8271,Li-Ion,8318,0.0,0.0,0.0,0.0
8271,H2,8318,56.920998245126285,411.0977371568066,0.0,0.0
8272,Li-Ion,8319,0.0,0.0,0.0,0.0
8272,H2,8319,56.920998245126285,413.01180534438674,0.0,0.0
8273,Li-Ion,8320,0.0,0.0,0.0,0.0
8273,H2,8320,56.920998245126285,396.50124712573086,0.0,0.0
8274,Li-Ion,8321,0.0,0.0,0.0,0.0
8274,H2,8321,56.920998245126285,391.82032989115385,0.0,0.0
8275,Li-Ion,8322,0.0,0.0,0.0,0.0
8275,H2,8322,56.920998245126285,390.4021401916569,0.0,0.0
8276,Li-Ion,8323,0.0,0.0,0.0,0.0
8276,H2,8323,56.920998245126285,386.0639759081102,0.0,0.0
8277,Li-Ion,8324,0.0,0.0,0.0,0.0
8277,H2,8324,56.920998245126285,381.7541835797306,0.0,0.0
8278,Li-Ion,8325,0.0,0.0,0.0,0.0
8278,H2,8325,56.920998245126285,377.56672080035685,0.0,0.0
8279,Li-Ion,8326,0.0,0.0,0.0,0.0
8279,H2,8326,56.920998245126285,373.47926188970837,0.0,0.0
8280,Li-Ion,8327,0.0,0.0,0.0,0.0
8280,H2,8327,56.920998245126285,372.6110791571822,0.0,0.0
8281,Li-Ion,8328,0.0,0.0,0.0,0.0
8281,H2,8328,56.920998245126285,369.9308559464905,0.0,0.0
8282,Li-Ion,8329,0.0,0.0,0.0,0.0
8282,H2,8329,56.920998245126285,368.2594022606291,0.0,0.0
8283,Li-Ion,8330,0.0,0.0,0.0,0.0
8283,H2,8330,56.920998245126285,369.7440871895912,0.0,0.0
8284,Li-Ion,8331,0.0,0.0,0.0,0.0
8284,H2,8331,56.920998245126285,366.652528971804,0.0,0.0
8285,Li-Ion,8332,0.0,4.412404559513875,0.0,0.0
8285,H2,8332,56.920998245126285,363.18301347577744,0.0,0.0
8286,Li-Ion,8333,0.0,9.770324381780721,0.0,0.0
8286,H2,8333,56.920998245126285,360.06803404662844,0.0,0.0
8287,Li-Ion,8334,0.0,15.128244204047569,0.0,0.0
8287,H2,8334,56.920998245126285,357.0851482177566,0.0,0.0
8288,Li-Ion,8335,0.0,0.0,0.0,0.0
8288,H2,8335,56.920998245126285,368.4918722649606,0.0,0.0
8289,Li-Ion,8336,0.0,0.0,0.0,0.0
8289,H2,8336,56.920998245126285,372.1286281259703,0.0,0.0
8290,Li-Ion,8337,0.0,0.0,0.0,0.0
8290,H2,8337,56.920998245126285,368.57622469935933,0.0,0.0
8291,Li-Ion,8338,0.0,4.412404559513875,0.0,0.0
8291,H2,8338,56.920998245126285,367.89774104517807,0.0,0.0
8292,Li-Ion,8339,0.0,9.770324381780721,0.0,0.0
8292,H2,8339,56.920998245126285,375.00447470887593,0.0,0.0
8293,Li-Ion,8340,0.0,0.0,0.0,0.0
8293,H2,8340,56.920998245126285,387.62514861680404,0.0,0.0
8294,Li-Ion,8341,0.0,0.0,0.0,0.0
8294,H2,8341,56.920998245126285,391.51498212867716,0.0,0.0
8295,Li-Ion,8342,0.0,0.0,0.0,0.0
8295,H2,8342,56.920998245126285,395.70455173874234,0.0,0.0
8296,Li-Ion,8343,0.0,0.0,0.0,0.0
8296,H2,8343,56.920998245126285,392.9364393398032,0.0,0.0
8297,Li-Ion,8344,0.0,0.0,0.0,0.0
8297,H2,8344,56.920998245126285,387.9035416279835,0.0,0.0
8298,Li-Ion,8345,0.0,0.0,0.0,0.0
8298,H2,8345,56.920998245126285,383.4612036853343,0.0,0.0
8299,Li-Ion,8346,0.0,0.0,0.0,0.0
8299,H2,8346,56.920998245126285,379.32927788053706,0.0,0.0
8300,Li-Ion,8347,0.0,0.0,0.0,0.0
8300,H2,8347,56.920998245126285,377.90902961955965,0.0,0.0
8301,Li-Ion,8348,0.0,0.0,0.0,0.0
8301,H2,8348,56.920998245126285,373.04045255642967,0.0,0.0
8302,Li-Ion,8349,0.0,0.0,0.0,0.0
8302,H2,8349,56.920998245126285,368.0118560893947,0.0,0.0
8303,Li-Ion,8350,0.0,0.0,0.0,0.0
8303,H2,8350,56.920998245126285,363.9339021082423,0.0,0.0
8304,Li-Ion,8351,0.0,0.0,0.0,0.0
8304,H2,8351,56.920998245126285,359.18781519985095,0.0,0.0
8305,Li-Ion,8352,0.0,0.0,0.0,0.0
8305,H2,8352,56.920998245126285,356.1267482926545,0.0,0.0
8306,Li-Ion,8353,0.0,0.0,0.0,0.0
8306,H2,8353,56.920998245126285,347.8567432515804,0.0,0.0
8307,Li-Ion,8354,0.0,0.0,0.0,0.0
8307,H2,8354,56.920998245126285,339.2623110511447,0.0,0.0
8308,Li-Ion,8355,0.0,0.0,0.0,0.0
8308,H2,8355,56.920998245126285,332.9737597609395,0.0,0.0
8309,Li-Ion,8356,0.0,0.0,0.0,0.0
8309,H2,8356,56.920998245126285,325.92009348836643,0.0,0.0
8310,Li-Ion,8357,0.0,0.0,0.0,0.0
8310,H2,8357,56.920998245126285,317.4645736027175,0.0,0.0
8311,Li-Ion,8358,0.0,0.0,0.0,0.0
8311,H2,8358,56.920998245126285,309.30407418535356,0.0,0.0
8312,Li-Ion,8359,0.0,0.0,0.0,0.0
8312,H2,8359,56.920998245126285,300.332871589257,0.0,0.0
8313,Li-Ion,8360,0.0,0.0,0.0,0.0
8313,H2,8360,56.920998245126285,292.2716527346686,0.0,0.0
8314,Li-Ion,8361,0.0,0.0,0.0,0.0
8314,H2,8361,56.920998245126285,285.22813097210206,0.0,0.0
8315,Li-Ion,8362,0.0,0.0,0.0,0.0
8315,H2,8362,56.920998245126285,278.6260138162401,0.0,0.0
8316,Li-Ion,8363,0.0,0.0,0.0,0.0
8316,H2,8363,56.920998245126285,284.17591163493444,0.0,0.0
8317,Li-Ion,8364,0.0,0.0,0.0,0.0
8317,H2,8364,56.920998245126285,285.18651138088774,0.0,0.0
8318,Li-Ion,8365,0.0,0.0,0.0,0.0
8318,H2,8365,56.920998245126285,292.289267775405,0.0,0.0
8319,Li-Ion,8366,0.0,0.0,0.0,0.0
8319,H2,8366,56.920998245126285,299.41743250126297,0.0,0.0
8320,Li-Ion,8367,0.0,0.0,0.0,0.0
8320,H2,8367,56.920998245126285,299.3513288167166,0.0,0.0
8321,Li-Ion,8368,0.0,0.0,0.0,0.0
8321,H2,8368,56.920998245126285,294.3959195566817,0.0,0.0
8322,Li-Ion,8369,0.0,0.0,0.0,0.0
8322,H2,8369,56.920998245126285,293.3802293380564,0.0,0.0
8323,Li-Ion,8370,0.0,0.0,0.0,0.0
8323,H2,8370,56.920998245126285,288.3266793905953,0.0,0.0
8324,Li-Ion,8371,0.0,0.0,0.0,0.0
8324,H2,8371,56.920998245126285,283.4125340387665,0.0,0.0
8325,Li-Ion,8372,0.0,4.412404559513875,0.0,0.0
8325,H2,8372,56.920998245126285,281.1726930434882,0.0,0.0
8326,Li-Ion,8373,0.0,9.770324381780721,0.0,0.0
8326,H2,8373,56.920998245126285,280.32837247617215,0.0,0.0
8327,Li-Ion,8374,0.0,15.128244204047569,0.0,0.0
8327,H2,8374,56.920998245126285,281.9623089609421,0.0,0.0
8328,Li-Ion,8375,0.0,16.18128491498018,0.0,0.0
8328,H2,8375,56.920998245126285,282.6140049075371,0.0,0.0
8329,Li-Ion,8376,0.0,16.18128491498018,0.0,0.0
8329,H2,8376,56.920998245126285,286.917657104276,0.0,0.0
8330,Li-Ion,8377,0.0,16.18128491498018,0.0,0.0
8330,H2,8377,56.920998245126285,292.96358682324836,0.0,0.0
8331,Li-Ion,8378,0.0,16.18128491498018,0.0,0.0
8331,H2,8378,56.920998245126285,297.4070581945157,0.0,0.0
8332,Li-Ion,8379,0.0,16.18128491498018,0.0,0.0
8332,H2,8379,56.920998245126285,302.7981058344272,0.0,0.0
8333,Li-Ion,8380,0.0,16.18128491498018,0.0,0.0
8333,H2,8380,56.920998245126285,309.0448436399131,0.0,0.0
8334,Li-Ion,8381,0.0,16.18128491498018,0.0,0.0
8334,H2,8381,56.920998245126285,317.4049933387668,0.0,0.0
8335,Li-Ion,8382,0.0,16.18128491498018,0.0,0.0
8335,H2,8382,56.920998245126285,322.84995830676706,0.0,0.0
8336,Li-Ion,8383,0.0,16.18128491498018,0.0,0.0
8336,H2,8383,56.920998245126285,328.553352647838,0.0,0.0
8337,Li-Ion,8384,0.0,16.18128491498018,0.0,0.0
8337,H2,8384,56.920998245126285,334.17096197674914,0.0,0.0
8338,Li-Ion,8385,0.0,16.18128491498018,0.0,0.0
8338,H2,8385,56.920998245126285,339.9331883604811,0.0,0.0
8339,Li-Ion,8386,0.0,16.18128491498018,0.0,0.0
8339,H2,8386,56.920998245126285,345.545961838125,0.0,0.0
8340,Li-Ion,8387,0.0,16.18128491498018,0.0,0.0
8340,H2,8387,56.920998245126285,349.4351164410286,0.0,0.0
8341,Li-Ion,8388,0.0,15.235769652227205,0.0,0.0
8341,H2,8388,56.920998245126285,354.6669172818553,0.0,0.0
8342,Li-Ion,8389,0.0,20.593689474494052,0.0,0.0
8342,H2,8389,56.920998245126285,358.33143258233224,0.0,0.0
8343,Li-Ion,8390,0.0,21.539204737247026,0.0,0.0
8343,H2,8390,56.920998245126285,361.02195166765307,0.0,0.0
8344,Li-Ion,8391,0.0,21.539204737247026,0.0,0.0
8344,H2,8391,56.920998245126285,362.7937419230562,0.0,0.0
8345,Li-Ion,8392,0.0,16.18128491498018,0.0,0.0
8345,H2,8392,56.920998245126285,360.9100625131321,0.0,0.0
8346,Li-Ion,8393,0.0,0.0,0.0,0.0
8346,H2,8393,56.920998245126285,325.68196787911177,0.0,0.0
8347,Li-Ion,8394,0.0,0.0,0.0,0.0
8347,H2,8394,56.920998245126285,319.0498944825902,0.0,0.0
8348,Li-Ion,8395,0.0,0.0,0.0,0.0
8348,H2,8395,56.920998245126285,314.76325635123834,0.0,0.0
8349,Li-Ion,8396,0.0,0.0,0.0,0.0
8349,H2,8396,56.920998245126285,310.47661821988646,0.0,0.0
8350,Li-Ion,8397,0.0,0.0,0.0,0.0
8350,H2,8397,56.920998245126285,306.1899800885346,0.0,0.0
8351,Li-Ion,8398,0.0,0.0,0.0,0.0
8351,H2,8398,56.920998245126285,301.9033419571827,0.0,0.0
8352,Li-Ion,8399,0.0,0.0,0.0,0.0
8352,H2,8399,56.920998245126285,297.6167038258308,0.0,0.0
8353,Li-Ion,8400,0.0,0.0,0.0,0.0
8353,H2,8400,56.920998245126285,288.8607428281397,0.0,0.0
8354,Li-Ion,8401,0.0,0.0,0.0,0.0
8354,H2,8401,56.920998245126285,280.56393355310394,0.0,0.0
8355,Li-Ion,8402,0.0,0.0,0.0,0.0
8355,H2,8402,56.920998245126285,276.34496255877093,0.0,0.0
8356,Li-Ion,8403,0.0,0.0,0.0,0.0
8356,H2,8403,56.920998245126285,272.05832442741905,0.0,0.0
8357,Li-Ion,8404,0.0,0.0,0.0,0.0
8357,H2,8404,56.920998245126285,264.16155642221435,0.0,0.0
8358,Li-Ion,8405,0.0,0.0,0.0,0.0
8358,H2,8405,56.920998245126285,256.92201622171206,0.0,0.0
8359,Li-Ion,8406,0.0,0.0,0.0,0.0
8359,H2,8406,56.920998245126285,252.63537809036018,0.0,0.0
8360,Li-Ion,8407,0.0,0.0,0.0,0.0
8360,H2,8407,56.920998245126285,248.3487399590083,0.0,0.0
8361,Li-Ion,8408,0.0,0.0,0.0,0.0
8361,H2,8408,56.920998245126285,243.4668746167887,0.0,0.0
8362,Li-Ion,8409,0.0,0.0,0.0,0.0
8362,H2,8409,56.920998245126285,236.84190433782317,0.0,0.0
8363,Li-Ion,8410,0.0,0.0,0.0,0.0
8363,H2,8410,56.920998245126285,234.9864978179786,0.0,0.0
8364,Li-Ion,8411,0.0,0.0,0.0,0.0
8364,H2,8411,56.920998245126285,233.31417481267374,0.0,0.0
8365,Li-Ion,8412,0.0,0.0,0.0,0.0
8365,H2,8412,56.920998245126285,235.3141896667745,0.0,0.0
8366,Li-Ion,8413,0.0,0.0,0.0,0.0
8366,H2,8413,56.920998245126285,235.04984940839353,0.0,0.0
8367,Li-Ion,8414,0.0,0.0,0.0,0.0
8367,H2,8414,56.920998245126285,237.56915088447028,0.0,0.0
8368,Li-Ion,8415,0.0,0.0,0.0,0.0
8368,H2,8415,56.920998245126285,233.54268924125182,0.0,0.0
8369,Li-Ion,8416,0.0,0.0,0.0,0.0
8369,H2,8416,56.920998245126285,234.35472609986226,0.0,0.0
8370,Li-Ion,8417,0.0,0.0,0.0,0.0
8370,H2,8417,56.920998245126285,236.4050244333764,0.0,0.0
8371,Li-Ion,8418,0.0,0.0,0.0,0.0
8371,H2,8418,56.920998245126285,240.6916625647283,0.0,0.0
8372,Li-Ion,8419,0.0,0.0,0.0,0.0
8372,H2,8419,56.920998245126285,244.97830069608017,0.0,0.0
8373,Li-Ion,8420,0.0,0.0,0.0,0.0
8373,H2,8420,56.920998245126285,249.26493882743205,0.0,0.0
8374,Li-Ion,8421,0.0,0.0,0.0,0.0
8374,H2,8421,56.920998245126285,253.55157695878393,0.0,0.0
8375,Li-Ion,8422,0.0,0.0,0.0,0.0
8375,H2,8422,56.920998245126285,257.8382150901358,0.0,0.0
8376,Li-Ion,8423,0.0,0.0,0.0,0.0
8376,H2,8423,56.920998245126285,262.1248532214877,0.0,0.0
8377,Li-Ion,8424,0.0,0.0,0.0,0.0
8377,H2,8424,56.920998245126285,266.5972046452159,0.0,0.0
8378,Li-Ion,8425,0.0,0.0,0.0,0.0
8378,H2,8425,56.920998245126285,270.9596048819283,0.0,0.0
8379,Li-Ion,8426,0.0,0.0,0.0,0.0
8379,H2,8426,56.920998245126285,276.3311597529403,0.0,0.0
8380,Li-Ion,8427,0.0,0.0,0.0,0.0
8380,H2,8427,56.920998245126285,280.7485911209504,0.0,0.0
8381,Li-Ion,8428,0.0,0.0,0.0,0.0
8381,H2,8428,56.920998245126285,284.1721250901805,0.0,0.0
8382,Li-Ion,8429,0.0,0.0,0.0,0.0
8382,H2,8429,56.920998245126285,289.1094755309032,0.0,0.0
8383,Li-Ion,8430,0.0,0.0,0.0,0.0
8383,H2,8430,56.920998245126285,297.06614585604956,0.0,0.0
8384,Li-Ion,8431,0.0,0.0,0.0,0.0
8384,H2,8431,56.920998245126285,305.7438889471535,0.0,0.0
8385,Li-Ion,8432,0.0,0.0,0.0,0.0
8385,H2,8432,56.920998245126285,311.5720547849709,0.0,0.0
8386,Li-Ion,8433,0.0,0.0,0.0,0.0
8386,H2,8433,56.920998245126285,317.8235716113569,0.0,0.0
8387,Li-Ion,8434,0.0,0.0,0.0,0.0
8387,H2,8434,56.920998245126285,321.6278681965024,0.0,0.0
8388,Li-Ion,8435,0.0,0.0,0.0,0.0
8388,H2,8435,56.920998245126285,326.2835314816853,0.0,0.0
8389,Li-Ion,8436,0.0,0.0,0.0,0.0
8389,H2,8436,56.920998245126285,331.0615874595439,0.0,0.0
8390,Li-Ion,8437,0.0,0.0,0.0,0.0
8390,H2,8437,56.920998245126285,338.33435998469275,0.0,0.0
8391,Li-Ion,8438,0.0,4.412404559513875,0.0,0.0
8391,H2,8438,56.920998245126285,343.75245176203623,0.0,0.0
8392,Li-Ion,8439,0.0,0.0,0.0,0.0
8392,H2,8439,56.920998245126285,344.90911173724066,0.0,0.0
8393,Li-Ion,8440,0.0,0.0,0.0,0.0
8393,H2,8440,56.920998245126285,341.1801301429644,0.0,0.0
8394,Li-Ion,8441,0.0,0.0,0.0,0.0
8394,H2,8441,56.920998245126285,340.57904283229135,0.0,0.0
8395,Li-Ion,8442,0.0,0.0,0.0,0.0
8395,H2,8442,56.920998245126285,336.1782467479699,0.0,0.0
8396,Li-Ion,8443,0.0,0.0,0.0,0.0
8396,H2,8443,56.920998245126285,331.45353774411166,0.0,0.0
8397,Li-Ion,8444,0.0,0.0,0.0,0.0
8397,H2,8444,56.920998245126285,326.3795605577195,0.0,0.0
8398,Li-Ion,8445,0.0,0.0,0.0,0.0
8398,H2,8445,56.920998245126285,321.4915528739456,0.0,0.0
8399,Li-Ion,8446,0.0,0.0,0.0,0.0
8399,H2,8446,56.920998245126285,316.89332119287025,0.0,0.0
8400,Li-Ion,8447,0.0,0.0,0.0,0.0
8400,H2,8447,56.920998245126285,313.42666241801334,0.0,0.0
8401,Li-Ion,8448,0.0,0.0,0.0,0.0
8401,H2,8448,56.920998245126285,308.2491953014749,0.0,0.0
8402,Li-Ion,8449,0.0,0.0,0.0,0.0
8402,H2,8449,56.920998245126285,303.5992274840105,0.0,0.0
8403,Li-Ion,8450,0.0,0.0,0.0,0.0
8403,H2,8450,56.920998245126285,301.5541394219222,0.0,0.0
8404,Li-Ion,8451,0.0,0.0,0.0,0.0
8404,H2,8451,56.920998245126285,299.02472893569103,0.0,0.0
8405,Li-Ion,8452,0.0,0.0,0.0,0.0
8405,H2,8452,56.920998245126285,293.83701243418477,0.0,0.0
8406,Li-Ion,8453,0.0,0.0,0.0,0.0
8406,H2,8453,56.920998245126285,288.3817757810564,0.0,0.0
8407,Li-Ion,8454,0.0,0.0,0.0,0.0
8407,H2,8454,56.920998245126285,281.97538102406844,0.0,0.0
8408,Li-Ion,8455,0.0,0.0,0.0,0.0
8408,H2,8455,56.920998245126285,275.61613420684097,0.0,0.0
8409,Li-Ion,8456,0.0,0.0,0.0,0.0
8409,H2,8456,56.920998245126285,269.9397700783087,0.0,0.0
8410,Li-Ion,8457,0.0,0.0,0.0,0.0
8410,H2,8457,56.920998245126285,267.7220455944804,0.0,0.0
8411,Li-Ion,8458,0.0,0.0,0.0,0.0
8411,H2,8458,56.920998245126285,266.93617552334285,0.0,0.0
8412,Li-Ion,8459,0.0,0.0,0.0,0.0
8412,H2,8459,56.920998245126285,267.2162121958677,0.0,0.0
8413,Li-Ion,8460,0.0,0.0,0.0,0.0
8413,H2,8460,56.920998245126285,268.7296443739236,0.0,0.0
8414,Li-Ion,8461,0.0,0.0,0.0,0.0
8414,H2,8461,56.920998245126285,271.0997355477078,0.0,0.0
8415,Li-Ion,8462,0.0,0.0,0.0,0.0
8415,H2,8462,56.920998245126285,273.64239791826526,0.0,0.0
8416,Li-Ion,8463,0.0,4.412404559513875,0.0,0.0
8416,H2,8463,56.920998245126285,269.32493725257604,0.0,0.0
8417,Li-Ion,8464,0.0,0.0,0.0,0.0
8417,H2,8464,56.920998245126285,261.10386282655116,0.0,0.0
8418,Li-Ion,8465,0.0,0.0,0.0,0.0
8418,H2,8465,56.920998245126285,255.3921269424094,0.0,0.0
8419,Li-Ion,8466,0.0,0.0,0.0,0.0
8419,H2,8466,56.920998245126285,250.17172652794957,0.0,0.0
8420,Li-Ion,8467,0.0,0.0,0.0,0.0
8420,H2,8467,56.920998245126285,244.88181536360688,0.0,0.0
8421,Li-Ion,8468,0.0,0.0,0.0,0.0
8421,H2,8468,56.920998245126285,240.00633430041117,0.0,0.0
8422,Li-Ion,8469,0.0,0.0,0.0,0.0
8422,H2,8469,56.920998245126285,234.43679525804677,0.0,0.0
8423,Li-Ion,8470,0.0,0.0,0.0,0.0
8423,H2,8470,56.920998245126285,232.29466660736338,0.0,0.0
8424,Li-Ion,8471,0.0,0.0,0.0,0.0
8424,H2,8471,56.920998245126285,227.67846256702776,0.0,0.0
8425,Li-Ion,8472,0.0,0.0,0.0,0.0
8425,H2,8472,56.920998245126285,223.85296232786843,0.0,0.0
8426,Li-Ion,8473,0.0,0.0,0.0,0.0
8426,H2,8473,56.920998245126285,219.50159567586775,0.0,0.0
8427,Li-Ion,8474,0.0,0.0,0.0,0.0
8427,H2,8474,56.920998245126285,215.2478962325269,0.0,0.0
8428,Li-Ion,8475,0.0,0.0,0.0,0.0
8428,H2,8475,56.920998245126285,213.84089888457635,0.0,0.0
8429,Li-Ion,8476,0.0,0.0,0.0,0.0
8429,H2,8476,56.920998245126285,210.08686868878738,0.0,0.0
8430,Li-Ion,8477,0.0,0.0,0.0,0.0
8430,H2,8477,56.920998245126285,207.08645283547978,0.0,0.0
8431,Li-Ion,8478,0.0,0.0,0.0,0.0
8431,H2,8478,56.920998245126285,205.2330785614515,0.0,0.0
8432,Li-Ion,8479,0.0,0.0,0.0,0.0
8432,H2,8479,56.920998245126285,203.47343648035525,0.0,0.0
8433,Li-Ion,8480,0.0,0.0,0.0,0.0
8433,H2,8480,56.920998245126285,201.8826323148292,0.0,0.0
8434,Li-Ion,8481,0.0,0.0,0.0,0.0
8434,H2,8481,56.920998245126285,195.56162523700743,0.0,0.0
8435,Li-Ion,8482,0.0,0.0,0.0,0.0
8435,H2,8482,56.920998245126285,192.65384771446526,0.0,0.0
8436,Li-Ion,8483,0.0,0.0,0.0,0.0
8436,H2,8483,56.920998245126285,195.3019469757112,0.0,0.0
8437,Li-Ion,8484,0.0,0.0,0.0,0.0
8437,H2,8484,56.920998245126285,196.47893737966496,0.0,0.0
8438,Li-Ion,8485,0.0,0.0,0.0,0.0
8438,H2,8485,56.920998245126285,196.23832969092388,0.0,0.0
8439,Li-Ion,8486,0.0,0.0,0.0,0.0
8439,H2,8486,56.920998245126285,197.31929934334264,0.0,0.0
8440,Li-Ion,8487,0.0,0.0,0.0,0.0
8440,H2,8487,56.920998245126285,198.27346859860594,0.0,0.0
8441,Li-Ion,8488,0.0,0.0,0.0,0.0
8441,H2,8488,56.920998245126285,194.14772417612264,0.0,0.0
8442,Li-Ion,8489,0.0,0.0,0.0,0.0
8442,H2,8489,56.920998245126285,189.86372690371584,0.0,0.0
8443,Li-Ion,8490,0.0,0.0,0.0,0.0
8443,H2,8490,56.920998245126285,183.75094242855945,0.0,0.0
8444,Li-Ion,8491,0.0,0.0,0.0,0.0
8444,H2,8491,56.920998245126285,180.06612877343835,0.0,0.0
8445,Li-Ion,8492,0.0,0.0,0.0,0.0
8445,H2,8492,56.920998245126285,177.95173640766464,0.0,0.0
8446,Li-Ion,8493,0.0,0.0,0.0,0.0
8446,H2,8493,56.920998245126285,177.79437820841795,0.0,0.0
8447,Li-Ion,8494,0.0,0.0,0.0,0.0
8447,H2,8494,56.920998245126285,175.84595013121057,0.0,0.0
8448,Li-Ion,8495,0.0,0.0,0.0,0.0
8448,H2,8495,56.920998245126285,170.82864219754285,0.0,0.0
8449,Li-Ion,8496,0.0,0.0,0.0,0.0
8449,H2,8496,56.920998245126285,165.53691129510693,0.0,0.0
8450,Li-Ion,8497,0.0,0.0,0.0,0.0
8450,H2,8497,56.920998245126285,160.36427494865362,0.0,0.0
8451,Li-Ion,8498,0.0,0.0,0.0,0.0
8451,H2,8498,56.920998245126285,155.03581771370122,0.0,0.0
8452,Li-Ion,8499,0.0,0.0,0.0,0.0
8452,H2,8499,56.920998245126285,149.71299110142235,0.0,0.0
8453,Li-Ion,8500,0.0,0.0,0.0,0.0
8453,H2,8500,56.920998245126285,147.08745315306967,0.0,0.0
8454,Li-Ion,8501,0.0,0.0,0.0,0.0
8454,H2,8501,56.920998245126285,145.2779014383586,0.0,0.0
8455,Li-Ion,8502,0.0,0.0,0.0,0.0
8455,H2,8502,56.920998245126285,143.87894832418786,0.0,0.0
8456,Li-Ion,8503,0.0,0.0,0.0,0.0
8456,H2,8503,56.920998245126285,142.5159473955426,0.0,0.0
8457,Li-Ion,8504,0.0,0.0,0.0,0.0
8457,H2,8504,56.920998245126285,144.0646349794215,0.0,0.0
8458,Li-Ion,8505,0.0,0.0,0.0,0.0
8458,H2,8505,56.920998245126285,144.03941743522043,0.0,0.0
8459,Li-Ion,8506,0.0,0.0,0.0,0.0
8459,H2,8506,56.920998245126285,143.7414635409695,0.0,0.0
8460,Li-Ion,8507,0.0,0.0,0.0,0.0
8460,H2,8507,56.920998245126285,144.46794325245648,0.0,0.0
8461,Li-Ion,8508,0.0,0.0,0.0,0.0
8461,H2,8508,56.920998245126285,148.37250400388163,0.0,0.0
8462,Li-Ion,8509,0.0,0.0,0.0,0.0
8462,H2,8509,56.920998245126285,148.15488193342497,0.0,0.0
8463,Li-Ion,8510,0.0,0.0,0.0,0.0
8463,H2,8510,56.920998245126285,151.13934971969059,0.0,0.0
8464,Li-Ion,8511,0.0,0.0,0.0,0.0
8464,H2,8511,56.920998245126285,147.74193774182274,0.0,0.0
8465,Li-Ion,8512,0.0,0.0,0.0,0.0
8465,H2,8512,56.920998245126285,142.51471174323038,0.0,0.0
8466,Li-Ion,8513,0.0,0.0,0.0,0.0
8466,H2,8513,56.920998245126285,139.47317408455294,0.0,0.0
8467,Li-Ion,8514,0.0,0.0,0.0,0.0
8467,H2,8514,56.920998245126285,137.69347595481736,0.0,0.0
8468,Li-Ion,8515,0.0,0.0,0.0,0.0
8468,H2,8515,56.920998245126285,135.38103289017212,0.0,0.0
8469,Li-Ion,8516,0.0,0.0,0.0,0.0
8469,H2,8516,56.920998245126285,131.8685294381654,0.0,0.0
8470,Li-Ion,8517,0.0,0.0,0.0,0.0
8470,H2,8517,56.920998245126285,129.45524837836763,0.0,0.0
8471,Li-Ion,8518,0.0,0.0,0.0,0.0
8471,H2,8518,56.920998245126285,125.25701344302422,0.0,0.0
8472,Li-Ion,8519,0.0,4.412404559513875,0.0,0.0
8472,H2,8519,56.920998245126285,123.0392721484075,0.0,0.0
8473,Li-Ion,8520,0.0,9.770324381780721,0.0,0.0
8473,H2,8520,56.920998245126285,119.12334256964928,0.0,0.0
8474,Li-Ion,8521,0.0,15.128244204047569,0.0,0.0
8474,H2,8521,56.920998245126285,116.64933305218443,0.0,0.0
8475,Li-Ion,8522,0.0,16.18128491498018,0.0,0.0
8475,H2,8522,56.920998245126285,117.49325728698632,0.0,0.0
8476,Li-Ion,8523,0.0,16.18128491498018,0.0,0.0
8476,H2,8523,56.920998245126285,118.69810994346419,0.0,0.0
8477,Li-Ion,8524,0.0,16.18128491498018,0.0,0.0
8477,H2,8524,56.920998245126285,119.31535549675596,0.0,0.0
8478,Li-Ion,8525,0.0,16.18128491498018,0.0,0.0
8478,H2,8525,56.920998245126285,118.96151538454289,0.0,0.0
8479,Li-Ion,8526,0.0,0.0,0.0,0.0
8479,H2,8526,56.920998245126285,129.5399416639191,0.0,0.0
8480,Li-Ion,8527,0.0,0.0,0.0,0.0
8480,H2,8527,56.920998245126285,125.74968893495452,0.0,0.0
8481,Li-Ion,8528,0.0,0.0,0.0,0.0
8481,H2,8528,56.920998245126285,121.36245055158491,0.0,0.0
8482,Li-Ion,8529,0.0,0.0,0.0,0.0
8482,H2,8529,56.920998245126285,153.881146974436,0.0,0.0
8483,Li-Ion,8530,0.0,0.0,0.0,0.0
8483,H2,8530,56.920998245126285,144.11747091360047,0.0,0.0
8484,Li-Ion,8531,0.0,0.0,0.0,0.0
8484,H2,8531,56.920998245126285,137.65523162412984,0.0,0.0
8485,Li-Ion,8532,0.0,0.0,0.0,0.0
8485,H2,8532,56.920998245126285,135.0855729339542,0.0,0.0
8486,Li-Ion,8533,0.0,0.0,0.0,0.0
8486,H2,8533,56.920998245126285,131.89811527394892,0.0,0.0
8487,Li-Ion,8534,0.0,0.0,0.0,0.0
8487,H2,8534,56.920998245126285,131.17367415642573,0.0,0.0
8488,Li-Ion,8535,0.0,0.0,0.0,0.0
8488,H2,8535,56.920998245126285,123.21168547373867,0.0,0.0
8489,Li-Ion,8536,0.0,0.0,0.0,0.0
8489,H2,8536,56.920998245126285,115.89248787456494,0.0,0.0
8490,Li-Ion,8537,0.0,0.0,0.0,0.0
8490,H2,8537,56.920998245126285,111.14907138431236,0.0,0.0
8491,Li-Ion,8538,0.0,0.0,0.0,0.0
8491,H2,8538,56.920998245126285,95.89738080962141,0.0,0.0
8492,Li-Ion,8539,0.0,0.0,0.0,0.0
8492,H2,8539,56.920998245126285,88.23106428034538,0.0,0.0
8493,Li-Ion,8540,0.0,0.0,0.0,0.0
8493,H2,8540,56.920998245126285,78.6705236943472,0.0,0.0
8494,Li-Ion,8541,0.0,0.0,0.0,0.0
8494,H2,8541,56.920998245126285,73.0883373302365,0.0,0.0
8495,Li-Ion,8542,0.0,0.0,0.0,0.0
8495,H2,8542,56.920998245126285,67.1243407499797,0.0,0.0
8496,Li-Ion,8543,0.0,0.0,0.0,0.0
8496,H2,8543,56.920998245126285,57.26313129777721,0.0,0.0
8497,Li-Ion,8544,0.0,0.0,0.0,0.0
8497,H2,8544,56.920998245126285,56.92099824512623,0.0,0.0
8498,Li-Ion,8545,0.0,0.0,0.0,0.0
8498,H2,8545,56.920998245126285,56.920998245126285,0.0,0.0
8499,Li-Ion,8546,0.0,0.0,0.0,0.0
8499,H2,8546,56.920998245126285,56.920998245126285,0.0,0.0
8500,Li-Ion,8547,0.0,0.0,0.0,0.0
8500,H2,8547,56.920998245126285,53.8915637364379,3.0294345086883823,3029.4345086883823
8501,Li-Ion,8548,0.0,0.0,0.0,0.0
8501,H2,8548,56.920998245126285,36.99544055833146,19.925557686794825,19925.557686794826
8502,Li-Ion,8549,0.0,0.0,0.0,0.0
8502,H2,8549,56.920998245126285,22.850621130752078,34.07037711437421,34070.37711437421
8503,Li-Ion,8550,0.0,0.0,0.0,0.0
8503,H2,8550,56.920998245126285,10.989807726269321,45.931190518856965,45931.190518856965
8504,Li-Ion,8551,0.0,0.0,0.0,0.0
8504,H2,8551,56.920998245126285,1.5669642062087723,55.35403403891751,55354.03403891751
8505,Li-Ion,8552,0.0,0.0,0.0,0.0
8505,H2,8552,56.920998245126285,0.0,56.920998245126285,56920.998245126284
8506,Li-Ion,8553,0.0,0.0,0.0,0.0
8506,H2,8553,56.920998245126285,0.0,56.920998245126285,56920.998245126284
8507,Li-Ion,8554,0.0,0.0,0.0,0.0
8507,H2,8554,56.920998245126285,0.0,56.920998245126285,56920.998245126284
8508,Li-Ion,8555,0.0,0.0,0.0,0.0
8508,H2,8555,56.920998245126285,5.263953644679459,51.657044600446824,51657.044600446825
8509,Li-Ion,8556,0.0,0.0,0.0,0.0
8509,H2,8556,56.920998245126285,3.04812107596104,53.87287716916524,53872.877169165244
8510,Li-Ion,8557,0.0,0.0,0.0,0.0
8510,H2,8557,56.920998245126285,1.9476249139478685,54.973373331178415,54973.373331178416
8511,Li-Ion,8558,0.0,0.0,0.0,0.0
8511,H2,8558,56.920998245126285,0.0,56.920998245126285,56920.998245126284
8512,Li-Ion,8559,0.0,0.0,0.0,0.0
8512,H2,8559,56.920998245126285,0.0,56.920998245126285,56920.998245126284
8513,Li-Ion,8560,0.0,0.0,0.0,0.0
8513,H2,8560,56.920998245126285,0.0,56.920998245126285,56920.998245126284
8514,Li-Ion,8561,0.0,0.0,0.0,0.0
8514,H2,8561,56.920998245126285,0.0,56.920998245126285,56920.998245126284
8515,Li-Ion,8562,0.0,0.0,0.0,0.0
8515,H2,8562,56.920998245126285,0.0,56.920998245126285,56920.998245126284
8516,Li-Ion,8563,0.0,0.0,0.0,0.0
8516,H2,8563,56.920998245126285,0.0,56.920998245126285,56920.998245126284
8517,Li-Ion,8564,0.0,0.0,0.0,0.0
8517,H2,8564,56.920998245126285,0.0,56.920998245126285,56920.998245126284
8518,Li-Ion,8565,0.0,0.0,0.0,0.0
8518,H2,8565,56.920998245126285,3.595744057120596,53.32525418800569,53325.25418800569
8519,Li-Ion,8566,0.0,0.0,0.0,0.0
8519,H2,8566,56.920998245126285,7.9089951796206925,49.012003065505596,49012.003065505596
8520,Li-Ion,8567,0.0,0.0,0.0,0.0
8520,H2,8567,56.920998245126285,10.74654233691452,46.17445590821177,46174.45590821177
8521,Li-Ion,8568,0.0,0.0,0.0,0.0
8521,H2,8568,56.920998245126285,20.88835955912911,36.03263868599717,36032.63868599717
8522,Li-Ion,8569,0.0,0.0,0.0,0.0
8522,H2,8569,56.920998245126285,30.85305784736573,26.067940397760555,26067.940397760554
8523,Li-Ion,8570,0.0,0.0,0.0,0.0
8523,H2,8570,56.920998245126285,41.345247118645766,15.575751126480519,15575.751126480518
8524,Li-Ion,8571,0.0,0.0,0.0,0.0
8524,H2,8571,56.920998245126285,49.01764577062055,7.903352474505738,7903.3524745057375
8525,Li-Ion,8572,0.0,0.0,0.0,0.0
8525,H2,8572,56.920998245126285,54.7378213427848,2.1831769023414487,2183.1769023414486
8526,Li-Ion,8573,0.0,0.0,0.0,0.0
8526,H2,8573,56.920998245126285,56.92099824512624,0.0,0.0
8527,Li-Ion,8574,0.0,0.0,0.0,0.0
8527,H2,8574,56.920998245126285,56.920998245126285,0.0,0.0
8528,Li-Ion,8575,0.0,0.0,0.0,0.0
8528,H2,8575,56.920998245126285,56.920998245126285,0.0,0.0
8529,Li-Ion,8576,0.0,0.0,0.0,0.0
8529,H2,8576,56.920998245126285,56.920998245126285,0.0,0.0
8530,Li-Ion,8577,0.0,0.0,0.0,0.0
8530,H2,8577,56.920998245126285,56.920998245126285,0.0,0.0
8531,Li-Ion,8578,0.0,0.0,0.0,0.0
8531,H2,8578,56.920998245126285,56.920998245126285,0.0,0.0
8532,Li-Ion,8579,0.0,0.0,0.0,0.0
8532,H2,8579,56.920998245126285,56.920998245126285,0.0,0.0
8533,Li-Ion,8580,0.0,4.412404559513875,0.0,0.0
8533,H2,8580,56.920998245126285,62.30529983934664,0.0,0.0
8534,Li-Ion,8581,0.0,9.770324381780721,0.0,0.0
8534,H2,8581,56.920998245126285,80.2533124363739,0.0,0.0
8535,Li-Ion,8582,0.0,15.128244204047569,0.0,0.0
8535,H2,8582,56.920998245126285,87.24728715231404,0.0,0.0
8536,Li-Ion,8583,0.0,20.486164026314416,0.0,0.0
8536,H2,8583,56.920998245126285,89.19111076952059,0.0,0.0
8537,Li-Ion,8584,0.0,21.539204737247026,0.0,0.0
8537,H2,8584,56.920998245126285,92.20913164738744,0.0,0.0
8538,Li-Ion,8585,0.0,0.0,0.0,0.0
8538,H2,8585,56.920998245126285,88.61050941434517,0.0,0.0
8539,Li-Ion,8586,0.0,0.0,0.0,0.0
8539,H2,8586,56.920998245126285,89.2919146944938,0.0,0.0
8540,Li-Ion,8587,0.0,0.0,0.0,0.0
8540,H2,8587,56.920998245126285,56.920998245126285,0.0,0.0
8541,Li-Ion,8588,0.0,0.0,0.0,0.0
8541,H2,8588,56.920998245126285,56.920998245126285,0.0,0.0
8542,Li-Ion,8589,0.0,0.0,0.0,0.0
8542,H2,8589,56.920998245126285,56.920998245126285,0.0,0.0
8543,Li-Ion,8590,0.0,0.0,0.0,0.0
8543,H2,8590,56.920998245126285,56.920998245126285,0.0,0.0
8544,Li-Ion,8591,0.0,0.0,0.0,0.0
8544,H2,8591,56.920998245126285,56.920998245126285,0.0,0.0
8545,Li-Ion,8592,0.0,0.0,0.0,0.0
8545,H2,8592,56.920998245126285,56.920998245126285,0.0,0.0
8546,Li-Ion,8593,0.0,0.0,0.0,0.0
8546,H2,8593,56.920998245126285,56.920998245126285,0.0,0.0
8547,Li-Ion,8594,0.0,0.0,0.0,0.0
8547,H2,8594,56.920998245126285,56.920998245126285,0.0,0.0
8548,Li-Ion,8595,0.0,0.0,0.0,0.0
8548,H2,8595,56.920998245126285,56.920998245126285,0.0,0.0
8549,Li-Ion,8596,0.0,0.0,0.0,0.0
8549,H2,8596,56.920998245126285,56.920998245126285,0.0,0.0
8550,Li-Ion,8597,0.0,0.0,0.0,0.0
8550,H2,8597,56.920998245126285,56.920998245126285,0.0,0.0
8551,Li-Ion,8598,0.0,0.0,0.0,0.0
8551,H2,8598,56.920998245126285,56.920998245126285,0.0,0.0
8552,Li-Ion,8599,0.0,4.412404559513875,0.0,0.0
8552,H2,8599,56.920998245126285,56.920998245126285,0.0,0.0
8553,Li-Ion,8600,0.0,0.0,0.0,0.0
8553,H2,8600,56.920998245126285,56.920998245126285,0.0,0.0
8554,Li-Ion,8601,0.0,0.0,0.0,0.0
8554,H2,8601,56.920998245126285,56.920998245126285,0.0,0.0
8555,Li-Ion,8602,0.0,0.0,0.0,0.0
8555,H2,8602,56.920998245126285,56.920998245126285,0.0,0.0
8556,Li-Ion,8603,0.0,0.0,0.0,0.0
8556,H2,8603,56.920998245126285,56.920998245126285,0.0,0.0
8557,Li-Ion,8604,0.0,4.412404559513875,0.0,0.0
8557,H2,8604,56.920998245126285,56.920998245126285,0.0,0.0
8558,Li-Ion,8605,0.0,9.770324381780721,0.0,0.0
8558,H2,8605,56.920998245126285,56.92099824512628,0.0,0.0
8559,Li-Ion,8606,0.0,15.128244204047569,0.0,0.0
8559,H2,8606,56.920998245126285,56.920998245126285,0.0,0.0
8560,Li-Ion,8607,0.0,20.486164026314416,0.0,0.0
8560,H2,8607,56.920998245126285,56.920998245126285,0.0,0.0
8561,Li-Ion,8608,0.0,21.539204737247026,0.0,0.0
8561,H2,8608,56.920998245126285,56.920998245126285,0.0,0.0
8562,Li-Ion,8609,0.0,0.0,0.0,0.0
8562,H2,8609,56.920998245126285,56.920998245126285,0.0,0.0
8563,Li-Ion,8610,0.0,0.0,0.0,0.0
8563,H2,8610,56.920998245126285,56.920998245126285,0.0,0.0
8564,Li-Ion,8611,0.0,0.0,0.0,0.0
8564,H2,8611,56.920998245126285,56.920998245126285,0.0,0.0
8565,Li-Ion,8612,0.0,0.0,0.0,0.0
8565,H2,8612,56.920998245126285,56.920998245126285,0.0,0.0
8566,Li-Ion,8613,0.0,0.0,0.0,0.0
8566,H2,8613,56.920998245126285,56.920998245126285,0.0,0.0
8567,Li-Ion,8614,0.0,0.0,0.0,0.0
8567,H2,8614,56.920998245126285,56.920998245126285,0.0,0.0
8568,Li-Ion,8615,0.0,4.412404559513875,0.0,0.0
8568,H2,8615,56.920998245126285,56.920998245126285,0.0,0.0
8569,Li-Ion,8616,0.0,9.770324381780721,0.0,0.0
8569,H2,8616,56.920998245126285,56.920998245126285,0.0,0.0
8570,Li-Ion,8617,0.0,15.128244204047569,0.0,0.0
8570,H2,8617,56.920998245126285,56.920998245126285,0.0,0.0
8571,Li-Ion,8618,0.0,20.486164026314416,0.0,0.0
8571,H2,8618,56.920998245126285,56.920998245126285,0.0,0.0
8572,Li-Ion,8619,0.0,0.0,0.0,0.0
8572,H2,8619,56.920998245126285,56.920998245126285,0.0,0.0
8573,Li-Ion,8620,0.0,0.0,0.0,0.0
8573,H2,8620,56.920998245126285,56.920998245126285,0.0,0.0
8574,Li-Ion,8621,0.0,0.0,0.0,0.0
8574,H2,8621,56.920998245126285,56.920998245126285,0.0,0.0
8575,Li-Ion,8622,0.0,0.0,0.0,0.0
8575,H2,8622,56.920998245126285,56.920998245126285,0.0,0.0
8576,Li-Ion,8623,0.0,0.0,0.0,0.0
8576,H2,8623,56.920998245126285,56.920998245126285,0.0,0.0
8577,Li-Ion,8624,0.0,0.0,0.0,0.0
8577,H2,8624,56.920998245126285,56.920998245126285,0.0,0.0
8578,Li-Ion,8625,0.0,0.0,0.0,0.0
8578,H2,8625,56.920998245126285,56.920998245126285,0.0,0.0
8579,Li-Ion,8626,0.0,0.0,0.0,0.0
8579,H2,8626,56.920998245126285,56.920998245126285,0.0,0.0
8580,Li-Ion,8627,0.0,0.0,0.0,0.0
8580,H2,8627,56.920998245126285,56.920998245126285,0.0,0.0
8581,Li-Ion,8628,0.0,0.0,0.0,0.0
8581,H2,8628,56.920998245126285,56.920998245126285,0.0,0.0
8582,Li-Ion,8629,0.0,0.0,0.0,0.0
8582,H2,8629,56.920998245126285,56.920998245126285,0.0,0.0
8583,Li-Ion,8630,0.0,0.0,0.0,0.0
8583,H2,8630,56.920998245126285,56.920998245126285,0.0,0.0
8584,Li-Ion,8631,0.0,0.0,0.0,0.0
8584,H2,8631,56.920998245126285,56.920998245126285,0.0,0.0
8585,Li-Ion,8632,0.0,0.0,0.0,0.0
8585,H2,8632,56.920998245126285,56.920998245126285,0.0,0.0
8586,Li-Ion,8633,0.0,0.0,0.0,0.0
8586,H2,8633,56.920998245126285,56.920998245126285,0.0,0.0
8587,Li-Ion,8634,0.0,0.0,0.0,0.0
8587,H2,8634,56.920998245126285,56.920998245126285,0.0,0.0
8588,Li-Ion,8635,0.0,0.0,0.0,0.0
8588,H2,8635,56.920998245126285,56.920998245126285,0.0,0.0
8589,Li-Ion,8636,0.0,0.0,0.0,0.0
8589,H2,8636,56.920998245126285,56.920998245126285,0.0,0.0
8590,Li-Ion,8637,0.0,0.0,0.0,0.0
8590,H2,8637,56.920998245126285,56.920998245126285,0.0,0.0
8591,Li-Ion,8638,0.0,0.0,0.0,0.0
8591,H2,8638,56.920998245126285,56.920998245126285,0.0,0.0
8592,Li-Ion,8639,0.0,0.0,0.0,0.0
8592,H2,8639,56.920998245126285,56.18660391418586,0.7343943309404253,734.3943309404253
8593,Li-Ion,8640,0.0,0.0,0.0,0.0
8593,H2,8640,56.920998245126285,51.68270978553866,5.238288459587622,5238.288459587622
8594,Li-Ion,8641,0.0,0.0,0.0,0.0
8594,H2,8641,56.920998245126285,44.93862915491893,11.982369090207357,11982.369090207356
8595,Li-Ion,8642,0.0,0.0,0.0,0.0
8595,H2,8642,56.920998245126285,32.80771102144565,24.113287223680636,24113.287223680636
8596,Li-Ion,8643,0.0,0.0,0.0,0.0
8596,H2,8643,56.920998245126285,26.103088800371754,30.81790944475453,30817.90944475453
8597,Li-Ion,8644,0.0,0.0,0.0,0.0
8597,H2,8644,56.920998245126285,15.15076931075319,41.770228934373094,41770.228934373095
8598,Li-Ion,8645,0.0,0.0,0.0,0.0
8598,H2,8645,56.920998245126285,15.46636329640622,41.45463494872006,41454.634948720064
8599,Li-Ion,8646,0.0,0.0,0.0,0.0
8599,H2,8646,56.920998245126285,19.764856863350886,37.1561413817754,37156.1413817754
8600,Li-Ion,8647,0.0,0.0,0.0,0.0
8600,H2,8647,56.920998245126285,29.515692765331252,27.405305479795032,27405.30547979503
8601,Li-Ion,8648,0.0,0.0,0.0,0.0
8601,H2,8648,56.920998245126285,32.710397203937084,24.2106010411892,24210.6010411892
8602,Li-Ion,8649,0.0,0.0,0.0,0.0
8602,H2,8649,56.920998245126285,38.48515409594611,18.435844149180177,18435.84414918018
8603,Li-Ion,8650,0.0,0.0,0.0,0.0
8603,H2,8650,56.920998245126285,47.95762805868055,8.963370186445736,8963.370186445736
8604,Li-Ion,8651,0.0,0.0,0.0,0.0
8604,H2,8651,56.920998245126285,55.807421957086426,1.1135762880398588,1113.5762880398588
8605,Li-Ion,8652,0.0,0.0,0.0,0.0
8605,H2,8652,56.920998245126285,56.920998245126285,0.0,0.0
8606,Li-Ion,8653,0.0,4.412404559513875,0.0,0.0
8606,H2,8653,56.920998245126285,56.920998245126285,0.0,0.0
8607,Li-Ion,8654,0.0,9.770324381780721,0.0,0.0
8607,H2,8654,56.920998245126285,57.59429069936176,0.0,0.0
8608,Li-Ion,8655,0.0,15.128244204047569,0.0,0.0
8608,H2,8655,56.920998245126285,70.91098345231812,0.0,0.0
8609,Li-Ion,8656,0.0,20.486164026314416,0.0,0.0
8609,H2,8656,56.920998245126285,84.23770309990506,0.0,0.0
8610,Li-Ion,8657,0.0,0.0,0.0,0.0
8610,H2,8657,56.920998245126285,94.60827884443147,0.0,0.0
8611,Li-Ion,8658,0.0,0.0,0.0,0.0
8611,H2,8658,56.920998245126285,108.26517964900412,0.0,0.0
8612,Li-Ion,8659,0.0,0.0,0.0,0.0
8612,H2,8659,56.920998245126285,117.94818768643549,0.0,0.0
8613,Li-Ion,8660,0.0,16.18128491498018,0.0,0.0
8613,H2,8660,56.920998245126285,71.10647499874969,0.0,0.0
8614,Li-Ion,8661,0.0,16.18128491498018,0.0,0.0
8614,H2,8661,56.920998245126285,75.83006400807298,0.0,0.0
8615,Li-Ion,8662,0.0,16.18128491498018,0.0,0.0
8615,H2,8662,56.920998245126285,80.42603614014254,0.0,0.0
8616,Li-Ion,8663,0.0,16.18128491498018,0.0,0.0
8616,H2,8663,56.920998245126285,88.08229488837367,0.0,0.0
8617,Li-Ion,8664,0.0,15.235769652227205,0.0,0.0
8617,H2,8664,56.920998245126285,101.49111111412597,0.0,0.0
8618,Li-Ion,8665,0.0,20.593689474494052,0.0,0.0
8618,H2,8665,56.920998245126285,114.56599081896451,0.0,0.0
8619,Li-Ion,8666,0.0,21.539204737247026,0.0,0.0
8619,H2,8666,56.920998245126285,124.29698958216656,0.0,0.0
8620,Li-Ion,8667,0.0,16.18128491498018,0.0,0.0
8620,H2,8667,56.920998245126285,131.8026682576868,0.0,0.0
8621,Li-Ion,8668,0.0,0.0,0.0,0.0
8621,H2,8668,56.920998245126285,128.51943532582894,0.0,0.0
8622,Li-Ion,8669,0.0,0.0,0.0,0.0
8622,H2,8669,56.920998245126285,127.13788736102305,0.0,0.0
8623,Li-Ion,8670,0.0,0.0,0.0,0.0
8623,H2,8670,56.920998245126285,126.20806221274472,0.0,0.0
8624,Li-Ion,8671,0.0,0.0,0.0,0.0
8624,H2,8671,56.920998245126285,126.6927203372114,0.0,0.0
8625,Li-Ion,8672,0.0,0.0,0.0,0.0
8625,H2,8672,56.920998245126285,125.4499898946415,0.0,0.0
8626,Li-Ion,8673,0.0,0.0,0.0,0.0
8626,H2,8673,56.920998245126285,122.16483244915429,0.0,0.0
8627,Li-Ion,8674,0.0,0.0,0.0,0.0
8627,H2,8674,56.920998245126285,118.96485411472139,0.0,0.0
8628,Li-Ion,8675,0.0,0.0,0.0,0.0
8628,H2,8675,56.920998245126285,116.57278080146364,0.0,0.0
8629,Li-Ion,8676,0.0,0.0,0.0,0.0
8629,H2,8676,56.920998245126285,108.50417771686415,0.0,0.0
8630,Li-Ion,8677,0.0,0.0,0.0,0.0
8630,H2,8677,56.920998245126285,102.74996852262785,0.0,0.0
8631,Li-Ion,8678,0.0,0.0,0.0,0.0
8631,H2,8678,56.920998245126285,97.22328115417284,0.0,0.0
8632,Li-Ion,8679,0.0,0.0,0.0,0.0
8632,H2,8679,56.920998245126285,90.598035640078,0.0,0.0
8633,Li-Ion,8680,0.0,0.0,0.0,0.0
8633,H2,8680,56.920998245126285,79.09262261246357,0.0,0.0
8634,Li-Ion,8681,0.0,0.0,0.0,0.0
8634,H2,8681,56.920998245126285,74.19416369254424,0.0,0.0
8635,Li-Ion,8682,0.0,0.0,0.0,0.0
8635,H2,8682,56.920998245126285,69.50665669170417,0.0,0.0
8636,Li-Ion,8683,0.0,0.0,0.0,0.0
8636,H2,8683,56.920998245126285,109.4993799073359,0.0,0.0
8637,Li-Ion,8684,0.0,0.0,0.0,0.0
8637,H2,8684,56.920998245126285,99.10557019016503,0.0,0.0
8638,Li-Ion,8685,0.0,0.0,0.0,0.0
8638,H2,8685,56.920998245126285,94.8057706591915,0.0,0.0
8639,Li-Ion,8686,0.0,0.0,0.0,0.0
8639,H2,8686,56.920998245126285,87.67142630694528,0.0,0.0
8640,Li-Ion,8687,0.0,0.0,0.0,0.0
8640,H2,8687,56.920998245126285,87.67142630694528,0.0,0.0
8641,Li-Ion,8688,0.0,0.0,0.0,0.0
8641,H2,8688,56.920998245126285,74.51141690352388,0.0,0.0
8642,Li-Ion,8689,0.0,0.0,0.0,0.0
8642,H2,8689,56.920998245126285,65.36233068812793,0.0,0.0
8643,Li-Ion,8690,0.0,0.0,0.0,0.0
8643,H2,8690,56.920998245126285,56.920998245126185,0.0,0.0
8644,Li-Ion,8691,0.0,0.0,0.0,0.0
8644,H2,8691,56.920998245126285,56.92099824512623,0.0,0.0
8645,Li-Ion,8692,0.0,0.0,0.0,0.0
8645,H2,8692,56.920998245126285,56.92099824512623,0.0,0.0
8646,Li-Ion,8693,0.0,0.0,0.0,0.0
8646,H2,8693,56.920998245126285,51.976130087009494,4.944868158116728,4944.868158116728
8647,Li-Ion,8694,0.0,0.0,0.0,0.0
8647,H2,8694,56.920998245126285,47.87645723004348,9.044541015082766,9044.541015082767
8648,Li-Ion,8695,0.0,0.0,0.0,0.0
8648,H2,8695,56.920998245126285,46.48349923207711,10.43749901304914,10437.499013049139
8649,Li-Ion,8696,0.0,0.0,0.0,0.0
8649,H2,8696,56.920998245126285,44.238519382471445,12.682478862654781,12682.478862654782
8650,Li-Ion,8697,0.0,0.0,0.0,0.0
8650,H2,8697,56.920998245126285,45.817792338486235,11.103205906639971,11103.20590663997
8651,Li-Ion,8698,0.0,0.0,0.0,0.0
8651,H2,8698,56.920998245126285,48.11500435390234,8.805993891223848,8805.993891223847
8652,Li-Ion,8699,0.0,0.0,0.0,0.0
8652,H2,8699,56.920998245126285,48.1238553919856,8.797142853140583,8797.142853140584
8653,Li-Ion,8700,0.0,0.0,0.0,0.0
8653,H2,8700,56.920998245126285,62.4579187224644,0.0,0.0
8654,Li-Ion,8701,0.0,0.0,0.0,0.0
8654,H2,8701,56.920998245126285,69.71945063321786,0.0,0.0
8655,Li-Ion,8702,0.0,0.0,0.0,0.0
8655,H2,8702,56.920998245126285,72.65608885685765,0.0,0.0
8656,Li-Ion,8703,0.0,0.0,0.0,0.0
8656,H2,8703,56.920998245126285,81.6861434784621,0.0,0.0
8657,Li-Ion,8704,0.0,0.0,0.0,0.0
8657,H2,8704,56.920998245126285,90.71720568896819,0.0,0.0
8658,Li-Ion,8705,0.0,0.0,0.0,0.0
8658,H2,8705,56.920998245126285,92.57599457206928,0.0,0.0
8659,Li-Ion,8706,0.0,0.0,0.0,0.0
8659,H2,8706,56.920998245126285,96.00567496768679,0.0,0.0
8660,Li-Ion,8707,0.0,0.0,0.0,0.0
8660,H2,8707,56.920998245126285,72.93974597459061,0.0,0.0
8661,Li-Ion,8708,0.0,0.0,0.0,0.0
8661,H2,8708,56.920998245126285,79.26835210100231,0.0,0.0
8662,Li-Ion,8709,0.0,0.0,0.0,0.0
8662,H2,8709,56.920998245126285,84.33561744643274,0.0,0.0
8663,Li-Ion,8710,0.0,0.0,0.0,0.0
8663,H2,8710,56.920998245126285,89.1725804344284,0.0,0.0
8664,Li-Ion,8711,0.0,0.0,0.0,0.0
8664,H2,8711,56.920998245126285,96.80953031526656,0.0,0.0
8665,Li-Ion,8712,0.0,0.0,0.0,0.0
8665,H2,8712,56.920998245126285,100.50057471576977,0.0,0.0
8666,Li-Ion,8713,0.0,0.0,0.0,0.0
8666,H2,8713,56.920998245126285,103.45069172220565,0.0,0.0
8667,Li-Ion,8714,0.0,0.0,0.0,0.0
8667,H2,8714,56.920998245126285,104.13366275641073,0.0,0.0
8668,Li-Ion,8715,0.0,0.0,0.0,0.0
8668,H2,8715,56.920998245126285,101.94874086280936,0.0,0.0
8669,Li-Ion,8716,0.0,0.0,0.0,0.0
8669,H2,8716,56.920998245126285,102.85744939524326,0.0,0.0
8670,Li-Ion,8717,0.0,0.0,0.0,0.0
8670,H2,8717,56.920998245126285,103.23493015289323,0.0,0.0
8671,Li-Ion,8718,0.0,0.0,0.0,0.0
8671,H2,8718,56.920998245126285,102.95452065193868,0.0,0.0
8672,Li-Ion,8719,0.0,0.0,0.0,0.0
8672,H2,8719,56.920998245126285,102.30387683965208,0.0,0.0
8673,Li-Ion,8720,0.0,0.0,0.0,0.0
8673,H2,8720,56.920998245126285,98.72625963104286,0.0,0.0
8674,Li-Ion,8721,0.0,0.0,0.0,0.0
8674,H2,8721,56.920998245126285,91.82703228325633,0.0,0.0
8675,Li-Ion,8722,0.0,0.0,0.0,0.0
8675,H2,8722,56.920998245126285,86.84874147758532,0.0,0.0
8676,Li-Ion,8723,0.0,0.0,0.0,0.0
8676,H2,8723,56.920998245126285,82.27316325810352,0.0,0.0
8677,Li-Ion,8724,0.0,0.0,0.0,0.0
8677,H2,8724,56.920998245126285,81.09452661760696,0.0,0.0
8678,Li-Ion,8725,0.0,0.0,0.0,0.0
8678,H2,8725,56.920998245126285,82.54509797936412,0.0,0.0
8679,Li-Ion,8726,0.0,4.412404559513875,0.0,0.0
8679,H2,8726,56.920998245126285,80.94675700261354,0.0,0.0
8680,Li-Ion,8727,0.0,0.0,0.0,0.0
8680,H2,8727,56.920998245126285,74.30876570727429,0.0,0.0
8681,Li-Ion,8728,0.0,0.0,0.0,0.0
8681,H2,8728,56.920998245126285,69.4918262614228,0.0,0.0
8682,Li-Ion,8729,0.0,0.0,0.0,0.0
8682,H2,8729,56.920998245126285,64.88433711411489,0.0,0.0
8683,Li-Ion,8730,0.0,0.0,0.0,0.0
8683,H2,8730,56.920998245126285,90.58890719053453,0.0,0.0
8684,Li-Ion,8731,0.0,0.0,0.0,0.0
8684,H2,8731,56.920998245126285,82.30173444809476,0.0,0.0
8685,Li-Ion,8732,0.0,0.0,0.0,0.0
8685,H2,8732,56.920998245126285,72.69823812458077,0.0,0.0
8686,Li-Ion,8733,0.0,0.0,0.0,0.0
8686,H2,8733,56.920998245126285,67.59825901675592,0.0,0.0
8687,Li-Ion,8734,0.0,0.0,0.0,0.0
8687,H2,8734,56.920998245126285,63.07256534340593,0.0,0.0
8688,Li-Ion,8735,0.0,0.0,0.0,0.0
8688,H2,8735,56.920998245126285,65.53966207290591,0.0,0.0
8689,Li-Ion,8736,0.0,0.0,0.0,0.0
8689,H2,8736,56.920998245126285,65.25394002008295,0.0,0.0
8690,Li-Ion,8737,0.0,0.0,0.0,0.0
8690,H2,8737,56.920998245126285,66.30331375200421,0.0,0.0
8691,Li-Ion,8738,0.0,0.0,0.0,0.0
8691,H2,8738,56.920998245126285,69.32676177956981,0.0,0.0
8692,Li-Ion,8739,0.0,0.0,0.0,0.0
8692,H2,8739,56.920998245126285,69.13741313049927,0.0,0.0
8693,Li-Ion,8740,0.0,0.0,0.0,0.0
8693,H2,8740,56.920998245126285,73.26174634392883,0.0,0.0
8694,Li-Ion,8741,0.0,0.0,0.0,0.0
8694,H2,8741,56.920998245126285,81.49971244578578,0.0,0.0
8695,Li-Ion,8742,0.0,4.412404559513875,0.0,0.0
8695,H2,8742,56.920998245126285,88.01164394263861,0.0,0.0
8696,Li-Ion,8743,0.0,0.0,0.0,0.0
8696,H2,8743,56.920998245126285,90.0928846257709,0.0,0.0
8697,Li-Ion,8744,0.0,0.0,0.0,0.0
8697,H2,8744,56.920998245126285,96.40301629636038,0.0,0.0
8698,Li-Ion,8745,0.0,0.0,0.0,0.0
8698,H2,8745,56.920998245126285,95.99390806102433,0.0,0.0
8699,Li-Ion,8746,0.0,0.0,0.0,0.0
8699,H2,8746,56.920998245126285,91.25939338238514,0.0,0.0
8700,Li-Ion,8747,0.0,0.0,0.0,0.0
8700,H2,8747,56.920998245126285,95.54603151373703,0.0,0.0
8701,Li-Ion,8748,0.0,4.412404559513875,0.0,0.0
8701,H2,8748,56.920998245126285,99.83266964508891,0.0,0.0
8702,Li-Ion,8749,0.0,9.770324381780721,0.0,0.0
8702,H2,8749,56.920998245126285,111.04798462097612,0.0,0.0
8703,Li-Ion,8750,0.0,21.539204737247026,0.0,0.0
8703,H2,8750,56.920998245126285,73.54825524815462,0.0,0.0
8704,Li-Ion,8751,0.0,21.539204737247026,0.0,0.0
8704,H2,8751,56.920998245126285,79.91015702002262,0.0,0.0
8705,Li-Ion,8752,0.0,16.18128491498018,0.0,0.0
8705,H2,8752,56.920998245126285,77.83729666289288,0.0,0.0
8706,Li-Ion,8753,0.0,0.0,0.0,0.0
8706,H2,8753,56.920998245126285,69.86703343265047,0.0,0.0
8707,Li-Ion,8754,0.0,0.0,0.0,0.0
8707,H2,8754,56.920998245126285,121.67245895100768,0.0,0.0
8708,Li-Ion,8755,0.0,0.0,0.0,0.0
8708,H2,8755,56.920998245126285,56.920998245126285,0.0,0.0
8709,Li-Ion,8756,0.0,0.0,0.0,0.0
8709,H2,8756,56.920998245126285,56.920998245126285,0.0,0.0
8710,Li-Ion,8757,0.0,0.0,0.0,0.0
8710,H2,8757,56.920998245126285,56.920998245126285,0.0,0.0
8711,Li-Ion,8758,0.0,0.0,0.0,0.0
8711,H2,8758,56.920998245126285,56.920998245126285,0.0,0.0
8712,Li-Ion,8759,0.0,0.0,0.0,0.0
8712,H2,8759,56.920998245126285,56.920998245126285,0.0,0.0
8713,Li-Ion,8760,0.0,0.0,0.0,0.0
8713,H2,8760,56.920998245126285,56.920998245126285,0.0,0.0
8714,Li-Ion,8760,0.0,0.0,0.0,0.0
8714,H2,8760,56.920998245126285,56.920998245126285,0.0,0.0
8715,Li-Ion,8760,0.0,0.0,0.0,0.0
8715,H2,8760,56.920998245126285,56.920998245126285,0.0,0.0
8716,Li-Ion,8760,0.0,0.0,0.0,0.0
8716,H2,8760,56.920998245126285,56.920998245126285,0.0,0.0
8717,Li-Ion,8760,0.0,0.0,0.0,0.0
8717,H2,8760,56.920998245126285,56.920998245126285,0.0,0.0
8718,Li-Ion,8760,0.0,0.0,0.0,0.0
8718,H2,8760,56.920998245126285,56.920998245126285,0.0,0.0
8719,Li-Ion,8760,0.0,0.0,0.0,0.0
8719,H2,8760,56.920998245126285,56.920998245126285,0.0,0.0
8720,Li-Ion,8760,0.0,0.0,0.0,0.0
8720,H2,8760,56.920998245126285,56.920998245126285,0.0,0.0
8721,Li-Ion,8760,0.0,0.0,0.0,0.0
8721,H2,8760,56.920998245126285,56.920998245126285,0.0,0.0
8722,Li-Ion,8760,0.0,0.0,0.0,0.0
8722,H2,8760,56.920998245126285,56.920998245126285,0.0,0.0
8723,Li-Ion,8760,0.0,0.0,0.0,0.0
8723,H2,8760,56.920998245126285,56.920998245126285,0.0,0.0
8724,Li-Ion,8760,0.0,0.0,0.0,0.0
8724,H2,8760,56.920998245126285,56.920998245126285,0.0,0.0
8725,Li-Ion,8760,0.0,0.0,0.0,0.0
8725,H2,8760,56.920998245126285,56.920998245126285,0.0,0.0
8726,Li-Ion,8760,0.0,0.0,0.0,0.0
8726,H2,8760,56.920998245126285,56.92099824512628,0.0,0.0
8727,Li-Ion,8760,0.0,0.0,0.0,0.0
8727,H2,8760,56.920998245126285,56.920998245126285,0.0,0.0
8728,Li-Ion,8760,0.0,0.0,0.0,0.0
8728,H2,8760,56.920998245126285,52.45446508015357,4.466533164972656,4466.533164972656
8729,Li-Ion,8760,0.0,0.0,0.0,0.0
8729,H2,8760,56.920998245126285,38.77640822696182,18.144590018164404,18144.590018164403
8730,Li-Ion,8760,0.0,0.0,0.0,0.0
8730,H2,8760,56.920998245126285,37.635779702768836,19.285218542357388,19285.218542357386
8731,Li-Ion,8760,0.0,0.0,0.0,0.0
8731,H2,8760,56.920998245126285,34.8462565665983,22.07474167852792,22074.74167852792
8732,Li-Ion,8760,0.0,0.0,0.0,0.0
8732,H2,8760,56.920998245126285,30.541684934900907,26.379313310225324,26379.313310225323
8733,Li-Ion,8760,0.0,0.0,0.0,0.0
8733,H2,8760,56.920998245126285,29.093322954012258,27.82767529111397,27827.67529111397
8734,Li-Ion,8760,0.0,0.0,0.0,0.0
8734,H2,8760,56.920998245126285,27.443835067021958,29.47716317810427,29477.16317810427
8735,Li-Ion,8760,0.0,0.0,0.0,0.0
8735,H2,8760,56.920998245126285,26.69646813236229,30.224530112763933,30224.530112763932
8736,Li-Ion,8760,0.0,0.0,0.0,0.0
8736,H2,8760,56.920998245126285,24.253092772103226,32.66790547302306,32667.90547302306
8737,Li-Ion,8760,0.0,0.0,0.0,0.0
8737,H2,8760,56.920998245126285,23.156129877913486,33.7648683672128,33764.868367212795
8738,Li-Ion,8760,0.0,0.0,0.0,0.0
8738,H2,8760,56.920998245126285,31.735954287170784,25.1850439579555,25185.0439579555
8739,Li-Ion,8760,0.0,0.0,0.0,0.0
8739,H2,8760,56.920998245126285,38.87570085284426,18.045297392282023,18045.297392282024
8740,Li-Ion,8760,0.0,0.0,0.0,0.0
8740,H2,8760,56.920998245126285,47.90575547444848,9.015242770677801,9015.242770677802
8741,Li-Ion,8760,0.0,0.0,0.0,0.0
8741,H2,8760,56.920998245126285,56.93581009605293,0.0,0.0
8742,Li-Ion,8760,0.0,0.0,0.0,0.0
8742,H2,8760,56.920998245126285,65.96586471765738,0.0,0.0
8743,Li-Ion,8760,0.0,5.021419133635587,0.0,0.0
8743,H2,8760,56.920998245126285,74.9959193392616,0.0,0.0
8744,Li-Ion,8760,0.0,5.021419133635587,0.0,0.0
8744,H2,8760,56.920998245126285,84.02597396086583,0.0,0.0
8745,Li-Ion,8760,0.0,9.430556478905093,0.0,0.0
8745,H2,8760,56.920998245126285,93.05602858247028,0.0,0.0
8746,Li-Ion,8760,0.0,9.430556478905093,0.0,0.0
8746,H2,8760,56.920998245126285,102.08608320407473,0.0,0.0
8747,Li-Ion,8760,0.0,14.78847630117194,0.0,0.0
8747,H2,8760,56.920998245126285,111.11613782567896,0.0,0.0
8748,Li-Ion,8760,0.0,14.78847630117194,0.0,0.0
8748,H2,8760,56.920998245126285,120.14619244728318,0.0,0.0
8749,Li-Ion,8760,0.0,20.146396123438787,0.0,0.0
8749,H2,8760,56.920998245126285,129.17624706888762,0.0,0.0
8750,Li-Ion,8760,0.0,22.48472,0.0,0.0
8750,H2,8760,56.920998245126285,138.20630169049207,0.0,0.0
8751,Li-Ion,8760,0.0,22.48472,0.0,0.0
8751,H2,8760,56.920998245126285,147.2363563120963,0.0,0.0
8752,Li-Ion,8760,0.0,22.48472,0.0,0.0
8752,H2,8760,56.920998245126285,156.2664109337005,0.0,0.0
8753,Li-Ion,8760,0.0,17.964507510863992,0.0,0.0
8753,H2,8760,56.920998245126285,161.00982742395297,0.0,0.0
8754,Li-Ion,8760,0.0,13.774011303000272,0.0,0.0
8754,H2,8760,56.920998245126285,165.75324391420543,0.0,0.0
8755,Li-Ion,8760,0.0,12.053892485829152,0.0,0.0
8755,H2,8760,56.920998245126285,170.49666040445788,0.0,0.0
8756,Li-Ion,8760,0.0,10.586971263573458,0.0,0.0
8756,H2,8760,56.920998245126285,175.24007689471034,0.0,0.0
8757,Li-Ion,8760,0.0,9.604904367392802,0.0,0.0
8757,H2,8760,56.920998245126285,179.9834933849628,0.0,0.0
8758,Li-Ion,8760,0.0,9.346780411072906,0.0,0.0
8758,H2,8760,56.920998245126285,184.72690987521537,0.0,0.0
8759,Li-Ion,8760,0.0,10.75761085320321,0.0,0.0
8759,H2,8760,56.920998245126285,189.47032636546783,0.0,0.0
8760,Li-Ion,8760,0.0,10.75761085320321,0.0,0.0
8760,H2,8760,56.920998245126285,195.91696917014883,0.0,0.0
