"Scenario","Hour","Solar PV Generation (MW)","Solar PV Curtailment (MW)","Wind Generation (MW)","Wind Curtailment (MW)","Gas CC Generation (MW)","Diesel Generation (MW)","Power from Storage and Gas CC to Storage (MW)","Imports (MW)","Exports (MW)","Hydropower (MW)"
"1","1",0.00000,0.00000,202.11549,0.00000,0.00000,0.00000,0.00000,0.00000,0.00000,0.00000
"1","2",0.00000,0.00000,222.34068,0.00000,0.00000,0.00000,0.00000,0.00000,0.00000,0.00000
"1","3",0.00000,0.00000,142.36542,0.00000,0.00000,0.00000,0.00000,0.00000,0.00000,0.00000
"1","4",0.00000,0.00000,32.90765,0.00000,0.00000,0.00000,0.00000,55.79235,0.00000,0.00000
"1","5",0.00000,0.00000,33.15643,0.00000,0.00000,0.00000,0.00000,54.64357,0.00000,0.00000
"1","6",0.00000,0.00000,11.96225,0.00000,0.00000,0.00000,0.00000,76.53775,0.00000,0.00000
"1","7",0.00000,0.00000,14.46086,0.00000,0.00000,0.00000,0.00000,75.93914,0.00000,0.00000
"1","8",0.00000,0.00000,0.00000,0.00000,0.00000,0.00000,0.00000,79.56897,0.00000,0.00000
"1","9",0.00000,0.00000,24.35745,0.00000,0.00000,0.00000,0.00000,73.44255,0.00000,0.00000
"1","10",0.00000,0.00000,20.38012,0.00000,0.00000,0.00000,0.00000,79.56897,0.00000,0.00000
"1","11",0.00000,0.00000,0.00000,0.00000,0.00000,0.00000,0.00000,79.56897,0.00000,0.00000
"1","12",36.22003,0.00000,3.84199,0.00000,0.00000,0.00000,0.00000,67.43798,0.00000,0.00000
"1","13",7.29070,0.00000,0.00000,0.00000,0.00000,0.00000,0.00000,79.56897,0.00000,0.00000
"1","14",13.08659,0.00000,2.33884,0.00000,0.00000,0.00000,0.00000,79.56897,0.00000,0.00000
"1","15",7.90301,0.00000,22.49098,0.00000,0.00000,0.00000,0.00000,79.56897,0.00000,0.00000
"1","16",2.51621,0.00000,10.13613,0.00000,0.00000,0.00000,0.00000,79.56897,0.00000,0.00000
"1","17",0.00000,0.00000,2.36232,0.00000,0.00000,0.00000,0.00000,79.56897,0.00000,0.00000
"1","18",0.00000,0.00000,0.75651,0.00000,0.00000,0.00000,0.00000,79.56897,0.00000,0.00000
"1","19",0.00000,0.00000,0.00000,0.00000,0.00000,0.00000,0.00000,79.56897,0.00000,0.00000
"1","20",0.00000,0.00000,0.00000,0.00000,0.00000,0.00000,0.00000,79.56897,0.00000,0.00000
"1","21",0.00000,0.00000,0.00000,0.00000,0.00000,0.00000,0.00000,79.56897,0.00000,0.00000
"1","22",0.00000,0.00000,0.00000,0.00000,0.00000,0.00000,0.00000,79.56897,0.00000,0.00000
"1","23",0.00000,0.00000,0.00000,0.00000,0.00000,0.00000,0.00000,79.56897,0.00000,0.00000
"1","24",0.00000,0.00000,0.00000,0.00000,0.00000,0.00000,0.00000,79.56897,0.00000,0.00000
"1","25",0.00000,0.00000,0.00000,0.00000,0.00000,0.00000,0.00000,79.56897,0.00000,0.00000
"1","26",0.00000,0.00000,0.00000,0.00000,0.00000,0.00000,0.00000,79.56897,0.00000,0.00000
"1","27",0.00000,0.00000,0.00000,0.00000,0.00000,0.00000,0.00000,79.56897,0.00000,0.00000
"1","28",0.00000,0.00000,0.00000,0.00000,0.00000,0.00000,0.00000,79.56897,0.00000,0.00000
"1","29",0.00000,0.00000,23.69252,0.00000,0.00000,0.00000,0.00000,62.30748,0.00000,0.00000
"1","30",0.00000,0.00000,50.94557,0.00000,0.00000,0.00000,0.00000,37.35443,0.00000,0.00000
"1","31",0.00000,0.00000,55.03114,0.00000,0.00000,0.00000,0.00000,36.86886,0.00000,0.00000
"1","32",0.00000,0.00000,37.32045,0.00000,0.00000,0.00000,0.00000,59.07955,0.00000,0.00000
"1","33",0.00000,0.00000,17.75571,0.00000,0.00000,0.00000,0.00000,79.56897,0.00000,0.00000
"1","34",0.00000,0.00000,12.98597,0.00000,0.00000,0.00000,0.00000,79.56897,0.00000,0.00000
"1","35",0.00000,0.00000,46.30602,0.00000,0.00000,0.00000,0.00000,63.59398,0.00000,0.00000
"1","36",2.81318,0.00000,2.77804,0.00000,0.00000,0.00000,0.00000,79.56897,0.00000,0.00000
"1","37",101.03017,0.00000,0.00000,0.00000,0.00000,0.00000,0.00000,11.96983,0.00000,0.00000
"1","38",112.72441,0.00000,0.00000,0.00000,0.00000,0.00000,0.00000,0.37559,0.00000,0.00000
"1","39",63.74531,0.00000,0.68886,0.00000,0.00000,0.00000,0.00000,49.06583,0.00000,0.00000
"1","40",3.44843,0.00000,4.43989,0.00000,0.00000,0.00000,0.00000,79.56897,0.00000,0.00000
"1","41",0.00000,0.00000,7.87073,0.00000,0.00000,0.00000,0.00000,79.56897,0.00000,0.00000
"1","42",0.00000,0.00000,55.30757,0.00000,0.00000,0.00000,0.00000,68.39243,0.00000,0.00000
"1","43",0.00000,0.00000,129.93726,0.00000,0.00000,0.00000,0.00000,0.00000,0.00000,0.00000
"1","44",0.00000,0.00000,65.40616,0.00000,0.00000,0.00000,0.00000,52.19384,0.00000,0.00000
"1","45",0.00000,0.00000,67.18521,0.00000,0.00000,0.00000,0.00000,46.11479,0.00000,0.00000
"1","46",0.00000,0.00000,54.51181,0.00000,0.00000,0.00000,0.00000,52.88819,0.00000,0.00000
"1","47",0.00000,0.00000,85.90870,0.00000,0.00000,0.00000,0.00000,14.79130,0.00000,0.00000
"1","48",0.00000,0.00000,10.39033,0.00000,0.00000,0.00000,0.00000,79.56897,0.00000,0.00000
"1","49",0.00000,0.00000,0.00000,0.00000,0.00000,0.00000,0.00000,79.56897,0.00000,0.00000
"1","50",0.00000,0.00000,25.56860,0.00000,0.00000,0.00000,0.00000,60.53140,0.00000,0.00000
"1","51",0.00000,0.00000,102.48566,0.00000,0.00000,0.00000,0.00000,0.00000,0.00000,0.00000
"1","52",0.00000,0.00000,139.56096,0.00000,0.00000,0.00000,0.00000,0.00000,0.00000,0.00000
"1","53",0.00000,0.00000,161.10293,0.00000,0.00000,0.00000,0.00000,0.00000,0.00000,0.00000
"1","54",0.00000,0.00000,33.43128,0.00000,0.00000,0.00000,0.00000,56.66872,0.00000,0.00000
"1","55",0.00000,0.00000,117.81448,0.00000,0.00000,0.00000,0.00000,0.00000,0.00000,0.00000
"1","56",0.00000,0.00000,57.87006,0.00000,0.00000,0.00000,0.00000,44.42994,0.00000,0.00000
"1","57",0.00000,0.00000,44.90351,0.00000,0.00000,0.00000,0.00000,63.59649,0.00000,0.00000
"1","58",0.00000,0.00000,72.26565,0.00000,0.00000,0.00000,0.00000,41.13435,0.00000,0.00000
"1","59",0.00000,0.00000,29.04658,0.00000,0.00000,0.00000,0.00000,79.56897,0.00000,0.00000
"1","60",49.66848,0.00000,36.03542,0.00000,0.00000,0.00000,0.00000,29.39610,0.00000,0.00000
"1","61",112.93098,0.00000,0.00000,0.00000,0.00000,0.00000,0.00000,2.36902,0.00000,0.00000
"1","62",126.45873,0.00000,22.90170,0.00000,0.00000,0.00000,0.00000,0.00000,0.00000,0.00000
"1","63",72.00912,0.00000,92.62260,0.00000,0.00000,0.00000,0.00000,0.00000,0.00000,0.00000
"1","64",35.48866,0.00000,134.36855,0.00000,0.00000,0.00000,0.00000,0.00000,0.00000,0.00000
"1","65",0.00000,0.00000,109.91006,0.00000,0.00000,0.00000,0.00000,13.28994,0.00000,0.00000
"1","66",0.00000,0.00000,123.54387,0.00000,0.00000,0.00000,0.00000,2.65613,0.00000,0.00000
"1","67",0.00000,0.00000,82.69072,0.00000,0.00000,0.00000,0.00000,42.20928,0.00000,0.00000
"1","68",0.00000,0.00000,70.24528,0.00000,0.00000,0.00000,0.00000,51.15472,0.00000,0.00000
"1","69",0.00000,0.00000,46.86991,0.00000,0.00000,0.00000,0.00000,69.93009,0.00000,0.00000
"1","70",0.00000,0.00000,54.46091,0.00000,0.00000,0.00000,0.00000,56.43909,0.00000,0.00000
"1","71",0.00000,0.00000,67.28392,0.00000,0.00000,0.00000,0.00000,36.01608,0.00000,0.00000
"1","72",0.00000,0.00000,77.84525,0.00000,0.00000,0.00000,0.00000,18.45475,0.00000,0.00000
"1","73",0.00000,0.00000,64.35731,0.00000,0.00000,0.00000,0.00000,27.34269,0.00000,0.00000
"1","74",0.00000,0.00000,33.14700,0.00000,0.00000,0.00000,0.00000,55.35300,0.00000,0.00000
"1","75",0.00000,0.00000,33.36702,0.00000,0.00000,0.00000,0.00000,53.73298,0.00000,0.00000
"1","76",0.00000,0.00000,35.62768,0.00000,0.00000,0.00000,0.00000,50.97232,0.00000,0.00000
"1","77",0.00000,0.00000,34.42997,0.00000,0.00000,0.00000,0.00000,53.47003,0.00000,0.00000
"1","78",0.00000,0.00000,27.73970,0.00000,0.00000,0.00000,0.00000,63.96030,0.00000,0.00000
"1","79",0.00000,0.00000,38.76956,0.00000,0.00000,0.00000,0.00000,58.63044,0.00000,0.00000
"1","80",0.00000,0.00000,68.05559,0.00000,0.00000,0.00000,0.00000,35.54441,0.00000,0.00000
"1","81",0.00000,0.00000,77.15268,0.00000,0.00000,0.00000,0.00000,32.34732,0.00000,0.00000
"1","82",0.00000,0.00000,72.92796,0.00000,0.00000,0.00000,0.00000,40.57204,0.00000,0.00000
"1","83",0.00000,0.00000,88.61585,0.00000,0.00000,0.00000,0.00000,24.68415,0.00000,0.00000
"1","84",54.94064,0.00000,90.50763,0.00000,0.00000,0.00000,0.00000,0.00000,0.00000,0.00000
"1","85",122.90977,0.00000,46.42229,0.00000,0.00000,0.00000,0.00000,0.00000,0.00000,0.00000
"1","86",132.40575,0.00000,33.60703,0.00000,0.00000,0.00000,0.00000,0.00000,0.00000,0.00000
"1","87",13.49915,0.00000,26.69562,0.00000,0.00000,0.00000,0.00000,74.20523,0.00000,0.00000
"1","88",4.05599,0.00000,31.82723,0.00000,0.00000,0.00000,0.00000,79.56897,0.00000,0.00000
"1","89",0.00000,0.00000,20.36975,0.00000,0.00000,0.00000,0.00000,79.56897,0.00000,0.00000
"1","90",0.00000,0.00000,14.90838,0.00000,0.00000,0.00000,0.00000,79.56897,0.00000,0.00000
"1","91",0.00000,0.00000,51.12693,0.00000,0.00000,0.00000,0.00000,71.37307,0.00000,0.00000
"1","92",0.00000,0.00000,47.41212,0.00000,0.00000,0.00000,0.00000,71.28788,0.00000,0.00000
"1","93",0.00000,0.00000,46.84684,0.00000,0.00000,0.00000,0.00000,67.75316,0.00000,0.00000
"1","94",0.00000,0.00000,58.93227,0.00000,0.00000,0.00000,0.00000,50.26773,0.00000,0.00000
"1","95",0.00000,0.00000,42.13351,0.00000,0.00000,0.00000,0.00000,59.96649,0.00000,0.00000
"1","96",0.00000,0.00000,35.55624,0.00000,0.00000,0.00000,0.00000,59.94376,0.00000,0.00000
"1","97",0.00000,0.00000,47.26064,0.00000,0.00000,0.00000,0.00000,42.93936,0.00000,0.00000
"1","98",0.00000,0.00000,63.26485,0.00000,0.00000,0.00000,0.00000,24.03515,0.00000,0.00000
"1","99",0.00000,0.00000,67.00824,0.00000,0.00000,0.00000,0.00000,18.79176,0.00000,0.00000
"1","100",0.00000,0.00000,60.29770,0.00000,0.00000,0.00000,0.00000,25.20230,0.00000,0.00000
"1","101",0.00000,0.00000,58.72242,0.00000,0.00000,0.00000,0.00000,28.27758,0.00000,0.00000
"1","102",0.00000,0.00000,74.72466,0.00000,0.00000,0.00000,0.00000,15.97534,0.00000,0.00000
"1","103",0.00000,0.00000,39.93804,0.00000,0.00000,0.00000,0.00000,56.76196,0.00000,0.00000
"1","104",0.00000,0.00000,12.53155,0.00000,0.00000,0.00000,0.00000,79.56897,0.00000,0.00000
"1","105",0.00000,0.00000,1.35239,0.00000,0.00000,0.00000,0.00000,79.56897,0.00000,0.00000
"1","106",0.00000,0.00000,0.00000,0.00000,0.00000,0.00000,0.00000,79.56897,0.00000,0.00000
"1","107",0.00000,0.00000,0.00000,0.00000,0.00000,0.00000,0.00000,79.56897,0.00000,0.00000
"1","108",58.41752,0.00000,0.00000,0.00000,0.00000,0.00000,0.00000,57.08248,0.00000,0.00000
"1","109",127.80216,0.00000,0.00000,0.00000,0.00000,0.00000,0.00000,0.00000,0.00000,0.00000
"1","110",139.08762,0.00000,0.00000,0.00000,0.00000,0.00000,0.00000,0.00000,0.00000,0.00000
"1","111",90.06449,0.00000,0.00000,0.00000,0.00000,0.00000,0.00000,24.73551,0.00000,0.00000
"1","112",43.38166,0.00000,0.00000,0.00000,0.00000,0.00000,0.00000,73.91834,0.00000,0.00000
"1","113",0.00000,0.00000,0.00000,0.00000,0.00000,0.00000,0.00000,79.56897,0.00000,0.00000
"1","114",0.00000,0.00000,0.00000,0.00000,0.00000,0.00000,0.00000,79.56897,0.00000,0.00000
"1","115",0.00000,0.00000,0.00000,0.00000,0.00000,0.00000,0.00000,79.56897,0.00000,0.00000
"1","116",0.00000,0.00000,1.81187,0.00000,0.00000,0.00000,0.00000,79.56897,0.00000,0.00000
"1","117",0.00000,0.00000,5.50965,0.00000,0.00000,0.00000,0.00000,79.56897,0.00000,0.00000
"1","118",0.00000,0.00000,0.00000,0.00000,0.00000,0.00000,0.00000,79.56897,0.00000,0.00000
"1","119",0.00000,0.00000,0.10700,0.00000,0.00000,0.00000,0.00000,79.56897,0.00000,0.00000
"1","120",0.00000,0.00000,2.47066,0.00000,0.00000,0.00000,0.00000,79.56897,0.00000,0.00000
"1","121",0.00000,0.00000,0.00000,0.00000,0.00000,0.00000,0.00000,79.56897,0.00000,0.00000
"1","122",0.00000,0.00000,1.34680,0.00000,0.00000,0.00000,0.00000,79.56897,0.00000,0.00000
"1","123",0.00000,0.00000,25.14294,0.00000,0.00000,0.00000,0.00000,67.45706,0.00000,0.00000
"1","124",0.00000,0.00000,9.38444,0.00000,0.00000,0.00000,0.00000,79.56897,0.00000,0.00000
"1","125",0.00000,0.00000,10.17059,0.00000,0.00000,0.00000,0.00000,79.56897,0.00000,0.00000
"1","126",0.00000,0.00000,32.34470,0.00000,0.00000,0.00000,0.00000,65.85530,0.00000,0.00000
"1","127",0.00000,0.00000,24.89714,0.00000,0.00000,0.00000,0.00000,79.40286,0.00000,0.00000
"1","128",0.00000,0.00000,32.70798,0.00000,0.00000,0.00000,0.00000,77.79202,0.00000,0.00000
"1","129",0.00000,0.00000,23.44401,0.00000,0.00000,0.00000,0.00000,79.56897,0.00000,0.00000
"1","130",0.00000,0.00000,19.25263,0.00000,0.00000,0.00000,0.00000,79.56897,0.00000,0.00000
"1","131",0.00000,0.00000,2.53837,0.00000,0.00000,0.00000,0.00000,79.56897,0.00000,0.00000
"1","132",58.06485,0.00000,4.28799,0.00000,0.00000,0.00000,0.00000,60.54717,0.00000,0.00000
"1","133",127.64445,0.00000,0.00000,0.00000,0.00000,0.00000,0.00000,0.00000,0.00000,0.00000
"1","134",138.37647,0.00000,5.01260,0.00000,0.00000,0.00000,0.00000,0.00000,0.00000,0.00000
"1","135",93.97096,0.00000,13.89026,0.00000,0.00000,0.00000,0.00000,13.83879,0.00000,0.00000
"1","136",43.11162,0.00000,0.00000,0.00000,0.00000,0.00000,0.00000,79.56897,0.00000,0.00000
"1","137",0.00000,0.00000,0.00000,0.00000,0.00000,0.00000,0.00000,79.56897,0.00000,0.00000
"1","138",0.00000,0.00000,0.00000,0.00000,0.00000,0.00000,0.00000,79.56897,0.00000,0.00000
"1","139",0.00000,0.00000,0.00000,0.00000,0.00000,0.00000,0.00000,79.56897,0.00000,0.00000
"1","140",0.00000,0.00000,0.00000,0.00000,0.00000,0.00000,0.00000,79.56897,0.00000,0.00000
"1","141",0.00000,0.00000,0.00000,0.00000,0.00000,0.00000,0.00000,79.56897,0.00000,0.00000
"1","142",0.00000,0.00000,0.00000,0.00000,0.00000,0.00000,0.00000,79.56897,0.00000,0.00000
"1","143",0.00000,0.00000,0.00000,0.00000,0.00000,0.00000,0.00000,79.56897,0.00000,0.00000
"1","144",0.00000,0.00000,0.00000,0.00000,0.00000,0.00000,0.00000,79.56897,0.00000,0.00000
"1","145",0.00000,0.00000,0.00000,0.00000,0.00000,0.00000,0.00000,79.56897,0.00000,0.00000
"1","146",0.00000,0.00000,3.54855,0.00000,0.00000,0.00000,0.00000,79.56897,0.00000,0.00000
"1","147",0.00000,0.00000,3.36804,0.00000,0.00000,0.00000,0.00000,79.56897,0.00000,0.00000
"1","148",0.00000,0.00000,0.00000,0.00000,0.00000,0.00000,0.00000,79.56897,0.00000,0.00000
"1","149",0.00000,0.00000,0.00000,0.00000,0.00000,0.00000,0.00000,79.56897,0.00000,0.00000
"1","150",0.00000,0.00000,0.00000,0.00000,0.00000,0.00000,0.00000,79.56897,0.00000,0.00000
"1","151",0.00000,0.00000,0.00000,0.00000,0.00000,0.00000,0.00000,79.56897,0.00000,0.00000
"1","152",0.00000,0.00000,0.00000,0.00000,0.00000,0.00000,0.00000,79.56897,0.00000,0.00000
"1","153",0.00000,0.00000,0.00000,0.00000,0.00000,0.00000,0.00000,79.56897,0.00000,0.00000
"1","154",0.00000,0.00000,0.00000,0.00000,0.00000,0.00000,0.00000,79.56897,0.00000,0.00000
"1","155",0.00000,0.00000,0.00000,0.00000,0.00000,0.00000,0.00000,79.56897,0.00000,0.00000
"1","156",66.95756,0.00000,0.00000,0.00000,0.00000,0.00000,0.00000,55.14244,0.00000,0.00000
"1","157",136.15595,0.00000,0.00000,0.00000,0.00000,0.00000,0.00000,0.00000,0.00000,0.00000
"1","158",147.51591,0.00000,0.00000,0.00000,0.00000,0.00000,0.00000,0.00000,0.00000,0.00000
"1","159",106.10398,0.00000,0.00000,0.00000,0.00000,0.00000,0.00000,15.89602,0.00000,0.00000
"1","160",47.73276,0.00000,5.05308,0.00000,0.00000,0.00000,0.00000,70.21415,0.00000,0.00000
"1","161",0.00000,0.00000,6.15544,0.00000,0.00000,0.00000,0.00000,79.56897,0.00000,0.00000
"1","162",0.00000,0.00000,0.00000,0.00000,0.00000,0.00000,0.00000,79.56897,0.00000,0.00000
"1","163",0.00000,0.00000,4.69063,0.00000,0.00000,0.00000,0.00000,79.56897,0.00000,0.00000
"1","164",0.00000,0.00000,16.85899,0.00000,0.00000,0.00000,0.00000,79.56897,0.00000,0.00000
"1","165",0.00000,0.00000,34.32304,0.00000,0.00000,0.00000,0.00000,79.56897,0.00000,0.00000
"1","166",0.00000,0.00000,13.47925,0.00000,0.00000,0.00000,0.00000,79.56897,0.00000,0.00000
"1","167",0.00000,0.00000,3.17235,0.00000,0.00000,0.00000,0.00000,79.56897,0.00000,0.00000
"1","168",0.00000,0.00000,0.00000,0.00000,0.00000,0.00000,0.00000,79.56897,0.00000,0.00000
"1","169",0.00000,0.00000,0.00000,0.00000,0.00000,0.00000,0.00000,79.56897,0.00000,0.00000
"1","170",0.00000,0.00000,0.00000,0.00000,0.00000,0.00000,0.00000,79.56897,0.00000,0.00000
"1","171",0.00000,0.00000,0.20513,0.00000,0.00000,0.00000,0.00000,79.56897,0.00000,0.00000
"1","172",0.00000,0.00000,0.00000,0.00000,0.00000,0.00000,0.00000,79.56897,0.00000,0.00000
"1","173",0.00000,0.00000,0.00000,0.00000,0.00000,0.00000,0.00000,79.56897,0.00000,0.00000
"1","174",0.00000,0.00000,0.00000,0.00000,0.00000,0.00000,0.00000,79.56897,0.00000,0.00000
"1","175",0.00000,0.00000,0.00000,0.00000,0.00000,0.00000,0.00000,79.56897,0.00000,0.00000
"1","176",0.00000,0.00000,0.00000,0.00000,0.00000,0.00000,0.00000,79.56897,0.00000,0.00000
"1","177",0.00000,0.00000,0.00000,0.00000,0.00000,0.00000,0.00000,79.56897,0.00000,0.00000
"1","178",0.00000,0.00000,0.00000,0.00000,0.00000,0.00000,0.00000,79.56897,0.00000,0.00000
"1","179",0.00000,0.00000,0.00000,0.00000,0.00000,0.00000,0.00000,79.56897,0.00000,0.00000
"1","180",73.41786,0.00000,0.00000,0.00000,0.00000,0.00000,0.00000,52.78214,0.00000,0.00000
"1","181",139.78474,0.00000,0.00000,0.00000,0.00000,0.00000,0.00000,0.00000,0.00000,0.00000
"1","182",151.65846,0.00000,0.00000,0.00000,0.00000,0.00000,0.00000,0.00000,0.00000,0.00000
"1","183",112.88116,0.00000,0.00000,0.00000,0.00000,0.00000,0.00000,14.81884,0.00000,0.00000
"1","184",49.99455,0.00000,0.00000,0.00000,0.00000,0.00000,0.00000,79.30545,0.00000,0.00000
"1","185",0.00000,0.00000,0.00000,0.00000,0.00000,0.00000,0.00000,79.56897,0.00000,0.00000
"1","186",0.00000,0.00000,0.00000,0.00000,0.00000,0.00000,0.00000,79.56897,0.00000,0.00000
"1","187",0.00000,0.00000,0.00000,0.00000,0.00000,0.00000,0.00000,79.56897,0.00000,0.00000
"1","188",0.00000,0.00000,0.00000,0.00000,0.00000,0.00000,0.00000,79.56897,0.00000,0.00000
"1","189",0.00000,0.00000,0.00000,0.00000,0.00000,0.00000,0.00000,79.56897,0.00000,0.00000
"1","190",0.00000,0.00000,6.78956,0.00000,0.00000,0.00000,0.00000,79.56897,0.00000,0.00000
"1","191",0.00000,0.00000,3.98460,0.00000,0.00000,0.00000,0.00000,79.56897,0.00000,0.00000
"1","192",0.00000,0.00000,11.16919,0.00000,0.00000,0.00000,0.00000,79.56897,0.00000,0.00000
"1","193",0.00000,0.00000,40.19570,0.00000,0.00000,0.00000,0.00000,57.60430,0.00000,0.00000
"1","194",0.00000,0.00000,56.63406,0.00000,0.00000,0.00000,0.00000,38.56594,0.00000,0.00000
"1","195",0.00000,0.00000,49.68641,0.00000,0.00000,0.00000,0.00000,44.11359,0.00000,0.00000
"1","196",0.00000,0.00000,60.32693,0.00000,0.00000,0.00000,0.00000,33.27307,0.00000,0.00000
"1","197",0.00000,0.00000,45.61887,0.00000,0.00000,0.00000,0.00000,49.58113,0.00000,0.00000
"1","198",0.00000,0.00000,62.09067,0.00000,0.00000,0.00000,0.00000,37.80933,0.00000,0.00000
"1","199",0.00000,0.00000,66.37665,0.00000,0.00000,0.00000,0.00000,41.12335,0.00000,0.00000
"1","200",0.00000,0.00000,64.04884,0.00000,0.00000,0.00000,0.00000,50.85116,0.00000,0.00000
"1","201",0.00000,0.00000,63.54156,0.00000,0.00000,0.00000,0.00000,57.45844,0.00000,0.00000
"1","202",0.00000,0.00000,64.30762,0.00000,0.00000,0.00000,0.00000,60.39238,0.00000,0.00000
"1","203",0.00000,0.00000,80.65961,0.00000,0.00000,0.00000,0.00000,42.54039,0.00000,0.00000
"1","204",74.64907,0.00000,91.02332,0.00000,0.00000,0.00000,0.00000,0.00000,0.00000,0.00000
"1","205",138.80123,0.00000,73.47578,0.00000,0.00000,0.00000,0.00000,0.00000,0.00000,0.00000
"1","206",150.87281,0.00000,71.24696,0.00000,0.00000,0.00000,0.00000,0.00000,0.00000,0.00000
"1","207",116.30917,0.00000,84.24564,0.00000,0.00000,0.00000,0.00000,0.00000,0.00000,0.00000
"1","208",50.10823,0.00000,122.51846,0.00000,0.00000,0.00000,0.00000,0.00000,0.00000,0.00000
"1","209",0.00000,0.00000,129.38533,0.00000,0.00000,0.00000,0.00000,0.21467,0.00000,0.00000
"1","210",0.00000,0.00000,127.97890,0.00000,0.00000,0.00000,0.00000,5.62110,0.00000,0.00000
"1","211",0.00000,0.00000,107.78827,0.00000,0.00000,0.00000,0.00000,23.41173,0.00000,0.00000
"1","212",0.00000,0.00000,83.79270,0.00000,0.00000,0.00000,0.00000,43.60730,0.00000,0.00000
"1","213",0.00000,0.00000,68.83763,0.00000,0.00000,0.00000,0.00000,53.66237,0.00000,0.00000
"1","214",0.00000,0.00000,55.79870,0.00000,0.00000,0.00000,0.00000,59.90130,0.00000,0.00000
"1","215",0.00000,0.00000,34.60704,0.00000,0.00000,0.00000,0.00000,72.59296,0.00000,0.00000
"1","216",0.00000,0.00000,17.05763,0.00000,0.00000,0.00000,0.00000,79.56897,0.00000,0.00000
"1","217",0.00000,0.00000,6.15178,0.00000,0.00000,0.00000,0.00000,79.56897,0.00000,0.00000
"1","218",0.00000,0.00000,0.00000,0.00000,0.00000,0.00000,0.00000,79.56897,0.00000,0.00000
"1","219",0.00000,0.00000,0.00000,0.00000,0.00000,0.00000,0.00000,79.56897,0.00000,0.00000
"1","220",0.00000,0.00000,0.00000,0.00000,0.00000,0.00000,0.00000,79.56897,0.00000,0.00000
"1","221",0.00000,0.00000,0.00000,0.00000,0.00000,0.00000,0.00000,79.56897,0.00000,0.00000
"1","222",0.00000,0.00000,0.00000,0.00000,0.00000,0.00000,0.00000,79.56897,0.00000,0.00000
"1","223",0.00000,0.00000,0.00000,0.00000,0.00000,0.00000,0.00000,79.56897,0.00000,0.00000
"1","224",0.00000,0.00000,0.00000,0.00000,0.00000,0.00000,0.00000,79.56897,0.00000,0.00000
"1","225",0.00000,0.00000,0.00000,0.00000,0.00000,0.00000,0.00000,79.56897,0.00000,0.00000
"1","226",0.00000,0.00000,0.00000,0.00000,0.00000,0.00000,0.00000,79.56897,0.00000,0.00000
"1","227",0.00000,0.00000,0.00000,0.00000,0.00000,0.00000,0.00000,79.56897,0.00000,0.00000
"1","228",82.47458,0.00000,0.00000,0.00000,0.00000,0.00000,0.00000,36.32542,0.00000,0.00000
"1","229",144.57409,0.00000,0.00000,0.00000,0.00000,0.00000,0.00000,0.00000,0.00000,0.00000
"1","230",156.10482,0.00000,0.00000,0.00000,0.00000,0.00000,0.00000,0.00000,0.00000,0.00000
"1","231",123.21164,0.00000,0.00000,0.00000,0.00000,0.00000,0.00000,0.00000,0.00000,0.00000
"1","232",53.41192,0.00000,0.00000,0.00000,0.00000,0.00000,0.00000,66.38808,0.00000,0.00000
"1","233",0.00000,0.00000,4.44699,0.00000,0.00000,0.00000,0.00000,79.56897,0.00000,0.00000
"1","234",0.00000,0.00000,1.16812,0.00000,0.00000,0.00000,0.00000,79.56897,0.00000,0.00000
"1","235",0.00000,0.00000,19.85817,0.00000,0.00000,0.00000,0.00000,79.56897,0.00000,0.00000
"1","236",0.00000,0.00000,29.50559,0.00000,0.00000,0.00000,0.00000,79.56897,0.00000,0.00000
"1","237",0.00000,0.00000,23.06168,0.00000,0.00000,0.00000,0.00000,79.56897,0.00000,0.00000
"1","238",0.00000,0.00000,41.19141,0.00000,0.00000,0.00000,0.00000,70.70859,0.00000,0.00000
"1","239",0.00000,0.00000,62.17631,0.00000,0.00000,0.00000,0.00000,41.42369,0.00000,0.00000
"1","240",0.00000,0.00000,29.50045,0.00000,0.00000,0.00000,0.00000,66.69955,0.00000,0.00000
"1","241",0.00000,0.00000,0.00000,0.00000,0.00000,0.00000,0.00000,79.56897,0.00000,0.00000
"1","242",0.00000,0.00000,0.00000,0.00000,0.00000,0.00000,0.00000,79.56897,0.00000,0.00000
"1","243",0.00000,0.00000,0.00000,0.00000,0.00000,0.00000,0.00000,79.56897,0.00000,0.00000
"1","244",0.00000,0.00000,10.48185,0.00000,0.00000,0.00000,0.00000,76.51815,0.00000,0.00000
"1","245",0.00000,0.00000,0.00000,0.00000,0.00000,0.00000,0.00000,79.56897,0.00000,0.00000
"1","246",0.00000,0.00000,0.00000,0.00000,0.00000,0.00000,0.00000,79.56897,0.00000,0.00000
"1","247",0.00000,0.00000,0.51987,0.00000,0.00000,0.00000,0.00000,79.56897,0.00000,0.00000
"1","248",0.00000,0.00000,0.00000,0.00000,0.00000,0.00000,0.00000,79.56897,0.00000,0.00000
"1","249",0.00000,0.00000,2.59258,0.00000,0.00000,0.00000,0.00000,79.56897,0.00000,0.00000
"1","250",0.00000,0.00000,7.35461,0.00000,0.00000,0.00000,0.00000,79.56897,0.00000,0.00000
"1","251",0.00000,0.00000,11.89716,0.00000,0.00000,0.00000,0.00000,79.56897,0.00000,0.00000
"1","252",84.22535,0.00000,0.00000,0.00000,0.00000,0.00000,0.00000,32.67465,0.00000,0.00000
"1","253",143.86149,0.00000,0.00000,0.00000,0.00000,0.00000,0.00000,0.00000,0.00000,0.00000
"1","254",156.26930,0.00000,7.45900,0.00000,0.00000,0.00000,0.00000,0.00000,0.00000,0.00000
"1","255",125.70452,0.00000,0.00000,0.00000,0.00000,0.00000,0.00000,0.00000,0.00000,0.00000
"1","256",53.53480,0.00000,0.00000,0.00000,0.00000,0.00000,0.00000,62.26520,0.00000,0.00000
"1","257",0.00000,0.00000,0.00000,0.00000,0.00000,0.00000,0.00000,79.56897,0.00000,0.00000
"1","258",0.00000,0.00000,0.00000,0.00000,0.00000,0.00000,0.00000,79.56897,0.00000,0.00000
"1","259",0.00000,0.00000,0.00000,0.00000,0.00000,0.00000,0.00000,79.56897,0.00000,0.00000
"1","260",0.00000,0.00000,4.76107,0.00000,0.00000,0.00000,0.00000,79.56897,0.00000,0.00000
"1","261",0.00000,0.00000,7.09050,0.00000,0.00000,0.00000,0.00000,79.56897,0.00000,0.00000
"1","262",0.00000,0.00000,3.20314,0.00000,0.00000,0.00000,0.00000,79.56897,0.00000,0.00000
"1","263",0.00000,0.00000,0.00000,0.00000,0.00000,0.00000,0.00000,79.56897,0.00000,0.00000
"1","264",0.00000,0.00000,1.05088,0.00000,0.00000,0.00000,0.00000,79.56897,0.00000,0.00000
"1","265",0.00000,0.00000,19.48162,0.00000,0.00000,0.00000,0.00000,73.41838,0.00000,0.00000
"1","266",0.00000,0.00000,58.54713,0.00000,0.00000,0.00000,47.61611,79.56897,0.00000,0.00000
"1","267",0.00000,0.00000,37.86210,0.00000,0.00000,0.00000,0.00000,51.23790,0.00000,0.00000
"1","268",0.00000,0.00000,5.34703,0.00000,0.00000,0.00000,0.00000,79.56897,0.00000,0.00000
"1","269",0.00000,0.00000,0.00000,0.00000,0.00000,0.00000,0.00000,79.56897,0.00000,0.00000
"1","270",0.00000,0.00000,5.38823,0.00000,0.00000,0.00000,0.00000,79.56897,0.00000,0.00000
"1","271",0.00000,0.00000,35.28420,0.00000,0.00000,0.00000,0.00000,67.81580,0.00000,0.00000
"1","272",0.00000,0.00000,27.77454,0.00000,0.00000,0.00000,0.00000,79.56897,0.00000,0.00000
"1","273",0.00000,0.00000,79.99617,0.00000,0.00000,0.00000,0.00000,35.90383,0.00000,0.00000
"1","274",0.00000,0.00000,159.66287,0.00000,0.00000,0.00000,0.00000,43.38487,0.00000,0.00000
"1","275",0.00000,0.00000,163.92700,0.00000,0.00000,0.00000,0.00000,0.00000,0.00000,0.00000
"1","276",4.93323,0.00000,130.53588,0.00000,0.00000,0.00000,0.00000,51.91890,0.00000,0.00000
"1","277",12.19388,0.00000,85.67346,0.00000,0.00000,0.00000,61.43632,79.56897,0.00000,0.00000
"1","278",24.25546,0.00000,36.31895,0.00000,0.00000,0.00000,24.74338,79.56897,0.00000,0.00000
"1","279",22.09372,0.00000,0.00000,0.00000,0.00000,0.00000,0.00000,79.56897,0.00000,0.00000
"1","280",6.28169,0.00000,0.00000,0.00000,0.00000,0.00000,0.00000,79.56897,0.00000,0.00000
"1","281",0.00000,0.00000,0.00000,0.00000,0.00000,0.00000,0.00000,79.56897,0.00000,0.00000
"1","282",0.00000,0.00000,0.00000,0.00000,0.00000,0.00000,0.00000,79.56897,0.00000,0.00000
"1","283",0.00000,0.00000,0.00000,0.00000,0.00000,0.00000,0.00000,79.56897,0.00000,0.00000
"1","284",0.00000,0.00000,14.48804,0.00000,0.00000,0.00000,0.00000,79.56897,0.00000,0.00000
"1","285",0.00000,0.00000,2.89697,0.00000,0.00000,0.00000,0.00000,79.56897,0.00000,0.00000
"1","286",0.00000,0.00000,0.00000,0.00000,0.00000,0.00000,0.00000,79.56897,0.00000,0.00000
"1","287",0.00000,0.00000,0.00000,0.00000,0.00000,0.00000,0.00000,79.56897,0.00000,0.00000
"1","288",0.00000,0.00000,0.00000,0.00000,0.00000,0.00000,0.00000,79.56897,0.00000,0.00000
"1","289",0.00000,0.00000,40.19598,0.00000,0.00000,0.00000,0.00000,53.90402,0.00000,0.00000
"1","290",0.00000,0.00000,115.94483,0.00000,0.00000,0.00000,0.00000,0.00000,0.00000,0.00000
"1","291",0.00000,0.00000,43.72037,0.00000,0.00000,0.00000,32.58935,79.56897,0.00000,0.00000
"1","292",0.00000,0.00000,11.89809,0.00000,0.00000,0.00000,0.00000,78.60191,0.00000,0.00000
"1","293",0.00000,0.00000,12.62260,0.00000,0.00000,0.00000,0.00000,79.56897,0.00000,0.00000
"1","294",0.00000,0.00000,0.24648,0.00000,0.00000,0.00000,0.00000,79.56897,0.00000,0.00000
"1","295",0.00000,0.00000,16.06873,0.00000,0.00000,0.00000,0.00000,79.56897,0.00000,0.00000
"1","296",0.00000,0.00000,20.06876,0.00000,0.00000,0.00000,0.00000,79.56897,0.00000,0.00000
"1","297",0.00000,0.00000,20.43680,0.00000,0.00000,0.00000,0.00000,79.56897,0.00000,0.00000
"1","298",0.00000,0.00000,44.11970,0.00000,0.00000,0.00000,1.18868,79.56897,0.00000,0.00000
"1","299",0.00000,0.00000,179.10733,0.00000,0.00000,0.00000,0.00000,27.04041,0.00000,0.00000
"1","300",4.72275,0.00000,48.50449,0.00000,0.00000,0.00000,0.58130,68.35406,0.00000,0.00000
"1","301",10.52313,0.00000,31.24701,0.00000,0.00000,0.00000,1.13911,79.56897,0.00000,0.00000
"1","302",13.29476,0.00000,39.61856,0.00000,0.00000,0.00000,12.48229,79.56897,0.00000,0.00000
"1","303",16.70037,0.00000,21.89096,0.00000,0.00000,0.00000,0.00000,79.56897,0.00000,0.00000
"1","304",5.41279,0.00000,26.91237,0.00000,0.00000,0.00000,0.00000,79.56897,0.00000,0.00000
"1","305",0.00000,0.00000,33.20920,0.00000,0.00000,0.00000,0.00000,79.56897,0.00000,0.00000
"1","306",0.00000,0.00000,20.65552,0.00000,0.00000,0.00000,0.00000,79.56897,0.00000,0.00000
"1","307",0.00000,0.00000,2.42037,0.00000,0.00000,0.00000,0.00000,79.56897,0.00000,0.00000
"1","308",0.00000,0.00000,0.00000,0.00000,0.00000,0.00000,0.00000,79.56897,0.00000,0.00000
"1","309",0.00000,0.00000,17.09909,0.00000,0.00000,0.00000,0.00000,79.56897,0.00000,0.00000
"1","310",0.00000,0.00000,9.38734,0.00000,0.00000,0.00000,0.00000,79.56897,0.00000,0.00000
"1","311",0.00000,0.00000,3.32434,0.00000,0.00000,0.00000,0.00000,79.56897,0.00000,0.00000
"1","312",0.00000,0.00000,58.10933,0.00000,0.00000,0.00000,6.52957,47.62024,0.00000,0.00000
"1","313",0.00000,0.00000,73.26472,0.00000,0.00000,0.00000,0.00000,21.33528,0.00000,0.00000
"1","314",0.00000,0.00000,6.88090,0.00000,0.00000,0.00000,0.00000,79.56897,0.00000,0.00000
"1","315",0.00000,0.00000,35.39001,0.00000,0.00000,0.00000,0.00000,54.60999,0.00000,0.00000
"1","316",0.00000,0.00000,84.54215,0.00000,0.00000,0.00000,0.00000,5.05785,0.00000,0.00000
"1","317",0.00000,0.00000,101.67318,0.00000,0.00000,0.00000,0.00000,0.00000,0.00000,0.00000
"1","318",0.00000,0.00000,119.80085,0.00000,0.00000,0.00000,0.00000,0.00000,0.00000,0.00000
"1","319",0.00000,0.00000,81.68427,0.00000,0.00000,0.00000,0.00000,13.91573,0.00000,0.00000
"1","320",0.00000,0.00000,52.34117,0.00000,0.00000,0.00000,0.00000,48.55883,0.00000,0.00000
"1","321",0.00000,0.00000,65.71677,0.00000,0.00000,0.00000,35.78171,77.36495,0.00000,0.00000
"1","322",0.00000,0.00000,28.20076,0.00000,0.00000,0.00000,0.00000,79.56897,0.00000,0.00000
"1","323",0.00000,0.00000,20.46697,0.00000,0.00000,0.00000,0.00000,79.56897,0.00000,0.00000
"1","324",10.30040,0.00000,37.46809,0.00000,0.00000,0.00000,0.00000,67.63151,0.00000,0.00000
"1","325",27.16787,0.00000,115.11368,0.00000,0.00000,0.00000,0.00000,0.00000,0.00000,0.00000
"1","326",35.88869,0.00000,124.58796,0.00000,0.00000,0.00000,0.00000,0.00000,0.00000,0.00000
"1","327",26.68869,0.00000,92.09785,0.00000,0.00000,0.00000,0.00000,0.00000,0.00000,0.00000
"1","328",10.01158,0.00000,63.20321,0.00000,0.00000,0.00000,0.00000,42.58521,0.00000,0.00000
"1","329",0.00000,0.00000,57.07887,0.00000,0.00000,0.00000,0.00000,63.42113,0.00000,0.00000
"1","330",0.00000,0.00000,61.68957,0.00000,0.00000,0.00000,0.00000,61.11043,0.00000,0.00000
"1","331",0.00000,0.00000,49.79885,0.00000,0.00000,0.00000,0.00000,71.40115,0.00000,0.00000
"1","332",0.00000,0.00000,35.00534,0.00000,0.00000,0.00000,0.00000,79.56897,0.00000,0.00000
"1","333",0.00000,0.00000,18.37534,0.00000,0.00000,0.00000,0.00000,79.56897,0.00000,0.00000
"1","334",0.00000,0.00000,13.37615,0.00000,0.00000,0.00000,0.00000,79.56897,0.00000,0.00000
"1","335",0.00000,0.00000,0.67486,0.00000,0.00000,0.00000,0.00000,79.56897,0.00000,0.00000
"1","336",0.00000,0.00000,5.52943,0.00000,0.00000,0.00000,0.00000,79.56897,0.00000,0.00000
"1","337",0.00000,0.00000,23.81318,0.00000,0.00000,0.00000,0.00000,68.78682,0.00000,0.00000
"1","338",0.00000,0.00000,65.64925,0.00000,0.00000,0.00000,0.00000,23.75075,0.00000,0.00000
"1","339",0.00000,0.00000,88.30805,0.00000,0.00000,0.00000,0.00000,0.00000,0.00000,0.00000
"1","340",0.00000,0.00000,15.34030,0.00000,0.00000,0.00000,0.00000,71.15970,0.00000,0.00000
"1","341",0.00000,0.00000,23.81654,0.00000,0.00000,0.00000,0.00000,62.58346,0.00000,0.00000
"1","342",0.00000,0.00000,7.80534,0.00000,0.00000,0.00000,0.00000,79.56897,0.00000,0.00000
"1","343",0.00000,0.00000,0.00000,0.00000,0.00000,0.00000,0.00000,79.56897,0.00000,0.00000
"1","344",0.00000,0.00000,5.01958,0.00000,0.00000,0.00000,0.00000,79.56897,0.00000,0.00000
"1","345",0.00000,0.00000,8.96027,0.00000,0.00000,0.00000,0.00000,79.56897,0.00000,0.00000
"1","346",0.00000,0.00000,32.57640,0.00000,0.00000,0.00000,0.00000,75.52360,0.00000,0.00000
"1","347",0.00000,0.00000,102.33997,0.00000,0.00000,0.00000,0.00000,7.06003,0.00000,0.00000
"1","348",103.02428,0.00000,40.07616,0.00000,0.00000,0.00000,0.00000,0.00000,0.00000,0.00000
"1","349",129.64115,27.67745,85.54337,0.00000,0.00000,0.00000,0.00000,0.00000,0.00000,0.00000
"1","350",170.06215,0.00000,45.12237,235.41813,0.00000,0.00000,0.00000,0.00000,0.00000,0.00000
"1","351",143.50301,0.00000,156.32925,124.21125,0.00000,0.00000,0.00000,0.00000,0.00000,0.00000
"1","352",20.99176,44.62188,280.54050,0.00000,0.00000,0.00000,0.00000,0.00000,0.00000,0.00000
"1","353",0.00000,0.00000,280.54050,0.00000,0.00000,0.00000,0.00000,0.00000,0.00000,0.00000
"1","354",0.00000,0.00000,227.38452,51.62534,0.00000,0.00000,0.00000,0.00000,0.00000,0.00000
"1","355",0.00000,0.00000,240.63832,0.00000,0.00000,0.00000,0.00000,0.00000,0.00000,0.00000
"1","356",0.00000,0.00000,170.42125,0.00000,0.00000,0.00000,51.46327,0.00000,0.00000,0.00000
"1","357",0.00000,0.00000,280.54050,0.00000,0.00000,0.00000,0.00000,0.00000,0.00000,0.00000
"1","358",0.00000,0.00000,0.00000,0.00000,0.00000,0.00000,0.00000,0.00000,0.00000,0.00000
"1","359",0.00000,0.00000,280.54050,0.00000,0.00000,0.00000,0.00000,0.00000,0.00000,0.00000
"1","360",0.00000,0.00000,263.23464,0.00000,0.00000,0.00000,0.00000,0.00000,0.00000,0.00000
"1","361",0.00000,0.00000,276.99360,0.00000,0.00000,0.00000,0.00000,0.00000,0.00000,0.00000
"1","362",0.00000,0.00000,276.23226,4.30824,0.00000,0.00000,0.00000,0.00000,0.00000,0.00000
"1","363",0.00000,0.00000,264.80413,15.73637,0.00000,0.00000,0.00000,0.00000,0.00000,0.00000
"1","364",0.00000,0.00000,189.78452,90.75598,0.00000,0.00000,0.00000,0.00000,0.00000,0.00000
"1","365",0.00000,0.00000,0.00000,0.00000,0.00000,0.00000,0.00000,0.00000,0.00000,0.00000
"1","366",0.00000,0.00000,0.00000,0.00000,0.00000,0.00000,0.00000,0.00000,0.00000,0.00000
"1","367",0.00000,0.00000,0.00000,0.00000,0.00000,0.00000,0.00000,0.00000,0.00000,0.00000
"1","368",0.00000,0.00000,280.54050,0.00000,0.00000,0.00000,0.00000,0.00000,0.00000,0.00000
"1","369",0.00000,0.00000,0.00000,0.00000,0.00000,0.00000,0.00000,0.00000,0.00000,0.00000
"1","370",0.00000,0.00000,0.00000,0.00000,0.00000,0.00000,0.00000,0.00000,0.00000,0.00000
"1","371",0.00000,0.00000,0.00000,0.00000,0.00000,0.00000,0.00000,0.00000,0.00000,0.00000
"1","372",108.05165,0.00000,0.00000,0.00000,0.00000,0.00000,0.00000,0.00000,0.00000,0.00000
"1","373",23.09176,138.78205,280.54050,0.00000,0.00000,0.00000,0.00000,0.00000,0.00000,0.00000
"1","374",173.69915,0.00000,129.73311,150.80739,0.00000,0.00000,0.00000,0.00000,0.00000,0.00000
"1","375",148.04806,0.00000,90.41069,0.00000,0.00000,0.00000,0.00000,0.00000,0.00000,0.00000
"1","376",67.71999,0.00000,0.00000,0.00000,0.00000,0.00000,0.00000,0.00000,0.00000,0.00000
"1","377",0.00000,0.00000,0.00000,0.00000,0.00000,0.00000,0.00000,0.00000,0.00000,0.00000
"1","378",0.00000,0.00000,0.00000,0.00000,0.00000,0.00000,0.00000,0.00000,0.00000,0.00000
"1","379",0.00000,0.00000,280.54050,0.00000,0.00000,0.00000,0.00000,0.00000,0.00000,0.00000
"1","380",0.00000,0.00000,162.19090,0.00000,0.00000,0.00000,44.50258,0.00000,0.00000,0.00000
"1","381",0.00000,0.00000,220.48452,60.05598,0.00000,0.00000,0.00000,0.00000,0.00000,0.00000
"1","382",0.00000,0.00000,214.08452,66.45598,0.00000,0.00000,0.00000,0.00000,0.00000,0.00000
"1","383",0.00000,0.00000,258.15836,22.38214,0.00000,0.00000,0.00000,0.00000,0.00000,0.00000
"1","384",0.00000,0.00000,198.58452,81.95598,0.00000,0.00000,0.00000,0.00000,0.00000,0.00000
"1","385",0.00000,0.00000,149.45176,0.00000,0.00000,0.00000,44.43276,0.00000,0.00000,0.00000
"1","386",0.00000,0.00000,190.98452,89.55598,0.00000,0.00000,0.00000,0.00000,0.00000,0.00000
"1","387",0.00000,0.00000,274.53226,6.00824,0.00000,0.00000,0.00000,0.00000,0.00000,0.00000
"1","388",0.00000,0.00000,189.88452,80.86231,0.00000,0.00000,0.00000,0.00000,0.00000,0.00000
"1","389",0.00000,0.00000,191.88452,88.65598,0.00000,0.00000,0.00000,0.00000,0.00000,0.00000
"1","390",0.00000,0.00000,197.08452,83.45598,0.00000,0.00000,0.00000,0.00000,0.00000,0.00000
"1","391",0.00000,0.00000,205.38452,75.15598,0.00000,0.00000,0.00000,0.00000,0.00000,0.00000
"1","392",0.00000,0.00000,212.48452,68.05598,0.00000,0.00000,0.00000,0.00000,0.00000,0.00000
"1","393",0.00000,0.00000,248.91094,23.95674,0.00000,0.00000,0.00000,0.00000,0.00000,0.00000
"1","394",0.00000,0.00000,278.18243,0.00000,0.00000,0.00000,0.00000,0.00000,0.00000,0.00000
"1","395",0.00000,0.00000,255.25832,0.00000,0.00000,0.00000,0.00000,0.00000,0.00000,0.00000
"1","396",86.78644,0.00000,132.89808,140.99782,0.00000,0.00000,0.00000,0.00000,0.00000,0.00000
"1","397",25.63574,110.19899,278.09652,0.00000,0.00000,0.00000,0.00000,0.00000,0.00000,0.00000
"1","398",145.53583,0.00000,72.74869,207.52098,0.00000,0.00000,0.00000,0.00000,0.00000,0.00000
"1","399",121.47296,0.00000,181.05930,87.03156,0.00000,0.00000,0.00000,0.00000,0.00000,0.00000
"1","400",45.11947,3.31201,174.36505,0.00000,0.00000,0.00000,0.00000,0.00000,0.00000,0.00000
"1","401",0.00000,0.00000,271.85909,0.00000,0.00000,0.00000,0.00000,0.00000,0.00000,0.00000
"1","402",0.00000,0.00000,278.67646,0.00000,0.00000,0.00000,0.00000,0.00000,0.00000,0.00000
"1","403",0.00000,0.00000,279.70747,0.00000,0.00000,0.00000,0.00000,0.00000,0.00000,0.00000
"1","404",0.00000,0.00000,226.58452,45.01028,0.00000,0.00000,0.00000,0.00000,0.00000,0.00000
"1","405",0.00000,0.00000,216.17889,0.00000,0.00000,0.00000,0.00000,0.00000,0.00000,0.00000
"1","406",0.00000,0.00000,74.74306,0.00000,0.00000,0.00000,0.00000,38.25694,0.00000,0.00000
"1","407",0.00000,0.00000,47.39092,0.00000,0.00000,0.00000,0.00000,57.40908,0.00000,0.00000
"1","408",0.00000,0.00000,42.31076,0.00000,0.00000,0.00000,0.00000,40.66364,0.00000,0.00000
"1","409",0.00000,0.00000,32.26597,0.00000,0.00000,0.00000,0.00000,61.53403,0.00000,0.00000
"1","410",0.00000,0.00000,48.75935,0.00000,0.00000,0.00000,0.00000,42.74065,0.00000,0.00000
"1","411",0.00000,0.00000,72.02162,0.00000,0.00000,0.00000,0.00000,18.47838,0.00000,0.00000
"1","412",0.00000,0.00000,61.09365,0.00000,0.00000,0.00000,0.00000,29.50635,0.00000,0.00000
"1","413",0.00000,0.00000,70.81887,0.00000,0.00000,0.00000,0.00000,0.00000,0.00000,0.00000
"1","414",0.00000,0.00000,48.22740,0.00000,0.00000,0.00000,0.00000,49.47260,0.00000,0.00000
"1","415",0.00000,0.00000,31.53577,0.00000,0.00000,0.00000,0.00000,9.17162,0.00000,0.00000
"1","416",0.00000,0.00000,28.77650,0.00000,0.00000,0.00000,0.00000,0.47576,0.00000,0.00000
"1","417",0.00000,0.00000,29.76484,0.00000,0.00000,0.00000,0.00000,5.78742,0.00000,0.00000
"1","418",0.00000,0.00000,22.42477,0.00000,0.00000,0.00000,0.00000,15.32749,0.00000,0.00000
"1","419",0.00000,0.00000,17.04521,0.00000,0.00000,0.00000,0.00000,19.10705,0.00000,0.00000
"1","420",114.59468,0.00000,36.49078,0.00000,0.00000,0.00000,0.00000,0.00000,0.00000,0.00000
"1","421",165.18040,0.00000,24.62043,0.00000,0.00000,0.00000,0.00000,0.00000,0.00000,0.00000
"1","422",177.84025,0.00000,24.82467,0.00000,0.00000,0.00000,0.00000,0.00000,0.00000,0.00000
"1","423",153.64048,0.00000,33.72601,0.00000,0.00000,0.00000,0.00000,0.00000,0.00000,0.00000
"1","424",71.88817,0.00000,75.14006,0.00000,0.00000,0.00000,0.00000,0.00000,0.00000,0.00000
"1","425",0.00000,0.00000,61.22346,0.00000,0.00000,0.00000,0.00000,62.37654,0.00000,0.00000
"1","426",0.00000,0.00000,36.97211,0.00000,0.00000,0.00000,0.00000,6.98015,0.00000,0.00000
"1","427",0.00000,0.00000,47.53530,0.00000,0.00000,0.00000,0.00000,79.36470,0.00000,0.00000
"1","428",0.00000,0.00000,43.76791,0.00000,0.00000,0.00000,0.00000,79.56897,0.00000,0.00000
"1","429",0.00000,0.00000,55.72035,0.00000,0.00000,0.00000,0.00000,63.67965,0.00000,0.00000
"1","430",0.00000,0.00000,58.55974,0.00000,0.00000,0.00000,0.00000,54.24026,0.00000,0.00000
"1","431",0.00000,0.00000,66.83864,0.00000,0.00000,0.00000,0.00000,37.86136,0.00000,0.00000
"1","432",0.00000,0.00000,72.87641,0.00000,0.00000,0.00000,0.00000,24.72359,0.00000,0.00000
"1","433",0.00000,0.00000,76.39604,0.00000,0.00000,0.00000,0.00000,16.80396,0.00000,0.00000
"1","434",0.00000,0.00000,69.89171,0.00000,0.00000,0.00000,0.00000,20.80829,0.00000,0.00000
"1","435",0.00000,0.00000,69.28253,0.00000,0.00000,0.00000,0.00000,20.21747,0.00000,0.00000
"1","436",0.00000,0.00000,79.33218,0.00000,0.00000,0.00000,0.00000,10.06782,0.00000,0.00000
"1","437",0.00000,0.00000,75.15603,0.00000,0.00000,0.00000,0.00000,15.94397,0.00000,0.00000
"1","438",0.00000,0.00000,69.39114,0.00000,0.00000,0.00000,0.00000,26.50886,0.00000,0.00000
"1","439",0.00000,0.00000,73.57197,0.00000,0.00000,0.00000,0.00000,30.72803,0.00000,0.00000
"1","440",0.00000,0.00000,77.65623,0.00000,0.00000,0.00000,0.00000,33.54377,0.00000,0.00000
"1","441",0.00000,0.00000,94.79230,0.00000,0.00000,0.00000,0.00000,22.20770,0.00000,0.00000
"1","442",0.00000,0.00000,102.83400,0.00000,0.00000,0.00000,0.00000,16.56600,0.00000,0.00000
"1","443",0.00000,0.00000,124.67294,0.00000,0.00000,0.00000,0.00000,0.00000,0.00000,0.00000
"1","444",8.52214,0.00000,88.00846,0.00000,0.00000,0.00000,0.00000,20.66940,0.00000,0.00000
"1","445",20.69687,0.00000,211.40020,0.00000,0.00000,0.00000,0.00000,0.00000,0.00000,0.00000
"1","446",165.27231,0.00000,138.85995,57.18248,0.00000,0.00000,0.00000,0.00000,0.00000,0.00000
"1","447",139.41610,0.00000,103.59885,0.00000,0.00000,0.00000,0.00000,0.00000,0.00000,0.00000
"1","448",61.73910,0.00000,95.40306,0.00000,0.00000,0.00000,0.00000,0.00000,0.00000,0.00000
"1","449",0.00000,0.00000,92.71721,0.00000,0.00000,0.00000,0.00000,27.58279,0.00000,0.00000
"1","450",0.00000,0.00000,63.35039,0.00000,0.00000,0.00000,0.00000,61.94961,0.00000,0.00000
"1","451",0.00000,0.00000,19.41485,0.00000,0.00000,0.00000,0.00000,79.56897,0.00000,0.00000
"1","452",0.00000,0.00000,1.77166,0.00000,0.00000,0.00000,0.00000,79.56897,0.00000,0.00000
"1","453",0.00000,0.00000,3.77542,0.00000,0.00000,0.00000,0.00000,79.56897,0.00000,0.00000
"1","454",0.00000,0.00000,18.11021,0.00000,0.00000,0.00000,0.00000,79.56897,0.00000,0.00000
"1","455",0.00000,0.00000,39.44719,0.00000,0.00000,0.00000,0.00000,62.05281,0.00000,0.00000
"1","456",0.00000,0.00000,114.47116,0.00000,0.00000,0.00000,0.00000,0.00000,0.00000,0.00000
"1","457",0.00000,0.00000,45.11009,0.00000,0.00000,0.00000,0.00000,44.98991,0.00000,0.00000
"1","458",0.00000,0.00000,41.46289,0.00000,0.00000,0.00000,0.00000,45.83711,0.00000,0.00000
"1","459",0.00000,0.00000,83.80942,0.00000,0.00000,0.00000,0.00000,2.19058,0.00000,0.00000
"1","460",0.00000,0.00000,97.42026,0.00000,0.00000,0.00000,0.00000,0.00000,0.00000,0.00000
"1","461",0.00000,0.00000,11.55974,0.00000,0.00000,0.00000,0.00000,75.54026,0.00000,0.00000
"1","462",0.00000,0.00000,6.86346,0.00000,0.00000,0.00000,0.00000,79.56897,0.00000,0.00000
"1","463",0.00000,0.00000,0.00000,0.00000,0.00000,0.00000,0.00000,79.56897,0.00000,0.00000
"1","464",0.00000,0.00000,0.00000,0.00000,0.00000,0.00000,0.00000,79.56897,0.00000,0.00000
"1","465",0.00000,0.00000,0.00000,0.00000,0.00000,0.00000,0.00000,79.56897,0.00000,0.00000
"1","466",0.00000,0.00000,0.00000,0.00000,0.00000,0.00000,0.00000,79.56897,0.00000,0.00000
"1","467",0.00000,0.00000,0.00000,0.00000,0.00000,0.00000,0.00000,79.56897,0.00000,0.00000
"1","468",19.40123,0.00000,5.43612,0.00000,0.00000,0.00000,0.00000,79.56897,0.00000,0.00000
"1","469",47.06259,0.00000,0.00000,0.00000,0.00000,0.00000,0.00000,66.53741,0.00000,0.00000
"1","470",60.85573,0.00000,0.00000,0.00000,0.00000,0.00000,0.00000,52.64427,0.00000,0.00000
"1","471",22.49312,0.00000,0.00000,0.00000,0.00000,0.00000,0.00000,79.56897,0.00000,0.00000
"1","472",10.10432,0.00000,0.00000,0.00000,0.00000,0.00000,0.00000,79.56897,0.00000,0.00000
"1","473",0.00000,0.00000,0.00000,0.00000,0.00000,0.00000,0.00000,79.56897,0.00000,0.00000
"1","474",0.00000,0.00000,0.00000,0.00000,0.00000,0.00000,0.00000,79.56897,0.00000,0.00000
"1","475",0.00000,0.00000,0.00000,0.00000,0.00000,0.00000,0.00000,79.56897,0.00000,0.00000
"1","476",0.00000,0.00000,0.00000,0.00000,0.00000,0.00000,0.00000,79.56897,0.00000,0.00000
"1","477",0.00000,0.00000,0.00000,0.00000,0.00000,0.00000,0.00000,79.56897,0.00000,0.00000
"1","478",0.00000,0.00000,0.00000,0.00000,0.00000,0.00000,0.00000,79.56897,0.00000,0.00000
"1","479",0.00000,0.00000,0.00000,0.00000,0.00000,0.00000,0.00000,79.56897,0.00000,0.00000
"1","480",0.00000,0.00000,2.54788,0.00000,0.00000,0.00000,0.00000,79.56897,0.00000,0.00000
"1","481",0.00000,0.00000,3.20411,0.00000,0.00000,0.00000,0.00000,79.56897,0.00000,0.00000
"1","482",0.00000,0.00000,0.00000,0.00000,0.00000,0.00000,0.00000,79.56897,0.00000,0.00000
"1","483",0.00000,0.00000,0.00000,0.00000,0.00000,0.00000,0.00000,79.56897,0.00000,0.00000
"1","484",0.00000,0.00000,14.49999,0.00000,0.00000,0.00000,0.00000,69.20001,0.00000,0.00000
"1","485",0.00000,0.00000,11.64893,0.00000,0.00000,0.00000,0.00000,72.45107,0.00000,0.00000
"1","486",0.00000,0.00000,0.00000,0.00000,0.00000,0.00000,0.00000,79.56897,0.00000,0.00000
"1","487",0.00000,0.00000,6.56128,0.00000,0.00000,0.00000,0.00000,79.56897,0.00000,0.00000
"1","488",0.00000,0.00000,5.41685,0.00000,0.00000,0.00000,0.00000,79.56897,0.00000,0.00000
"1","489",0.00000,0.00000,3.48402,0.00000,0.00000,0.00000,0.00000,79.56897,0.00000,0.00000
"1","490",0.00000,0.00000,0.00000,0.00000,0.00000,0.00000,0.00000,79.56897,0.00000,0.00000
"1","491",0.00000,0.00000,0.00000,0.00000,0.00000,0.00000,0.00000,79.56897,0.00000,0.00000
"1","492",0.59597,0.00000,0.00000,0.00000,0.00000,0.00000,0.00000,79.56897,0.00000,0.00000
"1","493",1.84825,0.00000,0.00000,0.00000,0.00000,0.00000,0.00000,79.56897,0.00000,0.00000
"1","494",2.25359,0.00000,0.00000,0.00000,0.00000,0.00000,0.00000,79.56897,0.00000,0.00000
"1","495",25.63285,0.00000,3.53559,0.00000,0.00000,0.00000,0.00000,79.56897,0.00000,0.00000
"1","496",11.05039,0.00000,7.71304,0.00000,0.00000,0.00000,0.00000,79.56897,0.00000,0.00000
"1","497",1.38774,0.00000,22.00601,0.00000,0.00000,0.00000,0.00000,79.56897,0.00000,0.00000
"1","498",0.00000,0.00000,79.97983,0.00000,0.00000,0.00000,0.00000,40.62017,0.00000,0.00000
"1","499",0.00000,0.00000,95.10235,0.00000,0.00000,0.00000,0.00000,25.49765,0.00000,0.00000
"1","500",0.00000,0.00000,86.55056,0.00000,0.00000,0.00000,0.00000,31.44944,0.00000,0.00000
"1","501",0.00000,0.00000,124.75886,0.00000,0.00000,0.00000,0.00000,0.00000,0.00000,0.00000
"1","502",0.00000,0.00000,109.34879,0.00000,0.00000,0.00000,0.00000,0.85121,0.00000,0.00000
"1","503",0.00000,0.00000,87.93804,0.00000,0.00000,0.00000,0.00000,16.96196,0.00000,0.00000
"1","504",0.00000,0.00000,50.29662,0.00000,0.00000,0.00000,0.00000,49.10338,0.00000,0.00000
"1","505",0.00000,0.00000,37.88489,0.00000,0.00000,0.00000,0.00000,57.01511,0.00000,0.00000
"1","506",0.00000,0.00000,24.46951,0.00000,0.00000,0.00000,0.00000,67.03049,0.00000,0.00000
"1","507",0.00000,0.00000,11.18535,0.00000,0.00000,0.00000,0.00000,78.61465,0.00000,0.00000
"1","508",0.00000,0.00000,20.72762,0.00000,0.00000,0.00000,0.00000,68.07238,0.00000,0.00000
"1","509",0.00000,0.00000,19.57100,0.00000,0.00000,0.00000,0.00000,69.82900,0.00000,0.00000
"1","510",0.00000,0.00000,17.46349,0.00000,0.00000,0.00000,0.00000,73.13651,0.00000,0.00000
"1","511",0.00000,0.00000,10.95132,0.00000,0.00000,0.00000,0.00000,79.56897,0.00000,0.00000
"1","512",0.00000,0.00000,10.95132,0.00000,0.00000,0.00000,0.00000,79.56897,0.00000,0.00000
"1","513",0.00000,0.00000,20.93671,0.00000,0.00000,0.00000,0.00000,79.56897,0.00000,0.00000
"1","514",0.00000,0.00000,36.36359,0.00000,0.00000,0.00000,0.00000,74.03641,0.00000,0.00000
"1","515",0.00000,0.00000,50.25366,0.00000,0.00000,0.00000,0.00000,61.54634,0.00000,0.00000
"1","516",9.13736,0.00000,27.08925,0.00000,0.00000,0.00000,0.00000,77.17339,0.00000,0.00000
"1","517",19.57316,0.00000,26.05348,0.00000,0.00000,0.00000,0.00000,68.97336,0.00000,0.00000
"1","518",19.98930,0.00000,15.95293,0.00000,0.00000,0.00000,0.00000,78.85776,0.00000,0.00000
"1","519",18.42435,0.00000,13.66454,0.00000,0.00000,0.00000,0.00000,79.56897,0.00000,0.00000
"1","520",9.11051,0.00000,27.27043,0.00000,0.00000,0.00000,0.00000,77.71907,0.00000,0.00000
"1","521",1.45001,0.00000,0.00000,0.00000,0.00000,0.00000,0.00000,79.56897,0.00000,0.00000
"1","522",0.00000,0.00000,0.00000,0.00000,0.00000,0.00000,0.00000,79.56897,0.00000,0.00000
"1","523",0.00000,0.00000,0.00000,0.00000,0.00000,0.00000,0.00000,79.56897,0.00000,0.00000
"1","524",0.00000,0.00000,0.00000,0.00000,0.00000,0.00000,0.00000,79.56897,0.00000,0.00000
"1","525",0.00000,0.00000,0.00000,0.00000,0.00000,0.00000,0.00000,79.56897,0.00000,0.00000
"1","526",0.00000,0.00000,0.00000,0.00000,0.00000,0.00000,0.00000,79.56897,0.00000,0.00000
"1","527",0.00000,0.00000,0.00000,0.00000,0.00000,0.00000,0.00000,79.56897,0.00000,0.00000
"1","528",0.00000,0.00000,5.94451,0.00000,0.00000,0.00000,0.00000,79.56897,0.00000,0.00000
"1","529",0.00000,0.00000,3.98024,0.00000,0.00000,0.00000,0.00000,79.56897,0.00000,0.00000
"1","530",0.00000,0.00000,0.00000,0.00000,0.00000,0.00000,0.00000,79.56897,0.00000,0.00000
"1","531",0.00000,0.00000,0.00000,0.00000,0.00000,0.00000,0.00000,79.56897,0.00000,0.00000
"1","532",0.00000,0.00000,6.79209,0.00000,0.00000,0.00000,0.00000,79.56897,0.00000,0.00000
"1","533",0.00000,0.00000,0.17762,0.00000,0.00000,0.00000,0.00000,79.56897,0.00000,0.00000
"1","534",0.00000,0.00000,0.00000,0.00000,0.00000,0.00000,0.00000,79.56897,0.00000,0.00000
"1","535",0.00000,0.00000,0.00000,0.00000,0.00000,0.00000,0.00000,79.56897,0.00000,0.00000
"1","536",0.00000,0.00000,2.51335,0.00000,0.00000,0.00000,0.00000,79.56897,0.00000,0.00000
"1","537",0.00000,0.00000,3.58176,0.00000,0.00000,0.00000,0.00000,79.56897,0.00000,0.00000
"1","538",0.00000,0.00000,2.05883,0.00000,0.00000,0.00000,0.00000,79.56897,0.00000,0.00000
"1","539",33.29717,0.00000,11.51520,0.00000,0.00000,0.00000,0.00000,71.68763,0.00000,0.00000
"1","540",126.39584,0.00000,31.42090,0.00000,0.00000,0.00000,0.00000,0.00000,0.00000,0.00000
"1","541",175.57039,0.00000,7.33209,0.00000,0.00000,0.00000,0.00000,0.00000,0.00000,0.00000
"1","542",58.05178,0.00000,0.00000,0.00000,0.00000,0.00000,0.00000,58.24822,0.00000,0.00000
"1","543",55.32572,0.00000,4.07183,0.00000,0.00000,0.00000,0.00000,56.20245,0.00000,0.00000
"1","544",65.40465,0.00000,26.61717,0.00000,0.00000,0.00000,0.00000,23.37818,0.00000,0.00000
"1","545",10.80304,0.00000,23.11538,0.00000,0.00000,0.00000,0.00000,79.56897,0.00000,0.00000
"1","546",0.00000,0.00000,8.62708,0.00000,0.00000,0.00000,0.00000,79.56897,0.00000,0.00000
"1","547",0.00000,0.00000,0.00000,0.00000,0.00000,0.00000,0.00000,79.56897,0.00000,0.00000
"1","548",0.00000,0.00000,5.58618,0.00000,0.00000,0.00000,0.00000,79.56897,0.00000,0.00000
"1","549",0.00000,0.00000,17.22545,0.00000,0.00000,0.00000,0.00000,79.56897,0.00000,0.00000
"1","550",0.00000,0.00000,19.85565,0.00000,0.00000,0.00000,0.00000,79.56897,0.00000,0.00000
"1","551",0.00000,0.00000,57.90611,0.00000,0.00000,0.00000,0.00000,41.99389,0.00000,0.00000
"1","552",0.00000,0.00000,63.04949,0.00000,0.00000,0.00000,0.00000,29.75051,0.00000,0.00000
"1","553",0.00000,0.00000,26.02668,0.00000,0.00000,0.00000,0.00000,62.17332,0.00000,0.00000
"1","554",0.00000,0.00000,38.90357,0.00000,0.00000,0.00000,0.00000,46.49643,0.00000,0.00000
"1","555",0.00000,0.00000,38.35949,0.00000,0.00000,0.00000,0.00000,45.34051,0.00000,0.00000
"1","556",0.00000,0.00000,62.50167,0.00000,0.00000,0.00000,0.00000,20.79833,0.00000,0.00000
"1","557",0.00000,0.00000,104.58317,0.00000,0.00000,0.00000,0.00000,0.00000,0.00000,0.00000
"1","558",0.00000,0.00000,94.69051,0.00000,0.00000,0.00000,0.00000,0.00000,0.00000,0.00000
"1","559",0.00000,0.00000,66.32071,0.00000,0.00000,0.00000,0.00000,30.57929,0.00000,0.00000
"1","560",0.00000,0.00000,43.01249,0.00000,0.00000,0.00000,0.00000,39.42489,0.00000,0.00000
"1","561",0.00000,0.00000,100.52637,0.00000,0.00000,0.00000,0.00000,8.27363,0.00000,0.00000
"1","562",0.00000,0.00000,89.78611,0.00000,0.00000,0.00000,0.00000,21.51389,0.00000,0.00000
"1","563",31.99002,0.00000,35.91924,0.00000,0.00000,0.00000,0.00000,43.59074,0.00000,0.00000
"1","564",127.79007,0.00000,45.49018,0.00000,0.00000,0.00000,0.00000,0.00000,0.00000,0.00000
"1","565",176.20993,0.00000,123.62233,70.21707,0.00000,0.00000,0.00000,0.00000,0.00000,0.00000
"1","566",109.11261,80.93032,190.21965,0.00000,0.00000,0.00000,0.00000,0.00000,0.00000,0.00000
"1","567",167.59781,0.00000,80.03979,0.00000,0.00000,0.00000,0.00000,0.00000,0.00000,0.00000
"1","568",100.19615,0.00000,40.07906,0.00000,0.00000,0.00000,0.00000,0.00000,0.00000,0.00000
"1","569",29.70003,0.00000,144.28176,0.00000,0.00000,0.00000,0.00000,0.00000,0.00000,0.00000
"1","570",0.00000,0.00000,96.08200,0.00000,0.00000,0.00000,15.29435,0.00000,0.00000,0.00000
"1","571",0.00000,0.00000,179.12694,0.00000,0.00000,0.00000,0.00000,0.00000,0.00000,0.00000
"1","572",0.00000,0.00000,92.37129,0.00000,0.00000,0.00000,61.91903,0.00000,0.00000,0.00000
"1","573",0.00000,0.00000,114.22181,0.00000,0.00000,0.00000,0.00000,0.00000,0.00000,0.00000
"1","574",0.00000,0.00000,98.74544,0.00000,0.00000,0.00000,0.00000,0.00000,0.00000,0.00000
"1","575",0.00000,0.00000,165.33997,0.00000,0.00000,0.00000,0.00000,0.00000,0.00000,0.00000
"1","576",0.00000,0.00000,266.84598,0.00000,0.00000,0.00000,0.00000,0.00000,0.00000,0.00000
"1","577",0.00000,0.00000,273.83226,6.70824,0.00000,0.00000,0.00000,0.00000,0.00000,0.00000
"1","578",0.00000,0.00000,271.23226,9.30824,0.00000,0.00000,0.00000,0.00000,0.00000,0.00000
"1","579",0.00000,0.00000,269.63226,10.90824,0.00000,0.00000,0.00000,0.00000,0.00000,0.00000
"1","580",0.00000,0.00000,269.43226,1.85902,0.00000,0.00000,0.00000,0.00000,0.00000,0.00000
"1","581",0.00000,0.00000,138.28527,0.00000,0.00000,0.00000,0.00000,0.00000,0.00000,0.00000
"1","582",0.00000,0.00000,107.73410,0.00000,0.00000,0.00000,0.00000,0.00000,0.00000,0.00000
"1","583",0.00000,0.00000,261.42570,0.00000,0.00000,0.00000,0.00000,0.00000,0.00000,0.00000
"1","584",0.00000,0.00000,50.81726,0.00000,0.00000,0.00000,0.00000,0.00000,0.00000,0.00000
"1","585",0.00000,0.00000,53.47473,0.00000,0.00000,0.00000,0.00000,0.00000,0.00000,0.00000
"1","586",0.00000,0.00000,135.16609,0.00000,0.00000,0.00000,0.00000,0.00000,0.00000,0.00000
"1","587",35.46336,0.00000,66.71164,0.00000,0.00000,0.00000,0.00000,0.00000,0.00000,0.00000
"1","588",133.19285,0.00000,25.71924,0.00000,0.00000,0.00000,0.00000,0.00000,0.00000,0.00000
"1","589",32.65636,151.84350,265.57590,0.00000,0.00000,0.00000,0.00000,0.00000,0.00000,0.00000
"1","590",197.79830,0.00000,38.15889,0.00000,0.00000,0.00000,0.00000,0.00000,0.00000,0.00000
"1","591",175.24432,0.00000,28.12876,0.00000,0.00000,0.00000,0.00000,0.00000,0.00000,0.00000
"1","592",110.03367,0.00000,12.16387,0.00000,0.00000,0.00000,0.00000,0.00000,0.00000,0.00000
"1","593",32.88490,0.00000,39.89032,0.00000,0.00000,0.00000,0.00000,14.60849,0.00000,0.00000
"1","594",0.00000,0.00000,47.44219,0.00000,0.00000,0.00000,0.00000,0.00000,0.00000,0.00000
"1","595",0.00000,0.00000,99.96323,0.00000,0.00000,0.00000,0.00000,0.00000,0.00000,0.00000
"1","596",0.00000,0.00000,163.53757,0.00000,0.00000,0.00000,0.00000,0.00000,0.00000,0.00000
"1","597",0.00000,0.00000,118.15254,0.00000,0.00000,0.00000,0.00000,0.00000,0.00000,0.00000
"1","598",0.00000,0.00000,69.94634,0.00000,0.00000,0.00000,0.00000,0.00000,0.00000,0.00000
"1","599",0.00000,0.00000,76.27193,0.00000,0.00000,0.00000,0.00000,0.00000,0.00000,0.00000
"1","600",0.00000,0.00000,33.52775,0.00000,0.00000,0.00000,0.00000,0.00000,0.00000,0.00000
"1","601",0.00000,0.00000,40.50565,0.00000,0.00000,0.00000,0.00000,0.00000,0.00000,0.00000
"1","602",0.00000,0.00000,80.51103,0.00000,0.00000,0.00000,0.00000,0.00000,0.00000,0.00000
"1","603",0.00000,0.00000,158.03791,0.00000,0.00000,0.00000,0.00000,0.00000,0.00000,0.00000
"1","604",0.00000,0.00000,200.29348,0.00000,0.00000,0.00000,0.00000,0.00000,0.00000,0.00000
"1","605",0.00000,0.00000,86.43514,0.00000,0.00000,0.00000,0.00000,0.00000,0.00000,0.00000
"1","606",0.00000,0.00000,77.22757,0.00000,0.00000,0.00000,0.00000,0.00000,0.00000,0.00000
"1","607",0.00000,0.00000,75.49195,0.00000,0.00000,0.00000,0.00000,0.00000,0.00000,0.00000
"1","608",0.00000,0.00000,109.28155,0.00000,0.00000,0.00000,0.00000,0.00000,0.00000,0.00000
"1","609",0.00000,0.00000,106.18012,0.00000,0.00000,0.00000,0.00000,0.00000,0.00000,0.00000
"1","610",0.00000,0.00000,104.45709,0.00000,0.00000,0.00000,0.00000,0.00000,0.00000,0.00000
"1","611",3.52313,0.00000,76.81237,0.00000,0.00000,0.00000,0.00000,0.00000,0.00000,0.00000
"1","612",64.87540,0.00000,52.15216,0.00000,0.00000,0.00000,0.00000,0.00000,0.00000,0.00000
"1","613",109.91514,0.00000,92.74121,0.00000,0.00000,0.00000,0.00000,0.00000,0.00000,0.00000
"1","614",10.67377,0.00000,79.26401,0.00000,0.00000,0.00000,0.00000,0.00000,0.00000,0.00000
"1","615",24.48080,0.00000,61.61775,0.00000,0.00000,0.00000,0.00000,0.00000,0.00000,0.00000
"1","616",15.84211,0.00000,51.42410,0.00000,0.00000,0.00000,0.00000,0.00000,0.00000,0.00000
"1","617",2.92463,0.00000,65.62132,0.00000,0.00000,0.00000,0.00000,0.00000,0.00000,0.00000
"1","618",0.00000,0.00000,77.39745,0.00000,0.00000,0.00000,0.00000,0.00000,0.00000,0.00000
"1","619",0.00000,0.00000,134.34987,0.00000,0.00000,0.00000,0.00000,0.00000,0.00000,0.00000
"1","620",0.00000,0.00000,132.73332,0.00000,0.00000,0.00000,0.00000,0.00000,0.00000,0.00000
"1","621",0.00000,0.00000,146.75002,0.00000,0.00000,0.00000,0.00000,0.00000,0.00000,0.00000
"1","622",0.00000,0.00000,88.92310,0.00000,0.00000,0.00000,0.00000,0.00000,0.00000,0.00000
"1","623",0.00000,0.00000,83.44633,0.00000,0.00000,0.00000,0.00000,0.00000,0.00000,0.00000
"1","624",0.00000,0.00000,111.91325,0.00000,0.00000,0.00000,0.00000,0.00000,0.00000,0.00000
"1","625",0.00000,0.00000,143.22553,0.00000,0.00000,0.00000,0.00000,0.00000,0.00000,0.00000
"1","626",0.00000,0.00000,146.86676,0.00000,0.00000,0.00000,0.00000,0.00000,0.00000,0.00000
"1","627",0.00000,0.00000,65.49852,0.00000,0.00000,0.00000,0.00000,0.00000,0.00000,0.00000
"1","628",0.00000,0.00000,24.47913,0.00000,0.00000,0.00000,0.00000,0.00000,0.00000,0.00000
"1","629",0.00000,0.00000,19.54205,0.00000,0.00000,0.00000,0.00000,0.00000,0.00000,0.00000
"1","630",0.00000,0.00000,28.67275,0.00000,0.00000,0.00000,0.00000,0.00000,0.00000,0.00000
"1","631",0.00000,0.00000,59.78901,0.00000,0.00000,0.00000,0.00000,0.00000,0.00000,0.00000
"1","632",0.00000,0.00000,47.49318,0.00000,0.00000,0.00000,0.00000,56.50682,0.00000,0.00000
"1","633",0.00000,0.00000,38.31569,0.00000,0.00000,0.00000,0.00000,72.28431,0.00000,0.00000
"1","634",0.00000,0.00000,38.07858,0.00000,0.00000,0.00000,0.00000,74.72142,0.00000,0.00000
"1","635",1.71644,0.00000,193.04185,0.00000,0.00000,0.00000,0.00000,0.00000,0.00000,0.00000
"1","636",16.82374,0.00000,242.68914,0.00000,0.00000,0.00000,0.00000,0.00000,0.00000,0.00000
"1","637",93.71794,0.00000,158.70844,0.00000,0.00000,0.00000,0.00000,0.00000,0.00000,0.00000
"1","638",60.72028,0.00000,124.81863,0.00000,0.00000,0.00000,0.00000,0.00000,0.00000,0.00000
"1","639",25.28468,0.00000,135.18570,0.00000,0.00000,0.00000,0.00000,0.00000,0.00000,0.00000
"1","640",18.13815,0.00000,18.27467,0.00000,0.00000,0.00000,0.00000,74.38718,0.00000,0.00000
"1","641",3.94689,0.00000,0.00000,0.00000,0.00000,0.00000,0.00000,79.56897,0.00000,0.00000
"1","642",0.00000,0.00000,1.89861,0.00000,0.00000,0.00000,0.00000,79.56897,0.00000,0.00000
"1","643",0.00000,0.00000,9.99735,0.00000,0.00000,0.00000,0.00000,46.29605,0.00000,0.00000
"1","644",0.00000,0.00000,31.44761,0.00000,0.00000,0.00000,0.00000,79.56897,0.00000,0.00000
"1","645",0.00000,0.00000,8.11586,0.00000,0.00000,0.00000,0.00000,79.56897,0.00000,0.00000
"1","646",0.00000,0.00000,4.82281,0.00000,0.00000,0.00000,0.00000,16.32945,0.00000,0.00000
"1","647",0.00000,0.00000,0.00000,0.00000,0.00000,0.00000,0.00000,14.85226,0.00000,0.00000
"1","648",0.00000,0.00000,0.00000,0.00000,0.00000,0.00000,0.00000,8.55226,0.00000,0.00000
"1","649",0.00000,0.00000,0.00000,0.00000,0.00000,0.00000,0.00000,79.56897,0.00000,0.00000
"1","650",0.00000,0.00000,4.63523,0.00000,0.00000,0.00000,0.00000,79.56897,0.00000,0.00000
"1","651",0.00000,0.00000,2.84543,0.00000,0.00000,0.00000,0.00000,79.56897,0.00000,0.00000
"1","652",0.00000,0.00000,0.00000,0.00000,0.00000,0.00000,0.00000,79.56897,0.00000,0.00000
"1","653",0.00000,0.00000,0.00000,0.00000,0.00000,0.00000,0.00000,79.56897,0.00000,0.00000
"1","654",0.00000,0.00000,0.00000,0.00000,0.00000,0.00000,0.00000,79.56897,0.00000,0.00000
"1","655",0.00000,0.00000,24.75995,0.00000,0.00000,0.00000,0.00000,63.24005,0.00000,0.00000
"1","656",0.00000,0.00000,25.80058,0.00000,0.00000,0.00000,0.00000,67.09942,0.00000,0.00000
"1","657",0.00000,0.00000,7.03030,0.00000,0.00000,0.00000,0.00000,79.56897,0.00000,0.00000
"1","658",0.00000,0.00000,41.04974,0.00000,0.00000,0.00000,0.00000,63.05026,0.00000,0.00000
"1","659",3.26123,0.00000,79.95434,0.00000,0.00000,0.00000,0.00000,22.68443,0.00000,0.00000
"1","660",40.85651,0.00000,172.71768,0.00000,0.00000,0.00000,0.00000,0.00000,0.00000,0.00000
"1","661",78.19464,0.00000,67.89011,0.00000,0.00000,0.00000,0.00000,0.00000,0.00000,0.00000
"1","662",53.59962,0.00000,0.00000,0.00000,0.00000,0.00000,0.00000,0.00000,0.00000,0.00000
"1","663",51.18850,0.00000,27.21878,0.00000,0.00000,0.00000,0.00000,0.00000,0.00000,0.00000
"1","664",35.59795,0.00000,177.86339,0.00000,0.00000,0.00000,0.00000,0.00000,0.00000,0.00000
"1","665",5.65056,0.00000,161.38029,0.00000,0.00000,0.00000,0.00000,0.00000,0.00000,0.00000
"1","666",0.00000,0.00000,150.23902,0.00000,0.00000,0.00000,0.00000,0.00000,0.00000,0.00000
"1","667",0.00000,0.00000,155.18956,0.00000,0.00000,0.00000,0.00000,0.00000,0.00000,0.00000
"1","668",0.00000,0.00000,76.15921,0.00000,0.00000,0.00000,0.00000,0.00000,0.00000,0.00000
"1","669",0.00000,0.00000,59.47644,0.00000,0.00000,0.00000,0.00000,0.00000,0.00000,0.00000
"1","670",0.00000,0.00000,158.21068,0.00000,0.00000,0.00000,0.00000,0.00000,0.00000,0.00000
"1","671",0.00000,0.00000,174.16240,0.00000,0.00000,0.00000,0.00000,0.00000,0.00000,0.00000
"1","672",0.00000,0.00000,80.29016,0.00000,0.00000,0.00000,0.00000,0.00000,0.00000,0.00000
"1","673",0.00000,0.00000,276.83226,3.70824,0.00000,0.00000,0.00000,0.00000,0.00000,0.00000
"1","674",0.00000,0.00000,274.03226,6.50824,0.00000,0.00000,0.00000,0.00000,0.00000,0.00000
"1","675",0.00000,0.00000,272.73226,7.80824,0.00000,0.00000,0.00000,0.00000,0.00000,0.00000
"1","676",0.00000,0.00000,272.13226,8.40824,0.00000,0.00000,0.00000,0.00000,0.00000,0.00000
"1","677",0.00000,0.00000,0.00000,0.00000,0.00000,0.00000,0.00000,0.00000,0.00000,0.00000
"1","678",0.00000,0.00000,0.00000,0.00000,0.00000,0.00000,0.00000,1.35226,0.00000,0.00000
"1","679",0.00000,0.00000,0.00000,0.00000,0.00000,0.00000,0.00000,4.95226,0.00000,0.00000
"1","680",0.00000,0.00000,0.00000,0.00000,0.00000,0.00000,0.00000,10.15226,0.00000,0.00000
"1","681",0.00000,0.00000,0.00000,0.00000,0.00000,0.00000,0.00000,16.45226,0.00000,0.00000
"1","682",0.00000,0.00000,280.54050,0.00000,0.00000,0.00000,0.00000,0.00000,0.00000,0.00000
"1","683",4.22148,0.00000,272.22797,0.00000,0.00000,0.00000,0.00000,0.00000,0.00000,0.00000
"1","684",29.62340,0.00000,155.70693,0.00000,0.00000,0.00000,0.00000,0.00000,0.00000,0.00000
"1","685",48.67868,0.00000,51.37591,0.00000,0.00000,0.00000,0.00000,0.00000,0.00000,0.00000
"1","686",60.29020,0.00000,104.42161,0.00000,0.00000,0.00000,0.00000,0.00000,0.00000,0.00000
"1","687",18.75902,0.00000,145.62282,0.00000,0.00000,0.00000,0.00000,0.00000,0.00000,0.00000
"1","688",12.49107,0.00000,280.54050,0.00000,0.00000,0.00000,0.00000,0.00000,0.00000,0.00000
"1","689",2.70889,0.00000,184.53788,0.00000,0.00000,0.00000,0.00000,0.00000,0.00000,0.00000
"1","690",0.00000,0.00000,121.81805,0.00000,0.00000,0.00000,0.00000,0.00000,0.00000,0.00000
"1","691",0.00000,0.00000,5.45680,0.00000,0.00000,0.00000,0.00000,49.27937,0.00000,0.00000
"1","692",0.00000,0.00000,18.41484,0.00000,0.00000,0.00000,0.00000,13.13741,0.00000,0.00000
"1","693",0.00000,0.00000,39.37406,0.00000,0.00000,0.00000,0.00000,0.00000,0.00000,0.00000
"1","694",0.00000,0.00000,15.15334,0.00000,0.00000,0.00000,0.00000,5.29892,0.00000,0.00000
"1","695",0.00000,0.00000,41.93431,0.00000,0.00000,0.00000,0.00000,0.00000,0.00000,0.00000
"1","696",0.00000,0.00000,5.87974,0.00000,0.00000,0.00000,0.00000,0.00000,0.00000,0.00000
"1","697",0.00000,0.00000,168.49464,0.00000,0.00000,0.00000,0.00000,0.00000,0.00000,0.00000
"1","698",0.00000,0.00000,220.61112,0.00000,0.00000,0.00000,0.00000,0.00000,0.00000,0.00000
"1","699",0.00000,0.00000,269.93226,10.60824,0.00000,0.00000,0.00000,0.00000,0.00000,0.00000
"1","700",0.00000,0.00000,264.64388,0.00000,0.00000,0.00000,0.00000,0.00000,0.00000,0.00000
"1","701",0.00000,0.00000,262.15320,0.00000,0.00000,0.00000,0.00000,0.00000,0.00000,0.00000
"1","702",0.00000,0.00000,108.43358,0.00000,0.00000,0.00000,0.00000,0.00000,0.00000,0.00000
"1","703",0.00000,0.00000,258.98546,0.00000,0.00000,0.00000,0.00000,0.00000,0.00000,0.00000
"1","704",0.00000,0.00000,55.17113,0.00000,0.00000,0.00000,0.00000,0.00000,0.00000,0.00000
"1","705",0.00000,0.00000,190.01326,0.00000,0.00000,0.00000,0.00000,0.00000,0.00000,0.00000
"1","706",0.00000,0.00000,11.96907,0.00000,0.00000,0.00000,0.00000,79.56897,0.00000,0.00000
"1","707",3.78072,0.00000,0.00000,0.00000,0.00000,0.00000,0.00000,79.56897,0.00000,0.00000
"1","708",24.78504,0.00000,0.00000,0.00000,0.00000,0.00000,0.00000,79.56897,0.00000,0.00000
"1","709",45.25101,0.00000,1.56704,0.00000,0.00000,0.00000,0.00000,64.58195,0.00000,0.00000
"1","710",56.40163,0.00000,0.00000,0.00000,0.00000,0.00000,0.00000,54.19837,0.00000,0.00000
"1","711",9.78411,0.00000,7.87751,0.00000,0.00000,0.00000,0.00000,79.56897,0.00000,0.00000
"1","712",7.31915,0.00000,10.30843,0.00000,0.00000,0.00000,0.00000,79.56897,0.00000,0.00000
"1","713",2.50539,0.00000,30.37046,0.00000,0.00000,0.00000,0.00000,79.56897,0.00000,0.00000
"1","714",0.00000,0.00000,19.70305,0.00000,0.00000,0.00000,0.00000,79.56897,0.00000,0.00000
"1","715",0.00000,0.00000,16.73936,0.00000,0.00000,0.00000,0.00000,79.56897,0.00000,0.00000
"1","716",0.00000,0.00000,45.63269,0.00000,0.00000,0.00000,0.00000,70.36731,0.00000,0.00000
"1","717",0.00000,0.00000,76.16752,0.00000,0.00000,0.00000,0.00000,34.63248,0.00000,0.00000
"1","718",0.00000,0.00000,39.33139,0.00000,0.00000,0.00000,0.00000,65.36861,0.00000,0.00000
"1","719",0.00000,0.00000,0.00000,0.00000,0.00000,0.00000,0.00000,79.56897,0.00000,0.00000
"1","720",0.00000,0.00000,0.00000,0.00000,0.00000,0.00000,0.00000,79.56897,0.00000,0.00000
"1","721",0.00000,0.00000,0.00000,0.00000,0.00000,0.00000,0.00000,79.56897,0.00000,0.00000
"1","722",0.00000,0.00000,0.00000,0.00000,0.00000,0.00000,0.00000,79.56897,0.00000,0.00000
"1","723",0.00000,0.00000,0.00000,0.00000,0.00000,0.00000,0.00000,79.56897,0.00000,0.00000
"1","724",0.00000,0.00000,0.00000,0.00000,0.00000,0.00000,0.00000,79.56897,0.00000,0.00000
"1","725",0.00000,0.00000,0.00000,0.00000,0.00000,0.00000,0.00000,79.56897,0.00000,0.00000
"1","726",0.00000,0.00000,0.00000,0.00000,0.00000,0.00000,0.00000,79.56897,0.00000,0.00000
"1","727",0.00000,0.00000,0.00000,0.00000,0.00000,0.00000,0.00000,16.02377,0.00000,0.00000
"1","728",0.00000,0.00000,0.00000,0.00000,0.00000,0.00000,0.00000,79.56897,0.00000,0.00000
"1","729",0.00000,0.00000,0.00000,0.00000,0.00000,0.00000,0.00000,79.56897,0.00000,0.00000
"1","730",0.00000,0.00000,0.00000,0.00000,0.00000,0.00000,0.00000,79.56897,0.00000,0.00000
"1","731",4.78868,0.00000,0.00000,0.00000,0.00000,0.00000,0.00000,24.16358,0.00000,0.00000
"1","732",25.86811,0.00000,10.64780,0.00000,0.00000,0.00000,0.00000,76.38408,0.00000,0.00000
"1","733",43.54184,0.00000,21.95166,0.00000,0.00000,0.00000,0.00000,45.20650,0.00000,0.00000
"1","734",53.32484,0.00000,44.54387,0.00000,0.00000,0.00000,0.00000,12.23129,0.00000,0.00000
"1","735",65.06359,0.00000,182.83167,0.00000,0.00000,0.00000,0.00000,0.00000,0.00000,0.00000
"1","736",49.51803,0.00000,233.87231,0.00000,0.00000,0.00000,0.00000,0.00000,0.00000,0.00000
"1","737",9.56608,0.00000,265.38912,0.00000,0.00000,0.00000,0.00000,0.00000,0.00000,0.00000
"1","738",0.00000,0.00000,259.84463,0.00000,0.00000,0.00000,0.00000,0.00000,0.00000,0.00000
"1","739",0.00000,0.00000,235.73355,0.00000,0.00000,0.00000,0.00000,0.00000,0.00000,0.00000
"1","740",0.00000,0.00000,190.91633,0.00000,0.00000,0.00000,0.00000,0.00000,0.00000,0.00000
"1","741",0.00000,0.00000,163.21071,0.00000,0.00000,0.00000,0.00000,0.00000,0.00000,0.00000
"1","742",0.00000,0.00000,116.20165,0.00000,0.00000,0.00000,0.00000,0.00000,0.00000,0.00000
"1","743",0.00000,0.00000,102.46418,0.00000,0.00000,0.00000,0.00000,0.00000,0.00000,0.00000
"1","744",0.00000,0.00000,57.67031,0.00000,0.00000,0.00000,0.00000,36.22969,0.00000,0.00000
"1","745",0.00000,0.00000,23.87528,0.00000,0.00000,0.00000,0.00000,0.00000,0.00000,0.00000
"1","746",0.00000,0.00000,17.88038,0.00000,0.00000,0.00000,0.00000,0.00000,0.00000,0.00000
"1","747",0.00000,0.00000,19.09957,0.00000,0.00000,0.00000,0.00000,0.00000,0.00000,0.00000
"1","748",0.00000,0.00000,37.75396,0.00000,0.00000,0.00000,0.00000,0.00000,0.00000,0.00000
"1","749",0.00000,0.00000,19.71024,0.00000,0.00000,0.00000,0.00000,0.00000,0.00000,0.00000
"1","750",0.00000,0.00000,0.00000,0.00000,0.00000,0.00000,0.00000,0.00000,0.00000,0.00000
"1","751",0.00000,0.00000,6.35139,0.00000,0.00000,0.00000,0.00000,0.00000,0.00000,0.00000
"1","752",0.00000,0.00000,49.18725,0.00000,0.00000,0.00000,0.00000,0.00000,0.00000,0.00000
"1","753",0.00000,0.00000,11.29004,0.00000,0.00000,0.00000,0.00000,0.00000,0.00000,0.00000
"1","754",0.00000,0.00000,0.00000,0.00000,0.00000,0.00000,0.00000,0.00000,0.00000,0.00000
"1","755",4.80688,0.00000,0.00000,0.00000,0.00000,0.00000,0.00000,0.00000,0.00000,0.00000
"1","756",21.66833,0.00000,0.00000,0.00000,0.00000,0.00000,0.00000,0.00000,0.00000,0.00000
"1","757",38.59729,0.00000,0.00000,0.00000,0.00000,0.00000,0.00000,0.00000,0.00000,0.00000
"1","758",225.89583,0.00000,0.00000,0.00000,0.00000,0.00000,0.00000,0.00000,0.00000,0.00000
"1","759",204.72496,0.00000,0.00000,0.00000,0.00000,0.00000,0.00000,0.00000,0.00000,0.00000
"1","760",149.32038,0.00000,0.00000,0.00000,0.00000,0.00000,0.00000,0.00000,0.00000,0.00000
"1","761",48.26965,0.00000,0.00000,0.00000,0.00000,0.00000,0.00000,0.00000,0.00000,0.00000
"1","762",0.00000,0.00000,9.67451,0.00000,0.00000,0.00000,0.00000,0.00000,0.00000,0.00000
"1","763",0.00000,0.00000,0.00000,0.00000,0.00000,0.00000,0.00000,0.00000,0.00000,0.00000
"1","764",0.00000,0.00000,6.86917,0.00000,0.00000,0.00000,0.00000,0.00000,0.00000,0.00000
"1","765",0.00000,0.00000,1.44199,0.00000,0.00000,0.00000,0.00000,0.00000,0.00000,0.00000
"1","766",0.00000,0.00000,0.00000,0.00000,0.00000,0.00000,0.00000,0.00000,0.00000,0.00000
"1","767",0.00000,0.00000,2.59854,0.00000,0.00000,0.00000,0.00000,0.00000,0.00000,0.00000
"1","768",0.00000,0.00000,84.30812,0.00000,0.00000,0.00000,0.00000,0.00000,0.00000,0.00000
"1","769",0.00000,0.00000,117.86584,0.00000,0.00000,0.00000,0.00000,0.00000,0.00000,0.00000
"1","770",0.00000,0.00000,118.59054,0.00000,0.00000,0.00000,0.00000,0.00000,0.00000,0.00000
"1","771",0.00000,0.00000,115.84584,0.00000,0.00000,0.00000,0.00000,0.00000,0.00000,0.00000
"1","772",0.00000,0.00000,132.00675,0.00000,0.00000,0.00000,0.00000,0.00000,0.00000,0.00000
"1","773",0.00000,0.00000,136.38481,0.00000,0.00000,0.00000,0.00000,0.00000,0.00000,0.00000
"1","774",0.00000,0.00000,66.74087,0.00000,0.00000,0.00000,0.00000,0.00000,0.00000,0.00000
"1","775",0.00000,0.00000,38.98977,0.00000,0.00000,0.00000,0.00000,0.00000,0.00000,0.00000
"1","776",0.00000,0.00000,41.11744,0.00000,0.00000,0.00000,0.00000,0.00000,0.00000,0.00000
"1","777",0.00000,0.00000,77.85206,0.00000,0.00000,0.00000,0.00000,0.00000,0.00000,0.00000
"1","778",0.00000,0.00000,72.97633,0.00000,0.00000,0.00000,0.00000,0.00000,0.00000,0.00000
"1","779",8.08351,0.00000,51.04401,0.00000,0.00000,0.00000,0.00000,0.00000,0.00000,0.00000
"1","780",28.15243,3.10597,272.87982,0.00000,0.00000,0.00000,0.00000,0.00000,0.00000,0.00000
"1","781",52.06413,0.00000,248.36813,32.17236,0.00000,0.00000,0.00000,0.00000,0.00000,0.00000
"1","782",19.39176,25.02614,280.54050,0.00000,0.00000,0.00000,0.00000,0.00000,0.00000,0.00000
"1","783",19.19176,23.42945,280.54050,0.00000,0.00000,0.00000,0.00000,0.00000,0.00000,0.00000
"1","784",32.41796,0.00000,0.00000,0.00000,0.00000,0.00000,0.00000,0.00000,0.00000,0.00000
"1","785",10.72558,0.00000,0.00000,0.00000,0.00000,0.00000,0.00000,44.35550,0.00000,0.00000
"1","786",0.00000,0.00000,0.00000,0.00000,0.00000,0.00000,0.00000,0.00000,0.00000,0.00000
"1","787",0.00000,0.00000,0.00000,0.00000,0.00000,0.00000,0.00000,0.00000,0.00000,0.00000
"1","788",0.00000,0.00000,0.00000,0.00000,0.00000,0.00000,0.00000,48.88856,0.00000,0.00000
"1","789",0.00000,0.00000,0.00000,0.00000,0.00000,0.00000,0.00000,48.88856,0.00000,0.00000
"1","790",0.00000,0.00000,0.00000,0.00000,0.00000,0.00000,0.00000,22.25226,0.00000,0.00000
"1","791",0.00000,0.00000,0.00000,0.00000,0.00000,0.00000,0.00000,14.95226,0.00000,0.00000
"1","792",0.00000,0.00000,0.00000,0.00000,0.00000,0.00000,0.00000,7.95226,0.00000,0.00000
"1","793",0.00000,0.00000,0.00000,0.00000,0.00000,0.00000,0.00000,29.89492,0.00000,0.00000
"1","794",0.00000,0.00000,53.50134,0.00000,0.00000,0.00000,0.00000,32.49866,0.00000,0.00000
"1","795",0.00000,0.00000,273.13226,7.40824,0.00000,0.00000,0.00000,0.00000,0.00000,0.00000
"1","796",0.00000,0.00000,259.10418,21.43632,0.00000,0.00000,0.00000,0.00000,0.00000,0.00000
"1","797",0.00000,0.00000,189.38452,91.15598,0.00000,0.00000,0.00000,0.00000,0.00000,0.00000
"1","798",0.00000,0.00000,278.23226,2.30824,0.00000,0.00000,0.00000,0.00000,0.00000,0.00000
"1","799",0.00000,0.00000,201.58452,78.95598,0.00000,0.00000,0.00000,0.00000,0.00000,0.00000
"1","800",0.00000,0.00000,280.54050,0.00000,0.00000,0.00000,0.00000,0.00000,0.00000,0.00000
"1","801",0.00000,0.00000,280.54050,0.00000,0.00000,0.00000,0.00000,0.00000,0.00000,0.00000
"1","802",0.00000,0.00000,280.54050,0.00000,0.00000,0.00000,0.00000,0.00000,0.00000,0.00000
"1","803",9.52897,0.00000,207.25555,73.28495,0.00000,0.00000,0.00000,0.00000,0.00000,0.00000
"1","804",35.49795,0.00000,265.93431,14.60619,0.00000,0.00000,0.00000,0.00000,0.00000,0.00000
"1","805",59.21622,0.00000,138.18254,0.00000,0.00000,0.00000,19.08575,0.00000,0.00000,0.00000
"1","806",91.36922,0.00000,146.96912,44.16387,0.00000,0.00000,0.00000,0.00000,0.00000,0.00000
"1","807",81.13259,0.00000,47.55734,0.00000,0.00000,0.00000,0.00000,0.00000,0.00000,0.00000
"1","808",56.78527,0.00000,0.00000,0.00000,0.00000,0.00000,0.00000,48.88856,0.00000,0.00000
"1","809",18.66802,0.00000,22.84950,0.00000,0.00000,0.00000,0.00000,48.88856,0.00000,0.00000
"1","810",0.00000,0.00000,0.00000,0.00000,0.00000,0.00000,0.00000,48.88856,0.00000,0.00000
"1","811",0.00000,0.00000,0.00000,0.00000,0.00000,0.00000,0.00000,48.88856,0.00000,0.00000
"1","812",0.00000,0.00000,21.55588,0.00000,0.00000,0.00000,0.00000,48.88856,0.00000,0.00000
"1","813",0.00000,0.00000,9.70999,0.00000,0.00000,0.00000,0.00000,48.88856,0.00000,0.00000
"1","814",0.00000,0.00000,26.30609,0.00000,0.00000,0.00000,0.00000,48.88856,0.00000,0.00000
"1","815",0.00000,0.00000,4.16017,0.00000,0.00000,0.00000,0.00000,48.88856,0.00000,0.00000
"1","816",0.00000,0.00000,26.31478,0.00000,0.00000,0.00000,0.00000,48.88856,0.00000,0.00000
"1","817",0.00000,0.00000,28.90482,0.00000,0.00000,0.00000,0.00000,48.88856,0.00000,0.00000
"1","818",0.00000,0.00000,53.44932,0.00000,0.00000,0.00000,0.00000,33.25068,0.00000,0.00000
"1","819",0.00000,0.00000,34.14710,0.00000,0.00000,0.00000,0.00000,48.88856,0.00000,0.00000
"1","820",0.00000,0.00000,24.58849,0.00000,0.00000,0.00000,0.00000,48.88856,0.00000,0.00000
"1","821",0.00000,0.00000,1.75923,0.00000,0.00000,0.00000,0.00000,48.88856,0.00000,0.00000
"1","822",0.00000,0.00000,2.80357,0.00000,0.00000,0.00000,0.00000,48.88856,0.00000,0.00000
"1","823",0.00000,0.00000,35.70454,0.00000,0.00000,0.00000,0.00000,48.88856,0.00000,0.00000
"1","824",0.00000,0.00000,27.64454,0.00000,0.00000,0.00000,0.00000,48.88856,0.00000,0.00000
"1","825",0.00000,0.00000,157.47758,0.00000,0.00000,0.00000,0.00000,0.00000,0.00000,0.00000
"1","826",0.00000,0.00000,101.33978,0.00000,0.00000,0.00000,0.00000,4.56022,0.00000,0.00000
"1","827",9.15976,0.00000,134.57121,0.00000,0.00000,0.00000,0.00000,0.00000,0.00000,0.00000
"1","828",37.67111,0.00000,51.93596,0.00000,0.00000,0.00000,0.00000,20.99293,0.00000,0.00000
"1","829",64.43710,0.00000,16.91259,0.00000,0.00000,0.00000,0.00000,29.55030,0.00000,0.00000
"1","830",78.35573,0.00000,0.00000,0.00000,0.00000,0.00000,0.00000,31.64427,0.00000,0.00000
"1","831",94.68742,0.00000,4.24402,0.00000,0.00000,0.00000,0.00000,10.26856,0.00000,0.00000
"1","832",73.18227,0.00000,18.73311,0.00000,0.00000,0.00000,0.00000,17.58462,0.00000,0.00000
"1","833",21.92333,0.00000,8.36570,0.00000,0.00000,0.00000,0.00000,48.88856,0.00000,0.00000
"1","834",0.00000,0.00000,8.51541,0.00000,0.00000,0.00000,0.00000,48.88856,0.00000,0.00000
"1","835",0.00000,0.00000,14.45787,0.00000,0.00000,0.00000,0.00000,48.88856,0.00000,0.00000
"1","836",0.00000,0.00000,13.53697,0.00000,0.00000,0.00000,0.00000,48.88856,0.00000,0.00000
"1","837",0.00000,0.00000,0.00000,0.00000,0.00000,0.00000,0.00000,48.88856,0.00000,0.00000
"1","838",0.00000,0.00000,12.49344,0.00000,0.00000,0.00000,0.00000,48.88856,0.00000,0.00000
"1","839",0.00000,0.00000,4.19154,0.00000,0.00000,0.00000,0.00000,48.88856,0.00000,0.00000
"1","840",0.00000,0.00000,0.00000,0.00000,0.00000,0.00000,0.00000,48.88856,0.00000,0.00000
"1","841",0.00000,0.00000,4.85369,0.00000,0.00000,0.00000,0.00000,48.88856,0.00000,0.00000
"1","842",0.00000,0.00000,5.47205,0.00000,0.00000,0.00000,0.00000,48.88856,0.00000,0.00000
"1","843",0.00000,0.00000,4.13192,0.00000,0.00000,0.00000,0.00000,48.88856,0.00000,0.00000
"1","844",0.00000,0.00000,6.69242,0.00000,0.00000,0.00000,0.00000,48.88856,0.00000,0.00000
"1","845",0.00000,0.00000,0.00000,0.00000,0.00000,0.00000,0.00000,48.88856,0.00000,0.00000
"1","846",0.00000,0.00000,0.00000,0.00000,0.00000,0.00000,0.00000,48.88856,0.00000,0.00000
"1","847",0.00000,0.00000,0.00000,0.00000,0.00000,0.00000,0.00000,48.88856,0.00000,0.00000
"1","848",0.00000,0.00000,0.00000,0.00000,0.00000,0.00000,0.00000,48.88856,0.00000,0.00000
"1","849",0.00000,0.00000,0.00000,0.00000,0.00000,0.00000,0.00000,48.88856,0.00000,0.00000
"1","850",0.00000,0.00000,0.00000,0.00000,0.00000,0.00000,0.00000,48.88856,0.00000,0.00000
"1","851",10.21549,0.00000,0.00000,0.00000,0.00000,0.00000,0.00000,48.88856,0.00000,0.00000
"1","852",33.66895,0.00000,0.00000,0.00000,0.00000,0.00000,0.00000,48.88856,0.00000,0.00000
"1","853",54.05630,0.00000,0.00000,0.00000,0.00000,0.00000,0.00000,48.88856,0.00000,0.00000
"1","854",83.92686,0.00000,0.00000,0.00000,0.00000,0.00000,0.00000,32.17314,0.00000,0.00000
"1","855",41.92526,0.00000,0.00000,0.00000,0.00000,0.00000,0.00000,48.88856,0.00000,0.00000
"1","856",31.83806,0.00000,0.00000,0.00000,0.00000,0.00000,0.00000,48.88856,0.00000,0.00000
"1","857",11.63503,0.00000,1.53153,0.00000,0.00000,0.00000,0.00000,48.88856,0.00000,0.00000
"1","858",0.00000,0.00000,7.01521,0.00000,0.00000,0.00000,0.00000,48.88856,0.00000,0.00000
"1","859",0.00000,0.00000,21.92346,0.00000,0.00000,0.00000,0.00000,48.88856,0.00000,0.00000
"1","860",0.00000,0.00000,63.09301,0.00000,0.00000,0.00000,0.00000,48.88856,0.00000,0.00000
"1","861",0.00000,0.00000,108.23467,0.00000,0.00000,0.00000,0.00000,9.76533,0.00000,0.00000
"1","862",0.00000,0.00000,73.54909,0.00000,0.00000,0.00000,0.00000,37.35091,0.00000,0.00000
"1","863",0.00000,0.00000,108.11700,0.00000,0.00000,0.00000,0.00000,0.00000,0.00000,0.00000
"1","864",0.00000,0.00000,98.91541,0.00000,0.00000,0.00000,0.00000,0.00000,0.00000,0.00000
"1","865",0.00000,0.00000,128.77550,0.00000,0.00000,0.00000,0.00000,0.00000,0.00000,0.00000
"1","866",0.00000,0.00000,192.38452,70.55595,0.00000,0.00000,0.00000,0.00000,0.00000,0.00000
"1","867",0.00000,0.00000,275.43226,2.47561,0.00000,0.00000,0.00000,0.00000,0.00000,0.00000
"1","868",0.00000,0.00000,265.15859,6.86486,0.00000,0.00000,0.00000,0.00000,0.00000,0.00000
"1","869",0.00000,0.00000,268.14128,0.00000,0.00000,0.00000,0.00000,0.00000,0.00000,0.00000
"1","870",0.00000,0.00000,196.68452,69.19022,0.00000,0.00000,0.00000,0.00000,0.00000,0.00000
"1","871",0.00000,0.00000,258.10761,0.00000,0.00000,0.00000,0.00000,0.00000,0.00000,0.00000
"1","872",0.00000,0.00000,213.08452,65.31644,0.00000,0.00000,0.00000,0.00000,0.00000,0.00000
"1","873",0.00000,0.00000,278.43645,0.00000,0.00000,0.00000,0.00000,0.00000,0.00000,0.00000
"1","874",0.00000,0.00000,273.43362,0.00000,0.00000,0.00000,0.00000,0.00000,0.00000,0.00000
"1","875",10.61267,0.00000,273.77355,0.00000,0.00000,0.00000,0.00000,0.00000,0.00000,0.00000
"1","876",37.56323,0.00000,181.62129,65.28247,0.00000,0.00000,0.00000,0.00000,0.00000,0.00000
"1","877",62.40816,0.00000,211.70278,0.00000,0.00000,0.00000,0.00000,0.00000,0.00000,0.00000
"1","878",0.00000,75.05060,217.98452,52.87437,0.00000,0.00000,0.00000,0.00000,0.00000,0.00000
"1","879",0.00000,193.78589,217.68452,9.86911,0.00000,0.00000,0.00000,0.00000,0.00000,0.00000
"1","880",143.82763,0.00000,63.06229,0.00000,0.00000,0.00000,0.00000,0.00000,0.00000,0.00000
"1","881",49.89392,0.00000,42.80965,0.00000,0.00000,0.00000,0.00000,0.00000,0.00000,0.00000
"1","882",0.00000,0.00000,27.31544,0.00000,0.00000,0.00000,0.00000,12.24904,0.00000,0.00000
"1","883",0.00000,0.00000,0.00000,0.00000,0.00000,0.00000,0.00000,38.35226,0.00000,0.00000
"1","884",0.00000,0.00000,0.00000,0.00000,0.00000,0.00000,0.00000,0.00000,0.00000,0.00000
"1","885",0.00000,0.00000,18.03270,0.00000,0.00000,0.00000,0.00000,0.00000,0.00000,0.00000
"1","886",0.00000,0.00000,19.88254,0.00000,0.00000,0.00000,0.00000,0.00000,0.00000,0.00000
"1","887",0.00000,0.00000,37.78141,0.00000,0.00000,0.00000,0.00000,0.00000,0.00000,0.00000
"1","888",0.00000,0.00000,142.63999,0.00000,0.00000,0.00000,0.00000,0.00000,0.00000,0.00000
"1","889",0.00000,0.00000,66.42250,0.00000,0.00000,0.00000,0.00000,0.00000,0.00000,0.00000
"1","890",0.00000,0.00000,0.00000,0.00000,0.00000,0.00000,0.00000,2.95226,0.00000,0.00000
"1","891",0.00000,0.00000,0.00000,0.00000,0.00000,0.00000,0.00000,1.55226,0.00000,0.00000
"1","892",0.00000,0.00000,274.23226,6.30824,0.00000,0.00000,0.00000,0.00000,0.00000,0.00000
"1","893",0.00000,0.00000,276.13226,4.40824,0.00000,0.00000,0.00000,0.00000,0.00000,0.00000
"1","894",0.00000,0.00000,196.88452,83.65598,0.00000,0.00000,0.00000,0.00000,0.00000,0.00000
"1","895",0.00000,0.00000,280.54050,0.00000,0.00000,0.00000,0.00000,0.00000,0.00000,0.00000
"1","896",0.00000,0.00000,280.54050,0.00000,0.00000,0.00000,0.00000,0.00000,0.00000,0.00000
"1","897",0.00000,0.00000,280.54050,0.00000,0.00000,0.00000,0.00000,0.00000,0.00000,0.00000
"1","898",0.00000,0.00000,274.49328,6.04722,0.00000,0.00000,0.00000,0.00000,0.00000,0.00000
"1","899",13.94935,0.00000,280.54050,0.00000,0.00000,0.00000,0.00000,0.00000,0.00000,0.00000
"1","900",40.46127,0.00000,128.45798,0.00000,0.00000,0.00000,51.16527,0.00000,0.00000,0.00000
"1","901",0.00000,12.58468,218.58452,56.40589,0.00000,0.00000,0.00000,0.00000,0.00000,0.00000
"1","902",35.51806,8.75195,268.11420,0.00000,0.00000,0.00000,0.00000,0.00000,0.00000,0.00000
"1","903",42.41552,0.00000,161.68567,0.00000,0.00000,0.00000,0.00000,0.00000,0.00000,0.00000
"1","904",32.02441,0.00000,152.33560,0.00000,0.00000,0.00000,0.00000,0.00000,0.00000,0.00000
"1","905",12.44491,0.00000,87.17533,0.00000,0.00000,0.00000,30.72267,0.00000,0.00000,0.00000
"1","906",0.00000,0.00000,46.59329,0.00000,0.00000,0.00000,0.00000,0.00000,0.00000,0.00000
"1","907",0.00000,0.00000,106.76379,0.00000,0.00000,0.00000,0.00000,0.00000,0.00000,0.00000
"1","908",0.00000,0.00000,131.01030,0.00000,0.00000,0.00000,0.00000,0.00000,0.00000,0.00000
"1","909",0.00000,0.00000,85.55728,0.00000,0.00000,0.00000,0.00000,0.00000,0.00000,0.00000
"1","910",0.00000,0.00000,97.19519,0.00000,0.00000,0.00000,0.00000,0.00000,0.00000,0.00000
"1","911",0.00000,0.00000,65.69613,0.00000,0.00000,0.00000,0.00000,0.00000,0.00000,0.00000
"1","912",0.00000,0.00000,94.31975,0.00000,0.00000,0.00000,0.00000,0.00000,0.00000,0.00000
"1","913",0.00000,0.00000,92.42574,0.00000,0.00000,0.00000,0.00000,0.00000,0.00000,0.00000
"1","914",0.00000,0.00000,275.43226,5.10824,0.00000,0.00000,0.00000,0.00000,0.00000,0.00000
"1","915",0.00000,0.00000,274.23226,6.30824,0.00000,0.00000,0.00000,0.00000,0.00000,0.00000
"1","916",0.00000,0.00000,274.03226,6.50824,0.00000,0.00000,0.00000,0.00000,0.00000,0.00000
"1","917",0.00000,0.00000,142.70442,0.00000,0.00000,0.00000,0.00000,0.00000,0.00000,0.00000
"1","918",0.00000,0.00000,0.00000,0.00000,0.00000,0.00000,0.00000,18.79492,0.00000,0.00000
"1","919",0.00000,0.00000,0.00000,0.00000,0.00000,0.00000,0.00000,48.88856,0.00000,0.00000
"1","920",0.00000,0.00000,0.00000,0.00000,0.00000,0.00000,0.00000,24.15226,0.00000,0.00000
"1","921",0.00000,0.00000,0.00000,0.00000,0.00000,0.00000,0.00000,30.15226,0.00000,0.00000
"1","922",0.00000,0.00000,0.00000,0.00000,0.00000,0.00000,0.00000,48.88856,0.00000,0.00000
"1","923",1.31163,0.00000,0.00000,0.00000,0.00000,0.00000,0.00000,28.94063,0.00000,0.00000
"1","924",2.57548,0.00000,216.60904,63.93146,0.00000,0.00000,0.00000,0.00000,0.00000,0.00000
"1","925",3.40165,0.00000,215.58287,64.95763,0.00000,0.00000,0.00000,0.00000,0.00000,0.00000
"1","926",0.00000,22.63061,217.58452,61.62519,0.00000,0.00000,0.00000,0.00000,0.00000,0.00000
"1","927",0.00000,21.42766,216.88452,63.65598,0.00000,0.00000,0.00000,0.00000,0.00000,0.00000
"1","928",0.00000,54.24739,280.54050,0.00000,0.00000,0.00000,0.00000,0.00000,0.00000,0.00000
"1","929",0.00000,24.73362,219.38452,61.15598,0.00000,0.00000,0.00000,0.00000,0.00000,0.00000
"1","930",0.00000,0.00000,224.38452,56.15598,0.00000,0.00000,0.00000,0.00000,0.00000,0.00000
"1","931",0.00000,0.00000,280.54050,0.00000,0.00000,0.00000,0.00000,0.00000,0.00000,0.00000
"1","932",0.00000,0.00000,226.08452,54.45598,0.00000,0.00000,0.00000,0.00000,0.00000,0.00000
"1","933",0.00000,0.00000,222.58452,57.95598,0.00000,0.00000,0.00000,0.00000,0.00000,0.00000
"1","934",0.00000,0.00000,216.38452,64.15598,0.00000,0.00000,0.00000,0.00000,0.00000,0.00000
"1","935",0.00000,0.00000,208.08452,72.45598,0.00000,0.00000,0.00000,0.00000,0.00000,0.00000
"1","936",0.00000,0.00000,280.54050,0.00000,0.00000,0.00000,0.00000,0.00000,0.00000,0.00000
"1","937",0.00000,0.00000,256.92348,23.61701,0.00000,0.00000,0.00000,0.00000,0.00000,0.00000
"1","938",0.00000,0.00000,194.38452,86.15598,0.00000,0.00000,0.00000,0.00000,0.00000,0.00000
"1","939",0.00000,0.00000,193.58452,86.95598,0.00000,0.00000,0.00000,0.00000,0.00000,0.00000
"1","940",0.00000,0.00000,193.38452,87.15598,0.00000,0.00000,0.00000,0.00000,0.00000,0.00000
"1","941",0.00000,0.00000,194.98452,85.55598,0.00000,0.00000,0.00000,0.00000,0.00000,0.00000
"1","942",0.00000,0.00000,280.54050,0.00000,0.00000,0.00000,0.00000,0.00000,0.00000,0.00000
"1","943",0.00000,0.00000,280.54050,0.00000,0.00000,0.00000,0.00000,0.00000,0.00000,0.00000
"1","944",0.00000,0.00000,216.48452,64.05598,0.00000,0.00000,0.00000,0.00000,0.00000,0.00000
"1","945",0.00000,0.00000,280.54050,0.00000,0.00000,0.00000,0.00000,0.00000,0.00000,0.00000
"1","946",0.00000,0.00000,280.54050,0.00000,0.00000,0.00000,0.00000,0.00000,0.00000,0.00000
"1","947",73.36852,0.00000,149.61600,130.92450,0.00000,0.00000,0.00000,0.00000,0.00000,0.00000
"1","948",0.00000,111.17779,223.68452,56.85598,0.00000,0.00000,0.00000,0.00000,0.00000,0.00000
"1","949",16.65011,0.00000,206.53441,64.24510,0.00000,0.00000,0.00000,0.00000,0.00000,0.00000
"1","950",30.48916,0.00000,160.16250,0.00000,0.00000,0.00000,21.22808,0.00000,0.00000,0.00000
"1","951",25.96371,0.00000,220.89502,0.00000,0.00000,0.00000,0.00000,0.00000,0.00000,0.00000
"1","952",21.30913,0.00000,84.88843,0.00000,0.00000,0.00000,22.17281,0.00000,0.00000,0.00000
"1","953",9.16522,0.00000,187.64866,0.00000,0.00000,0.00000,0.00000,0.00000,0.00000,0.00000
"1","954",0.00000,0.00000,267.72010,0.00000,0.00000,0.00000,0.00000,0.00000,0.00000,0.00000
"1","955",0.00000,0.00000,140.16519,0.00000,0.00000,0.00000,0.00000,0.00000,0.00000,0.00000
"1","956",0.00000,0.00000,5.72890,0.00000,0.00000,0.00000,0.00000,48.88856,0.00000,0.00000
"1","957",0.00000,0.00000,29.50036,0.00000,0.00000,0.00000,0.00000,48.88856,0.00000,0.00000
"1","958",0.00000,0.00000,13.90763,0.00000,0.00000,0.00000,0.00000,48.88856,0.00000,0.00000
"1","959",0.00000,0.00000,15.45237,0.00000,0.00000,0.00000,0.00000,48.88856,0.00000,0.00000
"1","960",0.00000,0.00000,28.98019,0.00000,0.00000,0.00000,0.00000,48.88856,0.00000,0.00000
"1","961",0.00000,0.00000,23.30701,0.00000,0.00000,0.00000,0.00000,48.88856,0.00000,0.00000
"1","962",0.00000,0.00000,54.80617,0.00000,0.00000,0.00000,12.19472,48.88856,0.00000,0.00000
"1","963",0.00000,0.00000,29.49438,0.00000,0.00000,0.00000,0.00000,48.88856,0.00000,0.00000
"1","964",0.00000,0.00000,6.91165,0.00000,0.00000,0.00000,0.00000,48.88856,0.00000,0.00000
"1","965",0.00000,0.00000,2.58536,0.00000,0.00000,0.00000,0.00000,48.88856,0.00000,0.00000
"1","966",0.00000,0.00000,5.13978,0.00000,0.00000,0.00000,0.00000,48.88856,0.00000,0.00000
"1","967",0.00000,0.00000,8.05268,0.00000,0.00000,0.00000,0.00000,48.88856,0.00000,0.00000
"1","968",0.00000,0.00000,0.00000,0.00000,0.00000,0.00000,0.00000,48.88856,0.00000,0.00000
"1","969",0.00000,0.00000,0.00000,0.00000,0.00000,0.00000,0.00000,48.88856,0.00000,0.00000
"1","970",0.00000,0.00000,0.00000,0.00000,0.00000,0.00000,0.00000,48.88856,0.00000,0.00000
"1","971",119.67333,0.00000,0.00000,0.00000,0.00000,0.00000,47.06188,48.88856,0.00000,0.00000
"1","972",198.40253,0.00000,0.00000,0.00000,0.00000,0.00000,0.00000,8.64521,0.00000,0.00000
"1","973",241.92565,0.00000,0.00000,0.00000,0.00000,0.00000,0.00000,0.00000,0.00000,0.00000
"1","974",252.91310,0.00000,0.00000,0.00000,0.00000,0.00000,0.00000,0.00000,0.00000,0.00000
"1","975",235.14702,0.00000,0.00000,0.00000,0.00000,0.00000,0.00000,0.00000,0.00000,0.00000
"1","976",183.08967,0.00000,0.00000,0.00000,0.00000,0.00000,0.00000,20.75807,0.00000,0.00000
"1","977",93.69617,0.00000,0.00000,0.00000,0.00000,0.00000,22.38473,48.88856,0.00000,0.00000
"1","978",0.00000,0.00000,0.00000,0.00000,0.00000,0.00000,0.00000,48.88856,0.00000,0.00000
"1","979",0.00000,0.00000,0.00000,0.00000,0.00000,0.00000,0.00000,48.88856,0.00000,0.00000
"1","980",0.00000,0.00000,0.00000,0.00000,0.00000,0.00000,0.00000,48.88856,0.00000,0.00000
"1","981",0.00000,0.00000,0.00000,0.00000,0.00000,0.00000,0.00000,48.88856,0.00000,0.00000
"1","982",0.00000,0.00000,0.00000,0.00000,0.00000,0.00000,0.00000,48.88856,0.00000,0.00000
"1","983",0.00000,0.00000,0.00000,0.00000,0.00000,0.00000,0.00000,48.88856,0.00000,0.00000
"1","984",0.00000,0.00000,0.00000,0.00000,0.00000,0.00000,0.00000,48.88856,0.00000,0.00000
"1","985",0.00000,0.00000,7.27851,0.00000,0.00000,0.00000,0.00000,48.88856,0.00000,0.00000
"1","986",0.00000,0.00000,5.85779,0.00000,0.00000,0.00000,0.00000,48.88856,0.00000,0.00000
"1","987",0.00000,0.00000,0.00000,0.00000,0.00000,0.00000,0.00000,48.88856,0.00000,0.00000
"1","988",0.00000,0.00000,5.06874,0.00000,0.00000,0.00000,0.00000,48.88856,0.00000,0.00000
"1","989",0.00000,0.00000,7.68922,0.00000,0.00000,0.00000,0.00000,48.88856,0.00000,0.00000
"1","990",0.00000,0.00000,2.05991,0.00000,0.00000,0.00000,0.00000,48.88856,0.00000,0.00000
"1","991",0.00000,0.00000,0.00000,0.00000,0.00000,0.00000,0.00000,48.88856,0.00000,0.00000
"1","992",0.00000,0.00000,29.47010,0.00000,0.00000,0.00000,0.00000,48.88856,0.00000,0.00000
"1","993",0.00000,0.00000,125.73757,0.00000,0.00000,0.00000,0.00000,0.00000,0.00000,0.00000
"1","994",0.00000,0.00000,107.69581,0.00000,0.00000,0.00000,0.00000,1.80419,0.00000,0.00000
"1","995",33.99351,0.00000,74.48802,0.00000,0.00000,0.00000,0.00000,3.41847,0.00000,0.00000
"1","996",87.69739,0.00000,37.74873,0.00000,0.00000,0.00000,0.00000,0.00000,0.00000,0.00000
"1","997",126.25022,0.00000,43.96972,0.00000,0.00000,0.00000,0.00000,0.00000,0.00000,0.00000
"1","998",117.48184,0.00000,113.67736,0.00000,0.00000,0.00000,0.00000,0.00000,0.00000,0.00000
"1","999",135.03796,0.00000,114.36843,0.00000,0.00000,0.00000,0.00000,0.00000,0.00000,0.00000
"1","1000",104.41078,0.00000,123.00128,0.00000,0.00000,0.00000,0.00000,0.00000,0.00000,0.00000
"1","1001",61.12326,0.00000,107.12801,0.00000,0.00000,0.00000,0.00000,0.00000,0.00000,0.00000
"1","1002",4.46394,0.00000,102.46231,0.00000,0.00000,0.00000,0.00000,11.87374,0.00000,0.00000
"1","1003",0.00000,0.00000,77.97487,0.00000,0.00000,0.00000,0.00000,42.92513,0.00000,0.00000
"1","1004",0.00000,0.00000,18.41335,0.00000,0.00000,0.00000,0.00000,15.03891,0.00000,0.00000
"1","1005",0.00000,0.00000,0.00000,0.00000,0.00000,0.00000,0.00000,29.55226,0.00000,0.00000
"1","1006",0.00000,0.00000,21.93719,0.00000,0.00000,0.00000,0.00000,48.88856,0.00000,0.00000
"1","1007",0.00000,0.00000,6.46754,0.00000,0.00000,0.00000,0.00000,12.38472,0.00000,0.00000
"1","1008",0.00000,0.00000,31.12700,0.00000,0.00000,0.00000,0.00000,48.88856,0.00000,0.00000
"1","1009",0.00000,0.00000,39.16936,0.00000,0.00000,0.00000,0.00000,27.47916,0.00000,0.00000
"1","1010",0.00000,0.00000,277.13226,3.40824,0.00000,0.00000,0.00000,0.00000,0.00000,0.00000
"1","1011",0.00000,0.00000,267.75932,0.00000,0.00000,0.00000,0.00000,0.00000,0.00000,0.00000
"1","1012",0.00000,0.00000,253.76036,0.00000,0.00000,0.00000,0.00000,0.00000,0.00000,0.00000
"1","1013",0.00000,0.00000,139.40407,0.00000,0.00000,0.00000,0.00000,0.00000,0.00000,0.00000
"1","1014",0.00000,0.00000,55.12724,0.00000,0.00000,0.00000,0.00000,0.00000,0.00000,0.00000
"1","1015",0.00000,0.00000,279.06496,0.00000,0.00000,0.00000,0.00000,0.00000,0.00000,0.00000
"1","1016",0.00000,0.00000,280.54050,0.00000,0.00000,0.00000,0.00000,0.00000,0.00000,0.00000
"1","1017",0.00000,0.00000,117.01133,0.00000,0.00000,0.00000,0.00000,0.00000,0.00000,0.00000
"1","1018",0.00000,0.00000,280.54050,0.00000,0.00000,0.00000,0.00000,0.00000,0.00000,0.00000
"1","1019",24.89346,0.00000,260.36388,0.00000,0.00000,0.00000,0.00000,0.00000,0.00000,0.00000
"1","1020",64.41775,0.00000,79.37990,0.00000,0.00000,0.00000,0.00000,0.00000,0.00000,0.00000
"1","1021",95.76092,0.00000,3.16398,0.00000,0.00000,0.00000,0.00000,14.77510,0.00000,0.00000
"1","1022",47.46407,0.00000,16.97507,0.00000,0.00000,0.00000,0.00000,47.26085,0.00000,0.00000
"1","1023",16.25051,0.00000,6.49582,0.00000,0.00000,0.00000,0.00000,48.88856,0.00000,0.00000
"1","1024",12.64752,0.00000,29.44293,0.00000,0.00000,0.00000,0.00000,48.88856,0.00000,0.00000
"1","1025",7.27406,0.00000,71.02806,0.00000,0.00000,0.00000,0.00000,33.79788,0.00000,0.00000
"1","1026",1.36371,0.00000,116.20446,0.00000,0.00000,0.00000,0.00000,48.88856,0.00000,0.00000
"1","1027",0.00000,0.00000,120.29768,0.00000,0.00000,0.00000,0.00000,0.10232,0.00000,0.00000
"1","1028",0.00000,0.00000,120.83280,0.00000,0.00000,0.00000,0.00000,17.96473,0.00000,0.00000
"1","1029",0.00000,0.00000,42.44926,0.00000,0.00000,0.00000,0.00000,48.88856,0.00000,0.00000
"1","1030",0.00000,0.00000,0.00000,0.00000,0.00000,0.00000,0.00000,48.88856,0.00000,0.00000
"1","1031",0.00000,0.00000,8.73150,0.00000,0.00000,0.00000,0.00000,48.88856,0.00000,0.00000
"1","1032",0.00000,0.00000,20.35966,0.00000,0.00000,0.00000,0.00000,48.88856,0.00000,0.00000
"1","1033",0.00000,0.00000,0.00000,0.00000,0.00000,0.00000,0.00000,48.88856,0.00000,0.00000
"1","1034",0.00000,0.00000,0.00000,0.00000,0.00000,0.00000,0.00000,48.88856,0.00000,0.00000
"1","1035",0.00000,0.00000,0.00000,0.00000,0.00000,0.00000,0.00000,48.88856,0.00000,0.00000
"1","1036",0.00000,0.00000,7.72280,0.00000,0.00000,0.00000,0.00000,48.88856,0.00000,0.00000
"1","1037",0.00000,0.00000,68.33763,0.00000,0.00000,0.00000,26.12618,48.88856,0.00000,0.00000
"1","1038",0.00000,0.00000,2.48415,0.00000,0.00000,0.00000,0.00000,48.88856,0.00000,0.00000
"1","1039",0.00000,0.00000,0.00000,0.00000,0.00000,0.00000,0.00000,48.88856,0.00000,0.00000
"1","1040",0.00000,0.00000,0.00000,0.00000,0.00000,0.00000,0.00000,48.88856,0.00000,0.00000
"1","1041",0.00000,0.00000,256.73666,0.00000,0.00000,0.00000,0.00000,0.00000,0.00000,0.00000
"1","1042",0.00000,0.00000,188.20619,0.00000,0.00000,0.00000,0.00000,15.14155,0.00000,0.00000
"1","1043",22.33797,0.00000,25.75407,0.00000,0.00000,0.00000,0.00000,48.88856,0.00000,0.00000
"1","1044",55.24058,0.00000,20.43615,0.00000,0.00000,0.00000,3.86528,48.88856,0.00000,0.00000
"1","1045",84.01056,0.00000,53.97034,0.00000,0.00000,0.00000,0.00000,48.88856,0.00000,0.00000
"1","1046",260.56445,0.00000,6.35629,0.00000,0.00000,0.00000,0.00000,0.00000,0.00000,0.00000
"1","1047",243.53951,0.00000,20.21902,0.00000,0.00000,0.00000,0.00000,0.00000,0.00000,0.00000
"1","1048",193.94747,0.00000,0.00000,0.00000,0.00000,0.00000,0.00000,9.00027,0.00000,0.00000
"1","1049",111.77864,0.00000,0.00000,0.00000,0.00000,0.00000,40.86719,48.88856,0.00000,0.00000
"1","1050",21.50627,0.00000,0.00000,0.00000,0.00000,0.00000,0.00000,48.88856,0.00000,0.00000
"1","1051",0.00000,0.00000,1.73836,0.00000,0.00000,0.00000,0.00000,48.88856,0.00000,0.00000
"1","1052",0.00000,0.00000,8.21175,0.00000,0.00000,0.00000,0.00000,48.88856,0.00000,0.00000
"1","1053",0.00000,0.00000,16.20200,0.00000,0.00000,0.00000,0.00000,48.88856,0.00000,0.00000
"1","1054",0.00000,0.00000,48.56173,0.00000,0.00000,0.00000,0.00000,48.88856,0.00000,0.00000
"1","1055",0.00000,0.00000,61.09991,0.00000,0.00000,0.00000,0.88847,48.88856,0.00000,0.00000
"1","1056",0.00000,0.00000,34.19902,0.00000,0.00000,0.00000,0.00000,48.88856,0.00000,0.00000
"1","1057",0.00000,0.00000,34.79821,0.00000,0.00000,0.00000,0.00000,48.88856,0.00000,0.00000
"1","1058",0.00000,0.00000,49.98012,0.00000,0.00000,0.00000,5.16868,48.88856,0.00000,0.00000
"1","1059",0.00000,0.00000,29.75522,0.00000,0.00000,0.00000,0.00000,48.88856,0.00000,0.00000
"1","1060",0.00000,0.00000,47.41427,0.00000,0.00000,0.00000,4.30282,48.88856,0.00000,0.00000
"1","1061",0.00000,0.00000,10.37427,0.00000,0.00000,0.00000,0.00000,48.88856,0.00000,0.00000
"1","1062",0.00000,0.00000,15.22926,0.00000,0.00000,0.00000,0.00000,48.88856,0.00000,0.00000
"1","1063",0.00000,0.00000,35.89870,0.00000,0.00000,0.00000,0.00000,48.88856,0.00000,0.00000
"1","1064",0.00000,0.00000,21.01684,0.00000,0.00000,0.00000,0.00000,48.88856,0.00000,0.00000
"1","1065",0.00000,0.00000,0.00000,0.00000,0.00000,0.00000,0.00000,48.88856,0.00000,0.00000
"1","1066",0.59043,0.00000,0.00000,0.00000,0.00000,0.00000,0.00000,48.88856,0.00000,0.00000
"1","1067",42.21964,0.00000,0.00000,0.00000,0.00000,0.00000,0.00000,48.88856,0.00000,0.00000
"1","1068",97.53152,0.00000,0.00000,0.00000,0.00000,0.00000,26.22008,48.88856,0.00000,0.00000
"1","1069",69.24968,0.00000,0.00000,0.00000,0.00000,0.00000,0.00000,48.88856,0.00000,0.00000
"1","1070",80.46450,0.00000,0.00000,0.00000,0.00000,0.00000,11.35306,48.88856,0.00000,0.00000
"1","1071",115.34404,0.00000,0.00000,0.00000,0.00000,0.00000,47.03260,48.88856,0.00000,0.00000
"1","1072",85.86582,0.00000,0.00000,0.00000,0.00000,0.00000,17.55438,48.88856,0.00000,0.00000
"1","1073",53.63397,0.00000,0.00000,0.00000,0.00000,0.00000,0.00000,48.88856,0.00000,0.00000
"1","1074",7.01998,0.00000,0.00000,0.00000,0.00000,0.00000,0.00000,48.88856,0.00000,0.00000
"1","1075",0.00000,0.00000,0.00000,0.00000,0.00000,0.00000,0.00000,48.88856,0.00000,0.00000
"1","1076",0.00000,0.00000,0.00000,0.00000,0.00000,0.00000,0.00000,48.88856,0.00000,0.00000
"1","1077",0.00000,0.00000,0.00000,0.00000,0.00000,0.00000,0.00000,48.88856,0.00000,0.00000
"1","1078",0.00000,0.00000,0.00000,0.00000,0.00000,0.00000,0.00000,48.88856,0.00000,0.00000
"1","1079",0.00000,0.00000,0.00000,0.00000,0.00000,0.00000,0.00000,48.88856,0.00000,0.00000
"1","1080",0.00000,0.00000,0.00000,0.00000,0.00000,0.00000,0.00000,48.88856,0.00000,0.00000
"1","1081",0.00000,0.00000,0.00000,0.00000,0.00000,0.00000,0.00000,48.88856,0.00000,0.00000
"1","1082",0.00000,0.00000,0.00000,0.00000,0.00000,0.00000,0.00000,48.88856,0.00000,0.00000
"1","1083",0.00000,0.00000,0.00000,0.00000,0.00000,0.00000,0.00000,48.88856,0.00000,0.00000
"1","1084",0.00000,0.00000,0.00000,0.00000,0.00000,0.00000,0.00000,48.88856,0.00000,0.00000
"1","1085",0.00000,0.00000,0.00000,0.00000,0.00000,0.00000,0.00000,48.88856,0.00000,0.00000
"1","1086",0.00000,0.00000,0.00000,0.00000,0.00000,0.00000,0.00000,48.88856,0.00000,0.00000
"1","1087",0.00000,0.00000,0.00000,0.00000,0.00000,0.00000,0.00000,48.88856,0.00000,0.00000
"1","1088",0.00000,0.00000,0.00000,0.00000,0.00000,0.00000,0.00000,48.88856,0.00000,0.00000
"1","1089",0.00000,0.00000,0.00000,0.00000,0.00000,0.00000,0.00000,48.88856,0.00000,0.00000
"1","1090",0.44385,0.00000,0.00000,0.00000,0.00000,0.00000,0.00000,48.88856,0.00000,0.00000
"1","1091",21.03000,0.00000,0.00000,0.00000,0.00000,0.00000,0.00000,48.88856,0.00000,0.00000
"1","1092",49.24325,0.00000,0.00000,0.00000,0.00000,0.00000,0.00000,48.88856,0.00000,0.00000
"1","1093",73.45898,0.00000,0.00000,0.00000,0.00000,0.00000,8.74754,48.88856,0.00000,0.00000
"1","1094",85.74101,0.00000,0.00000,0.00000,0.00000,0.00000,22.32957,48.88856,0.00000,0.00000
"1","1095",79.02382,0.00000,0.00000,0.00000,0.00000,0.00000,16.61238,48.88856,0.00000,0.00000
"1","1096",52.50920,0.00000,0.00000,0.00000,0.00000,0.00000,0.00000,48.88856,0.00000,0.00000
"1","1097",30.76375,0.00000,0.00000,0.00000,0.00000,0.00000,0.00000,48.88856,0.00000,0.00000
"1","1098",4.22144,0.00000,0.00000,0.00000,0.00000,0.00000,0.00000,48.88856,0.00000,0.00000
"1","1099",0.00000,0.00000,0.00000,0.00000,0.00000,0.00000,0.00000,48.88856,0.00000,0.00000
"1","1100",0.00000,0.00000,0.00000,0.00000,0.00000,0.00000,0.00000,48.88856,0.00000,0.00000
"1","1101",0.00000,0.00000,0.00000,0.00000,0.00000,0.00000,0.00000,48.88856,0.00000,0.00000
"1","1102",0.00000,0.00000,0.00000,0.00000,0.00000,0.00000,0.00000,48.88856,0.00000,0.00000
"1","1103",0.00000,0.00000,0.00000,0.00000,0.00000,0.00000,0.00000,48.88856,0.00000,0.00000
"1","1104",0.00000,0.00000,0.00000,0.00000,0.00000,0.00000,0.00000,48.88856,0.00000,0.00000
"1","1105",0.00000,0.00000,0.00000,0.00000,0.00000,0.00000,0.00000,48.88856,0.00000,0.00000
"1","1106",0.00000,0.00000,0.00000,0.00000,0.00000,0.00000,0.00000,48.88856,0.00000,0.00000
"1","1107",0.00000,0.00000,4.68552,0.00000,0.00000,0.00000,0.00000,48.88856,0.00000,0.00000
"1","1108",0.00000,0.00000,6.74119,0.00000,0.00000,0.00000,0.00000,48.88856,0.00000,0.00000
"1","1109",0.00000,0.00000,2.01750,0.00000,0.00000,0.00000,0.00000,48.88856,0.00000,0.00000
"1","1110",0.00000,0.00000,0.94448,0.00000,0.00000,0.00000,0.00000,48.88856,0.00000,0.00000
"1","1111",0.00000,0.00000,5.76241,0.00000,0.00000,0.00000,0.00000,48.88856,0.00000,0.00000
"1","1112",0.00000,0.00000,2.90197,0.00000,0.00000,0.00000,0.00000,48.88856,0.00000,0.00000
"1","1113",0.00000,0.00000,11.95141,0.00000,0.00000,0.00000,0.00000,48.88856,0.00000,0.00000
"1","1114",1.96332,0.00000,19.76440,0.00000,0.00000,0.00000,0.00000,48.88856,0.00000,0.00000
"1","1115",32.02509,0.00000,22.19494,0.00000,0.00000,0.00000,0.00000,48.88856,0.00000,0.00000
"1","1116",72.55917,0.00000,9.17874,0.00000,0.00000,0.00000,0.00000,35.46209,0.00000,0.00000
"1","1117",244.86457,0.00000,19.69772,0.00000,0.00000,0.00000,0.00000,0.00000,0.00000,0.00000
"1","1118",255.51677,0.00000,4.64256,0.00000,0.00000,0.00000,0.00000,0.00000,0.00000,0.00000
"1","1119",236.20262,0.00000,0.00000,0.00000,0.00000,0.00000,0.00000,0.00000,0.00000,0.00000
"1","1120",186.95501,0.00000,7.82711,0.00000,0.00000,0.00000,0.00000,0.00000,0.00000,0.00000
"1","1121",109.25576,0.00000,0.00000,0.00000,0.00000,0.00000,0.00000,0.00000,0.00000,0.00000
"1","1122",20.68603,0.00000,0.80433,0.00000,0.00000,0.00000,0.00000,12.16189,0.00000,0.00000
"1","1123",0.00000,0.00000,141.53426,0.00000,0.00000,0.00000,0.00000,0.00000,0.00000,0.00000
"1","1124",0.00000,0.00000,170.44366,0.00000,0.00000,0.00000,0.00000,0.00000,0.00000,0.00000
"1","1125",0.00000,0.00000,131.55475,0.00000,0.00000,0.00000,0.00000,0.00000,0.00000,0.00000
"1","1126",0.00000,0.00000,122.59037,0.00000,0.00000,0.00000,0.00000,0.00000,0.00000,0.00000
"1","1127",0.00000,0.00000,167.87360,0.00000,0.00000,0.00000,0.00000,0.00000,0.00000,0.00000
"1","1128",0.00000,0.00000,99.54205,0.00000,0.00000,0.00000,0.00000,0.00000,0.00000,0.00000
"1","1129",0.00000,0.00000,94.95667,0.00000,0.00000,0.00000,0.00000,0.00000,0.00000,0.00000
"1","1130",0.00000,0.00000,59.76744,0.00000,0.00000,0.00000,0.00000,0.00000,0.00000,0.00000
"1","1131",0.00000,0.00000,63.10992,0.00000,0.00000,0.00000,0.00000,0.00000,0.00000,0.00000
"1","1132",0.00000,0.00000,89.99044,0.00000,0.00000,0.00000,0.00000,0.00000,0.00000,0.00000
"1","1133",0.00000,0.00000,81.88888,0.00000,0.00000,0.00000,0.00000,0.00000,0.00000,0.00000
"1","1134",0.00000,0.00000,46.07685,0.00000,0.00000,0.00000,0.00000,0.00000,0.00000,0.00000
"1","1135",0.00000,0.00000,92.67331,0.00000,0.00000,0.00000,0.00000,0.00000,0.00000,0.00000
"1","1136",0.00000,0.00000,101.05868,0.00000,0.00000,0.00000,0.00000,0.00000,0.00000,0.00000
"1","1137",0.00000,0.00000,156.11690,0.00000,0.00000,0.00000,0.00000,0.00000,0.00000,0.00000
"1","1138",1.71044,0.00000,85.25928,0.00000,0.00000,0.00000,0.00000,0.00000,0.00000,0.00000
"1","1139",11.72641,0.00000,280.54050,0.00000,0.00000,0.00000,0.00000,0.00000,0.00000,0.00000
"1","1140",21.92493,0.00000,280.54050,0.00000,0.00000,0.00000,0.00000,0.00000,0.00000,0.00000
"1","1141",23.79176,6.86856,280.54050,0.00000,0.00000,0.00000,0.00000,0.00000,0.00000,0.00000
"1","1142",22.69176,21.14968,280.54050,0.00000,0.00000,0.00000,0.00000,0.00000,0.00000,0.00000
"1","1143",37.02305,0.00000,97.09527,0.00000,0.00000,0.00000,0.00000,0.00000,0.00000,0.00000
"1","1144",18.44786,0.00000,0.00000,0.00000,0.00000,0.00000,0.00000,48.88856,0.00000,0.00000
"1","1145",11.24380,0.00000,0.00000,0.00000,0.00000,0.00000,0.00000,48.88856,0.00000,0.00000
"1","1146",2.83976,0.00000,0.00000,0.00000,0.00000,0.00000,0.00000,48.88856,0.00000,0.00000
"1","1147",0.00000,0.00000,0.00000,0.00000,0.00000,0.00000,0.00000,48.88856,0.00000,0.00000
"1","1148",0.00000,0.00000,0.00000,0.00000,0.00000,0.00000,0.00000,48.88856,0.00000,0.00000
"1","1149",0.00000,0.00000,0.00000,0.00000,0.00000,0.00000,0.00000,48.88856,0.00000,0.00000
"1","1150",0.00000,0.00000,0.00000,0.00000,0.00000,0.00000,0.00000,48.88856,0.00000,0.00000
"1","1151",0.00000,0.00000,0.00000,0.00000,0.00000,0.00000,0.00000,48.88856,0.00000,0.00000
"1","1152",0.00000,0.00000,0.00000,0.00000,0.00000,0.00000,0.00000,48.88856,0.00000,0.00000
"1","1153",0.00000,0.00000,0.00000,0.00000,0.00000,0.00000,0.00000,48.88856,0.00000,0.00000
"1","1154",0.00000,0.00000,0.00000,0.00000,0.00000,0.00000,0.00000,48.88856,0.00000,0.00000
"1","1155",0.00000,0.00000,265.24530,0.00000,0.00000,0.00000,0.00000,0.00000,0.00000,0.00000
"1","1156",0.00000,0.00000,250.88959,0.00000,0.00000,0.00000,0.00000,0.00000,0.00000,0.00000
"1","1157",0.00000,0.00000,156.79117,0.00000,0.00000,0.00000,0.00000,0.00000,0.00000,0.00000
"1","1158",0.00000,0.00000,95.95406,0.00000,0.00000,0.00000,0.00000,0.00000,0.00000,0.00000
"1","1159",0.00000,0.00000,152.01527,0.00000,0.00000,0.00000,0.00000,0.00000,0.00000,0.00000
"1","1160",0.00000,0.00000,173.10244,0.00000,0.00000,0.00000,0.00000,0.00000,0.00000,0.00000
"1","1161",0.00000,0.00000,43.87344,0.00000,0.00000,0.00000,0.00000,48.88856,0.00000,0.00000
"1","1162",2.12607,0.00000,181.01059,0.00000,0.00000,0.00000,0.00000,0.00000,0.00000,0.00000
"1","1163",12.35348,0.00000,53.48378,0.00000,0.00000,0.00000,0.00000,42.76274,0.00000,0.00000
"1","1164",22.26923,0.00000,40.65293,0.00000,0.00000,0.00000,0.00000,47.37784,0.00000,0.00000
"1","1165",86.91851,0.00000,32.72423,0.00000,0.00000,0.00000,0.00000,0.00000,0.00000,0.00000
"1","1166",27.69977,0.00000,19.81988,0.00000,0.00000,0.00000,0.00000,48.88856,0.00000,0.00000
"1","1167",26.48957,0.00000,41.02667,0.00000,0.00000,0.00000,0.00000,40.98376,0.00000,0.00000
"1","1168",22.95885,0.00000,27.00072,0.00000,0.00000,0.00000,0.00000,31.87875,0.00000,0.00000
"1","1169",14.33884,0.00000,2.93847,0.00000,0.00000,0.00000,0.00000,48.88856,0.00000,0.00000
"1","1170",3.71428,0.00000,0.00000,0.00000,0.00000,0.00000,0.00000,24.33798,0.00000,0.00000
"1","1171",0.00000,0.00000,0.00000,0.00000,0.00000,0.00000,0.00000,32.45226,0.00000,0.00000
"1","1172",0.00000,0.00000,0.00000,0.00000,0.00000,0.00000,0.00000,31.35226,0.00000,0.00000
"1","1173",0.00000,0.00000,8.97315,0.00000,0.00000,0.00000,0.00000,48.88856,0.00000,0.00000
"1","1174",0.00000,0.00000,66.68110,0.00000,0.00000,0.00000,0.00000,40.71890,0.00000,0.00000
"1","1175",0.00000,0.00000,118.88845,0.00000,0.00000,0.00000,0.00000,0.00000,0.00000,0.00000
"1","1176",0.00000,0.00000,130.29867,0.00000,0.00000,0.00000,0.00000,0.00000,0.00000,0.00000
"1","1177",0.00000,0.00000,81.01971,0.00000,0.00000,0.00000,0.00000,0.00000,0.00000,0.00000
"1","1178",0.00000,0.00000,65.50851,0.00000,0.00000,0.00000,0.00000,0.00000,0.00000,0.00000
"1","1179",0.00000,0.00000,85.18896,0.00000,0.00000,0.00000,0.00000,0.00000,0.00000,0.00000
"1","1180",0.00000,0.00000,96.06986,0.00000,0.00000,0.00000,0.00000,0.00000,0.00000,0.00000
"1","1181",0.00000,0.00000,241.44800,0.00000,0.00000,0.00000,0.00000,0.00000,0.00000,0.00000
"1","1182",0.00000,0.00000,274.43226,2.54359,0.00000,0.00000,0.00000,0.00000,0.00000,0.00000
"1","1183",0.00000,0.00000,277.93226,2.60824,0.00000,0.00000,0.00000,0.00000,0.00000,0.00000
"1","1184",0.00000,0.00000,265.36204,0.00000,0.00000,0.00000,0.00000,0.00000,0.00000,0.00000
"1","1185",0.00000,0.00000,264.99782,0.00000,0.00000,0.00000,0.00000,0.00000,0.00000,0.00000
"1","1186",1.55573,0.00000,273.32529,0.00000,0.00000,0.00000,0.00000,0.00000,0.00000,0.00000
"1","1187",9.61402,0.00000,264.30488,0.00000,0.00000,0.00000,0.00000,0.00000,0.00000,0.00000
"1","1188",18.68384,0.00000,159.46209,0.00000,0.00000,0.00000,25.82806,0.00000,0.00000,0.00000
"1","1189",27.33414,0.00000,219.70151,0.00000,0.00000,0.00000,0.00000,0.00000,0.00000,0.00000
"1","1190",55.99430,0.00000,192.17520,0.00000,0.00000,0.00000,0.00000,0.00000,0.00000,0.00000
"1","1191",156.81403,0.00000,30.06499,0.00000,0.00000,0.00000,0.00000,0.00000,0.00000,0.00000
"1","1192",126.13895,0.00000,0.00000,0.00000,0.00000,0.00000,0.00000,0.00000,0.00000,0.00000
"1","1193",82.66518,0.00000,0.00000,0.00000,0.00000,0.00000,0.00000,0.00000,0.00000,0.00000
"1","1194",12.97518,0.00000,0.00000,0.00000,0.00000,0.00000,0.00000,15.97708,0.00000,0.00000
"1","1195",0.00000,0.00000,1.20687,0.00000,0.00000,0.00000,0.00000,34.04539,0.00000,0.00000
"1","1196",0.00000,0.00000,4.90697,0.00000,0.00000,0.00000,0.00000,29.64529,0.00000,0.00000
"1","1197",0.00000,0.00000,245.75602,0.00000,0.00000,0.00000,0.00000,0.00000,0.00000,0.00000
"1","1198",0.00000,0.00000,156.92939,0.00000,0.00000,0.00000,0.00000,0.00000,0.00000,0.00000
"1","1199",0.00000,0.00000,196.00227,0.00000,0.00000,0.00000,0.00000,0.00000,0.00000,0.00000
"1","1200",0.00000,0.00000,228.49966,0.00000,0.00000,0.00000,0.00000,0.00000,0.00000,0.00000
"1","1201",0.00000,0.00000,88.61343,0.00000,0.00000,0.00000,0.00000,0.00000,0.00000,0.00000
"1","1202",0.00000,0.00000,25.79909,0.00000,0.00000,0.00000,0.00000,0.00000,0.00000,0.00000
"1","1203",0.00000,0.00000,163.83454,0.00000,0.00000,0.00000,0.00000,0.00000,0.00000,0.00000
"1","1204",0.00000,0.00000,277.83226,2.70824,0.00000,0.00000,0.00000,0.00000,0.00000,0.00000
"1","1205",0.00000,0.00000,277.14208,0.00000,0.00000,0.00000,0.00000,0.00000,0.00000,0.00000
"1","1206",0.00000,0.00000,275.96539,0.00000,0.00000,0.00000,0.00000,0.00000,0.00000,0.00000
"1","1207",0.00000,0.00000,280.54050,0.00000,0.00000,0.00000,0.00000,0.00000,0.00000,0.00000
"1","1208",0.00000,0.00000,61.29145,0.00000,0.00000,0.00000,0.00000,0.00000,0.00000,0.00000
"1","1209",0.00000,0.00000,0.00000,0.00000,0.00000,0.00000,0.00000,31.35226,0.00000,0.00000
"1","1210",6.95738,0.00000,0.00000,0.00000,0.00000,0.00000,0.00000,26.49488,0.00000,0.00000
"1","1211",38.81460,0.00000,0.00000,0.00000,0.00000,0.00000,0.00000,0.00000,0.00000,0.00000
"1","1212",79.97444,0.00000,19.47481,0.00000,0.00000,0.00000,0.00000,0.00000,0.00000,0.00000
"1","1213",111.28616,0.00000,0.00000,0.00000,0.00000,0.00000,0.00000,0.00000,0.00000,0.00000
"1","1214",126.35713,0.00000,0.00000,0.00000,0.00000,0.00000,0.00000,0.00000,0.00000,0.00000
"1","1215",234.26510,0.00000,0.00000,0.00000,0.00000,0.00000,0.00000,0.00000,0.00000,0.00000
"1","1216",189.60319,0.00000,0.00000,0.00000,0.00000,0.00000,0.00000,0.00000,0.00000,0.00000
"1","1217",117.72034,0.00000,0.00000,0.00000,0.00000,0.00000,0.00000,0.00000,0.00000,0.00000
"1","1218",25.48898,0.00000,15.09861,0.00000,0.00000,0.00000,0.00000,0.00000,0.00000,0.00000
"1","1219",0.00000,0.00000,31.15035,0.00000,0.00000,0.00000,0.00000,8.70191,0.00000,0.00000
"1","1220",0.00000,0.00000,14.62588,0.00000,0.00000,0.00000,0.00000,25.02638,0.00000,0.00000
"1","1221",0.00000,0.00000,236.20983,0.00000,0.00000,0.00000,0.00000,0.00000,0.00000,0.00000
"1","1222",0.00000,0.00000,280.54050,0.00000,0.00000,0.00000,0.00000,0.00000,0.00000,0.00000
"1","1223",0.00000,0.00000,280.54050,0.00000,0.00000,0.00000,0.00000,0.00000,0.00000,0.00000
"1","1224",0.00000,0.00000,280.54050,0.00000,0.00000,0.00000,0.00000,0.00000,0.00000,0.00000
"1","1225",0.00000,0.00000,200.25247,80.28802,0.00000,0.00000,0.00000,0.00000,0.00000,0.00000
"1","1226",0.00000,0.00000,279.43226,0.63382,0.00000,0.00000,0.00000,0.00000,0.00000,0.00000
"1","1227",0.00000,0.00000,274.49265,0.00000,0.00000,0.00000,0.00000,0.00000,0.00000,0.00000
"1","1228",0.00000,0.00000,269.01353,0.00000,0.00000,0.00000,0.00000,0.00000,0.00000,0.00000
"1","1229",0.00000,0.00000,226.44044,0.00000,0.00000,0.00000,0.00000,0.00000,0.00000,0.00000
"1","1230",0.00000,0.00000,227.71333,0.00000,0.00000,0.00000,0.00000,0.00000,0.00000,0.00000
"1","1231",0.00000,0.00000,164.70493,0.00000,0.00000,0.00000,0.00000,0.00000,0.00000,0.00000
"1","1232",0.00000,0.00000,140.22682,0.00000,0.00000,0.00000,0.00000,0.00000,0.00000,0.00000
"1","1233",0.00000,0.00000,116.73117,0.00000,0.00000,0.00000,0.00000,2.56883,0.00000,0.00000
"1","1234",4.34126,0.00000,86.17225,0.00000,0.00000,0.00000,0.00000,28.98649,0.00000,0.00000
"1","1235",15.15119,0.00000,52.61107,0.00000,0.00000,0.00000,0.00000,48.88856,0.00000,0.00000
"1","1236",26.82274,0.00000,0.00000,0.00000,0.00000,0.00000,0.00000,48.88856,0.00000,0.00000
"1","1237",36.93679,0.00000,0.00000,0.00000,0.00000,0.00000,0.00000,48.88856,0.00000,0.00000
"1","1238",32.52715,0.00000,0.00000,0.00000,0.00000,0.00000,0.00000,48.88856,0.00000,0.00000
"1","1239",115.17714,0.00000,0.00000,0.00000,0.00000,0.00000,0.00000,48.88856,0.00000,0.00000
"1","1240",89.60297,0.00000,0.00000,0.00000,0.00000,0.00000,26.39153,48.88856,0.00000,0.00000
"1","1241",59.32991,0.00000,0.00000,0.00000,0.00000,0.00000,0.00000,48.88856,0.00000,0.00000
"1","1242",15.94303,0.00000,0.00000,0.00000,0.00000,0.00000,0.00000,48.88856,0.00000,0.00000
"1","1243",0.00000,0.00000,0.00000,0.00000,0.00000,0.00000,0.00000,48.88856,0.00000,0.00000
"1","1244",0.00000,0.00000,0.00000,0.00000,0.00000,0.00000,0.00000,48.88856,0.00000,0.00000
"1","1245",0.00000,0.00000,0.00000,0.00000,0.00000,0.00000,0.00000,48.88856,0.00000,0.00000
"1","1246",0.00000,0.00000,0.00000,0.00000,0.00000,0.00000,0.00000,48.88856,0.00000,0.00000
"1","1247",0.00000,0.00000,0.00000,0.00000,0.00000,0.00000,0.00000,48.88856,0.00000,0.00000
"1","1248",0.00000,0.00000,0.00000,0.00000,0.00000,0.00000,0.00000,48.88856,0.00000,0.00000
"1","1249",0.00000,0.00000,0.00000,0.00000,0.00000,0.00000,0.00000,48.88856,0.00000,0.00000
"1","1250",0.00000,0.00000,0.00000,0.00000,0.00000,0.00000,0.00000,48.88856,0.00000,0.00000
"1","1251",0.00000,0.00000,0.00000,0.00000,0.00000,0.00000,0.00000,48.88856,0.00000,0.00000
"1","1252",0.00000,0.00000,0.00000,0.00000,0.00000,0.00000,0.00000,48.88856,0.00000,0.00000
"1","1253",0.00000,0.00000,0.00000,0.00000,0.00000,0.00000,0.00000,48.88856,0.00000,0.00000
"1","1254",0.00000,0.00000,0.00000,0.00000,0.00000,0.00000,0.00000,48.88856,0.00000,0.00000
"1","1255",0.00000,0.00000,0.00000,0.00000,0.00000,0.00000,0.00000,48.88856,0.00000,0.00000
"1","1256",0.00000,0.00000,0.00000,0.00000,0.00000,0.00000,0.00000,48.88856,0.00000,0.00000
"1","1257",0.00000,0.00000,0.00000,0.00000,0.00000,0.00000,0.00000,48.88856,0.00000,0.00000
"1","1258",5.75937,0.00000,0.00000,0.00000,0.00000,0.00000,0.00000,48.88856,0.00000,0.00000
"1","1259",25.87450,0.00000,0.00000,0.00000,0.00000,0.00000,0.00000,48.88856,0.00000,0.00000
"1","1260",50.90936,0.00000,0.00000,0.00000,0.00000,0.00000,0.00000,48.88856,0.00000,0.00000
"1","1261",71.12671,0.00000,0.00000,0.00000,0.00000,0.00000,6.51527,48.88856,0.00000,0.00000
"1","1262",81.07647,0.00000,0.00000,0.00000,0.00000,0.00000,18.06503,48.88856,0.00000,0.00000
"1","1263",49.40096,0.00000,0.00000,0.00000,0.00000,0.00000,0.00000,48.88856,0.00000,0.00000
"1","1264",39.30365,0.00000,0.00000,0.00000,0.00000,0.00000,0.00000,48.88856,0.00000,0.00000
"1","1265",24.15207,0.00000,0.00000,0.00000,0.00000,0.00000,0.00000,48.88856,0.00000,0.00000
"1","1266",0.29400,0.00000,0.00000,0.00000,0.00000,0.00000,0.00000,48.88856,0.00000,0.00000
"1","1267",0.00000,0.00000,0.00000,0.00000,0.00000,0.00000,0.00000,48.88856,0.00000,0.00000
"1","1268",0.00000,0.00000,6.78901,0.00000,0.00000,0.00000,0.00000,48.88856,0.00000,0.00000
"1","1269",0.00000,0.00000,34.32463,0.00000,0.00000,0.00000,0.00000,48.88856,0.00000,0.00000
"1","1270",0.00000,0.00000,54.88704,0.00000,0.00000,0.00000,0.00000,48.88856,0.00000,0.00000
"1","1271",0.00000,0.00000,77.12849,0.00000,0.00000,0.00000,24.31704,48.88856,0.00000,0.00000
"1","1272",0.00000,0.00000,56.86670,0.00000,0.00000,0.00000,11.75525,48.88856,0.00000,0.00000
"1","1273",0.00000,0.00000,48.29221,0.00000,0.00000,0.00000,7.58077,48.88856,0.00000,0.00000
"1","1274",0.00000,0.00000,40.42515,0.00000,0.00000,0.00000,2.11371,48.88856,0.00000,0.00000
"1","1275",0.00000,0.00000,55.11725,0.00000,0.00000,0.00000,17.70580,48.88856,0.00000,0.00000
"1","1276",0.00000,0.00000,46.54519,0.00000,0.00000,0.00000,9.33375,48.88856,0.00000,0.00000
"1","1277",0.00000,0.00000,21.33100,0.00000,0.00000,0.00000,0.00000,48.88856,0.00000,0.00000
"1","1278",0.00000,0.00000,8.25788,0.00000,0.00000,0.00000,0.00000,48.88856,0.00000,0.00000
"1","1279",0.00000,0.00000,5.89158,0.00000,0.00000,0.00000,0.00000,48.88856,0.00000,0.00000
"1","1280",0.00000,0.00000,21.92056,0.00000,0.00000,0.00000,0.00000,48.88856,0.00000,0.00000
"1","1281",0.00000,0.00000,14.84581,0.00000,0.00000,0.00000,0.00000,48.88856,0.00000,0.00000
"1","1282",6.38991,0.00000,0.00000,0.00000,0.00000,0.00000,0.00000,48.88856,0.00000,0.00000
"1","1283",25.72284,0.00000,0.00000,0.00000,0.00000,0.00000,0.00000,48.88856,0.00000,0.00000
"1","1284",49.55963,0.00000,0.00000,0.00000,0.00000,0.00000,0.00000,48.88856,0.00000,0.00000
"1","1285",69.30386,0.00000,0.00000,0.00000,0.00000,0.00000,2.29241,48.88856,0.00000,0.00000
"1","1286",115.92312,0.00000,0.00000,0.00000,0.00000,0.00000,0.00000,48.88856,0.00000,0.00000
"1","1287",111.67317,0.00000,0.00000,0.00000,0.00000,0.00000,45.96173,48.88856,0.00000,0.00000
"1","1288",90.85933,0.00000,0.00000,0.00000,0.00000,0.00000,26.04789,48.88856,0.00000,0.00000
"1","1289",58.12580,0.00000,0.00000,0.00000,0.00000,0.00000,0.00000,48.88856,0.00000,0.00000
"1","1290",15.36061,0.00000,0.00000,0.00000,0.00000,0.00000,0.00000,48.88856,0.00000,0.00000
"1","1291",0.00000,0.00000,0.00000,0.00000,0.00000,0.00000,0.00000,48.88856,0.00000,0.00000
"1","1292",0.00000,0.00000,0.00000,0.00000,0.00000,0.00000,0.00000,48.88856,0.00000,0.00000
"1","1293",0.00000,0.00000,0.00000,0.00000,0.00000,0.00000,0.00000,48.88856,0.00000,0.00000
"1","1294",0.00000,0.00000,0.00000,0.00000,0.00000,0.00000,0.00000,48.88856,0.00000,0.00000
"1","1295",0.00000,0.00000,0.00000,0.00000,0.00000,0.00000,0.00000,48.88856,0.00000,0.00000
"1","1296",0.00000,0.00000,0.00000,0.00000,0.00000,0.00000,0.00000,48.88856,0.00000,0.00000
"1","1297",0.00000,0.00000,0.00000,0.00000,0.00000,0.00000,0.00000,48.88856,0.00000,0.00000
"1","1298",0.00000,0.00000,20.63778,0.00000,0.00000,0.00000,0.00000,48.88856,0.00000,0.00000
"1","1299",0.00000,0.00000,36.82670,0.00000,0.00000,0.00000,2.01526,48.88856,0.00000,0.00000
"1","1300",0.00000,0.00000,0.10724,0.00000,0.00000,0.00000,0.00000,48.88856,0.00000,0.00000
"1","1301",0.00000,0.00000,0.00000,0.00000,0.00000,0.00000,0.00000,48.88856,0.00000,0.00000
"1","1302",0.00000,0.00000,0.00000,0.00000,0.00000,0.00000,0.00000,48.88856,0.00000,0.00000
"1","1303",0.00000,0.00000,26.08486,0.00000,0.00000,0.00000,0.00000,48.88856,0.00000,0.00000
"1","1304",0.00000,0.00000,71.31775,0.00000,0.00000,0.00000,0.00000,31.98225,0.00000,0.00000
"1","1305",0.00000,0.00000,88.53124,0.00000,0.00000,0.00000,0.00000,19.06876,0.00000,0.00000
"1","1306",81.03680,0.00000,72.33578,0.00000,0.00000,0.00000,0.00000,0.00000,0.00000,0.00000
"1","1307",182.59816,0.00000,55.23408,0.00000,0.00000,0.00000,0.00000,0.00000,0.00000,0.00000
"1","1308",256.67395,0.00000,43.85831,3.80138,0.00000,0.00000,0.00000,0.00000,0.00000,0.00000
"1","1309",264.73398,30.58134,35.19828,0.00000,0.00000,0.00000,0.00000,0.00000,0.00000,0.00000
"1","1310",299.33226,6.06343,0.00000,36.65860,0.00000,0.00000,0.00000,0.00000,0.00000,0.00000
"1","1311",228.14546,57.04352,70.58680,0.00000,0.00000,0.00000,0.00000,0.00000,0.00000,0.00000
"1","1312",235.53501,0.00000,62.69725,18.01148,0.00000,0.00000,0.00000,0.00000,0.00000,0.00000
"1","1313",154.79814,0.00000,73.86745,0.00000,0.00000,0.00000,0.00000,0.00000,0.00000,0.00000
"1","1314",39.97029,0.00000,50.22452,0.00000,0.00000,0.00000,0.00000,0.00000,0.00000,0.00000
"1","1315",0.00000,0.00000,55.67039,0.00000,0.00000,0.00000,0.94410,0.00000,0.00000,0.00000
"1","1316",0.00000,0.00000,55.49314,0.00000,0.00000,0.00000,0.00000,0.00000,0.00000,0.00000
"1","1317",0.00000,0.00000,55.38985,0.00000,0.00000,0.00000,0.00000,0.00000,0.00000,0.00000
"1","1318",0.00000,0.00000,39.94448,0.00000,0.00000,0.00000,16.99222,0.00000,0.00000,0.00000
"1","1319",0.00000,0.00000,52.55849,0.00000,0.00000,0.00000,35.40623,0.00000,0.00000,0.00000
"1","1320",0.00000,0.00000,72.03404,0.00000,0.00000,0.00000,0.00000,0.00000,0.00000,0.00000
"1","1321",0.00000,0.00000,121.61166,0.00000,0.00000,0.00000,0.00000,0.00000,0.00000,0.00000
"1","1322",0.00000,0.00000,192.38452,61.04805,0.00000,0.00000,0.00000,0.00000,0.00000,0.00000
"1","1323",0.00000,0.00000,275.33226,2.49156,0.00000,0.00000,0.00000,0.00000,0.00000,0.00000
"1","1324",0.00000,0.00000,248.63893,0.00000,0.00000,0.00000,0.00000,0.00000,0.00000,0.00000
"1","1325",0.00000,0.00000,70.29038,0.00000,0.00000,0.00000,68.23812,0.00000,0.00000,0.00000
"1","1326",0.00000,0.00000,192.08452,18.79177,0.00000,0.00000,0.00000,0.00000,0.00000,0.00000
"1","1327",0.00000,0.00000,280.54050,0.00000,0.00000,0.00000,0.00000,0.00000,0.00000,0.00000
"1","1328",0.00000,0.00000,201.38452,79.15598,0.00000,0.00000,0.00000,0.00000,0.00000,0.00000
"1","1329",0.00000,0.00000,280.54050,0.00000,0.00000,0.00000,0.00000,0.00000,0.00000,0.00000
"1","1330",32.99094,0.00000,177.09358,103.44692,0.00000,0.00000,0.00000,0.00000,0.00000,0.00000
"1","1331",0.00000,112.56864,212.98452,67.55598,0.00000,0.00000,0.00000,0.00000,0.00000,0.00000
"1","1332",0.00000,180.39360,277.32882,3.21167,0.00000,0.00000,0.00000,0.00000,0.00000,0.00000
"1","1333",212.68452,77.70308,0.00000,280.54050,0.00000,0.00000,0.00000,0.00000,0.00000,0.00000
"1","1334",42.92353,0.00000,252.70873,27.83176,0.00000,0.00000,0.00000,0.00000,0.00000,0.00000
"1","1335",122.35198,0.00000,87.33254,186.25424,0.00000,0.00000,0.00000,0.00000,0.00000,0.00000
"1","1336",13.49176,80.48113,280.54050,0.00000,0.00000,0.00000,0.00000,0.00000,0.00000,0.00000
"1","1337",0.00000,62.50588,233.67339,0.00000,0.00000,0.00000,0.00000,0.00000,0.00000,0.00000
"1","1338",0.00000,19.09727,280.54050,0.00000,0.00000,0.00000,0.00000,0.00000,0.00000,0.00000
"1","1339",0.00000,0.00000,219.88452,60.65598,0.00000,0.00000,0.00000,0.00000,0.00000,0.00000
"1","1340",0.00000,0.00000,221.58452,58.95598,0.00000,0.00000,0.00000,0.00000,0.00000,0.00000
"1","1341",0.00000,0.00000,37.65581,0.00000,0.00000,0.00000,0.00000,0.00000,0.00000,0.00000
"1","1342",0.00000,0.00000,153.90266,0.00000,0.00000,0.00000,0.00000,0.00000,0.00000,0.00000
"1","1343",0.00000,0.00000,134.89900,0.00000,0.00000,0.00000,0.00000,0.00000,0.00000,0.00000
"1","1344",0.00000,0.00000,75.38763,0.00000,0.00000,0.00000,0.00000,0.00000,0.00000,0.00000
"1","1345",0.00000,0.00000,18.91718,0.00000,0.00000,0.00000,0.00000,0.00000,0.00000,0.00000
"1","1346",0.00000,0.00000,2.36831,0.00000,0.00000,0.00000,0.00000,6.28395,0.00000,0.00000
"1","1347",0.00000,0.00000,35.10088,0.00000,0.00000,0.00000,0.00000,0.00000,0.00000,0.00000
"1","1348",0.00000,0.00000,53.99210,0.00000,0.00000,0.00000,0.00000,0.00000,0.00000,0.00000
"1","1349",0.00000,0.00000,24.37108,0.00000,0.00000,0.00000,0.00000,0.00000,0.00000,0.00000
"1","1350",0.00000,0.00000,100.32371,0.00000,0.00000,0.00000,0.00000,0.00000,0.00000,0.00000
"1","1351",0.00000,0.00000,75.03499,0.00000,0.00000,0.00000,0.00000,0.00000,0.00000,0.00000
"1","1352",0.00000,0.00000,102.57625,0.00000,0.00000,0.00000,0.00000,0.00000,0.00000,0.00000
"1","1353",0.00000,0.00000,126.57340,0.00000,0.00000,0.00000,0.00000,0.00000,0.00000,0.00000
"1","1354",28.06343,0.00000,203.56546,66.78446,0.00000,0.00000,0.00000,0.00000,0.00000,0.00000
"1","1355",100.35036,0.49018,200.78190,0.00000,0.00000,0.00000,0.00000,0.00000,0.00000,0.00000
"1","1356",161.58354,0.00000,138.84872,28.70643,0.00000,0.00000,0.00000,0.00000,0.00000,0.00000
"1","1357",199.70630,0.00000,99.72596,165.46331,0.00000,0.00000,0.00000,0.00000,0.00000,0.00000
"1","1358",30.27114,250.86382,267.86112,0.00000,0.00000,0.00000,0.00000,0.00000,0.00000,0.00000
"1","1359",261.06516,0.00000,36.36710,139.94323,0.00000,0.00000,0.00000,0.00000,0.00000,0.00000
"1","1360",216.67367,0.00000,80.65859,144.12140,0.00000,0.00000,0.00000,0.00000,0.00000,0.00000
"1","1361",143.52865,0.00000,32.94668,0.00000,0.00000,0.00000,0.00000,0.00000,0.00000,0.00000
"1","1362",41.70103,0.00000,58.58299,0.00000,0.00000,0.00000,0.00000,0.00000,0.00000,0.00000
"1","1363",0.00000,0.00000,61.62849,0.00000,0.00000,0.00000,0.00000,38.76103,0.00000,0.00000
"1","1364",0.00000,0.00000,27.59532,0.00000,0.00000,0.00000,0.00000,48.88856,0.00000,0.00000
"1","1365",0.00000,0.00000,28.55648,0.00000,0.00000,0.00000,0.00000,8.19578,0.00000,0.00000
"1","1366",0.00000,0.00000,42.12772,0.00000,0.00000,0.00000,0.00000,48.88856,0.00000,0.00000
"1","1367",0.00000,0.00000,37.86416,0.00000,0.00000,0.00000,0.00000,48.88856,0.00000,0.00000
"1","1368",0.00000,0.00000,34.88842,0.00000,0.00000,0.00000,0.00000,48.88856,0.00000,0.00000
"1","1369",0.00000,0.00000,53.15851,0.00000,0.00000,0.00000,0.00000,45.64149,0.00000,0.00000
"1","1370",0.00000,0.00000,77.87560,0.00000,0.00000,0.00000,0.00000,18.52440,0.00000,0.00000
"1","1371",0.00000,0.00000,89.45990,0.00000,0.00000,0.00000,0.00000,6.24010,0.00000,0.00000
"1","1372",0.00000,0.00000,91.83141,0.00000,0.00000,0.00000,0.00000,3.76859,0.00000,0.00000
"1","1373",0.00000,0.00000,87.44952,0.00000,0.00000,0.00000,0.00000,10.35048,0.00000,0.00000
"1","1374",0.00000,0.00000,98.53439,0.00000,0.00000,0.00000,0.00000,4.36561,0.00000,0.00000
"1","1375",0.00000,0.00000,80.79306,0.00000,0.00000,0.00000,0.00000,30.50694,0.00000,0.00000
"1","1376",0.00000,0.00000,64.61450,0.00000,0.00000,0.00000,0.00000,0.00000,0.00000,0.00000
"1","1377",0.00000,0.00000,56.10539,0.00000,0.00000,0.00000,0.00000,0.00000,0.00000,0.00000
"1","1378",17.81436,0.00000,34.15588,0.00000,0.00000,0.00000,0.00000,48.88856,0.00000,0.00000
"1","1379",61.26258,0.00000,6.57910,0.00000,0.00000,0.00000,0.00000,48.88856,0.00000,0.00000
"1","1380",243.61063,0.00000,0.00000,0.00000,0.00000,0.00000,0.00000,0.00000,0.00000,0.00000
"1","1381",279.70396,0.00000,0.00000,0.00000,0.00000,0.00000,0.00000,0.00000,0.00000,0.00000
"1","1382",288.59135,0.00000,0.00000,0.00000,0.00000,0.00000,0.00000,0.00000,0.00000,0.00000
"1","1383",270.43100,0.00000,0.00000,0.00000,0.00000,0.00000,0.00000,0.00000,0.00000,0.00000
"1","1384",225.46479,0.00000,0.00000,0.00000,0.00000,0.00000,0.00000,0.00000,0.00000,0.00000
"1","1385",150.11474,0.00000,0.00000,0.00000,0.00000,0.00000,0.00000,0.00000,0.00000,0.00000
"1","1386",50.01728,0.00000,0.00000,0.00000,0.00000,0.00000,0.00000,48.88856,0.00000,0.00000
"1","1387",0.00000,0.00000,0.00000,0.00000,0.00000,0.00000,0.00000,48.88856,0.00000,0.00000
"1","1388",0.00000,0.00000,0.00000,0.00000,0.00000,0.00000,0.00000,48.88856,0.00000,0.00000
"1","1389",0.00000,0.00000,0.00000,0.00000,0.00000,0.00000,0.00000,48.88856,0.00000,0.00000
"1","1390",0.00000,0.00000,0.00000,0.00000,0.00000,0.00000,0.00000,48.88856,0.00000,0.00000
"1","1391",0.00000,0.00000,0.00000,0.00000,0.00000,0.00000,0.00000,48.88856,0.00000,0.00000
"1","1392",0.00000,0.00000,0.00000,0.00000,0.00000,0.00000,0.00000,48.88856,0.00000,0.00000
"1","1393",0.00000,0.00000,0.00000,0.00000,0.00000,0.00000,0.00000,48.88856,0.00000,0.00000
"1","1394",0.00000,0.00000,0.00000,0.00000,0.00000,0.00000,0.00000,48.88856,0.00000,0.00000
"1","1395",0.00000,0.00000,0.00000,0.00000,0.00000,0.00000,0.00000,48.88856,0.00000,0.00000
"1","1396",0.00000,0.00000,0.00000,0.00000,0.00000,0.00000,0.00000,48.88856,0.00000,0.00000
"1","1397",0.00000,0.00000,0.00000,0.00000,0.00000,0.00000,0.00000,48.88856,0.00000,0.00000
"1","1398",0.00000,0.00000,6.65775,0.00000,0.00000,0.00000,0.00000,48.88856,0.00000,0.00000
"1","1399",0.00000,0.00000,13.61448,0.00000,0.00000,0.00000,0.00000,48.88856,0.00000,0.00000
"1","1400",0.00000,0.00000,6.44258,0.00000,0.00000,0.00000,0.00000,48.88856,0.00000,0.00000
"1","1401",0.00000,0.00000,6.94104,0.00000,0.00000,0.00000,0.00000,48.88856,0.00000,0.00000
"1","1402",97.31915,0.00000,0.00000,0.00000,0.00000,0.00000,0.00000,25.88085,0.00000,0.00000
"1","1403",192.62435,0.00000,0.00000,0.00000,0.00000,0.00000,0.00000,0.00000,0.00000,0.00000
"1","1404",257.92257,0.00000,0.00000,0.00000,0.00000,0.00000,0.00000,0.00000,0.00000,0.00000
"1","1405",294.01348,0.00000,0.00000,0.00000,0.00000,0.00000,0.00000,0.00000,0.00000,0.00000
"1","1406",303.29176,0.00000,0.00000,0.00000,0.00000,0.00000,0.00000,0.00000,0.00000,0.00000
"1","1407",284.97418,0.00000,0.00000,0.00000,0.00000,0.00000,0.00000,0.00000,0.00000,0.00000
"1","1408",246.41071,0.00000,0.00000,0.00000,0.00000,0.00000,0.00000,0.00000,0.00000,0.00000
"1","1409",167.46090,0.00000,0.00000,0.00000,0.00000,0.00000,0.00000,0.00000,0.00000,0.00000
"1","1410",62.42509,0.00000,1.98415,0.00000,0.00000,0.00000,0.00000,48.88856,0.00000,0.00000
"1","1411",0.00000,0.00000,1.79119,0.00000,0.00000,0.00000,0.00000,48.88856,0.00000,0.00000
"1","1412",0.00000,0.00000,11.34803,0.00000,0.00000,0.00000,0.00000,48.88856,0.00000,0.00000
"1","1413",0.00000,0.00000,0.00000,0.00000,0.00000,0.00000,0.00000,48.88856,0.00000,0.00000
"1","1414",0.00000,0.00000,0.00000,0.00000,0.00000,0.00000,0.00000,48.88856,0.00000,0.00000
"1","1415",0.00000,0.00000,0.00000,0.00000,0.00000,0.00000,0.00000,48.88856,0.00000,0.00000
"1","1416",0.00000,0.00000,0.00000,0.00000,0.00000,0.00000,0.00000,48.88856,0.00000,0.00000
"1","1417",0.00000,0.00000,101.46025,0.00000,0.00000,0.00000,0.00000,0.00000,0.00000,0.00000
"1","1418",0.00000,0.00000,121.19982,0.00000,0.00000,0.00000,0.00000,0.00000,0.00000,0.00000
"1","1419",0.00000,0.00000,141.29612,0.00000,0.00000,0.00000,0.00000,0.00000,0.00000,0.00000
"1","1420",0.00000,0.00000,117.19531,0.00000,0.00000,0.00000,0.00000,0.00000,0.00000,0.00000
"1","1421",0.00000,0.00000,109.86336,0.00000,0.00000,0.00000,0.00000,0.00000,0.00000,0.00000
"1","1422",0.00000,0.00000,141.40352,0.00000,0.00000,0.00000,0.00000,0.00000,0.00000,0.00000
"1","1423",0.00000,0.00000,65.99002,0.00000,0.00000,0.00000,0.00000,0.00000,0.00000,0.00000
"1","1424",0.00000,0.00000,51.54504,0.00000,0.00000,0.00000,0.00000,0.00000,0.00000,0.00000
"1","1425",0.00000,0.00000,40.61184,0.00000,0.00000,0.00000,0.00000,0.00000,0.00000,0.00000
"1","1426",3.46235,0.00000,13.35897,0.00000,0.00000,0.00000,0.00000,0.00000,0.00000,0.00000
"1","1427",8.99223,0.00000,0.00000,0.00000,0.00000,0.00000,0.00000,0.00000,0.00000,0.00000
"1","1428",14.97775,0.00000,0.00000,0.00000,0.00000,0.00000,0.00000,0.00000,0.00000,0.00000
"1","1429",158.58899,0.00000,0.00000,0.00000,0.00000,0.00000,0.00000,0.00000,0.00000,0.00000
"1","1430",172.15688,0.00000,0.00000,0.00000,0.00000,0.00000,0.00000,0.00000,0.00000,0.00000
"1","1431",89.13903,0.00000,41.37137,0.00000,0.00000,0.00000,0.00000,0.00000,0.00000,0.00000
"1","1432",71.77497,0.00000,147.86695,0.00000,0.00000,0.00000,0.00000,0.00000,0.00000,0.00000
"1","1433",47.50844,0.00000,79.25504,0.00000,0.00000,0.00000,0.00000,0.00000,0.00000,0.00000
"1","1434",20.85463,0.00000,81.50337,0.00000,0.00000,0.00000,0.00000,0.00000,0.00000,0.00000
"1","1435",0.00000,0.00000,67.59332,0.00000,0.00000,0.00000,0.00000,0.00000,0.00000,0.00000
"1","1436",0.00000,0.00000,217.52929,0.00000,0.00000,0.00000,0.00000,0.00000,0.00000,0.00000
"1","1437",0.00000,0.00000,271.70593,0.00000,0.00000,0.00000,0.00000,0.00000,0.00000,0.00000
"1","1438",0.00000,0.00000,259.41318,0.00000,0.00000,0.00000,0.00000,0.00000,0.00000,0.00000
"1","1439",0.00000,0.00000,277.47175,0.00000,0.00000,0.00000,0.00000,0.00000,0.00000,0.00000
"1","1440",0.00000,0.00000,280.54050,0.00000,0.00000,0.00000,0.00000,0.00000,0.00000,0.00000
"1","1441",0.00000,0.00000,279.63226,0.90824,0.00000,0.00000,0.00000,0.00000,0.00000,0.00000
"1","1442",0.00000,0.00000,259.73724,0.00000,0.00000,0.00000,0.00000,0.00000,0.00000,0.00000
"1","1443",0.00000,0.00000,158.75047,0.00000,0.00000,0.00000,20.39163,0.00000,0.00000,0.00000
"1","1444",0.00000,0.00000,86.35510,0.00000,0.00000,0.00000,82.90284,0.00000,0.00000,0.00000
"1","1445",0.00000,0.00000,235.71674,0.00000,0.00000,0.00000,0.00000,0.00000,0.00000,0.00000
"1","1446",0.00000,0.00000,279.84569,0.00000,0.00000,0.00000,0.00000,0.00000,0.00000,0.00000
"1","1447",0.00000,0.00000,277.59782,0.00000,0.00000,0.00000,0.00000,0.00000,0.00000,0.00000
"1","1448",0.00000,0.00000,273.27299,0.00000,0.00000,0.00000,0.00000,0.00000,0.00000,0.00000
"1","1449",0.00000,0.00000,211.42168,0.00000,0.00000,0.00000,7.16284,0.00000,0.00000,0.00000
"1","1450",29.73433,0.00000,187.61597,0.00000,0.00000,0.00000,2.23422,0.00000,0.00000,0.00000
"1","1451",82.26026,0.00000,60.77156,0.00000,0.00000,0.00000,0.00000,0.00000,0.00000,0.00000
"1","1452",138.58062,0.00000,2.50240,0.00000,0.00000,0.00000,22.67844,0.00000,0.00000,0.00000
"1","1453",176.42086,0.00000,12.86429,0.00000,0.00000,0.00000,0.00000,0.00000,0.00000,0.00000
"1","1454",189.89007,0.00000,47.69920,0.00000,0.00000,0.00000,0.00000,0.00000,0.00000,0.00000
"1","1455",119.58044,0.00000,63.75803,0.00000,0.00000,0.00000,0.00000,0.00000,0.00000,0.00000
"1","1456",171.40172,0.00000,55.91394,0.00000,0.00000,0.00000,0.00000,0.00000,0.00000,0.00000
"1","1457",119.55335,0.00000,81.78774,0.00000,0.00000,0.00000,0.00000,0.00000,0.00000,0.00000
"1","1458",63.58760,0.00000,146.85462,0.00000,0.00000,0.00000,0.00000,0.00000,0.00000,0.00000
"1","1459",0.00000,0.00000,94.89876,0.00000,0.00000,0.00000,0.00000,0.00000,0.00000,0.00000
"1","1460",0.00000,0.00000,63.61197,0.00000,0.00000,0.00000,0.00000,0.00000,0.00000,0.00000
"1","1461",0.00000,0.00000,59.36886,0.00000,0.00000,0.00000,0.00000,0.00000,0.00000,0.00000
"1","1462",0.00000,0.00000,7.80162,0.00000,0.00000,0.00000,0.00000,0.00000,0.00000,0.00000
"1","1463",0.00000,0.00000,0.81446,0.00000,0.00000,0.00000,0.00000,0.00000,0.00000,0.00000
"1","1464",0.00000,0.00000,15.35459,0.00000,0.00000,0.00000,0.00000,0.00000,0.00000,0.00000
"1","1465",0.00000,0.00000,30.99542,0.00000,0.00000,0.00000,0.00000,0.00000,0.00000,0.00000
"1","1466",0.00000,0.00000,15.44649,0.00000,0.00000,0.00000,0.00000,0.00000,0.00000,0.00000
"1","1467",0.00000,0.00000,11.71524,0.00000,0.00000,0.00000,0.00000,0.00000,0.00000,0.00000
"1","1468",0.00000,0.00000,4.32860,0.00000,0.00000,0.00000,0.00000,0.00000,0.00000,0.00000
"1","1469",0.00000,0.00000,0.00000,0.00000,0.00000,0.00000,0.00000,0.00000,0.00000,0.00000
"1","1470",0.00000,0.00000,0.00000,0.00000,0.00000,0.00000,0.00000,0.00000,0.00000,0.00000
"1","1471",0.00000,0.00000,0.00000,0.00000,0.00000,0.00000,0.00000,0.00000,0.00000,0.00000
"1","1472",0.00000,0.00000,0.00000,0.00000,0.00000,0.00000,0.00000,0.00000,0.00000,0.00000
"1","1473",0.00000,0.00000,8.26829,0.00000,0.00000,0.00000,0.00000,0.00000,0.00000,0.00000
"1","1474",13.77340,0.00000,24.29581,0.00000,0.00000,0.00000,0.00000,0.00000,0.00000,0.00000
"1","1475",35.13130,0.00000,4.00321,0.00000,0.00000,0.00000,0.00000,0.00000,0.00000,0.00000
"1","1476",58.46202,0.00000,6.91730,0.00000,0.00000,0.00000,0.00000,0.00000,0.00000,0.00000
"1","1477",189.24858,0.00000,0.00000,0.00000,0.00000,0.00000,0.00000,0.00000,0.00000,0.00000
"1","1478",206.79599,0.00000,5.06465,0.00000,0.00000,0.00000,0.00000,0.00000,0.00000,0.00000
"1","1479",172.44521,0.00000,4.31932,0.00000,0.00000,0.00000,0.00000,0.00000,0.00000,0.00000
"1","1480",145.24169,0.00000,27.17834,0.00000,0.00000,0.00000,0.00000,0.00000,0.00000,0.00000
"1","1481",99.58611,0.00000,16.15540,0.00000,0.00000,0.00000,0.00000,0.00000,0.00000,0.00000
"1","1482",49.71347,0.00000,104.62333,0.00000,0.00000,0.00000,0.00000,0.00000,0.00000,0.00000
"1","1483",0.00000,0.00000,125.99719,0.00000,0.00000,0.00000,0.00000,0.00000,0.00000,0.00000
"1","1484",0.00000,0.00000,136.06823,0.00000,0.00000,0.00000,0.00000,0.00000,0.00000,0.00000
"1","1485",0.00000,0.00000,39.30991,0.00000,0.00000,0.00000,0.00000,0.00000,0.00000,0.00000
"1","1486",0.00000,0.00000,25.05067,0.00000,0.00000,0.00000,0.00000,0.00000,0.00000,0.00000
"1","1487",0.00000,0.00000,48.22143,0.00000,0.00000,0.00000,0.00000,0.00000,0.00000,0.00000
"1","1488",0.00000,0.00000,11.41172,0.00000,0.00000,0.00000,0.00000,0.00000,0.00000,0.00000
"1","1489",0.00000,0.00000,45.55070,0.00000,0.00000,0.00000,0.00000,0.00000,0.00000,0.00000
"1","1490",0.00000,0.00000,49.88150,0.00000,0.00000,0.00000,0.00000,0.00000,0.00000,0.00000
"1","1491",0.00000,0.00000,4.25058,0.00000,0.00000,0.00000,0.00000,0.00000,0.00000,0.00000
"1","1492",0.00000,0.00000,13.53417,0.00000,0.00000,0.00000,0.00000,0.00000,0.00000,0.00000
"1","1493",0.00000,0.00000,6.71401,0.00000,0.00000,0.00000,0.00000,0.00000,0.00000,0.00000
"1","1494",0.00000,0.00000,0.00000,0.00000,0.00000,0.00000,0.00000,0.00000,0.00000,0.00000
"1","1495",0.00000,0.00000,20.04588,0.00000,0.00000,0.00000,0.00000,0.00000,0.00000,0.00000
"1","1496",0.00000,0.00000,20.29112,0.00000,0.00000,0.00000,0.00000,0.00000,0.00000,0.00000
"1","1497",0.00000,0.00000,0.00000,0.00000,0.00000,0.00000,0.00000,0.00000,0.00000,0.00000
"1","1498",127.11763,0.00000,16.18398,0.00000,0.00000,0.00000,0.00000,0.00000,0.00000,0.00000
"1","1499",218.18452,11.01597,0.00000,0.00000,0.00000,0.00000,0.00000,0.00000,0.00000,0.00000
"1","1500",216.98452,78.21711,0.00000,0.00000,0.00000,0.00000,0.00000,0.00000,0.00000,0.00000
"1","1501",300.13226,31.92657,0.00000,0.00000,0.00000,0.00000,0.00000,0.00000,0.00000,0.00000
"1","1502",213.48452,126.21502,0.00000,0.00000,0.00000,0.00000,0.00000,0.00000,0.00000,0.00000
"1","1503",212.18452,108.18297,0.00000,0.00000,0.00000,0.00000,0.00000,0.00000,0.00000,0.00000
"1","1504",211.68452,58.19063,0.00000,0.00000,0.00000,0.00000,0.00000,0.00000,0.00000,0.00000
"1","1505",188.74207,0.00000,0.00000,0.00000,0.00000,0.00000,23.94245,0.00000,0.00000,0.00000
"1","1506",85.93694,0.00000,85.32913,0.00000,0.00000,0.00000,44.41845,0.00000,0.00000,0.00000
"1","1507",0.00000,7.76547,220.38452,60.15598,0.00000,0.00000,0.00000,0.00000,0.00000,0.00000
"1","1508",0.00000,0.00000,224.28452,52.94255,0.00000,0.00000,0.00000,0.00000,0.00000,0.00000
"1","1509",0.00000,0.00000,222.48452,56.89889,0.00000,0.00000,0.00000,0.00000,0.00000,0.00000
"1","1510",0.00000,0.00000,217.88452,62.65598,0.00000,0.00000,0.00000,0.00000,0.00000,0.00000
"1","1511",0.00000,0.00000,265.61664,14.92386,0.00000,0.00000,0.00000,0.00000,0.00000,0.00000
"1","1512",0.00000,0.00000,206.58452,73.95598,0.00000,0.00000,0.00000,0.00000,0.00000,0.00000
"1","1513",0.00000,0.00000,280.54050,0.00000,0.00000,0.00000,0.00000,0.00000,0.00000,0.00000
"1","1514",0.00000,0.00000,199.78452,80.75598,0.00000,0.00000,0.00000,0.00000,0.00000,0.00000
"1","1515",0.00000,0.00000,198.28452,82.25598,0.00000,0.00000,0.00000,0.00000,0.00000,0.00000
"1","1516",0.00000,0.00000,198.18452,82.35598,0.00000,0.00000,0.00000,0.00000,0.00000,0.00000
"1","1517",0.00000,0.00000,198.38452,82.15598,0.00000,0.00000,0.00000,0.00000,0.00000,0.00000
"1","1518",0.00000,0.00000,200.28452,80.25598,0.00000,0.00000,0.00000,0.00000,0.00000,0.00000
"1","1519",0.00000,0.00000,203.58452,76.95598,0.00000,0.00000,0.00000,0.00000,0.00000,0.00000
"1","1520",0.00000,0.00000,208.08452,72.45598,0.00000,0.00000,0.00000,0.00000,0.00000,0.00000
"1","1521",21.72455,0.00000,274.90771,5.63279,0.00000,0.00000,0.00000,0.00000,0.00000,0.00000
"1","1522",131.64187,0.00000,167.89039,112.65011,0.00000,0.00000,0.00000,0.00000,0.00000,0.00000
"1","1523",215.38452,17.01709,0.00000,280.54050,0.00000,0.00000,0.00000,0.00000,0.00000,0.00000
"1","1524",0.00000,300.22319,280.54050,0.00000,0.00000,0.00000,0.00000,0.00000,0.00000,0.00000
"1","1525",212.58452,124.40977,0.00000,33.65466,0.00000,0.00000,0.00000,0.00000,0.00000,0.00000
"1","1526",144.30713,199.29162,67.27738,0.00000,0.00000,0.00000,0.00000,0.00000,0.00000,0.00000
"1","1527",0.00000,321.69352,210.38452,70.15598,0.00000,0.00000,0.00000,0.00000,0.00000,0.00000
"1","1528",210.28452,61.35446,0.00000,280.54050,0.00000,0.00000,0.00000,0.00000,0.00000,0.00000
"1","1529",190.64620,0.00000,106.08606,27.23841,0.00000,0.00000,0.00000,0.00000,0.00000,0.00000
"1","1530",0.00000,88.73992,215.78452,64.75598,0.00000,0.00000,0.00000,0.00000,0.00000,0.00000
"1","1531",8.56438,0.00000,280.54050,0.00000,0.00000,0.00000,0.00000,0.00000,0.00000,0.00000
"1","1532",0.00000,0.00000,76.48261,0.00000,0.00000,0.00000,0.00000,0.00000,0.00000,0.00000
"1","1533",0.00000,0.00000,17.88823,0.00000,0.00000,0.00000,0.00000,0.00000,0.00000,0.00000
"1","1534",0.00000,0.00000,36.88740,0.00000,0.00000,0.00000,0.00000,2.61148,0.00000,0.00000
"1","1535",0.00000,0.00000,11.26295,0.00000,0.00000,0.00000,0.00000,0.00000,0.00000,0.00000
"1","1536",0.00000,0.00000,21.09052,0.00000,0.00000,0.00000,0.00000,0.00000,0.00000,0.00000
"1","1537",0.00000,0.00000,21.40384,0.00000,0.00000,0.00000,0.00000,0.00000,0.00000,0.00000
"1","1538",0.00000,0.00000,95.72432,0.00000,0.00000,0.00000,0.00000,0.00000,0.00000,0.00000
"1","1539",0.00000,0.00000,101.81513,0.00000,0.00000,0.00000,0.00000,0.00000,0.00000,0.00000
"1","1540",0.00000,0.00000,156.00204,0.00000,0.00000,0.00000,0.00000,0.00000,0.00000,0.00000
"1","1541",0.00000,0.00000,29.12821,0.00000,0.00000,0.00000,0.00000,40.81860,0.00000,0.00000
"1","1542",0.00000,0.00000,85.73920,0.00000,0.00000,0.00000,0.00000,11.76080,0.00000,0.00000
"1","1543",0.00000,0.00000,0.00000,0.00000,0.00000,0.00000,0.00000,21.65226,0.00000,0.00000
"1","1544",0.00000,0.00000,0.00000,0.00000,0.00000,0.00000,0.00000,29.15226,0.00000,0.00000
"1","1545",2.59391,0.00000,0.00000,0.00000,0.00000,0.00000,0.00000,28.55835,0.00000,0.00000
"1","1546",123.23245,0.00000,0.00000,0.00000,0.00000,0.00000,0.00000,0.00000,0.00000,0.00000
"1","1547",216.20441,0.00000,86.82785,33.87701,0.00000,0.00000,0.00000,0.00000,0.00000,0.00000
"1","1548",205.02176,73.36392,96.71050,0.00000,0.00000,0.00000,0.00000,0.00000,0.00000,0.00000
"1","1549",289.08513,19.20158,10.04713,0.00000,0.00000,0.00000,0.00000,0.00000,0.00000,0.00000
"1","1550",243.92460,0.00000,9.90181,0.00000,0.00000,0.00000,0.00000,0.00000,0.00000,0.00000
"1","1551",170.18890,0.00000,7.45422,0.00000,0.00000,0.00000,0.00000,0.00000,0.00000,0.00000
"1","1552",140.77937,0.00000,0.00000,0.00000,0.00000,0.00000,0.00000,0.00000,0.00000,0.00000
"1","1553",99.96345,0.00000,0.10637,0.00000,0.00000,0.00000,0.00000,7.73018,0.00000,0.00000
"1","1554",51.50537,0.00000,4.46966,0.00000,0.00000,0.00000,0.00000,40.81860,0.00000,0.00000
"1","1555",6.94093,0.00000,7.55192,0.00000,0.00000,0.00000,0.00000,40.81860,0.00000,0.00000
"1","1556",0.00000,0.00000,13.45208,0.00000,0.00000,0.00000,0.00000,40.81860,0.00000,0.00000
"1","1557",0.00000,0.00000,8.55529,0.00000,0.00000,0.00000,0.00000,40.81860,0.00000,0.00000
"1","1558",0.00000,0.00000,29.29687,0.00000,0.00000,0.00000,0.00000,40.81860,0.00000,0.00000
"1","1559",0.00000,0.00000,28.15388,0.00000,0.00000,0.00000,0.00000,40.81860,0.00000,0.00000
"1","1560",0.00000,0.00000,22.52750,0.00000,0.00000,0.00000,0.00000,40.81860,0.00000,0.00000
"1","1561",0.00000,0.00000,45.08571,0.00000,0.00000,0.00000,0.00000,40.81860,0.00000,0.00000
"1","1562",0.00000,0.00000,54.81765,0.00000,0.00000,0.00000,0.00000,33.78235,0.00000,0.00000
"1","1563",0.00000,0.00000,65.16064,0.00000,0.00000,0.00000,0.00000,22.53936,0.00000,0.00000
"1","1564",0.00000,0.00000,68.47341,0.00000,0.00000,0.00000,0.00000,19.62659,0.00000,0.00000
"1","1565",0.00000,0.00000,70.91786,0.00000,0.00000,0.00000,0.00000,19.18214,0.00000,0.00000
"1","1566",0.00000,0.00000,56.08335,0.00000,0.00000,0.00000,0.00000,39.01665,0.00000,0.00000
"1","1567",0.00000,0.00000,22.20390,0.00000,0.00000,0.00000,0.00000,40.81860,0.00000,0.00000
"1","1568",0.00000,0.00000,17.40317,0.00000,0.00000,0.00000,0.00000,40.81860,0.00000,0.00000
"1","1569",4.55491,0.00000,29.34225,0.00000,0.00000,0.00000,0.00000,40.81860,0.00000,0.00000
"1","1570",21.17329,0.00000,33.44687,0.00000,0.00000,0.00000,0.00000,40.81860,0.00000,0.00000
"1","1571",44.90458,0.00000,17.34760,0.00000,0.00000,0.00000,0.00000,40.81860,0.00000,0.00000
"1","1572",69.06584,0.00000,18.74974,0.00000,0.00000,0.00000,0.00000,22.28442,0.00000,0.00000
"1","1573",87.99442,0.00000,26.78705,0.00000,0.00000,0.00000,0.00000,0.00000,0.00000,0.00000
"1","1574",96.55188,0.00000,25.66171,0.00000,0.00000,0.00000,0.00000,0.00000,0.00000,0.00000
"1","1575",66.30688,0.00000,19.66840,0.00000,0.00000,0.00000,0.00000,18.52471,0.00000,0.00000
"1","1576",55.90819,0.00000,13.02230,0.00000,0.00000,0.00000,0.00000,34.86951,0.00000,0.00000
"1","1577",39.34254,0.00000,10.42171,0.00000,0.00000,0.00000,0.00000,40.81860,0.00000,0.00000
"1","1578",21.40889,0.00000,7.84088,0.00000,0.00000,0.00000,0.00000,40.81860,0.00000,0.00000
"1","1579",7.39442,0.00000,3.02329,0.00000,0.00000,0.00000,0.00000,40.81860,0.00000,0.00000
"1","1580",0.00000,0.00000,5.33196,0.00000,0.00000,0.00000,0.00000,40.81860,0.00000,0.00000
"1","1581",0.00000,0.00000,8.09667,0.00000,0.00000,0.00000,0.00000,40.81860,0.00000,0.00000
"1","1582",0.00000,0.00000,17.12291,0.00000,0.00000,0.00000,0.00000,40.81860,0.00000,0.00000
"1","1583",0.00000,0.00000,27.99325,0.00000,0.00000,0.00000,0.00000,40.81860,0.00000,0.00000
"1","1584",0.00000,0.00000,28.10495,0.00000,0.00000,0.00000,0.00000,40.81860,0.00000,0.00000
"1","1585",0.00000,0.00000,58.81348,0.00000,0.00000,0.00000,0.00000,29.28652,0.00000,0.00000
"1","1586",0.00000,0.00000,88.36483,0.00000,0.00000,0.00000,0.00000,0.00000,0.00000,0.00000
"1","1587",0.00000,0.00000,114.75506,0.00000,0.00000,0.00000,0.00000,0.00000,0.00000,0.00000
"1","1588",0.00000,0.00000,160.55473,0.00000,0.00000,0.00000,0.00000,0.00000,0.00000,0.00000
"1","1589",0.00000,0.00000,146.79018,0.00000,0.00000,0.00000,0.00000,0.00000,0.00000,0.00000
"1","1590",0.00000,0.00000,111.33891,0.00000,0.00000,0.00000,0.00000,0.00000,0.00000,0.00000
"1","1591",0.00000,0.00000,123.83244,0.00000,0.00000,0.00000,0.00000,0.00000,0.00000,0.00000
"1","1592",0.00000,0.00000,148.32362,0.00000,0.00000,0.00000,0.00000,0.00000,0.00000,0.00000
"1","1593",4.59728,0.00000,156.89110,0.00000,0.00000,0.00000,0.00000,0.00000,0.00000,0.00000
"1","1594",39.72148,0.00000,145.66204,0.00000,0.00000,0.00000,0.00000,0.00000,0.00000,0.00000
"1","1595",91.11186,0.00000,133.38610,0.00000,0.00000,0.00000,0.00000,0.00000,0.00000,0.00000
"1","1596",138.97103,0.00000,121.94599,0.00000,0.00000,0.00000,0.00000,0.00000,0.00000,0.00000
"1","1597",173.42437,0.00000,82.69810,0.00000,0.00000,0.00000,0.00000,0.00000,0.00000,0.00000
"1","1598",70.91918,0.00000,38.09100,0.00000,0.00000,0.00000,0.00000,0.00000,0.00000,0.00000
"1","1599",169.30117,0.00000,0.00000,0.00000,0.00000,0.00000,0.00000,0.00000,0.00000,0.00000
"1","1600",142.26843,0.00000,4.77017,0.00000,0.00000,0.00000,0.00000,0.00000,0.00000,0.00000
"1","1601",102.81045,0.00000,34.67689,0.00000,0.00000,0.00000,0.00000,0.00000,0.00000,0.00000
"1","1602",53.87827,0.00000,18.38832,0.00000,0.00000,0.00000,0.00000,32.23340,0.00000,0.00000
"1","1603",8.17707,0.00000,13.82283,0.00000,0.00000,0.00000,0.00000,40.81860,0.00000,0.00000
"1","1604",0.00000,0.00000,7.74463,0.00000,0.00000,0.00000,0.00000,40.81860,0.00000,0.00000
"1","1605",0.00000,0.00000,0.73473,0.00000,0.00000,0.00000,0.00000,40.81860,0.00000,0.00000
"1","1606",0.00000,0.00000,0.00000,0.00000,0.00000,0.00000,0.00000,40.81860,0.00000,0.00000
"1","1607",0.00000,0.00000,0.00000,0.00000,0.00000,0.00000,0.00000,40.81860,0.00000,0.00000
"1","1608",0.00000,0.00000,0.00000,0.00000,0.00000,0.00000,0.00000,40.81860,0.00000,0.00000
"1","1609",0.00000,0.00000,0.00000,0.00000,0.00000,0.00000,0.00000,40.81860,0.00000,0.00000
"1","1610",0.00000,0.00000,0.00000,0.00000,0.00000,0.00000,0.00000,40.81860,0.00000,0.00000
"1","1611",0.00000,0.00000,34.03896,0.00000,0.00000,0.00000,0.00000,40.81860,0.00000,0.00000
"1","1612",0.00000,0.00000,12.09682,0.00000,0.00000,0.00000,0.00000,40.81860,0.00000,0.00000
"1","1613",0.00000,0.00000,38.62350,0.00000,0.00000,0.00000,0.00000,40.81860,0.00000,0.00000
"1","1614",0.00000,0.00000,29.04304,0.00000,0.00000,0.00000,0.00000,40.81860,0.00000,0.00000
"1","1615",0.00000,0.00000,23.03207,0.00000,0.00000,0.00000,0.00000,40.81860,0.00000,0.00000
"1","1616",0.00000,0.00000,68.18746,0.00000,0.00000,0.00000,0.00000,37.81254,0.00000,0.00000
"1","1617",4.00941,0.00000,48.75841,0.00000,0.00000,0.00000,0.00000,40.81860,0.00000,0.00000
"1","1618",24.24539,0.00000,30.31284,0.00000,0.00000,0.00000,0.00000,40.81860,0.00000,0.00000
"1","1619",53.87634,0.00000,33.89691,0.00000,0.00000,0.00000,0.00000,20.02675,0.00000,0.00000
"1","1620",83.61435,0.00000,0.00000,0.00000,0.00000,0.00000,0.00000,22.88565,0.00000,0.00000
"1","1621",105.87322,0.00000,4.15922,0.00000,0.00000,0.00000,0.00000,0.00000,0.00000,0.00000
"1","1622",116.40738,0.00000,0.67528,0.00000,0.00000,0.00000,0.00000,0.00000,0.00000,0.00000
"1","1623",125.15012,0.00000,2.71145,0.00000,0.00000,0.00000,0.00000,0.00000,0.00000,0.00000
"1","1624",105.22835,0.00000,13.05415,0.00000,0.00000,0.00000,0.00000,0.00000,0.00000,0.00000
"1","1625",73.96114,0.00000,37.26843,0.00000,0.00000,0.00000,0.00000,0.00000,0.00000,0.00000
"1","1626",36.34983,0.00000,114.31427,0.00000,0.00000,0.00000,0.00000,0.00000,0.00000,0.00000
"1","1627",7.23449,0.00000,136.43991,0.00000,0.00000,0.00000,0.00000,0.00000,0.00000,0.00000
"1","1628",0.00000,0.00000,161.92848,0.00000,0.00000,0.00000,0.00000,0.00000,0.00000,0.00000
"1","1629",0.00000,0.00000,225.60555,0.00000,0.00000,0.00000,0.00000,0.00000,0.00000,0.00000
"1","1630",0.00000,0.00000,199.96475,0.00000,0.00000,0.00000,0.00000,0.00000,0.00000,0.00000
"1","1631",0.00000,0.00000,214.09072,0.00000,0.00000,0.00000,0.00000,0.00000,0.00000,0.00000
"1","1632",0.00000,0.00000,217.47419,0.00000,0.00000,0.00000,0.00000,0.00000,0.00000,0.00000
"1","1633",0.00000,0.00000,125.26596,0.00000,0.00000,0.00000,0.00000,0.00000,0.00000,0.00000
"1","1634",0.00000,0.00000,88.83607,0.00000,0.00000,0.00000,0.00000,0.00000,0.00000,0.00000
"1","1635",0.00000,0.00000,91.36755,0.00000,0.00000,0.00000,0.00000,0.00000,0.00000,0.00000
"1","1636",0.00000,0.00000,86.17869,0.00000,0.00000,0.00000,0.00000,0.00000,0.00000,0.00000
"1","1637",0.00000,0.00000,190.04501,0.00000,0.00000,0.00000,0.00000,0.00000,0.00000,0.00000
"1","1638",0.00000,0.00000,130.35004,0.00000,0.00000,0.00000,0.00000,0.00000,0.00000,0.00000
"1","1639",0.00000,0.00000,82.78532,0.00000,0.00000,0.00000,0.00000,0.00000,0.00000,0.00000
"1","1640",0.00000,0.00000,51.00609,0.00000,0.00000,0.00000,0.00000,0.00000,0.00000,0.00000
"1","1641",43.14814,0.00000,109.75784,0.00000,0.00000,0.00000,0.00000,0.00000,0.00000,0.00000
"1","1642",151.95162,0.00000,44.93956,0.00000,0.00000,0.00000,0.00000,0.00000,0.00000,0.00000
"1","1643",248.00184,0.00000,14.00914,0.00000,0.00000,0.00000,0.00000,0.00000,0.00000,0.00000
"1","1644",292.52319,20.64431,0.00000,0.37965,0.00000,0.00000,0.00000,0.00000,0.00000,0.00000
"1","1645",296.86810,52.36758,0.96416,0.00000,0.00000,0.00000,0.00000,0.00000,0.00000,0.00000
"1","1646",210.98452,145.31231,0.00000,0.00000,0.00000,0.00000,0.00000,0.00000,0.00000,0.00000
"1","1647",136.60367,197.08790,72.68085,0.00000,0.00000,0.00000,0.00000,0.00000,0.00000,0.00000
"1","1648",131.00695,153.47137,162.42531,0.00000,0.00000,0.00000,0.00000,0.00000,0.00000,0.00000
"1","1649",84.19524,121.14653,209.63702,0.00000,0.00000,0.00000,0.00000,0.00000,0.00000,0.00000
"1","1650",15.94160,87.76335,279.69066,0.00000,0.00000,0.00000,0.00000,0.00000,0.00000,0.00000
"1","1651",12.42392,0.00000,225.36741,0.00000,0.00000,0.00000,0.00000,0.00000,0.00000,0.00000
"1","1652",0.00000,0.00000,175.91344,0.00000,0.00000,0.00000,41.17108,0.00000,0.00000,0.00000
"1","1653",0.00000,0.00000,205.64652,0.00000,0.00000,0.00000,9.03800,0.00000,0.00000,0.00000
"1","1654",0.00000,0.00000,245.57391,0.00000,0.00000,0.00000,0.00000,0.00000,0.00000,0.00000
"1","1655",0.00000,0.00000,263.53255,0.00000,0.00000,0.00000,0.00000,0.00000,0.00000,0.00000
"1","1656",0.00000,0.00000,111.83200,0.00000,0.00000,0.00000,0.00000,0.00000,0.00000,0.00000
"1","1657",0.00000,0.00000,87.14629,0.00000,0.00000,0.00000,0.00000,0.00000,0.00000,0.00000
"1","1658",0.00000,0.00000,73.36212,0.00000,0.00000,0.00000,0.00000,0.00000,0.00000,0.00000
"1","1659",0.00000,0.00000,30.24990,0.00000,0.00000,0.00000,0.00000,0.00000,0.00000,0.00000
"1","1660",0.00000,0.00000,25.70467,0.00000,0.00000,0.00000,0.00000,0.00000,0.00000,0.00000
"1","1661",0.00000,0.00000,60.56675,0.00000,0.00000,0.00000,0.00000,0.00000,0.00000,0.00000
"1","1662",0.00000,0.00000,26.82169,0.00000,0.00000,0.00000,0.00000,0.00000,0.00000,0.00000
"1","1663",0.00000,0.00000,11.91023,0.00000,0.00000,0.00000,0.00000,0.00000,0.00000,0.00000
"1","1664",0.00000,0.00000,8.61701,0.00000,0.00000,0.00000,0.00000,3.23525,0.00000,0.00000
"1","1665",46.47689,0.00000,4.54219,0.00000,0.00000,0.00000,0.00000,0.00000,0.00000,0.00000
"1","1666",154.45225,0.00000,8.52574,0.00000,0.00000,0.00000,0.00000,0.00000,0.00000,0.00000
"1","1667",247.55048,0.00000,6.77719,0.00000,0.00000,0.00000,0.00000,0.00000,0.00000,0.00000
"1","1668",292.13226,17.90378,0.00000,6.81529,0.00000,0.00000,0.00000,0.00000,0.00000,0.00000
"1","1669",285.77556,57.63500,4.85670,0.00000,0.00000,0.00000,0.00000,0.00000,0.00000,0.00000
"1","1670",286.05357,63.27063,2.97869,0.00000,0.00000,0.00000,0.00000,0.00000,0.00000,0.00000
"1","1671",288.03226,41.28648,0.00000,0.00000,0.00000,0.00000,0.00000,0.00000,0.00000,0.00000
"1","1672",281.41894,0.00000,0.00000,0.00000,0.00000,0.00000,0.00000,0.00000,0.00000,0.00000
"1","1673",204.33601,0.00000,2.34123,0.00000,0.00000,0.00000,0.00000,0.00000,0.00000,0.00000
"1","1674",106.66612,0.00000,4.24638,0.00000,0.00000,0.00000,0.00000,0.00000,0.00000,0.00000
"1","1675",13.72478,0.00000,3.70206,0.00000,0.00000,0.00000,0.00000,40.81860,0.00000,0.00000
"1","1676",0.00000,0.00000,15.88364,0.00000,0.00000,0.00000,0.00000,40.81860,0.00000,0.00000
"1","1677",0.00000,0.00000,8.87894,0.00000,0.00000,0.00000,0.00000,40.81860,0.00000,0.00000
"1","1678",0.00000,0.00000,0.32006,0.00000,0.00000,0.00000,0.00000,40.81860,0.00000,0.00000
"1","1679",0.00000,0.00000,0.00000,0.00000,0.00000,0.00000,0.00000,40.81860,0.00000,0.00000
"1","1680",0.00000,0.00000,0.00000,0.00000,0.00000,0.00000,0.00000,40.81860,0.00000,0.00000
"1","1681",0.00000,0.00000,0.00000,0.00000,0.00000,0.00000,0.00000,40.81860,0.00000,0.00000
"1","1682",0.00000,0.00000,0.00000,0.00000,0.00000,0.00000,0.00000,40.81860,0.00000,0.00000
"1","1683",0.00000,0.00000,0.00000,0.00000,0.00000,0.00000,0.00000,40.81860,0.00000,0.00000
"1","1684",0.00000,0.00000,0.00000,0.00000,0.00000,0.00000,0.00000,40.81860,0.00000,0.00000
"1","1685",0.00000,0.00000,0.00000,0.00000,0.00000,0.00000,0.00000,40.81860,0.00000,0.00000
"1","1686",0.00000,0.00000,6.42770,0.00000,0.00000,0.00000,0.00000,40.81860,0.00000,0.00000
"1","1687",0.00000,0.00000,23.50985,0.00000,0.00000,0.00000,0.00000,40.81860,0.00000,0.00000
"1","1688",0.00000,0.00000,32.35656,0.00000,0.00000,0.00000,0.00000,40.81860,0.00000,0.00000
"1","1689",47.24091,0.00000,18.25450,0.00000,0.00000,0.00000,0.00000,36.90459,0.00000,0.00000
"1","1690",70.88096,0.00000,17.72984,0.00000,0.00000,0.00000,0.00000,15.48920,0.00000,0.00000
"1","1691",142.87846,0.00000,9.77957,0.00000,0.00000,0.00000,0.00000,0.00000,0.00000,0.00000
"1","1692",201.85377,0.00000,0.00000,0.00000,0.00000,0.00000,0.00000,0.00000,0.00000,0.00000
"1","1693",294.63226,40.45596,0.00000,0.00000,0.00000,0.00000,0.00000,0.00000,0.00000,0.00000
"1","1694",273.30026,0.00000,0.00000,0.00000,0.00000,0.00000,0.00000,0.00000,0.00000,0.00000
"1","1695",221.71845,0.00000,0.00000,0.00000,0.00000,0.00000,0.00000,0.00000,0.00000,0.00000
"1","1696",188.82238,0.00000,6.81910,0.00000,0.00000,0.00000,0.00000,0.00000,0.00000,0.00000
"1","1697",136.77083,0.00000,45.95927,0.00000,0.00000,0.00000,0.00000,0.00000,0.00000,0.00000
"1","1698",80.48772,0.00000,70.80374,0.00000,0.00000,0.00000,0.00000,0.00000,0.00000,0.00000
"1","1699",13.30438,0.00000,119.35446,0.00000,0.00000,0.00000,0.00000,0.00000,0.00000,0.00000
"1","1700",0.00000,0.00000,32.30790,0.00000,0.00000,0.00000,0.00000,40.81860,0.00000,0.00000
"1","1701",0.00000,0.00000,50.22760,0.00000,0.00000,0.00000,0.00000,40.81860,0.00000,0.00000
"1","1702",0.00000,0.00000,0.00000,0.00000,0.00000,0.00000,0.00000,40.81860,0.00000,0.00000
"1","1703",0.00000,0.00000,8.02686,0.00000,0.00000,0.00000,0.00000,40.81860,0.00000,0.00000
"1","1704",0.00000,0.00000,0.00000,0.00000,0.00000,0.00000,0.00000,40.81860,0.00000,0.00000
"1","1705",0.00000,0.00000,0.00000,0.00000,0.00000,0.00000,0.00000,40.81860,0.00000,0.00000
"1","1706",0.00000,0.00000,3.29290,0.00000,0.00000,0.00000,0.00000,40.81860,0.00000,0.00000
"1","1707",0.00000,0.00000,0.00000,0.00000,0.00000,0.00000,0.00000,40.81860,0.00000,0.00000
"1","1708",0.00000,0.00000,0.00000,0.00000,0.00000,0.00000,0.00000,40.81860,0.00000,0.00000
"1","1709",0.00000,0.00000,0.00000,0.00000,0.00000,0.00000,0.00000,40.81860,0.00000,0.00000
"1","1710",0.00000,0.00000,0.00000,0.00000,0.00000,0.00000,0.00000,40.81860,0.00000,0.00000
"1","1711",0.00000,0.00000,0.00000,0.00000,0.00000,0.00000,0.00000,40.81860,0.00000,0.00000
"1","1712",0.00000,0.00000,0.00000,0.00000,0.00000,0.00000,0.00000,40.81860,0.00000,0.00000
"1","1713",12.95878,0.00000,0.00000,0.00000,0.00000,0.00000,0.00000,40.81860,0.00000,0.00000
"1","1714",66.29431,0.00000,0.00000,0.00000,0.00000,0.00000,0.00000,40.81860,0.00000,0.00000
"1","1715",133.20059,0.00000,2.02209,0.00000,0.00000,0.00000,0.00000,0.00000,0.00000,0.00000
"1","1716",186.76876,0.00000,0.00000,0.00000,0.00000,0.00000,0.00000,7.07898,0.00000,0.00000
"1","1717",221.88439,0.00000,0.00000,0.00000,0.00000,0.00000,0.00000,0.00000,0.00000,0.00000
"1","1718",220.55401,0.00000,0.00000,0.00000,0.00000,0.00000,0.00000,0.00000,0.00000,0.00000
"1","1719",238.97028,0.00000,0.00000,0.00000,0.00000,0.00000,0.00000,0.00000,0.00000,0.00000
"1","1720",200.62499,0.00000,0.00000,0.00000,0.00000,0.00000,0.00000,0.00000,0.00000,0.00000
"1","1721",144.93885,0.00000,0.00000,0.00000,0.00000,0.00000,0.00000,24.19359,0.00000,0.00000
"1","1722",82.71840,0.00000,0.00000,0.00000,0.00000,0.00000,14.93700,40.81860,0.00000,0.00000
"1","1723",16.11839,0.00000,0.00000,0.00000,0.00000,0.00000,0.00000,40.81860,0.00000,0.00000
"1","1724",0.00000,0.00000,0.00000,0.00000,0.00000,0.00000,0.00000,40.81860,0.00000,0.00000
"1","1725",0.00000,0.00000,0.00000,0.00000,0.00000,0.00000,0.00000,40.81860,0.00000,0.00000
"1","1726",0.00000,0.00000,0.00000,0.00000,0.00000,0.00000,0.00000,40.81860,0.00000,0.00000
"1","1727",0.00000,0.00000,0.00000,0.00000,0.00000,0.00000,0.00000,40.81860,0.00000,0.00000
"1","1728",0.00000,0.00000,0.00000,0.00000,0.00000,0.00000,0.00000,40.81860,0.00000,0.00000
"1","1729",0.00000,0.00000,0.00000,0.00000,0.00000,0.00000,0.00000,40.81860,0.00000,0.00000
"1","1730",0.00000,0.00000,0.00000,0.00000,0.00000,0.00000,0.00000,40.81860,0.00000,0.00000
"1","1731",0.00000,0.00000,0.00000,0.00000,0.00000,0.00000,0.00000,40.81860,0.00000,0.00000
"1","1732",0.00000,0.00000,0.00000,0.00000,0.00000,0.00000,0.00000,40.81860,0.00000,0.00000
"1","1733",0.00000,0.00000,0.00000,0.00000,0.00000,0.00000,0.00000,40.81860,0.00000,0.00000
"1","1734",0.00000,0.00000,0.00000,0.00000,0.00000,0.00000,0.00000,40.81860,0.00000,0.00000
"1","1735",0.00000,0.00000,0.00000,0.00000,0.00000,0.00000,0.00000,40.81860,0.00000,0.00000
"1","1736",0.00000,0.00000,0.00000,0.00000,0.00000,0.00000,0.00000,40.81860,0.00000,0.00000
"1","1737",9.27789,0.00000,0.00000,0.00000,0.00000,0.00000,0.00000,40.81860,0.00000,0.00000
"1","1738",160.86466,0.00000,0.00000,0.00000,0.00000,0.00000,0.00000,0.00000,0.00000,0.00000
"1","1739",247.60756,0.00000,0.00000,0.00000,0.00000,0.00000,0.00000,0.00000,0.00000,0.00000
"1","1740",301.33226,3.53805,0.00000,0.00000,0.00000,0.00000,0.00000,0.00000,0.00000,0.00000
"1","1741",299.43226,37.41302,0.00000,0.00000,0.00000,0.00000,0.00000,0.00000,0.00000,0.00000
"1","1742",298.13226,43.87875,0.00000,0.00000,0.00000,0.00000,0.00000,0.00000,0.00000,0.00000
"1","1743",297.03226,25.46287,0.00000,0.00000,0.00000,0.00000,0.00000,0.00000,0.00000,0.00000
"1","1744",277.12497,0.00000,0.00000,0.00000,0.00000,0.00000,0.00000,0.00000,0.00000,0.00000
"1","1745",205.36016,0.00000,0.00000,0.00000,0.00000,0.00000,0.00000,0.00000,0.00000,0.00000
"1","1746",108.57074,0.00000,0.00000,0.00000,0.00000,0.00000,0.00000,2.72926,0.00000,0.00000
"1","1747",15.80486,0.00000,0.00000,0.00000,0.00000,0.00000,0.00000,40.81860,0.00000,0.00000
"1","1748",0.00000,0.00000,0.00000,0.00000,0.00000,0.00000,0.00000,40.81860,0.00000,0.00000
"1","1749",0.00000,0.00000,0.00000,0.00000,0.00000,0.00000,0.00000,40.81860,0.00000,0.00000
"1","1750",0.00000,0.00000,0.00000,0.00000,0.00000,0.00000,0.00000,40.81860,0.00000,0.00000
"1","1751",0.00000,0.00000,0.00000,0.00000,0.00000,0.00000,0.00000,40.81860,0.00000,0.00000
"1","1752",0.00000,0.00000,0.48890,0.00000,0.00000,0.00000,0.00000,40.81860,0.00000,0.00000
"1","1753",0.00000,0.00000,12.18797,0.00000,0.00000,0.00000,0.00000,40.81860,0.00000,0.00000
"1","1754",0.00000,0.00000,7.53913,0.00000,0.00000,0.00000,0.00000,40.81860,0.00000,0.00000
"1","1755",0.00000,0.00000,4.71934,0.00000,0.00000,0.00000,0.00000,40.81860,0.00000,0.00000
"1","1756",0.00000,0.00000,0.28367,0.00000,0.00000,0.00000,0.00000,40.81860,0.00000,0.00000
"1","1757",0.00000,0.00000,0.00000,0.00000,0.00000,0.00000,0.00000,40.81860,0.00000,0.00000
"1","1758",0.00000,0.00000,0.00000,0.00000,0.00000,0.00000,0.00000,40.81860,0.00000,0.00000
"1","1759",0.00000,0.00000,0.00000,0.00000,0.00000,0.00000,0.00000,40.81860,0.00000,0.00000
"1","1760",0.00000,0.00000,0.00000,0.00000,0.00000,0.00000,0.00000,40.81860,0.00000,0.00000
"1","1761",59.43634,0.00000,0.47157,0.00000,0.00000,0.00000,0.00000,40.81860,0.00000,0.00000
"1","1762",66.12886,0.00000,1.55435,0.00000,0.00000,0.00000,0.00000,40.81860,0.00000,0.00000
"1","1763",130.98442,0.00000,0.00000,0.00000,0.00000,0.00000,0.00000,0.00000,0.00000,0.00000
"1","1764",183.68761,0.00000,0.00000,0.00000,0.00000,0.00000,0.00000,12.92008,0.00000,0.00000
"1","1765",219.04512,0.00000,0.00000,0.00000,0.00000,0.00000,0.00000,0.00000,0.00000,0.00000
"1","1766",298.43226,42.46365,0.00000,0.00000,0.00000,0.00000,0.00000,0.00000,0.00000,0.00000
"1","1767",295.83226,21.70710,0.00000,0.00000,0.00000,0.00000,0.00000,0.00000,0.00000,0.00000
"1","1768",272.89679,0.00000,0.00000,0.00000,0.00000,0.00000,0.00000,0.00000,0.00000,0.00000
"1","1769",199.99221,0.00000,0.00000,0.00000,0.00000,0.00000,0.00000,0.00000,0.00000,0.00000
"1","1770",108.80682,0.00000,0.00000,0.00000,0.00000,0.00000,0.00000,0.09318,0.00000,0.00000
"1","1771",16.43580,0.00000,0.00000,0.00000,0.00000,0.00000,0.00000,40.81860,0.00000,0.00000
"1","1772",0.00000,0.00000,0.00000,0.00000,0.00000,0.00000,0.00000,40.81860,0.00000,0.00000
"1","1773",0.00000,0.00000,0.00000,0.00000,0.00000,0.00000,0.00000,40.81860,0.00000,0.00000
"1","1774",0.00000,0.00000,0.00000,0.00000,0.00000,0.00000,0.00000,40.81860,0.00000,0.00000
"1","1775",0.00000,0.00000,0.00000,0.00000,0.00000,0.00000,0.00000,40.81860,0.00000,0.00000
"1","1776",0.00000,0.00000,0.00000,0.00000,0.00000,0.00000,0.00000,40.81860,0.00000,0.00000
"1","1777",0.00000,0.00000,0.00000,0.00000,0.00000,0.00000,0.00000,40.81860,0.00000,0.00000
"1","1778",0.00000,0.00000,0.00000,0.00000,0.00000,0.00000,0.00000,40.81860,0.00000,0.00000
"1","1779",0.00000,0.00000,0.00000,0.00000,0.00000,0.00000,0.00000,40.81860,0.00000,0.00000
"1","1780",0.00000,0.00000,0.00000,0.00000,0.00000,0.00000,0.00000,40.81860,0.00000,0.00000
"1","1781",0.00000,0.00000,0.00000,0.00000,0.00000,0.00000,0.00000,40.81860,0.00000,0.00000
"1","1782",0.00000,0.00000,0.00000,0.00000,0.00000,0.00000,0.00000,40.81860,0.00000,0.00000
"1","1783",0.00000,0.00000,0.00000,0.00000,0.00000,0.00000,0.00000,40.81860,0.00000,0.00000
"1","1784",0.00000,0.00000,8.20341,0.00000,0.00000,0.00000,0.00000,40.81860,0.00000,0.00000
"1","1785",11.00961,0.00000,0.00000,0.00000,0.00000,0.00000,0.00000,40.81860,0.00000,0.00000
"1","1786",159.74376,0.00000,0.00000,0.00000,0.00000,0.00000,0.00000,0.00000,0.00000,0.00000
"1","1787",246.05320,0.00000,0.00000,0.00000,0.00000,0.00000,0.00000,0.00000,0.00000,0.00000
"1","1788",298.15361,0.00000,0.00000,0.00000,0.00000,0.00000,0.00000,0.00000,0.00000,0.00000
"1","1789",299.83226,26.88572,0.00000,0.00000,0.00000,0.00000,0.00000,0.00000,0.00000,0.00000
"1","1790",297.23226,36.21694,0.00000,0.00000,0.00000,0.00000,0.00000,0.00000,0.00000,0.00000
"1","1791",294.73226,19.89672,0.00000,0.00000,0.00000,0.00000,0.00000,0.00000,0.00000,0.00000
"1","1792",271.43918,0.00000,0.00000,0.00000,0.00000,0.00000,0.00000,0.00000,0.00000,0.00000
"1","1793",152.28494,0.00000,0.00000,0.00000,0.00000,0.00000,0.00000,0.00000,0.00000,0.00000
"1","1794",89.71908,0.00000,0.00000,0.00000,0.00000,0.00000,0.00000,16.18092,0.00000,0.00000
"1","1795",17.79443,0.00000,10.10755,0.00000,0.00000,0.00000,0.00000,40.81860,0.00000,0.00000
"1","1796",0.00000,0.00000,0.00000,0.00000,0.00000,0.00000,0.00000,40.81860,0.00000,0.00000
"1","1797",0.00000,0.00000,1.94355,0.00000,0.00000,0.00000,0.00000,40.81860,0.00000,0.00000
"1","1798",0.00000,0.00000,0.00000,0.00000,0.00000,0.00000,0.00000,40.81860,0.00000,0.00000
"1","1799",0.00000,0.00000,0.00000,0.00000,0.00000,0.00000,0.00000,40.81860,0.00000,0.00000
"1","1800",0.00000,0.00000,0.00000,0.00000,0.00000,0.00000,0.00000,40.81860,0.00000,0.00000
"1","1801",0.00000,0.00000,0.00000,0.00000,0.00000,0.00000,0.00000,40.81860,0.00000,0.00000
"1","1802",0.00000,0.00000,0.00000,0.00000,0.00000,0.00000,0.00000,40.81860,0.00000,0.00000
"1","1803",0.00000,0.00000,0.00000,0.00000,0.00000,0.00000,0.00000,40.81860,0.00000,0.00000
"1","1804",0.00000,0.00000,0.00000,0.00000,0.00000,0.00000,0.00000,40.81860,0.00000,0.00000
"1","1805",0.00000,0.00000,0.00000,0.00000,0.00000,0.00000,0.00000,40.81860,0.00000,0.00000
"1","1806",0.00000,0.00000,0.00000,0.00000,0.00000,0.00000,0.00000,40.81860,0.00000,0.00000
"1","1807",0.00000,0.00000,0.00000,0.00000,0.00000,0.00000,0.00000,40.81860,0.00000,0.00000
"1","1808",0.00000,0.00000,0.00000,0.00000,0.00000,0.00000,0.00000,40.81860,0.00000,0.00000
"1","1809",20.53529,0.00000,0.00000,0.00000,0.00000,0.00000,0.00000,40.81860,0.00000,0.00000
"1","1810",37.58204,0.00000,0.00000,0.00000,0.00000,0.00000,0.00000,40.81860,0.00000,0.00000
"1","1811",68.00638,0.00000,0.00000,0.00000,0.00000,0.00000,0.00000,40.81860,0.00000,0.00000
"1","1812",98.19091,0.00000,0.07763,0.00000,0.00000,0.00000,26.38714,40.81860,0.00000,0.00000
"1","1813",18.76642,0.00000,0.00000,0.00000,0.00000,0.00000,0.00000,40.81860,0.00000,0.00000
"1","1814",20.03105,0.00000,0.33501,0.00000,0.00000,0.00000,0.00000,40.81860,0.00000,0.00000
"1","1815",187.23657,0.00000,0.00000,0.00000,0.00000,0.00000,0.00000,3.41117,0.00000,0.00000
"1","1816",158.04813,0.00000,0.00000,0.00000,0.00000,0.00000,0.00000,32.19961,0.00000,0.00000
"1","1817",117.20802,0.00000,0.00000,0.00000,0.00000,0.00000,0.00000,40.81860,0.00000,0.00000
"1","1818",66.73212,0.00000,0.00000,0.00000,0.00000,0.00000,2.25072,40.81860,0.00000,0.00000
"1","1819",16.34049,0.00000,0.00000,0.00000,0.00000,0.00000,0.00000,40.81860,0.00000,0.00000
"1","1820",0.00000,0.00000,0.00000,0.00000,0.00000,0.00000,0.00000,40.81860,0.00000,0.00000
"1","1821",0.00000,0.00000,2.18991,0.00000,0.00000,0.00000,0.00000,40.81860,0.00000,0.00000
"1","1822",0.00000,0.00000,0.57093,0.00000,0.00000,0.00000,0.00000,40.81860,0.00000,0.00000
"1","1823",0.00000,0.00000,0.00000,0.00000,0.00000,0.00000,0.00000,40.81860,0.00000,0.00000
"1","1824",0.00000,0.00000,0.00000,0.00000,0.00000,0.00000,0.00000,40.81860,0.00000,0.00000
"1","1825",0.00000,0.00000,0.00000,0.00000,0.00000,0.00000,0.00000,40.81860,0.00000,0.00000
"1","1826",0.00000,0.00000,0.00000,0.00000,0.00000,0.00000,0.00000,40.81860,0.00000,0.00000
"1","1827",0.00000,0.00000,0.00000,0.00000,0.00000,0.00000,0.00000,40.81860,0.00000,0.00000
"1","1828",0.00000,0.00000,0.00000,0.00000,0.00000,0.00000,0.00000,40.81860,0.00000,0.00000
"1","1829",0.00000,0.00000,0.00000,0.00000,0.00000,0.00000,0.00000,40.81860,0.00000,0.00000
"1","1830",0.00000,0.00000,0.00000,0.00000,0.00000,0.00000,0.00000,40.81860,0.00000,0.00000
"1","1831",0.00000,0.00000,0.00000,0.00000,0.00000,0.00000,0.00000,40.81860,0.00000,0.00000
"1","1832",0.00000,0.00000,0.00000,0.00000,0.00000,0.00000,0.00000,40.81860,0.00000,0.00000
"1","1833",18.60068,0.00000,0.00000,0.00000,0.00000,0.00000,0.00000,40.81860,0.00000,0.00000
"1","1834",61.00425,0.00000,0.00000,0.00000,0.00000,0.00000,0.00000,40.81860,0.00000,0.00000
"1","1835",112.03552,0.00000,0.00000,0.00000,0.00000,0.00000,0.00000,40.81860,0.00000,0.00000
"1","1836",165.32408,0.00000,0.00000,0.00000,0.00000,0.00000,0.00000,26.12366,0.00000,0.00000
"1","1837",199.01354,0.00000,0.00000,0.00000,0.00000,0.00000,0.00000,0.00000,0.00000,0.00000
"1","1838",211.22832,0.00000,0.00000,0.00000,0.00000,0.00000,0.00000,0.00000,0.00000,0.00000
"1","1839",86.73903,0.00000,0.00000,0.00000,0.00000,0.00000,23.25763,40.81860,0.00000,0.00000
"1","1840",79.35376,0.00000,0.00000,0.00000,0.00000,0.00000,15.77236,40.81860,0.00000,0.00000
"1","1841",57.49109,0.00000,0.00000,0.00000,0.00000,0.00000,0.00000,40.81860,0.00000,0.00000
"1","1842",33.26437,0.00000,0.00000,0.00000,0.00000,0.00000,0.00000,40.81860,0.00000,0.00000
"1","1843",12.62052,0.00000,6.15418,0.00000,0.00000,0.00000,0.00000,40.81860,0.00000,0.00000
"1","1844",0.00000,0.00000,12.49877,0.00000,0.00000,0.00000,0.00000,40.81860,0.00000,0.00000
"1","1845",0.00000,0.00000,23.05813,0.00000,0.00000,0.00000,0.00000,40.81860,0.00000,0.00000
"1","1846",0.00000,0.00000,27.34075,0.00000,0.00000,0.00000,0.00000,40.81860,0.00000,0.00000
"1","1847",0.00000,0.00000,21.76722,0.00000,0.00000,0.00000,0.00000,40.81860,0.00000,0.00000
"1","1848",0.00000,0.00000,20.76955,0.00000,0.00000,0.00000,0.00000,40.81860,0.00000,0.00000
"1","1849",0.00000,0.00000,0.00000,0.00000,0.00000,0.00000,0.00000,40.81860,0.00000,0.00000
"1","1850",0.00000,0.00000,0.00000,0.00000,0.00000,0.00000,0.00000,40.81860,0.00000,0.00000
"1","1851",0.00000,0.00000,0.00000,0.00000,0.00000,0.00000,0.00000,40.81860,0.00000,0.00000
"1","1852",0.00000,0.00000,0.00000,0.00000,0.00000,0.00000,0.00000,40.81860,0.00000,0.00000
"1","1853",0.00000,0.00000,0.00000,0.00000,0.00000,0.00000,0.00000,40.81860,0.00000,0.00000
"1","1854",0.00000,0.00000,0.00000,0.00000,0.00000,0.00000,0.00000,40.81860,0.00000,0.00000
"1","1855",0.00000,0.00000,0.00000,0.00000,0.00000,0.00000,0.00000,40.81860,0.00000,0.00000
"1","1856",0.00000,0.00000,0.00000,0.00000,0.00000,0.00000,0.00000,40.81860,0.00000,0.00000
"1","1857",23.54557,0.00000,0.00000,0.00000,0.00000,0.00000,0.00000,40.81860,0.00000,0.00000
"1","1858",62.79324,0.00000,0.00000,0.00000,0.00000,0.00000,0.00000,36.70676,0.00000,0.00000
"1","1859",117.56601,0.00000,0.00000,0.00000,0.00000,0.00000,0.00000,0.00000,0.00000,0.00000
"1","1860",164.50263,0.00000,0.00000,0.00000,0.00000,0.00000,0.00000,0.00000,0.00000,0.00000
"1","1861",139.33483,0.00000,0.00000,0.00000,0.00000,0.00000,0.00000,0.00000,0.00000,0.00000
"1","1862",148.38912,0.00000,5.99294,0.00000,0.00000,0.00000,0.00000,0.00000,0.00000,0.00000
"1","1863",192.30264,0.00000,3.04653,0.00000,0.00000,0.00000,0.00000,0.00000,0.00000,0.00000
"1","1864",164.09868,0.00000,24.32411,0.00000,0.00000,0.00000,0.00000,0.00000,0.00000,0.00000
"1","1865",62.42219,0.00000,37.56839,0.00000,0.00000,0.00000,0.00000,0.00000,0.00000,0.00000
"1","1866",37.38496,0.00000,100.19017,0.00000,0.00000,0.00000,0.00000,0.00000,0.00000,0.00000
"1","1867",5.76062,0.00000,97.92362,0.00000,0.00000,0.00000,0.00000,0.00000,0.00000,0.00000
"1","1868",0.00000,0.00000,216.75230,0.00000,0.00000,0.00000,0.00000,0.00000,0.00000,0.00000
"1","1869",0.00000,0.00000,136.31290,0.00000,0.00000,0.00000,4.73261,0.00000,0.00000,0.00000
"1","1870",0.00000,0.00000,171.51016,0.00000,0.00000,0.00000,0.00000,0.00000,0.00000,0.00000
"1","1871",0.00000,0.00000,194.08452,83.23407,0.00000,0.00000,0.00000,0.00000,0.00000,0.00000
"1","1872",0.00000,0.00000,189.48452,83.36636,0.00000,0.00000,0.00000,0.00000,0.00000,0.00000
"1","1873",0.00000,0.00000,271.33226,7.25828,0.00000,0.00000,0.00000,0.00000,0.00000,0.00000
"1","1874",0.00000,0.00000,270.53226,3.14324,0.00000,0.00000,0.00000,0.00000,0.00000,0.00000
"1","1875",0.00000,0.00000,218.51993,58.25981,0.00000,0.00000,0.00000,0.00000,0.00000,0.00000
"1","1876",0.00000,0.00000,187.88452,91.52691,0.00000,0.00000,0.00000,0.00000,0.00000,0.00000
"1","1877",0.00000,0.00000,192.58452,79.47629,0.00000,0.00000,0.00000,0.00000,0.00000,0.00000
"1","1878",0.00000,0.00000,200.78452,73.53256,0.00000,0.00000,0.00000,0.00000,0.00000,0.00000
"1","1879",0.00000,0.00000,208.48452,57.45746,0.00000,0.00000,0.00000,0.00000,0.00000,0.00000
"1","1880",0.00000,0.00000,226.67952,0.00000,0.00000,0.00000,0.00000,0.00000,0.00000,0.00000
"1","1881",24.27433,3.51639,272.15793,0.00000,0.00000,0.00000,0.00000,0.00000,0.00000,0.00000
"1","1882",0.00000,85.59588,211.88452,31.07638,0.00000,0.00000,0.00000,0.00000,0.00000,0.00000
"1","1883",150.50079,0.00000,120.75435,0.00000,0.00000,0.00000,0.00000,0.00000,0.00000,0.00000
"1","1884",201.79040,0.00000,82.83295,0.00000,0.00000,0.00000,0.00000,0.00000,0.00000,0.00000
"1","1885",175.59329,59.46133,115.03896,0.00000,0.00000,0.00000,0.00000,0.00000,0.00000,0.00000
"1","1886",167.74160,70.83585,37.14292,0.00000,0.00000,0.00000,0.00000,0.00000,0.00000,0.00000
"1","1887",185.80996,31.62178,18.67456,0.00000,0.00000,0.00000,0.00000,0.00000,0.00000,0.00000
"1","1888",183.16978,21.34764,22.71474,0.00000,0.00000,0.00000,0.00000,0.00000,0.00000,0.00000
"1","1889",152.87998,0.00000,21.69904,0.00000,0.00000,0.00000,0.00000,0.00000,0.00000,0.00000
"1","1890",93.61925,0.00000,6.00358,0.00000,0.00000,0.00000,0.00000,0.00000,0.00000,0.00000
"1","1891",27.31629,0.00000,59.70963,0.00000,0.00000,0.00000,0.00000,0.00000,0.00000,0.00000
"1","1892",0.00000,0.00000,87.02797,0.00000,0.00000,0.00000,0.00000,0.00000,0.00000,0.00000
"1","1893",0.00000,0.00000,83.23106,0.00000,0.00000,0.00000,0.00000,0.00000,0.00000,0.00000
"1","1894",0.00000,0.00000,41.53508,0.00000,0.00000,0.00000,0.00000,0.00000,0.00000,0.00000
"1","1895",0.00000,0.00000,25.17011,0.00000,0.00000,0.00000,0.00000,0.00000,0.00000,0.00000
"1","1896",0.00000,0.00000,13.63176,0.00000,0.00000,0.00000,0.00000,0.00000,0.00000,0.00000
"1","1897",0.00000,0.00000,4.19866,0.00000,0.00000,0.00000,0.00000,0.00000,0.00000,0.00000
"1","1898",0.00000,0.00000,0.00000,0.00000,0.00000,0.00000,0.00000,0.00000,0.00000,0.00000
"1","1899",0.00000,0.00000,0.00000,0.00000,0.00000,0.00000,0.00000,0.00000,0.00000,0.00000
"1","1900",0.00000,0.00000,9.66582,0.00000,0.00000,0.00000,0.00000,0.00000,0.00000,0.00000
"1","1901",0.00000,0.00000,13.52119,0.00000,0.00000,0.00000,0.00000,0.00000,0.00000,0.00000
"1","1902",0.00000,0.00000,25.63575,0.00000,0.00000,0.00000,0.00000,0.00000,0.00000,0.00000
"1","1903",0.00000,0.00000,27.91275,0.00000,0.00000,0.00000,0.00000,0.00000,0.00000,0.00000
"1","1904",0.00000,0.00000,120.14266,0.00000,0.00000,0.00000,0.00000,0.00000,0.00000,0.00000
"1","1905",21.64594,0.00000,70.93635,0.00000,0.00000,0.00000,0.00000,0.00000,0.00000,0.00000
"1","1906",62.61521,0.00000,21.03542,0.00000,0.00000,0.00000,0.00000,0.00000,0.00000,0.00000
"1","1907",113.56376,0.00000,13.76437,0.00000,0.00000,0.00000,0.00000,0.00000,0.00000,0.00000
"1","1908",157.40762,0.00000,4.09118,0.00000,0.00000,0.00000,0.00000,0.00000,0.00000,0.00000
"1","1909",191.69405,0.00000,1.48810,0.00000,0.00000,0.00000,0.00000,0.00000,0.00000,0.00000
"1","1910",164.93319,0.00000,0.00000,0.00000,0.00000,0.00000,0.00000,0.00000,0.00000,0.00000
"1","1911",157.49518,0.00000,0.00000,0.00000,0.00000,0.00000,0.00000,0.00000,0.00000,0.00000
"1","1912",132.18466,0.00000,7.62716,0.00000,0.00000,0.00000,0.00000,0.00000,0.00000,0.00000
"1","1913",99.62868,0.00000,34.22396,0.00000,0.00000,0.00000,0.00000,0.00000,0.00000,0.00000
"1","1914",54.87485,0.00000,52.88077,0.00000,0.00000,0.00000,0.00000,0.00000,0.00000,0.00000
"1","1915",19.86962,0.00000,53.31895,0.00000,0.00000,0.00000,0.00000,0.00000,0.00000,0.00000
"1","1916",0.00000,0.00000,66.61134,0.00000,0.00000,0.00000,0.00000,0.00000,0.00000,0.00000
"1","1917",0.00000,0.00000,33.61535,0.00000,0.00000,0.00000,0.00000,0.00000,0.00000,0.00000
"1","1918",0.00000,0.00000,54.98099,0.00000,0.00000,0.00000,0.00000,0.00000,0.00000,0.00000
"1","1919",0.00000,0.00000,50.74199,0.00000,0.00000,0.00000,0.00000,0.00000,0.00000,0.00000
"1","1920",0.00000,0.00000,76.42079,0.00000,0.00000,0.00000,0.00000,0.00000,0.00000,0.00000
"1","1921",0.00000,0.00000,162.04055,0.00000,0.00000,0.00000,0.00000,0.00000,0.00000,0.00000
"1","1922",0.00000,0.00000,240.59630,0.00000,0.00000,0.00000,0.00000,0.00000,0.00000,0.00000
"1","1923",0.00000,0.00000,269.33226,1.59107,0.00000,0.00000,0.00000,0.00000,0.00000,0.00000
"1","1924",0.00000,0.00000,236.02305,0.00000,0.00000,0.00000,0.00000,0.00000,0.00000,0.00000
"1","1925",0.00000,0.00000,236.74215,0.00000,0.00000,0.00000,0.00000,0.00000,0.00000,0.00000
"1","1926",0.00000,0.00000,158.99234,0.00000,0.00000,0.00000,0.00000,0.00000,0.00000,0.00000
"1","1927",0.00000,0.00000,7.86094,0.00000,0.00000,0.00000,0.00000,0.00000,0.00000,0.00000
"1","1928",0.00000,0.00000,21.39852,0.00000,0.00000,0.00000,0.00000,0.00000,0.00000,0.00000
"1","1929",19.76120,0.00000,220.35430,0.00000,0.00000,0.00000,0.00000,0.00000,0.00000,0.00000
"1","1930",64.66689,0.00000,28.86681,0.00000,0.00000,0.00000,0.00000,0.00000,0.00000,0.00000
"1","1931",112.11583,0.00000,0.00000,0.00000,0.00000,0.00000,0.00000,0.00000,0.00000,0.00000
"1","1932",156.50635,0.00000,4.63356,0.00000,0.00000,0.00000,0.00000,0.00000,0.00000,0.00000
"1","1933",187.31010,0.00000,11.61260,0.00000,0.00000,0.00000,0.00000,0.00000,0.00000,0.00000
"1","1934",262.23879,0.00000,0.00000,0.00000,0.00000,0.00000,0.00000,0.00000,0.00000,0.00000
"1","1935",269.85874,66.05141,20.57352,0.00000,0.00000,0.00000,0.00000,0.00000,0.00000,0.00000
"1","1936",289.87190,0.00000,1.86036,7.36590,0.00000,0.00000,0.00000,0.00000,0.00000,0.00000
"1","1937",219.96139,0.00000,11.69936,0.00000,0.00000,0.00000,0.00000,0.00000,0.00000,0.00000
"1","1938",125.80563,0.00000,0.00000,0.00000,0.00000,0.00000,0.00000,0.00000,0.00000,0.00000
"1","1939",34.20928,0.00000,0.00000,0.00000,0.00000,0.00000,0.00000,0.00000,0.00000,0.00000
"1","1940",0.00000,0.00000,0.00000,0.00000,0.00000,0.00000,0.00000,0.00000,0.00000,0.00000
"1","1941",0.00000,0.00000,0.00000,0.00000,0.00000,0.00000,0.00000,0.00000,0.00000,0.00000
"1","1942",0.00000,0.00000,0.00000,0.00000,0.00000,0.00000,0.00000,0.00000,0.00000,0.00000
"1","1943",0.00000,0.00000,0.00000,0.00000,0.00000,0.00000,0.00000,0.00000,0.00000,0.00000
"1","1944",0.00000,0.00000,0.00000,0.00000,0.00000,0.00000,0.00000,0.00000,0.00000,0.00000
"1","1945",0.00000,0.00000,3.87774,0.00000,0.00000,0.00000,0.00000,0.00000,0.00000,0.00000
"1","1946",0.00000,0.00000,14.65558,0.00000,0.00000,0.00000,0.00000,0.00000,0.00000,0.00000
"1","1947",0.00000,0.00000,8.65626,0.00000,0.00000,0.00000,0.00000,0.00000,0.00000,0.00000
"1","1948",0.00000,0.00000,0.00000,0.00000,0.00000,0.00000,0.00000,0.00000,0.00000,0.00000
"1","1949",0.00000,0.00000,0.00000,0.00000,0.00000,0.00000,0.00000,0.00000,0.00000,0.00000
"1","1950",0.00000,0.00000,0.00000,0.00000,0.00000,0.00000,0.00000,0.00000,0.00000,0.00000
"1","1951",0.00000,0.00000,0.00000,0.00000,0.00000,0.00000,0.00000,0.00000,0.00000,0.00000
"1","1952",2.33283,0.00000,0.08751,0.00000,0.00000,0.00000,0.00000,0.00000,0.00000,0.00000
"1","1953",61.43771,0.00000,9.04727,0.00000,0.00000,0.00000,0.00000,0.00000,0.00000,0.00000
"1","1954",110.19041,0.00000,1.30568,0.00000,0.00000,0.00000,0.00000,0.00000,0.00000,0.00000
"1","1955",173.23280,0.00000,0.00000,0.00000,0.00000,0.00000,0.00000,0.00000,0.00000,0.00000
"1","1956",229.15888,0.00000,0.00000,0.00000,0.00000,0.00000,0.00000,0.00000,0.00000,0.00000
"1","1957",261.32204,0.00000,0.00000,0.00000,0.00000,0.00000,0.00000,0.00000,0.00000,0.00000
"1","1958",269.73727,0.00000,3.76190,0.00000,0.00000,0.00000,0.00000,0.00000,0.00000,0.00000
"1","1959",265.77323,0.00000,6.51021,0.00000,0.00000,0.00000,0.00000,0.00000,0.00000,0.00000
"1","1960",221.38126,0.00000,4.42335,0.00000,0.00000,0.00000,0.00000,0.00000,0.00000,0.00000
"1","1961",167.16145,0.00000,4.47995,0.00000,0.00000,0.00000,0.00000,0.00000,0.00000,0.00000
"1","1962",104.33724,0.00000,7.51612,0.00000,0.00000,0.00000,0.00000,0.00000,0.00000,0.00000
"1","1963",33.64902,0.00000,0.72938,0.00000,0.00000,0.00000,0.00000,40.81860,0.00000,0.00000
"1","1964",0.00000,0.00000,0.00000,0.00000,0.00000,0.00000,0.00000,0.00000,0.00000,0.00000
"1","1965",0.00000,0.00000,4.08518,0.00000,0.00000,0.00000,0.00000,0.00000,0.00000,0.00000
"1","1966",0.00000,0.00000,16.72460,0.00000,0.00000,0.00000,0.00000,0.00000,0.00000,0.00000
"1","1967",0.00000,0.00000,44.08664,0.00000,0.00000,0.00000,0.00000,18.13064,0.00000,0.00000
"1","1968",0.00000,0.00000,27.95468,0.00000,0.00000,0.00000,0.00000,40.81860,0.00000,0.00000
"1","1969",0.00000,0.00000,1.62018,0.00000,0.00000,0.00000,0.00000,0.00000,0.00000,0.00000
"1","1970",0.00000,0.00000,26.10353,0.00000,0.00000,0.00000,0.00000,40.81860,0.00000,0.00000
"1","1971",0.00000,0.00000,26.28219,0.00000,0.00000,0.00000,0.00000,40.81860,0.00000,0.00000
"1","1972",0.00000,0.00000,15.28754,0.00000,0.00000,0.00000,0.00000,40.81860,0.00000,0.00000
"1","1973",0.00000,0.00000,0.00000,0.00000,0.00000,0.00000,0.00000,3.15226,0.00000,0.00000
"1","1974",0.00000,0.00000,0.00000,0.00000,0.00000,0.00000,0.00000,11.15226,0.00000,0.00000
"1","1975",0.00000,0.00000,16.72965,0.00000,0.00000,0.00000,0.00000,1.82261,0.00000,0.00000
"1","1976",5.94213,0.00000,21.63825,0.00000,0.00000,0.00000,0.00000,27.16991,0.00000,0.00000
"1","1977",78.05918,0.00000,0.00000,0.00000,0.00000,0.00000,0.00000,30.64082,0.00000,0.00000
"1","1978",108.42270,0.00000,4.87105,0.00000,0.00000,0.00000,0.00000,0.00000,0.00000,0.00000
"1","1979",167.08694,0.00000,0.00000,0.00000,0.00000,0.00000,0.00000,0.00000,0.00000,0.00000
"1","1980",220.35421,0.00000,0.00000,0.00000,0.00000,0.00000,0.00000,0.00000,0.00000,0.00000
"1","1981",250.49520,0.00000,20.28775,0.00000,0.00000,0.00000,0.00000,0.00000,0.00000,0.00000
"1","1982",256.91390,0.00000,28.74606,0.00000,0.00000,0.00000,0.00000,0.00000,0.00000,0.00000
"1","1983",251.35487,0.00000,20.67999,0.00000,0.00000,0.00000,0.00000,0.00000,0.00000,0.00000
"1","1984",216.84493,0.00000,5.37795,0.00000,0.00000,0.00000,0.00000,0.00000,0.00000,0.00000
"1","1985",162.55157,0.00000,0.00000,0.00000,0.00000,0.00000,0.00000,0.00000,0.00000,0.00000
"1","1986",102.54051,0.00000,0.00000,0.00000,0.00000,0.00000,0.00000,0.05949,0.00000,0.00000
"1","1987",44.55021,0.00000,0.00000,0.00000,0.00000,0.00000,0.00000,40.81860,0.00000,0.00000
"1","1988",0.00000,0.00000,0.00000,0.00000,0.00000,0.00000,0.00000,40.81860,0.00000,0.00000
"1","1989",0.00000,0.00000,0.00000,0.00000,0.00000,0.00000,0.00000,40.81860,0.00000,0.00000
"1","1990",0.00000,0.00000,7.18052,0.00000,0.00000,0.00000,0.00000,40.81860,0.00000,0.00000
"1","1991",0.00000,0.00000,4.21496,0.00000,0.00000,0.00000,0.00000,40.81860,0.00000,0.00000
"1","1992",0.00000,0.00000,0.00000,0.00000,0.00000,0.00000,0.00000,40.81860,0.00000,0.00000
"1","1993",0.00000,0.00000,0.00000,0.00000,0.00000,0.00000,0.00000,40.81860,0.00000,0.00000
"1","1994",0.00000,0.00000,8.15480,0.00000,0.00000,0.00000,0.00000,40.81860,0.00000,0.00000
"1","1995",0.00000,0.00000,7.78198,0.00000,0.00000,0.00000,0.00000,40.81860,0.00000,0.00000
"1","1996",0.00000,0.00000,19.63086,0.00000,0.00000,0.00000,0.00000,40.81860,0.00000,0.00000
"1","1997",0.00000,0.00000,26.63613,0.00000,0.00000,0.00000,0.00000,40.81860,0.00000,0.00000
"1","1998",0.00000,0.00000,20.08669,0.00000,0.00000,0.00000,0.00000,40.81860,0.00000,0.00000
"1","1999",0.00000,0.00000,6.84207,0.00000,0.00000,0.00000,0.00000,40.81860,0.00000,0.00000
"1","2000",9.31161,0.00000,18.66774,0.00000,0.00000,0.00000,0.00000,40.81860,0.00000,0.00000
"1","2001",83.88671,0.00000,5.73658,0.00000,0.00000,0.00000,0.00000,12.37671,0.00000,0.00000
"1","2002",23.19207,0.00000,35.26674,0.00000,0.00000,0.00000,0.00000,40.81860,0.00000,0.00000
"1","2003",37.98271,0.00000,38.64535,0.00000,0.00000,0.00000,0.00000,26.17194,0.00000,0.00000
"1","2004",52.53048,0.00000,15.82406,0.00000,0.00000,0.00000,0.00000,32.94546,0.00000,0.00000
"1","2005",63.37280,0.00000,14.24766,0.00000,0.00000,0.00000,0.00000,21.47954,0.00000,0.00000
"1","2006",67.96961,0.00000,74.58645,0.00000,0.00000,0.00000,0.00000,0.00000,0.00000,0.00000
"1","2007",62.77664,91.69351,222.35562,0.00000,0.00000,0.00000,0.00000,0.00000,0.00000,0.00000
"1","2008",32.17728,103.88676,253.45498,0.00000,0.00000,0.00000,0.00000,0.00000,0.00000,0.00000
"1","2009",101.30205,0.00000,151.70989,0.00000,0.00000,0.00000,0.00000,0.00000,0.00000,0.00000
"1","2010",58.95692,0.00000,56.42674,0.00000,0.00000,0.00000,0.00000,0.00000,0.00000,0.00000
"1","2011",38.83347,0.00000,20.30111,0.00000,0.00000,0.00000,0.00000,40.26542,0.00000,0.00000
"1","2012",0.00000,0.00000,26.03629,0.00000,0.00000,0.00000,0.00000,40.81860,0.00000,0.00000
"1","2013",0.00000,0.00000,32.35478,0.00000,0.00000,0.00000,0.00000,40.81860,0.00000,0.00000
"1","2014",0.00000,0.00000,0.00000,0.00000,0.00000,0.00000,0.00000,14.55226,0.00000,0.00000
"1","2015",0.00000,0.00000,0.00000,0.00000,0.00000,0.00000,0.00000,40.81860,0.00000,0.00000
"1","2016",0.00000,0.00000,3.98409,0.00000,0.00000,0.00000,0.00000,25.98598,0.00000,0.00000
"1","2017",0.00000,0.00000,8.49665,0.00000,0.00000,0.00000,0.00000,40.81860,0.00000,0.00000
"1","2018",0.00000,0.00000,0.00000,0.00000,0.00000,0.00000,0.00000,40.81860,0.00000,0.00000
"1","2019",0.00000,0.00000,0.00000,0.00000,0.00000,0.00000,0.00000,40.81860,0.00000,0.00000
"1","2020",0.00000,0.00000,23.60408,0.00000,0.00000,0.00000,0.00000,40.81860,0.00000,0.00000
"1","2021",0.00000,0.00000,6.73712,0.00000,0.00000,0.00000,0.00000,40.81860,0.00000,0.00000
"1","2022",0.00000,0.00000,22.58558,0.00000,0.00000,0.00000,0.00000,40.81860,0.00000,0.00000
"1","2023",0.00000,0.00000,72.18318,0.00000,0.00000,0.00000,0.00000,21.91682,0.00000,0.00000
"1","2024",2.33711,0.00000,121.22877,0.00000,0.00000,0.00000,0.00000,0.00000,0.00000,0.00000
"1","2025",24.12189,0.00000,241.34714,0.00000,0.00000,0.00000,0.00000,0.00000,0.00000,0.00000
"1","2026",156.39072,0.00000,86.63433,0.00000,0.00000,0.00000,0.00000,0.00000,0.00000,0.00000
"1","2027",232.50369,0.00000,58.12857,201.25099,0.00000,0.00000,0.00000,0.00000,0.00000,0.00000
"1","2028",288.97982,0.00000,0.45244,32.42299,0.00000,0.00000,0.00000,0.00000,0.00000,0.00000
"1","2029",204.08452,147.07706,0.00000,0.00000,0.00000,0.00000,0.00000,0.00000,0.00000,0.00000
"1","2030",287.53226,68.04858,0.00000,0.00000,0.00000,0.00000,0.00000,0.00000,0.00000,0.00000
"1","2031",286.83226,48.85148,0.00000,0.00000,0.00000,0.00000,0.00000,0.00000,0.00000,0.00000
"1","2032",288.33226,6.70585,0.00000,0.00000,0.00000,0.00000,0.00000,0.00000,0.00000,0.00000
"1","2033",209.95158,18.21798,0.00000,0.00000,0.00000,0.00000,0.00000,0.00000,0.00000,0.00000
"1","2034",135.90778,0.00000,0.00000,0.00000,0.00000,0.00000,0.00000,0.00000,0.00000,0.00000
"1","2035",43.33328,0.00000,149.90096,0.00000,0.00000,0.00000,0.00000,0.00000,0.00000,0.00000
"1","2036",4.57837,0.00000,32.69612,0.00000,0.00000,0.00000,0.00000,0.00000,0.00000,0.00000
"1","2037",0.00000,0.00000,0.00000,0.00000,0.00000,0.00000,0.00000,0.00000,0.00000,0.00000
"1","2038",0.00000,0.00000,0.00000,0.00000,0.00000,0.00000,0.00000,0.00000,0.00000,0.00000
"1","2039",0.00000,0.00000,18.16073,0.00000,0.00000,0.00000,0.00000,0.00000,0.00000,0.00000
"1","2040",0.00000,0.00000,25.72746,0.00000,0.00000,0.00000,0.00000,0.00000,0.00000,0.00000
"1","2041",0.00000,0.00000,269.83226,10.70824,0.00000,0.00000,0.00000,0.00000,0.00000,0.00000
"1","2042",0.00000,0.00000,268.83226,2.86340,0.00000,0.00000,0.00000,0.00000,0.00000,0.00000
"1","2043",0.00000,0.00000,0.00000,0.00000,0.00000,0.00000,0.00000,0.00000,0.00000,0.00000
"1","2044",0.00000,0.00000,3.37916,0.00000,0.00000,0.00000,0.00000,0.00000,0.00000,0.00000
"1","2045",0.00000,0.00000,1.68472,0.00000,0.00000,0.00000,0.00000,0.00000,0.00000,0.00000
"1","2046",0.00000,0.00000,10.09457,0.00000,0.00000,0.00000,0.00000,0.00000,0.00000,0.00000
"1","2047",0.00000,0.00000,14.77343,0.00000,0.00000,0.00000,0.00000,0.00000,0.00000,0.00000
"1","2048",7.68275,0.00000,123.53173,0.00000,0.00000,0.00000,0.00000,0.00000,0.00000,0.00000
"1","2049",63.17881,0.00000,231.85345,29.79732,0.00000,0.00000,0.00000,0.00000,0.00000,0.00000
"1","2050",124.18596,0.00000,171.14630,109.39420,0.00000,0.00000,0.00000,0.00000,0.00000,0.00000
"1","2051",191.45120,0.00000,103.38106,174.37459,0.00000,0.00000,0.00000,0.00000,0.00000,0.00000
"1","2052",246.53359,0.00000,36.88955,0.00000,0.00000,0.00000,0.00000,0.00000,0.00000,0.00000
"1","2053",275.80427,0.00000,7.13424,0.00000,0.00000,0.00000,0.00000,0.00000,0.00000,0.00000
"1","2054",209.69137,0.00000,6.84048,0.00000,0.00000,0.00000,0.00000,0.00000,0.00000,0.00000
"1","2055",201.58866,0.00000,0.00000,0.00000,0.00000,0.00000,0.00000,0.00000,0.00000,0.00000
"1","2056",171.43655,0.00000,5.92586,0.00000,0.00000,0.00000,0.00000,0.00000,0.00000,0.00000
"1","2057",124.95177,0.00000,0.00000,0.00000,0.00000,0.00000,0.00000,0.00000,0.00000,0.00000
"1","2058",78.99480,0.00000,2.05933,0.00000,0.00000,0.00000,0.00000,0.00000,0.00000,0.00000
"1","2059",32.63455,0.00000,0.00000,0.00000,0.00000,0.00000,0.00000,0.00000,0.00000,0.00000
"1","2060",4.91034,0.00000,0.00000,0.00000,0.00000,0.00000,0.00000,0.00000,0.00000,0.00000
"1","2061",0.00000,0.00000,0.00000,0.00000,0.00000,0.00000,0.00000,0.00000,0.00000,0.00000
"1","2062",0.00000,0.00000,0.00000,0.00000,0.00000,0.00000,0.00000,0.00000,0.00000,0.00000
"1","2063",0.00000,0.00000,0.00000,0.00000,0.00000,0.00000,0.00000,11.89971,0.00000,0.00000
"1","2064",0.00000,0.00000,0.00000,0.00000,0.00000,0.00000,0.00000,0.00000,0.00000,0.00000
"1","2065",0.00000,0.00000,0.00000,0.00000,0.00000,0.00000,0.00000,40.81860,0.00000,0.00000
"1","2066",0.00000,0.00000,0.00000,0.00000,0.00000,0.00000,0.00000,40.81860,0.00000,0.00000
"1","2067",0.00000,0.00000,0.00000,0.00000,0.00000,0.00000,0.00000,40.81860,0.00000,0.00000
"1","2068",0.00000,0.00000,0.00000,0.00000,0.00000,0.00000,0.00000,0.00000,0.00000,0.00000
"1","2069",0.00000,0.00000,0.00000,0.00000,0.00000,0.00000,0.00000,3.55590,0.00000,0.00000
"1","2070",0.00000,0.00000,1.55695,0.00000,0.00000,0.00000,0.00000,8.19531,0.00000,0.00000
"1","2071",0.00000,0.00000,0.22033,0.00000,0.00000,0.00000,0.00000,16.53193,0.00000,0.00000
"1","2072",17.66463,0.00000,9.54796,0.00000,0.00000,0.00000,0.00000,40.81860,0.00000,0.00000
"1","2073",105.64343,0.00000,33.74805,0.00000,0.00000,0.00000,0.00000,0.00000,0.00000,0.00000
"1","2074",143.58477,0.00000,24.50939,0.00000,0.00000,0.00000,0.00000,0.00000,0.00000,0.00000
"1","2075",223.42133,0.00000,0.00000,15.06639,0.00000,0.00000,0.00000,0.00000,0.00000,0.00000
"1","2076",283.88376,0.00000,8.04850,27.49037,0.00000,0.00000,0.00000,0.00000,0.00000,0.00000
"1","2077",253.89161,106.34361,36.04065,0.00000,0.00000,0.00000,0.00000,0.00000,0.00000,0.00000
"1","2078",166.57842,193.65680,36.50610,0.00000,0.00000,0.00000,0.00000,0.00000,0.00000,0.00000
"1","2079",286.83226,66.11057,0.00000,26.93357,0.00000,0.00000,0.00000,0.00000,0.00000,0.00000
"1","2080",287.13226,21.62178,0.00000,21.96427,0.00000,0.00000,0.00000,0.00000,0.00000,0.00000
"1","2081",220.52868,21.26103,0.00000,17.19752,0.00000,0.00000,0.00000,0.00000,0.00000,0.00000
"1","2082",146.59964,0.00000,0.78680,0.00000,0.00000,0.00000,0.00000,0.00000,0.00000,0.00000
"1","2083",48.20396,0.00000,155.68056,44.81931,0.00000,0.00000,0.00000,0.00000,0.00000,0.00000
"1","2084",4.44692,0.00000,280.54050,0.00000,0.00000,0.00000,0.00000,0.00000,0.00000,0.00000
"1","2085",0.00000,0.00000,280.54050,0.00000,0.00000,0.00000,0.00000,0.00000,0.00000,0.00000
"1","2086",0.00000,0.00000,197.38452,20.31194,0.00000,0.00000,0.00000,0.00000,0.00000,0.00000
"1","2087",0.00000,0.00000,0.00000,0.00000,0.00000,0.00000,0.00000,0.00000,0.00000,0.00000
"1","2088",0.00000,0.00000,0.00000,0.00000,0.00000,0.00000,0.00000,0.00000,0.00000,0.00000
"1","2089",0.00000,0.00000,0.00000,0.00000,0.00000,0.00000,0.00000,0.00000,0.00000,0.00000
"1","2090",0.00000,0.00000,0.00000,0.00000,0.00000,0.00000,0.00000,0.00000,0.00000,0.00000
"1","2091",0.00000,0.00000,0.00000,0.00000,0.00000,0.00000,0.00000,0.00000,0.00000,0.00000
"1","2092",0.00000,0.00000,0.00000,0.00000,0.00000,0.00000,0.00000,0.00000,0.00000,0.00000
"1","2093",0.00000,0.00000,0.00000,0.00000,0.00000,0.00000,0.00000,0.00000,0.00000,0.00000
"1","2094",0.00000,0.00000,0.00000,0.00000,0.00000,0.00000,0.00000,0.00000,0.00000,0.00000
"1","2095",0.00000,0.00000,0.00000,0.00000,0.00000,0.00000,0.00000,0.00000,0.00000,0.00000
"1","2096",23.52356,0.00000,0.00000,0.00000,0.00000,0.00000,0.00000,0.00000,0.00000,0.00000
"1","2097",120.48171,0.00000,0.00000,0.00000,0.00000,0.00000,0.00000,0.00000,0.00000,0.00000
"1","2098",209.38452,23.71808,0.00000,0.00000,0.00000,0.00000,0.00000,0.00000,0.00000,0.00000
"1","2099",208.08452,107.19707,0.00000,0.00000,0.00000,0.00000,0.00000,0.00000,0.00000,0.00000
"1","2100",207.98452,152.25070,0.00000,0.00000,0.00000,0.00000,0.00000,0.00000,0.00000,0.00000
"1","2101",207.28452,152.95070,0.00000,0.00000,0.00000,0.00000,0.00000,0.00000,0.00000,0.00000
"1","2102",10.69176,349.54346,280.54050,0.00000,0.00000,0.00000,0.00000,0.00000,0.00000,0.00000
"1","2103",9.79176,350.44346,280.54050,0.00000,0.00000,0.00000,0.00000,0.00000,0.00000,0.00000
"1","2104",0.00000,334.20292,206.18452,74.35598,0.00000,0.00000,0.00000,0.00000,0.00000,0.00000
"1","2105",206.58452,55.59864,0.00000,0.00000,0.00000,0.00000,0.00000,0.00000,0.00000,0.00000
"1","2106",159.54299,0.00000,0.00000,0.00000,0.00000,0.00000,0.00000,0.00000,0.00000,0.00000
"1","2107",52.64707,0.00000,0.00000,0.00000,0.00000,0.00000,0.00000,0.00000,0.00000,0.00000
"1","2108",4.75552,0.00000,0.00000,0.00000,0.00000,0.00000,0.00000,0.00000,0.00000,0.00000
"1","2109",0.00000,0.00000,0.00000,0.00000,0.00000,0.00000,0.00000,0.00000,0.00000,0.00000
"1","2110",0.00000,0.00000,0.00000,0.00000,0.00000,0.00000,0.00000,0.00000,0.00000,0.00000
"1","2111",0.00000,0.00000,0.00000,0.00000,0.00000,0.00000,0.00000,0.00000,0.00000,0.00000
"1","2112",0.00000,0.00000,0.00000,0.00000,0.00000,0.00000,0.00000,0.00000,0.00000,0.00000
"1","2113",0.00000,0.00000,183.98452,96.55598,0.00000,0.00000,0.00000,0.00000,0.00000,0.00000
"1","2114",0.00000,0.00000,182.78452,97.75598,0.00000,0.00000,0.00000,0.00000,0.00000,0.00000
"1","2115",0.00000,0.00000,182.68452,97.85598,0.00000,0.00000,0.00000,0.00000,0.00000,0.00000
"1","2116",0.00000,0.00000,93.88550,0.00000,0.00000,0.00000,0.00000,0.00000,0.00000,0.00000
"1","2117",0.00000,0.00000,104.98101,0.00000,0.00000,0.00000,0.00000,0.00000,0.00000,0.00000
"1","2118",0.00000,0.00000,81.95015,0.00000,0.00000,0.00000,0.00000,0.00000,0.00000,0.00000
"1","2119",0.00000,0.00000,6.62425,0.00000,0.00000,0.00000,0.00000,0.00000,0.00000,0.00000
"1","2120",25.87653,0.00000,28.15687,0.00000,0.00000,0.00000,0.00000,0.00000,0.00000,0.00000
"1","2121",125.54778,0.00000,83.53674,197.00376,0.00000,0.00000,0.00000,0.00000,0.00000,0.00000
"1","2122",0.00000,233.54090,208.58452,71.95598,0.00000,0.00000,0.00000,0.00000,0.00000,0.00000
"1","2123",206.58452,106.64636,0.00000,0.00000,0.00000,0.00000,0.00000,0.00000,0.00000,0.00000
"1","2124",106.13104,254.10418,99.25348,0.00000,0.00000,0.00000,0.00000,0.00000,0.00000,0.00000
"1","2125",0.00000,360.23522,203.98452,76.55598,0.00000,0.00000,0.00000,0.00000,0.00000,0.00000
"1","2126",0.00000,360.23522,280.54050,0.00000,0.00000,0.00000,0.00000,0.00000,0.00000,0.00000
"1","2127",202.18452,158.05070,0.00000,280.54050,0.00000,0.00000,0.00000,0.00000,0.00000,0.00000
"1","2128",203.68452,125.44023,0.00000,0.00000,0.00000,0.00000,0.00000,0.00000,0.00000,0.00000
"1","2129",0.00000,257.89354,205.68452,74.85598,0.00000,0.00000,0.00000,0.00000,0.00000,0.00000
"1","2130",0.00000,157.51937,205.58452,74.95598,0.00000,0.00000,0.00000,0.00000,0.00000,0.00000
"1","2131",54.13758,0.00000,151.34694,129.19356,0.00000,0.00000,0.00000,0.00000,0.00000,0.00000
"1","2132",5.30225,0.00000,200.48227,80.05823,0.00000,0.00000,0.00000,0.00000,0.00000,0.00000
"1","2133",0.00000,0.00000,205.08452,75.45598,0.00000,0.00000,0.00000,0.00000,0.00000,0.00000
"1","2134",0.00000,0.00000,197.58452,82.95598,0.00000,0.00000,0.00000,0.00000,0.00000,0.00000
"1","2135",0.00000,0.00000,129.22657,0.00000,0.00000,0.00000,0.00000,0.00000,0.00000,0.00000
"1","2136",0.00000,0.00000,186.28452,54.86931,0.00000,0.00000,0.00000,0.00000,0.00000,0.00000
"1","2137",0.00000,0.00000,183.68452,89.12153,0.00000,0.00000,0.00000,0.00000,0.00000,0.00000
"1","2138",0.00000,0.00000,182.48452,91.98758,0.00000,0.00000,0.00000,0.00000,0.00000,0.00000
"1","2139",0.00000,0.00000,182.08452,78.08604,0.00000,0.00000,0.00000,0.00000,0.00000,0.00000
"1","2140",0.00000,0.00000,183.38452,56.69627,0.00000,0.00000,0.00000,0.00000,0.00000,0.00000
"1","2141",0.00000,0.00000,178.97191,0.00000,0.00000,0.00000,0.00000,0.00000,0.00000,0.00000
"1","2142",0.00000,0.00000,93.42696,0.00000,0.00000,0.00000,0.00000,0.00000,0.00000,0.00000
"1","2143",0.00000,0.00000,23.51695,0.00000,0.00000,0.00000,0.00000,0.00000,0.00000,0.00000
"1","2144",27.14885,0.00000,21.92990,0.00000,0.00000,0.00000,0.00000,0.00000,0.00000,0.00000
"1","2145",122.10816,0.00000,0.00000,0.00000,0.00000,0.00000,0.00000,0.00000,0.00000,0.00000
"1","2146",210.28452,13.06328,0.00000,0.00000,0.00000,0.00000,0.00000,0.00000,0.00000,0.00000
"1","2147",208.98452,88.42505,0.00000,0.00000,0.00000,0.00000,0.00000,0.00000,0.00000,0.00000
"1","2148",206.98452,139.92276,0.00000,0.00000,0.00000,0.00000,0.00000,0.00000,0.00000,0.00000
"1","2149",205.08452,155.15070,0.00000,0.00000,0.00000,0.00000,0.00000,0.00000,0.00000,0.00000
"1","2150",226.81270,133.42252,0.00000,0.00000,0.00000,0.00000,0.00000,0.00000,0.00000,0.00000
"1","2151",287.23226,65.17213,0.00000,0.00000,0.00000,0.00000,0.00000,0.00000,0.00000,0.00000
"1","2152",202.38452,103.73876,0.00000,0.00000,0.00000,0.00000,0.00000,0.00000,0.00000,0.00000
"1","2153",203.58452,36.57633,0.00000,0.00000,0.00000,0.00000,0.00000,0.00000,0.00000,0.00000
"1","2154",130.79623,0.00000,0.00000,0.00000,0.00000,0.00000,0.00000,0.00000,0.00000,0.00000
"1","2155",55.94544,0.00000,0.00000,0.00000,0.00000,0.00000,0.00000,0.00000,0.00000,0.00000
"1","2156",9.83815,0.00000,0.00000,0.00000,0.00000,0.00000,0.00000,0.00000,0.00000,0.00000
"1","2157",0.00000,0.00000,0.00000,0.00000,0.00000,0.00000,0.00000,0.00000,0.00000,0.00000
"1","2158",0.00000,0.00000,8.54271,0.00000,0.00000,0.00000,0.00000,0.00000,0.00000,0.00000
"1","2159",0.00000,0.00000,98.02822,0.00000,0.00000,0.00000,0.00000,0.00000,0.00000,0.00000
"1","2160",0.00000,0.00000,136.24660,0.00000,0.00000,0.00000,0.00000,0.00000,0.00000,0.00000
"1","2161",0.00000,0.00000,150.42673,0.00000,0.00000,0.00000,0.00000,0.00000,0.00000,0.00000
"1","2162",0.00000,0.00000,139.99989,0.00000,0.00000,0.00000,0.00000,0.00000,0.00000,0.00000
"1","2163",0.00000,0.00000,146.87329,0.00000,0.00000,0.00000,0.00000,0.00000,0.00000,0.00000
"1","2164",0.00000,0.00000,138.13025,0.00000,0.00000,0.00000,0.00000,0.00000,0.00000,0.00000
"1","2165",0.00000,0.00000,155.30723,0.00000,0.00000,0.00000,0.00000,0.00000,0.00000,0.00000
"1","2166",0.00000,0.00000,150.15404,0.00000,0.00000,0.00000,0.00000,0.00000,0.00000,0.00000
"1","2167",0.00000,0.00000,111.41362,0.00000,0.00000,0.00000,0.00000,0.00000,0.00000,0.00000
"1","2168",25.46455,0.00000,107.19805,0.00000,0.00000,0.00000,0.00000,0.00000,0.00000,0.00000
"1","2169",114.10026,0.00000,136.08877,0.00000,0.00000,0.00000,0.00000,0.00000,0.00000,0.00000
"1","2170",70.21964,0.00000,137.37567,0.00000,0.00000,0.00000,0.00000,0.00000,0.00000,0.00000
"1","2171",108.56929,0.00000,115.13329,0.00000,0.00000,0.00000,0.00000,0.00000,0.00000,0.00000
"1","2172",144.66987,0.00000,67.82726,0.00000,0.00000,0.00000,0.00000,0.00000,0.00000,0.00000
"1","2173",177.75656,0.00000,61.44508,0.00000,0.00000,0.00000,0.00000,0.00000,0.00000,0.00000
"1","2174",139.48189,0.00000,60.19778,0.00000,0.00000,0.00000,0.00000,0.00000,0.00000,0.00000
"1","2175",132.59635,0.00000,51.24292,0.00000,0.00000,0.00000,0.00000,0.00000,0.00000,0.00000
"1","2176",166.07247,0.00000,44.69059,0.00000,0.00000,0.00000,0.00000,0.00000,0.00000,0.00000
"1","2177",234.18238,0.00000,49.64988,39.38632,0.00000,0.00000,0.00000,0.00000,0.00000,0.00000
"1","2178",118.48533,26.49609,81.09919,0.00000,0.00000,0.00000,0.00000,0.00000,0.00000,0.00000
"1","2179",58.14080,0.00000,81.30744,0.00000,0.00000,0.00000,0.00000,0.00000,0.00000,0.00000
"1","2180",11.46653,0.00000,116.16056,0.00000,0.00000,0.00000,0.00000,0.00000,0.00000,0.00000
"1","2181",0.00000,0.00000,128.44864,0.00000,0.00000,0.00000,0.00000,0.00000,0.00000,0.00000
"1","2182",0.00000,0.00000,171.25708,0.00000,0.00000,0.00000,0.00000,0.00000,0.00000,0.00000
"1","2183",0.00000,0.00000,145.23246,0.00000,0.00000,0.00000,0.00000,0.00000,0.00000,0.00000
"1","2184",0.00000,0.00000,142.01428,0.00000,0.00000,0.00000,0.00000,0.00000,0.00000,0.00000
"1","2185",0.00000,0.00000,132.62779,0.00000,0.00000,0.00000,0.00000,0.00000,0.00000,0.00000
"1","2186",0.00000,0.00000,127.79212,0.00000,0.00000,0.00000,0.00000,0.00000,0.00000,0.00000
"1","2187",0.00000,0.00000,160.63318,0.00000,0.00000,0.00000,0.00000,0.00000,0.00000,0.00000
"1","2188",0.00000,0.00000,152.52985,0.00000,0.00000,0.00000,0.00000,0.00000,0.00000,0.00000
"1","2189",0.00000,0.00000,116.67233,0.00000,0.00000,0.00000,0.00000,0.00000,0.00000,0.00000
"1","2190",0.00000,0.00000,83.22294,0.00000,0.00000,0.00000,0.00000,0.00000,0.00000,0.00000
"1","2191",0.00000,0.00000,64.64765,0.00000,0.00000,0.00000,0.00000,0.00000,0.00000,0.00000
"1","2192",17.41887,0.00000,95.52634,0.00000,0.00000,0.00000,0.00000,0.00000,0.00000,0.00000
"1","2193",70.97868,0.00000,89.43002,0.00000,0.00000,0.00000,0.00000,0.00000,0.00000,0.00000
"1","2194",75.96783,0.00000,60.70730,0.00000,0.00000,0.00000,0.00000,0.00000,0.00000,0.00000
"1","2195",117.33670,0.00000,28.41042,0.00000,0.00000,0.00000,0.00000,0.00000,0.00000,0.00000
"1","2196",160.01370,0.00000,14.38783,0.00000,0.00000,0.00000,0.00000,0.00000,0.00000,0.00000
"1","2197",176.20074,0.00000,5.32726,0.00000,0.00000,0.00000,0.00000,0.00000,0.00000,0.00000
"1","2198",184.95316,0.00000,2.67053,0.00000,0.00000,0.00000,0.00000,0.00000,0.00000,0.00000
"1","2199",155.43237,0.00000,0.00000,0.00000,0.00000,0.00000,0.00000,0.00000,0.00000,0.00000
"1","2200",131.66025,0.00000,0.00000,0.00000,0.00000,0.00000,0.00000,0.00000,0.00000,0.00000
"1","2201",100.53672,0.00000,0.00000,0.00000,0.00000,0.00000,0.00000,0.00000,0.00000,0.00000
"1","2202",65.66105,0.00000,0.00000,0.00000,0.00000,0.00000,0.00000,0.00000,0.00000,0.00000
"1","2203",33.05654,0.00000,0.00000,0.00000,0.00000,0.00000,0.00000,0.00000,0.00000,0.00000
"1","2204",12.49614,0.00000,0.00000,0.00000,0.00000,0.00000,0.00000,0.00000,0.00000,0.00000
"1","2205",0.00000,0.00000,0.00000,0.00000,0.00000,0.00000,0.00000,0.00000,0.00000,0.00000
"1","2206",0.00000,0.00000,0.00000,0.00000,0.00000,0.00000,0.00000,0.00000,0.00000,0.00000
"1","2207",0.00000,0.00000,0.00000,0.00000,0.00000,0.00000,0.00000,0.00000,0.00000,0.00000
"1","2208",0.00000,0.00000,0.00000,0.00000,0.00000,0.00000,0.00000,0.00000,0.00000,0.00000
"1","2209",0.00000,0.00000,0.00000,0.00000,0.00000,0.00000,0.00000,0.00000,0.00000,0.00000
"1","2210",0.00000,0.00000,0.00000,0.00000,0.00000,0.00000,0.00000,0.00000,0.00000,0.00000
"1","2211",0.00000,0.00000,0.00000,0.00000,0.00000,0.00000,0.00000,0.00000,0.00000,0.00000
"1","2212",0.00000,0.00000,0.00000,0.00000,0.00000,0.00000,0.00000,0.00000,0.00000,0.00000
"1","2213",0.00000,0.00000,0.00000,0.00000,0.00000,0.00000,0.00000,0.00000,0.00000,0.00000
"1","2214",0.00000,0.00000,4.81636,0.00000,0.00000,0.00000,0.00000,0.00000,0.00000,0.00000
"1","2215",0.00000,0.00000,19.15616,0.00000,0.00000,0.00000,0.00000,0.00000,0.00000,0.00000
"1","2216",18.17158,0.00000,19.60807,0.00000,0.00000,0.00000,0.00000,0.00000,0.00000,0.00000
"1","2217",41.43733,0.00000,11.07319,0.00000,0.00000,0.00000,0.00000,0.00000,0.00000,0.00000
"1","2218",83.70336,0.00000,17.46172,0.00000,0.00000,0.00000,0.00000,0.00000,0.00000,0.00000
"1","2219",128.96951,0.00000,12.25213,0.00000,0.00000,0.00000,0.00000,0.00000,0.00000,0.00000
"1","2220",169.73076,0.00000,0.00000,0.00000,0.00000,0.00000,0.00000,0.00000,0.00000,0.00000
"1","2221",206.92710,0.00000,0.00000,0.00000,0.00000,0.00000,0.00000,0.00000,0.00000,0.00000
"1","2222",217.02102,0.00000,0.00000,0.00000,0.00000,0.00000,0.00000,0.00000,0.00000,0.00000
"1","2223",111.18650,0.00000,0.00000,0.00000,0.00000,0.00000,0.00000,0.00000,0.00000,0.00000
"1","2224",132.56104,0.00000,0.00000,0.00000,0.00000,0.00000,0.00000,0.00000,0.00000,0.00000
"1","2225",101.82646,0.00000,10.66032,0.00000,0.00000,0.00000,0.00000,0.00000,0.00000,0.00000
"1","2226",66.58651,0.00000,16.30407,0.00000,0.00000,0.00000,0.00000,0.00000,0.00000,0.00000
"1","2227",52.06896,0.00000,17.89588,0.00000,0.00000,0.00000,0.00000,0.00000,0.00000,0.00000
"1","2228",10.61156,0.00000,16.14167,0.00000,0.00000,0.00000,0.00000,0.00000,0.00000,0.00000
"1","2229",0.00000,0.00000,14.52175,0.00000,0.00000,0.00000,0.00000,0.00000,0.00000,0.00000
"1","2230",0.00000,0.00000,0.00000,0.00000,0.00000,0.00000,0.00000,0.00000,0.00000,0.00000
"1","2231",0.00000,0.00000,9.50519,0.00000,0.00000,0.00000,0.00000,0.00000,0.00000,0.00000
"1","2232",0.00000,0.00000,21.04112,0.00000,0.00000,0.00000,0.00000,0.00000,0.00000,0.00000
"1","2233",0.00000,0.00000,22.88844,0.00000,0.00000,0.00000,0.00000,0.00000,0.00000,0.00000
"1","2234",0.00000,0.00000,4.99435,0.00000,0.00000,0.00000,0.00000,0.00000,0.00000,0.00000
"1","2235",0.00000,0.00000,0.00000,0.00000,0.00000,0.00000,0.00000,0.00000,0.00000,0.00000
"1","2236",0.00000,0.00000,0.00000,0.00000,0.00000,0.00000,0.00000,0.00000,0.00000,0.00000
"1","2237",0.00000,0.00000,0.00000,0.00000,0.00000,0.00000,0.00000,0.00000,0.00000,0.00000
"1","2238",0.00000,0.00000,0.00000,0.00000,0.00000,0.00000,0.00000,0.00000,0.00000,0.00000
"1","2239",0.00000,0.00000,4.68585,0.00000,0.00000,0.00000,0.00000,0.00000,0.00000,0.00000
"1","2240",19.88873,0.00000,25.75435,0.00000,0.00000,0.00000,0.00000,0.00000,0.00000,0.00000
"1","2241",70.65117,0.00000,22.97688,0.00000,0.00000,0.00000,0.00000,0.00000,0.00000,0.00000
"1","2242",78.17190,0.00000,7.98938,0.00000,0.00000,0.00000,0.00000,0.00000,0.00000,0.00000
"1","2243",119.58818,0.00000,4.60217,0.00000,0.00000,0.00000,0.00000,0.00000,0.00000,0.00000
"1","2244",157.28135,0.00000,9.90256,0.00000,0.00000,0.00000,0.00000,0.00000,0.00000,0.00000
"1","2245",207.48452,57.18813,0.00000,19.81007,0.00000,0.00000,0.00000,0.00000,0.00000,0.00000
"1","2246",206.48452,67.78038,0.00000,20.34295,0.00000,0.00000,0.00000,0.00000,0.00000,0.00000
"1","2247",181.21517,71.12030,24.56934,0.00000,0.00000,0.00000,0.00000,0.00000,0.00000,0.00000
"1","2248",173.28923,43.33800,31.79529,0.00000,0.00000,0.00000,0.00000,0.00000,0.00000,0.00000
"1","2249",169.33600,0.00000,35.83342,0.00000,0.00000,0.00000,0.00000,0.00000,0.00000,0.00000
"1","2250",113.15400,0.00000,61.12989,0.00000,0.00000,0.00000,0.00000,0.00000,0.00000,0.00000
"1","2251",55.64550,0.00000,74.55740,0.00000,0.00000,0.00000,0.00000,0.00000,0.00000,0.00000
"1","2252",4.20195,0.00000,33.97433,0.00000,0.00000,0.00000,0.00000,0.00000,0.00000,0.00000
"1","2253",0.00000,0.00000,53.70820,0.00000,0.00000,0.00000,0.00000,0.00000,0.00000,0.00000
"1","2254",0.00000,0.00000,70.54253,0.00000,0.00000,0.00000,0.00000,0.00000,0.00000,0.00000
"1","2255",0.00000,0.00000,102.12144,0.00000,0.00000,0.00000,0.00000,0.00000,0.00000,0.00000
"1","2256",0.00000,0.00000,74.63548,0.00000,0.00000,0.00000,0.00000,0.00000,0.00000,0.00000
"1","2257",0.00000,0.00000,77.07768,0.00000,0.00000,0.00000,0.00000,0.00000,0.00000,0.00000
"1","2258",0.00000,0.00000,174.71713,0.00000,0.00000,0.00000,0.00000,0.00000,0.00000,0.00000
"1","2259",0.00000,0.00000,181.48452,99.05598,0.00000,0.00000,0.00000,0.00000,0.00000,0.00000
"1","2260",0.00000,0.00000,183.18452,97.35598,0.00000,0.00000,0.00000,0.00000,0.00000,0.00000
"1","2261",0.00000,0.00000,188.28452,92.25598,0.00000,0.00000,0.00000,0.00000,0.00000,0.00000
"1","2262",0.00000,0.00000,196.88452,83.65598,0.00000,0.00000,0.00000,0.00000,0.00000,0.00000
"1","2263",0.00000,0.00000,201.38452,79.15598,0.00000,0.00000,0.00000,0.00000,0.00000,0.00000
"1","2264",0.00000,18.35962,205.08452,75.45598,0.00000,0.00000,0.00000,0.00000,0.00000,0.00000
"1","2265",127.65606,0.00000,78.92845,201.61204,0.00000,0.00000,0.00000,0.00000,0.00000,0.00000
"1","2266",207.38452,16.23129,0.00000,280.54050,0.00000,0.00000,0.00000,0.00000,0.00000,0.00000
"1","2267",0.00000,296.60699,207.58452,72.95598,0.00000,0.00000,0.00000,0.00000,0.00000,0.00000
"1","2268",205.88452,142.70822,0.00000,280.54050,0.00000,0.00000,0.00000,0.00000,0.00000,0.00000
"1","2269",0.00000,360.23522,204.08452,69.90103,0.00000,0.00000,0.00000,0.00000,0.00000,0.00000
"1","2270",203.58452,94.15740,0.00000,278.97530,0.00000,0.00000,0.00000,0.00000,0.00000,0.00000
"1","2271",0.00000,147.92180,203.18452,40.72240,0.00000,0.00000,0.00000,0.00000,0.00000,0.00000
"1","2272",0.00000,194.14969,203.48452,70.65138,0.00000,0.00000,0.00000,0.00000,0.00000,0.00000
"1","2273",0.00000,151.69523,203.68452,54.90777,0.00000,0.00000,0.00000,0.00000,0.00000,0.00000
"1","2274",100.60155,0.00000,77.07217,0.00000,0.00000,0.00000,0.00000,0.00000,0.00000,0.00000
"1","2275",0.00000,50.28868,202.68452,69.80307,0.00000,0.00000,0.00000,0.00000,0.00000,0.00000
"1","2276",9.77879,0.00000,70.57288,0.00000,0.00000,0.00000,0.00000,0.00000,0.00000,0.00000
"1","2277",0.00000,0.00000,163.20511,0.00000,0.00000,0.00000,0.00000,0.00000,0.00000,0.00000
"1","2278",0.00000,0.00000,27.02818,0.00000,0.00000,0.00000,0.00000,0.00000,0.00000,0.00000
"1","2279",0.00000,0.00000,8.53763,0.00000,0.00000,0.00000,0.00000,0.00000,0.00000,0.00000
"1","2280",0.00000,0.00000,44.84785,0.00000,0.00000,0.00000,0.00000,0.00000,0.00000,0.00000
"1","2281",0.00000,0.00000,39.77218,0.00000,0.00000,0.00000,0.00000,0.00000,0.00000,0.00000
"1","2282",0.00000,0.00000,3.23017,0.00000,0.00000,0.00000,0.00000,0.00000,0.00000,0.00000
"1","2283",0.00000,0.00000,55.39545,0.00000,0.00000,0.00000,0.00000,0.00000,0.00000,0.00000
"1","2284",0.00000,0.00000,123.12362,0.00000,0.00000,0.00000,0.00000,0.00000,0.00000,0.00000
"1","2285",0.00000,0.00000,11.45179,0.00000,0.00000,0.00000,0.00000,0.00000,0.00000,0.00000
"1","2286",0.00000,0.00000,6.86815,0.00000,0.00000,0.00000,0.00000,0.00000,0.00000,0.00000
"1","2287",0.00000,0.00000,0.00000,0.00000,0.00000,0.00000,0.00000,0.00000,0.00000,0.00000
"1","2288",15.91081,0.00000,0.00000,0.00000,0.00000,0.00000,0.00000,0.00000,0.00000,0.00000
"1","2289",46.04212,0.00000,0.00000,0.00000,0.00000,0.00000,0.00000,0.00000,0.00000,0.00000
"1","2290",205.78007,0.00000,0.00000,0.00000,0.00000,0.00000,0.00000,0.00000,0.00000,0.00000
"1","2291",211.08452,74.38505,0.00000,0.00000,0.00000,0.00000,0.00000,0.00000,0.00000,0.00000
"1","2292",210.08452,133.51182,0.00000,0.00000,0.00000,0.00000,0.00000,0.00000,0.00000,0.00000
"1","2293",208.58452,47.27427,0.00000,0.00000,0.00000,0.00000,0.00000,0.00000,0.00000,0.00000
"1","2294",206.48452,153.75070,0.00000,0.00000,0.00000,0.00000,0.00000,0.00000,0.00000,0.00000
"1","2295",203.82652,156.40870,0.65800,0.00000,0.00000,0.00000,0.00000,0.00000,0.00000,0.00000
"1","2296",208.07470,120.11782,0.00000,0.00000,0.00000,0.00000,0.00000,0.00000,0.00000,0.00000
"1","2297",259.79235,0.00000,0.00000,0.00000,0.00000,0.00000,0.00000,0.00000,0.00000,0.00000
"1","2298",131.60414,0.00000,31.66035,0.00000,0.00000,0.00000,0.00000,0.00000,0.00000,0.00000
"1","2299",69.12293,0.00000,42.07711,0.00000,0.00000,0.00000,0.00000,0.00000,0.00000,0.00000
"1","2300",10.50711,0.00000,38.50181,0.00000,0.00000,0.00000,0.00000,0.00000,0.00000,0.00000
"1","2301",0.00000,0.00000,35.23190,0.00000,0.00000,0.00000,0.00000,0.00000,0.00000,0.00000
"1","2302",0.00000,0.00000,61.12746,0.00000,0.00000,0.00000,0.00000,0.00000,0.00000,0.00000
"1","2303",0.00000,0.00000,66.97518,0.00000,0.00000,0.00000,0.00000,0.00000,0.00000,0.00000
"1","2304",0.00000,0.00000,51.60873,0.00000,0.00000,0.00000,0.00000,0.00000,0.00000,0.00000
"1","2305",0.00000,0.00000,78.14176,0.00000,0.00000,0.00000,0.00000,0.00000,0.00000,0.00000
"1","2306",0.00000,0.00000,109.44498,0.00000,0.00000,0.00000,0.00000,0.00000,0.00000,0.00000
"1","2307",0.00000,0.00000,123.96132,0.00000,0.00000,0.00000,0.00000,0.00000,0.00000,0.00000
"1","2308",0.00000,0.00000,76.87494,0.00000,0.00000,0.00000,0.00000,0.00000,0.00000,0.00000
"1","2309",0.00000,0.00000,73.36866,0.00000,0.00000,0.00000,0.00000,0.00000,0.00000,0.00000
"1","2310",0.00000,0.00000,78.63980,0.00000,0.00000,0.00000,0.00000,0.00000,0.00000,0.00000
"1","2311",0.00000,0.00000,115.61237,0.00000,0.00000,0.00000,0.00000,0.00000,0.00000,0.00000
"1","2312",46.91480,0.00000,88.75342,0.00000,0.00000,0.00000,0.00000,0.00000,0.00000,0.00000
"1","2313",136.62642,11.29344,75.25810,0.00000,0.00000,0.00000,0.00000,0.00000,0.00000,0.00000
"1","2314",138.36059,105.90603,72.82392,0.00000,0.00000,0.00000,0.00000,0.00000,0.00000,0.00000
"1","2315",154.77635,159.09456,55.00817,0.00000,0.00000,0.00000,0.00000,0.00000,0.00000,0.00000
"1","2316",207.18452,153.05070,0.00000,43.06815,0.00000,0.00000,0.00000,0.00000,0.00000,0.00000
"1","2317",205.88452,154.35070,0.00000,33.43669,0.00000,0.00000,0.00000,0.00000,0.00000,0.00000
"1","2318",163.24231,168.63076,41.24221,0.00000,0.00000,0.00000,0.00000,0.00000,0.00000,0.00000
"1","2319",203.48452,85.70671,0.00000,50.99582,0.00000,0.00000,0.00000,0.00000,0.00000,0.00000
"1","2320",127.30664,120.79195,75.67788,0.00000,0.00000,0.00000,0.00000,0.00000,0.00000,0.00000
"1","2321",102.38165,93.87971,100.70287,0.00000,0.00000,0.00000,0.00000,0.00000,0.00000,0.00000
"1","2322",65.82040,66.43876,136.56412,0.00000,0.00000,0.00000,0.00000,0.00000,0.00000,0.00000
"1","2323",55.92176,12.85381,145.96276,0.00000,0.00000,0.00000,0.00000,0.00000,0.00000,0.00000
"1","2324",0.00000,10.35032,201.98452,77.88078,0.00000,0.00000,0.00000,0.00000,0.00000,0.00000
"1","2325",0.00000,0.00000,204.58452,75.95598,0.00000,0.00000,0.00000,0.00000,0.00000,0.00000
"1","2326",0.00000,0.00000,200.68452,79.85598,0.00000,0.00000,0.00000,0.00000,0.00000,0.00000
"1","2327",0.00000,0.00000,194.38452,86.15598,0.00000,0.00000,0.00000,0.00000,0.00000,0.00000
"1","2328",0.00000,0.00000,189.98452,90.55598,0.00000,0.00000,0.00000,0.00000,0.00000,0.00000
"1","2329",0.00000,0.00000,187.08452,93.45598,0.00000,0.00000,0.00000,0.00000,0.00000,0.00000
"1","2330",0.00000,0.00000,185.28452,95.12056,0.00000,0.00000,0.00000,0.00000,0.00000,0.00000
"1","2331",0.00000,0.00000,184.48452,96.05598,0.00000,0.00000,0.00000,0.00000,0.00000,0.00000
"1","2332",0.00000,0.00000,195.50817,85.03232,0.00000,0.00000,0.00000,0.00000,0.00000,0.00000
"1","2333",0.00000,0.00000,186.78452,93.75598,0.00000,0.00000,0.00000,0.00000,0.00000,0.00000
"1","2334",0.00000,0.00000,190.18452,90.35598,0.00000,0.00000,0.00000,0.00000,0.00000,0.00000
"1","2335",0.00000,0.00000,193.28452,87.25598,0.00000,0.00000,0.00000,0.00000,0.00000,0.00000
"1","2336",32.80077,0.00000,166.08375,114.45675,0.00000,0.00000,0.00000,0.00000,0.00000,0.00000
"1","2337",0.00000,98.61082,203.58452,76.95598,0.00000,0.00000,0.00000,0.00000,0.00000,0.00000
"1","2338",156.04773,0.00000,87.88994,0.00000,0.00000,0.00000,0.00000,0.00000,0.00000,0.00000
"1","2339",182.85823,39.07841,24.52629,0.00000,0.00000,0.00000,0.00000,0.00000,0.00000,0.00000
"1","2340",272.25289,0.00000,1.74027,0.00000,0.00000,0.00000,0.00000,0.00000,0.00000,0.00000
"1","2341",205.38452,103.96505,0.00000,1.12665,0.00000,0.00000,0.00000,0.00000,0.00000,0.00000
"1","2342",289.23226,25.22837,0.00000,0.00000,0.00000,0.00000,0.00000,0.00000,0.00000,0.00000
"1","2343",289.53226,40.11787,0.00000,0.00000,0.00000,0.00000,0.00000,0.00000,0.00000,0.00000
"1","2344",285.42699,0.00000,0.65467,0.00000,0.00000,0.00000,0.00000,0.00000,0.00000,0.00000
"1","2345",206.88452,14.44256,0.00000,58.36745,0.00000,0.00000,0.00000,0.00000,0.00000,0.00000
"1","2346",143.99259,0.00000,0.00000,0.00000,0.00000,0.00000,0.00000,0.00000,0.00000,0.00000
"1","2347",68.39630,0.00000,0.31151,0.00000,0.00000,0.00000,0.00000,0.00000,0.00000,0.00000
"1","2348",7.33855,0.00000,0.00000,0.00000,0.00000,0.00000,0.00000,0.00000,0.00000,0.00000
"1","2349",0.00000,0.00000,0.00000,0.00000,0.00000,0.00000,0.00000,0.00000,0.00000,0.00000
"1","2350",0.00000,0.00000,47.61758,0.00000,0.00000,0.00000,0.00000,0.00000,0.00000,0.00000
"1","2351",0.00000,0.00000,197.98452,58.33749,0.00000,0.00000,0.00000,0.00000,0.00000,0.00000
"1","2352",0.00000,0.00000,192.98452,67.22713,0.00000,0.00000,0.00000,0.00000,0.00000,0.00000
"1","2353",0.00000,0.00000,227.20903,0.00000,0.00000,0.00000,0.00000,0.00000,0.00000,0.00000
"1","2354",0.00000,0.00000,94.72226,0.00000,0.00000,0.00000,0.00000,0.00000,0.00000,0.00000
"1","2355",0.00000,0.00000,113.57276,0.00000,0.00000,0.00000,0.00000,0.00000,0.00000,0.00000
"1","2356",0.00000,0.00000,104.24230,0.00000,0.00000,0.00000,0.00000,0.00000,0.00000,0.00000
"1","2357",0.00000,0.00000,124.30312,0.00000,0.00000,0.00000,0.00000,0.00000,0.00000,0.00000
"1","2358",0.00000,0.00000,171.50549,0.00000,0.00000,0.00000,0.00000,0.00000,0.00000,0.00000
"1","2359",0.00000,0.00000,59.10840,0.00000,0.00000,0.00000,0.00000,0.00000,0.00000,0.00000
"1","2360",52.44244,0.00000,0.00000,0.00000,0.00000,0.00000,0.00000,0.00000,0.00000,0.00000
"1","2361",152.66858,0.00000,0.00000,0.00000,0.00000,0.00000,0.00000,0.00000,0.00000,0.00000
"1","2362",181.28278,0.00000,0.00000,0.00000,0.00000,0.00000,0.00000,0.00000,0.00000,0.00000
"1","2363",254.96478,0.00000,0.00000,0.00000,0.00000,0.00000,0.00000,0.00000,0.00000,0.00000
"1","2364",297.33226,14.00368,0.00000,0.00000,0.00000,0.00000,0.00000,0.00000,0.00000,0.00000
"1","2365",296.73226,47.07403,0.00000,0.00000,0.00000,0.00000,0.00000,0.00000,0.00000,0.00000
"1","2366",294.73226,65.50296,0.00000,0.00000,0.00000,0.00000,0.00000,0.00000,0.00000,0.00000
"1","2367",293.33226,66.90296,0.00000,0.00000,0.00000,0.00000,0.00000,0.00000,0.00000,0.00000
"1","2368",293.03226,36.76687,0.00000,0.00000,0.00000,0.00000,0.00000,0.00000,0.00000,0.00000
"1","2369",259.78703,0.00000,0.00000,0.00000,0.00000,0.00000,0.00000,0.00000,0.00000,0.00000
"1","2370",169.86816,0.00000,0.00000,0.00000,0.00000,0.00000,0.00000,0.00000,0.00000,0.00000
"1","2371",70.97094,0.00000,0.00000,0.00000,0.00000,0.00000,0.00000,6.40321,0.00000,0.00000
"1","2372",8.91700,0.00000,0.00000,0.00000,0.00000,0.00000,0.00000,0.00000,0.00000,0.00000
"1","2373",0.00000,0.00000,0.00000,0.00000,0.00000,0.00000,0.00000,0.00000,0.00000,0.00000
"1","2374",0.00000,0.00000,0.00000,0.00000,0.00000,0.00000,0.00000,46.17113,0.00000,0.00000
"1","2375",0.00000,0.00000,0.00000,0.00000,0.00000,0.00000,0.00000,46.17113,0.00000,0.00000
"1","2376",0.00000,0.00000,0.00000,0.00000,0.00000,0.00000,0.00000,46.17113,0.00000,0.00000
"1","2377",0.00000,0.00000,0.00000,0.00000,0.00000,0.00000,0.00000,46.17113,0.00000,0.00000
"1","2378",0.00000,0.00000,0.84778,0.00000,0.00000,0.00000,0.00000,15.02241,0.00000,0.00000
"1","2379",0.00000,0.00000,0.00000,0.00000,0.00000,0.00000,0.00000,46.17113,0.00000,0.00000
"1","2380",0.00000,0.00000,0.00000,0.00000,0.00000,0.00000,0.00000,46.17113,0.00000,0.00000
"1","2381",0.00000,0.00000,0.00000,0.00000,0.00000,0.00000,0.00000,46.17113,0.00000,0.00000
"1","2382",0.00000,0.00000,0.00000,0.00000,0.00000,0.00000,0.00000,46.17113,0.00000,0.00000
"1","2383",0.00000,0.00000,0.00000,0.00000,0.00000,0.00000,0.00000,46.17113,0.00000,0.00000
"1","2384",50.66070,0.00000,0.00000,0.00000,0.00000,0.00000,0.00000,0.00000,0.00000,0.00000
"1","2385",145.68193,0.00000,0.00000,0.00000,0.00000,0.00000,0.00000,0.00000,0.00000,0.00000
"1","2386",149.54631,0.00000,0.00000,0.00000,0.00000,0.00000,0.00000,0.00000,0.00000,0.00000
"1","2387",213.18905,0.00000,0.00000,0.00000,0.00000,0.00000,0.00000,0.00000,0.00000,0.00000
"1","2388",258.03625,0.00000,0.00000,0.00000,0.00000,0.00000,0.00000,0.00000,0.00000,0.00000
"1","2389",291.10794,0.00000,0.00000,0.00000,0.00000,0.00000,0.00000,0.00000,0.00000,0.00000
"1","2390",293.03226,0.65177,0.00000,0.00000,0.00000,0.00000,0.00000,0.00000,0.00000,0.00000
"1","2391",292.43226,13.98274,0.00000,0.00000,0.00000,0.00000,0.00000,0.00000,0.00000,0.00000
"1","2392",238.28235,0.00000,0.00000,0.00000,0.00000,0.00000,0.00000,0.00000,0.00000,0.00000
"1","2393",190.10147,0.00000,0.00000,0.00000,0.00000,0.00000,0.00000,0.00000,0.00000,0.00000
"1","2394",129.07207,0.00000,0.00000,0.00000,0.00000,0.00000,0.00000,0.00000,0.00000,0.00000
"1","2395",66.97788,0.00000,0.00000,0.00000,0.00000,0.00000,0.00000,37.72212,0.00000,0.00000
"1","2396",8.72339,0.00000,0.00000,0.00000,0.00000,0.00000,0.00000,46.17113,0.00000,0.00000
"1","2397",0.00000,0.00000,0.00000,0.00000,0.00000,0.00000,0.00000,46.17113,0.00000,0.00000
"1","2398",0.00000,0.00000,0.00000,0.00000,0.00000,0.00000,0.00000,46.17113,0.00000,0.00000
"1","2399",0.00000,0.00000,0.00000,0.00000,0.00000,0.00000,0.00000,46.17113,0.00000,0.00000
"1","2400",0.00000,0.00000,0.00000,0.00000,0.00000,0.00000,0.00000,46.17113,0.00000,0.00000
"1","2401",0.00000,0.00000,0.00000,0.00000,0.00000,0.00000,0.00000,46.17113,0.00000,0.00000
"1","2402",0.00000,0.00000,0.00000,0.00000,0.00000,0.00000,0.00000,46.17113,0.00000,0.00000
"1","2403",0.00000,0.00000,0.00000,0.00000,0.00000,0.00000,0.00000,46.17113,0.00000,0.00000
"1","2404",0.00000,0.00000,4.21501,0.00000,0.00000,0.00000,0.00000,46.17113,0.00000,0.00000
"1","2405",0.00000,0.00000,0.00000,0.00000,0.00000,0.00000,0.00000,46.17113,0.00000,0.00000
"1","2406",0.00000,0.00000,0.00000,0.00000,0.00000,0.00000,0.00000,46.17113,0.00000,0.00000
"1","2407",1.12268,0.00000,0.00000,0.00000,0.00000,0.00000,0.00000,46.17113,0.00000,0.00000
"1","2408",41.66011,0.00000,0.00000,0.00000,0.00000,0.00000,0.00000,46.17113,0.00000,0.00000
"1","2409",114.29087,0.00000,0.00000,0.00000,0.00000,0.00000,0.00000,0.00000,0.00000,0.00000
"1","2410",164.31928,0.00000,0.00000,0.00000,0.00000,0.00000,0.00000,0.00000,0.00000,0.00000
"1","2411",228.21939,0.00000,0.00000,0.00000,0.00000,0.00000,0.00000,0.00000,0.00000,0.00000
"1","2412",273.70808,0.00000,0.00000,0.00000,0.00000,0.00000,0.00000,0.00000,0.00000,0.00000
"1","2413",293.73226,4.73822,0.00000,0.00000,0.00000,0.00000,0.00000,0.00000,0.00000,0.00000
"1","2414",247.36084,0.00000,0.00000,0.00000,0.00000,0.00000,0.00000,0.00000,0.00000,0.00000
"1","2415",236.48562,0.00000,1.55169,0.00000,0.00000,0.00000,0.00000,0.00000,0.00000,0.00000
"1","2416",203.80724,0.00000,2.86725,0.00000,0.00000,0.00000,0.00000,0.00000,0.00000,0.00000
"1","2417",159.55992,0.00000,0.00000,0.00000,0.00000,0.00000,0.00000,0.00000,0.00000,0.00000
"1","2418",106.95107,0.00000,0.00000,0.00000,0.00000,0.00000,0.00000,0.00000,0.00000,0.00000
"1","2419",57.35273,0.00000,0.00000,0.00000,0.00000,0.00000,0.00000,46.17113,0.00000,0.00000
"1","2420",13.03468,0.00000,0.00000,0.00000,0.00000,0.00000,0.00000,46.17113,0.00000,0.00000
"1","2421",0.00000,0.00000,0.00000,0.00000,0.00000,0.00000,0.00000,46.17113,0.00000,0.00000
"1","2422",0.00000,0.00000,0.00000,0.00000,0.00000,0.00000,0.00000,46.17113,0.00000,0.00000
"1","2423",0.00000,0.00000,0.00000,0.00000,0.00000,0.00000,0.00000,46.17113,0.00000,0.00000
"1","2424",0.00000,0.00000,2.38373,0.00000,0.00000,0.00000,0.00000,46.17113,0.00000,0.00000
"1","2425",0.00000,0.00000,0.00000,0.00000,0.00000,0.00000,0.00000,46.17113,0.00000,0.00000
"1","2426",0.00000,0.00000,11.79359,0.00000,0.00000,0.00000,0.00000,46.17113,0.00000,0.00000
"1","2427",0.00000,0.00000,8.13200,0.00000,0.00000,0.00000,0.00000,46.17113,0.00000,0.00000
"1","2428",0.00000,0.00000,34.17614,0.00000,0.00000,0.00000,0.00000,46.17113,0.00000,0.00000
"1","2429",0.00000,0.00000,36.31708,0.00000,0.00000,0.00000,0.00000,46.17113,0.00000,0.00000
"1","2430",0.00000,0.00000,5.60790,0.00000,0.00000,0.00000,0.00000,46.17113,0.00000,0.00000
"1","2431",1.90013,0.00000,0.00000,0.00000,0.00000,0.00000,0.00000,46.17113,0.00000,0.00000
"1","2432",36.49351,0.00000,0.00000,0.00000,0.00000,0.00000,0.00000,46.17113,0.00000,0.00000
"1","2433",25.22363,0.00000,8.87616,0.00000,0.00000,0.00000,0.00000,46.17113,0.00000,0.00000
"1","2434",44.35937,0.00000,8.81737,0.00000,0.00000,0.00000,0.00000,46.17113,0.00000,0.00000
"1","2435",65.22033,0.00000,37.56074,0.00000,0.00000,0.00000,0.00000,2.81893,0.00000,0.00000
"1","2436",84.17407,0.00000,31.80211,0.00000,0.00000,0.00000,0.00000,0.00000,0.00000,0.00000
"1","2437",96.88859,0.00000,39.09633,0.00000,0.00000,0.00000,0.00000,0.00000,0.00000,0.00000
"1","2438",49.63365,0.00000,40.10754,0.00000,0.00000,0.00000,0.00000,11.85881,0.00000,0.00000
"1","2439",47.18020,0.00000,21.19689,0.00000,0.00000,0.00000,0.00000,32.22291,0.00000,0.00000
"1","2440",179.49185,0.00000,0.00000,0.00000,0.00000,0.00000,0.00000,0.00000,0.00000,0.00000
"1","2441",138.28697,0.00000,0.00000,0.00000,0.00000,0.00000,0.00000,0.00000,0.00000,0.00000
"1","2442",94.25541,0.00000,0.00000,0.00000,0.00000,0.00000,0.00000,8.14459,0.00000,0.00000
"1","2443",50.77874,0.00000,0.00000,0.00000,0.00000,0.00000,0.00000,46.17113,0.00000,0.00000
"1","2444",8.09971,0.00000,0.00000,0.00000,0.00000,0.00000,0.00000,46.17113,0.00000,0.00000
"1","2445",0.00000,0.00000,0.00000,0.00000,0.00000,0.00000,0.00000,46.17113,0.00000,0.00000
"1","2446",0.00000,0.00000,0.00000,0.00000,0.00000,0.00000,0.00000,46.17113,0.00000,0.00000
"1","2447",0.00000,0.00000,0.00000,0.00000,0.00000,0.00000,0.00000,46.17113,0.00000,0.00000
"1","2448",0.00000,0.00000,23.53217,0.00000,0.00000,0.00000,0.00000,46.17113,0.00000,0.00000
"1","2449",0.00000,0.00000,23.12892,0.00000,0.00000,0.00000,0.00000,46.17113,0.00000,0.00000
"1","2450",0.00000,0.00000,7.11341,0.00000,0.00000,0.00000,0.00000,46.17113,0.00000,0.00000
"1","2451",0.00000,0.00000,7.47931,0.00000,0.00000,0.00000,0.00000,46.17113,0.00000,0.00000
"1","2452",0.00000,0.00000,28.47701,0.00000,0.00000,0.00000,0.00000,46.17113,0.00000,0.00000
"1","2453",0.00000,0.00000,41.42852,0.00000,0.00000,0.00000,0.00000,42.27148,0.00000,0.00000
"1","2454",0.00000,0.00000,63.83984,0.00000,0.00000,0.00000,0.00000,28.16016,0.00000,0.00000
"1","2455",0.36793,0.00000,39.42365,0.00000,0.00000,0.00000,0.00000,46.17113,0.00000,0.00000
"1","2456",10.97545,0.00000,10.71953,0.00000,0.00000,0.00000,0.00000,46.17113,0.00000,0.00000
"1","2457",28.18650,0.00000,0.00000,0.00000,0.00000,0.00000,0.00000,46.17113,0.00000,0.00000
"1","2458",22.47116,0.00000,94.91184,0.00000,0.00000,0.00000,0.00000,0.00000,0.00000,0.00000
"1","2459",32.65250,0.00000,104.64854,0.00000,0.00000,0.00000,0.00000,0.00000,0.00000,0.00000
"1","2460",41.34744,0.00000,104.31421,0.00000,0.00000,0.00000,0.00000,0.00000,0.00000,0.00000
"1","2461",73.17066,0.00000,30.37765,0.00000,0.00000,0.00000,0.00000,0.00000,0.00000,0.00000
"1","2462",171.59668,0.00000,0.00000,0.00000,0.00000,0.00000,0.00000,0.00000,0.00000,0.00000
"1","2463",187.48329,0.00000,5.91260,0.00000,0.00000,0.00000,0.00000,0.00000,0.00000,0.00000
"1","2464",164.78322,0.00000,0.00000,0.00000,0.00000,0.00000,0.00000,0.00000,0.00000,0.00000
"1","2465",130.46146,0.00000,0.00000,0.00000,0.00000,0.00000,0.00000,0.00000,0.00000,0.00000
"1","2466",87.41583,0.00000,0.00000,0.00000,0.00000,0.00000,0.00000,13.18417,0.00000,0.00000
"1","2467",49.08796,0.00000,0.00000,0.00000,0.00000,0.00000,0.00000,46.17113,0.00000,0.00000
"1","2468",13.31067,0.00000,4.58752,0.00000,0.00000,0.00000,0.00000,46.17113,0.00000,0.00000
"1","2469",0.00000,0.00000,14.98337,0.00000,0.00000,0.00000,0.00000,46.17113,0.00000,0.00000
"1","2470",0.00000,0.00000,20.02374,0.00000,0.00000,0.00000,0.00000,46.17113,0.00000,0.00000
"1","2471",0.00000,0.00000,32.55099,0.00000,0.00000,0.00000,0.00000,46.17113,0.00000,0.00000
"1","2472",0.00000,0.00000,6.60102,0.00000,0.00000,0.00000,0.00000,46.17113,0.00000,0.00000
"1","2473",0.00000,0.00000,3.39706,0.00000,0.00000,0.00000,0.00000,46.17113,0.00000,0.00000
"1","2474",0.00000,0.00000,12.60952,0.00000,0.00000,0.00000,0.00000,46.17113,0.00000,0.00000
"1","2475",0.00000,0.00000,108.40090,0.00000,0.00000,0.00000,0.00000,0.00000,0.00000,0.00000
"1","2476",0.00000,0.00000,102.81345,0.00000,0.00000,0.00000,0.00000,0.00000,0.00000,0.00000
"1","2477",0.00000,0.00000,42.83766,0.00000,0.00000,0.00000,0.00000,41.16234,0.00000,0.00000
"1","2478",0.00000,0.00000,6.02641,0.00000,0.00000,0.00000,0.00000,46.17113,0.00000,0.00000
"1","2479",3.69540,0.00000,0.00000,0.00000,0.00000,0.00000,0.00000,46.17113,0.00000,0.00000
"1","2480",56.56128,0.00000,0.00000,0.00000,0.00000,0.00000,0.00000,45.43872,0.00000,0.00000
"1","2481",29.77656,0.00000,0.00000,0.00000,0.00000,0.00000,0.00000,46.17113,0.00000,0.00000
"1","2482",51.54988,0.00000,0.00000,0.00000,0.00000,0.00000,0.00000,46.17113,0.00000,0.00000
"1","2483",73.71200,0.00000,0.00000,0.00000,0.00000,0.00000,0.00000,29.18800,0.00000,0.00000
"1","2484",91.68851,0.00000,0.00000,0.00000,0.00000,0.00000,0.00000,10.21149,0.00000,0.00000
"1","2485",103.59175,0.00000,0.00000,0.00000,0.00000,0.00000,0.00000,0.00000,0.00000,0.00000
"1","2486",91.79301,0.00000,0.00000,0.00000,0.00000,0.00000,0.00000,9.70699,0.00000,0.00000
"1","2487",103.60965,0.00000,0.00000,0.00000,0.00000,0.00000,0.00000,0.00000,0.00000,0.00000
"1","2488",90.35862,0.00000,0.00000,0.00000,0.00000,0.00000,0.00000,10.44138,0.00000,0.00000
"1","2489",71.28636,0.00000,0.00000,0.00000,0.00000,0.00000,0.00000,29.61364,0.00000,0.00000
"1","2490",49.26502,0.00000,0.00000,0.00000,0.00000,0.00000,0.00000,46.17113,0.00000,0.00000
"1","2491",26.99327,0.00000,0.00000,0.00000,0.00000,0.00000,0.00000,46.17113,0.00000,0.00000
"1","2492",17.99050,0.00000,0.00000,0.00000,0.00000,0.00000,0.00000,46.17113,0.00000,0.00000
"1","2493",0.00000,0.00000,0.00000,0.00000,0.00000,0.00000,0.00000,46.17113,0.00000,0.00000
"1","2494",0.00000,0.00000,0.00000,0.00000,0.00000,0.00000,0.00000,46.17113,0.00000,0.00000
"1","2495",0.00000,0.00000,0.00000,0.00000,0.00000,0.00000,0.00000,46.17113,0.00000,0.00000
"1","2496",0.00000,0.00000,0.00000,0.00000,0.00000,0.00000,0.00000,46.17113,0.00000,0.00000
"1","2497",0.00000,0.00000,7.86857,0.00000,0.00000,0.00000,0.00000,46.17113,0.00000,0.00000
"1","2498",0.00000,0.00000,0.00000,0.00000,0.00000,0.00000,0.00000,46.17113,0.00000,0.00000
"1","2499",0.00000,0.00000,0.00000,0.00000,0.00000,0.00000,0.00000,46.17113,0.00000,0.00000
"1","2500",0.00000,0.00000,0.00000,0.00000,0.00000,0.00000,0.00000,46.17113,0.00000,0.00000
"1","2501",0.00000,0.00000,2.70660,0.00000,0.00000,0.00000,0.00000,46.17113,0.00000,0.00000
"1","2502",0.00000,0.00000,2.42001,0.00000,0.00000,0.00000,0.00000,46.17113,0.00000,0.00000
"1","2503",1.12854,0.00000,26.73447,0.00000,0.00000,0.00000,0.00000,46.17113,0.00000,0.00000
"1","2504",14.03420,0.00000,66.86853,0.00000,0.00000,0.00000,0.00000,11.59727,0.00000,0.00000
"1","2505",34.24580,0.00000,103.28880,0.00000,0.00000,0.00000,0.00000,0.00000,0.00000,0.00000
"1","2506",12.69304,0.00000,61.65165,0.00000,0.00000,0.00000,0.00000,23.75531,0.00000,0.00000
"1","2507",19.06060,0.00000,8.77932,0.00000,0.00000,0.00000,0.00000,46.17113,0.00000,0.00000
"1","2508",206.53766,0.00000,0.00000,0.00000,0.00000,0.00000,0.00000,0.00000,0.00000,0.00000
"1","2509",234.52392,0.00000,0.00000,0.00000,0.00000,0.00000,0.00000,0.00000,0.00000,0.00000
"1","2510",121.25672,0.00000,8.58585,0.00000,0.00000,0.00000,0.00000,0.00000,0.00000,0.00000
"1","2511",107.24375,0.00000,23.35557,0.00000,0.00000,0.00000,0.00000,0.00000,0.00000,0.00000
"1","2512",92.95455,0.00000,0.00000,0.00000,0.00000,0.00000,0.00000,0.00000,0.00000,0.00000
"1","2513",72.34969,0.00000,3.04403,0.00000,0.00000,0.00000,0.00000,18.00628,0.00000,0.00000
"1","2514",49.04151,0.00000,28.06301,0.00000,0.00000,0.00000,0.00000,16.29547,0.00000,0.00000
"1","2515",47.11044,0.00000,7.32447,0.00000,0.00000,0.00000,0.00000,38.56509,0.00000,0.00000
"1","2516",16.28520,0.00000,0.00000,0.00000,0.00000,0.00000,0.00000,46.17113,0.00000,0.00000
"1","2517",0.00000,0.00000,0.00000,0.00000,0.00000,0.00000,0.00000,46.17113,0.00000,0.00000
"1","2518",0.00000,0.00000,0.00000,0.00000,0.00000,0.00000,0.00000,46.17113,0.00000,0.00000
"1","2519",0.00000,0.00000,5.77321,0.00000,0.00000,0.00000,0.00000,46.17113,0.00000,0.00000
"1","2520",0.00000,0.00000,24.21307,0.00000,0.00000,0.00000,0.00000,46.17113,0.00000,0.00000
"1","2521",0.00000,0.00000,10.21233,0.00000,0.00000,0.00000,0.00000,46.17113,0.00000,0.00000
"1","2522",0.00000,0.00000,7.91788,0.00000,0.00000,0.00000,0.00000,46.17113,0.00000,0.00000
"1","2523",0.00000,0.00000,0.00000,0.00000,0.00000,0.00000,0.00000,46.17113,0.00000,0.00000
"1","2524",0.00000,0.00000,33.72508,0.00000,0.00000,0.00000,0.00000,44.17492,0.00000,0.00000
"1","2525",0.00000,0.00000,13.72898,0.00000,0.00000,0.00000,0.00000,46.17113,0.00000,0.00000
"1","2526",0.00000,0.00000,0.00000,0.00000,0.00000,0.00000,0.00000,46.17113,0.00000,0.00000
"1","2527",2.96565,0.00000,0.00000,0.00000,0.00000,0.00000,0.00000,46.17113,0.00000,0.00000
"1","2528",24.46401,0.00000,0.00000,0.00000,0.00000,0.00000,0.00000,46.17113,0.00000,0.00000
"1","2529",40.99221,0.00000,0.00000,0.00000,0.00000,0.00000,0.00000,46.17113,0.00000,0.00000
"1","2530",70.59360,0.00000,22.60837,0.00000,0.00000,0.00000,0.00000,2.09803,0.00000,0.00000
"1","2531",100.29677,0.00000,23.04029,0.00000,0.00000,0.00000,0.00000,0.00000,0.00000,0.00000
"1","2532",125.69872,0.00000,0.00000,0.00000,0.00000,0.00000,0.00000,0.00000,0.00000,0.00000
"1","2533",147.85262,0.00000,0.00000,0.00000,0.00000,0.00000,0.00000,0.00000,0.00000,0.00000
"1","2534",129.33718,0.00000,12.84552,0.00000,0.00000,0.00000,0.00000,0.00000,0.00000,0.00000
"1","2535",100.22566,0.00000,0.08224,0.00000,0.00000,0.00000,0.00000,0.00000,0.00000,0.00000
"1","2536",88.11005,0.00000,0.00000,0.00000,0.00000,0.00000,0.00000,5.18995,0.00000,0.00000
"1","2537",69.66233,0.00000,0.00000,0.00000,0.00000,0.00000,0.00000,25.13767,0.00000,0.00000
"1","2538",48.59644,0.00000,0.00000,0.00000,0.00000,0.00000,0.00000,46.17113,0.00000,0.00000
"1","2539",27.35625,0.00000,0.00000,0.00000,0.00000,0.00000,0.00000,46.17113,0.00000,0.00000
"1","2540",19.18145,0.00000,0.00000,0.00000,0.00000,0.00000,0.00000,46.17113,0.00000,0.00000
"1","2541",0.00000,0.00000,7.85608,0.00000,0.00000,0.00000,0.00000,46.17113,0.00000,0.00000
"1","2542",0.00000,0.00000,19.95464,0.00000,0.00000,0.00000,0.00000,46.17113,0.00000,0.00000
"1","2543",0.00000,0.00000,16.63869,0.00000,0.00000,0.00000,0.00000,46.17113,0.00000,0.00000
"1","2544",0.00000,0.00000,0.00000,0.00000,0.00000,0.00000,0.00000,46.17113,0.00000,0.00000
"1","2545",0.00000,0.00000,0.00000,0.00000,0.00000,0.00000,0.00000,46.17113,0.00000,0.00000
"1","2546",0.00000,0.00000,0.00000,0.00000,0.00000,0.00000,0.00000,46.17113,0.00000,0.00000
"1","2547",0.00000,0.00000,0.00000,0.00000,0.00000,0.00000,0.00000,46.17113,0.00000,0.00000
"1","2548",0.00000,0.00000,0.00000,0.00000,0.00000,0.00000,0.00000,46.17113,0.00000,0.00000
"1","2549",0.00000,0.00000,0.00000,0.00000,0.00000,0.00000,0.00000,46.17113,0.00000,0.00000
"1","2550",0.00000,0.00000,10.74138,0.00000,0.00000,0.00000,0.00000,46.17113,0.00000,0.00000
"1","2551",7.90766,0.00000,16.78306,0.00000,0.00000,0.00000,0.00000,46.17113,0.00000,0.00000
"1","2552",45.52714,0.00000,8.32639,0.00000,0.00000,0.00000,0.00000,46.17113,0.00000,0.00000
"1","2553",13.96735,0.00000,0.00000,0.00000,0.00000,0.00000,0.00000,46.17113,0.00000,0.00000
"1","2554",23.89026,0.00000,0.00000,0.00000,0.00000,0.00000,0.00000,46.17113,0.00000,0.00000
"1","2555",33.33157,0.00000,0.00000,0.00000,0.00000,0.00000,0.00000,46.17113,0.00000,0.00000
"1","2556",41.86068,0.00000,0.00000,0.00000,0.00000,0.00000,0.00000,46.17113,0.00000,0.00000
"1","2557",47.22495,0.00000,0.00000,0.00000,0.00000,0.00000,0.00000,46.17113,0.00000,0.00000
"1","2558",42.64647,0.00000,0.00000,0.00000,0.00000,0.00000,0.00000,46.17113,0.00000,0.00000
"1","2559",41.08645,0.00000,0.00000,0.00000,0.00000,0.00000,0.00000,46.17113,0.00000,0.00000
"1","2560",55.02482,0.00000,0.00000,0.00000,0.00000,0.00000,0.00000,42.27518,0.00000,0.00000
"1","2561",69.52833,0.00000,0.00000,0.00000,0.00000,0.00000,0.00000,28.67167,0.00000,0.00000
"1","2562",48.97137,0.00000,0.00000,0.00000,0.00000,0.00000,0.00000,46.17113,0.00000,0.00000
"1","2563",50.15419,0.00000,0.00000,0.00000,0.00000,0.00000,0.00000,46.17113,0.00000,0.00000
"1","2564",18.06645,0.00000,0.00000,0.00000,0.00000,0.00000,0.00000,46.17113,0.00000,0.00000
"1","2565",0.00000,0.00000,0.00000,0.00000,0.00000,0.00000,0.00000,46.17113,0.00000,0.00000
"1","2566",0.00000,0.00000,0.00000,0.00000,0.00000,0.00000,0.00000,46.17113,0.00000,0.00000
"1","2567",0.00000,0.00000,0.00000,0.00000,0.00000,0.00000,0.00000,46.17113,0.00000,0.00000
"1","2568",0.00000,0.00000,0.00000,0.00000,0.00000,0.00000,0.00000,46.17113,0.00000,0.00000
"1","2569",0.00000,0.00000,0.00000,0.00000,0.00000,0.00000,0.00000,46.17113,0.00000,0.00000
"1","2570",0.00000,0.00000,0.00000,0.00000,0.00000,0.00000,0.00000,46.17113,0.00000,0.00000
"1","2571",0.00000,0.00000,5.78453,0.00000,0.00000,0.00000,0.00000,46.17113,0.00000,0.00000
"1","2572",0.00000,0.00000,10.64005,0.00000,0.00000,0.00000,0.00000,46.17113,0.00000,0.00000
"1","2573",0.00000,0.00000,17.91671,0.00000,0.00000,0.00000,0.00000,46.17113,0.00000,0.00000
"1","2574",0.00000,0.00000,21.36079,0.00000,0.00000,0.00000,0.00000,46.17113,0.00000,0.00000
"1","2575",6.61637,0.00000,2.58988,0.00000,0.00000,0.00000,0.00000,46.17113,0.00000,0.00000
"1","2576",62.60118,0.00000,0.00000,0.00000,0.00000,0.00000,0.00000,40.29882,0.00000,0.00000
"1","2577",75.05543,0.00000,0.00000,0.00000,0.00000,0.00000,0.00000,28.24457,0.00000,0.00000
"1","2578",124.32287,0.00000,0.00000,0.00000,0.00000,0.00000,0.00000,0.00000,0.00000,0.00000
"1","2579",174.41756,0.00000,0.00000,0.00000,0.00000,0.00000,0.00000,0.00000,0.00000,0.00000
"1","2580",212.20119,0.00000,0.00000,0.00000,0.00000,0.00000,0.00000,0.00000,0.00000,0.00000
"1","2581",164.25058,0.00000,0.00000,0.00000,0.00000,0.00000,0.00000,0.00000,0.00000,0.00000
"1","2582",170.67799,0.00000,12.12605,0.00000,0.00000,0.00000,0.00000,0.00000,0.00000,0.00000
"1","2583",226.18658,0.00000,18.08929,0.00000,0.00000,0.00000,0.00000,0.00000,0.00000,0.00000
"1","2584",198.84277,0.00000,9.61894,0.00000,0.00000,0.00000,0.00000,0.00000,0.00000,0.00000
"1","2585",158.54158,0.00000,1.00392,0.00000,0.00000,0.00000,0.00000,0.00000,0.00000,0.00000
"1","2586",111.91796,0.00000,0.00000,0.00000,0.00000,0.00000,0.00000,0.00000,0.00000,0.00000
"1","2587",64.10814,0.00000,4.00977,0.00000,0.00000,0.00000,0.00000,28.58209,0.00000,0.00000
"1","2588",16.45089,0.00000,0.00000,0.00000,0.00000,0.00000,0.00000,46.17113,0.00000,0.00000
"1","2589",3.80769,0.00000,3.40139,0.00000,0.00000,0.00000,0.00000,46.17113,0.00000,0.00000
"1","2590",0.00000,0.00000,3.68264,0.00000,0.00000,0.00000,0.00000,46.17113,0.00000,0.00000
"1","2591",0.00000,0.00000,1.65280,0.00000,0.00000,0.00000,0.00000,46.17113,0.00000,0.00000
"1","2592",0.00000,0.00000,4.59374,0.00000,0.00000,0.00000,0.00000,46.17113,0.00000,0.00000
"1","2593",0.00000,0.00000,1.50359,0.00000,0.00000,0.00000,0.00000,46.17113,0.00000,0.00000
"1","2594",0.00000,0.00000,0.00000,0.00000,0.00000,0.00000,0.00000,46.17113,0.00000,0.00000
"1","2595",0.00000,0.00000,0.00000,0.00000,0.00000,0.00000,0.00000,46.17113,0.00000,0.00000
"1","2596",0.00000,0.00000,0.00000,0.00000,0.00000,0.00000,0.00000,46.17113,0.00000,0.00000
"1","2597",0.00000,0.00000,0.00000,0.00000,0.00000,0.00000,0.00000,46.17113,0.00000,0.00000
"1","2598",0.00000,0.00000,0.00000,0.00000,0.00000,0.00000,0.00000,46.17113,0.00000,0.00000
"1","2599",10.35980,0.00000,0.00000,0.00000,0.00000,0.00000,0.00000,46.17113,0.00000,0.00000
"1","2600",47.56775,0.00000,0.00000,0.00000,0.00000,0.00000,0.00000,46.17113,0.00000,0.00000
"1","2601",19.30007,0.00000,0.00000,0.00000,0.00000,0.00000,0.00000,46.17113,0.00000,0.00000
"1","2602",32.20936,0.00000,0.00000,0.00000,0.00000,0.00000,0.00000,46.17113,0.00000,0.00000
"1","2603",45.35807,0.00000,0.00000,0.00000,0.00000,0.00000,0.00000,46.17113,0.00000,0.00000
"1","2604",56.66336,0.00000,0.00000,0.00000,0.00000,0.00000,0.00000,42.33664,0.00000,0.00000
"1","2605",63.91124,0.00000,0.00000,0.00000,0.00000,0.00000,0.00000,34.08876,0.00000,0.00000
"1","2606",66.12063,0.00000,0.68570,0.00000,0.00000,0.00000,0.00000,30.09367,0.00000,0.00000
"1","2607",90.61696,0.00000,4.19097,0.00000,0.00000,0.00000,0.00000,0.79208,0.00000,0.00000
"1","2608",122.48985,0.00000,20.17774,0.00000,0.00000,0.00000,0.00000,0.00000,0.00000,0.00000
"1","2609",97.92386,0.00000,24.04898,0.00000,0.00000,0.00000,0.00000,0.00000,0.00000,0.00000
"1","2610",68.59320,0.00000,28.95180,0.00000,0.00000,0.00000,0.00000,0.00000,0.00000,0.00000
"1","2611",39.64195,0.00000,32.98628,0.00000,0.00000,0.00000,0.00000,22.17177,0.00000,0.00000
"1","2612",11.76932,0.00000,42.21859,0.00000,0.00000,0.00000,0.00000,39.81209,0.00000,0.00000
"1","2613",0.97970,0.00000,23.59259,0.00000,0.00000,0.00000,0.00000,46.17113,0.00000,0.00000
"1","2614",0.00000,0.00000,0.00000,0.00000,0.00000,0.00000,0.00000,46.17113,0.00000,0.00000
"1","2615",0.00000,0.00000,0.00000,0.00000,0.00000,0.00000,0.00000,46.17113,0.00000,0.00000
"1","2616",0.00000,0.00000,12.37138,0.00000,0.00000,0.00000,0.00000,46.17113,0.00000,0.00000
"1","2617",0.00000,0.00000,20.80513,0.00000,0.00000,0.00000,0.00000,46.17113,0.00000,0.00000
"1","2618",0.00000,0.00000,6.78815,0.00000,0.00000,0.00000,0.00000,46.17113,0.00000,0.00000
"1","2619",0.00000,0.00000,4.75695,0.00000,0.00000,0.00000,0.00000,46.17113,0.00000,0.00000
"1","2620",0.00000,0.00000,4.59258,0.00000,0.00000,0.00000,0.00000,46.17113,0.00000,0.00000
"1","2621",0.00000,0.00000,0.00000,0.00000,0.00000,0.00000,0.00000,46.17113,0.00000,0.00000
"1","2622",0.00000,0.00000,0.00000,0.00000,0.00000,0.00000,0.00000,46.17113,0.00000,0.00000
"1","2623",7.74898,0.00000,0.00000,0.00000,0.00000,0.00000,0.00000,46.17113,0.00000,0.00000
"1","2624",32.50756,0.00000,0.00000,0.00000,0.00000,0.00000,0.00000,46.17113,0.00000,0.00000
"1","2625",64.74285,0.00000,0.00000,0.00000,0.00000,0.00000,0.00000,34.65715,0.00000,0.00000
"1","2626",106.59211,0.00000,0.00000,0.00000,0.00000,0.00000,0.00000,0.00000,0.00000,0.00000
"1","2627",148.40557,0.00000,0.00000,0.00000,0.00000,0.00000,0.00000,0.00000,0.00000,0.00000
"1","2628",189.07346,0.00000,0.00000,0.00000,0.00000,0.00000,0.00000,0.00000,0.00000,0.00000
"1","2629",107.30277,0.00000,0.00000,0.00000,0.00000,0.00000,0.00000,0.00000,0.00000,0.00000
"1","2630",111.07765,0.00000,0.00000,0.00000,0.00000,0.00000,0.00000,0.00000,0.00000,0.00000
"1","2631",141.84706,0.00000,0.00000,0.00000,0.00000,0.00000,0.00000,0.00000,0.00000,0.00000
"1","2632",123.43079,0.00000,0.00000,0.00000,0.00000,0.00000,0.00000,0.00000,0.00000,0.00000
"1","2633",78.76742,0.00000,0.00000,0.00000,0.00000,0.00000,0.00000,15.33258,0.00000,0.00000
"1","2634",55.82643,0.00000,0.00000,0.00000,0.00000,0.00000,0.00000,37.57357,0.00000,0.00000
"1","2635",32.63856,0.00000,0.00000,0.00000,0.00000,0.00000,0.00000,46.17113,0.00000,0.00000
"1","2636",20.51584,0.00000,0.00000,0.00000,0.00000,0.00000,0.00000,46.17113,0.00000,0.00000
"1","2637",3.33974,0.00000,0.00000,0.00000,0.00000,0.00000,0.00000,46.17113,0.00000,0.00000
"1","2638",0.00000,0.00000,0.00000,0.00000,0.00000,0.00000,0.00000,46.17113,0.00000,0.00000
"1","2639",0.00000,0.00000,0.00000,0.00000,0.00000,0.00000,0.00000,46.17113,0.00000,0.00000
"1","2640",0.00000,0.00000,0.00000,0.00000,0.00000,0.00000,0.00000,46.17113,0.00000,0.00000
"1","2641",0.00000,0.00000,0.74290,0.00000,0.00000,0.00000,0.00000,46.17113,0.00000,0.00000
"1","2642",0.00000,0.00000,0.00000,0.00000,0.00000,0.00000,0.00000,46.17113,0.00000,0.00000
"1","2643",0.00000,0.00000,0.00000,0.00000,0.00000,0.00000,0.00000,46.17113,0.00000,0.00000
"1","2644",0.00000,0.00000,0.00000,0.00000,0.00000,0.00000,0.00000,46.17113,0.00000,0.00000
"1","2645",0.00000,0.00000,0.00000,0.00000,0.00000,0.00000,0.00000,46.17113,0.00000,0.00000
"1","2646",0.00000,0.00000,0.00000,0.00000,0.00000,0.00000,0.00000,46.17113,0.00000,0.00000
"1","2647",11.77944,0.00000,0.00000,0.00000,0.00000,0.00000,0.00000,46.17113,0.00000,0.00000
"1","2648",47.38019,0.00000,0.00000,0.00000,0.00000,0.00000,0.00000,46.17113,0.00000,0.00000
"1","2649",39.74330,0.00000,0.00000,0.00000,0.00000,0.00000,0.00000,46.17113,0.00000,0.00000
"1","2650",65.56913,0.00000,0.00000,0.00000,0.00000,0.00000,0.00000,33.23087,0.00000,0.00000
"1","2651",91.92653,0.00000,0.00000,0.00000,0.00000,0.00000,0.00000,6.57347,0.00000,0.00000
"1","2652",115.05572,0.00000,0.00000,0.00000,0.00000,0.00000,0.00000,0.00000,0.00000,0.00000
"1","2653",135.78829,0.00000,0.00000,0.00000,0.00000,0.00000,0.00000,0.00000,0.00000,0.00000
"1","2654",263.74671,0.00000,0.00000,0.00000,0.00000,0.00000,0.00000,0.00000,0.00000,0.00000
"1","2655",183.33881,0.00000,0.00000,0.00000,0.00000,0.00000,0.00000,0.00000,0.00000,0.00000
"1","2656",167.33222,0.00000,0.00000,0.00000,0.00000,0.00000,0.00000,0.00000,0.00000,0.00000
"1","2657",133.90399,0.00000,0.00000,0.00000,0.00000,0.00000,0.00000,0.00000,0.00000,0.00000
"1","2658",92.31597,0.00000,0.00000,0.00000,0.00000,0.00000,0.00000,0.00000,0.00000,0.00000
"1","2659",54.36543,0.00000,0.00000,0.00000,0.00000,0.00000,0.00000,36.23457,0.00000,0.00000
"1","2660",23.51267,0.00000,0.00000,0.00000,0.00000,0.00000,0.00000,46.17113,0.00000,0.00000
"1","2661",3.32692,0.00000,0.00000,0.00000,0.00000,0.00000,0.00000,46.17113,0.00000,0.00000
"1","2662",0.00000,0.00000,0.00000,0.00000,0.00000,0.00000,0.00000,46.17113,0.00000,0.00000
"1","2663",0.00000,0.00000,14.79940,0.00000,0.00000,0.00000,0.00000,46.17113,0.00000,0.00000
"1","2664",0.00000,0.00000,15.68388,0.00000,0.00000,0.00000,0.00000,46.17113,0.00000,0.00000
"1","2665",0.00000,0.00000,3.88353,0.00000,0.00000,0.00000,0.00000,46.17113,0.00000,0.00000
"1","2666",0.00000,0.00000,0.00000,0.00000,0.00000,0.00000,0.00000,46.17113,0.00000,0.00000
"1","2667",0.00000,0.00000,0.00000,0.00000,0.00000,0.00000,0.00000,46.17113,0.00000,0.00000
"1","2668",0.00000,0.00000,0.00000,0.00000,0.00000,0.00000,0.00000,46.17113,0.00000,0.00000
"1","2669",0.00000,0.00000,0.00000,0.00000,0.00000,0.00000,0.00000,46.17113,0.00000,0.00000
"1","2670",0.00000,0.00000,0.00000,0.00000,0.00000,0.00000,0.00000,46.17113,0.00000,0.00000
"1","2671",6.28111,0.00000,0.00000,0.00000,0.00000,0.00000,0.00000,46.17113,0.00000,0.00000
"1","2672",25.92520,0.00000,0.00000,0.00000,0.00000,0.00000,0.00000,46.17113,0.00000,0.00000
"1","2673",42.86702,0.00000,0.00000,0.00000,0.00000,0.00000,0.00000,46.17113,0.00000,0.00000
"1","2674",69.59364,0.00000,0.00000,0.00000,0.00000,0.00000,0.00000,24.60636,0.00000,0.00000
"1","2675",96.39369,0.00000,0.00000,0.00000,0.00000,0.00000,0.00000,0.00000,0.00000,0.00000
"1","2676",118.68498,0.00000,0.00000,0.00000,0.00000,0.00000,0.00000,0.00000,0.00000,0.00000
"1","2677",180.60114,0.00000,0.00000,0.00000,0.00000,0.00000,0.00000,0.00000,0.00000,0.00000
"1","2678",183.84726,0.00000,0.00000,0.00000,0.00000,0.00000,0.00000,0.00000,0.00000,0.00000
"1","2679",175.40397,0.00000,0.00000,0.00000,0.00000,0.00000,0.00000,0.00000,0.00000,0.00000
"1","2680",154.15956,0.00000,0.00000,0.00000,0.00000,0.00000,0.00000,0.00000,0.00000,0.00000
"1","2681",120.02890,0.00000,0.00000,0.00000,0.00000,0.00000,0.00000,0.00000,0.00000,0.00000
"1","2682",51.02014,0.00000,0.00000,0.00000,0.00000,0.00000,0.00000,41.77986,0.00000,0.00000
"1","2683",50.51896,0.00000,0.00000,0.00000,0.00000,0.00000,0.00000,41.58104,0.00000,0.00000
"1","2684",21.84332,0.00000,0.00000,0.00000,0.00000,0.00000,0.00000,46.17113,0.00000,0.00000
"1","2685",3.06706,0.00000,29.31891,0.00000,0.00000,0.00000,0.00000,46.17113,0.00000,0.00000
"1","2686",0.00000,0.00000,0.00000,0.00000,0.00000,0.00000,0.00000,46.17113,0.00000,0.00000
"1","2687",0.00000,0.00000,0.00000,0.00000,0.00000,0.00000,0.00000,46.17113,0.00000,0.00000
"1","2688",0.00000,0.00000,0.00000,0.00000,0.00000,0.00000,0.00000,46.17113,0.00000,0.00000
"1","2689",0.00000,0.00000,0.00000,0.00000,0.00000,0.00000,0.00000,46.17113,0.00000,0.00000
"1","2690",0.00000,0.00000,0.00000,0.00000,0.00000,0.00000,0.00000,46.17113,0.00000,0.00000
"1","2691",0.00000,0.00000,1.03522,0.00000,0.00000,0.00000,0.00000,46.17113,0.00000,0.00000
"1","2692",0.00000,0.00000,2.10897,0.00000,0.00000,0.00000,0.00000,46.17113,0.00000,0.00000
"1","2693",0.00000,0.00000,7.35215,0.00000,0.00000,0.00000,0.00000,46.17113,0.00000,0.00000
"1","2694",0.00000,0.00000,4.24991,0.00000,0.00000,0.00000,0.00000,46.17113,0.00000,0.00000
"1","2695",5.89787,0.00000,0.00000,0.00000,0.00000,0.00000,0.00000,46.17113,0.00000,0.00000
"1","2696",24.17800,0.00000,0.00000,0.00000,0.00000,0.00000,0.00000,46.17113,0.00000,0.00000
"1","2697",51.61567,0.00000,0.00000,0.00000,0.00000,0.00000,0.00000,40.58433,0.00000,0.00000
"1","2698",82.91191,0.00000,0.00000,0.00000,0.00000,0.00000,0.00000,10.48809,0.00000,0.00000
"1","2699",114.19702,0.00000,0.00000,0.00000,0.00000,0.00000,0.00000,0.00000,0.00000,0.00000
"1","2700",140.26077,0.00000,0.00000,0.00000,0.00000,0.00000,0.00000,0.00000,0.00000,0.00000
"1","2701",163.15726,0.00000,0.00000,0.00000,0.00000,0.00000,0.00000,0.00000,0.00000,0.00000
"1","2702",137.96527,0.00000,0.00000,0.00000,0.00000,0.00000,0.00000,0.00000,0.00000,0.00000
"1","2703",137.88448,0.00000,0.00000,0.00000,0.00000,0.00000,0.00000,0.00000,0.00000,0.00000
"1","2704",121.62487,0.00000,0.00000,0.00000,0.00000,0.00000,0.00000,0.00000,0.00000,0.00000
"1","2705",97.77583,0.00000,0.00000,0.00000,0.00000,0.00000,0.00000,0.00000,0.00000,0.00000
"1","2706",69.63186,0.00000,0.00000,0.00000,0.00000,0.00000,0.00000,25.26814,0.00000,0.00000
"1","2707",41.61763,0.00000,0.00000,0.00000,0.00000,0.00000,0.00000,46.17113,0.00000,0.00000
"1","2708",18.48516,0.00000,0.00000,0.00000,0.00000,0.00000,0.00000,46.17113,0.00000,0.00000
"1","2709",2.53458,0.00000,0.00000,0.00000,0.00000,0.00000,0.00000,46.17113,0.00000,0.00000
"1","2710",0.00000,0.00000,0.00000,0.00000,0.00000,0.00000,0.00000,46.17113,0.00000,0.00000
"1","2711",0.00000,0.00000,8.05954,0.00000,0.00000,0.00000,0.00000,46.17113,0.00000,0.00000
"1","2712",0.00000,0.00000,31.47469,0.00000,0.00000,0.00000,0.00000,46.17113,0.00000,0.00000
"1","2713",0.00000,0.00000,37.55887,0.00000,0.00000,0.00000,0.00000,40.54113,0.00000,0.00000
"1","2714",0.00000,0.00000,30.07881,0.00000,0.00000,0.00000,0.00000,46.17113,0.00000,0.00000
"1","2715",0.00000,0.00000,13.12783,0.00000,0.00000,0.00000,0.00000,46.17113,0.00000,0.00000
"1","2716",0.00000,0.00000,0.00000,0.00000,0.00000,0.00000,0.00000,46.17113,0.00000,0.00000
"1","2717",0.00000,0.00000,0.00000,0.00000,0.00000,0.00000,0.00000,46.17113,0.00000,0.00000
"1","2718",0.00000,0.00000,0.00000,0.00000,0.00000,0.00000,0.00000,46.17113,0.00000,0.00000
"1","2719",5.50258,0.00000,0.00000,0.00000,0.00000,0.00000,0.00000,46.17113,0.00000,0.00000
"1","2720",21.55073,0.00000,0.00000,0.00000,0.00000,0.00000,0.00000,46.17113,0.00000,0.00000
"1","2721",39.70857,0.00000,0.00000,0.00000,0.00000,0.00000,0.00000,46.17113,0.00000,0.00000
"1","2722",63.46811,0.00000,0.54911,0.00000,0.00000,0.00000,0.00000,35.68278,0.00000,0.00000
"1","2723",87.63256,0.00000,0.00000,0.00000,0.00000,0.00000,0.00000,12.16744,0.00000,0.00000
"1","2724",107.64673,0.00000,0.00000,0.00000,0.00000,0.00000,0.00000,0.00000,0.00000,0.00000
"1","2725",120.62636,0.00000,0.00000,0.00000,0.00000,0.00000,0.00000,0.00000,0.00000,0.00000
"1","2726",124.51928,0.00000,0.00000,0.00000,0.00000,0.00000,0.00000,0.00000,0.00000,0.00000
"1","2727",176.49730,0.00000,0.00000,0.00000,0.00000,0.00000,0.00000,0.00000,0.00000,0.00000
"1","2728",155.40044,0.00000,0.00000,0.00000,0.00000,0.00000,0.00000,0.00000,0.00000,0.00000
"1","2729",120.96065,0.00000,0.00000,0.00000,0.00000,0.00000,0.00000,0.00000,0.00000,0.00000
"1","2730",86.97366,0.00000,0.00000,0.00000,0.00000,0.00000,0.00000,9.12634,0.00000,0.00000
"1","2731",52.26441,0.00000,7.10333,0.00000,0.00000,0.00000,0.00000,35.53226,0.00000,0.00000
"1","2732",25.43039,0.00000,2.68105,0.00000,0.00000,0.00000,0.00000,46.17113,0.00000,0.00000
"1","2733",6.74370,0.00000,20.51544,0.00000,0.00000,0.00000,0.00000,46.17113,0.00000,0.00000
"1","2734",0.00000,0.00000,31.62841,0.00000,0.00000,0.00000,0.00000,46.17113,0.00000,0.00000
"1","2735",0.00000,0.00000,12.66490,0.00000,0.00000,0.00000,0.00000,46.17113,0.00000,0.00000
"1","2736",0.00000,0.00000,10.01295,0.00000,0.00000,0.00000,0.00000,46.17113,0.00000,0.00000
"1","2737",0.00000,0.00000,0.00000,0.00000,0.00000,0.00000,0.00000,46.17113,0.00000,0.00000
"1","2738",0.00000,0.00000,0.00000,0.00000,0.00000,0.00000,0.00000,46.17113,0.00000,0.00000
"1","2739",0.00000,0.00000,0.00000,0.00000,0.00000,0.00000,0.00000,46.17113,0.00000,0.00000
"1","2740",0.00000,0.00000,0.80850,0.00000,0.00000,0.00000,0.00000,46.17113,0.00000,0.00000
"1","2741",0.00000,0.00000,22.54029,0.00000,0.00000,0.00000,0.00000,46.17113,0.00000,0.00000
"1","2742",0.00000,0.00000,54.76648,0.00000,0.00000,0.00000,0.00000,33.13352,0.00000,0.00000
"1","2743",13.56301,0.00000,48.00962,0.00000,0.00000,0.00000,0.00000,31.72737,0.00000,0.00000
"1","2744",46.46397,0.00000,33.47545,0.00000,0.00000,0.00000,0.00000,18.06058,0.00000,0.00000
"1","2745",100.57978,0.00000,3.02870,0.00000,0.00000,0.00000,0.00000,0.00000,0.00000,0.00000
"1","2746",159.29143,0.00000,0.79594,0.00000,0.00000,0.00000,0.00000,0.00000,0.00000,0.00000
"1","2747",205.08452,5.41234,0.00000,0.00000,0.00000,0.00000,0.00000,0.00000,0.00000,0.00000
"1","2748",205.08452,49.45599,0.00000,0.00000,0.00000,0.00000,0.00000,0.00000,0.00000,0.00000
"1","2749",206.38452,74.00640,0.00000,0.00000,0.00000,0.00000,0.00000,0.00000,0.00000,0.00000
"1","2750",84.76185,0.00000,0.00000,0.00000,0.00000,0.00000,0.00000,0.00000,0.00000,0.00000
"1","2751",205.78452,153.66747,0.00000,0.00000,0.00000,0.00000,0.00000,0.00000,0.00000,0.00000
"1","2752",205.66006,117.26273,0.02446,0.00000,0.00000,0.00000,0.00000,0.00000,0.00000,0.00000
"1","2753",150.34182,115.29548,54.94270,0.00000,0.00000,0.00000,0.00000,0.00000,0.00000,0.00000
"1","2754",188.70192,0.00000,15.88260,108.69602,0.00000,0.00000,0.00000,0.00000,0.00000,0.00000
"1","2755",0.00000,93.24384,203.08452,71.55008,0.00000,0.00000,0.00000,0.00000,0.00000,0.00000
"1","2756",5.09176,14.86136,280.54050,0.00000,0.00000,0.00000,0.00000,0.00000,0.00000,0.00000
"1","2757",5.54370,0.00000,192.84082,87.69968,0.00000,0.00000,0.00000,0.00000,0.00000,0.00000
"1","2758",0.00000,0.00000,193.98452,84.46407,0.00000,0.00000,0.00000,0.00000,0.00000,0.00000
"1","2759",0.00000,0.00000,75.62614,0.00000,0.00000,0.00000,0.00000,0.00000,0.00000,0.00000
"1","2760",0.00000,0.00000,182.48452,98.05598,0.00000,0.00000,0.00000,0.00000,0.00000,0.00000
"1","2761",0.00000,0.00000,180.08452,100.45598,0.00000,0.00000,0.00000,0.00000,0.00000,0.00000
"1","2762",0.00000,0.00000,178.88452,94.94133,0.00000,0.00000,0.00000,0.00000,0.00000,0.00000
"1","2763",0.00000,0.00000,85.30569,0.00000,0.00000,0.00000,0.00000,0.00000,0.00000,0.00000
"1","2764",0.00000,0.00000,179.88452,2.48674,0.00000,0.00000,0.00000,0.00000,0.00000,0.00000
"1","2765",0.00000,0.00000,185.28452,54.96624,0.00000,0.00000,0.00000,0.00000,0.00000,0.00000
"1","2766",0.00000,0.00000,73.83934,0.00000,0.00000,0.00000,0.00000,0.00000,0.00000,0.00000
"1","2767",12.30880,4.18936,185.17572,0.00000,0.00000,0.00000,0.00000,0.00000,0.00000,0.00000
"1","2768",89.89614,0.00000,111.78838,133.86024,0.00000,0.00000,0.00000,0.00000,0.00000,0.00000
"1","2769",126.87138,0.00000,54.00396,0.00000,0.00000,0.00000,0.00000,0.00000,0.00000,0.00000
"1","2770",195.60197,0.00000,16.56267,0.00000,0.00000,0.00000,0.00000,0.00000,0.00000,0.00000
"1","2771",193.83258,60.98900,8.25193,0.00000,0.00000,0.00000,0.00000,0.00000,0.00000,0.00000
"1","2772",285.13226,14.46396,0.00000,0.00000,0.00000,0.00000,0.00000,0.00000,0.00000,0.00000
"1","2773",283.43226,38.99853,0.00000,0.00000,0.00000,0.00000,0.00000,0.00000,0.00000,0.00000
"1","2774",232.27360,93.28720,0.00000,0.00000,0.00000,0.00000,0.00000,0.00000,0.00000,0.00000
"1","2775",282.73226,66.81593,0.00000,0.00000,0.00000,0.00000,0.00000,0.00000,0.00000,0.00000
"1","2776",283.13226,28.41654,0.00000,0.00000,0.00000,0.00000,0.00000,0.00000,0.00000,0.00000
"1","2777",257.80743,0.00000,0.00000,0.00000,0.00000,0.00000,0.00000,0.00000,0.00000,0.00000
"1","2778",182.31999,0.00000,0.00000,0.00000,0.00000,0.00000,0.00000,0.00000,0.00000,0.00000
"1","2779",91.37697,0.00000,0.71856,0.00000,0.00000,0.00000,0.00000,0.00000,0.00000,0.00000
"1","2780",20.17880,0.00000,14.26801,0.00000,0.00000,0.00000,0.00000,0.00000,0.00000,0.00000
"1","2781",5.72971,0.00000,73.42049,0.00000,0.00000,0.00000,0.00000,0.00000,0.00000,0.00000
"1","2782",0.00000,0.00000,96.40326,0.00000,0.00000,0.00000,0.00000,0.00000,0.00000,0.00000
"1","2783",0.00000,0.00000,0.00000,0.00000,0.00000,0.00000,0.00000,0.00000,0.00000,0.00000
"1","2784",0.00000,0.00000,0.00985,0.00000,0.00000,0.00000,0.00000,0.00000,0.00000,0.00000
"1","2785",0.00000,0.00000,1.35920,0.00000,0.00000,0.00000,0.00000,0.00000,0.00000,0.00000
"1","2786",0.00000,0.00000,0.06124,0.00000,0.00000,0.00000,0.00000,0.00000,0.00000,0.00000
"1","2787",0.00000,0.00000,0.89407,0.00000,0.00000,0.00000,0.00000,0.00000,0.00000,0.00000
"1","2788",0.00000,0.00000,11.49110,0.00000,0.00000,0.00000,0.00000,0.00000,0.00000,0.00000
"1","2789",0.00000,0.00000,0.00000,0.00000,0.00000,0.00000,0.00000,0.00000,0.00000,0.00000
"1","2790",0.00000,0.00000,11.57982,0.00000,0.00000,0.00000,0.00000,0.00000,0.00000,0.00000
"1","2791",17.94082,0.00000,2.25964,0.00000,0.00000,0.00000,0.00000,0.00000,0.00000,0.00000
"1","2792",92.11472,0.00000,0.00000,0.00000,0.00000,0.00000,0.00000,0.00000,0.00000,0.00000
"1","2793",183.61698,0.00000,5.73581,0.00000,0.00000,0.00000,0.00000,0.00000,0.00000,0.00000
"1","2794",259.73091,0.00000,10.61241,0.00000,0.00000,0.00000,0.00000,0.00000,0.00000,0.00000
"1","2795",286.13226,30.54163,0.00000,9.53620,0.00000,0.00000,0.00000,0.00000,0.00000,0.00000
"1","2796",284.48399,71.38034,0.24827,0.00000,0.00000,0.00000,0.00000,0.00000,0.00000,0.00000
"1","2797",203.55774,156.67748,6.10386,0.00000,0.00000,0.00000,0.00000,0.00000,0.00000,0.00000
"1","2798",193.73021,166.50501,5.55431,0.00000,0.00000,0.00000,0.00000,0.00000,0.00000,0.00000
"1","2799",199.78452,155.34883,0.00000,0.00000,0.00000,0.00000,0.00000,0.00000,0.00000,0.00000
"1","2800",285.53226,30.64673,0.00000,0.00000,0.00000,0.00000,0.00000,0.00000,0.00000,0.00000
"1","2801",260.19291,0.00000,0.00000,0.00000,0.00000,0.00000,0.00000,0.00000,0.00000,0.00000
"1","2802",183.49265,0.00000,0.00000,0.00000,0.00000,0.00000,0.00000,0.00000,0.00000,0.00000
"1","2803",92.89843,0.00000,0.00000,0.00000,0.00000,0.00000,0.00000,0.00000,0.00000,0.00000
"1","2804",20.38150,0.00000,0.00000,0.00000,0.00000,0.00000,0.00000,0.00000,0.00000,0.00000
"1","2805",5.96966,0.00000,24.12136,0.00000,0.00000,0.00000,0.00000,0.00000,0.00000,0.00000
"1","2806",0.00000,0.00000,184.60605,0.00000,0.00000,0.00000,0.00000,0.00000,0.00000,0.00000
"1","2807",0.00000,0.00000,4.36670,0.00000,0.00000,0.00000,0.00000,0.00000,0.00000,0.00000
"1","2808",0.00000,0.00000,0.00000,0.00000,0.00000,0.00000,0.00000,0.00000,0.00000,0.00000
"1","2809",0.00000,0.00000,1.68780,0.00000,0.00000,0.00000,0.00000,0.00000,0.00000,0.00000
"1","2810",0.00000,0.00000,5.95652,0.00000,0.00000,0.00000,0.00000,0.00000,0.00000,0.00000
"1","2811",0.00000,0.00000,13.56461,0.00000,0.00000,0.00000,0.00000,0.00000,0.00000,0.00000
"1","2812",0.00000,0.00000,21.76591,0.00000,0.00000,0.00000,0.00000,0.00000,0.00000,0.00000
"1","2813",0.00000,0.00000,15.45414,0.00000,0.00000,0.00000,0.00000,0.00000,0.00000,0.00000
"1","2814",0.00000,0.00000,12.87213,0.00000,0.00000,0.00000,0.00000,0.00000,0.00000,0.00000
"1","2815",18.04502,0.00000,1.13022,0.00000,0.00000,0.00000,0.00000,0.00000,0.00000,0.00000
"1","2816",90.67356,0.00000,0.33302,0.00000,0.00000,0.00000,0.00000,0.00000,0.00000,0.00000
"1","2817",180.28717,0.00000,0.00000,0.00000,0.00000,0.00000,0.00000,0.00000,0.00000,0.00000
"1","2818",253.40558,0.00000,1.53794,0.00000,0.00000,0.00000,0.00000,0.00000,0.00000,0.00000
"1","2819",280.56129,29.07757,7.07097,0.00000,0.00000,0.00000,0.00000,0.00000,0.00000,0.00000
"1","2820",279.97041,68.95517,6.06185,0.00000,0.00000,0.00000,0.00000,0.00000,0.00000,0.00000
"1","2821",285.33226,74.90296,0.00000,0.00000,0.00000,0.00000,0.00000,0.00000,0.00000,0.00000
"1","2822",199.38452,160.85070,0.00000,0.00000,0.00000,0.00000,0.00000,0.00000,0.00000,0.00000
"1","2823",283.43226,65.13968,0.00000,0.00000,0.00000,0.00000,0.00000,0.00000,0.00000,0.00000
"1","2824",272.44903,39.49308,0.00000,0.00000,0.00000,0.00000,0.00000,0.00000,0.00000,0.00000
"1","2825",257.60086,0.00000,0.00000,0.00000,0.00000,0.00000,0.00000,0.00000,0.00000,0.00000
"1","2826",182.74474,0.00000,0.00000,0.00000,0.00000,0.00000,0.00000,0.00000,0.00000,0.00000
"1","2827",93.11468,0.00000,0.04481,0.00000,0.00000,0.00000,0.00000,0.00000,0.00000,0.00000
"1","2828",22.57894,0.00000,15.16950,0.00000,0.00000,0.00000,0.00000,0.00000,0.00000,0.00000
"1","2829",6.74878,0.00000,44.83394,0.00000,0.00000,0.00000,0.00000,0.00000,0.00000,0.00000
"1","2830",0.00000,0.00000,66.07547,0.00000,0.00000,0.00000,0.00000,0.00000,0.00000,0.00000
"1","2831",0.00000,0.00000,44.94647,0.00000,0.00000,0.00000,0.00000,0.00000,0.00000,0.00000
"1","2832",0.00000,0.00000,0.00000,0.00000,0.00000,0.00000,0.00000,0.00000,0.00000,0.00000
"1","2833",0.00000,0.00000,0.00000,0.00000,0.00000,0.00000,0.00000,0.00000,0.00000,0.00000
"1","2834",0.00000,0.00000,0.00000,0.00000,0.00000,0.00000,0.00000,0.00000,0.00000,0.00000
"1","2835",0.00000,0.00000,0.00000,0.00000,0.00000,0.00000,0.00000,0.00000,0.00000,0.00000
"1","2836",0.00000,0.00000,0.00000,0.00000,0.00000,0.00000,0.00000,0.00000,0.00000,0.00000
"1","2837",0.00000,0.00000,0.00000,0.00000,0.00000,0.00000,0.00000,0.00000,0.00000,0.00000
"1","2838",0.00000,0.00000,0.00000,0.00000,0.00000,0.00000,0.00000,0.00000,0.00000,0.00000
"1","2839",19.86594,0.00000,0.00000,0.00000,0.00000,0.00000,0.00000,0.00000,0.00000,0.00000
"1","2840",89.97257,0.00000,0.00000,0.00000,0.00000,0.00000,0.00000,0.00000,0.00000,0.00000
"1","2841",85.50154,0.00000,0.00000,0.00000,0.00000,0.00000,0.00000,0.00000,0.00000,0.00000
"1","2842",135.82796,0.00000,0.00000,0.00000,0.00000,0.00000,0.00000,0.00000,0.00000,0.00000
"1","2843",181.04137,0.00000,0.00000,0.00000,0.00000,0.00000,0.00000,0.00000,0.00000,0.00000
"1","2844",220.11136,0.00000,0.00000,0.00000,0.00000,0.00000,0.00000,0.00000,0.00000,0.00000
"1","2845",278.33226,81.90296,0.00000,0.00000,0.00000,0.00000,0.00000,0.00000,0.00000,0.00000
"1","2846",277.93226,82.30296,0.00000,0.00000,0.00000,0.00000,0.00000,0.00000,0.00000,0.00000
"1","2847",277.93226,74.79190,0.00000,0.00000,0.00000,0.00000,0.00000,0.00000,0.00000,0.00000
"1","2848",278.33226,33.21896,0.00000,0.00000,0.00000,0.00000,0.00000,0.00000,0.00000,0.00000
"1","2849",254.70548,0.00000,0.00000,0.00000,0.00000,0.00000,0.00000,0.00000,0.00000,0.00000
"1","2850",181.19667,0.00000,0.00000,0.00000,0.00000,0.00000,0.00000,0.00000,0.00000,0.00000
"1","2851",94.35362,0.00000,60.14557,0.00000,0.00000,0.00000,0.00000,0.00000,0.00000,0.00000
"1","2852",38.95533,0.00000,111.47619,0.00000,0.00000,0.00000,0.00000,0.00000,0.00000,0.00000
"1","2853",7.16318,0.00000,237.65735,0.00000,0.00000,0.00000,0.00000,0.00000,0.00000,0.00000
"1","2854",0.00000,0.00000,163.05008,0.00000,0.00000,0.00000,0.00000,0.00000,0.00000,0.00000
"1","2855",0.00000,0.00000,79.32331,0.00000,0.00000,0.00000,0.00000,0.00000,0.00000,0.00000
"1","2856",0.00000,0.00000,17.84807,0.00000,0.00000,0.00000,0.00000,0.00000,0.00000,0.00000
"1","2857",0.00000,0.00000,34.86909,0.00000,0.00000,0.00000,0.00000,0.00000,0.00000,0.00000
"1","2858",0.00000,0.00000,42.19664,0.00000,0.00000,0.00000,0.00000,0.00000,0.00000,0.00000
"1","2859",0.00000,0.00000,40.84596,0.00000,0.00000,0.00000,0.00000,0.00000,0.00000,0.00000
"1","2860",0.00000,0.00000,174.89643,0.00000,0.00000,0.00000,0.00000,0.00000,0.00000,0.00000
"1","2861",0.00000,0.00000,214.22427,0.00000,0.00000,0.00000,0.00000,0.00000,0.00000,0.00000
"1","2862",0.00000,0.00000,203.49858,0.00000,0.00000,0.00000,0.00000,0.00000,0.00000,0.00000
"1","2863",20.40757,0.00000,164.54897,0.00000,0.00000,0.00000,0.00000,0.00000,0.00000,0.00000
"1","2864",90.95753,0.00000,87.10044,0.00000,0.00000,0.00000,0.00000,0.00000,0.00000,0.00000
"1","2865",84.48562,0.00000,20.55382,0.00000,0.00000,0.00000,0.00000,0.00000,0.00000,0.00000
"1","2866",132.91855,0.00000,3.04735,0.00000,0.00000,0.00000,0.00000,0.00000,0.00000,0.00000
"1","2867",176.59840,0.00000,0.00000,0.00000,0.00000,0.00000,0.00000,0.00000,0.00000,0.00000
"1","2868",211.27767,0.00000,8.04668,0.00000,0.00000,0.00000,0.00000,0.00000,0.00000,0.00000
"1","2869",237.11453,0.00000,19.45809,0.00000,0.00000,0.00000,0.00000,0.00000,0.00000,0.00000
"1","2870",41.05999,0.00000,13.45974,0.00000,0.00000,0.00000,0.00000,0.00000,0.00000,0.00000
"1","2871",52.92089,0.00000,4.42868,0.00000,0.00000,0.00000,0.00000,0.00000,0.00000,0.00000
"1","2872",47.28193,0.00000,10.85167,0.00000,0.00000,0.00000,0.00000,0.00000,0.00000,0.00000
"1","2873",38.77614,0.00000,29.03202,0.00000,0.00000,0.00000,0.00000,0.00000,0.00000,0.00000
"1","2874",27.41154,0.00000,21.23500,0.00000,0.00000,0.00000,0.00000,0.00000,0.00000,0.00000
"1","2875",17.26682,0.00000,0.00000,0.00000,0.00000,0.00000,0.00000,0.00000,0.00000,0.00000
"1","2876",24.28709,0.00000,0.00000,0.00000,0.00000,0.00000,0.00000,0.00000,0.00000,0.00000
"1","2877",6.85584,0.00000,0.00000,0.00000,0.00000,0.00000,0.00000,0.00000,0.00000,0.00000
"1","2878",0.00000,0.00000,22.42972,0.00000,0.00000,0.00000,0.00000,0.00000,0.00000,0.00000
"1","2879",0.00000,0.00000,16.50047,0.00000,0.00000,0.00000,0.00000,0.00000,0.00000,0.00000
"1","2880",0.00000,0.00000,3.91726,0.00000,0.00000,0.00000,0.00000,0.00000,0.00000,0.00000
"1","2881",0.00000,0.00000,0.00000,0.00000,0.00000,0.00000,0.00000,0.00000,0.00000,0.00000
"1","2882",0.00000,0.00000,0.00000,0.00000,0.00000,0.00000,0.00000,0.00000,0.00000,0.00000
"1","2883",0.00000,0.00000,19.90617,0.00000,0.00000,0.00000,0.00000,0.00000,0.00000,0.00000
"1","2884",0.00000,0.00000,20.27235,0.00000,0.00000,0.00000,0.00000,0.00000,0.00000,0.00000
"1","2885",0.00000,0.00000,0.20468,0.00000,0.00000,0.00000,0.00000,0.00000,0.00000,0.00000
"1","2886",0.00000,0.00000,0.00000,0.00000,0.00000,0.00000,0.00000,0.00000,0.00000,0.00000
"1","2887",20.86068,0.00000,0.00000,0.00000,0.00000,0.00000,0.00000,0.00000,0.00000,0.00000
"1","2888",57.30194,0.00000,0.00000,0.00000,0.00000,0.00000,0.00000,0.00000,0.00000,0.00000
"1","2889",114.48003,0.00000,0.00000,0.00000,0.00000,0.00000,0.00000,0.00000,0.00000,0.00000
"1","2890",171.49025,0.00000,0.00000,0.00000,0.00000,0.00000,0.00000,0.00000,0.00000,0.00000
"1","2891",43.45650,0.00000,0.00000,0.00000,0.00000,0.00000,0.00000,0.00000,0.00000,0.00000
"1","2892",52.36213,0.00000,0.00000,0.00000,0.00000,0.00000,0.00000,0.00000,0.00000,0.00000
"1","2893",57.56704,0.00000,0.00000,0.00000,0.00000,0.00000,0.00000,0.00000,0.00000,0.00000
"1","2894",94.49875,0.00000,0.00000,0.00000,0.00000,0.00000,0.00000,0.00000,0.00000,0.00000
"1","2895",173.11572,0.00000,0.00000,0.00000,0.00000,0.00000,0.00000,0.00000,0.00000,0.00000
"1","2896",152.79242,0.00000,0.00000,0.00000,0.00000,0.00000,0.00000,0.00000,0.00000,0.00000
"1","2897",120.49429,0.00000,0.63741,0.00000,0.00000,0.00000,0.00000,0.00000,0.00000,0.00000
"1","2898",88.03990,0.00000,0.00000,0.00000,0.00000,0.00000,0.00000,0.00000,0.00000,0.00000
"1","2899",55.54003,0.00000,0.00000,0.00000,0.00000,0.00000,0.00000,0.00000,0.00000,0.00000
"1","2900",41.75971,0.00000,0.00000,0.00000,0.00000,0.00000,0.00000,0.00000,0.00000,0.00000
"1","2901",9.45674,0.00000,7.84229,0.00000,0.00000,0.00000,0.00000,0.00000,0.00000,0.00000
"1","2902",0.00000,0.00000,0.50245,0.00000,0.00000,0.00000,0.00000,0.00000,0.00000,0.00000
"1","2903",0.00000,0.00000,0.00000,0.00000,0.00000,0.00000,0.00000,0.00000,0.00000,0.00000
"1","2904",0.00000,0.00000,0.00000,0.00000,0.00000,0.00000,0.00000,0.00000,0.00000,0.00000
"1","2905",0.00000,0.00000,0.00000,0.00000,0.00000,0.00000,0.00000,0.00000,0.00000,0.00000
"1","2906",0.00000,0.00000,0.00000,0.00000,0.00000,0.00000,0.00000,0.00000,0.00000,0.00000
"1","2907",0.00000,0.00000,0.00000,0.00000,0.00000,0.00000,0.00000,0.00000,0.00000,0.00000
"1","2908",0.00000,0.00000,0.00000,0.00000,0.00000,0.00000,0.00000,0.00000,0.00000,0.00000
"1","2909",0.00000,0.00000,0.00000,0.00000,0.00000,0.00000,0.00000,0.00000,0.00000,0.00000
"1","2910",1.22282,0.00000,0.00000,0.00000,0.00000,0.00000,0.00000,0.00000,0.00000,0.00000
"1","2911",23.08758,0.00000,0.00000,0.00000,0.00000,0.00000,0.00000,0.00000,0.00000,0.00000
"1","2912",99.86234,0.00000,0.00000,0.00000,0.00000,0.00000,0.00000,0.00000,0.00000,0.00000
"1","2913",191.56005,0.00000,0.00000,0.00000,0.00000,0.00000,0.00000,0.00000,0.00000,0.00000
"1","2914",198.13828,69.02822,4.84624,0.00000,0.00000,0.00000,0.00000,0.00000,0.00000,0.00000
"1","2915",193.25294,132.54781,8.93158,0.00000,0.00000,0.00000,0.00000,0.00000,0.00000,0.00000
"1","2916",277.08241,83.15281,8.64985,0.00000,0.00000,0.00000,0.00000,0.00000,0.00000,0.00000
"1","2917",200.48452,159.75070,0.00000,8.33615,0.00000,0.00000,0.00000,0.00000,0.00000,0.00000
"1","2918",199.88452,160.35070,0.00000,6.26910,0.00000,0.00000,0.00000,0.00000,0.00000,0.00000
"1","2919",196.39633,162.53947,2.88818,0.00000,0.00000,0.00000,0.00000,0.00000,0.00000,0.00000
"1","2920",199.98452,117.71400,0.00000,0.00000,0.00000,0.00000,0.00000,0.00000,0.00000,0.00000
"1","2921",201.18452,61.48967,0.00000,0.00000,0.00000,0.00000,0.00000,0.00000,0.00000,0.00000
"1","2922",188.27088,0.00000,0.00000,0.00000,0.00000,0.00000,0.00000,0.00000,0.00000,0.00000
"1","2923",99.58659,0.00000,0.00000,0.00000,0.00000,0.00000,0.00000,0.00000,0.00000,0.00000
"1","2924",25.20946,0.00000,0.00000,0.00000,0.00000,0.00000,0.00000,0.00000,0.00000,0.00000
"1","2925",6.45890,0.00000,1.21183,0.00000,0.00000,0.00000,0.00000,0.00000,0.00000,0.00000
"1","2926",0.00000,0.00000,3.94829,0.00000,0.00000,0.00000,0.00000,0.00000,0.00000,0.00000
"1","2927",0.00000,0.00000,34.61806,0.00000,0.00000,0.00000,0.00000,0.00000,0.00000,0.00000
"1","2928",0.00000,0.00000,40.21652,0.00000,0.00000,0.00000,0.00000,0.00000,0.00000,0.00000
"1","2929",0.00000,0.00000,47.41380,0.00000,0.00000,0.00000,0.00000,0.00000,0.00000,0.00000
"1","2930",0.00000,0.00000,63.75009,0.00000,0.00000,0.00000,0.00000,0.00000,0.00000,0.00000
"1","2931",0.00000,0.00000,61.37391,0.00000,0.00000,0.00000,0.00000,0.00000,0.00000,0.00000
"1","2932",0.00000,0.00000,61.47954,0.00000,0.00000,0.00000,0.00000,0.00000,0.00000,0.00000
"1","2933",0.00000,0.00000,59.86662,0.00000,0.00000,0.00000,0.00000,0.00000,0.00000,0.00000
"1","2934",2.71557,0.00000,74.53191,0.00000,0.00000,0.00000,0.00000,0.00000,0.00000,0.00000
"1","2935",29.18946,0.00000,66.92391,0.00000,0.00000,0.00000,0.00000,0.00000,0.00000,0.00000
"1","2936",86.98140,0.00000,81.00851,0.00000,0.00000,0.00000,0.00000,0.00000,0.00000,0.00000
"1","2937",102.42378,88.00860,102.06074,0.00000,0.00000,0.00000,0.00000,0.00000,0.00000,0.00000
"1","2938",91.78706,173.81056,114.29746,0.00000,0.00000,0.00000,0.00000,0.00000,0.00000,0.00000
"1","2939",207.38317,112.13144,0.00000,32.22133,0.00000,0.00000,0.00000,0.00000,0.00000,0.00000
"1","2940",291.53226,64.94066,0.00000,12.68498,0.00000,0.00000,0.00000,0.00000,0.00000,0.00000
"1","2941",131.03097,229.20425,75.85355,0.00000,0.00000,0.00000,0.00000,0.00000,0.00000,0.00000
"1","2942",168.84330,137.76085,37.54122,0.00000,0.00000,0.00000,0.00000,0.00000,0.00000,0.00000
"1","2943",290.93226,0.08473,0.00000,20.71202,0.00000,0.00000,0.00000,0.00000,0.00000,0.00000
"1","2944",207.18452,44.05376,0.00000,26.38706,0.00000,0.00000,0.00000,0.00000,0.00000,0.00000
"1","2945",220.25117,0.00000,0.44226,0.00000,0.00000,0.00000,0.00000,0.00000,0.00000,0.00000
"1","2946",158.95811,0.00000,0.00000,0.00000,0.00000,0.00000,0.00000,0.00000,0.00000,0.00000
"1","2947",93.48380,0.00000,0.00000,0.00000,0.00000,0.00000,0.00000,0.00000,0.00000,0.00000
"1","2948",22.15607,0.00000,0.00000,0.00000,0.00000,0.00000,0.00000,0.00000,0.00000,0.00000
"1","2949",5.28841,0.00000,0.00000,0.00000,0.00000,0.00000,0.00000,0.00000,0.00000,0.00000
"1","2950",0.00000,0.00000,0.00000,0.00000,0.00000,0.00000,0.00000,0.00000,0.00000,0.00000
"1","2951",0.00000,0.00000,15.21414,0.00000,0.00000,0.00000,0.00000,0.00000,0.00000,0.00000
"1","2952",0.00000,0.00000,33.88935,0.00000,0.00000,0.00000,0.00000,0.00000,0.00000,0.00000
"1","2953",0.00000,0.00000,24.67133,0.00000,0.00000,0.00000,0.00000,0.00000,0.00000,0.00000
"1","2954",0.00000,0.00000,34.77570,0.00000,0.00000,0.00000,0.00000,0.00000,0.00000,0.00000
"1","2955",0.00000,0.00000,45.98057,0.00000,0.00000,0.00000,0.00000,0.00000,0.00000,0.00000
"1","2956",0.00000,0.00000,69.30607,0.00000,0.00000,0.00000,0.00000,0.00000,0.00000,0.00000
"1","2957",0.00000,0.00000,1.65472,0.00000,0.00000,0.00000,0.00000,0.00000,0.00000,0.00000
"1","2958",3.87182,0.00000,42.05983,0.00000,0.00000,0.00000,0.00000,0.00000,0.00000,0.00000
"1","2959",29.27605,0.00000,24.31327,0.00000,0.00000,0.00000,0.00000,0.00000,0.00000,0.00000
"1","2960",90.39394,0.00000,68.78412,0.00000,0.00000,0.00000,0.00000,0.00000,0.00000,0.00000
"1","2961",84.50389,37.68554,118.08063,0.00000,0.00000,0.00000,0.00000,0.00000,0.00000,0.00000
"1","2962",185.88104,0.00000,17.80348,43.39794,0.00000,0.00000,0.00000,0.00000,0.00000,0.00000
"1","2963",167.59942,73.82649,36.08510,0.00000,0.00000,0.00000,0.00000,0.00000,0.00000,0.00000
"1","2964",113.42360,170.69818,88.46092,0.00000,0.00000,0.00000,0.00000,0.00000,0.00000,0.00000
"1","2965",201.15297,47.24604,0.00000,121.14005,0.00000,0.00000,0.00000,0.00000,0.00000,0.00000
"1","2966",252.51737,0.00000,0.00000,65.00038,0.00000,0.00000,0.00000,0.00000,0.00000,0.00000
"1","2967",141.72563,0.00000,56.65889,81.28085,0.00000,0.00000,0.00000,0.00000,0.00000,0.00000
"1","2968",41.07208,82.13183,159.61244,0.00000,0.00000,0.00000,0.00000,0.00000,0.00000,0.00000
"1","2969",98.50681,0.00000,70.81392,0.00000,0.00000,0.00000,0.00000,0.00000,0.00000,0.00000
"1","2970",69.11615,0.00000,214.31611,42.08809,0.00000,0.00000,0.00000,0.00000,0.00000,0.00000
"1","2971",28.91539,14.52176,168.86913,0.00000,0.00000,0.00000,0.00000,0.00000,0.00000,0.00000
"1","2972",27.40893,0.00000,164.21744,0.00000,0.00000,0.00000,0.00000,0.00000,0.00000,0.00000
"1","2973",5.79420,0.00000,97.81342,0.00000,0.00000,0.00000,0.00000,0.00000,0.00000,0.00000
"1","2974",0.00000,0.00000,36.68195,0.00000,0.00000,0.00000,0.00000,0.00000,0.00000,0.00000
"1","2975",0.00000,0.00000,55.87864,0.00000,0.00000,0.00000,0.00000,0.00000,0.00000,0.00000
"1","2976",0.00000,0.00000,40.50080,0.00000,0.00000,0.00000,0.00000,0.00000,0.00000,0.00000
"1","2977",0.00000,0.00000,19.64870,0.00000,0.00000,0.00000,0.00000,0.00000,0.00000,0.00000
"1","2978",0.00000,0.00000,1.86276,0.00000,0.00000,0.00000,0.00000,0.00000,0.00000,0.00000
"1","2979",0.00000,0.00000,0.00000,0.00000,0.00000,0.00000,0.00000,0.00000,0.00000,0.00000
"1","2980",0.00000,0.00000,0.00000,0.00000,0.00000,0.00000,0.00000,0.00000,0.00000,0.00000
"1","2981",0.00000,0.00000,7.46681,0.00000,0.00000,0.00000,0.00000,0.00000,0.00000,0.00000
"1","2982",4.46282,0.00000,52.17382,0.00000,0.00000,0.00000,0.00000,0.00000,0.00000,0.00000
"1","2983",30.38109,0.00000,61.93490,0.00000,0.00000,0.00000,0.00000,0.00000,0.00000,0.00000
"1","2984",83.25780,0.00000,32.24860,0.00000,0.00000,0.00000,0.00000,0.00000,0.00000,0.00000
"1","2985",193.11199,0.00000,0.00000,0.00000,0.00000,0.00000,0.00000,0.00000,0.00000,0.00000
"1","2986",265.69341,0.00000,0.00000,0.00000,0.00000,0.00000,0.00000,0.00000,0.00000,0.00000
"1","2987",276.36501,45.74648,7.76725,0.00000,0.00000,0.00000,0.00000,0.00000,0.00000,0.00000
"1","2988",282.73226,76.42608,0.00000,36.23415,0.00000,0.00000,0.00000,0.00000,0.00000,0.00000
"1","2989",281.93226,78.30296,0.00000,8.89536,0.00000,0.00000,0.00000,0.00000,0.00000,0.00000
"1","2990",142.79246,217.44276,53.79206,0.00000,0.00000,0.00000,0.00000,0.00000,0.00000,0.00000
"1","2991",280.63226,7.47726,0.00000,11.75203,0.00000,0.00000,0.00000,0.00000,0.00000,0.00000
"1","2992",196.58452,73.44253,0.00000,0.00000,0.00000,0.00000,0.00000,0.00000,0.00000,0.00000
"1","2993",221.66669,0.00000,0.00000,0.00000,0.00000,0.00000,0.00000,0.00000,0.00000,0.00000
"1","2994",161.45051,0.00000,6.09734,0.00000,0.00000,0.00000,0.00000,0.00000,0.00000,0.00000
"1","2995",95.28198,0.00000,8.76475,0.00000,0.00000,0.00000,0.00000,0.00000,0.00000,0.00000
"1","2996",42.00015,0.00000,11.49615,0.00000,0.00000,0.00000,0.00000,0.00000,0.00000,0.00000
"1","2997",7.41992,0.00000,40.15237,0.00000,0.00000,0.00000,0.00000,0.00000,0.00000,0.00000
"1","2998",0.00000,0.00000,46.83591,0.00000,0.00000,0.00000,0.00000,0.00000,0.00000,0.00000
"1","2999",0.00000,0.00000,42.18488,0.00000,0.00000,0.00000,0.00000,0.00000,0.00000,0.00000
"1","3000",0.00000,0.00000,8.67403,0.00000,0.00000,0.00000,0.00000,0.00000,0.00000,0.00000
"1","3001",0.00000,0.00000,13.48243,0.00000,0.00000,0.00000,0.00000,0.00000,0.00000,0.00000
"1","3002",0.00000,0.00000,28.65220,0.00000,0.00000,0.00000,0.00000,0.00000,0.00000,0.00000
"1","3003",0.00000,0.00000,32.79726,0.00000,0.00000,0.00000,0.00000,0.00000,0.00000,0.00000
"1","3004",0.00000,0.00000,82.34154,0.00000,0.00000,0.00000,0.00000,0.00000,0.00000,0.00000
"1","3005",0.00000,0.00000,109.86056,0.00000,0.00000,0.00000,0.00000,0.00000,0.00000,0.00000
"1","3006",2.72401,0.00000,43.85074,0.00000,0.00000,0.00000,0.00000,0.00000,0.00000,0.00000
"1","3007",27.31871,0.00000,11.60971,0.00000,0.00000,0.00000,0.00000,0.00000,0.00000,0.00000
"1","3008",103.91733,0.00000,12.42919,0.00000,0.00000,0.00000,0.00000,0.00000,0.00000,0.00000
"1","3009",191.40863,0.00000,0.00000,0.00000,0.00000,0.00000,0.00000,0.00000,0.00000,0.00000
"1","3010",195.18452,68.32756,0.00000,0.00000,0.00000,0.00000,0.00000,0.00000,0.00000,0.00000
"1","3011",280.83226,37.47823,0.00000,0.00000,0.00000,0.00000,0.00000,0.00000,0.00000,0.00000
"1","3012",196.28452,159.51208,0.00000,0.00000,0.00000,0.00000,0.00000,0.00000,0.00000,0.00000
"1","3013",279.63226,80.60296,0.00000,15.14960,0.00000,0.00000,0.00000,0.00000,0.00000,0.00000
"1","3014",148.47426,211.76097,52.76917,0.00000,0.00000,0.00000,0.00000,0.00000,0.00000,0.00000
"1","3015",90.43150,262.80981,103.65302,0.00000,0.00000,0.00000,0.00000,0.00000,0.00000,0.00000
"1","3016",124.07118,191.59743,70.21334,0.00000,0.00000,0.00000,0.00000,0.00000,0.00000,0.00000
"1","3017",195.18452,67.19698,0.00000,60.01016,0.00000,0.00000,0.00000,0.00000,0.00000,0.00000
"1","3018",191.42556,0.00000,3.55896,26.79890,0.00000,0.00000,0.00000,0.00000,0.00000,0.00000
"1","3019",103.69286,0.00000,6.90047,0.00000,0.00000,0.00000,0.00000,0.00000,0.00000,0.00000
"1","3020",27.79372,0.00000,28.35878,0.00000,0.00000,0.00000,0.00000,0.00000,0.00000,0.00000
"1","3021",7.28823,0.00000,80.56939,0.00000,0.00000,0.00000,0.00000,0.00000,0.00000,0.00000
"1","3022",0.00000,0.00000,81.34695,0.00000,0.00000,0.00000,0.00000,0.00000,0.00000,0.00000
"1","3023",0.00000,0.00000,30.71030,0.00000,0.00000,0.00000,0.00000,0.00000,0.00000,0.00000
"1","3024",0.00000,0.00000,62.44219,0.00000,0.00000,0.00000,0.00000,0.00000,0.00000,0.00000
"1","3025",0.00000,0.00000,22.40955,0.00000,0.00000,0.00000,0.00000,0.00000,0.00000,0.00000
"1","3026",0.00000,0.00000,70.52264,0.00000,0.00000,0.00000,0.00000,0.00000,0.00000,0.00000
"1","3027",0.00000,0.00000,83.04746,0.00000,0.00000,0.00000,0.00000,0.00000,0.00000,0.00000
"1","3028",0.00000,0.00000,133.26376,0.00000,0.00000,0.00000,0.00000,0.00000,0.00000,0.00000
"1","3029",0.00000,0.00000,106.09793,0.00000,0.00000,0.00000,0.00000,0.00000,0.00000,0.00000
"1","3030",3.12005,0.00000,93.66043,0.00000,0.00000,0.00000,0.00000,0.00000,0.00000,0.00000
"1","3031",28.67462,0.00000,108.98738,0.00000,0.00000,0.00000,0.00000,0.00000,0.00000,0.00000
"1","3032",106.17606,0.00000,82.50846,11.12489,0.00000,0.00000,0.00000,0.00000,0.00000,0.00000
"1","3033",67.60727,0.00000,154.45926,0.00000,0.00000,0.00000,0.00000,0.00000,0.00000,0.00000
"1","3034",101.51249,0.00000,150.55001,0.00000,0.00000,0.00000,0.00000,0.00000,0.00000,0.00000
"1","3035",138.51822,0.00000,56.96630,63.90292,0.00000,0.00000,0.00000,0.00000,0.00000,0.00000
"1","3036",167.15322,0.00000,28.33130,138.16669,0.00000,0.00000,0.00000,0.00000,0.00000,0.00000
"1","3037",184.31023,0.00000,10.87429,242.95798,0.00000,0.00000,0.00000,0.00000,0.00000,0.00000
"1","3038",67.06069,261.28712,126.62383,0.00000,0.00000,0.00000,0.00000,0.00000,0.00000,0.00000
"1","3039",0.00000,278.95895,194.38452,82.65764,0.00000,0.00000,0.00000,0.00000,0.00000,0.00000
"1","3040",210.66952,54.71235,0.00000,108.39249,0.00000,0.00000,0.00000,0.00000,0.00000,0.00000
"1","3041",110.86919,106.48999,88.31533,0.00000,0.00000,0.00000,0.00000,0.00000,0.00000,0.00000
"1","3042",157.34473,0.00000,0.25838,0.00000,0.00000,0.00000,0.00000,0.00000,0.00000,0.00000
"1","3043",98.07964,0.00000,1.41428,0.00000,0.00000,0.00000,0.00000,0.00000,0.00000,0.00000
"1","3044",48.26627,0.00000,0.00000,0.00000,0.00000,0.00000,0.00000,0.00000,0.00000,0.00000
"1","3045",7.56060,0.00000,118.72502,0.00000,0.00000,0.00000,0.00000,0.00000,0.00000,0.00000
"1","3046",0.00000,0.00000,41.84550,0.00000,0.00000,0.00000,0.00000,0.00000,0.00000,0.00000
"1","3047",0.00000,0.00000,268.93226,3.12948,0.00000,0.00000,0.00000,0.00000,0.00000,0.00000
"1","3048",0.00000,0.00000,179.98452,100.55598,0.00000,0.00000,0.00000,0.00000,0.00000,0.00000
"1","3049",0.00000,0.00000,177.28452,103.25598,0.00000,0.00000,0.00000,0.00000,0.00000,0.00000
"1","3050",0.00000,0.00000,176.18452,95.15439,0.00000,0.00000,0.00000,0.00000,0.00000,0.00000
"1","3051",0.00000,0.00000,260.53226,20.00824,0.00000,0.00000,0.00000,0.00000,0.00000,0.00000
"1","3052",0.00000,0.00000,177.88452,102.65598,0.00000,0.00000,0.00000,0.00000,0.00000,0.00000
"1","3053",0.00000,0.00000,266.03226,14.50824,0.00000,0.00000,0.00000,0.00000,0.00000,0.00000
"1","3054",4.01062,0.00000,183.57390,96.96660,0.00000,0.00000,0.00000,0.00000,0.00000,0.00000
"1","3055",22.65915,0.00000,171.52537,109.01513,0.00000,0.00000,0.00000,0.00000,0.00000,0.00000
"1","3056",0.00000,52.00704,280.54050,0.00000,0.00000,0.00000,0.00000,0.00000,0.00000,0.00000
"1","3057",18.09412,0.00000,266.03814,14.02795,0.00000,0.00000,0.00000,0.00000,0.00000,0.00000
"1","3058",27.61134,0.00000,256.92092,23.61958,0.00000,0.00000,0.00000,0.00000,0.00000,0.00000
"1","3059",23.04610,15.16408,195.57455,0.00000,0.00000,0.00000,0.00000,0.00000,0.00000,0.00000
"1","3060",47.52450,0.00000,151.86002,33.16254,0.00000,0.00000,0.00000,0.00000,0.00000,0.00000
"1","3061",95.18087,0.00000,87.01928,0.00000,0.00000,0.00000,0.00000,0.00000,0.00000,0.00000
"1","3062",79.36440,0.00000,28.69965,0.00000,0.00000,0.00000,0.00000,0.00000,0.00000,0.00000
"1","3063",75.34280,0.00000,25.37398,0.00000,0.00000,0.00000,0.00000,0.00000,0.00000,0.00000
"1","3064",65.56574,0.00000,15.63831,0.00000,0.00000,0.00000,0.00000,0.00000,0.00000,0.00000
"1","3065",52.26876,0.00000,0.00000,0.00000,0.00000,0.00000,0.00000,0.00000,0.00000,0.00000
"1","3066",40.09210,0.00000,0.00000,0.00000,0.00000,0.00000,0.00000,0.00000,0.00000,0.00000
"1","3067",23.98982,0.00000,59.76716,0.00000,0.00000,0.00000,0.00000,0.00000,0.00000,0.00000
"1","3068",36.65722,0.00000,51.81371,0.00000,0.00000,0.00000,0.00000,0.00000,0.00000,0.00000
"1","3069",12.27279,0.00000,107.10933,0.00000,0.00000,0.00000,0.00000,0.00000,0.00000,0.00000
"1","3070",0.00000,0.00000,106.05031,0.00000,0.00000,0.00000,0.00000,0.00000,0.00000,0.00000
"1","3071",0.00000,0.00000,80.70331,0.00000,0.00000,0.00000,0.00000,0.00000,0.00000,0.00000
"1","3072",0.00000,0.00000,16.29558,0.00000,0.00000,0.00000,0.00000,0.00000,0.00000,0.00000
"1","3073",0.00000,0.00000,27.47457,0.00000,0.00000,0.00000,0.00000,0.00000,0.00000,0.00000
"1","3074",0.00000,0.00000,0.00000,0.00000,0.00000,0.00000,0.00000,0.00000,0.00000,0.00000
"1","3075",0.00000,0.00000,0.00000,0.00000,0.00000,0.00000,0.00000,0.00000,0.00000,0.00000
"1","3076",0.00000,0.00000,0.00000,0.00000,0.00000,0.00000,0.00000,0.00000,0.00000,0.00000
"1","3077",0.00000,0.00000,0.00000,0.00000,0.00000,0.00000,0.00000,0.00000,0.00000,0.00000
"1","3078",3.32322,0.00000,9.40004,0.00000,0.00000,0.00000,0.00000,0.00000,0.00000,0.00000
"1","3079",9.96804,0.00000,7.26999,0.00000,0.00000,0.00000,0.00000,0.00000,0.00000,0.00000
"1","3080",23.73922,0.00000,1.39030,0.00000,0.00000,0.00000,0.00000,0.00000,0.00000,0.00000
"1","3081",117.89304,0.00000,0.00000,0.00000,0.00000,0.00000,0.00000,0.00000,0.00000,0.00000
"1","3082",171.57684,0.00000,0.00000,0.00000,0.00000,0.00000,0.00000,0.00000,0.00000,0.00000
"1","3083",218.51926,0.00000,0.00000,0.00000,0.00000,0.00000,0.00000,0.00000,0.00000,0.00000
"1","3084",246.88819,0.00000,8.30675,0.00000,0.00000,0.00000,0.00000,0.00000,0.00000,0.00000
"1","3085",273.53779,0.00000,0.00000,0.00000,0.00000,0.00000,0.00000,0.00000,0.00000,0.00000
"1","3086",284.83226,75.40296,0.00000,0.00000,0.00000,0.00000,0.00000,0.00000,0.00000,0.00000
"1","3087",274.30407,52.86188,9.62818,0.00000,0.00000,0.00000,0.00000,0.00000,0.00000,0.00000
"1","3088",237.92980,55.04744,46.70246,0.00000,0.00000,0.00000,0.00000,0.00000,0.00000,0.00000
"1","3089",245.67779,0.00000,40.35447,69.41924,0.00000,0.00000,0.00000,0.00000,0.00000,0.00000
"1","3090",180.85948,0.00000,64.08332,96.81229,0.00000,0.00000,0.00000,0.00000,0.00000,0.00000
"1","3091",105.66375,0.00000,93.82077,87.98269,0.00000,0.00000,0.00000,0.00000,0.00000,0.00000
"1","3092",0.00000,46.83328,198.38452,25.11138,0.00000,0.00000,0.00000,0.00000,0.00000,0.00000
"1","3093",10.39565,0.00000,187.67200,0.00000,0.00000,0.00000,0.00000,0.00000,0.00000,0.00000
"1","3094",0.00000,0.00000,84.09631,0.00000,0.00000,0.00000,0.00000,0.00000,0.00000,0.00000
"1","3095",0.00000,0.00000,9.29846,0.00000,0.00000,0.00000,0.00000,0.00000,0.00000,0.00000
"1","3096",0.00000,0.00000,11.76128,0.00000,0.00000,0.00000,0.00000,0.00000,0.00000,0.00000
"1","3097",0.00000,0.00000,32.37804,0.00000,0.00000,0.00000,0.00000,0.00000,0.00000,0.00000
"1","3098",0.00000,0.00000,48.35945,0.00000,0.00000,0.00000,0.00000,0.00000,0.00000,0.00000
"1","3099",0.00000,0.00000,5.38300,0.00000,0.00000,0.00000,0.00000,0.00000,0.00000,0.00000
"1","3100",0.00000,0.00000,0.00000,0.00000,0.00000,0.00000,0.00000,0.00000,0.00000,0.00000
"1","3101",0.00000,0.00000,0.00000,0.00000,0.00000,0.00000,0.00000,0.00000,0.00000,0.00000
"1","3102",5.46005,0.00000,0.00000,0.00000,0.00000,0.00000,0.00000,0.00000,0.00000,0.00000
"1","3103",12.21536,0.00000,0.00000,0.00000,0.00000,0.00000,0.00000,0.00000,0.00000,0.00000
"1","3104",26.30685,0.00000,5.51542,0.00000,0.00000,0.00000,0.00000,0.00000,0.00000,0.00000
"1","3105",124.48203,0.00000,0.00000,0.00000,0.00000,0.00000,0.00000,0.00000,0.00000,0.00000
"1","3106",179.25480,0.00000,0.00000,0.00000,0.00000,0.00000,0.00000,0.00000,0.00000,0.00000
"1","3107",231.15154,0.00000,0.00000,0.00000,0.00000,0.00000,0.00000,0.00000,0.00000,0.00000
"1","3108",269.63519,0.00000,0.00000,0.00000,0.00000,0.00000,0.00000,0.00000,0.00000,0.00000
"1","3109",285.93226,2.96871,0.00000,0.00000,0.00000,0.00000,0.00000,0.00000,0.00000,0.00000
"1","3110",285.73226,5.89574,0.00000,0.00000,0.00000,0.00000,0.00000,0.00000,0.00000,0.00000
"1","3111",261.85371,0.00000,0.00000,0.00000,0.00000,0.00000,0.00000,0.00000,0.00000,0.00000
"1","3112",232.10167,0.00000,4.88113,0.00000,0.00000,0.00000,0.00000,0.00000,0.00000,0.00000
"1","3113",193.33695,0.00000,3.23926,0.00000,0.00000,0.00000,0.00000,0.00000,0.00000,0.00000
"1","3114",143.39271,0.00000,0.00000,0.00000,0.00000,0.00000,0.00000,0.00000,0.00000,0.00000
"1","3115",91.41373,0.00000,0.04388,0.00000,0.00000,0.00000,0.00000,0.00000,0.00000,0.00000
"1","3116",46.37491,0.00000,0.00000,0.00000,0.00000,0.00000,0.00000,0.00000,0.00000,0.00000
"1","3117",17.21279,0.00000,0.00000,0.00000,0.00000,0.00000,0.00000,0.00000,0.00000,0.00000
"1","3118",2.70965,0.00000,0.00000,0.00000,0.00000,0.00000,0.00000,0.00000,0.00000,0.00000
"1","3119",0.00000,0.00000,0.00000,0.00000,0.00000,0.00000,0.00000,0.00000,0.00000,0.00000
"1","3120",0.00000,0.00000,0.00000,0.00000,0.00000,0.00000,0.00000,0.00000,0.00000,0.00000
"1","3121",0.00000,0.00000,0.00000,0.00000,0.00000,0.00000,0.00000,0.00000,0.00000,0.00000
"1","3122",0.00000,0.00000,0.00000,0.00000,0.00000,0.00000,0.00000,0.00000,0.00000,0.00000
"1","3123",0.00000,0.00000,0.00000,0.00000,0.00000,0.00000,0.00000,0.00000,0.00000,0.00000
"1","3124",0.00000,0.00000,0.00000,0.00000,0.00000,0.00000,0.00000,0.00000,0.00000,0.00000
"1","3125",0.00000,0.00000,0.00000,0.00000,0.00000,0.00000,0.00000,0.00000,0.00000,0.00000
"1","3126",2.96267,0.00000,0.00000,0.00000,0.00000,0.00000,0.00000,0.00000,0.00000,0.00000
"1","3127",11.08991,0.00000,0.00000,0.00000,0.00000,0.00000,0.00000,0.00000,0.00000,0.00000
"1","3128",23.58016,0.00000,0.00000,0.00000,0.00000,0.00000,0.00000,0.00000,0.00000,0.00000
"1","3129",31.66008,0.00000,0.00000,0.00000,0.00000,0.00000,0.00000,0.00000,0.00000,0.00000
"1","3130",47.93677,0.00000,0.00000,0.00000,0.00000,0.00000,0.00000,0.00000,0.00000,0.00000
"1","3131",64.85895,0.00000,0.00000,0.00000,0.00000,0.00000,0.00000,0.00000,0.00000,0.00000
"1","3132",79.48341,0.00000,0.00000,0.00000,0.00000,0.00000,0.00000,0.00000,0.00000,0.00000
"1","3133",89.66296,0.00000,0.00000,0.00000,0.00000,0.00000,0.00000,0.00000,0.00000,0.00000
"1","3134",26.34037,0.00000,4.68310,0.00000,0.00000,0.00000,0.00000,0.00000,0.00000,0.00000
"1","3135",52.45550,0.00000,0.00000,0.00000,0.00000,0.00000,0.00000,0.00000,0.00000,0.00000
"1","3136",45.73754,0.00000,0.00000,0.00000,0.00000,0.00000,0.00000,0.00000,0.00000,0.00000
"1","3137",36.41344,0.00000,32.88607,0.00000,0.00000,0.00000,0.00000,0.00000,0.00000,0.00000
"1","3138",26.19495,0.00000,30.61150,0.00000,0.00000,0.00000,0.00000,0.00000,0.00000,0.00000
"1","3139",17.05295,0.00000,27.95001,0.00000,0.00000,0.00000,0.00000,0.00000,0.00000,0.00000
"1","3140",16.96587,0.00000,5.65672,0.00000,0.00000,0.00000,0.00000,0.00000,0.00000,0.00000
"1","3141",4.17873,0.00000,1.59221,0.00000,0.00000,0.00000,0.00000,0.00000,0.00000,0.00000
"1","3142",0.00000,0.00000,15.15353,0.00000,0.00000,0.00000,0.00000,0.00000,0.00000,0.00000
"1","3143",0.00000,0.00000,0.37514,0.00000,0.00000,0.00000,0.00000,0.00000,0.00000,0.00000
"1","3144",0.00000,0.00000,0.81726,0.00000,0.00000,0.00000,0.00000,0.00000,0.00000,0.00000
"1","3145",0.00000,0.00000,0.00000,0.00000,0.00000,0.00000,0.00000,0.00000,0.00000,0.00000
"1","3146",0.00000,0.00000,1.25086,0.00000,0.00000,0.00000,0.00000,0.00000,0.00000,0.00000
"1","3147",0.00000,0.00000,0.00000,0.00000,0.00000,0.00000,0.00000,0.00000,0.00000,0.00000
"1","3148",0.00000,0.00000,0.00000,0.00000,0.00000,0.00000,0.00000,0.00000,0.00000,0.00000
"1","3149",0.00000,0.00000,0.00000,0.00000,0.00000,0.00000,0.00000,4.94945,0.00000,0.00000
"1","3150",6.82700,0.00000,0.00000,0.00000,0.00000,0.00000,0.00000,0.00000,0.00000,0.00000
"1","3151",20.18528,0.00000,0.00000,0.00000,0.00000,0.00000,0.00000,0.00000,0.00000,0.00000
"1","3152",45.11289,0.00000,0.00000,0.00000,0.00000,0.00000,0.00000,0.00000,0.00000,0.00000
"1","3153",200.69271,0.00000,0.00000,0.00000,0.00000,0.00000,0.00000,0.00000,0.00000,0.00000
"1","3154",271.42274,0.00000,0.00000,0.00000,0.00000,0.00000,0.00000,0.00000,0.00000,0.00000
"1","3155",233.90866,90.26080,0.00000,0.00000,0.00000,0.00000,0.00000,0.00000,0.00000,0.00000
"1","3156",282.43226,77.52382,0.00000,0.00000,0.00000,0.00000,0.00000,0.00000,0.00000,0.00000
"1","3157",281.53226,78.70296,0.00000,0.00000,0.00000,0.00000,0.00000,0.00000,0.00000,0.00000
"1","3158",196.38452,163.85070,0.00000,0.00000,0.00000,0.00000,0.00000,0.00000,0.00000,0.00000
"1","3159",280.23226,73.56249,0.00000,0.00000,0.00000,0.00000,0.00000,0.00000,0.00000,0.00000
"1","3160",279.93226,38.67091,0.00000,0.00000,0.00000,0.00000,0.00000,0.00000,0.00000,0.00000
"1","3161",266.67692,0.00000,0.00000,0.00000,0.00000,0.00000,0.00000,0.00000,0.00000,0.00000
"1","3162",198.36141,0.00000,0.00000,0.00000,0.00000,0.00000,0.00000,0.00000,0.00000,0.00000
"1","3163",111.25519,0.00000,0.00000,0.00000,0.00000,0.00000,0.00000,0.00000,0.00000,0.00000
"1","3164",33.85757,0.00000,4.80870,0.00000,0.00000,0.00000,0.00000,5.65921,0.00000,0.00000
"1","3165",10.00621,0.00000,22.30579,0.00000,0.00000,0.00000,0.00000,5.65921,0.00000,0.00000
"1","3166",3.23286,0.00000,38.61351,0.00000,0.00000,0.00000,0.00000,5.65921,0.00000,0.00000
"1","3167",0.00000,0.00000,0.00000,0.00000,0.00000,0.00000,0.00000,5.65921,0.00000,0.00000
"1","3168",0.00000,0.00000,0.21375,0.00000,0.00000,0.00000,0.00000,5.65921,0.00000,0.00000
"1","3169",0.00000,0.00000,0.00000,0.00000,0.00000,0.00000,0.00000,5.65921,0.00000,0.00000
"1","3170",0.00000,0.00000,0.00000,0.00000,0.00000,0.00000,0.00000,5.65921,0.00000,0.00000
"1","3171",0.00000,0.00000,0.36089,0.00000,0.00000,0.00000,0.00000,5.65921,0.00000,0.00000
"1","3172",0.00000,0.00000,0.00000,0.00000,0.00000,0.00000,0.00000,5.65921,0.00000,0.00000
"1","3173",0.00000,0.00000,0.00000,0.00000,0.00000,0.00000,0.00000,5.65921,0.00000,0.00000
"1","3174",4.69358,0.00000,0.00000,0.00000,0.00000,0.00000,0.00000,5.65921,0.00000,0.00000
"1","3175",35.08229,0.00000,0.00000,0.00000,0.00000,0.00000,0.00000,5.65921,0.00000,0.00000
"1","3176",114.22701,0.00000,0.00000,0.00000,0.00000,0.00000,0.00000,0.00000,0.00000,0.00000
"1","3177",198.27966,0.00000,0.00000,0.00000,0.00000,0.00000,0.00000,0.00000,0.00000,0.00000
"1","3178",265.92514,0.00000,0.00000,0.00000,0.00000,0.00000,0.00000,0.00000,0.00000,0.00000
"1","3179",277.53226,40.98722,0.00000,0.00000,0.00000,0.00000,0.00000,0.00000,0.00000,0.00000
"1","3180",277.33226,75.86939,0.00000,0.00000,0.00000,0.00000,0.00000,0.00000,0.00000,0.00000
"1","3181",276.23226,84.00296,0.00000,0.00000,0.00000,0.00000,0.00000,0.00000,0.00000,0.00000
"1","3182",275.73226,84.50296,0.00000,0.00000,0.00000,0.00000,0.00000,0.00000,0.00000,0.00000
"1","3183",223.89211,129.34243,0.00000,0.00000,0.00000,0.00000,0.00000,0.00000,0.00000,0.00000
"1","3184",190.78452,126.02869,0.00000,0.00000,0.00000,0.00000,0.00000,0.00000,0.00000,0.00000
"1","3185",262.38102,0.00000,0.00000,0.00000,0.00000,0.00000,0.00000,0.00000,0.00000,0.00000
"1","3186",192.28452,2.21300,0.00000,0.00000,0.00000,0.00000,0.00000,0.00000,0.00000,0.00000
"1","3187",110.52615,0.00000,0.00000,0.00000,0.00000,0.00000,0.00000,0.00000,0.00000,0.00000
"1","3188",34.64545,0.00000,0.00000,0.00000,0.00000,0.00000,0.00000,5.65921,0.00000,0.00000
"1","3189",11.22552,0.00000,1.90519,0.00000,0.00000,0.00000,0.00000,5.65921,0.00000,0.00000
"1","3190",3.50439,0.00000,6.57119,0.00000,0.00000,0.00000,0.00000,5.65921,0.00000,0.00000
"1","3191",0.00000,0.00000,1.41814,0.00000,0.00000,0.00000,0.00000,5.65921,0.00000,0.00000
"1","3192",0.00000,0.00000,0.00000,0.00000,0.00000,0.00000,0.00000,5.65921,0.00000,0.00000
"1","3193",0.00000,0.00000,0.00000,0.00000,0.00000,0.00000,0.00000,5.65921,0.00000,0.00000
"1","3194",0.00000,0.00000,0.00000,0.00000,0.00000,0.00000,0.00000,5.65921,0.00000,0.00000
"1","3195",0.00000,0.00000,0.22291,0.00000,0.00000,0.00000,0.00000,5.65921,0.00000,0.00000
"1","3196",0.00000,0.00000,0.00000,0.00000,0.00000,0.00000,0.00000,5.65921,0.00000,0.00000
"1","3197",0.00000,0.00000,1.93722,0.00000,0.00000,0.00000,0.00000,5.65921,0.00000,0.00000
"1","3198",4.96041,0.00000,0.00000,0.00000,0.00000,0.00000,0.00000,5.65921,0.00000,0.00000
"1","3199",36.14582,0.00000,0.00000,0.00000,0.00000,0.00000,0.00000,5.65921,0.00000,0.00000
"1","3200",114.56517,0.00000,0.00000,0.00000,0.00000,0.00000,0.00000,0.00000,0.00000,0.00000
"1","3201",80.78331,0.00000,0.00000,0.00000,0.00000,0.00000,0.00000,0.00000,0.00000,0.00000
"1","3202",119.75218,0.00000,0.00000,0.00000,0.00000,0.00000,0.00000,0.00000,0.00000,0.00000
"1","3203",155.90115,0.00000,0.00000,0.00000,0.00000,0.00000,0.00000,0.00000,0.00000,0.00000
"1","3204",185.13603,0.00000,0.00000,0.00000,0.00000,0.00000,0.00000,0.00000,0.00000,0.00000
"1","3205",201.76427,0.00000,0.00000,0.00000,0.00000,0.00000,0.00000,0.00000,0.00000,0.00000
"1","3206",276.33226,83.90296,0.00000,0.00000,0.00000,0.00000,0.00000,0.00000,0.00000,0.00000
"1","3207",276.23226,80.88601,0.00000,0.00000,0.00000,0.00000,0.00000,0.00000,0.00000,0.00000
"1","3208",277.33226,43.44015,0.00000,0.00000,0.00000,0.00000,0.00000,0.00000,0.00000,0.00000
"1","3209",268.43060,0.00000,0.00000,0.00000,0.00000,0.00000,0.00000,0.00000,0.00000,0.00000
"1","3210",198.68844,0.00000,4.46987,0.00000,0.00000,0.00000,0.00000,0.00000,0.00000,0.00000
"1","3211",113.16368,0.00000,1.00775,0.00000,0.00000,0.00000,0.00000,0.00000,0.00000,0.00000
"1","3212",35.23323,0.00000,0.00000,0.00000,0.00000,0.00000,0.00000,5.65921,0.00000,0.00000
"1","3213",15.60710,0.00000,11.76679,0.00000,0.00000,0.00000,0.00000,5.65921,0.00000,0.00000
"1","3214",3.27769,0.00000,11.19936,0.00000,0.00000,0.00000,0.00000,5.65921,0.00000,0.00000
"1","3215",0.00000,0.00000,15.90297,0.00000,0.00000,0.00000,0.00000,5.65921,0.00000,0.00000
"1","3216",0.00000,0.00000,59.68190,0.00000,0.00000,0.00000,0.00000,5.65921,0.00000,0.00000
"1","3217",0.00000,0.00000,21.23331,0.00000,0.00000,0.00000,0.00000,5.65921,0.00000,0.00000
"1","3218",0.00000,0.00000,21.98388,0.00000,0.00000,0.00000,0.00000,5.65921,0.00000,0.00000
"1","3219",0.00000,0.00000,21.03169,0.00000,0.00000,0.00000,0.00000,5.65921,0.00000,0.00000
"1","3220",0.00000,0.00000,36.06867,0.00000,0.00000,0.00000,0.00000,5.65921,0.00000,0.00000
"1","3221",0.00000,0.00000,20.36648,0.00000,0.00000,0.00000,0.00000,5.65921,0.00000,0.00000
"1","3222",6.04581,0.00000,18.28261,0.00000,0.00000,0.00000,0.00000,5.65921,0.00000,0.00000
"1","3223",24.22672,0.00000,25.48549,0.00000,0.00000,0.00000,0.00000,5.65921,0.00000,0.00000
"1","3224",51.98285,0.00000,0.00000,0.00000,0.00000,0.00000,0.00000,5.65921,0.00000,0.00000
"1","3225",196.59709,0.00000,0.00000,0.00000,0.00000,0.00000,0.00000,0.00000,0.00000,0.00000
"1","3226",261.72260,0.00000,0.00000,0.00000,0.00000,0.00000,0.00000,0.00000,0.00000,0.00000
"1","3227",285.43226,26.57902,0.00000,0.00000,0.00000,0.00000,0.00000,0.00000,0.00000,0.00000
"1","3228",285.53226,60.57486,0.00000,0.00000,0.00000,0.00000,0.00000,0.00000,0.00000,0.00000
"1","3229",238.83854,121.39668,0.00000,0.00000,0.00000,0.00000,0.00000,0.00000,0.00000,0.00000
"1","3230",283.73226,76.50296,0.00000,0.00000,0.00000,0.00000,0.00000,0.00000,0.00000,0.00000
"1","3231",282.73226,62.05561,0.00000,0.00000,0.00000,0.00000,0.00000,0.00000,0.00000,0.00000
"1","3232",283.53226,26.10757,0.00000,0.00000,0.00000,0.00000,0.00000,0.00000,0.00000,0.00000
"1","3233",199.08452,59.81043,0.00000,0.00000,0.00000,0.00000,0.00000,0.00000,0.00000,0.00000
"1","3234",193.50337,0.00000,0.00000,0.00000,0.00000,0.00000,0.00000,0.00000,0.00000,0.00000
"1","3235",111.01137,0.00000,0.00000,0.00000,0.00000,0.00000,0.00000,0.00000,0.00000,0.00000
"1","3236",36.04007,0.00000,1.33632,0.00000,0.00000,0.00000,0.00000,5.65921,0.00000,0.00000
"1","3237",12.32445,0.00000,15.65502,0.00000,0.00000,0.00000,0.00000,5.65921,0.00000,0.00000
"1","3238",3.98988,0.00000,24.29964,0.00000,0.00000,0.00000,0.00000,5.65921,0.00000,0.00000
"1","3239",0.00000,0.00000,0.00000,0.00000,0.00000,0.00000,0.00000,5.65921,0.00000,0.00000
"1","3240",0.00000,0.00000,0.00000,0.00000,0.00000,0.00000,0.00000,5.65921,0.00000,0.00000
"1","3241",0.00000,0.00000,2.09022,0.00000,0.00000,0.00000,0.00000,5.65921,0.00000,0.00000
"1","3242",0.00000,0.00000,176.58583,0.00000,0.00000,0.00000,0.00000,0.00000,0.00000,0.00000
"1","3243",0.00000,0.00000,67.93904,0.00000,0.00000,0.00000,0.00000,0.36096,0.00000,0.00000
"1","3244",0.00000,0.00000,10.05712,0.00000,0.00000,0.00000,0.00000,5.65921,0.00000,0.00000
"1","3245",0.00000,0.00000,3.84773,0.00000,0.00000,0.00000,0.00000,5.65921,0.00000,0.00000
"1","3246",10.66390,0.00000,0.00000,0.00000,0.00000,0.00000,0.00000,5.65921,0.00000,0.00000
"1","3247",34.02665,0.00000,0.00000,0.00000,0.00000,0.00000,0.00000,5.65921,0.00000,0.00000
"1","3248",73.00907,0.00000,0.00000,0.00000,0.00000,0.00000,0.00000,5.65921,0.00000,0.00000
"1","3249",195.76984,0.00000,0.00000,0.00000,0.00000,0.00000,0.00000,0.00000,0.00000,0.00000
"1","3250",260.52672,0.00000,0.00000,0.00000,0.00000,0.00000,0.00000,0.00000,0.00000,0.00000
"1","3251",288.83226,22.78765,0.00000,0.00000,0.00000,0.00000,0.00000,0.00000,0.00000,0.00000
"1","3252",289.23226,58.34504,0.00000,0.00000,0.00000,0.00000,0.00000,0.00000,0.00000,0.00000
"1","3253",284.03226,76.20296,0.00000,0.00000,0.00000,0.00000,0.00000,0.00000,0.00000,0.00000
"1","3254",287.53226,72.70296,0.00000,0.00000,0.00000,0.00000,0.00000,0.00000,0.00000,0.00000
"1","3255",271.88293,75.98706,0.00000,0.00000,0.00000,0.00000,0.00000,0.00000,0.00000,0.00000
"1","3256",202.28452,110.02187,0.00000,0.00000,0.00000,0.00000,0.00000,0.00000,0.00000,0.00000
"1","3257",261.58376,0.00000,0.00000,0.00000,0.00000,0.00000,0.00000,0.00000,0.00000,0.00000
"1","3258",195.83902,0.00000,0.00000,0.00000,0.00000,0.00000,0.00000,0.00000,0.00000,0.00000
"1","3259",112.63540,0.00000,7.39901,0.00000,0.00000,0.00000,0.00000,0.00000,0.00000,0.00000
"1","3260",36.00001,0.00000,21.90936,0.00000,0.00000,0.00000,0.00000,5.65921,0.00000,0.00000
"1","3261",10.09421,0.00000,0.00000,0.00000,0.00000,0.00000,0.00000,5.65921,0.00000,0.00000
"1","3262",0.93249,0.00000,0.00000,0.00000,0.00000,0.00000,0.00000,5.65921,0.00000,0.00000
"1","3263",0.00000,0.00000,0.00000,0.00000,0.00000,0.00000,0.00000,5.65921,0.00000,0.00000
"1","3264",0.00000,0.00000,0.00000,0.00000,0.00000,0.00000,0.00000,5.65921,0.00000,0.00000
"1","3265",0.00000,0.00000,0.00000,0.00000,0.00000,0.00000,0.00000,5.65921,0.00000,0.00000
"1","3266",0.00000,0.00000,0.00000,0.00000,0.00000,0.00000,0.00000,5.65921,0.00000,0.00000
"1","3267",0.00000,0.00000,0.00000,0.00000,0.00000,0.00000,0.00000,5.65921,0.00000,0.00000
"1","3268",0.00000,0.00000,0.00000,0.00000,0.00000,0.00000,0.00000,5.65921,0.00000,0.00000
"1","3269",0.00000,0.00000,0.00000,0.00000,0.00000,0.00000,0.00000,5.65921,0.00000,0.00000
"1","3270",4.18707,0.00000,0.00000,0.00000,0.00000,0.00000,0.00000,5.65921,0.00000,0.00000
"1","3271",16.28602,0.00000,0.00000,0.00000,0.00000,0.00000,0.00000,5.65921,0.00000,0.00000
"1","3272",35.49926,0.00000,0.00000,0.00000,0.00000,0.00000,0.00000,5.65921,0.00000,0.00000
"1","3273",183.79549,0.00000,0.00000,0.00000,0.00000,0.00000,0.00000,0.00000,0.00000,0.00000
"1","3274",214.02930,32.34222,0.00000,0.00000,0.00000,0.00000,0.00000,0.00000,0.00000,0.00000
"1","3275",282.83226,30.97818,0.00000,0.00000,0.00000,0.00000,0.00000,0.00000,0.00000,0.00000
"1","3276",282.43226,65.31678,0.00000,0.00000,0.00000,0.00000,0.00000,0.00000,0.00000,0.00000
"1","3277",282.43226,77.80296,0.00000,0.00000,0.00000,0.00000,0.00000,0.00000,0.00000,0.00000
"1","3278",281.73226,50.07259,0.00000,0.00000,0.00000,0.00000,0.00000,0.00000,0.00000,0.00000
"1","3279",281.43226,65.35020,0.00000,0.00000,0.00000,0.00000,0.00000,0.00000,0.00000,0.00000
"1","3280",279.82273,32.25676,0.80952,0.00000,0.00000,0.00000,0.00000,0.00000,0.00000,0.00000
"1","3281",196.48452,65.70347,0.00000,0.00000,0.00000,0.00000,0.00000,0.00000,0.00000,0.00000
"1","3282",196.98411,0.00000,0.00000,0.00000,0.00000,0.00000,0.00000,0.00000,0.00000,0.00000
"1","3283",114.11768,0.00000,0.61092,0.00000,0.00000,0.00000,0.00000,0.00000,0.00000,0.00000
"1","3284",12.68694,0.00000,15.01550,0.00000,0.00000,0.00000,0.00000,0.00000,0.00000,0.00000
"1","3285",10.92761,0.00000,10.55750,0.00000,0.00000,0.00000,0.00000,0.00000,0.00000,0.00000
"1","3286",3.94472,0.00000,20.25451,0.00000,0.00000,0.00000,0.00000,0.00000,0.00000,0.00000
"1","3287",0.00000,0.00000,35.90524,0.00000,0.00000,0.00000,0.00000,0.00000,0.00000,0.00000
"1","3288",0.00000,0.00000,44.35850,0.00000,0.00000,0.00000,0.00000,0.00000,0.00000,0.00000
"1","3289",0.00000,0.00000,107.05704,0.00000,0.00000,0.00000,0.00000,0.00000,0.00000,0.00000
"1","3290",0.00000,0.00000,126.86010,0.00000,0.00000,0.00000,0.00000,0.00000,0.00000,0.00000
"1","3291",0.00000,0.00000,153.78966,0.00000,0.00000,0.00000,0.00000,0.00000,0.00000,0.00000
"1","3292",0.00000,0.00000,214.84344,0.00000,0.00000,0.00000,0.00000,0.00000,0.00000,0.00000
"1","3293",0.00000,0.00000,206.02848,0.00000,0.00000,0.00000,0.00000,0.00000,0.00000,0.00000
"1","3294",6.45817,0.00000,190.25513,0.00000,0.00000,0.00000,0.00000,0.00000,0.00000,0.00000
"1","3295",39.20138,0.00000,189.61635,0.00000,0.00000,0.00000,0.00000,0.00000,0.00000,0.00000
"1","3296",116.29708,0.00000,95.29567,0.00000,0.00000,0.00000,0.00000,0.00000,0.00000,0.00000
"1","3297",61.02070,0.00000,30.43658,0.00000,0.00000,0.00000,17.76103,0.00000,0.00000,0.00000
"1","3298",88.75201,0.00000,7.79940,0.00000,0.00000,0.00000,0.00000,0.00000,0.00000,0.00000
"1","3299",120.43237,0.00000,0.00000,0.00000,0.00000,0.00000,0.00000,0.00000,0.00000,0.00000
"1","3300",145.27120,0.00000,0.00000,0.00000,0.00000,0.00000,0.00000,0.00000,0.00000,0.00000
"1","3301",161.33779,0.00000,6.23805,0.00000,0.00000,0.00000,0.00000,0.00000,0.00000,0.00000
"1","3302",275.03313,0.00000,0.00000,0.00000,0.00000,0.00000,0.00000,0.00000,0.00000,0.00000
"1","3303",264.72877,0.00000,3.14997,0.00000,0.00000,0.00000,0.00000,0.00000,0.00000,0.00000
"1","3304",237.72408,0.00000,16.81724,0.00000,0.00000,0.00000,0.00000,0.00000,0.00000,0.00000
"1","3305",197.11038,0.00000,1.52466,0.00000,0.00000,0.00000,0.00000,0.00000,0.00000,0.00000
"1","3306",148.98561,0.00000,10.23138,0.00000,0.00000,0.00000,0.00000,0.00000,0.00000,0.00000
"1","3307",99.62529,0.00000,0.32142,0.00000,0.00000,0.00000,0.00000,0.00000,0.00000,0.00000
"1","3308",52.62772,0.00000,0.00000,0.00000,0.00000,0.00000,0.00000,5.65921,0.00000,0.00000
"1","3309",17.55994,0.00000,8.12394,0.00000,0.00000,0.00000,0.00000,5.65921,0.00000,0.00000
"1","3310",3.77175,0.00000,25.39583,0.00000,0.00000,0.00000,0.00000,5.65921,0.00000,0.00000
"1","3311",0.00000,0.00000,37.48024,0.00000,0.00000,0.00000,0.00000,5.65921,0.00000,0.00000
"1","3312",0.00000,0.00000,56.76826,0.00000,0.00000,0.00000,0.00000,5.65921,0.00000,0.00000
"1","3313",0.00000,0.00000,38.11659,0.00000,0.00000,0.00000,0.00000,5.65921,0.00000,0.00000
"1","3314",0.00000,0.00000,58.98176,0.00000,0.00000,0.00000,0.00000,5.65921,0.00000,0.00000
"1","3315",0.00000,0.00000,11.99092,0.00000,0.00000,0.00000,0.00000,5.65921,0.00000,0.00000
"1","3316",0.00000,0.00000,0.00000,0.00000,0.00000,0.00000,0.00000,5.65921,0.00000,0.00000
"1","3317",0.00000,0.00000,0.00000,0.00000,0.00000,0.00000,0.00000,5.65921,0.00000,0.00000
"1","3318",5.38584,0.00000,0.00000,0.00000,0.00000,0.00000,0.00000,5.65921,0.00000,0.00000
"1","3319",15.19507,0.00000,0.00000,0.00000,0.00000,0.00000,0.00000,5.65921,0.00000,0.00000
"1","3320",30.11187,0.00000,0.00000,0.00000,0.00000,0.00000,0.00000,5.65921,0.00000,0.00000
"1","3321",75.11542,0.00000,0.00000,0.00000,0.00000,0.00000,0.00000,5.65921,0.00000,0.00000
"1","3322",107.29938,0.00000,0.00000,0.00000,0.00000,0.00000,0.00000,0.00000,0.00000,0.00000
"1","3323",142.85234,0.00000,0.00000,0.00000,0.00000,0.00000,0.00000,0.00000,0.00000,0.00000
"1","3324",168.83240,0.00000,0.00000,0.00000,0.00000,0.00000,0.00000,0.00000,0.00000,0.00000
"1","3325",184.43794,0.00000,0.00000,0.00000,0.00000,0.00000,0.00000,0.00000,0.00000,0.00000
"1","3326",173.56225,0.00000,0.00000,0.00000,0.00000,0.00000,0.00000,0.00000,0.00000,0.00000
"1","3327",166.32984,0.00000,6.57672,0.00000,0.00000,0.00000,0.00000,0.00000,0.00000,0.00000
"1","3328",79.18637,0.00000,0.00000,0.00000,0.00000,0.00000,0.00000,5.65921,0.00000,0.00000
"1","3329",105.75034,0.00000,0.00000,0.00000,0.00000,0.00000,0.00000,0.00000,0.00000,0.00000
"1","3330",81.02374,0.00000,5.13031,0.00000,0.00000,0.00000,0.00000,5.34595,0.00000,0.00000
"1","3331",55.13995,0.00000,50.39458,0.00000,0.00000,0.00000,0.00000,0.00000,0.00000,0.00000
"1","3332",31.23373,0.00000,12.74195,0.00000,0.00000,0.00000,0.00000,5.65921,0.00000,0.00000
"1","3333",22.40735,0.00000,17.19743,0.00000,0.00000,0.00000,0.00000,5.65921,0.00000,0.00000
"1","3334",8.48073,0.00000,5.81869,0.00000,0.00000,0.00000,0.00000,5.65921,0.00000,0.00000
"1","3335",0.00000,0.00000,16.52690,0.00000,0.00000,0.00000,0.00000,5.65921,0.00000,0.00000
"1","3336",0.00000,0.00000,0.00000,0.00000,0.00000,0.00000,0.00000,5.65921,0.00000,0.00000
"1","3337",0.00000,0.00000,0.00000,0.00000,0.00000,0.00000,0.00000,5.65921,0.00000,0.00000
"1","3338",0.00000,0.00000,8.37487,0.00000,0.00000,0.00000,0.00000,5.65921,0.00000,0.00000
"1","3339",0.00000,0.00000,4.76350,0.00000,0.00000,0.00000,0.00000,5.65921,0.00000,0.00000
"1","3340",0.00000,0.00000,0.00000,0.00000,0.00000,0.00000,0.00000,5.65921,0.00000,0.00000
"1","3341",0.00000,0.00000,0.00000,0.00000,0.00000,0.00000,0.00000,5.65921,0.00000,0.00000
"1","3342",2.34772,0.00000,0.00000,0.00000,0.00000,0.00000,0.00000,5.65921,0.00000,0.00000
"1","3343",9.09024,0.00000,0.00000,0.00000,0.00000,0.00000,0.00000,5.65921,0.00000,0.00000
"1","3344",19.46543,0.00000,0.00000,0.00000,0.00000,0.00000,0.00000,5.65921,0.00000,0.00000
"1","3345",132.96596,0.00000,0.00000,0.00000,0.00000,0.00000,0.00000,0.00000,0.00000,0.00000
"1","3346",185.45967,0.00000,0.00000,0.00000,0.00000,0.00000,0.00000,0.00000,0.00000,0.00000
"1","3347",235.42761,0.00000,0.00000,0.00000,0.00000,0.00000,0.00000,0.00000,0.00000,0.00000
"1","3348",271.68542,0.00000,0.00000,0.00000,0.00000,0.00000,0.00000,0.00000,0.00000,0.00000
"1","3349",278.53226,81.70296,0.00000,0.00000,0.00000,0.00000,0.00000,0.00000,0.00000,0.00000
"1","3350",277.43226,82.80296,0.00000,0.00000,0.00000,0.00000,0.00000,0.00000,0.00000,0.00000
"1","3351",277.63226,77.26936,0.00000,3.26437,0.00000,0.00000,0.00000,0.00000,0.00000,0.00000
"1","3352",227.14341,93.10169,0.00000,1.85068,0.00000,0.00000,0.00000,0.00000,0.00000,0.00000
"1","3353",255.20130,13.98931,24.03096,0.00000,0.00000,0.00000,0.00000,0.00000,0.00000,0.00000
"1","3354",203.52375,0.00000,24.09773,0.00000,0.00000,0.00000,0.00000,0.00000,0.00000,0.00000
"1","3355",119.64769,0.00000,14.53744,0.00000,0.00000,0.00000,0.00000,0.00000,0.00000,0.00000
"1","3356",20.00885,0.00000,15.87710,0.00000,0.00000,0.00000,0.00000,5.65921,0.00000,0.00000
"1","3357",11.33016,0.00000,7.65682,0.00000,0.00000,0.00000,0.00000,5.65921,0.00000,0.00000
"1","3358",4.29312,0.00000,0.02286,0.00000,0.00000,0.00000,0.00000,5.65921,0.00000,0.00000
"1","3359",0.00000,0.00000,0.00000,0.00000,0.00000,0.00000,0.00000,5.65921,0.00000,0.00000
"1","3360",0.00000,0.00000,0.00000,0.00000,0.00000,0.00000,0.00000,5.65921,0.00000,0.00000
"1","3361",0.00000,0.00000,0.92160,0.00000,0.00000,0.00000,0.00000,5.65921,0.00000,0.00000
"1","3362",0.00000,0.00000,23.58895,0.00000,0.00000,0.00000,0.00000,5.65921,0.00000,0.00000
"1","3363",0.00000,0.00000,24.82962,0.00000,0.00000,0.00000,0.00000,5.65921,0.00000,0.00000
"1","3364",0.00000,0.00000,52.58781,0.00000,0.00000,0.00000,0.00000,5.65921,0.00000,0.00000
"1","3365",0.00000,0.00000,56.62099,0.00000,0.00000,0.00000,0.00000,5.65921,0.00000,0.00000
"1","3366",4.63436,0.00000,71.44607,0.00000,0.00000,0.00000,0.00000,0.00000,0.00000,0.00000
"1","3367",11.94169,0.00000,36.65888,0.00000,0.00000,0.00000,0.00000,5.65921,0.00000,0.00000
"1","3368",23.41766,0.00000,8.66966,0.00000,0.00000,0.00000,0.00000,5.65921,0.00000,0.00000
"1","3369",100.18308,0.00000,0.00000,0.00000,0.00000,0.00000,0.00000,0.00000,0.00000,0.00000
"1","3370",143.99791,0.00000,0.00000,0.00000,0.00000,0.00000,0.00000,0.00000,0.00000,0.00000
"1","3371",188.87753,0.00000,0.00000,0.00000,0.00000,0.00000,0.00000,0.00000,0.00000,0.00000
"1","3372",221.27677,0.00000,0.00000,0.00000,0.00000,0.00000,0.00000,0.00000,0.00000,0.00000
"1","3373",239.69836,0.00000,0.00000,0.00000,0.00000,0.00000,0.00000,0.00000,0.00000,0.00000
"1","3374",244.66525,0.00000,0.00000,0.00000,0.00000,0.00000,0.00000,0.00000,0.00000,0.00000
"1","3375",153.41697,0.00000,0.00000,0.00000,0.00000,0.00000,0.00000,0.00000,0.00000,0.00000
"1","3376",120.39270,0.00000,0.00000,0.00000,0.00000,0.00000,0.00000,0.00000,0.00000,0.00000
"1","3377",98.69064,0.00000,0.00000,0.00000,0.00000,0.00000,0.00000,0.00000,0.00000,0.00000
"1","3378",73.73715,0.00000,4.39398,0.00000,0.00000,0.00000,0.00000,5.65921,0.00000,0.00000
"1","3379",49.05167,0.00000,6.17457,0.00000,0.00000,0.00000,0.00000,5.65921,0.00000,0.00000
"1","3380",28.55654,0.00000,12.43536,0.00000,0.00000,0.00000,0.00000,5.65921,0.00000,0.00000
"1","3381",18.67547,0.00000,34.78933,0.00000,0.00000,0.00000,0.00000,5.65921,0.00000,0.00000
"1","3382",4.31784,0.00000,38.55196,0.00000,0.00000,0.00000,0.00000,5.65921,0.00000,0.00000
"1","3383",0.00000,0.00000,5.03503,0.00000,0.00000,0.00000,0.00000,5.65921,0.00000,0.00000
"1","3384",0.00000,0.00000,0.00000,0.00000,0.00000,0.00000,0.00000,5.65921,0.00000,0.00000
"1","3385",0.00000,0.00000,0.00000,0.00000,0.00000,0.00000,0.00000,5.65921,0.00000,0.00000
"1","3386",0.00000,0.00000,0.00000,0.00000,0.00000,0.00000,0.00000,5.65921,0.00000,0.00000
"1","3387",0.00000,0.00000,0.00000,0.00000,0.00000,0.00000,0.00000,5.65921,0.00000,0.00000
"1","3388",0.00000,0.00000,1.84458,0.00000,0.00000,0.00000,0.00000,5.65921,0.00000,0.00000
"1","3389",0.00000,0.00000,0.00000,0.00000,0.00000,0.00000,0.00000,5.65921,0.00000,0.00000
"1","3390",14.55586,0.00000,0.00000,0.00000,0.00000,0.00000,0.00000,5.65921,0.00000,0.00000
"1","3391",40.22823,0.00000,0.00000,0.00000,0.00000,0.00000,0.00000,5.65921,0.00000,0.00000
"1","3392",81.99419,0.00000,0.00000,0.00000,0.00000,0.00000,0.00000,5.65921,0.00000,0.00000
"1","3393",136.31512,0.00000,0.00000,0.00000,0.00000,0.00000,0.00000,0.00000,0.00000,0.00000
"1","3394",176.66807,0.00000,0.00000,0.00000,0.00000,0.00000,0.00000,0.00000,0.00000,0.00000
"1","3395",223.80400,0.00000,0.00000,0.00000,0.00000,0.00000,0.00000,0.00000,0.00000,0.00000
"1","3396",256.37498,0.00000,0.00000,0.00000,0.00000,0.00000,0.00000,0.00000,0.00000,0.00000
"1","3397",179.24609,0.00000,0.00000,0.00000,0.00000,0.00000,0.00000,0.00000,0.00000,0.00000
"1","3398",184.50083,0.00000,0.00000,0.00000,0.00000,0.00000,0.00000,0.00000,0.00000,0.00000
"1","3399",148.93578,0.00000,0.00000,0.00000,0.00000,0.00000,0.00000,0.00000,0.00000,0.00000
"1","3400",134.13669,0.00000,0.00000,0.00000,0.00000,0.00000,0.00000,0.00000,0.00000,0.00000
"1","3401",111.66398,0.00000,0.00000,0.00000,0.00000,0.00000,0.00000,0.00000,0.00000,0.00000
"1","3402",85.37238,0.00000,0.00000,0.00000,0.00000,0.00000,0.00000,5.65921,0.00000,0.00000
"1","3403",58.41848,0.00000,0.00000,0.00000,0.00000,0.00000,0.00000,5.65921,0.00000,0.00000
"1","3404",35.65048,0.00000,0.49333,0.00000,0.00000,0.00000,0.00000,5.65921,0.00000,0.00000
"1","3405",20.94132,0.00000,8.87507,0.00000,0.00000,0.00000,0.00000,5.65921,0.00000,0.00000
"1","3406",5.07986,0.00000,26.48204,0.00000,0.00000,0.00000,0.00000,5.65921,0.00000,0.00000
"1","3407",0.00000,0.00000,0.00000,0.00000,0.00000,0.00000,0.00000,5.65921,0.00000,0.00000
"1","3408",0.00000,0.00000,0.00000,0.00000,0.00000,0.00000,0.00000,5.65921,0.00000,0.00000
"1","3409",0.00000,0.00000,17.36273,0.00000,0.00000,0.00000,0.00000,5.65921,0.00000,0.00000
"1","3410",0.00000,0.00000,4.41278,0.00000,0.00000,0.00000,0.00000,5.65921,0.00000,0.00000
"1","3411",0.00000,0.00000,3.95790,0.00000,0.00000,0.00000,0.00000,5.65921,0.00000,0.00000
"1","3412",0.00000,0.00000,1.32419,0.00000,0.00000,0.00000,0.00000,5.65921,0.00000,0.00000
"1","3413",0.00000,0.00000,0.00000,0.00000,0.00000,0.00000,0.00000,5.65921,0.00000,0.00000
"1","3414",16.23005,0.00000,0.00000,0.00000,0.00000,0.00000,0.00000,5.65921,0.00000,0.00000
"1","3415",44.18903,0.00000,11.64622,0.00000,0.00000,0.00000,0.00000,5.65921,0.00000,0.00000
"1","3416",92.26179,0.00000,0.00000,0.00000,0.00000,0.00000,0.00000,0.00000,0.00000,0.00000
"1","3417",164.67388,0.00000,0.00000,0.00000,0.00000,0.00000,0.00000,0.00000,0.00000,0.00000
"1","3418",225.99065,0.00000,0.00000,0.00000,0.00000,0.00000,0.00000,0.00000,0.00000,0.00000
"1","3419",280.93226,0.00000,0.00000,0.00000,0.00000,0.00000,0.00000,0.00000,0.00000,0.00000
"1","3420",281.73226,35.55263,0.00000,0.00000,0.00000,0.00000,0.00000,0.00000,0.00000,0.00000
"1","3421",282.03226,55.35050,0.00000,0.00000,0.00000,0.00000,0.00000,0.00000,0.00000,0.00000
"1","3422",282.53226,63.55212,0.00000,0.00000,0.00000,0.00000,0.00000,0.00000,0.00000,0.00000
"1","3423",212.16539,0.00000,0.00000,0.00000,0.00000,0.00000,0.00000,0.00000,0.00000,0.00000
"1","3424",240.62285,0.00000,1.85677,0.00000,0.00000,0.00000,0.00000,0.00000,0.00000,0.00000
"1","3425",199.59552,0.00000,0.00000,0.00000,0.00000,0.00000,0.00000,0.00000,0.00000,0.00000
"1","3426",150.68414,0.00000,0.00000,0.00000,0.00000,0.00000,0.00000,0.00000,0.00000,0.00000
"1","3427",99.90975,0.00000,0.00000,0.00000,0.00000,0.00000,0.00000,0.00000,0.00000,0.00000
"1","3428",55.69436,0.00000,0.00000,0.00000,0.00000,0.00000,0.00000,5.65921,0.00000,0.00000
"1","3429",22.65591,0.00000,0.00000,0.00000,0.00000,0.00000,0.00000,5.65921,0.00000,0.00000
"1","3430",5.59333,0.00000,0.00000,0.00000,0.00000,0.00000,0.00000,5.65921,0.00000,0.00000
"1","3431",0.00000,0.00000,0.00000,0.00000,0.00000,0.00000,0.00000,5.65921,0.00000,0.00000
"1","3432",0.00000,0.00000,34.08285,0.00000,0.00000,0.00000,0.00000,5.65921,0.00000,0.00000
"1","3433",0.00000,0.00000,33.73021,0.00000,0.00000,0.00000,0.00000,5.65921,0.00000,0.00000
"1","3434",0.00000,0.00000,19.92569,0.00000,0.00000,0.00000,0.00000,5.65921,0.00000,0.00000
"1","3435",0.00000,0.00000,10.98951,0.00000,0.00000,0.00000,0.00000,5.65921,0.00000,0.00000
"1","3436",0.00000,0.00000,4.52778,0.00000,0.00000,0.00000,0.00000,5.65921,0.00000,0.00000
"1","3437",0.00000,0.00000,7.69265,0.00000,0.00000,0.00000,0.00000,5.65921,0.00000,0.00000
"1","3438",6.96261,0.00000,4.52778,0.00000,0.00000,0.00000,0.00000,5.65921,0.00000,0.00000
"1","3439",18.50272,0.00000,0.00000,0.00000,0.00000,0.00000,0.00000,5.65921,0.00000,0.00000
"1","3440",35.35205,0.00000,1.31321,0.00000,0.00000,0.00000,0.00000,5.65921,0.00000,0.00000
"1","3441",44.42482,0.00000,0.00000,0.00000,0.00000,0.00000,0.00000,5.65921,0.00000,0.00000
"1","3442",64.74140,0.00000,0.00000,0.00000,0.00000,0.00000,0.00000,5.65921,0.00000,0.00000
"1","3443",84.75266,0.00000,0.00000,0.00000,0.00000,0.00000,0.00000,5.65921,0.00000,0.00000
"1","3444",143.63363,0.00000,0.00000,0.00000,0.00000,0.00000,0.00000,0.00000,0.00000,0.00000
"1","3445",82.59842,0.00000,3.71194,0.00000,0.00000,0.00000,0.00000,5.65921,0.00000,0.00000
"1","3446",128.52589,0.00000,3.35955,0.00000,0.00000,0.00000,0.00000,0.00000,0.00000,0.00000
"1","3447",123.11392,0.00000,0.00000,0.00000,0.00000,0.00000,0.00000,0.00000,0.00000,0.00000
"1","3448",109.66068,0.00000,2.01988,0.00000,0.00000,0.00000,0.00000,0.00000,0.00000,0.00000
"1","3449",89.95032,0.00000,0.63039,0.00000,0.00000,0.00000,0.00000,2.21929,0.00000,0.00000
"1","3450",67.64016,0.00000,0.00000,0.00000,0.00000,0.00000,0.00000,5.65921,0.00000,0.00000
"1","3451",45.91997,0.00000,0.00000,0.00000,0.00000,0.00000,0.00000,5.65921,0.00000,0.00000
"1","3452",53.61849,0.00000,3.81399,0.00000,0.00000,0.00000,0.00000,5.65921,0.00000,0.00000
"1","3453",24.01391,0.00000,13.32357,0.00000,0.00000,0.00000,0.00000,5.65921,0.00000,0.00000
"1","3454",5.37486,0.00000,6.40234,0.00000,0.00000,0.00000,0.00000,5.65921,0.00000,0.00000
"1","3455",0.00000,0.00000,37.09389,0.00000,0.00000,0.00000,0.00000,5.65921,0.00000,0.00000
"1","3456",0.00000,0.00000,4.82508,0.00000,0.00000,0.00000,0.00000,5.65921,0.00000,0.00000
"1","3457",0.00000,0.00000,3.13726,0.00000,0.00000,0.00000,0.00000,5.65921,0.00000,0.00000
"1","3458",0.00000,0.00000,0.00000,0.00000,0.00000,0.00000,0.00000,5.65921,0.00000,0.00000
"1","3459",0.00000,0.00000,0.00000,0.00000,0.00000,0.00000,0.00000,5.65921,0.00000,0.00000
"1","3460",0.00000,0.00000,0.00000,0.00000,0.00000,0.00000,0.00000,5.65921,0.00000,0.00000
"1","3461",0.00000,0.00000,0.00000,0.00000,0.00000,0.00000,0.00000,5.65921,0.00000,0.00000
"1","3462",6.23564,0.00000,0.00000,0.00000,0.00000,0.00000,0.00000,5.65921,0.00000,0.00000
"1","3463",15.70767,0.00000,0.36872,0.00000,0.00000,0.00000,0.00000,5.65921,0.00000,0.00000
"1","3464",29.84506,0.00000,0.00000,0.00000,0.00000,0.00000,0.00000,5.65921,0.00000,0.00000
"1","3465",54.30932,0.00000,0.00000,0.00000,0.00000,0.00000,0.00000,5.65921,0.00000,0.00000
"1","3466",78.42395,0.00000,0.00000,0.00000,0.00000,0.00000,0.00000,5.65921,0.00000,0.00000
"1","3467",102.62178,0.00000,0.00000,0.00000,0.00000,0.00000,0.00000,0.00000,0.00000,0.00000
"1","3468",123.08876,0.00000,0.00000,0.00000,0.00000,0.00000,0.00000,0.00000,0.00000,0.00000
"1","3469",136.73213,0.00000,0.00000,0.00000,0.00000,0.00000,0.00000,0.00000,0.00000,0.00000
"1","3470",131.86489,0.00000,0.52250,0.00000,0.00000,0.00000,0.00000,0.00000,0.00000,0.00000
"1","3471",149.39005,0.00000,0.00000,0.00000,0.00000,0.00000,0.00000,0.00000,0.00000,0.00000
"1","3472",128.98596,0.00000,0.00000,0.00000,0.00000,0.00000,0.00000,0.00000,0.00000,0.00000
"1","3473",105.97481,0.00000,8.21987,0.00000,0.00000,0.00000,0.00000,0.00000,0.00000,0.00000
"1","3474",79.63289,0.00000,0.00000,0.00000,0.00000,0.00000,0.00000,5.65921,0.00000,0.00000
"1","3475",54.39446,0.00000,0.82496,0.00000,0.00000,0.00000,0.00000,5.65921,0.00000,0.00000
"1","3476",34.48217,0.00000,7.95355,0.00000,0.00000,0.00000,0.00000,5.65921,0.00000,0.00000
"1","3477",24.61190,0.00000,41.40770,0.00000,0.00000,0.00000,0.00000,5.65921,0.00000,0.00000
"1","3478",5.40844,0.00000,39.07858,0.00000,0.00000,0.00000,0.00000,5.65921,0.00000,0.00000
"1","3479",0.00000,0.00000,45.58320,0.00000,0.00000,0.00000,0.00000,5.65921,0.00000,0.00000
"1","3480",0.00000,0.00000,47.78110,0.00000,0.00000,0.00000,0.00000,5.65921,0.00000,0.00000
"1","3481",0.00000,0.00000,76.32600,0.00000,0.00000,0.00000,0.00000,0.00000,0.00000,0.00000
"1","3482",0.00000,0.00000,83.02131,0.00000,0.00000,0.00000,0.00000,0.00000,0.00000,0.00000
"1","3483",0.00000,0.00000,42.88716,0.00000,0.00000,0.00000,0.00000,5.65921,0.00000,0.00000
"1","3484",0.00000,0.00000,18.25982,0.00000,0.00000,0.00000,0.00000,5.65921,0.00000,0.00000
"1","3485",0.42733,0.00000,37.79327,0.00000,0.00000,0.00000,0.00000,5.65921,0.00000,0.00000
"1","3486",18.10240,0.00000,27.69039,0.00000,0.00000,0.00000,0.00000,5.65921,0.00000,0.00000
"1","3487",49.47642,0.00000,10.58271,0.00000,0.00000,0.00000,0.00000,5.65921,0.00000,0.00000
"1","3488",109.42750,0.00000,3.25905,0.00000,0.00000,0.00000,0.00000,0.00000,0.00000,0.00000
"1","3489",77.07954,0.00000,3.86408,0.00000,0.00000,0.00000,0.00000,5.65921,0.00000,0.00000
"1","3490",109.04919,0.00000,2.62447,0.00000,0.00000,0.00000,0.00000,0.00000,0.00000,0.00000
"1","3491",143.09132,0.00000,0.23382,0.00000,0.00000,0.00000,0.00000,0.00000,0.00000,0.00000
"1","3492",169.00462,0.00000,0.00000,0.00000,0.00000,0.00000,0.00000,0.00000,0.00000,0.00000
"1","3493",185.15103,0.00000,0.00000,0.00000,0.00000,0.00000,0.00000,0.00000,0.00000,0.00000
"1","3494",189.25342,0.00000,0.00000,0.00000,0.00000,0.00000,0.00000,0.00000,0.00000,0.00000
"1","3495",112.29434,0.00000,0.00000,0.00000,0.00000,0.00000,0.00000,0.00000,0.00000,0.00000
"1","3496",102.27008,0.00000,1.15159,0.00000,0.00000,0.00000,0.00000,0.00000,0.00000,0.00000
"1","3497",85.69844,0.00000,2.91884,0.00000,0.00000,0.00000,0.00000,1.98272,0.00000,0.00000
"1","3498",66.60586,0.00000,0.00000,0.00000,0.00000,0.00000,0.00000,5.65921,0.00000,0.00000
"1","3499",46.18512,0.00000,10.04498,0.00000,0.00000,0.00000,0.00000,5.65921,0.00000,0.00000
"1","3500",27.26312,0.00000,1.87811,0.00000,0.00000,0.00000,0.00000,5.65921,0.00000,0.00000
"1","3501",12.29083,0.00000,0.00000,0.00000,0.00000,0.00000,0.00000,5.65921,0.00000,0.00000
"1","3502",5.16563,0.00000,9.13459,0.00000,0.00000,0.00000,0.00000,5.65921,0.00000,0.00000
"1","3503",0.00000,0.00000,3.60632,0.00000,0.00000,0.00000,0.00000,5.65921,0.00000,0.00000
"1","3504",0.00000,0.00000,0.00000,0.00000,0.00000,0.00000,0.00000,5.65921,0.00000,0.00000
"1","3505",0.00000,0.00000,0.00000,0.00000,0.00000,0.00000,0.00000,5.65921,0.00000,0.00000
"1","3506",0.00000,0.00000,1.24248,0.00000,0.00000,0.00000,0.00000,5.65921,0.00000,0.00000
"1","3507",0.00000,0.00000,1.77440,0.00000,0.00000,0.00000,0.00000,5.65921,0.00000,0.00000
"1","3508",0.00000,0.00000,3.55840,0.00000,0.00000,0.00000,0.00000,5.65921,0.00000,0.00000
"1","3509",0.73209,0.00000,0.00000,0.00000,0.00000,0.00000,0.00000,5.65921,0.00000,0.00000
"1","3510",7.74400,0.00000,0.00000,0.00000,0.00000,0.00000,0.00000,5.65921,0.00000,0.00000
"1","3511",48.16738,0.00000,0.00000,0.00000,0.00000,0.00000,0.00000,5.65921,0.00000,0.00000
"1","3512",129.16398,0.00000,0.00000,0.00000,0.00000,0.00000,0.00000,0.00000,0.00000,0.00000
"1","3513",212.64191,0.00000,0.00000,0.00000,0.00000,0.00000,0.00000,0.00000,0.00000,0.00000
"1","3514",189.08452,88.57453,0.00000,0.00000,0.00000,0.00000,0.00000,0.00000,0.00000,0.00000
"1","3515",275.23226,55.00227,0.00000,0.00000,0.00000,0.00000,0.00000,0.00000,0.00000,0.00000
"1","3516",275.73226,84.50296,0.00000,0.00000,0.00000,0.00000,0.00000,0.00000,0.00000,0.00000
"1","3517",191.28452,168.95070,0.00000,0.00000,0.00000,0.00000,0.00000,0.00000,0.00000,0.00000
"1","3518",237.50073,33.71446,0.00000,0.00000,0.00000,0.00000,0.00000,0.00000,0.00000,0.00000
"1","3519",275.93226,84.30296,0.00000,2.86207,0.00000,0.00000,0.00000,0.00000,0.00000,0.00000
"1","3520",277.23226,50.52728,0.00000,7.51541,0.00000,0.00000,0.00000,0.00000,0.00000,0.00000
"1","3521",276.60685,0.00000,0.09034,0.00000,0.00000,0.00000,0.00000,0.00000,0.00000,0.00000
"1","3522",211.54906,0.00000,10.98904,0.00000,0.00000,0.00000,0.00000,0.00000,0.00000,0.00000
"1","3523",128.50315,0.00000,0.00000,0.00000,0.00000,0.00000,0.00000,0.00000,0.00000,0.00000
"1","3524",53.52077,0.00000,0.00000,0.00000,0.00000,0.00000,0.00000,5.65921,0.00000,0.00000
"1","3525",13.16482,0.00000,0.00000,0.00000,0.00000,0.00000,0.00000,5.65921,0.00000,0.00000
"1","3526",5.60146,0.00000,0.00000,0.00000,0.00000,0.00000,0.00000,5.65921,0.00000,0.00000
"1","3527",0.00000,0.00000,0.00000,0.00000,0.00000,0.00000,0.00000,5.65921,0.00000,0.00000
"1","3528",0.00000,0.00000,0.00000,0.00000,0.00000,0.00000,0.00000,5.65921,0.00000,0.00000
"1","3529",0.00000,0.00000,0.00000,0.00000,0.00000,0.00000,0.00000,5.65921,0.00000,0.00000
"1","3530",0.00000,0.00000,11.87101,0.00000,0.00000,0.00000,0.00000,5.65921,0.00000,0.00000
"1","3531",0.00000,0.00000,9.41078,0.00000,0.00000,0.00000,0.00000,5.65921,0.00000,0.00000
"1","3532",0.00000,0.00000,0.00000,0.00000,0.00000,0.00000,0.00000,5.65921,0.00000,0.00000
"1","3533",0.91220,0.00000,0.00000,0.00000,0.00000,0.00000,0.00000,5.65921,0.00000,0.00000
"1","3534",7.90432,0.00000,3.53953,0.00000,0.00000,0.00000,0.00000,5.65921,0.00000,0.00000
"1","3535",48.26409,0.00000,0.00000,0.00000,0.00000,0.00000,0.00000,5.65921,0.00000,0.00000
"1","3536",127.16503,0.00000,0.00000,0.00000,0.00000,0.00000,0.00000,0.00000,0.00000,0.00000
"1","3537",89.27981,0.00000,0.00000,0.00000,0.00000,0.00000,0.00000,0.00000,0.00000,0.00000
"1","3538",127.62172,0.00000,5.51031,0.00000,0.00000,0.00000,0.00000,0.00000,0.00000,0.00000
"1","3539",162.78572,0.00000,4.30726,0.00000,0.00000,0.00000,0.00000,0.00000,0.00000,0.00000
"1","3540",189.56981,0.00000,5.65749,0.00000,0.00000,0.00000,0.00000,0.00000,0.00000,0.00000
"1","3541",206.54830,0.00000,2.71294,0.00000,0.00000,0.00000,0.00000,0.00000,0.00000,0.00000
"1","3542",210.72665,0.00000,2.85156,0.00000,0.00000,0.00000,0.00000,0.00000,0.00000,0.00000
"1","3543",274.23226,81.77479,0.00000,0.00000,0.00000,0.00000,0.00000,0.00000,0.00000,0.00000
"1","3544",275.43226,45.86311,0.00000,0.00000,0.00000,0.00000,0.00000,0.00000,0.00000,0.00000
"1","3545",270.30038,0.00000,0.00000,0.00000,0.00000,0.00000,0.00000,0.00000,0.00000,0.00000
"1","3546",143.32547,0.00000,0.00000,0.00000,0.00000,0.00000,33.81009,0.00000,0.00000,0.00000
"1","3547",98.67516,0.00000,0.00000,0.00000,0.00000,0.00000,0.00000,0.00000,0.00000,0.00000
"1","3548",58.87275,0.00000,0.00000,0.00000,0.00000,0.00000,0.00000,0.00000,0.00000,0.00000
"1","3549",11.44321,0.00000,21.32885,0.00000,0.00000,0.00000,33.91981,0.00000,0.00000,0.00000
"1","3550",5.15223,0.00000,61.59870,0.00000,0.00000,0.00000,70.89867,0.00000,0.00000,0.00000
"1","3551",0.00000,0.00000,78.05546,0.00000,0.00000,0.00000,0.00000,0.00000,0.00000,0.00000
"1","3552",0.00000,0.00000,54.67197,0.00000,0.00000,0.00000,0.00000,0.00000,0.00000,0.00000
"1","3553",0.00000,0.00000,258.03226,21.23348,0.00000,0.00000,0.00000,0.00000,0.00000,0.00000
"1","3554",0.00000,0.00000,256.43226,24.10824,0.00000,0.00000,0.00000,0.00000,0.00000,0.00000
"1","3555",0.00000,0.00000,94.90157,0.00000,0.00000,0.00000,0.00000,0.00000,0.00000,0.00000
"1","3556",0.00000,0.00000,46.09973,0.00000,0.00000,0.00000,63.54747,0.00000,0.00000,0.00000
"1","3557",0.88531,0.00000,29.18246,0.00000,0.00000,0.00000,22.15120,0.00000,0.00000,0.00000
"1","3558",7.13996,0.00000,67.31941,0.00000,0.00000,0.00000,0.00000,0.00000,0.00000,0.00000
"1","3559",47.98336,0.00000,29.49242,0.00000,0.00000,0.00000,0.00000,0.00000,0.00000,0.00000
"1","3560",126.96185,0.00000,15.07807,0.00000,0.00000,0.00000,0.00000,0.00000,0.00000,0.00000
"1","3561",207.92609,0.00000,0.00000,0.00000,0.00000,0.00000,0.00000,0.00000,0.00000,0.00000
"1","3562",270.54759,0.00000,4.58467,34.67910,0.00000,0.00000,0.00000,0.00000,0.00000,0.00000
"1","3563",189.70058,129.91030,86.93168,0.00000,0.00000,0.00000,0.00000,0.00000,0.00000,0.00000
"1","3564",277.23226,76.34915,0.00000,0.00000,0.00000,0.00000,0.00000,0.00000,0.00000,0.00000
"1","3565",276.93226,83.30296,0.00000,0.00000,0.00000,0.00000,0.00000,0.00000,0.00000,0.00000
"1","3566",187.60141,172.63381,4.88311,0.00000,0.00000,0.00000,0.00000,0.00000,0.00000,0.00000
"1","3567",181.34518,168.89675,13.29425,0.00000,0.00000,0.00000,0.00000,0.00000,0.00000,0.00000
"1","3568",280.03226,36.63534,0.00000,2.13166,0.00000,0.00000,0.00000,0.00000,0.00000,0.00000
"1","3569",267.77364,0.00000,0.00000,0.00000,0.00000,0.00000,0.00000,0.00000,0.00000,0.00000
"1","3570",204.99104,0.00000,0.00000,0.00000,0.00000,0.00000,0.00000,0.00000,0.00000,0.00000
"1","3571",125.33928,0.00000,3.95012,0.00000,0.00000,0.00000,0.00000,0.00000,0.00000,0.00000
"1","3572",48.39664,0.00000,0.00000,0.00000,0.00000,0.00000,0.00000,5.65921,0.00000,0.00000
"1","3573",26.59121,0.00000,0.00000,0.00000,0.00000,0.00000,0.00000,5.65921,0.00000,0.00000
"1","3574",5.80126,0.00000,38.37070,0.00000,0.00000,0.00000,0.00000,5.65921,0.00000,0.00000
"1","3575",0.00000,0.00000,24.47848,0.00000,0.00000,0.00000,0.00000,5.65921,0.00000,0.00000
"1","3576",0.00000,0.00000,0.00000,0.00000,0.00000,0.00000,0.00000,5.65921,0.00000,0.00000
"1","3577",0.00000,0.00000,0.00000,0.00000,0.00000,0.00000,0.00000,5.65921,0.00000,0.00000
"1","3578",0.00000,0.00000,0.00000,0.00000,0.00000,0.00000,0.00000,5.65921,0.00000,0.00000
"1","3579",0.00000,0.00000,0.00000,0.00000,0.00000,0.00000,0.00000,5.65921,0.00000,0.00000
"1","3580",0.00000,0.00000,0.00000,0.00000,0.00000,0.00000,0.00000,5.65921,0.00000,0.00000
"1","3581",1.77562,0.00000,4.22922,0.00000,0.00000,0.00000,0.00000,5.65921,0.00000,0.00000
"1","3582",8.74042,0.00000,2.77103,0.00000,0.00000,0.00000,0.00000,5.65921,0.00000,0.00000
"1","3583",47.12747,0.00000,0.00000,0.00000,0.00000,0.00000,0.00000,5.65921,0.00000,0.00000
"1","3584",122.74190,0.00000,0.00000,0.00000,0.00000,0.00000,0.00000,0.00000,0.00000,0.00000
"1","3585",158.62189,0.00000,0.00000,0.00000,0.00000,0.00000,0.00000,0.00000,0.00000,0.00000
"1","3586",215.13479,0.00000,0.00000,0.00000,0.00000,0.00000,0.00000,0.00000,0.00000,0.00000
"1","3587",260.82666,0.00000,0.00000,0.00000,0.00000,0.00000,0.00000,0.00000,0.00000,0.00000
"1","3588",283.13226,13.65808,0.00000,0.00000,0.00000,0.00000,0.00000,0.00000,0.00000,0.00000
"1","3589",283.93226,34.62447,0.00000,0.00000,0.00000,0.00000,0.00000,0.00000,0.00000,0.00000
"1","3590",267.91974,0.00000,11.52136,0.00000,0.00000,0.00000,0.00000,0.00000,0.00000,0.00000
"1","3591",257.22255,0.00000,14.49514,0.00000,0.00000,0.00000,0.00000,0.00000,0.00000,0.00000
"1","3592",11.32662,0.00000,21.09827,0.00000,0.00000,0.00000,0.00000,5.65921,0.00000,0.00000
"1","3593",8.74183,0.00000,101.30523,0.00000,0.00000,0.00000,0.00000,0.00000,0.00000,0.00000
"1","3594",6.15340,0.00000,17.99544,0.00000,0.00000,0.00000,0.00000,5.65921,0.00000,0.00000
"1","3595",3.91469,0.00000,0.00000,0.00000,0.00000,0.00000,0.00000,5.65921,0.00000,0.00000
"1","3596",2.02480,0.00000,41.08840,0.00000,0.00000,0.00000,0.00000,5.65921,0.00000,0.00000
"1","3597",20.53960,0.00000,37.60257,0.00000,0.00000,0.00000,0.00000,5.65921,0.00000,0.00000
"1","3598",4.36890,0.00000,7.46555,0.00000,0.00000,0.00000,0.00000,5.65921,0.00000,0.00000
"1","3599",0.00000,0.00000,30.61028,0.00000,0.00000,0.00000,0.00000,5.65921,0.00000,0.00000
"1","3600",0.00000,0.00000,75.87727,0.00000,0.00000,0.00000,0.00000,0.00000,0.00000,0.00000
"1","3601",0.00000,0.00000,58.82169,0.00000,0.00000,0.00000,0.00000,5.65921,0.00000,0.00000
"1","3602",0.00000,0.00000,63.42221,0.00000,0.00000,0.00000,0.00000,4.17779,0.00000,0.00000
"1","3603",0.00000,0.00000,37.52431,0.00000,0.00000,0.00000,0.00000,5.65921,0.00000,0.00000
"1","3604",0.00000,0.00000,35.22574,0.00000,0.00000,0.00000,0.00000,5.65921,0.00000,0.00000
"1","3605",0.00000,0.00000,18.89981,0.00000,0.00000,0.00000,0.00000,5.65921,0.00000,0.00000
"1","3606",6.18983,0.00000,0.00000,0.00000,0.00000,0.00000,0.00000,5.65921,0.00000,0.00000
"1","3607",46.30984,0.00000,10.77490,0.00000,0.00000,0.00000,0.00000,5.65921,0.00000,0.00000
"1","3608",89.53476,0.00000,0.00000,0.00000,0.00000,0.00000,0.00000,0.00000,0.00000,0.00000
"1","3609",19.26253,0.00000,0.00000,0.00000,0.00000,0.00000,0.00000,5.65921,0.00000,0.00000
"1","3610",28.33487,0.00000,0.00000,0.00000,0.00000,0.00000,0.00000,5.65921,0.00000,0.00000
"1","3611",37.80516,0.00000,0.00000,0.00000,0.00000,0.00000,0.00000,5.65921,0.00000,0.00000
"1","3612",46.58849,0.00000,0.00000,0.00000,0.00000,0.00000,0.00000,5.65921,0.00000,0.00000
"1","3613",72.80250,0.00000,0.00000,0.00000,0.00000,0.00000,0.00000,5.65921,0.00000,0.00000
"1","3614",83.13057,0.00000,0.00000,0.00000,0.00000,0.00000,0.00000,5.65921,0.00000,0.00000
"1","3615",127.32613,0.00000,0.00000,0.00000,0.00000,0.00000,0.00000,0.00000,0.00000,0.00000
"1","3616",113.05628,0.00000,0.00000,0.00000,0.00000,0.00000,0.00000,0.00000,0.00000,0.00000
"1","3617",93.23514,0.00000,0.00000,0.00000,0.00000,0.00000,0.00000,0.36486,0.00000,0.00000
"1","3618",212.61191,0.00000,0.00000,0.00000,0.00000,0.00000,0.00000,0.00000,0.00000,0.00000
"1","3619",130.40728,0.00000,18.80838,0.00000,0.00000,0.00000,0.00000,0.00000,0.00000,0.00000
"1","3620",50.40865,0.00000,0.00000,0.00000,0.00000,0.00000,0.00000,5.65921,0.00000,0.00000
"1","3621",12.26287,0.00000,8.92638,0.00000,0.00000,0.00000,0.00000,5.65921,0.00000,0.00000
"1","3622",5.36320,0.00000,32.97479,0.00000,0.00000,0.00000,0.00000,5.65921,0.00000,0.00000
"1","3623",0.00000,0.00000,11.23288,0.00000,0.00000,0.00000,0.00000,5.65921,0.00000,0.00000
"1","3624",0.00000,0.00000,0.46764,0.00000,0.00000,0.00000,0.00000,5.65921,0.00000,0.00000
"1","3625",0.00000,0.00000,0.00000,0.00000,0.00000,0.00000,0.00000,0.00000,0.00000,0.00000
"1","3626",0.00000,0.00000,32.81407,0.00000,0.00000,0.00000,0.00000,0.00000,0.00000,0.00000
"1","3627",0.00000,0.00000,46.88270,0.00000,0.00000,0.00000,0.00000,0.00000,0.00000,0.00000
"1","3628",0.00000,0.00000,65.97788,0.00000,0.00000,0.00000,0.00000,0.00000,0.00000,0.00000
"1","3629",2.23663,0.00000,53.09370,0.00000,0.00000,0.00000,0.00000,0.00000,0.00000,0.00000
"1","3630",19.99961,0.00000,34.12581,0.00000,0.00000,0.00000,0.00000,0.00000,0.00000,0.00000
"1","3631",49.53061,0.00000,16.94500,0.00000,0.00000,0.00000,0.00000,0.00000,0.00000,0.00000
"1","3632",103.69769,0.00000,0.00000,0.00000,0.00000,0.00000,0.00000,0.00000,0.00000,0.00000
"1","3633",112.39206,0.00000,0.00000,0.00000,0.00000,0.00000,0.00000,0.00000,0.00000,0.00000
"1","3634",157.68772,0.00000,0.00000,0.00000,0.00000,0.00000,0.00000,0.00000,0.00000,0.00000
"1","3635",201.92827,0.00000,0.00000,0.00000,0.00000,0.00000,0.00000,0.00000,0.00000,0.00000
"1","3636",234.57762,0.00000,2.51097,0.00000,0.00000,0.00000,0.00000,0.00000,0.00000,0.00000
"1","3637",253.66875,0.00000,6.38346,0.00000,0.00000,0.00000,0.00000,0.00000,0.00000,0.00000
"1","3638",239.68593,49.31663,42.74633,0.00000,0.00000,0.00000,0.00000,0.00000,0.00000,0.00000
"1","3639",280.16887,0.00000,0.00000,0.00000,0.00000,0.00000,0.00000,0.00000,0.00000,0.00000
"1","3640",251.92330,0.00000,0.00000,0.00000,0.00000,0.00000,0.00000,0.00000,0.00000,0.00000
"1","3641",209.04747,0.00000,0.00000,0.00000,0.00000,0.00000,0.00000,0.00000,0.00000,0.00000
"1","3642",160.93626,0.00000,17.03998,0.00000,0.00000,0.00000,0.00000,0.00000,0.00000,0.00000
"1","3643",107.55627,0.00000,39.00182,0.00000,0.00000,0.00000,0.00000,0.00000,0.00000,0.00000
"1","3644",57.59413,0.00000,30.63102,0.00000,0.00000,0.00000,0.00000,0.00000,0.00000,0.00000
"1","3645",30.74764,0.00000,42.97466,0.00000,0.00000,0.00000,0.00000,0.00000,0.00000,0.00000
"1","3646",8.67647,0.00000,28.29247,0.00000,0.00000,0.00000,0.00000,0.00000,0.00000,0.00000
"1","3647",0.00000,0.00000,33.57481,0.00000,0.00000,0.00000,0.00000,0.00000,0.00000,0.00000
"1","3648",0.00000,0.00000,18.90448,0.00000,0.00000,0.00000,0.00000,0.00000,0.00000,0.00000
"1","3649",0.00000,0.00000,5.06630,0.00000,0.00000,0.00000,0.00000,0.00000,0.00000,0.00000
"1","3650",0.00000,0.00000,0.69060,0.00000,0.00000,0.00000,0.00000,0.00000,0.00000,0.00000
"1","3651",0.00000,0.00000,19.86554,0.00000,0.00000,0.00000,0.00000,0.00000,0.00000,0.00000
"1","3652",0.00000,0.00000,22.28254,0.00000,0.00000,0.00000,0.00000,0.00000,0.00000,0.00000
"1","3653",0.64347,0.00000,7.11917,0.00000,0.00000,0.00000,0.00000,0.00000,0.00000,0.00000
"1","3654",8.16406,0.00000,4.57319,0.00000,0.00000,0.00000,0.00000,0.00000,0.00000,0.00000
"1","3655",46.02403,0.00000,0.09577,0.00000,0.00000,0.00000,0.00000,0.00000,0.00000,0.00000
"1","3656",87.58419,0.00000,0.00000,0.00000,0.00000,0.00000,0.00000,0.00000,0.00000,0.00000
"1","3657",140.30044,0.00000,0.00000,0.00000,0.00000,0.00000,0.00000,0.00000,0.00000,0.00000
"1","3658",275.82942,0.00000,0.00000,0.00000,0.00000,0.00000,0.00000,0.00000,0.00000,0.00000
"1","3659",183.26576,0.00000,0.00000,0.00000,0.00000,0.00000,0.00000,0.00000,0.00000,0.00000
"1","3660",217.20921,0.00000,0.00000,0.00000,0.00000,0.00000,0.00000,0.00000,0.00000,0.00000
"1","3661",236.93553,0.00000,0.00000,0.00000,0.00000,0.00000,0.00000,0.00000,0.00000,0.00000
"1","3662",267.55449,0.00000,0.00000,0.00000,0.00000,0.00000,0.00000,0.00000,0.00000,0.00000
"1","3663",72.32647,0.00000,0.00000,0.00000,0.00000,0.00000,0.00000,0.00000,0.00000,0.00000
"1","3664",66.04710,0.00000,0.00000,0.00000,0.00000,0.00000,0.00000,0.00000,0.00000,0.00000
"1","3665",56.62417,0.00000,43.12241,0.00000,0.00000,0.00000,0.00000,0.00000,0.00000,0.00000
"1","3666",19.40995,24.97883,262.22231,0.00000,0.00000,0.00000,0.00000,0.00000,0.00000,0.00000
"1","3667",31.30645,0.00000,81.23796,0.00000,0.00000,0.00000,0.00000,0.00000,0.00000,0.00000
"1","3668",63.46182,0.00000,205.63998,0.00000,0.00000,0.00000,0.00000,0.00000,0.00000,0.00000
"1","3669",30.39405,0.00000,33.62216,0.00000,0.00000,0.00000,0.00000,0.00000,0.00000,0.00000
"1","3670",9.41238,0.00000,54.63928,0.00000,0.00000,0.00000,0.00000,0.00000,0.00000,0.00000
"1","3671",0.00000,0.00000,39.55711,0.00000,0.00000,0.00000,0.00000,0.00000,0.00000,0.00000
"1","3672",0.00000,0.00000,28.09318,0.00000,0.00000,0.00000,0.00000,0.00000,0.00000,0.00000
"1","3673",0.00000,0.00000,5.86278,0.00000,0.00000,0.00000,0.00000,0.00000,0.00000,0.00000
"1","3674",0.00000,0.00000,11.73158,0.00000,0.00000,0.00000,0.00000,0.00000,0.00000,0.00000
"1","3675",0.00000,0.00000,29.92117,0.00000,0.00000,0.00000,0.00000,0.00000,0.00000,0.00000
"1","3676",0.00000,0.00000,56.79170,0.00000,0.00000,0.00000,0.00000,0.00000,0.00000,0.00000
"1","3677",3.14915,0.00000,57.50211,0.00000,0.00000,0.00000,0.00000,0.00000,0.00000,0.00000
"1","3678",16.14520,0.00000,47.79371,0.00000,0.00000,0.00000,0.00000,0.00000,0.00000,0.00000
"1","3679",56.57483,0.00000,8.19650,0.00000,0.00000,0.00000,0.00000,0.00000,0.00000,0.00000
"1","3680",130.21232,0.00000,0.00000,0.00000,0.00000,0.00000,0.00000,0.00000,0.00000,0.00000
"1","3681",212.83832,0.00000,0.00000,0.00000,0.00000,0.00000,0.00000,0.00000,0.00000,0.00000
"1","3682",275.31420,0.00000,0.00000,0.00000,0.00000,0.00000,0.00000,0.00000,0.00000,0.00000
"1","3683",277.53226,47.45768,0.00000,0.00000,0.00000,0.00000,0.00000,0.00000,0.00000,0.00000
"1","3684",276.93226,80.76606,0.00000,0.00000,0.00000,0.00000,0.00000,0.00000,0.00000,0.00000
"1","3685",275.93226,84.30296,0.00000,0.00000,0.00000,0.00000,0.00000,0.00000,0.00000,0.00000
"1","3686",189.90361,0.00000,23.16982,0.00000,0.00000,0.00000,0.00000,0.00000,0.00000,0.00000
"1","3687",249.27513,0.00000,25.75713,8.17284,0.00000,0.00000,0.00000,0.00000,0.00000,0.00000
"1","3688",225.41254,0.00000,13.62205,0.00000,0.00000,0.00000,0.00000,0.00000,0.00000,0.00000
"1","3689",188.51615,0.00000,2.19522,0.00000,0.00000,0.00000,0.00000,0.00000,0.00000,0.00000
"1","3690",146.49950,0.00000,15.86758,0.00000,0.00000,0.00000,0.00000,0.00000,0.00000,0.00000
"1","3691",102.05480,0.00000,10.02686,0.00000,0.00000,0.00000,0.00000,0.00000,0.00000,0.00000
"1","3692",27.38135,0.00000,0.93932,0.00000,0.00000,0.00000,0.00000,0.00000,0.00000,0.00000
"1","3693",24.56623,0.00000,10.31179,0.00000,0.00000,0.00000,0.00000,0.00000,0.00000,0.00000
"1","3694",6.24701,0.00000,8.05487,0.00000,0.00000,0.00000,0.00000,0.00000,0.00000,0.00000
"1","3695",0.00000,0.00000,10.29554,0.00000,0.00000,0.00000,0.00000,0.00000,0.00000,0.00000
"1","3696",0.00000,0.00000,0.00000,0.00000,0.00000,0.00000,0.00000,0.00000,0.00000,0.00000
"1","3697",0.00000,0.00000,3.87136,0.00000,0.00000,0.00000,0.00000,0.00000,0.00000,0.00000
"1","3698",0.00000,0.00000,13.54080,0.00000,0.00000,0.00000,0.00000,0.00000,0.00000,0.00000
"1","3699",0.00000,0.00000,9.85185,0.00000,0.00000,0.00000,0.00000,0.00000,0.00000,0.00000
"1","3700",0.00000,0.00000,5.75023,0.00000,0.00000,0.00000,0.00000,0.00000,0.00000,0.00000
"1","3701",0.17150,0.00000,7.77724,0.00000,0.00000,0.00000,0.00000,0.00000,0.00000,0.00000
"1","3702",7.42451,0.00000,0.00000,0.00000,0.00000,0.00000,0.00000,0.00000,0.00000,0.00000
"1","3703",20.45140,0.00000,0.00000,0.00000,0.00000,0.00000,0.00000,0.00000,0.00000,0.00000
"1","3704",38.69090,0.00000,0.00000,0.00000,0.00000,0.00000,0.00000,0.00000,0.00000,0.00000
"1","3705",90.79450,0.00000,0.00000,0.00000,0.00000,0.00000,0.00000,0.00000,0.00000,0.00000
"1","3706",129.03240,0.00000,0.00000,0.00000,0.00000,0.00000,0.00000,0.00000,0.00000,0.00000
"1","3707",162.97342,0.00000,0.00000,0.00000,0.00000,0.00000,0.00000,0.00000,0.00000,0.00000
"1","3708",190.08503,0.00000,0.00000,0.00000,0.00000,0.00000,0.00000,0.00000,0.00000,0.00000
"1","3709",206.24933,0.00000,0.00000,0.00000,0.00000,0.00000,0.00000,0.00000,0.00000,0.00000
"1","3710",266.80948,0.00000,0.00000,0.00000,0.00000,0.00000,0.00000,0.00000,0.00000,0.00000
"1","3711",255.56224,0.00000,0.00000,0.00000,0.00000,0.00000,0.00000,0.00000,0.00000,0.00000
"1","3712",203.02982,0.00000,2.42210,0.00000,0.00000,0.00000,0.00000,0.00000,0.00000,0.00000
"1","3713",190.53155,0.00000,2.76172,0.00000,0.00000,0.00000,0.00000,0.00000,0.00000,0.00000
"1","3714",147.64169,0.00000,0.29775,0.00000,0.00000,0.00000,0.00000,0.00000,0.00000,0.00000
"1","3715",102.82352,0.00000,5.46563,0.00000,0.00000,0.00000,0.00000,0.00000,0.00000,0.00000
"1","3716",62.89048,0.00000,0.91089,0.00000,0.00000,0.00000,0.00000,0.00000,0.00000,0.00000
"1","3717",31.83289,0.00000,12.09710,0.00000,0.00000,0.00000,0.00000,0.00000,0.00000,0.00000
"1","3718",8.00218,0.00000,44.27239,0.00000,0.00000,0.00000,0.00000,0.00000,0.00000,0.00000
"1","3719",0.42904,0.00000,41.57113,0.00000,0.00000,0.00000,0.00000,0.00000,0.00000,0.00000
"1","3720",0.00000,0.00000,45.02987,0.00000,0.00000,0.00000,0.00000,0.00000,0.00000,0.00000
"1","3721",0.00000,0.00000,32.01485,0.00000,0.00000,0.00000,0.00000,0.00000,0.00000,0.00000
"1","3722",0.00000,0.00000,33.95920,0.00000,0.00000,0.00000,0.00000,0.00000,0.00000,0.00000
"1","3723",0.00000,0.00000,9.77854,0.00000,0.00000,0.00000,0.00000,0.00000,0.00000,0.00000
"1","3724",0.00000,0.00000,4.82946,0.00000,0.00000,0.00000,0.00000,0.00000,0.00000,0.00000
"1","3725",2.08469,0.00000,3.15708,0.00000,0.00000,0.00000,0.00000,0.00000,0.00000,0.00000
"1","3726",8.11974,0.00000,5.88569,0.00000,0.00000,0.00000,0.00000,0.00000,0.00000,0.00000
"1","3727",50.61523,0.00000,0.00000,0.00000,0.00000,0.00000,0.00000,0.00000,0.00000,0.00000
"1","3728",128.39043,0.00000,0.00000,0.00000,0.00000,0.00000,0.00000,0.00000,0.00000,0.00000
"1","3729",207.43264,0.00000,0.00000,0.00000,0.00000,0.00000,0.00000,0.00000,0.00000,0.00000
"1","3730",270.54178,0.00000,0.00000,0.00000,0.00000,0.00000,0.00000,0.00000,0.00000,0.00000
"1","3731",279.23226,40.20591,0.00000,0.00000,0.00000,0.00000,0.00000,0.00000,0.00000,0.00000
"1","3732",281.73226,72.15925,0.00000,0.00000,0.00000,0.00000,0.00000,0.00000,0.00000,0.00000
"1","3733",229.86567,0.00000,0.00000,0.00000,0.00000,0.00000,0.00000,0.00000,0.00000,0.00000
"1","3734",235.08655,0.00000,32.43603,0.00000,0.00000,0.00000,0.00000,0.00000,0.00000,0.00000
"1","3735",107.91571,0.00000,0.00000,0.00000,0.00000,0.00000,0.00000,0.00000,0.00000,0.00000
"1","3736",96.43868,0.00000,0.00000,0.00000,0.00000,0.00000,0.00000,0.00000,0.00000,0.00000
"1","3737",79.64305,0.00000,0.00000,0.00000,0.00000,0.00000,0.00000,0.00000,0.00000,0.00000
"1","3738",60.39083,0.00000,0.00000,0.00000,0.00000,0.00000,0.00000,0.00000,0.00000,0.00000
"1","3739",41.44686,0.00000,26.07561,0.00000,0.00000,0.00000,0.00000,0.00000,0.00000,0.00000
"1","3740",46.35570,0.00000,0.00000,0.00000,0.00000,0.00000,0.00000,0.00000,0.00000,0.00000
"1","3741",22.72785,0.00000,0.00000,0.00000,0.00000,0.00000,0.00000,0.00000,0.00000,0.00000
"1","3742",5.50988,0.00000,0.00000,0.00000,0.00000,0.00000,0.00000,0.00000,0.00000,0.00000
"1","3743",0.00000,0.00000,0.00000,0.00000,0.00000,0.00000,0.00000,0.00000,0.00000,0.00000
"1","3744",0.00000,0.00000,0.00000,0.00000,0.00000,0.00000,0.00000,0.00000,0.00000,0.00000
"1","3745",0.00000,0.00000,0.00000,0.00000,0.00000,0.00000,0.00000,0.00000,0.00000,0.00000
"1","3746",0.00000,0.00000,0.00000,0.00000,0.00000,0.00000,0.00000,0.00000,0.00000,0.00000
"1","3747",0.00000,0.00000,0.00000,0.00000,0.00000,0.00000,0.00000,0.00000,0.00000,0.00000
"1","3748",0.00000,0.00000,0.00000,0.00000,0.00000,0.00000,0.00000,0.00000,0.00000,0.00000
"1","3749",2.38136,0.00000,0.00000,0.00000,0.00000,0.00000,0.00000,0.00000,0.00000,0.00000
"1","3750",9.45437,0.00000,0.00000,0.00000,0.00000,0.00000,0.00000,0.00000,0.00000,0.00000
"1","3751",50.19047,0.00000,0.00000,0.00000,0.00000,0.00000,0.00000,0.00000,0.00000,0.00000
"1","3752",126.20329,0.00000,0.00000,0.00000,0.00000,0.00000,0.00000,0.00000,0.00000,0.00000
"1","3753",205.38773,0.00000,0.00000,0.00000,0.00000,0.00000,0.00000,0.00000,0.00000,0.00000
"1","3754",267.41855,0.00000,0.00000,0.00000,0.00000,0.00000,0.00000,0.00000,0.00000,0.00000
"1","3755",281.53226,34.89877,0.00000,0.00000,0.00000,0.00000,0.00000,0.00000,0.00000,0.00000
"1","3756",282.53226,68.85330,0.00000,0.71669,0.00000,0.00000,0.00000,0.00000,0.00000,0.00000
"1","3757",284.03226,76.20296,0.00000,6.84378,0.00000,0.00000,0.00000,0.00000,0.00000,0.00000
"1","3758",283.23226,77.00296,0.00000,2.97926,0.00000,0.00000,0.00000,0.00000,0.00000,0.00000
"1","3759",22.66747,0.00000,0.00000,0.00000,0.00000,0.00000,0.00000,0.00000,0.00000,0.00000
"1","3760",19.64249,0.00000,13.77063,0.00000,0.00000,0.00000,0.00000,0.00000,0.00000,0.00000
"1","3761",15.49559,0.00000,15.37757,0.00000,0.00000,0.00000,0.00000,0.00000,0.00000,0.00000
"1","3762",11.34801,0.00000,23.52405,0.00000,0.00000,0.00000,0.00000,0.00000,0.00000,0.00000
"1","3763",7.21407,0.00000,0.00000,0.00000,0.00000,0.00000,0.00000,0.00000,0.00000,0.00000
"1","3764",4.20329,0.00000,0.00000,0.00000,0.00000,0.00000,0.00000,0.00000,0.00000,0.00000
"1","3765",25.37442,0.00000,1.41870,0.00000,0.00000,0.00000,0.00000,0.00000,0.00000,0.00000
"1","3766",6.71162,0.00000,39.83045,0.00000,0.00000,0.00000,0.00000,0.00000,0.00000,0.00000
"1","3767",0.17544,0.00000,117.34847,0.00000,0.00000,0.00000,0.00000,0.00000,0.00000,0.00000
"1","3768",0.00000,0.00000,7.57779,0.00000,0.00000,0.00000,0.00000,0.00000,0.00000,0.00000
"1","3769",0.00000,0.00000,12.49288,0.00000,0.00000,0.00000,0.00000,0.00000,0.00000,0.00000
"1","3770",0.00000,0.00000,9.10488,0.00000,0.00000,0.00000,0.00000,0.00000,0.00000,0.00000
"1","3771",0.00000,0.00000,6.82191,0.00000,0.00000,0.00000,0.00000,0.00000,0.00000,0.00000
"1","3772",0.00000,0.00000,0.00000,0.00000,0.00000,0.00000,0.00000,0.00000,0.00000,0.00000
"1","3773",2.45083,0.00000,0.00000,0.00000,0.00000,0.00000,0.00000,0.00000,0.00000,0.00000
"1","3774",8.18278,0.00000,0.00000,0.00000,0.00000,0.00000,0.00000,0.00000,0.00000,0.00000
"1","3775",51.87013,0.00000,0.00000,0.00000,0.00000,0.00000,0.00000,0.00000,0.00000,0.00000
"1","3776",130.07299,0.00000,0.00000,0.00000,0.00000,0.00000,0.00000,0.00000,0.00000,0.00000
"1","3777",208.66384,0.00000,0.00000,0.00000,0.00000,0.00000,0.00000,0.00000,0.00000,0.00000
"1","3778",270.79625,0.00000,0.00000,0.00000,0.00000,0.00000,0.00000,0.00000,0.00000,0.00000
"1","3779",281.33226,39.26890,0.00000,0.00000,0.00000,0.00000,0.00000,0.00000,0.00000,0.00000
"1","3780",281.33226,74.19246,0.00000,0.00000,0.00000,0.00000,0.00000,0.00000,0.00000,0.00000
"1","3781",196.68452,163.55070,0.00000,0.00000,0.00000,0.00000,0.00000,0.00000,0.00000,0.00000
"1","3782",280.83226,79.40296,0.00000,0.00000,0.00000,0.00000,0.00000,0.00000,0.00000,0.00000
"1","3783",281.13226,74.45874,0.00000,0.00000,0.00000,0.00000,0.00000,0.00000,0.00000,0.00000
"1","3784",213.11678,109.58250,0.00000,0.00000,0.00000,0.00000,0.00000,0.00000,0.00000,0.00000
"1","3785",272.92340,0.00000,1.07766,0.00000,0.00000,0.00000,0.00000,0.00000,0.00000,0.00000
"1","3786",194.18452,18.15309,0.00000,36.06857,0.00000,0.00000,0.00000,0.00000,0.00000,0.00000
"1","3787",132.82179,0.00000,6.35007,0.00000,0.00000,0.00000,0.00000,0.00000,0.00000,0.00000
"1","3788",44.19561,0.00000,0.00000,0.00000,0.00000,0.00000,0.00000,0.00000,0.00000,0.00000
"1","3789",22.93553,0.00000,0.00000,0.00000,0.00000,0.00000,0.00000,0.00000,0.00000,0.00000
"1","3790",7.10333,0.00000,0.00000,0.00000,0.00000,0.00000,0.00000,0.00000,0.00000,0.00000
"1","3791",0.67815,0.00000,0.13004,0.00000,0.00000,0.00000,0.00000,0.00000,0.00000,0.00000
"1","3792",0.00000,0.00000,8.61770,0.00000,0.00000,0.00000,0.00000,0.00000,0.00000,0.00000
"1","3793",0.00000,0.00000,15.90176,0.00000,0.00000,0.00000,0.00000,0.00000,0.00000,0.00000
"1","3794",0.00000,0.00000,1.40004,0.00000,0.00000,0.00000,0.00000,0.00000,0.00000,0.00000
"1","3795",0.00000,0.00000,0.00000,0.00000,0.00000,0.00000,0.00000,0.00000,0.00000,0.00000
"1","3796",0.00000,0.00000,0.00000,0.00000,0.00000,0.00000,0.00000,0.00000,0.00000,0.00000
"1","3797",4.40096,0.00000,0.00000,0.00000,0.00000,0.00000,0.00000,0.00000,0.00000,0.00000
"1","3798",22.00407,0.00000,5.72198,0.00000,0.00000,0.00000,0.00000,0.00000,0.00000,0.00000
"1","3799",55.20091,0.00000,0.00000,0.00000,0.00000,0.00000,0.00000,0.00000,0.00000,0.00000
"1","3800",114.65999,0.00000,0.00000,0.00000,0.00000,0.00000,0.00000,0.00000,0.00000,0.00000
"1","3801",22.14490,0.00000,0.00000,0.00000,0.00000,0.00000,0.00000,0.00000,0.00000,0.00000
"1","3802",32.41259,0.00000,0.00000,0.00000,0.00000,0.00000,0.00000,0.00000,0.00000,0.00000
"1","3803",42.76780,0.00000,0.00000,0.00000,0.00000,0.00000,0.00000,0.00000,0.00000,0.00000
"1","3804",52.42841,0.00000,0.00000,0.00000,0.00000,0.00000,0.00000,0.00000,0.00000,0.00000
"1","3805",58.93467,0.00000,0.00000,0.00000,0.00000,0.00000,0.00000,0.00000,0.00000,0.00000
"1","3806",9.91783,0.00000,0.00000,0.00000,0.00000,0.00000,0.00000,0.00000,0.00000,0.00000
"1","3807",32.41501,0.00000,0.00000,0.00000,0.00000,0.00000,0.00000,0.00000,0.00000,0.00000
"1","3808",36.54522,0.00000,35.60536,0.00000,0.00000,0.00000,0.00000,0.00000,0.00000,0.00000
"1","3809",29.49443,0.00000,28.11410,0.00000,0.00000,0.00000,0.00000,0.00000,0.00000,0.00000
"1","3810",22.04384,0.00000,1.70940,0.00000,0.00000,0.00000,0.00000,0.00000,0.00000,0.00000
"1","3811",14.97229,0.00000,3.44196,0.00000,0.00000,0.00000,0.00000,0.00000,0.00000,0.00000
"1","3812",9.03828,0.00000,0.00000,0.00000,0.00000,0.00000,0.00000,0.00000,0.00000,0.00000
"1","3813",32.51259,0.00000,27.80909,0.00000,0.00000,0.00000,0.00000,0.00000,0.00000,0.00000
"1","3814",11.50485,0.00000,10.53770,0.00000,0.00000,0.00000,0.00000,0.00000,0.00000,0.00000
"1","3815",1.71475,0.00000,0.00000,0.00000,0.00000,0.00000,0.00000,0.00000,0.00000,0.00000
"1","3816",0.00000,0.00000,0.00000,0.00000,0.00000,0.00000,0.00000,0.00000,0.00000,0.00000
"1","3817",0.00000,0.00000,0.00000,0.00000,0.00000,0.00000,0.00000,0.00000,0.00000,0.00000
"1","3818",0.00000,0.00000,0.00000,0.00000,0.00000,0.00000,0.00000,0.00000,0.00000,0.00000
"1","3819",0.00000,0.00000,35.49078,0.00000,0.00000,0.00000,0.00000,0.00000,0.00000,0.00000
"1","3820",0.00000,0.00000,25.50650,0.00000,0.00000,0.00000,0.00000,0.00000,0.00000,0.00000
"1","3821",4.78717,0.00000,35.07333,0.00000,0.00000,0.00000,0.00000,0.00000,0.00000,0.00000
"1","3822",21.73031,0.00000,15.42277,0.00000,0.00000,0.00000,0.00000,0.00000,0.00000,0.00000
"1","3823",53.02345,0.00000,11.00791,0.00000,0.00000,0.00000,0.00000,0.00000,0.00000,0.00000
"1","3824",107.56594,0.00000,2.07509,0.00000,0.00000,0.00000,0.00000,0.00000,0.00000,0.00000
"1","3825",61.72120,0.00000,0.00000,0.00000,0.00000,0.00000,0.00000,0.00000,0.00000,0.00000
"1","3826",85.78745,0.00000,0.00000,0.00000,0.00000,0.00000,0.00000,0.00000,0.00000,0.00000
"1","3827",108.07197,0.00000,0.00000,0.00000,0.00000,0.00000,0.00000,0.00000,0.00000,0.00000
"1","3828",139.53898,0.00000,0.00000,0.00000,0.00000,0.00000,0.00000,0.00000,0.00000,0.00000
"1","3829",141.16833,0.00000,0.00000,0.00000,0.00000,0.00000,0.00000,0.00000,0.00000,0.00000
"1","3830",74.21222,0.00000,0.00000,0.00000,0.00000,0.00000,0.00000,0.00000,0.00000,0.00000
"1","3831",71.40101,0.00000,0.00000,0.00000,0.00000,0.00000,0.00000,0.00000,0.00000,0.00000
"1","3832",65.35240,0.00000,0.00000,0.00000,0.00000,0.00000,0.00000,0.00000,0.00000,0.00000
"1","3833",55.92609,0.00000,207.31724,0.00000,0.00000,0.00000,0.00000,0.00000,0.00000,0.00000
"1","3834",44.24640,0.00000,1.76343,0.00000,0.00000,0.00000,0.00000,0.00000,0.00000,0.00000
"1","3835",31.44185,0.00000,5.06695,0.00000,0.00000,0.00000,0.00000,0.00000,0.00000,0.00000
"1","3836",30.80197,0.00000,0.00000,0.00000,0.00000,0.00000,0.00000,0.00000,0.00000,0.00000
"1","3837",15.76185,0.00000,0.00000,0.00000,0.00000,0.00000,0.00000,0.00000,0.00000,0.00000
"1","3838",4.51115,0.00000,0.00000,0.00000,0.00000,0.00000,0.00000,0.00000,0.00000,0.00000
"1","3839",0.00000,0.00000,0.00000,0.00000,0.00000,0.00000,0.00000,0.00000,0.00000,0.00000
"1","3840",0.00000,0.00000,0.00000,0.00000,0.00000,0.00000,0.00000,0.00000,0.00000,0.00000
"1","3841",0.00000,0.00000,0.00000,0.00000,0.00000,0.00000,0.00000,0.00000,0.00000,0.00000
"1","3842",0.00000,0.00000,0.00000,0.00000,0.00000,0.00000,0.00000,0.00000,0.00000,0.00000
"1","3843",0.00000,0.00000,0.00000,0.00000,0.00000,0.00000,0.00000,0.00000,0.00000,0.00000
"1","3844",0.00000,0.00000,0.00000,0.00000,0.00000,0.00000,0.00000,0.00000,0.00000,0.00000
"1","3845",2.53087,0.00000,0.00000,0.00000,0.00000,0.00000,0.00000,0.00000,0.00000,0.00000
"1","3846",8.66998,0.00000,0.00000,0.00000,0.00000,0.00000,0.00000,0.00000,0.00000,0.00000
"1","3847",51.57648,0.00000,0.00000,0.00000,0.00000,0.00000,0.00000,0.00000,0.00000,0.00000
"1","3848",129.82917,0.00000,0.00000,0.00000,0.00000,0.00000,0.00000,0.00000,0.00000,0.00000
"1","3849",74.29301,0.00000,0.00000,0.00000,0.00000,0.00000,0.00000,0.00000,0.00000,0.00000
"1","3850",103.06008,0.00000,0.00000,0.00000,0.00000,0.00000,0.00000,0.00000,0.00000,0.00000
"1","3851",130.90799,0.00000,0.00000,0.00000,0.00000,0.00000,0.00000,0.00000,0.00000,0.00000
"1","3852",158.04087,0.00000,0.00000,0.00000,0.00000,0.00000,0.00000,0.00000,0.00000,0.00000
"1","3853",173.31020,0.00000,0.00000,0.00000,0.00000,0.00000,0.00000,0.00000,0.00000,0.00000
"1","3854",198.52778,2.91333,2.26345,0.00000,0.00000,0.00000,0.00000,0.00000,0.00000,0.00000
"1","3855",233.35344,10.95382,41.27882,0.00000,0.00000,0.00000,0.00000,0.00000,0.00000,0.00000
"1","3856",221.20856,0.00000,41.15956,0.00000,0.00000,0.00000,0.00000,0.00000,0.00000,0.00000
"1","3857",184.35425,0.00000,6.95739,0.00000,0.00000,0.00000,0.00000,0.00000,0.00000,0.00000
"1","3858",144.24561,0.00000,35.70183,0.00000,0.00000,0.00000,0.00000,0.00000,0.00000,0.00000
"1","3859",101.10854,0.00000,53.80980,0.00000,0.00000,0.00000,0.00000,0.00000,0.00000,0.00000
"1","3860",68.19795,0.00000,48.68333,0.00000,0.00000,0.00000,0.00000,0.00000,0.00000,0.00000
"1","3861",24.08130,0.00000,38.74687,0.00000,0.00000,0.00000,0.00000,0.00000,0.00000,0.00000
"1","3862",7.55440,0.00000,78.01241,0.00000,0.00000,0.00000,0.00000,0.00000,0.00000,0.00000
"1","3863",0.42588,0.00000,60.34159,0.00000,0.00000,0.00000,0.00000,0.00000,0.00000,0.00000
"1","3864",0.00000,0.00000,20.26618,0.00000,0.00000,0.00000,0.00000,0.00000,0.00000,0.00000
"1","3865",0.00000,0.00000,0.00000,0.00000,0.00000,0.00000,0.00000,0.00000,0.00000,0.00000
"1","3866",0.00000,0.00000,9.17700,0.00000,0.00000,0.00000,0.00000,0.00000,0.00000,0.00000
"1","3867",0.00000,0.00000,0.00000,0.00000,0.00000,0.00000,0.00000,0.00000,0.00000,0.00000
"1","3868",0.00000,0.00000,0.00000,0.00000,0.00000,0.00000,0.00000,0.00000,0.00000,0.00000
"1","3869",3.20174,0.00000,0.00000,0.00000,0.00000,0.00000,0.00000,0.00000,0.00000,0.00000
"1","3870",8.67265,0.00000,0.00000,0.00000,0.00000,0.00000,0.00000,0.00000,0.00000,0.00000
"1","3871",51.69549,0.00000,0.00000,0.00000,0.00000,0.00000,0.00000,0.00000,0.00000,0.00000
"1","3872",130.90315,0.00000,0.00000,0.00000,0.00000,0.00000,0.00000,0.00000,0.00000,0.00000
"1","3873",187.48452,23.35388,0.00000,0.00000,0.00000,0.00000,0.00000,0.00000,0.00000,0.00000
"1","3874",272.70522,0.00000,0.00000,0.00000,0.00000,0.00000,0.00000,0.00000,0.00000,0.00000
"1","3875",278.13226,44.13549,0.00000,0.00000,0.00000,0.00000,0.00000,0.00000,0.00000,0.00000
"1","3876",279.53226,77.64406,0.00000,0.00000,0.00000,0.00000,0.00000,0.00000,0.00000,0.00000
"1","3877",278.63226,81.60296,0.00000,0.00000,0.00000,0.00000,0.00000,0.00000,0.00000,0.00000
"1","3878",277.13226,83.10296,0.00000,0.00000,0.00000,0.00000,0.00000,0.00000,0.00000,0.00000
"1","3879",240.39120,2.87885,0.00000,0.00000,0.00000,0.00000,0.00000,0.00000,0.00000,0.00000
"1","3880",218.45782,0.00000,0.00000,0.00000,0.00000,0.00000,0.00000,0.00000,0.00000,0.00000
"1","3881",182.82843,0.00000,0.00000,0.00000,0.00000,0.00000,0.00000,0.00000,0.00000,0.00000
"1","3882",143.56687,0.00000,0.00000,0.00000,0.00000,0.00000,0.00000,0.00000,0.00000,0.00000
"1","3883",101.48153,0.00000,1.82681,0.00000,0.00000,0.00000,0.00000,0.00000,0.00000,0.00000
"1","3884",56.64497,0.00000,0.00000,0.00000,0.00000,0.00000,0.00000,0.00000,0.00000,0.00000
"1","3885",34.02433,0.00000,6.40629,0.00000,0.00000,0.00000,0.00000,0.00000,0.00000,0.00000
"1","3886",13.89062,0.00000,18.33051,0.00000,0.00000,0.00000,0.00000,0.00000,0.00000,0.00000
"1","3887",1.91318,0.00000,31.06966,0.00000,0.00000,0.00000,0.00000,0.00000,0.00000,0.00000
"1","3888",0.00000,0.00000,67.19511,0.00000,0.00000,0.00000,0.00000,0.00000,0.00000,0.00000
"1","3889",0.00000,0.00000,33.36021,0.00000,0.00000,0.00000,0.00000,0.00000,0.00000,0.00000
"1","3890",0.00000,0.00000,25.77901,0.00000,0.00000,0.00000,0.00000,0.00000,0.00000,0.00000
"1","3891",0.00000,0.00000,22.11388,0.00000,0.00000,0.00000,0.00000,0.00000,0.00000,0.00000
"1","3892",0.00000,0.00000,0.00000,0.00000,0.00000,0.00000,0.00000,0.00000,0.00000,0.00000
"1","3893",5.18063,0.00000,0.00000,0.00000,0.00000,0.00000,0.00000,0.00000,0.00000,0.00000
"1","3894",21.81371,0.00000,0.00000,0.00000,0.00000,0.00000,0.00000,0.00000,0.00000,0.00000
"1","3895",2.00506,0.00000,0.00000,0.00000,0.00000,0.00000,0.00000,0.00000,0.00000,0.00000
"1","3896",4.62552,0.00000,0.00000,0.00000,0.00000,0.00000,0.00000,0.00000,0.00000,0.00000
"1","3897",142.33470,0.00000,0.00000,0.00000,0.00000,0.00000,0.00000,0.00000,0.00000,0.00000
"1","3898",196.87478,0.00000,0.00000,0.00000,0.00000,0.00000,0.00000,0.00000,0.00000,0.00000
"1","3899",243.34117,0.00000,0.00000,0.00000,0.00000,0.00000,0.00000,0.00000,0.00000,0.00000
"1","3900",277.76064,0.00000,0.00000,0.00000,0.00000,0.00000,0.00000,0.00000,0.00000,0.00000
"1","3901",197.78452,99.80936,0.00000,0.00000,0.00000,0.00000,0.00000,0.00000,0.00000,0.00000
"1","3902",280.93226,79.30296,0.00000,0.00000,0.00000,0.00000,0.00000,0.00000,0.00000,0.00000
"1","3903",281.23226,68.80212,0.00000,0.00000,0.00000,0.00000,0.00000,0.00000,0.00000,0.00000
"1","3904",282.63226,36.18232,0.00000,0.00000,0.00000,0.00000,0.00000,0.00000,0.00000,0.00000
"1","3905",272.56299,0.00000,0.00000,0.00000,0.00000,0.00000,0.00000,0.00000,0.00000,0.00000
"1","3906",213.07682,0.00000,0.00000,0.00000,0.00000,0.00000,0.00000,0.00000,0.00000,0.00000
"1","3907",135.28758,0.00000,0.00000,0.00000,0.00000,0.00000,0.00000,0.00000,0.00000,0.00000
"1","3908",56.44421,0.00000,0.00000,0.00000,0.00000,0.00000,-0.00000,0.00000,0.00000,0.00000
"1","3909",29.88469,0.00000,14.36280,0.00000,0.00000,0.00000,0.00000,0.00000,0.00000,0.00000
"1","3910",13.91394,0.00000,35.43811,0.00000,0.00000,0.00000,0.00000,0.00000,0.00000,0.00000
"1","3911",3.42157,0.00000,42.08103,0.00000,0.00000,0.00000,0.00000,0.00000,0.00000,0.00000
"1","3912",0.00000,0.00000,20.06287,0.00000,0.00000,0.00000,0.00000,0.00000,0.00000,0.00000
"1","3913",0.00000,0.00000,61.80565,0.00000,0.00000,0.00000,0.00000,0.00000,0.00000,0.00000
"1","3914",0.00000,0.00000,34.22218,0.00000,0.00000,0.00000,0.00000,0.00000,0.00000,0.00000
"1","3915",0.00000,0.00000,10.58691,0.00000,0.00000,0.00000,0.00000,0.00000,0.00000,0.00000
"1","3916",0.00000,0.00000,8.41047,0.00000,0.00000,0.00000,0.00000,0.00000,0.00000,0.00000
"1","3917",3.87008,0.00000,13.43555,0.00000,0.00000,0.00000,0.00000,0.00000,0.00000,0.00000
"1","3918",20.24619,0.00000,3.06164,0.00000,0.00000,0.00000,0.00000,0.00000,0.00000,0.00000
"1","3919",45.76835,0.00000,0.00000,0.00000,0.00000,0.00000,0.00000,0.00000,0.00000,0.00000
"1","3920",84.85716,0.00000,0.00000,0.00000,0.00000,0.00000,0.00000,0.00000,0.00000,0.00000
"1","3921",205.05393,0.00000,0.00000,0.00000,0.00000,0.00000,0.00000,0.00000,0.00000,0.00000
"1","3922",265.46701,0.00000,0.00000,0.00000,0.00000,0.00000,0.00000,0.00000,0.00000,0.00000
"1","3923",198.08452,113.47782,0.00000,0.00000,0.00000,0.00000,0.00000,0.00000,0.00000,0.00000
"1","3924",282.73226,63.94281,0.00000,0.00000,0.00000,0.00000,0.00000,0.00000,0.00000,0.00000
"1","3925",283.73226,76.50296,0.00000,0.00000,0.00000,0.00000,0.00000,0.00000,0.00000,0.00000
"1","3926",283.73226,76.50296,0.00000,0.00000,0.00000,0.00000,0.00000,0.00000,0.00000,0.00000
"1","3927",229.98160,124.03666,0.86145,0.00000,0.00000,0.00000,0.00000,0.00000,0.00000,0.00000
"1","3928",283.53226,37.69103,0.00000,0.00000,0.00000,0.00000,0.00000,0.00000,0.00000,0.00000
"1","3929",273.41394,0.00000,0.00000,0.00000,0.00000,0.00000,0.00000,0.00000,0.00000,0.00000
"1","3930",196.28452,17.46087,0.00000,10.63407,0.00000,0.00000,0.00000,0.00000,0.00000,0.00000
"1","3931",135.60494,0.00000,0.00000,0.00000,0.00000,0.00000,0.00000,0.00000,0.00000,0.00000
"1","3932",57.34983,0.00000,0.00000,0.00000,0.00000,0.00000,0.00000,0.00000,0.00000,0.00000
"1","3933",25.16988,0.00000,0.00000,0.00000,0.00000,0.00000,0.00000,0.00000,0.00000,0.00000
"1","3934",8.42815,0.00000,0.00000,0.00000,0.00000,0.00000,0.00000,0.00000,0.00000,0.00000
"1","3935",0.65922,0.00000,9.07098,0.00000,0.00000,0.00000,0.00000,0.00000,0.00000,0.00000
"1","3936",0.00000,0.00000,0.00000,0.00000,0.00000,0.00000,0.00000,0.00000,0.00000,0.00000
"1","3937",0.00000,0.00000,27.96888,0.00000,0.00000,0.00000,0.00000,0.00000,0.00000,0.00000
"1","3938",0.00000,0.00000,57.65751,0.00000,0.00000,0.00000,0.00000,0.00000,0.00000,0.00000
"1","3939",0.00000,0.00000,69.12769,0.00000,0.00000,0.00000,0.00000,0.00000,0.00000,0.00000
"1","3940",0.00000,0.00000,19.34388,0.00000,0.00000,0.00000,0.00000,0.00000,0.00000,0.00000
"1","3941",2.83898,0.00000,4.79265,0.00000,0.00000,0.00000,0.00000,0.00000,0.00000,0.00000
"1","3942",8.45519,0.00000,0.00000,0.00000,0.00000,0.00000,0.00000,0.00000,0.00000,0.00000
"1","3943",51.89626,0.00000,0.00000,0.00000,0.00000,0.00000,0.00000,0.00000,0.00000,0.00000
"1","3944",128.90710,0.00000,0.00000,0.00000,0.00000,0.00000,0.00000,0.00000,0.00000,0.00000
"1","3945",207.36975,0.00000,0.00000,0.00000,0.00000,0.00000,0.00000,0.00000,0.00000,0.00000
"1","3946",196.38452,73.54336,0.00000,0.00000,0.00000,0.00000,0.00000,0.00000,0.00000,0.00000
"1","3947",281.23226,38.54213,0.00000,0.00000,0.00000,0.00000,0.00000,0.00000,0.00000,0.00000
"1","3948",196.38452,156.05905,0.00000,0.00000,0.00000,0.00000,0.00000,0.00000,0.00000,0.00000
"1","3949",281.23226,79.00296,0.00000,0.00000,0.00000,0.00000,0.00000,0.00000,0.00000,0.00000
"1","3950",280.73226,79.50296,0.00000,0.00000,0.00000,0.00000,0.00000,0.00000,0.00000,0.00000
"1","3951",253.94385,101.00567,0.00000,0.00000,0.00000,0.00000,0.00000,0.00000,0.00000,0.00000
"1","3952",279.93226,40.81645,0.00000,0.00000,0.00000,0.00000,0.00000,0.00000,0.00000,0.00000
"1","3953",274.15750,0.00000,4.67476,1.34031,0.00000,0.00000,0.00000,0.00000,0.00000,0.00000
"1","3954",214.60409,0.00000,7.92798,0.00000,0.00000,0.00000,0.00000,0.00000,0.00000,0.00000
"1","3955",136.31318,0.00000,16.28203,0.00000,0.00000,0.00000,0.00000,0.00000,0.00000,0.00000
"1","3956",70.06483,0.00000,18.72508,0.00000,0.00000,0.00000,0.00000,0.00000,0.00000,0.00000
"1","3957",36.11844,0.00000,25.47634,0.00000,0.00000,0.00000,0.00000,0.00000,0.00000,0.00000
"1","3958",13.58725,0.00000,33.05202,0.00000,0.00000,0.00000,0.00000,0.00000,0.00000,0.00000
"1","3959",1.90204,0.00000,37.27413,0.00000,0.00000,0.00000,0.00000,0.00000,0.00000,0.00000
"1","3960",0.00000,0.00000,100.85696,0.00000,0.00000,0.00000,0.00000,0.00000,0.00000,0.00000
"1","3961",0.00000,0.00000,37.77833,0.00000,0.00000,0.00000,0.00000,0.00000,0.00000,0.00000
"1","3962",0.00000,0.00000,17.49357,0.00000,0.00000,0.00000,0.00000,0.00000,0.00000,0.00000
"1","3963",0.00000,0.00000,9.56888,0.00000,0.00000,0.00000,0.00000,0.00000,0.00000,0.00000
"1","3964",0.00000,0.00000,0.00000,0.00000,0.00000,0.00000,0.00000,0.00000,0.00000,0.00000
"1","3965",2.84867,0.00000,0.00000,0.00000,0.00000,0.00000,0.00000,0.00000,0.00000,0.00000
"1","3966",8.56709,0.00000,6.74560,0.00000,0.00000,0.00000,0.00000,0.00000,0.00000,0.00000
"1","3967",51.32299,0.00000,0.00000,0.00000,0.00000,0.00000,0.00000,0.00000,0.00000,0.00000
"1","3968",129.25397,0.00000,0.00000,0.00000,0.00000,0.00000,0.00000,0.00000,0.00000,0.00000
"1","3969",84.53884,0.00000,0.00000,0.00000,0.00000,0.00000,0.00000,0.00000,0.00000,0.00000
"1","3970",118.74835,0.00000,0.00000,0.00000,0.00000,0.00000,0.00000,0.00000,0.00000,0.00000
"1","3971",150.17086,0.00000,0.00000,0.00000,0.00000,0.00000,0.00000,0.00000,0.00000,0.00000
"1","3972",176.03239,0.00000,0.00000,0.00000,0.00000,0.00000,0.00000,0.00000,0.00000,0.00000
"1","3973",196.38810,0.00000,0.00000,0.00000,0.00000,0.00000,0.00000,0.00000,0.00000,0.00000
"1","3974",174.52592,0.00000,0.00000,0.00000,0.00000,0.00000,0.00000,0.00000,0.00000,0.00000
"1","3975",167.35447,0.00000,2.31515,0.00000,0.00000,0.00000,0.00000,0.00000,0.00000,0.00000
"1","3976",186.31160,0.00000,15.77904,0.00000,0.00000,0.00000,0.00000,0.00000,0.00000,0.00000
"1","3977",154.37291,0.00000,6.39637,0.00000,0.00000,0.00000,0.00000,0.00000,0.00000,0.00000
"1","3978",119.87361,0.00000,3.78518,0.00000,0.00000,0.00000,0.00000,0.00000,0.00000,0.00000
"1","3979",83.42277,0.00000,9.16354,0.00000,0.00000,0.00000,0.00000,0.00000,0.00000,0.00000
"1","3980",51.67372,0.00000,10.77509,0.00000,0.00000,0.00000,0.00000,0.00000,0.00000,0.00000
"1","3981",34.48537,0.00000,6.91184,0.00000,0.00000,0.00000,0.00000,0.00000,0.00000,0.00000
"1","3982",15.27339,0.00000,0.00000,0.00000,0.00000,0.00000,0.00000,0.00000,0.00000,0.00000
"1","3983",2.40345,0.00000,0.00000,0.00000,0.00000,0.00000,0.00000,0.00000,0.00000,0.00000
"1","3984",0.00000,0.00000,0.00000,0.00000,0.00000,0.00000,0.00000,0.00000,0.00000,0.00000
"1","3985",0.00000,0.00000,0.00000,0.00000,0.00000,0.00000,0.00000,0.00000,0.00000,0.00000
"1","3986",0.00000,0.00000,16.77989,0.00000,0.00000,0.00000,0.00000,0.00000,0.00000,0.00000
"1","3987",0.00000,0.00000,0.00000,0.00000,0.00000,0.00000,0.00000,0.00000,0.00000,0.00000
"1","3988",0.00000,0.00000,0.00000,0.00000,0.00000,0.00000,0.00000,0.00000,0.00000,0.00000
"1","3989",1.25990,0.00000,4.30342,0.00000,0.00000,0.00000,0.00000,0.00000,0.00000,0.00000
"1","3990",10.39241,0.00000,16.48338,0.00000,0.00000,0.00000,0.00000,0.00000,0.00000,0.00000
"1","3991",20.07701,0.00000,0.00000,0.00000,0.00000,0.00000,0.00000,0.00000,0.00000,0.00000
"1","3992",37.55326,0.00000,0.00000,0.00000,0.00000,0.00000,0.00000,0.00000,0.00000,0.00000
"1","3993",58.92838,0.00000,0.00000,0.00000,0.00000,0.00000,0.00000,0.00000,0.00000,0.00000
"1","3994",108.64234,0.00000,0.00000,0.00000,0.00000,0.00000,0.00000,0.00000,0.00000,0.00000
"1","3995",141.63081,0.00000,0.00000,0.00000,0.00000,0.00000,0.00000,0.00000,0.00000,0.00000
"1","3996",166.96552,0.00000,0.00000,0.00000,0.00000,0.00000,0.00000,0.00000,0.00000,0.00000
"1","3997",204.94556,0.00000,0.00000,0.00000,0.00000,0.00000,0.00000,0.00000,0.00000,0.00000
"1","3998",280.23226,80.00296,0.00000,0.00000,0.00000,0.00000,0.00000,0.00000,0.00000,0.00000
"1","3999",246.87706,0.00000,0.00000,0.00000,0.00000,0.00000,0.00000,0.00000,0.00000,0.00000
"1","4000",224.41839,0.00000,0.00000,0.00000,0.00000,0.00000,0.00000,0.00000,0.00000,0.00000
"1","4001",188.03528,0.00000,0.00000,0.00000,0.00000,0.00000,0.00000,0.00000,0.00000,0.00000
"1","4002",147.47673,0.00000,0.00000,0.00000,0.00000,0.00000,0.00000,0.00000,0.00000,0.00000
"1","4003",103.81573,0.00000,0.00000,0.00000,0.00000,0.00000,0.00000,0.00000,0.00000,0.00000
"1","4004",57.15003,0.00000,11.73167,0.00000,0.00000,0.00000,0.00000,0.00000,0.00000,0.00000
"1","4005",29.00640,0.00000,13.06825,0.00000,0.00000,0.00000,0.00000,0.00000,0.00000,0.00000
"1","4006",10.38767,0.00000,22.19737,0.00000,0.00000,0.00000,0.00000,0.00000,0.00000,0.00000
"1","4007",1.17592,0.00000,74.44039,0.00000,0.00000,0.00000,0.00000,0.00000,0.00000,0.00000
"1","4008",0.00000,0.00000,43.51109,0.00000,0.00000,0.00000,0.00000,0.00000,0.00000,0.00000
"1","4009",0.00000,0.00000,37.40627,0.00000,0.00000,0.00000,0.00000,0.00000,0.00000,0.00000
"1","4010",0.00000,0.00000,79.44574,0.00000,0.00000,0.00000,0.00000,0.00000,0.00000,0.00000
"1","4011",0.00000,0.00000,49.42614,0.00000,0.00000,0.00000,0.00000,0.00000,0.00000,0.00000
"1","4012",0.00000,0.00000,0.00000,0.00000,0.00000,0.00000,0.00000,0.00000,0.00000,0.00000
"1","4013",2.86414,0.00000,62.92286,0.00000,0.00000,0.00000,0.00000,0.00000,0.00000,0.00000
"1","4014",8.94782,0.00000,12.37895,0.00000,0.00000,0.00000,0.00000,0.00000,0.00000,0.00000
"1","4015",51.05739,0.00000,9.25583,0.00000,0.00000,0.00000,0.00000,0.00000,0.00000,0.00000
"1","4016",129.29412,0.00000,0.00000,0.00000,0.00000,0.00000,0.00000,0.00000,0.00000,0.00000
"1","4017",64.88604,0.00000,44.51044,0.00000,0.00000,0.00000,0.00000,0.00000,0.00000,0.00000
"1","4018",94.22010,0.00000,61.28361,0.00000,0.00000,0.00000,0.00000,0.00000,0.00000,0.00000
"1","4019",57.00946,61.15111,218.72280,0.00000,0.00000,0.00000,0.00000,0.00000,0.00000,0.00000
"1","4020",145.72740,0.00000,46.88354,0.00000,0.00000,0.00000,0.00000,0.00000,0.00000,0.00000
"1","4021",161.49211,0.00000,114.34015,11.21531,0.00000,0.00000,0.00000,0.00000,0.00000,0.00000
"1","4022",275.03226,47.81118,0.00000,137.10671,0.00000,0.00000,0.00000,0.00000,0.00000,0.00000
"1","4023",136.30518,216.19354,138.62708,0.00000,0.00000,0.00000,0.00000,0.00000,0.00000,0.00000
"1","4024",255.34462,65.48536,19.68764,0.00000,0.00000,0.00000,0.00000,0.00000,0.00000,0.00000
"1","4025",119.01682,154.76237,71.26770,0.00000,0.00000,0.00000,0.00000,0.00000,0.00000,0.00000
"1","4026",213.11504,0.00000,0.00000,0.00000,0.00000,0.00000,0.00000,0.00000,0.00000,0.00000
"1","4027",141.58872,0.00000,47.09693,0.00000,0.00000,0.00000,0.00000,0.00000,0.00000,0.00000
"1","4028",60.75269,0.00000,35.50927,0.00000,0.00000,0.00000,0.00000,0.00000,0.00000,0.00000
"1","4029",27.73088,0.00000,0.00000,0.00000,0.00000,0.00000,0.00000,0.00000,0.00000,0.00000
"1","4030",14.81289,0.00000,5.38831,0.00000,0.00000,0.00000,0.00000,0.00000,0.00000,0.00000
"1","4031",4.50698,0.00000,3.87655,0.00000,0.00000,0.00000,0.00000,0.00000,0.00000,0.00000
"1","4032",0.00000,0.00000,2.15944,0.00000,0.00000,0.00000,0.00000,0.00000,0.00000,0.00000
"1","4033",0.00000,0.00000,102.20830,0.00000,0.00000,0.00000,0.00000,0.00000,0.00000,0.00000
"1","4034",0.00000,0.00000,63.31612,0.00000,0.00000,0.00000,0.00000,0.00000,0.00000,0.00000
"1","4035",0.00000,0.00000,80.70929,0.00000,0.00000,0.00000,0.00000,0.00000,0.00000,0.00000
"1","4036",0.00000,0.00000,109.09664,0.00000,0.00000,0.00000,0.00000,0.00000,0.00000,0.00000
"1","4037",4.57681,0.00000,191.13019,0.00000,0.00000,0.00000,0.00000,0.00000,0.00000,0.00000
"1","4038",19.27879,0.00000,105.82057,0.00000,0.00000,0.00000,0.00000,0.00000,0.00000,0.00000
"1","4039",17.65147,0.00000,26.77416,0.00000,0.00000,0.00000,0.00000,0.00000,0.00000,0.00000
"1","4040",33.04503,0.00000,16.73404,0.00000,0.00000,0.00000,0.00000,0.00000,0.00000,0.00000
"1","4041",51.11109,0.00000,0.00000,0.00000,0.00000,0.00000,0.00000,0.00000,0.00000,0.00000
"1","4042",150.95215,0.00000,0.00000,0.00000,0.00000,0.00000,0.00000,0.00000,0.00000,0.00000
"1","4043",273.03226,5.25812,0.00000,0.00000,0.00000,0.00000,0.00000,0.00000,0.00000,0.00000
"1","4044",273.03226,40.92379,0.00000,0.00000,0.00000,0.00000,0.00000,0.00000,0.00000,0.00000
"1","4045",224.64807,108.92207,0.00000,0.00000,0.00000,0.00000,0.00000,0.00000,0.00000,0.00000
"1","4046",272.73226,12.50751,0.00000,0.00000,0.00000,0.00000,0.00000,0.00000,0.00000,0.00000
"1","4047",271.51223,7.26676,1.72003,0.00000,0.00000,0.00000,0.00000,0.00000,0.00000,0.00000
"1","4048",249.93016,0.00000,1.63265,0.00000,0.00000,0.00000,0.00000,0.00000,0.00000,0.00000
"1","4049",189.52041,23.68364,1.96411,0.00000,0.00000,0.00000,0.00000,0.00000,0.00000,0.00000
"1","4050",167.40527,0.00000,0.00000,0.00000,0.00000,0.00000,0.00000,0.00000,0.00000,0.00000
"1","4051",115.34114,0.00000,0.00000,0.00000,0.00000,0.00000,0.00000,0.00000,0.00000,0.00000
"1","4052",65.79699,0.00000,0.00000,0.00000,0.00000,0.00000,0.00000,0.00000,0.00000,0.00000
"1","4053",32.75820,0.00000,26.57384,0.00000,0.00000,0.00000,0.00000,0.00000,0.00000,0.00000
"1","4054",13.83131,0.00000,116.61630,0.00000,0.00000,0.00000,0.00000,0.00000,0.00000,0.00000
"1","4055",2.42172,0.00000,71.19261,0.00000,0.00000,0.00000,0.00000,0.00000,0.00000,0.00000
"1","4056",0.00000,0.00000,76.63810,0.00000,0.00000,0.00000,0.00000,0.00000,0.00000,0.00000
"1","4057",0.00000,0.00000,120.50314,0.00000,0.00000,0.00000,0.00000,0.00000,0.00000,0.00000
"1","4058",0.00000,0.00000,72.51266,0.00000,0.00000,0.00000,0.00000,0.00000,0.00000,0.00000
"1","4059",0.00000,0.00000,65.02840,0.00000,0.00000,0.00000,0.00000,0.00000,0.00000,0.00000
"1","4060",0.00000,0.00000,32.05006,0.00000,0.00000,0.00000,0.00000,0.00000,0.00000,0.00000
"1","4061",0.00000,0.00000,7.14665,0.00000,0.00000,0.00000,0.00000,0.00000,0.00000,0.00000
"1","4062",0.16587,0.00000,2.94983,0.00000,0.00000,0.00000,0.00000,0.00000,0.00000,0.00000
"1","4063",1.30086,0.00000,0.00000,0.00000,0.00000,0.00000,0.00000,0.00000,0.00000,0.00000
"1","4064",3.19244,0.00000,0.00000,0.00000,0.00000,0.00000,0.00000,0.00000,0.00000,0.00000
"1","4065",49.92633,0.00000,0.00000,0.00000,0.00000,0.00000,0.00000,0.00000,0.00000,0.00000
"1","4066",69.75038,0.00000,0.00000,0.00000,0.00000,0.00000,0.00000,0.00000,0.00000,0.00000
"1","4067",87.70465,0.00000,0.00000,0.00000,0.00000,0.00000,0.00000,0.00000,0.00000,0.00000
"1","4068",101.91886,0.00000,0.00000,0.00000,0.00000,0.00000,0.00000,0.00000,0.00000,0.00000
"1","4069",111.15989,0.00000,0.00000,0.00000,0.00000,0.00000,0.00000,0.00000,0.00000,0.00000
"1","4070",172.97688,0.00000,0.00000,0.00000,0.00000,0.00000,0.00000,0.00000,0.00000,0.00000
"1","4071",149.65661,0.00000,0.00000,0.00000,0.00000,0.00000,0.00000,0.00000,0.00000,0.00000
"1","4072",130.12718,0.00000,0.00000,0.00000,0.00000,0.00000,0.00000,0.00000,0.00000,0.00000
"1","4073",108.23790,0.00000,0.00000,0.00000,0.00000,0.00000,0.00000,0.00000,0.00000,0.00000
"1","4074",83.65934,0.00000,0.00000,0.00000,0.00000,0.00000,0.00000,0.00000,0.00000,0.00000
"1","4075",58.35124,0.00000,0.00000,0.00000,0.00000,0.00000,0.00000,0.00000,0.00000,0.00000
"1","4076",74.03032,0.00000,0.00000,0.00000,0.00000,0.00000,0.00000,0.00000,0.00000,0.00000
"1","4077",35.03740,0.00000,0.00000,0.00000,0.00000,0.00000,0.00000,0.00000,0.00000,0.00000
"1","4078",15.71493,0.00000,0.00000,0.00000,0.00000,0.00000,0.00000,0.00000,0.00000,0.00000
"1","4079",2.96404,0.00000,0.00000,0.00000,0.00000,0.00000,0.00000,0.00000,0.00000,0.00000
"1","4080",0.00000,0.00000,0.00000,0.00000,0.00000,0.00000,0.00000,0.00000,0.00000,0.00000
"1","4081",0.00000,0.00000,4.78169,0.00000,0.00000,0.00000,0.00000,0.00000,0.00000,0.00000
"1","4082",0.00000,0.00000,0.00000,0.00000,0.00000,0.00000,0.00000,0.00000,0.00000,0.00000
"1","4083",0.00000,0.00000,0.00000,0.00000,0.00000,0.00000,0.00000,0.00000,0.00000,0.00000
"1","4084",0.00000,0.00000,0.00000,0.00000,0.00000,0.00000,0.00000,0.00000,0.00000,0.00000
"1","4085",1.27446,0.00000,0.00000,0.00000,0.00000,0.00000,0.00000,0.00000,0.00000,0.00000
"1","4086",8.93437,0.00000,4.03178,0.00000,0.00000,0.00000,0.00000,0.00000,0.00000,0.00000
"1","4087",23.09121,0.00000,0.00000,0.00000,0.00000,0.00000,0.00000,0.00000,0.00000,0.00000
"1","4088",42.37938,0.00000,0.00000,0.00000,0.00000,0.00000,0.00000,0.00000,0.00000,0.00000
"1","4089",90.51924,0.00000,0.00000,0.00000,0.00000,0.00000,0.00000,0.00000,0.00000,0.00000
"1","4090",127.78378,0.00000,0.00000,0.00000,0.00000,0.00000,0.00000,0.00000,0.00000,0.00000
"1","4091",161.98943,0.00000,0.00000,0.00000,0.00000,0.00000,0.00000,0.00000,0.00000,0.00000
"1","4092",189.65640,0.00000,0.00000,0.00000,0.00000,0.00000,0.00000,0.00000,0.00000,0.00000
"1","4093",207.23671,0.00000,0.00000,0.00000,0.00000,0.00000,0.00000,0.00000,0.00000,0.00000
"1","4094",184.49406,0.00000,0.00000,0.00000,0.00000,0.00000,0.00000,0.00000,0.00000,0.00000
"1","4095",178.68153,0.00000,0.00000,0.00000,0.00000,0.00000,0.00000,0.00000,0.00000,0.00000
"1","4096",242.55552,0.00000,0.00000,0.00000,0.00000,0.00000,0.00000,0.00000,0.00000,0.00000
"1","4097",234.83209,0.00000,5.65704,0.00000,0.00000,0.00000,0.00000,0.00000,0.00000,0.00000
"1","4098",183.27060,0.00000,1.03759,0.00000,0.00000,0.00000,0.00000,0.00000,0.00000,0.00000
"1","4099",125.39297,0.00000,0.00000,0.00000,0.00000,0.00000,0.00000,0.00000,0.00000,0.00000
"1","4100",74.58714,0.00000,0.00000,0.00000,0.00000,0.00000,0.00000,0.00000,0.00000,0.00000
"1","4101",37.65505,0.00000,15.92753,0.00000,0.00000,0.00000,0.00000,0.00000,0.00000,0.00000
"1","4102",14.67075,0.00000,14.71030,0.00000,0.00000,0.00000,0.00000,0.00000,0.00000,0.00000
"1","4103",2.20721,0.00000,10.48951,0.00000,0.00000,0.00000,0.00000,0.00000,0.00000,0.00000
"1","4104",0.00000,0.00000,2.32749,0.00000,0.00000,0.00000,0.00000,0.00000,0.00000,0.00000
"1","4105",0.00000,0.00000,1.99373,0.00000,0.00000,0.00000,0.00000,0.00000,0.00000,0.00000
"1","4106",0.00000,0.00000,0.00000,0.00000,0.00000,0.00000,0.00000,0.00000,0.00000,0.00000
"1","4107",0.00000,0.00000,0.00000,0.00000,0.00000,0.00000,0.00000,0.00000,0.00000,0.00000
"1","4108",0.00000,0.00000,33.97144,0.00000,0.00000,0.00000,0.00000,0.00000,0.00000,0.00000
"1","4109",1.59595,0.00000,57.49175,0.00000,0.00000,0.00000,0.00000,0.00000,0.00000,0.00000
"1","4110",8.54072,0.00000,60.62522,0.00000,0.00000,0.00000,0.00000,0.00000,0.00000,0.00000
"1","4111",51.07771,0.00000,20.81344,0.00000,0.00000,0.00000,0.00000,0.00000,0.00000,0.00000
"1","4112",129.35217,0.00000,0.00000,0.00000,0.00000,0.00000,0.00000,0.00000,0.00000,0.00000
"1","4113",209.75233,0.00000,0.00000,0.00000,0.00000,0.00000,0.00000,0.00000,0.00000,0.00000
"1","4114",273.50828,0.00000,0.00000,0.00000,0.00000,0.00000,0.00000,0.00000,0.00000,0.00000
"1","4115",282.73226,41.78165,0.00000,0.00000,0.00000,0.00000,0.00000,0.00000,0.00000,0.00000
"1","4116",283.73226,75.01971,0.00000,0.00000,0.00000,0.00000,0.00000,0.00000,0.00000,0.00000
"1","4117",150.41371,0.00000,4.88705,0.00000,0.00000,0.00000,0.00000,0.00000,0.00000,0.00000
"1","4118",154.86394,0.00000,12.00978,0.00000,0.00000,0.00000,0.00000,0.00000,0.00000,0.00000
"1","4119",52.07283,0.00000,9.27593,0.00000,0.00000,0.00000,0.00000,0.00000,0.00000,0.00000
"1","4120",46.19717,0.00000,7.93882,0.00000,0.00000,0.00000,0.00000,0.00000,0.00000,0.00000
"1","4121",37.93830,0.00000,8.20175,0.00000,0.00000,0.00000,0.00000,0.00000,0.00000,0.00000
"1","4122",28.61551,0.00000,0.00000,0.00000,0.00000,0.00000,0.00000,0.00000,0.00000,0.00000
"1","4123",19.48207,0.00000,6.09830,0.00000,0.00000,0.00000,0.00000,0.00000,0.00000,0.00000
"1","4124",33.35953,0.00000,0.00000,0.00000,0.00000,0.00000,0.00000,0.00000,0.00000,0.00000
"1","4125",18.17162,0.00000,0.00000,0.00000,0.00000,0.00000,0.00000,0.00000,0.00000,0.00000
"1","4126",7.08911,0.00000,0.00000,0.00000,0.00000,0.00000,0.00000,0.00000,0.00000,0.00000
"1","4127",0.92631,0.00000,12.05891,0.00000,0.00000,0.00000,0.00000,0.00000,0.00000,0.00000
"1","4128",0.00000,0.00000,16.18295,0.00000,0.00000,0.00000,0.00000,0.00000,0.00000,0.00000
"1","4129",0.00000,0.00000,13.48103,0.00000,0.00000,0.00000,0.00000,0.00000,0.00000,0.00000
"1","4130",0.00000,0.00000,3.88605,0.00000,0.00000,0.00000,0.00000,0.00000,0.00000,0.00000
"1","4131",0.00000,0.00000,17.64486,0.00000,0.00000,0.00000,0.00000,0.00000,0.00000,0.00000
"1","4132",0.00000,0.00000,0.00000,0.00000,0.00000,0.00000,0.00000,0.00000,0.00000,0.00000
"1","4133",4.21229,0.00000,0.00000,0.00000,0.00000,0.00000,0.00000,0.00000,0.00000,0.00000
"1","4134",20.77253,0.00000,0.00000,0.00000,0.00000,0.00000,0.00000,0.00000,0.00000,0.00000
"1","4135",46.84664,0.00000,0.00000,0.00000,0.00000,0.00000,0.00000,0.00000,0.00000,0.00000
"1","4136",92.30774,0.00000,0.00000,0.00000,0.00000,0.00000,0.00000,0.00000,0.00000,0.00000
"1","4137",64.84686,0.00000,12.10971,0.00000,0.00000,0.00000,0.00000,0.00000,0.00000,0.00000
"1","4138",90.03643,0.00000,11.13174,0.00000,0.00000,0.00000,0.00000,0.00000,0.00000,0.00000
"1","4139",113.05822,0.00000,4.15321,0.00000,0.00000,0.00000,0.00000,0.00000,0.00000,0.00000
"1","4140",132.10145,0.00000,17.57220,0.00000,0.00000,0.00000,0.00000,0.00000,0.00000,0.00000
"1","4141",145.10092,0.00000,12.00997,0.00000,0.00000,0.00000,0.00000,0.00000,0.00000,0.00000
"1","4142",149.61210,0.00000,8.22285,0.00000,0.00000,0.00000,0.00000,0.00000,0.00000,0.00000
"1","4143",202.74149,0.00000,0.00000,0.00000,0.00000,0.00000,0.00000,0.00000,0.00000,0.00000
"1","4144",247.91379,0.00000,0.00000,0.00000,0.00000,0.00000,0.00000,0.00000,0.00000,0.00000
"1","4145",206.73117,0.00000,5.50306,0.00000,0.00000,0.00000,0.00000,0.00000,0.00000,0.00000
"1","4146",161.34262,0.00000,6.02923,0.00000,0.00000,0.00000,0.00000,0.00000,0.00000,0.00000
"1","4147",111.65141,0.00000,10.15574,0.00000,0.00000,0.00000,0.00000,0.00000,0.00000,0.00000
"1","4148",67.27250,0.00000,0.70855,0.00000,0.00000,0.00000,0.00000,0.00000,0.00000,0.00000
"1","4149",34.37352,0.00000,21.28272,0.00000,0.00000,0.00000,0.00000,0.00000,0.00000,0.00000
"1","4150",13.67902,0.00000,6.76583,0.00000,0.00000,0.00000,0.00000,0.00000,0.00000,0.00000
"1","4151",2.45189,0.00000,0.00000,0.00000,0.00000,0.00000,0.00000,0.00000,0.00000,0.00000
"1","4152",0.00000,0.00000,16.15643,0.00000,0.00000,0.00000,0.00000,0.00000,0.00000,0.00000
"1","4153",0.00000,0.00000,23.00312,0.00000,0.00000,0.00000,0.00000,0.00000,0.00000,0.00000
"1","4154",0.00000,0.00000,32.15988,0.00000,0.00000,0.00000,0.00000,0.00000,0.00000,0.00000
"1","4155",0.00000,0.00000,38.15702,0.00000,0.00000,0.00000,0.00000,0.00000,0.00000,0.00000
"1","4156",0.00000,0.00000,32.24580,0.00000,0.00000,0.00000,0.00000,0.00000,0.00000,0.00000
"1","4157",0.60445,0.00000,37.01245,0.00000,0.00000,0.00000,0.00000,0.00000,0.00000,0.00000
"1","4158",6.97920,0.00000,39.48398,0.00000,0.00000,0.00000,0.00000,0.00000,0.00000,0.00000
"1","4159",51.63308,0.00000,31.32602,0.00000,0.00000,0.00000,0.00000,0.00000,0.00000,0.00000
"1","4160",116.90711,0.00000,22.46941,0.00000,0.00000,0.00000,0.00000,0.00000,0.00000,0.00000
"1","4161",191.08305,0.00000,13.50662,0.00000,0.00000,0.00000,0.00000,0.00000,0.00000,0.00000
"1","4162",154.33469,0.00000,4.21551,0.00000,0.00000,0.00000,0.00000,0.00000,0.00000,0.00000
"1","4163",192.67611,0.00000,1.90212,0.00000,0.00000,0.00000,0.00000,0.00000,0.00000,0.00000
"1","4164",225.76134,0.00000,6.19830,0.00000,0.00000,0.00000,0.00000,0.00000,0.00000,0.00000
"1","4165",219.71757,0.00000,15.09030,0.00000,0.00000,0.00000,0.00000,0.00000,0.00000,0.00000
"1","4166",229.67990,0.00000,22.16029,0.00000,0.00000,0.00000,0.00000,0.00000,0.00000,0.00000
"1","4167",132.22820,0.00000,7.92734,0.00000,0.00000,0.00000,0.00000,0.00000,0.00000,0.00000
"1","4168",120.64861,0.00000,0.00000,0.00000,0.00000,0.00000,0.00000,0.00000,0.00000,0.00000
"1","4169",213.26114,0.00000,65.52308,0.00000,0.00000,0.00000,0.00000,0.00000,0.00000,0.00000
"1","4170",166.83393,0.00000,93.23122,0.00000,0.00000,0.00000,0.00000,0.00000,0.00000,0.00000
"1","4171",113.56908,0.00000,76.84515,0.00000,0.00000,0.00000,0.00000,0.00000,0.00000,0.00000
"1","4172",40.43060,0.00000,85.50937,0.00000,0.00000,0.00000,0.00000,0.00000,0.00000,0.00000
"1","4173",20.86077,0.00000,25.13005,0.00000,0.00000,0.00000,0.00000,0.00000,0.00000,0.00000
"1","4174",7.40182,0.00000,26.75146,0.00000,0.00000,0.00000,0.00000,0.00000,0.00000,0.00000
"1","4175",0.43916,0.00000,27.30881,0.00000,0.00000,0.00000,0.00000,0.00000,0.00000,0.00000
"1","4176",0.00000,0.00000,25.89911,0.00000,0.00000,0.00000,0.00000,0.00000,0.00000,0.00000
"1","4177",0.00000,0.00000,37.22416,0.00000,0.00000,0.00000,0.00000,0.00000,0.00000,0.00000
"1","4178",0.00000,0.00000,43.81731,0.00000,0.00000,0.00000,0.00000,0.00000,0.00000,0.00000
"1","4179",0.00000,0.00000,51.00142,0.00000,0.00000,0.00000,0.00000,0.00000,0.00000,0.00000
"1","4180",0.00000,0.00000,68.34033,0.00000,0.00000,0.00000,0.00000,0.00000,0.00000,0.00000
"1","4181",4.20129,0.00000,65.34583,0.00000,0.00000,0.00000,0.00000,0.00000,0.00000,0.00000
"1","4182",20.38208,0.00000,55.18178,0.00000,0.00000,0.00000,0.00000,0.00000,0.00000,0.00000
"1","4183",45.71369,0.00000,29.80611,0.00000,0.00000,0.00000,0.00000,0.00000,0.00000,0.00000
"1","4184",85.88469,0.00000,6.18217,0.00000,0.00000,0.00000,0.00000,0.00000,0.00000,0.00000
"1","4185",106.61291,0.00000,0.00000,0.00000,0.00000,0.00000,0.00000,0.00000,0.00000,0.00000
"1","4186",148.28946,0.00000,0.36113,0.00000,0.00000,0.00000,0.00000,0.00000,0.00000,0.00000
"1","4187",187.39235,0.00000,3.23628,0.00000,0.00000,0.00000,0.00000,0.00000,0.00000,0.00000
"1","4188",223.03964,0.00000,2.86274,0.00000,0.00000,0.00000,0.00000,0.00000,0.00000,0.00000
"1","4189",243.69916,0.00000,3.36752,0.00000,0.00000,0.00000,0.00000,0.00000,0.00000,0.00000
"1","4190",278.41778,37.85893,0.11448,0.00000,0.00000,0.00000,0.00000,0.00000,0.00000,0.00000
"1","4191",225.73232,0.00000,3.00411,0.00000,0.00000,0.00000,0.00000,0.00000,0.00000,0.00000
"1","4192",249.27513,0.00000,0.00000,0.00000,0.00000,0.00000,0.00000,0.00000,0.00000,0.00000
"1","4193",211.31443,0.00000,0.00000,0.00000,0.00000,0.00000,0.00000,0.00000,0.00000,0.00000
"1","4194",166.76524,0.00000,2.31409,0.00000,0.00000,0.00000,0.00000,0.00000,0.00000,0.00000
"1","4195",117.00919,0.00000,0.00000,0.00000,0.00000,0.00000,0.00000,0.00000,0.00000,0.00000
"1","4196",71.67338,0.00000,0.00000,0.00000,0.00000,0.00000,0.00000,0.00000,0.00000,0.00000
"1","4197",13.23661,0.00000,0.00000,0.00000,0.00000,0.00000,0.00000,0.00000,0.00000,0.00000
"1","4198",8.80060,0.00000,5.76780,0.00000,0.00000,0.00000,0.00000,0.00000,0.00000,0.00000
"1","4199",2.72562,0.00000,9.14073,0.00000,0.00000,0.00000,0.00000,0.00000,0.00000,0.00000
"1","4200",0.00000,0.00000,8.49726,0.00000,0.00000,0.00000,0.00000,0.00000,0.00000,0.00000
"1","4201",0.00000,0.00000,12.74391,0.00000,0.00000,0.00000,0.00000,0.00000,0.00000,0.00000
"1","4202",0.00000,0.00000,0.00000,0.00000,0.00000,0.00000,0.00000,0.00000,0.00000,0.00000
"1","4203",0.00000,0.00000,39.75126,0.00000,0.00000,0.00000,0.00000,0.00000,0.00000,0.00000
"1","4204",0.00000,0.00000,3.58791,0.00000,0.00000,0.00000,0.00000,0.00000,0.00000,0.00000
"1","4205",2.54916,0.00000,0.00000,0.00000,0.00000,0.00000,0.00000,0.00000,0.00000,0.00000
"1","4206",8.11365,0.00000,0.00000,0.00000,0.00000,0.00000,0.00000,0.00000,0.00000,0.00000
"1","4207",50.35496,0.00000,0.00000,0.00000,0.00000,0.00000,0.00000,0.00000,0.00000,0.00000
"1","4208",130.41357,0.00000,0.00000,0.00000,0.00000,0.00000,0.00000,0.00000,0.00000,0.00000
"1","4209",211.78127,0.00000,0.00000,0.00000,0.00000,0.00000,0.00000,0.00000,0.00000,0.00000
"1","4210",273.43226,1.92210,0.00000,0.00000,0.00000,0.00000,0.00000,0.00000,0.00000,0.00000
"1","4211",275.13226,51.38496,0.00000,0.00000,0.00000,0.00000,0.00000,0.00000,0.00000,0.00000
"1","4212",190.08452,170.15070,0.00000,0.00000,0.00000,0.00000,0.00000,0.00000,0.00000,0.00000
"1","4213",274.83226,85.40296,0.00000,0.00000,0.00000,0.00000,0.00000,0.00000,0.00000,0.00000
"1","4214",274.93226,85.30296,0.00000,1.91562,0.00000,0.00000,0.00000,0.00000,0.00000,0.00000
"1","4215",193.08452,167.15070,0.00000,0.00000,0.00000,0.00000,0.00000,0.00000,0.00000,0.00000
"1","4216",280.03226,51.77695,0.00000,0.00000,0.00000,0.00000,0.00000,0.00000,0.00000,0.00000
"1","4217",271.07987,11.75990,0.00000,0.00000,0.00000,0.00000,0.00000,0.00000,0.00000,0.00000
"1","4218",171.01246,50.44186,26.07206,0.00000,0.00000,0.00000,0.00000,0.00000,0.00000,0.00000
"1","4219",142.45565,0.00000,0.00000,0.00000,0.00000,0.00000,0.00000,0.00000,0.00000,0.00000
"1","4220",74.26737,0.00000,2.03892,0.00000,0.00000,0.00000,0.00000,0.00000,0.00000,0.00000
"1","4221",13.71578,0.00000,9.66517,0.00000,0.00000,0.00000,0.00000,0.00000,0.00000,0.00000
"1","4222",8.89039,0.00000,5.13008,0.00000,0.00000,0.00000,0.00000,0.00000,0.00000,0.00000
"1","4223",2.94349,0.00000,8.33903,0.00000,0.00000,0.00000,0.00000,0.00000,0.00000,0.00000
"1","4224",0.00000,0.00000,3.86281,0.00000,0.00000,0.00000,0.00000,0.00000,0.00000,0.00000
"1","4225",0.00000,0.00000,6.32034,0.00000,0.00000,0.00000,0.00000,0.00000,0.00000,0.00000
"1","4226",0.00000,0.00000,0.00000,0.00000,0.00000,0.00000,0.00000,0.00000,0.00000,0.00000
"1","4227",0.00000,0.00000,0.00000,0.00000,0.00000,0.00000,0.00000,0.00000,0.00000,0.00000
"1","4228",0.00000,0.00000,0.00000,0.00000,0.00000,0.00000,0.00000,0.00000,0.00000,0.00000
"1","4229",1.50382,0.00000,0.00000,0.00000,0.00000,0.00000,0.00000,0.00000,0.00000,0.00000
"1","4230",0.51309,0.00000,0.00000,0.00000,0.00000,0.00000,0.00000,0.00000,0.00000,0.00000
"1","4231",2.38945,0.00000,0.00000,0.00000,0.00000,0.00000,0.00000,0.00000,0.00000,0.00000
"1","4232",4.98939,0.00000,0.00000,0.00000,0.00000,0.00000,0.00000,0.00000,0.00000,0.00000
"1","4233",113.42201,0.00000,0.00000,0.00000,0.00000,0.00000,0.00000,0.00000,0.00000,0.00000
"1","4234",156.69453,0.00000,0.00000,0.00000,0.00000,0.00000,0.00000,0.00000,0.00000,0.00000
"1","4235",199.40394,0.00000,0.00000,0.00000,0.00000,0.00000,0.00000,0.00000,0.00000,0.00000
"1","4236",230.67793,0.00000,0.00000,0.00000,0.00000,0.00000,0.00000,0.00000,0.00000,0.00000
"1","4237",249.11935,0.00000,0.00000,0.00000,0.00000,0.00000,0.00000,0.00000,0.00000,0.00000
"1","4238",281.53226,42.99229,0.00000,0.00000,0.00000,0.00000,0.00000,0.00000,0.00000,0.00000
"1","4239",280.83226,1.28863,0.00000,0.00000,0.00000,0.00000,0.00000,0.00000,0.00000,0.00000
"1","4240",253.52797,0.00000,1.95987,0.00000,0.00000,0.00000,0.00000,0.00000,0.00000,0.00000
"1","4241",216.09798,0.00000,19.49526,0.00000,0.00000,0.00000,0.00000,0.00000,0.00000,0.00000
"1","4242",169.65046,0.00000,0.00000,0.00000,0.00000,0.00000,0.00000,0.00000,0.00000,0.00000
"1","4243",116.60621,0.00000,6.10952,0.00000,0.00000,0.00000,0.00000,0.00000,0.00000,0.00000
"1","4244",51.22913,0.00000,7.09372,0.00000,0.00000,0.00000,0.00000,0.00000,0.00000,0.00000
"1","4245",27.04644,0.00000,4.30820,0.00000,0.00000,0.00000,0.00000,0.00000,0.00000,0.00000
"1","4246",10.59806,0.00000,4.85390,0.00000,0.00000,0.00000,0.00000,0.00000,0.00000,0.00000
"1","4247",1.67599,0.00000,9.67441,0.00000,0.00000,0.00000,0.00000,0.00000,0.00000,0.00000
"1","4248",0.00000,0.00000,14.50046,0.00000,0.00000,0.00000,0.00000,0.00000,0.00000,0.00000
"1","4249",0.00000,0.00000,0.00000,0.00000,0.00000,0.00000,0.00000,0.00000,0.00000,0.00000
"1","4250",0.00000,0.00000,0.00000,0.00000,0.00000,0.00000,0.00000,0.00000,0.00000,0.00000
"1","4251",0.00000,0.00000,18.34097,0.00000,0.00000,0.00000,0.00000,0.00000,0.00000,0.00000
"1","4252",0.00000,0.00000,15.27465,0.00000,0.00000,0.00000,0.00000,0.00000,0.00000,0.00000
"1","4253",4.42988,0.00000,0.06061,0.00000,0.00000,0.00000,0.00000,0.00000,0.00000,0.00000
"1","4254",18.14119,0.00000,0.00000,0.00000,0.00000,0.00000,0.00000,0.00000,0.00000,0.00000
"1","4255",53.85118,0.00000,2.63680,0.00000,0.00000,0.00000,0.00000,0.00000,0.00000,0.00000
"1","4256",123.46707,0.00000,0.00000,0.00000,0.00000,0.00000,0.00000,0.00000,0.00000,0.00000
"1","4257",205.46223,0.00000,0.00000,0.00000,0.00000,0.00000,0.00000,0.00000,0.00000,0.00000
"1","4258",194.28452,72.91149,0.00000,0.00000,0.00000,0.00000,0.00000,0.00000,0.00000,0.00000
"1","4259",280.93226,35.24237,0.00000,0.00000,0.00000,0.00000,0.00000,0.00000,0.00000,0.00000
"1","4260",281.33226,71.65459,0.00000,0.00000,0.00000,0.00000,0.00000,0.00000,0.00000,0.00000
"1","4261",281.93226,78.30296,0.00000,0.00000,0.00000,0.00000,0.00000,0.00000,0.00000,0.00000
"1","4262",197.38452,162.85070,0.00000,0.00000,0.00000,0.00000,0.00000,0.00000,0.00000,0.00000
"1","4263",282.03226,75.35209,0.00000,0.00000,0.00000,0.00000,0.00000,0.00000,0.00000,0.00000
"1","4264",268.15824,58.18046,0.00000,0.00000,0.00000,0.00000,0.00000,0.00000,0.00000,0.00000
"1","4265",278.26522,0.00000,0.00000,0.00000,0.00000,0.00000,0.00000,0.00000,0.00000,0.00000
"1","4266",218.19223,0.00000,0.00000,0.00000,0.00000,0.00000,0.00000,0.00000,0.00000,0.00000
"1","4267",140.78276,0.00000,0.00000,0.00000,0.00000,0.00000,0.00000,0.00000,0.00000,0.00000
"1","4268",60.94523,0.00000,0.00000,0.00000,0.00000,0.00000,0.00000,0.00000,0.00000,0.00000
"1","4269",35.30459,0.00000,0.00000,0.00000,0.00000,0.00000,0.00000,0.00000,0.00000,0.00000
"1","4270",15.15453,0.00000,28.24961,0.00000,0.00000,0.00000,0.00000,0.00000,0.00000,0.00000
"1","4271",3.16875,0.00000,3.76586,0.00000,0.00000,0.00000,0.00000,0.00000,0.00000,0.00000
"1","4272",0.00000,0.00000,0.00000,0.00000,0.00000,0.00000,0.00000,0.00000,0.00000,0.00000
"1","4273",0.00000,0.00000,0.00000,0.00000,0.00000,0.00000,0.00000,0.00000,0.00000,0.00000
"1","4274",0.00000,0.00000,0.00000,0.00000,0.00000,0.00000,0.00000,0.00000,0.00000,0.00000
"1","4275",0.00000,0.00000,0.00000,0.00000,0.00000,0.00000,0.00000,0.00000,0.00000,0.00000
"1","4276",0.00000,0.00000,0.00000,0.00000,0.00000,0.00000,0.00000,0.00000,0.00000,0.00000
"1","4277",2.38339,0.00000,3.30321,0.00000,0.00000,0.00000,0.00000,0.00000,0.00000,0.00000
"1","4278",15.79165,0.00000,11.31152,0.00000,0.00000,0.00000,0.00000,0.00000,0.00000,0.00000
"1","4279",18.22924,0.00000,3.31564,0.00000,0.00000,0.00000,0.00000,0.00000,0.00000,0.00000
"1","4280",34.41053,0.00000,0.00000,0.00000,0.00000,0.00000,0.00000,0.00000,0.00000,0.00000
"1","4281",45.32261,0.00000,3.66752,0.00000,0.00000,0.00000,0.00000,0.00000,0.00000,0.00000
"1","4282",63.21896,0.00000,0.00000,0.00000,0.00000,0.00000,0.00000,0.00000,0.00000,0.00000
"1","4283",80.26518,0.00000,42.53695,0.00000,0.00000,0.00000,0.00000,0.00000,0.00000,0.00000
"1","4284",94.33330,0.00000,0.00000,0.00000,0.00000,0.00000,0.00000,0.00000,0.00000,0.00000
"1","4285",102.88641,0.00000,2.37127,0.00000,0.00000,0.00000,0.00000,0.00000,0.00000,0.00000
"1","4286",111.80573,0.00000,0.00000,0.00000,0.00000,0.00000,0.00000,0.00000,0.00000,0.00000
"1","4287",75.82802,0.00000,0.00000,0.00000,0.00000,0.00000,0.00000,0.00000,0.00000,0.00000
"1","4288",69.71748,0.00000,0.00000,0.00000,0.00000,0.00000,0.00000,0.00000,0.00000,0.00000
"1","4289",60.05944,0.00000,1.44830,0.00000,0.00000,0.00000,0.00000,0.00000,0.00000,0.00000
"1","4290",47.66707,0.00000,0.00000,0.00000,0.00000,0.00000,0.00000,0.00000,0.00000,0.00000
"1","4291",34.49016,0.00000,0.00000,0.00000,0.00000,0.00000,0.00000,0.00000,0.00000,0.00000
"1","4292",64.40662,0.00000,0.00000,0.00000,0.00000,0.00000,0.00000,0.00000,0.00000,0.00000
"1","4293",32.28415,0.00000,0.00000,0.00000,0.00000,0.00000,0.00000,0.00000,0.00000,0.00000
"1","4294",13.65672,0.00000,36.72519,0.00000,0.00000,0.00000,0.00000,0.00000,0.00000,0.00000
"1","4295",2.45922,0.00000,54.80514,0.00000,0.00000,0.00000,0.00000,0.00000,0.00000,0.00000
"1","4296",0.00000,0.00000,62.91931,0.00000,0.00000,0.00000,0.00000,0.00000,0.00000,0.00000
"1","4297",0.00000,0.00000,26.45916,0.00000,0.00000,0.00000,0.00000,0.00000,0.00000,0.00000
"1","4298",0.00000,0.00000,8.32970,0.00000,0.00000,0.00000,0.00000,0.00000,0.00000,0.00000
"1","4299",0.00000,0.00000,25.12547,0.00000,0.00000,0.00000,0.00000,0.00000,0.00000,0.00000
"1","4300",0.00000,0.00000,0.00000,0.00000,0.00000,0.00000,0.00000,0.00000,0.00000,0.00000
"1","4301",0.00000,0.00000,0.00000,0.00000,0.00000,0.00000,0.00000,0.00000,0.00000,0.00000
"1","4302",0.00000,0.00000,0.00000,0.00000,0.00000,0.00000,0.00000,0.00000,0.00000,0.00000
"1","4303",1.28387,0.00000,0.00000,0.00000,0.00000,0.00000,0.00000,0.00000,0.00000,0.00000
"1","4304",3.13839,0.00000,0.68990,0.00000,0.00000,0.00000,0.00000,0.00000,0.00000,0.00000
"1","4305",91.04848,0.00000,0.00000,0.00000,0.00000,0.00000,0.00000,0.00000,0.00000,0.00000
"1","4306",129.86255,0.00000,0.00000,0.00000,0.00000,0.00000,0.00000,0.00000,0.00000,0.00000
"1","4307",165.15717,0.00000,0.00000,0.00000,0.00000,0.00000,0.00000,0.00000,0.00000,0.00000
"1","4308",193.96972,0.00000,7.41838,0.00000,0.00000,0.00000,0.00000,0.00000,0.00000,0.00000
"1","4309",213.03183,0.00000,6.41018,0.00000,0.00000,0.00000,0.00000,0.00000,0.00000,0.00000
"1","4310",218.82259,0.00000,3.22158,0.00000,0.00000,0.00000,0.00000,0.00000,0.00000,0.00000
"1","4311",107.05508,0.00000,3.29093,0.00000,0.00000,0.00000,0.00000,0.00000,0.00000,0.00000
"1","4312",98.51600,0.00000,36.11209,0.00000,0.00000,0.00000,0.00000,0.00000,0.00000,0.00000
"1","4313",84.36806,0.00000,0.00000,0.00000,0.00000,0.00000,0.00000,0.00000,0.00000,0.00000
"1","4314",22.86862,0.00000,5.15490,0.00000,0.00000,0.00000,0.00000,0.00000,0.00000,0.00000
"1","4315",16.30474,0.00000,7.78593,0.00000,0.00000,0.00000,0.00000,0.00000,0.00000,0.00000
"1","4316",10.06393,0.00000,16.03689,0.00000,0.00000,0.00000,0.00000,0.00000,0.00000,0.00000
"1","4317",26.98389,0.00000,161.40063,61.78895,0.00000,0.00000,0.00000,0.00000,0.00000,0.00000
"1","4318",5.55482,3.85538,177.92970,0.00000,0.00000,0.00000,0.00000,0.00000,0.00000,0.00000
"1","4319",0.00000,0.93155,181.28583,47.68171,0.00000,0.00000,0.00000,0.00000,0.00000,0.00000
"1","4320",0.00000,0.00000,158.13130,0.00000,0.00000,0.00000,0.00000,0.00000,0.00000,0.00000
"1","4321",0.00000,0.00000,117.12994,0.00000,0.00000,0.00000,0.00000,0.00000,0.00000,0.00000
"1","4322",0.00000,0.00000,111.88149,0.00000,0.00000,0.00000,0.00000,0.00000,0.00000,0.00000
"1","4323",0.00000,0.00000,144.31445,0.00000,0.00000,0.00000,0.00000,0.00000,0.00000,0.00000
"1","4324",0.00000,0.00000,121.04105,0.00000,0.00000,0.00000,0.00000,0.00000,0.00000,0.00000
"1","4325",2.56721,0.00000,69.49378,0.00000,0.00000,0.00000,0.00000,0.00000,0.00000,0.00000
"1","4326",18.80483,0.00000,52.04905,0.00000,0.00000,0.00000,0.00000,0.00000,0.00000,0.00000
"1","4327",42.93804,0.00000,55.06084,0.00000,0.00000,0.00000,0.00000,0.00000,0.00000,0.00000
"1","4328",81.70634,0.00000,25.41881,0.00000,0.00000,0.00000,0.00000,0.00000,0.00000,0.00000
"1","4329",203.45699,0.00000,18.45631,0.00000,0.00000,0.00000,0.00000,0.00000,0.00000,0.00000
"1","4330",152.24092,116.97049,42.14360,0.00000,0.00000,0.00000,0.00000,0.00000,0.00000,0.00000
"1","4331",279.63226,43.20731,0.00000,119.49174,0.00000,0.00000,0.00000,0.00000,0.00000,0.00000
"1","4332",279.03226,81.20296,0.00000,114.75600,0.00000,0.00000,0.00000,0.00000,0.00000,0.00000
"1","4333",194.18452,166.05070,0.00000,214.70522,0.00000,0.00000,0.00000,0.00000,0.00000,0.00000
"1","4334",34.75716,325.47806,160.92736,0.00000,0.00000,0.00000,0.00000,0.00000,0.00000,0.00000
"1","4335",281.03226,79.20296,0.00000,171.81647,0.00000,0.00000,0.00000,0.00000,0.00000,0.00000
"1","4336",206.81877,124.87433,0.00000,203.55181,0.00000,0.00000,0.00000,0.00000,0.00000,0.00000
"1","4337",83.63994,199.23612,111.24458,0.00000,0.00000,0.00000,0.00000,0.00000,0.00000,0.00000
"1","4338",155.39560,0.00000,115.12021,0.00000,0.00000,0.00000,0.00000,0.00000,0.00000,0.00000
"1","4339",54.28760,55.99086,137.69692,0.00000,0.00000,0.00000,0.00000,0.00000,0.00000,0.00000
"1","4340",61.20889,0.00000,136.85643,0.00000,0.00000,0.00000,0.00000,0.00000,0.00000,0.00000
"1","4341",14.33579,0.00000,156.32143,0.00000,0.00000,0.00000,0.00000,0.00000,0.00000,0.00000
"1","4342",8.69069,0.00000,174.29383,4.74159,0.00000,0.00000,0.00000,0.00000,0.00000,0.00000
"1","4343",2.65294,0.00000,133.33474,0.00000,0.00000,0.00000,0.00000,0.00000,0.00000,0.00000
"1","4344",0.00000,0.00000,175.08452,63.68323,0.00000,0.00000,0.00000,0.00000,0.00000,0.00000
"1","4345",0.00000,0.00000,142.34021,0.00000,0.00000,0.00000,0.00000,0.00000,0.00000,0.00000
"1","4346",0.00000,0.00000,173.65717,0.00000,0.00000,0.00000,0.00000,0.00000,0.00000,0.00000
"1","4347",0.00000,0.00000,168.28452,1.29997,0.00000,0.00000,0.00000,0.00000,0.00000,0.00000
"1","4348",0.00000,0.00000,105.32094,0.00000,0.00000,0.00000,0.00000,0.00000,0.00000,0.00000
"1","4349",0.14345,0.00000,38.00424,0.00000,0.00000,0.00000,0.00000,0.00000,0.00000,0.00000
"1","4350",6.48377,0.00000,59.91658,0.00000,0.00000,0.00000,0.00000,0.00000,0.00000,0.00000
"1","4351",50.64183,0.00000,55.88406,0.00000,0.00000,0.00000,0.00000,0.00000,0.00000,0.00000
"1","4352",100.38917,0.00000,7.17612,0.00000,0.00000,0.00000,0.00000,0.00000,0.00000,0.00000
"1","4353",184.58452,7.78972,0.00000,16.68912,0.00000,0.00000,0.00000,0.00000,0.00000,0.00000
"1","4354",185.75361,68.57065,2.13091,0.00000,0.00000,0.00000,0.00000,0.00000,0.00000,0.00000
"1","4355",274.13226,31.32777,0.00000,2.64069,0.00000,0.00000,0.00000,0.00000,0.00000,0.00000
"1","4356",185.48817,157.10772,3.49635,0.00000,0.00000,0.00000,0.00000,0.00000,0.00000,0.00000
"1","4357",273.03226,87.20296,0.00000,5.75607,0.00000,0.00000,0.00000,0.00000,0.00000,0.00000
"1","4358",152.36090,0.00000,16.32985,0.00000,0.00000,0.00000,0.00000,0.00000,0.00000,0.00000
"1","4359",147.87681,0.00000,21.53094,0.00000,0.00000,0.00000,0.00000,0.00000,0.00000,0.00000
"1","4360",108.11357,0.00000,32.39476,0.00000,0.00000,0.00000,0.00000,0.00000,0.00000,0.00000
"1","4361",92.62123,0.00000,0.00000,0.00000,0.00000,0.00000,0.00000,0.00000,0.00000,0.00000
"1","4362",73.45656,0.00000,0.00000,0.00000,0.00000,0.00000,0.00000,0.00000,0.00000,0.00000
"1","4363",52.66062,0.00000,0.00000,0.00000,0.00000,0.00000,0.00000,0.00000,0.00000,0.00000
"1","4364",59.78030,0.00000,0.00000,0.00000,0.00000,0.00000,0.00000,0.00000,0.00000,0.00000
"1","4365",13.41169,0.00000,0.00000,0.00000,0.00000,0.00000,0.00000,0.00000,0.00000,0.00000
"1","4366",8.16996,0.00000,3.09771,0.00000,0.00000,0.00000,0.00000,0.00000,0.00000,0.00000
"1","4367",2.36823,0.00000,22.71773,0.00000,0.00000,0.00000,0.00000,0.00000,0.00000,0.00000
"1","4368",0.00000,0.00000,0.00000,0.00000,0.00000,0.00000,0.00000,0.00000,0.00000,0.00000
"1","4369",0.00000,0.00000,0.00000,0.00000,0.00000,0.00000,0.00000,0.00000,0.00000,0.00000
"1","4370",0.00000,0.00000,0.00000,0.00000,0.00000,0.00000,0.00000,0.00000,0.00000,0.00000
"1","4371",0.00000,0.00000,1.73644,0.00000,0.00000,0.00000,0.00000,0.00000,0.00000,0.00000
"1","4372",0.00000,0.00000,0.00000,0.00000,0.00000,0.00000,0.00000,0.00000,0.00000,0.00000
"1","4373",2.94475,0.00000,0.00000,0.00000,0.00000,0.00000,0.00000,0.00000,0.00000,0.00000
"1","4374",17.24080,0.00000,0.00000,0.00000,0.00000,0.00000,0.00000,0.00000,0.00000,0.00000
"1","4375",50.75939,0.00000,0.00000,0.00000,0.00000,0.00000,0.00000,0.00000,0.00000,0.00000
"1","4376",116.09631,0.00000,0.00000,0.00000,0.00000,0.00000,0.00000,0.00000,0.00000,0.00000
"1","4377",52.30359,0.00000,0.00000,0.00000,0.00000,0.00000,0.00000,0.00000,0.00000,0.00000
"1","4378",74.78404,0.00000,0.00000,0.00000,0.00000,0.00000,0.00000,0.00000,0.00000,0.00000
"1","4379",97.27222,0.00000,0.00000,0.00000,0.00000,0.00000,0.00000,0.00000,0.00000,0.00000
"1","4380",116.01068,0.00000,7.33165,0.00000,0.00000,0.00000,0.00000,0.00000,0.00000,0.00000
"1","4381",275.73226,8.70735,0.00000,25.15069,0.00000,0.00000,0.00000,0.00000,0.00000,0.00000
"1","4382",276.23226,71.16363,0.00000,30.47179,0.00000,0.00000,0.00000,0.00000,0.00000,0.00000
"1","4383",245.90744,32.14879,30.92482,0.00000,0.00000,0.00000,0.00000,0.00000,0.00000,0.00000
"1","4384",250.39446,2.67490,27.53780,0.00000,0.00000,0.00000,0.00000,0.00000,0.00000,0.00000
"1","4385",212.78897,0.00000,30.13989,0.00000,0.00000,0.00000,0.00000,0.00000,0.00000,0.00000
"1","4386",166.26647,0.00000,32.42249,0.00000,0.00000,0.00000,0.00000,0.00000,0.00000,0.00000
"1","4387",116.23999,0.00000,29.56144,0.00000,0.00000,0.00000,0.00000,0.00000,0.00000,0.00000
"1","4388",59.76579,0.00000,34.47527,0.00000,0.00000,0.00000,0.00000,0.00000,0.00000,0.00000
"1","4389",30.15236,0.00000,40.44215,0.00000,0.00000,0.00000,0.00000,0.00000,0.00000,0.00000
"1","4390",10.31046,0.00000,42.68581,0.00000,0.00000,0.00000,0.00000,0.00000,0.00000,0.00000
"1","4391",0.88026,0.00000,35.75170,0.00000,0.00000,0.00000,0.00000,0.00000,0.00000,0.00000
"1","4392",0.00000,0.00000,33.84975,0.00000,0.00000,0.00000,0.00000,0.00000,0.00000,0.00000
"1","4393",0.00000,0.00000,0.00000,0.00000,0.00000,0.00000,0.00000,0.00000,0.00000,0.00000
"1","4394",0.00000,0.00000,0.00000,0.00000,0.00000,0.00000,0.00000,0.00000,0.00000,0.00000
"1","4395",0.00000,0.00000,0.00000,0.00000,0.00000,0.00000,0.00000,0.00000,0.00000,0.00000
"1","4396",0.00000,0.00000,0.00000,0.00000,0.00000,0.00000,0.00000,0.00000,0.00000,0.00000
"1","4397",2.80322,0.00000,0.00000,0.00000,0.00000,0.00000,0.00000,0.00000,0.00000,0.00000
"1","4398",19.33800,0.00000,0.00000,0.00000,0.00000,0.00000,0.00000,0.00000,0.00000,0.00000
"1","4399",48.17106,0.00000,0.00000,0.00000,0.00000,0.00000,0.00000,0.00000,0.00000,0.00000
"1","4400",98.67468,0.00000,0.00000,0.00000,0.00000,0.00000,0.00000,0.00000,0.00000,0.00000
"1","4401",195.77516,0.00000,0.00000,0.00000,0.00000,0.00000,0.00000,0.00000,0.00000,0.00000
"1","4402",257.42331,0.00000,0.00000,0.00000,0.00000,0.00000,0.00000,0.00000,0.00000,0.00000
"1","4403",279.23226,26.96117,0.00000,0.00000,0.00000,0.00000,0.00000,0.00000,0.00000,0.00000
"1","4404",279.63226,59.41129,0.00000,0.00000,0.00000,0.00000,0.00000,0.00000,0.00000,0.00000
"1","4405",221.30749,134.85437,0.00000,0.00000,0.00000,0.00000,0.00000,0.00000,0.00000,0.00000
"1","4406",280.03226,77.93600,0.00000,0.00000,0.00000,0.00000,0.00000,0.00000,0.00000,0.00000
"1","4407",279.93226,64.93785,0.00000,0.00000,0.00000,0.00000,0.00000,0.00000,0.00000,0.00000
"1","4408",195.68452,118.05045,0.00000,0.00000,0.00000,0.00000,0.00000,0.00000,0.00000,0.00000
"1","4409",268.30337,0.00000,0.00000,0.00000,0.00000,0.00000,0.00000,0.00000,0.00000,0.00000
"1","4410",210.65312,0.00000,0.00000,0.00000,0.00000,0.00000,0.00000,0.00000,0.00000,0.00000
"1","4411",135.47238,0.00000,23.84138,0.00000,0.00000,0.00000,0.00000,0.00000,0.00000,0.00000
"1","4412",57.70685,0.00000,39.96755,0.00000,0.00000,0.00000,0.00000,0.00000,0.00000,0.00000
"1","4413",31.73981,0.00000,34.65187,0.00000,0.00000,0.00000,0.00000,0.00000,0.00000,0.00000
"1","4414",10.68117,0.00000,36.14730,0.00000,0.00000,0.00000,0.00000,0.00000,0.00000,0.00000
"1","4415",1.09554,0.00000,21.41440,0.00000,0.00000,0.00000,0.00000,0.00000,0.00000,0.00000
"1","4416",0.00000,0.00000,21.16757,0.00000,0.00000,0.00000,0.00000,0.00000,0.00000,0.00000
"1","4417",0.00000,0.00000,0.00000,0.00000,0.00000,0.00000,0.00000,0.00000,0.00000,0.00000
"1","4418",0.00000,0.00000,0.00000,0.00000,0.00000,0.00000,0.00000,0.00000,0.00000,0.00000
"1","4419",0.00000,0.00000,3.91203,0.00000,0.00000,0.00000,0.00000,0.00000,0.00000,0.00000
"1","4420",0.00000,0.00000,1.68599,0.00000,0.00000,0.00000,0.00000,0.00000,0.00000,0.00000
"1","4421",1.23744,0.00000,5.91822,0.00000,0.00000,0.00000,0.00000,0.00000,0.00000,0.00000
"1","4422",7.18238,0.00000,0.00000,0.00000,0.00000,0.00000,0.00000,0.00000,0.00000,0.00000
"1","4423",42.96257,0.00000,0.00000,0.00000,0.00000,0.00000,0.00000,0.00000,0.00000,0.00000
"1","4424",115.69962,0.00000,0.00000,0.00000,0.00000,0.00000,0.00000,0.00000,0.00000,0.00000
"1","4425",192.75303,0.00000,0.00000,0.00000,0.00000,0.00000,0.00000,0.00000,0.00000,0.00000
"1","4426",254.55502,0.00000,0.00000,0.00000,0.00000,0.00000,0.00000,0.00000,0.00000,0.00000
"1","4427",190.48452,114.78636,0.00000,0.00000,0.00000,0.00000,0.00000,0.00000,0.00000,0.00000
"1","4428",274.83226,65.70421,0.00000,0.00000,0.00000,0.00000,0.00000,0.00000,0.00000,0.00000
"1","4429",198.42526,160.67503,0.00000,0.00000,0.00000,0.00000,0.00000,0.00000,0.00000,0.00000
"1","4430",273.83226,86.40296,0.00000,0.00000,0.00000,0.00000,0.00000,0.00000,0.00000,0.00000
"1","4431",274.03226,73.25575,0.00000,0.00000,0.00000,0.00000,0.00000,0.00000,0.00000,0.00000
"1","4432",275.53226,40.57271,0.00000,0.00000,0.00000,0.00000,0.00000,0.00000,0.00000,0.00000
"1","4433",269.75904,0.00000,0.00000,0.00000,0.00000,0.00000,0.00000,0.00000,0.00000,0.00000
"1","4434",211.52729,0.00000,5.14279,0.00000,0.00000,0.00000,0.00000,0.00000,0.00000,0.00000
"1","4435",135.24162,0.00000,8.18580,0.00000,0.00000,0.00000,0.00000,0.00000,0.00000,0.00000
"1","4436",57.85779,0.00000,12.44815,0.00000,0.00000,0.00000,0.00000,0.00000,0.00000,0.00000
"1","4437",14.30154,0.00000,9.12925,0.00000,0.00000,0.00000,0.00000,0.00000,0.00000,0.00000
"1","4438",8.89668,0.00000,0.00000,0.00000,0.00000,0.00000,0.00000,0.00000,0.00000,0.00000
"1","4439",2.32423,0.00000,0.00000,0.00000,0.00000,0.00000,0.00000,0.00000,0.00000,0.00000
"1","4440",0.00000,0.00000,0.00000,0.00000,0.00000,0.00000,0.00000,0.00000,0.00000,0.00000
"1","4441",0.00000,0.00000,2.21175,0.00000,0.00000,0.00000,0.00000,0.00000,0.00000,0.00000
"1","4442",0.00000,0.00000,7.90403,0.00000,0.00000,0.00000,0.00000,0.00000,0.00000,0.00000
"1","4443",0.00000,0.00000,0.00000,0.00000,0.00000,0.00000,0.00000,0.00000,0.00000,0.00000
"1","4444",0.00000,0.00000,0.00000,0.00000,0.00000,0.00000,0.00000,0.00000,0.00000,0.00000
"1","4445",0.00000,0.00000,0.00000,0.00000,0.00000,0.00000,0.00000,0.00000,0.00000,0.00000
"1","4446",14.52315,0.00000,0.00000,0.00000,0.00000,0.00000,0.00000,0.00000,0.00000,0.00000
"1","4447",38.02668,0.00000,0.00000,0.00000,0.00000,0.00000,0.00000,0.00000,0.00000,0.00000
"1","4448",115.79395,0.00000,0.00000,0.00000,0.00000,0.00000,0.00000,0.00000,0.00000,0.00000
"1","4449",194.85067,0.00000,0.00000,0.00000,0.00000,0.00000,0.00000,0.00000,0.00000,0.00000
"1","4450",258.66855,0.00000,0.00000,0.00000,0.00000,0.00000,0.00000,0.00000,0.00000,0.00000
"1","4451",281.03226,23.37702,0.00000,0.00000,0.00000,0.00000,0.00000,0.00000,0.00000,0.00000
"1","4452",281.73226,54.22337,0.00000,0.00000,0.00000,0.00000,0.00000,0.00000,0.00000,0.00000
"1","4453",280.43839,72.08839,2.09387,0.00000,0.00000,0.00000,0.00000,0.00000,0.00000,0.00000
"1","4454",148.44379,0.00000,0.00000,0.00000,0.00000,0.00000,0.00000,0.00000,0.00000,0.00000
"1","4455",180.87399,0.00000,0.00000,0.00000,0.00000,0.00000,0.00000,0.00000,0.00000,0.00000
"1","4456",164.59019,0.00000,0.00000,0.00000,0.00000,0.00000,0.00000,0.00000,0.00000,0.00000
"1","4457",139.49205,0.00000,0.00000,0.00000,0.00000,0.00000,0.00000,0.00000,0.00000,0.00000
"1","4458",107.58142,0.00000,17.01999,0.00000,0.00000,0.00000,0.00000,0.00000,0.00000,0.00000
"1","4459",76.56142,0.00000,19.62824,0.00000,0.00000,0.00000,0.00000,0.00000,0.00000,0.00000
"1","4460",31.89665,0.00000,6.82734,0.00000,0.00000,0.00000,0.00000,13.77098,0.00000,0.00000
"1","4461",16.35728,0.00000,0.00000,0.00000,0.00000,0.00000,0.00000,13.77098,0.00000,0.00000
"1","4462",4.84194,0.00000,0.00000,0.00000,0.00000,0.00000,0.00000,13.77098,0.00000,0.00000
"1","4463",0.00000,0.00000,0.00000,0.00000,0.00000,0.00000,0.00000,13.77098,0.00000,0.00000
"1","4464",0.00000,0.00000,0.00000,0.00000,0.00000,0.00000,0.00000,13.77098,0.00000,0.00000
"1","4465",0.00000,0.00000,0.00000,0.00000,0.00000,0.00000,0.00000,13.77098,0.00000,0.00000
"1","4466",0.00000,0.00000,0.00000,0.00000,0.00000,0.00000,0.00000,13.77098,0.00000,0.00000
"1","4467",0.00000,0.00000,55.64237,0.00000,0.00000,0.00000,0.00000,9.35763,0.00000,0.00000
"1","4468",0.00000,0.00000,58.37390,0.00000,0.00000,0.00000,0.00000,7.12610,0.00000,0.00000
"1","4469",0.00000,0.00000,13.17247,0.00000,0.00000,0.00000,0.00000,13.77098,0.00000,0.00000
"1","4470",7.94331,0.00000,0.00000,0.00000,0.00000,0.00000,0.00000,13.77098,0.00000,0.00000
"1","4471",21.95961,0.00000,1.34618,0.00000,0.00000,0.00000,0.00000,13.77098,0.00000,0.00000
"1","4472",42.54599,0.00000,0.00000,0.00000,0.00000,0.00000,0.00000,13.77098,0.00000,0.00000
"1","4473",28.41310,0.00000,0.00000,0.00000,0.00000,0.00000,0.00000,13.77098,0.00000,0.00000
"1","4474",39.92278,0.00000,0.00000,0.00000,0.00000,0.00000,0.00000,13.77098,0.00000,0.00000
"1","4475",50.28046,0.00000,0.00000,0.00000,0.00000,0.00000,0.00000,13.77098,0.00000,0.00000
"1","4476",58.76486,0.00000,0.00000,0.00000,0.00000,0.00000,0.00000,13.77098,0.00000,0.00000
"1","4477",64.15313,0.00000,0.00000,0.00000,0.00000,0.00000,0.00000,13.77098,0.00000,0.00000
"1","4478",74.37864,0.00000,0.00000,0.00000,0.00000,0.00000,0.00000,13.77098,0.00000,0.00000
"1","4479",72.01734,0.00000,0.00000,0.00000,0.00000,0.00000,0.00000,13.77098,0.00000,0.00000
"1","4480",119.89151,0.00000,2.52080,0.00000,0.00000,0.00000,0.00000,0.00000,0.00000,0.00000
"1","4481",98.30363,0.00000,3.11618,0.00000,0.00000,0.00000,0.00000,0.00000,0.00000,0.00000
"1","4482",77.91211,0.00000,6.34917,0.00000,0.00000,0.00000,0.00000,10.63872,0.00000,0.00000
"1","4483",55.49698,0.00000,6.26179,0.00000,0.00000,0.00000,0.00000,13.77098,0.00000,0.00000
"1","4484",34.46606,0.00000,4.44581,0.00000,0.00000,0.00000,0.00000,13.77098,0.00000,0.00000
"1","4485",17.32894,0.00000,12.54518,0.00000,0.00000,0.00000,0.00000,13.77098,0.00000,0.00000
"1","4486",9.14607,0.00000,19.85919,0.00000,0.00000,0.00000,0.00000,13.77098,0.00000,0.00000
"1","4487",2.39267,0.00000,16.97610,0.00000,0.00000,0.00000,0.00000,13.77098,0.00000,0.00000
"1","4488",0.00000,0.00000,0.00000,0.00000,0.00000,0.00000,0.00000,13.77098,0.00000,0.00000
"1","4489",0.00000,0.00000,0.91430,0.00000,0.00000,0.00000,0.00000,13.77098,0.00000,0.00000
"1","4490",0.00000,0.00000,6.45098,0.00000,0.00000,0.00000,0.00000,13.77098,0.00000,0.00000
"1","4491",0.00000,0.00000,0.00000,0.00000,0.00000,0.00000,0.00000,13.77098,0.00000,0.00000
"1","4492",0.00000,0.00000,0.00000,0.00000,0.00000,0.00000,0.00000,13.77098,0.00000,0.00000
"1","4493",0.00000,0.00000,0.00000,0.00000,0.00000,0.00000,0.00000,13.77098,0.00000,0.00000
"1","4494",0.00000,0.00000,0.00000,0.00000,0.00000,0.00000,0.00000,13.77098,0.00000,0.00000
"1","4495",0.87891,0.00000,0.00000,0.00000,0.00000,0.00000,0.00000,13.77098,0.00000,0.00000
"1","4496",2.71345,0.00000,0.00000,0.00000,0.00000,0.00000,0.00000,13.77098,0.00000,0.00000
"1","4497",34.61768,0.00000,0.00000,0.00000,0.00000,0.00000,0.00000,13.77098,0.00000,0.00000
"1","4498",48.41406,0.00000,0.00000,0.00000,0.00000,0.00000,0.00000,13.77098,0.00000,0.00000
"1","4499",61.49189,0.00000,0.00000,0.00000,0.00000,0.00000,0.00000,13.77098,0.00000,0.00000
"1","4500",72.32986,0.00000,0.00000,0.00000,0.00000,0.00000,0.00000,13.77098,0.00000,0.00000
"1","4501",159.37706,0.00000,0.00000,0.00000,0.00000,0.00000,0.00000,0.00000,0.00000,0.00000
"1","4502",164.42523,0.00000,4.34568,0.00000,0.00000,0.00000,0.00000,0.00000,0.00000,0.00000
"1","4503",275.38410,35.59433,7.44816,0.00000,0.00000,0.00000,0.00000,0.00000,0.00000,0.00000
"1","4504",270.17559,12.12575,13.05667,0.00000,0.00000,0.00000,0.00000,0.00000,0.00000,0.00000
"1","4505",239.21749,0.00000,19.78196,0.00000,0.00000,0.00000,0.00000,0.00000,0.00000,0.00000
"1","4506",184.29184,0.00000,1.95191,0.00000,0.00000,0.00000,0.00000,0.00000,0.00000,0.00000
"1","4507",123.77475,0.00000,4.53823,0.00000,0.00000,0.00000,0.00000,0.00000,0.00000,0.00000
"1","4508",56.37986,0.00000,0.00000,0.00000,0.00000,0.00000,0.00000,13.77098,0.00000,0.00000
"1","4509",28.87355,0.00000,0.00000,0.00000,0.00000,0.00000,0.00000,13.77098,0.00000,0.00000
"1","4510",9.28810,0.00000,0.41626,0.00000,0.00000,0.00000,0.00000,13.77098,0.00000,0.00000
"1","4511",1.11816,0.00000,31.68995,0.00000,0.00000,0.00000,0.00000,13.77098,0.00000,0.00000
"1","4512",0.00000,0.00000,3.64164,0.00000,0.00000,0.00000,0.00000,13.77098,0.00000,0.00000
"1","4513",0.00000,0.00000,0.00000,0.00000,0.00000,0.00000,0.00000,13.77098,0.00000,0.00000
"1","4514",0.00000,0.00000,0.00000,0.00000,0.00000,0.00000,0.00000,13.77098,0.00000,0.00000
"1","4515",0.00000,0.00000,17.92960,0.00000,0.00000,0.00000,0.00000,13.77098,0.00000,0.00000
"1","4516",0.00000,0.00000,36.23415,0.00000,0.00000,0.00000,0.00000,13.77098,0.00000,0.00000
"1","4517",0.59170,0.00000,42.88072,0.00000,0.00000,0.00000,0.00000,13.77098,0.00000,0.00000
"1","4518",16.58330,0.00000,118.21605,0.00000,0.00000,0.00000,0.00000,0.00000,0.00000,0.00000
"1","4519",41.09699,0.00000,54.41720,0.00000,0.00000,0.00000,0.00000,0.00000,0.00000,0.00000
"1","4520",80.31792,0.00000,0.00000,0.00000,0.00000,0.00000,0.00000,0.00000,0.00000,0.00000
"1","4521",27.86189,0.00000,0.00000,0.00000,0.00000,0.00000,0.00000,13.77098,0.00000,0.00000
"1","4522",40.85922,0.00000,0.00000,0.00000,0.00000,0.00000,0.00000,13.77098,0.00000,0.00000
"1","4523",54.08872,0.00000,0.00000,0.00000,0.00000,0.00000,0.00000,13.77098,0.00000,0.00000
"1","4524",66.38042,0.00000,0.00000,0.00000,0.00000,0.00000,0.00000,13.77098,0.00000,0.00000
"1","4525",74.93933,0.00000,0.00000,0.00000,0.00000,0.00000,0.00000,13.77098,0.00000,0.00000
"1","4526",78.40411,0.00000,0.00000,0.00000,0.00000,0.00000,0.00000,8.49589,0.00000,0.00000
"1","4527",98.67952,0.00000,0.00000,0.00000,0.00000,0.00000,0.00000,0.00000,0.00000,0.00000
"1","4528",82.08369,0.00000,0.00000,0.00000,0.00000,0.00000,0.00000,3.71631,0.00000,0.00000
"1","4529",68.28648,0.00000,14.15184,0.00000,0.00000,0.00000,0.00000,4.56168,0.00000,0.00000
"1","4530",51.79902,0.00000,0.00000,0.00000,0.00000,0.00000,0.00000,13.77098,0.00000,0.00000
"1","4531",35.81076,0.00000,0.00000,0.00000,0.00000,0.00000,0.00000,13.77098,0.00000,0.00000
"1","4532",22.26183,0.00000,0.35074,0.00000,0.00000,0.00000,0.00000,13.77098,0.00000,0.00000
"1","4533",12.44733,0.00000,15.50831,0.00000,0.00000,0.00000,0.00000,13.77098,0.00000,0.00000
"1","4534",5.99462,0.00000,16.29707,0.00000,0.00000,0.00000,0.00000,13.77098,0.00000,0.00000
"1","4535",1.89737,0.00000,6.62702,0.00000,0.00000,0.00000,0.00000,13.77098,0.00000,0.00000
"1","4536",0.00000,0.00000,5.68096,0.00000,0.00000,0.00000,0.00000,13.77098,0.00000,0.00000
"1","4537",0.00000,0.00000,4.10665,0.00000,0.00000,0.00000,0.00000,13.77098,0.00000,0.00000
"1","4538",0.00000,0.00000,0.00000,0.00000,0.00000,0.00000,0.00000,13.77098,0.00000,0.00000
"1","4539",0.00000,0.00000,0.00000,0.00000,0.00000,0.00000,0.00000,13.77098,0.00000,0.00000
"1","4540",0.00000,0.00000,0.00000,0.00000,0.00000,0.00000,0.00000,13.77098,0.00000,0.00000
"1","4541",0.67418,0.00000,0.00000,0.00000,0.00000,0.00000,0.00000,13.77098,0.00000,0.00000
"1","4542",6.79546,0.00000,0.00000,0.00000,0.00000,0.00000,0.00000,13.77098,0.00000,0.00000
"1","4543",40.39170,0.00000,0.00000,0.00000,0.00000,0.00000,0.00000,13.77098,0.00000,0.00000
"1","4544",117.73678,0.00000,0.00000,0.00000,0.00000,0.00000,0.00000,0.00000,0.00000,0.00000
"1","4545",198.41850,0.00000,0.00000,0.00000,0.00000,0.00000,0.00000,0.00000,0.00000,0.00000
"1","4546",116.36190,0.00000,0.00000,0.00000,0.00000,0.00000,0.00000,0.00000,0.00000,0.00000
"1","4547",149.57243,0.00000,0.00000,0.00000,0.00000,0.00000,0.00000,0.00000,0.00000,0.00000
"1","4548",175.59361,0.00000,0.00000,0.00000,0.00000,0.00000,0.00000,0.00000,0.00000,0.00000
"1","4549",233.18532,0.00000,0.00000,0.00000,0.00000,0.00000,0.00000,0.00000,0.00000,0.00000
"1","4550",238.99157,0.00000,0.00000,0.00000,0.00000,0.00000,0.00000,0.00000,0.00000,0.00000
"1","4551",224.94667,0.00000,0.00000,0.00000,0.00000,0.00000,0.00000,0.00000,0.00000,0.00000
"1","4552",203.64953,0.00000,18.86264,0.00000,0.00000,0.00000,0.00000,0.00000,0.00000,0.00000
"1","4553",196.04946,0.00000,51.18577,0.00000,0.00000,0.00000,0.00000,0.00000,0.00000,0.00000
"1","4554",154.06039,0.00000,0.00000,0.00000,0.00000,0.00000,0.00000,0.00000,0.00000,0.00000
"1","4555",106.97380,0.00000,0.00000,0.00000,0.00000,0.00000,0.00000,0.00000,0.00000,0.00000
"1","4556",29.44658,0.00000,26.72485,0.00000,0.00000,0.00000,0.00000,13.77098,0.00000,0.00000
"1","4557",14.67520,0.00000,0.00000,0.00000,0.00000,0.00000,0.00000,0.00000,0.00000,0.00000
"1","4558",3.54177,0.00000,31.76933,0.00000,0.00000,0.00000,0.00000,0.00000,0.00000,0.00000
"1","4559",0.00000,0.00000,36.07081,0.00000,0.00000,0.00000,0.00000,0.00000,0.00000,0.00000
"1","4560",0.00000,0.00000,38.27693,0.00000,0.00000,0.00000,0.00000,0.00000,0.00000,0.00000
"1","4561",0.00000,0.00000,73.09456,0.00000,0.00000,0.00000,0.00000,0.00000,0.00000,0.00000
"1","4562",0.00000,0.00000,23.42216,0.00000,0.00000,0.00000,0.00000,0.00000,0.00000,0.00000
"1","4563",0.00000,0.00000,8.64516,0.00000,0.00000,0.00000,0.00000,0.00000,0.00000,0.00000
"1","4564",0.00000,0.00000,6.02201,0.00000,0.00000,0.00000,0.00000,13.77098,0.00000,0.00000
"1","4565",0.36182,0.00000,9.37071,0.00000,0.00000,0.00000,0.00000,13.77098,0.00000,0.00000
"1","4566",16.53662,0.00000,18.14635,0.00000,0.00000,0.00000,0.00000,6.65101,0.00000,0.00000
"1","4567",41.31280,0.00000,12.54910,0.00000,0.00000,0.00000,0.00000,0.00000,0.00000,0.00000
"1","4568",81.93662,0.00000,5.95512,0.00000,0.00000,0.00000,0.00000,0.00000,0.00000,0.00000
"1","4569",69.60331,0.00000,0.00000,0.00000,0.00000,0.00000,0.00000,13.77098,0.00000,0.00000
"1","4570",98.65388,0.00000,0.00000,0.00000,0.00000,0.00000,0.00000,0.00000,0.00000,0.00000
"1","4571",130.48517,0.00000,0.00000,0.00000,0.00000,0.00000,0.00000,0.00000,0.00000,0.00000
"1","4572",154.15618,0.00000,0.00000,0.00000,0.00000,0.00000,0.00000,0.00000,0.00000,0.00000
"1","4573",168.97850,0.00000,0.00000,0.00000,0.00000,0.00000,0.00000,0.00000,0.00000,0.00000
"1","4574",243.97201,0.00000,0.00000,0.00000,0.00000,0.00000,0.00000,0.00000,0.00000,0.00000
"1","4575",121.95190,0.00000,0.00000,0.00000,0.00000,0.00000,0.00000,0.00000,0.00000,0.00000
"1","4576",283.83226,29.10110,0.00000,0.00000,0.00000,0.00000,0.00000,0.00000,0.00000,0.00000
"1","4577",264.97918,3.18147,18.15308,0.00000,0.00000,0.00000,0.00000,0.00000,0.00000,0.00000
"1","4578",210.32899,0.00000,0.00000,0.00000,0.00000,0.00000,0.00000,0.00000,0.00000,0.00000
"1","4579",134.61756,0.00000,6.24913,0.00000,0.00000,0.00000,0.00000,0.00000,0.00000,0.00000
"1","4580",55.98946,0.00000,2.73491,0.00000,0.00000,0.00000,0.00000,0.00000,0.00000,0.00000
"1","4581",28.80965,0.00000,15.08825,0.00000,0.00000,0.00000,0.00000,0.00000,0.00000,0.00000
"1","4582",7.07039,0.00000,83.36629,0.00000,0.00000,0.00000,0.00000,0.00000,0.00000,0.00000
"1","4583",0.00000,0.00000,62.56873,0.00000,0.00000,0.00000,0.00000,0.00000,0.00000,0.00000
"1","4584",0.00000,0.00000,80.86553,0.00000,0.00000,0.00000,0.00000,0.00000,0.00000,0.00000
"1","4585",0.00000,0.00000,32.48861,0.00000,0.00000,0.00000,0.00000,1.88434,0.00000,0.00000
"1","4586",0.00000,0.00000,34.41802,0.00000,0.00000,0.00000,0.00000,0.00000,0.00000,0.00000
"1","4587",0.00000,0.00000,20.48172,0.00000,0.00000,0.00000,0.00000,0.00000,0.00000,0.00000
"1","4588",0.00000,0.00000,17.84508,0.00000,0.00000,0.00000,0.00000,0.00000,0.00000,0.00000
"1","4589",0.00000,0.00000,3.11586,0.00000,0.00000,0.00000,0.00000,13.77098,0.00000,0.00000
"1","4590",5.22968,0.00000,6.34880,0.00000,0.00000,0.00000,0.00000,0.00000,0.00000,0.00000
"1","4591",15.52219,0.00000,4.42650,0.00000,0.00000,0.00000,0.00000,13.77098,0.00000,0.00000
"1","4592",31.38414,0.00000,0.00000,0.00000,0.00000,0.00000,0.00000,13.77098,0.00000,0.00000
"1","4593",100.91165,0.00000,0.00000,0.00000,0.00000,0.00000,0.00000,0.00000,0.00000,0.00000
"1","4594",142.66947,0.00000,0.00000,0.00000,0.00000,0.00000,0.00000,0.00000,0.00000,0.00000
"1","4595",182.15115,0.00000,0.00000,0.00000,0.00000,0.00000,0.00000,0.00000,0.00000,0.00000
"1","4596",159.28224,0.00000,0.00000,0.00000,0.00000,0.00000,0.00000,0.00000,0.00000,0.00000
"1","4597",83.37246,0.00000,0.00000,0.00000,0.00000,0.00000,0.00000,10.92754,0.00000,0.00000
"1","4598",169.73318,0.00000,0.00000,0.00000,0.00000,0.00000,0.00000,0.00000,0.00000,0.00000
"1","4599",163.87614,0.00000,0.00000,0.00000,0.00000,0.00000,0.00000,0.00000,0.00000,0.00000
"1","4600",147.60831,0.00000,14.86057,0.00000,0.00000,0.00000,0.00000,0.00000,0.00000,0.00000
"1","4601",122.73222,0.00000,4.00253,0.00000,0.00000,0.00000,0.00000,0.00000,0.00000,0.00000
"1","4602",92.23905,0.00000,17.63365,0.00000,0.00000,0.00000,0.00000,0.00000,0.00000,0.00000
"1","4603",63.98187,0.00000,0.00000,0.00000,0.00000,0.00000,0.00000,0.00000,0.00000,0.00000
"1","4604",56.43163,0.00000,4.76052,0.00000,0.00000,0.00000,0.00000,0.00000,0.00000,0.00000
"1","4605",28.45514,0.00000,36.24274,0.00000,0.00000,0.00000,0.00000,0.00000,0.00000,0.00000
"1","4606",7.21620,0.00000,57.58383,0.00000,0.00000,0.00000,0.00000,0.00000,0.00000,0.00000
"1","4607",0.00000,0.00000,36.24601,0.00000,0.00000,0.00000,0.00000,0.00000,0.00000,0.00000
"1","4608",0.00000,0.00000,0.00000,0.00000,0.00000,0.00000,0.00000,0.00000,0.00000,0.00000
"1","4609",0.00000,0.00000,0.00000,0.00000,0.00000,0.00000,0.00000,0.00000,0.00000,0.00000
"1","4610",0.00000,0.00000,23.94859,0.00000,0.00000,0.00000,0.00000,0.00000,0.00000,0.00000
"1","4611",0.00000,0.00000,52.11247,0.00000,0.00000,0.00000,0.00000,0.00000,0.00000,0.00000
"1","4612",0.00000,0.00000,32.29315,0.00000,0.00000,0.00000,0.00000,0.00000,0.00000,0.00000
"1","4613",0.00000,0.00000,80.24944,0.00000,0.00000,0.00000,0.00000,0.00000,0.00000,0.00000
"1","4614",2.27654,0.00000,79.83695,0.00000,0.00000,0.00000,0.00000,0.00000,0.00000,0.00000
"1","4615",5.76986,0.00000,92.18947,0.00000,0.00000,0.00000,0.00000,0.00000,0.00000,0.00000
"1","4616",10.78151,0.00000,63.96881,0.00000,0.00000,0.00000,0.00000,0.00000,0.00000,0.00000
"1","4617",58.25303,0.00000,18.64206,0.00000,0.00000,0.00000,0.00000,11.09680,0.00000,0.00000
"1","4618",84.61527,0.00000,0.00000,0.00000,0.00000,0.00000,0.00000,0.00000,0.00000,0.00000
"1","4619",114.85108,0.00000,0.00000,0.00000,0.00000,0.00000,0.00000,0.00000,0.00000,0.00000
"1","4620",138.58643,0.00000,0.00000,0.00000,0.00000,0.00000,0.00000,0.00000,0.00000,0.00000
"1","4621",154.83104,0.00000,0.00000,0.00000,0.00000,0.00000,0.00000,0.00000,0.00000,0.00000
"1","4622",172.73306,0.00000,0.00000,0.00000,0.00000,0.00000,0.00000,0.00000,0.00000,0.00000
"1","4623",174.55011,0.00000,0.15619,0.00000,0.00000,0.00000,0.00000,0.00000,0.00000,0.00000
"1","4624",157.60983,0.00000,1.37998,0.00000,0.00000,0.00000,0.00000,0.00000,0.00000,0.00000
"1","4625",131.50109,0.00000,1.18374,0.00000,0.00000,0.00000,0.00000,0.00000,0.00000,0.00000
"1","4626",100.30451,0.00000,0.22293,0.00000,0.00000,0.00000,0.00000,0.00000,0.00000,0.00000
"1","4627",68.45822,0.00000,0.00000,0.00000,0.00000,0.00000,0.00000,13.77098,0.00000,0.00000
"1","4628",32.08871,0.00000,0.00000,0.00000,0.00000,0.00000,0.00000,13.77098,0.00000,0.00000
"1","4629",29.49109,0.00000,0.00000,0.00000,0.00000,0.00000,0.00000,13.77098,0.00000,0.00000
"1","4630",6.89768,0.00000,0.00000,0.00000,0.00000,0.00000,0.00000,0.00000,0.00000,0.00000
"1","4631",0.00000,0.00000,0.00000,0.00000,0.00000,0.00000,0.00000,13.77098,0.00000,0.00000
"1","4632",0.00000,0.00000,0.00000,0.00000,0.00000,0.00000,0.00000,8.47847,0.00000,0.00000
"1","4633",0.00000,0.00000,0.00000,0.00000,0.00000,0.00000,0.00000,13.77098,0.00000,0.00000
"1","4634",0.00000,0.00000,0.00000,0.00000,0.00000,0.00000,0.00000,0.00000,0.00000,0.00000
"1","4635",0.00000,0.00000,17.38878,0.00000,0.00000,0.00000,0.00000,13.77098,0.00000,0.00000
"1","4636",0.00000,0.00000,212.54607,0.00000,0.00000,0.00000,0.00000,0.00000,0.00000,0.00000
"1","4637",0.00000,0.00000,115.98686,0.00000,0.00000,0.00000,0.00000,0.00000,0.00000,0.00000
"1","4638",15.86088,0.00000,0.00000,0.00000,0.00000,0.00000,0.00000,0.00000,0.00000,0.00000
"1","4639",42.05191,0.00000,0.00000,0.00000,0.00000,0.00000,0.00000,0.00000,0.00000,0.00000
"1","4640",93.72085,0.00000,0.00000,0.00000,0.00000,0.00000,0.00000,0.00000,0.00000,0.00000
"1","4641",196.25748,0.00000,0.00000,0.00000,0.00000,0.00000,0.00000,0.00000,0.00000,0.00000
"1","4642",261.78936,0.00000,0.00000,0.00000,0.00000,0.00000,0.00000,0.00000,0.00000,0.00000
"1","4643",280.53226,31.97005,0.00000,0.00000,0.00000,0.00000,0.00000,0.00000,0.00000,0.00000
"1","4644",282.13226,66.57755,0.00000,0.00000,0.00000,0.00000,0.00000,0.00000,0.00000,0.00000
"1","4645",198.68452,161.55070,0.00000,0.00000,0.00000,0.00000,0.00000,0.00000,0.00000,0.00000
"1","4646",282.73226,77.50296,0.00000,0.00000,0.00000,0.00000,0.00000,0.00000,0.00000,0.00000
"1","4647",283.33226,68.29374,0.00000,0.00000,0.00000,0.00000,0.00000,0.00000,0.00000,0.00000
"1","4648",283.83226,34.01333,0.00000,0.00000,0.00000,0.00000,0.00000,0.00000,0.00000,0.00000
"1","4649",211.21307,59.34952,0.00000,0.00000,0.00000,0.00000,0.00000,0.00000,0.00000,0.00000
"1","4650",211.17027,0.00000,0.00000,0.00000,0.00000,0.00000,0.00000,0.00000,0.00000,0.00000
"1","4651",133.53100,0.00000,0.00000,0.00000,0.00000,0.00000,0.00000,0.00000,0.00000,0.00000
"1","4652",65.65911,0.00000,2.58518,0.00000,0.00000,0.00000,0.00000,13.77098,0.00000,0.00000
"1","4653",27.02002,0.00000,3.29903,0.00000,0.00000,0.00000,0.00000,0.00000,0.00000,0.00000
"1","4654",9.00118,0.00000,27.04751,0.00000,0.00000,0.00000,0.00000,0.00000,0.00000,0.00000
"1","4655",0.00000,0.00000,51.00534,0.00000,0.00000,0.00000,0.00000,0.00000,0.00000,0.00000
"1","4656",0.00000,0.00000,34.77887,0.00000,0.00000,0.00000,0.00000,0.00000,0.00000,0.00000
"1","4657",0.00000,0.00000,19.04867,0.00000,0.00000,0.00000,0.00000,0.00000,0.00000,0.00000
"1","4658",0.00000,0.00000,41.77808,0.00000,0.00000,0.00000,0.00000,12.50775,0.00000,0.00000
"1","4659",0.00000,0.00000,51.99946,0.00000,0.00000,0.00000,0.00000,13.77098,0.00000,0.00000
"1","4660",0.00000,0.00000,28.35887,0.00000,0.00000,0.00000,0.00000,0.00000,0.00000,0.00000
"1","4661",0.00000,0.00000,7.23202,0.00000,0.00000,0.00000,0.00000,0.00000,0.00000,0.00000
"1","4662",6.48967,0.00000,2.03484,0.00000,0.00000,0.00000,0.00000,0.00000,0.00000,0.00000
"1","4663",36.44126,0.00000,0.00000,0.00000,0.00000,0.00000,0.00000,0.00000,0.00000,0.00000
"1","4664",111.50724,0.00000,0.00000,0.00000,0.00000,0.00000,0.00000,0.00000,0.00000,0.00000
"1","4665",192.61129,0.00000,0.00000,0.00000,0.00000,0.00000,0.00000,0.00000,0.00000,0.00000
"1","4666",257.43347,0.00000,0.00000,0.00000,0.00000,0.00000,0.00000,0.00000,0.00000,0.00000
"1","4667",283.23226,25.99685,0.00000,0.00000,0.00000,0.00000,0.00000,0.00000,0.00000,0.00000
"1","4668",284.43226,59.15440,0.00000,0.00000,0.00000,0.00000,0.00000,0.00000,0.00000,0.00000
"1","4669",284.73226,75.50296,0.00000,0.00000,0.00000,0.00000,0.00000,0.00000,0.00000,0.00000
"1","4670",284.93226,75.30296,0.00000,0.00000,0.00000,0.00000,0.00000,0.00000,0.00000,0.00000
"1","4671",140.31447,0.00000,0.00000,0.00000,0.00000,0.00000,0.00000,0.00000,0.00000,0.00000
"1","4672",128.01841,0.00000,0.00000,0.00000,0.00000,0.00000,0.00000,0.00000,0.00000,0.00000
"1","4673",108.81843,0.00000,0.00000,0.00000,0.00000,0.00000,0.00000,0.00000,0.00000,0.00000
"1","4674",85.25966,0.00000,0.00000,0.00000,0.00000,0.00000,0.00000,6.54034,0.00000,0.00000
"1","4675",59.88093,0.00000,0.00000,0.00000,0.00000,0.00000,0.00000,13.77098,0.00000,0.00000
"1","4676",51.81547,0.00000,0.00000,0.00000,0.00000,0.00000,0.00000,13.77098,0.00000,0.00000
"1","4677",20.76300,0.00000,0.00000,0.00000,0.00000,0.00000,0.00000,13.77098,0.00000,0.00000
"1","4678",4.38308,0.00000,0.00000,0.00000,0.00000,0.00000,0.00000,13.77098,0.00000,0.00000
"1","4679",0.00000,0.00000,0.00000,0.00000,0.00000,0.00000,0.00000,13.77098,0.00000,0.00000
"1","4680",0.00000,0.00000,0.00000,0.00000,0.00000,0.00000,0.00000,13.77098,0.00000,0.00000
"1","4681",0.00000,0.00000,0.00000,0.00000,0.00000,0.00000,0.00000,13.77098,0.00000,0.00000
"1","4682",0.00000,0.00000,0.00000,0.00000,0.00000,0.00000,0.00000,13.77098,0.00000,0.00000
"1","4683",0.00000,0.00000,0.00000,0.00000,0.00000,0.00000,0.00000,13.77098,0.00000,0.00000
"1","4684",0.00000,0.00000,1.76526,0.00000,0.00000,0.00000,0.00000,13.77098,0.00000,0.00000
"1","4685",0.00000,0.00000,4.74109,0.00000,0.00000,0.00000,0.00000,13.77098,0.00000,0.00000
"1","4686",5.44931,0.00000,0.00000,0.00000,0.00000,0.00000,0.00000,13.77098,0.00000,0.00000
"1","4687",34.96870,0.00000,0.00000,0.00000,0.00000,0.00000,0.00000,13.77098,0.00000,0.00000
"1","4688",108.53494,0.00000,0.00000,0.00000,0.00000,0.00000,0.00000,0.00000,0.00000,0.00000
"1","4689",185.95651,0.00000,0.00000,0.00000,0.00000,0.00000,0.00000,0.00000,0.00000,0.00000
"1","4690",249.37043,0.00000,0.00000,0.00000,0.00000,0.00000,0.00000,0.00000,0.00000,0.00000
"1","4691",195.18452,102.11136,0.00000,0.00000,0.00000,0.00000,0.00000,0.00000,0.00000,0.00000
"1","4692",281.23226,47.16296,0.00000,0.00000,0.00000,0.00000,0.00000,0.00000,0.00000,0.00000
"1","4693",282.13226,63.11326,0.00000,0.00000,0.00000,0.00000,0.00000,0.00000,0.00000,0.00000
"1","4694",248.71117,98.08241,0.00000,0.00000,0.00000,0.00000,0.00000,0.00000,0.00000,0.00000
"1","4695",279.63226,55.48741,0.00000,0.00000,0.00000,0.00000,0.00000,0.00000,0.00000,0.00000
"1","4696",281.43226,25.73646,0.00000,0.00000,0.00000,0.00000,0.00000,0.00000,0.00000,0.00000
"1","4697",263.88459,0.00000,0.00000,0.00000,0.00000,0.00000,0.00000,0.00000,0.00000,0.00000
"1","4698",206.31174,0.00000,0.00000,0.00000,0.00000,0.00000,0.00000,0.00000,0.00000,0.00000
"1","4699",128.98499,0.00000,4.50212,0.00000,0.00000,0.00000,0.00000,0.00000,0.00000,0.00000
"1","4700",52.70077,0.00000,8.58541,0.00000,0.00000,0.00000,0.00000,13.77098,0.00000,0.00000
"1","4701",13.58057,0.00000,19.87068,0.00000,0.00000,0.00000,0.00000,13.77098,0.00000,0.00000
"1","4702",6.03429,0.00000,10.20103,0.00000,0.00000,0.00000,0.00000,13.77098,0.00000,0.00000
"1","4703",0.00000,0.00000,0.00000,0.00000,0.00000,0.00000,0.00000,13.77098,0.00000,0.00000
"1","4704",0.00000,0.00000,22.38704,0.00000,0.00000,0.00000,0.00000,13.77098,0.00000,0.00000
"1","4705",0.00000,0.00000,28.79686,0.00000,0.00000,0.00000,0.00000,13.77098,0.00000,0.00000
"1","4706",0.00000,0.00000,40.54170,0.00000,0.00000,0.00000,0.00000,13.77098,0.00000,0.00000
"1","4707",0.00000,0.00000,21.44279,0.00000,0.00000,0.00000,0.00000,13.77098,0.00000,0.00000
"1","4708",0.00000,0.00000,0.00000,0.00000,0.00000,0.00000,0.00000,13.77098,0.00000,0.00000
"1","4709",0.00000,0.00000,0.00000,0.00000,0.00000,0.00000,0.00000,13.77098,0.00000,0.00000
"1","4710",10.39604,0.00000,2.50049,0.00000,0.00000,0.00000,0.00000,13.77098,0.00000,0.00000
"1","4711",29.66307,0.00000,1.69536,0.00000,0.00000,0.00000,0.00000,13.77098,0.00000,0.00000
"1","4712",59.72177,0.00000,0.00000,0.00000,0.00000,0.00000,0.00000,13.77098,0.00000,0.00000
"1","4713",39.55279,0.00000,0.00000,0.00000,0.00000,0.00000,0.00000,13.77098,0.00000,0.00000
"1","4714",56.34407,0.00000,0.00000,0.00000,0.00000,0.00000,0.00000,13.77098,0.00000,0.00000
"1","4715",73.50978,0.00000,0.00000,0.00000,0.00000,0.00000,0.00000,13.77098,0.00000,0.00000
"1","4716",87.27651,0.00000,0.00000,0.00000,0.00000,0.00000,0.00000,4.82349,0.00000,0.00000
"1","4717",280.27530,0.00000,0.00000,0.00000,0.00000,0.00000,0.00000,0.00000,0.00000,0.00000
"1","4718",206.56330,0.00000,0.00000,0.00000,0.00000,0.00000,0.00000,0.00000,0.00000,0.00000
"1","4719",199.58294,0.00000,0.00000,0.00000,0.00000,0.00000,0.00000,0.00000,0.00000,0.00000
"1","4720",181.15313,0.00000,0.00000,0.00000,0.00000,0.00000,0.00000,0.00000,0.00000,0.00000
"1","4721",153.21330,0.00000,0.00000,0.00000,0.00000,0.00000,0.00000,0.00000,0.00000,0.00000
"1","4722",119.08022,0.00000,0.00000,0.00000,0.00000,0.00000,0.00000,0.00000,0.00000,0.00000
"1","4723",82.31445,0.00000,1.23313,0.00000,0.00000,0.00000,0.00000,9.45242,0.00000,0.00000
"1","4724",7.14455,0.00000,8.04968,0.00000,0.00000,0.00000,0.00000,13.77098,0.00000,0.00000
"1","4725",13.62875,0.00000,19.64403,0.00000,0.00000,0.00000,0.00000,13.77098,0.00000,0.00000
"1","4726",3.16040,0.00000,24.94645,0.00000,0.00000,0.00000,0.00000,13.77098,0.00000,0.00000
"1","4727",0.00000,0.00000,3.41873,0.00000,0.00000,0.00000,0.00000,13.77098,0.00000,0.00000
"1","4728",0.00000,0.00000,0.00000,0.00000,0.00000,0.00000,0.00000,13.77098,0.00000,0.00000
"1","4729",0.00000,0.00000,2.57151,0.00000,0.00000,0.00000,0.00000,13.77098,0.00000,0.00000
"1","4730",0.00000,0.00000,12.60924,0.00000,0.00000,0.00000,0.00000,13.77098,0.00000,0.00000
"1","4731",0.00000,0.00000,0.39158,0.00000,0.00000,0.00000,0.00000,13.77098,0.00000,0.00000
"1","4732",0.00000,0.00000,0.00000,0.00000,0.00000,0.00000,0.00000,13.77098,0.00000,0.00000
"1","4733",0.00000,0.00000,0.00000,0.00000,0.00000,0.00000,0.00000,13.77098,0.00000,0.00000
"1","4734",1.53783,0.00000,0.00000,0.00000,0.00000,0.00000,0.00000,13.77098,0.00000,0.00000
"1","4735",6.16046,0.00000,0.00000,0.00000,0.00000,0.00000,0.00000,13.77098,0.00000,0.00000
"1","4736",13.15843,0.00000,0.00000,0.00000,0.00000,0.00000,0.00000,13.77098,0.00000,0.00000
"1","4737",37.91328,0.00000,0.00000,0.00000,0.00000,0.00000,0.00000,13.77098,0.00000,0.00000
"1","4738",56.02042,0.00000,0.00000,0.00000,0.00000,0.00000,0.00000,13.77098,0.00000,0.00000
"1","4739",74.92917,0.00000,0.00000,0.00000,0.00000,0.00000,0.00000,13.77098,0.00000,0.00000
"1","4740",91.27489,0.00000,2.24735,0.00000,0.00000,0.00000,0.00000,1.27776,0.00000,0.00000
"1","4741",102.87963,0.00000,0.00000,0.00000,0.00000,0.00000,0.00000,0.00000,0.00000,0.00000
"1","4742",178.36514,0.00000,0.00000,0.00000,0.00000,0.00000,0.00000,0.00000,0.00000,0.00000
"1","4743",172.80708,0.00000,1.95794,0.00000,0.00000,0.00000,0.00000,0.00000,0.00000,0.00000
"1","4744",160.23672,0.00000,5.01377,0.00000,0.00000,0.00000,0.00000,0.00000,0.00000,0.00000
"1","4745",134.78784,0.00000,0.82292,0.00000,0.00000,0.00000,0.00000,0.00000,0.00000,0.00000
"1","4746",102.09157,0.00000,0.29907,0.00000,0.00000,0.00000,0.00000,0.00000,0.00000,0.00000
"1","4747",71.56018,0.00000,7.65019,0.00000,0.00000,0.00000,0.00000,13.48963,0.00000,0.00000
"1","4748",43.22264,0.00000,60.65473,0.00000,0.00000,0.00000,0.00000,0.00000,0.00000,0.00000
"1","4749",21.91540,0.00000,30.67780,0.00000,0.00000,0.00000,0.00000,13.77098,0.00000,0.00000
"1","4750",4.42032,0.00000,15.55566,0.00000,0.00000,0.00000,0.00000,13.77098,0.00000,0.00000
"1","4751",0.00000,0.00000,21.22612,0.00000,0.00000,0.00000,0.00000,13.77098,0.00000,0.00000
"1","4752",0.00000,0.00000,0.00000,0.00000,0.00000,0.00000,0.00000,13.77098,0.00000,0.00000
"1","4753",0.00000,0.00000,0.00000,0.00000,0.00000,0.00000,0.00000,13.77098,0.00000,0.00000
"1","4754",0.00000,0.00000,0.00000,0.00000,0.00000,0.00000,0.00000,13.77098,0.00000,0.00000
"1","4755",0.00000,0.00000,0.00000,0.00000,0.00000,0.00000,0.00000,13.77098,0.00000,0.00000
"1","4756",0.00000,0.00000,0.00000,0.00000,0.00000,0.00000,0.00000,13.77098,0.00000,0.00000
"1","4757",0.00000,0.00000,0.00000,0.00000,0.00000,0.00000,0.00000,13.77098,0.00000,0.00000
"1","4758",3.70833,0.00000,0.00000,0.00000,0.00000,0.00000,0.00000,13.77098,0.00000,0.00000
"1","4759",13.55803,0.00000,0.00000,0.00000,0.00000,0.00000,0.00000,13.77098,0.00000,0.00000
"1","4760",28.67888,0.00000,0.00000,0.00000,0.00000,0.00000,0.00000,13.77098,0.00000,0.00000
"1","4761",95.06235,0.00000,0.00000,0.00000,0.00000,0.00000,0.00000,0.00000,0.00000,0.00000
"1","4762",135.89423,0.00000,0.00000,0.00000,0.00000,0.00000,0.00000,0.00000,0.00000,0.00000
"1","4763",174.66525,0.00000,0.00000,0.00000,0.00000,0.00000,0.00000,0.00000,0.00000,0.00000
"1","4764",209.32129,0.00000,0.00000,0.00000,0.00000,0.00000,0.00000,0.00000,0.00000,0.00000
"1","4765",283.63226,64.42930,0.00000,0.00000,0.00000,0.00000,0.00000,0.00000,0.00000,0.00000
"1","4766",230.43024,0.00000,0.00000,0.00000,0.00000,0.00000,0.00000,0.00000,0.00000,0.00000
"1","4767",225.65927,0.00000,0.00000,0.00000,0.00000,0.00000,0.00000,0.00000,0.00000,0.00000
"1","4768",201.78894,0.00000,0.00000,0.00000,0.00000,0.00000,0.00000,0.00000,0.00000,0.00000
"1","4769",170.61752,0.00000,3.89870,0.00000,0.00000,0.00000,0.00000,0.00000,0.00000,0.00000
"1","4770",132.77051,0.00000,0.31666,0.00000,0.00000,0.00000,0.00000,0.00000,0.00000,0.00000
"1","4771",91.79253,0.00000,0.00000,0.00000,0.00000,0.00000,0.00000,2.20747,0.00000,0.00000
"1","4772",62.35688,0.00000,0.00000,0.00000,0.00000,0.00000,0.00000,13.77098,0.00000,0.00000
"1","4773",29.43105,0.00000,0.00000,0.00000,0.00000,0.00000,0.00000,13.77098,0.00000,0.00000
"1","4774",6.45435,0.00000,0.00000,0.00000,0.00000,0.00000,0.00000,13.77098,0.00000,0.00000
"1","4775",0.00000,0.00000,0.00000,0.00000,0.00000,0.00000,0.00000,13.77098,0.00000,0.00000
"1","4776",0.00000,0.00000,0.00000,0.00000,0.00000,0.00000,0.00000,13.77098,0.00000,0.00000
"1","4777",0.00000,0.00000,0.00000,0.00000,0.00000,0.00000,0.00000,13.77098,0.00000,0.00000
"1","4778",0.00000,0.00000,0.00000,0.00000,0.00000,0.00000,0.00000,13.77098,0.00000,0.00000
"1","4779",0.00000,0.00000,6.79866,0.00000,0.00000,0.00000,0.00000,13.77098,0.00000,0.00000
"1","4780",0.00000,0.00000,39.54973,0.00000,0.00000,0.00000,0.00000,13.77098,0.00000,0.00000
"1","4781",0.00000,0.00000,38.39610,0.00000,0.00000,0.00000,0.00000,13.77098,0.00000,0.00000
"1","4782",3.33013,0.00000,48.10581,0.00000,0.00000,0.00000,0.00000,13.77098,0.00000,0.00000
"1","4783",12.35048,0.00000,35.52113,0.00000,0.00000,0.00000,0.00000,13.77098,0.00000,0.00000
"1","4784",26.20772,0.00000,19.54896,0.00000,0.00000,0.00000,0.00000,13.77098,0.00000,0.00000
"1","4785",106.64387,0.00000,7.90880,0.00000,0.00000,0.00000,0.00000,0.00000,0.00000,0.00000
"1","4786",152.95545,0.00000,0.00000,0.00000,0.00000,0.00000,0.00000,0.00000,0.00000,0.00000
"1","4787",200.31731,0.00000,0.00000,0.00000,0.00000,0.00000,0.00000,0.00000,0.00000,0.00000
"1","4788",232.14376,0.00000,0.00000,0.00000,0.00000,0.00000,0.00000,0.00000,0.00000,0.00000
"1","4789",251.70512,0.00000,0.00000,0.00000,0.00000,0.00000,0.00000,0.00000,0.00000,0.00000
"1","4790",118.68498,0.00000,0.00000,0.00000,0.00000,0.00000,0.00000,0.00000,0.00000,0.00000
"1","4791",144.58908,0.00000,0.00000,0.00000,0.00000,0.00000,0.00000,0.00000,0.00000,0.00000
"1","4792",129.10883,0.00000,0.00000,0.00000,0.00000,0.00000,0.00000,0.00000,0.00000,0.00000
"1","4793",104.39868,0.00000,0.00000,0.00000,0.00000,0.00000,0.00000,0.00000,0.00000,0.00000
"1","4794",79.48534,0.00000,24.29189,0.00000,0.00000,0.00000,0.00000,0.00000,0.00000,0.00000
"1","4795",54.71665,0.00000,15.11869,0.00000,0.00000,0.00000,0.00000,13.77098,0.00000,0.00000
"1","4796",33.56808,0.00000,24.08382,0.00000,0.00000,0.00000,0.00000,13.77098,0.00000,0.00000
"1","4797",27.32993,0.00000,19.64412,0.00000,0.00000,0.00000,0.00000,13.77098,0.00000,0.00000
"1","4798",6.18504,0.00000,30.70414,0.00000,0.00000,0.00000,0.00000,13.77098,0.00000,0.00000
"1","4799",0.00000,0.00000,11.57842,0.00000,0.00000,0.00000,0.00000,13.77098,0.00000,0.00000
"1","4800",0.00000,0.00000,33.89962,0.00000,0.00000,0.00000,0.00000,13.77098,0.00000,0.00000
"1","4801",0.00000,0.00000,73.69795,0.00000,0.00000,0.00000,0.00000,0.00000,0.00000,0.00000
"1","4802",0.00000,0.00000,30.95339,0.00000,0.00000,0.00000,0.00000,13.77098,0.00000,0.00000
"1","4803",0.00000,0.00000,0.00000,0.00000,0.00000,0.00000,0.00000,13.77098,0.00000,0.00000
"1","4804",0.00000,0.00000,0.00000,0.00000,0.00000,0.00000,0.00000,13.77098,0.00000,0.00000
"1","4805",0.00000,0.00000,0.00000,0.00000,0.00000,0.00000,0.00000,13.77098,0.00000,0.00000
"1","4806",0.10025,0.00000,19.18269,0.00000,0.00000,0.00000,0.00000,13.77098,0.00000,0.00000
"1","4807",0.50652,0.00000,31.20041,0.00000,0.00000,0.00000,0.00000,13.77098,0.00000,0.00000
"1","4808",1.59909,0.00000,0.00000,0.00000,0.00000,0.00000,0.00000,13.77098,0.00000,0.00000
"1","4809",87.54984,0.00000,1.28567,0.00000,0.00000,0.00000,0.00000,2.26449,0.00000,0.00000
"1","4810",127.38322,0.00000,0.00000,0.00000,0.00000,0.00000,0.00000,0.00000,0.00000,0.00000
"1","4811",68.91490,0.00000,0.00000,0.00000,0.00000,0.00000,0.00000,13.77098,0.00000,0.00000
"1","4812",84.42418,0.00000,0.00000,0.00000,0.00000,0.00000,0.00000,11.17582,0.00000,0.00000
"1","4813",95.65545,0.00000,0.00000,0.00000,0.00000,0.00000,0.00000,0.00000,0.00000,0.00000
"1","4814",123.20826,0.00000,0.00272,0.00000,0.00000,0.00000,0.00000,0.00000,0.00000,0.00000
"1","4815",180.50148,0.00000,9.20052,0.00000,0.00000,0.00000,0.00000,0.00000,0.00000,0.00000
"1","4816",163.68409,0.00000,35.91252,0.00000,0.00000,0.00000,0.00000,0.00000,0.00000,0.00000
"1","4817",136.90532,0.00000,15.25205,0.00000,0.00000,0.00000,0.00000,0.00000,0.00000,0.00000
"1","4818",103.71511,0.00000,28.13838,0.00000,0.00000,0.00000,0.00000,0.00000,0.00000,0.00000
"1","4819",71.92736,0.00000,30.42276,0.00000,0.00000,0.00000,0.00000,0.00000,0.00000,0.00000
"1","4820",38.27418,0.00000,11.88091,0.00000,0.00000,0.00000,0.00000,13.77098,0.00000,0.00000
"1","4821",17.44877,0.00000,42.87922,0.00000,0.00000,0.00000,0.00000,13.77098,0.00000,0.00000
"1","4822",3.05775,0.00000,8.66127,0.00000,0.00000,0.00000,0.00000,13.77098,0.00000,0.00000
"1","4823",0.00000,0.00000,0.00000,0.00000,0.00000,0.00000,0.00000,13.77098,0.00000,0.00000
"1","4824",0.00000,0.00000,0.00000,0.00000,0.00000,0.00000,0.00000,13.77098,0.00000,0.00000
"1","4825",0.00000,0.00000,8.41284,0.00000,0.00000,0.00000,0.00000,13.77098,0.00000,0.00000
"1","4826",0.00000,0.00000,73.08289,0.00000,0.00000,0.00000,0.00000,0.00000,0.00000,0.00000
"1","4827",0.00000,0.00000,31.84049,0.00000,0.00000,0.00000,0.00000,13.77098,0.00000,0.00000
"1","4828",0.00000,0.00000,32.06453,0.00000,0.00000,0.00000,0.00000,13.77098,0.00000,0.00000
"1","4829",0.00000,0.00000,6.42667,0.00000,0.00000,0.00000,0.00000,13.77098,0.00000,0.00000
"1","4830",6.60142,0.00000,31.29380,0.00000,0.00000,0.00000,0.00000,13.77098,0.00000,0.00000
"1","4831",25.48550,0.00000,0.00000,0.00000,0.00000,0.00000,0.00000,13.77098,0.00000,0.00000
"1","4832",54.24739,0.00000,2.66133,0.00000,0.00000,0.00000,0.00000,13.77098,0.00000,0.00000
"1","4833",92.92891,0.00000,0.00000,0.00000,0.00000,0.00000,0.00000,0.00000,0.00000,0.00000
"1","4834",134.94023,0.00000,0.00000,0.00000,0.00000,0.00000,0.00000,0.00000,0.00000,0.00000
"1","4835",175.15966,0.00000,0.00000,0.00000,0.00000,0.00000,0.00000,0.00000,0.00000,0.00000
"1","4836",211.96124,0.00000,0.00000,0.00000,0.00000,0.00000,0.00000,0.00000,0.00000,0.00000
"1","4837",233.60959,0.00000,0.00000,0.00000,0.00000,0.00000,0.00000,0.00000,0.00000,0.00000
"1","4838",282.83226,77.40296,0.00000,0.00000,0.00000,0.00000,0.00000,0.00000,0.00000,0.00000
"1","4839",283.03226,67.26046,0.00000,0.00000,0.00000,0.00000,0.00000,0.00000,0.00000,0.00000
"1","4840",282.53226,36.99734,0.00000,0.00000,0.00000,0.00000,0.00000,0.00000,0.00000,0.00000
"1","4841",242.31025,29.58997,39.62201,0.00000,0.00000,0.00000,0.00000,0.00000,0.00000,0.00000
"1","4842",210.36817,0.00000,0.00000,0.00000,0.00000,0.00000,0.00000,0.00000,0.00000,0.00000
"1","4843",129.40152,0.00000,0.00000,0.00000,0.00000,0.00000,0.00000,0.00000,0.00000,0.00000
"1","4844",49.13924,0.00000,30.77801,0.00000,0.00000,0.00000,0.00000,0.00000,0.00000,0.00000
"1","4845",21.29922,0.00000,35.22294,0.00000,0.00000,0.00000,0.00000,13.77098,0.00000,0.00000
"1","4846",4.39873,0.00000,36.18895,0.00000,0.00000,0.00000,0.00000,0.00000,0.00000,0.00000
"1","4847",0.00000,0.00000,135.23613,0.00000,0.00000,0.00000,0.00000,0.00000,0.00000,0.00000
"1","4848",0.00000,0.00000,41.50529,0.00000,0.00000,0.00000,0.00000,11.92445,0.00000,0.00000
"1","4849",0.00000,0.00000,0.00000,0.00000,0.00000,0.00000,0.00000,0.00000,0.00000,0.00000
"1","4850",0.00000,0.00000,0.00000,0.00000,0.00000,0.00000,0.00000,0.00000,0.00000,0.00000
"1","4851",0.00000,0.00000,0.00000,0.00000,0.00000,0.00000,0.00000,0.00000,0.00000,0.00000
"1","4852",0.00000,0.00000,0.58544,0.00000,0.00000,0.00000,0.00000,13.77098,0.00000,0.00000
"1","4853",0.00000,0.00000,5.72015,0.00000,0.00000,0.00000,0.00000,0.00000,0.00000,0.00000
"1","4854",8.07620,0.00000,6.33649,0.00000,0.00000,0.00000,0.00000,13.77098,0.00000,0.00000
"1","4855",27.59717,0.00000,5.39924,0.00000,0.00000,0.00000,0.00000,13.77098,0.00000,0.00000
"1","4856",57.71363,0.00000,0.00000,0.00000,0.00000,0.00000,0.00000,13.77098,0.00000,0.00000
"1","4857",51.64711,0.00000,0.00000,0.00000,0.00000,0.00000,0.00000,13.77098,0.00000,0.00000
"1","4858",76.24503,0.00000,0.00000,0.00000,0.00000,0.00000,0.00000,12.45497,0.00000,0.00000
"1","4859",101.94886,0.00000,0.00000,0.00000,0.00000,0.00000,0.00000,0.00000,0.00000,0.00000
"1","4860",127.86070,0.00000,0.00000,0.00000,0.00000,0.00000,0.00000,0.00000,0.00000,0.00000
"1","4861",143.48124,0.00000,0.00000,0.00000,0.00000,0.00000,0.00000,0.00000,0.00000,0.00000
"1","4862",223.95348,0.00000,0.00000,0.00000,0.00000,0.00000,0.00000,0.00000,0.00000,0.00000
"1","4863",215.92963,0.00000,0.00000,0.00000,0.00000,0.00000,0.00000,0.00000,0.00000,0.00000
"1","4864",185.13893,0.00000,2.96495,0.00000,0.00000,0.00000,0.00000,0.00000,0.00000,0.00000
"1","4865",195.54150,0.00000,22.75966,0.00000,0.00000,0.00000,0.00000,0.00000,0.00000,0.00000
"1","4866",148.70551,0.00000,29.51409,0.00000,0.00000,0.00000,0.00000,0.00000,0.00000,0.00000
"1","4867",100.44094,0.00000,32.80697,0.00000,0.00000,0.00000,0.00000,0.00000,0.00000,0.00000
"1","4868",56.56708,0.00000,41.83028,0.00000,0.00000,0.00000,0.00000,0.00000,0.00000,0.00000
"1","4869",10.43682,0.00000,56.66339,0.00000,0.00000,0.00000,0.00000,0.00000,0.00000,0.00000
"1","4870",4.16722,0.00000,94.74841,0.00000,0.00000,0.00000,0.00000,0.00000,0.00000,0.00000
"1","4871",0.00000,0.00000,98.98639,0.00000,0.00000,0.00000,0.00000,0.00000,0.00000,0.00000
"1","4872",0.00000,0.00000,45.75690,0.00000,0.00000,0.00000,0.00000,0.00000,0.00000,0.00000
"1","4873",0.00000,0.00000,1.17875,0.00000,0.00000,0.00000,0.00000,0.00000,0.00000,0.00000
"1","4874",0.00000,0.00000,8.30313,0.00000,0.00000,0.00000,0.00000,0.00000,0.00000,0.00000
"1","4875",0.00000,0.00000,14.56060,0.00000,0.00000,0.00000,0.00000,0.00000,0.00000,0.00000
"1","4876",0.00000,0.00000,25.98157,0.00000,0.00000,0.00000,0.00000,0.00000,0.00000,0.00000
"1","4877",0.00000,0.00000,36.38777,0.00000,0.00000,0.00000,0.00000,0.00000,0.00000,0.00000
"1","4878",4.06737,0.00000,27.80414,0.00000,0.00000,0.00000,0.00000,0.00000,0.00000,0.00000
"1","4879",17.98513,0.00000,39.69794,0.00000,0.00000,0.00000,0.00000,0.00000,0.00000,0.00000
"1","4880",39.30849,0.00000,0.00000,0.00000,0.00000,0.00000,0.00000,0.00000,0.00000,0.00000
"1","4881",170.22905,0.00000,0.00000,0.00000,0.00000,0.00000,0.00000,0.00000,0.00000,0.00000
"1","4882",233.66668,0.00000,0.00000,0.00000,0.00000,0.00000,0.00000,0.00000,0.00000,0.00000
"1","4883",277.23226,8.01767,0.00000,0.00000,0.00000,0.00000,0.00000,0.00000,0.00000,0.00000
"1","4884",278.73226,42.12917,0.00000,0.00000,0.00000,0.00000,0.00000,0.00000,0.00000,0.00000
"1","4885",279.53226,73.02887,0.00000,0.00000,0.00000,0.00000,0.00000,0.00000,0.00000,0.00000
"1","4886",279.63226,74.78946,0.00000,0.00000,0.00000,0.00000,0.00000,0.00000,0.00000,0.00000
"1","4887",280.13226,43.74791,0.00000,0.00000,0.00000,0.00000,0.00000,0.00000,0.00000,0.00000
"1","4888",203.47024,91.68736,0.00000,0.00000,0.00000,0.00000,0.00000,0.00000,0.00000,0.00000
"1","4889",250.50875,0.00000,0.00000,0.00000,0.00000,0.00000,0.00000,0.00000,0.00000,0.00000
"1","4890",193.49175,0.00000,0.00000,0.00000,0.00000,0.00000,0.00000,0.00000,0.00000,0.00000
"1","4891",121.82370,0.00000,0.00000,0.00000,0.00000,0.00000,0.00000,0.00000,0.00000,0.00000
"1","4892",46.75564,0.00000,0.00000,0.00000,0.00000,0.00000,0.00000,13.77098,0.00000,0.00000
"1","4893",17.30441,0.00000,0.00000,0.00000,0.00000,0.00000,0.00000,13.77098,0.00000,0.00000
"1","4894",4.89830,0.00000,7.49107,0.00000,0.00000,0.00000,0.00000,13.77098,0.00000,0.00000
"1","4895",0.00000,0.00000,0.00000,0.00000,0.00000,0.00000,0.00000,13.77098,0.00000,0.00000
"1","4896",0.00000,0.00000,0.00000,0.00000,0.00000,0.00000,0.00000,13.77098,0.00000,0.00000
"1","4897",0.00000,0.00000,0.00000,0.00000,0.00000,0.00000,0.00000,13.77098,0.00000,0.00000
"1","4898",0.00000,0.00000,0.00000,0.00000,0.00000,0.00000,0.00000,13.77098,0.00000,0.00000
"1","4899",0.00000,0.00000,0.00000,0.00000,0.00000,0.00000,0.00000,13.77098,0.00000,0.00000
"1","4900",0.00000,0.00000,0.00000,0.00000,0.00000,0.00000,0.00000,13.77098,0.00000,0.00000
"1","4901",0.00000,0.00000,0.00000,0.00000,0.00000,0.00000,0.00000,13.77098,0.00000,0.00000
"1","4902",9.15434,0.00000,0.00000,0.00000,0.00000,0.00000,0.00000,13.77098,0.00000,0.00000
"1","4903",31.30645,0.00000,0.00000,0.00000,0.00000,0.00000,0.00000,13.77098,0.00000,0.00000
"1","4904",72.18473,0.00000,0.00000,0.00000,0.00000,0.00000,0.00000,13.41527,0.00000,0.00000
"1","4905",18.56174,0.00000,0.00000,0.00000,0.00000,0.00000,0.00000,13.77098,0.00000,0.00000
"1","4906",27.49736,0.00000,0.00000,0.00000,0.00000,0.00000,0.00000,13.77098,0.00000,0.00000
"1","4907",35.64192,0.00000,0.00000,0.00000,0.00000,0.00000,0.00000,13.77098,0.00000,0.00000
"1","4908",42.38794,0.00000,0.00000,0.00000,0.00000,0.00000,0.00000,13.77098,0.00000,0.00000
"1","4909",46.83024,0.00000,0.00000,0.00000,0.00000,0.00000,0.00000,13.77098,0.00000,0.00000
"1","4910",48.51855,0.00000,2.30619,0.00000,0.00000,0.00000,0.00000,13.77098,0.00000,0.00000
"1","4911",60.20651,0.00000,0.00000,0.00000,0.00000,0.00000,0.00000,13.77098,0.00000,0.00000
"1","4912",72.32502,0.00000,11.76081,0.00000,0.00000,0.00000,0.00000,13.77098,0.00000,0.00000
"1","4913",58.81179,0.00000,4.93754,0.00000,0.00000,0.00000,0.00000,13.77098,0.00000,0.00000
"1","4914",43.93882,0.00000,0.00000,0.00000,0.00000,0.00000,0.00000,13.77098,0.00000,0.00000
"1","4915",29.82199,0.00000,15.21731,0.00000,0.00000,0.00000,0.00000,13.77098,0.00000,0.00000
"1","4916",17.63410,0.00000,35.51721,0.00000,0.00000,0.00000,0.00000,13.77098,0.00000,0.00000
"1","4917",6.69808,0.00000,40.57075,0.00000,0.00000,0.00000,0.00000,13.77098,0.00000,0.00000
"1","4918",0.66974,0.00000,35.11470,0.00000,0.00000,0.00000,0.00000,13.77098,0.00000,0.00000
"1","4919",0.00000,0.00000,36.17074,0.00000,0.00000,0.00000,0.00000,13.77098,0.00000,0.00000
"1","4920",0.00000,0.00000,74.85513,0.00000,0.00000,0.00000,0.00000,0.00000,0.00000,0.00000
"1","4921",0.00000,0.00000,98.72583,0.00000,0.00000,0.00000,0.00000,0.00000,0.00000,0.00000
"1","4922",0.00000,0.00000,106.06525,0.00000,0.00000,0.00000,0.00000,0.00000,0.00000,0.00000
"1","4923",0.00000,0.00000,91.22971,0.00000,0.00000,0.00000,0.00000,0.00000,0.00000,0.00000
"1","4924",0.00000,0.00000,83.74181,0.00000,0.00000,0.00000,0.00000,0.00000,0.00000,0.00000
"1","4925",0.00000,0.00000,88.62958,0.00000,0.00000,0.00000,0.00000,0.00000,0.00000,0.00000
"1","4926",0.00000,0.00000,80.14027,0.00000,0.00000,0.00000,0.00000,0.00000,0.00000,0.00000
"1","4927",0.52194,0.00000,78.25597,0.00000,0.00000,0.00000,0.00000,2.02209,0.00000,0.00000
"1","4928",2.00479,0.00000,75.42741,0.00000,0.00000,0.00000,0.00000,8.86780,0.00000,0.00000
"1","4929",79.11816,0.00000,36.21183,0.00000,0.00000,0.00000,0.00000,0.00000,0.00000,0.00000
"1","4930",117.12384,0.00000,2.36009,0.00000,0.00000,0.00000,0.00000,0.00000,0.00000,0.00000
"1","4931",159.07808,0.00000,0.00000,0.00000,0.00000,0.00000,0.00000,0.00000,0.00000,0.00000
"1","4932",189.40774,0.00000,0.56551,0.00000,0.00000,0.00000,0.00000,0.00000,0.00000,0.00000
"1","4933",95.25682,0.00000,0.00000,0.00000,0.00000,0.00000,0.00000,0.00000,0.00000,0.00000
"1","4934",99.44678,0.00000,17.42324,0.00000,0.00000,0.00000,0.00000,0.00000,0.00000,0.00000
"1","4935",79.22217,0.00000,24.36184,0.00000,0.00000,0.00000,0.00000,0.00000,0.00000,0.00000
"1","4936",71.10833,0.00000,36.06876,0.00000,0.00000,0.00000,0.00000,0.00000,0.00000,0.00000
"1","4937",98.28718,0.00000,48.03287,0.00000,0.00000,0.00000,0.00000,0.00000,0.00000,0.00000
"1","4938",75.99444,0.00000,18.25879,0.00000,0.00000,0.00000,0.00000,0.00000,0.00000,0.00000
"1","4939",52.08977,0.00000,21.43121,0.00000,0.00000,0.00000,0.00000,13.77098,0.00000,0.00000
"1","4940",37.80274,0.00000,50.88749,0.00000,0.00000,0.00000,0.00000,1.50977,0.00000,0.00000
"1","4941",15.25099,0.00000,9.64135,0.00000,0.00000,0.00000,0.00000,13.77098,0.00000,0.00000
"1","4942",6.01572,0.00000,19.61797,0.00000,0.00000,0.00000,0.00000,13.77098,0.00000,0.00000
"1","4943",0.00000,0.00000,33.64374,0.00000,0.00000,0.00000,0.00000,13.77098,0.00000,0.00000
"1","4944",0.00000,0.00000,22.80224,0.00000,0.00000,0.00000,0.00000,13.77098,0.00000,0.00000
"1","4945",0.00000,0.00000,3.43934,0.00000,0.00000,0.00000,0.00000,13.77098,0.00000,0.00000
"1","4946",0.00000,0.00000,0.00000,0.00000,0.00000,0.00000,0.00000,13.77098,0.00000,0.00000
"1","4947",0.00000,0.00000,0.00000,0.00000,0.00000,0.00000,0.00000,13.77098,0.00000,0.00000
"1","4948",0.00000,0.00000,0.00000,0.00000,0.00000,0.00000,0.00000,13.77098,0.00000,0.00000
"1","4949",0.00000,0.00000,0.00000,0.00000,0.00000,0.00000,0.00000,13.77098,0.00000,0.00000
"1","4950",8.04060,0.00000,2.59436,0.00000,0.00000,0.00000,0.00000,13.77098,0.00000,0.00000
"1","4951",32.94881,0.00000,36.77767,0.00000,0.00000,0.00000,0.00000,11.47352,0.00000,0.00000
"1","4952",80.72574,0.00000,26.38557,0.00000,0.00000,0.00000,0.00000,0.00000,0.00000,0.00000
"1","4953",3.09479,0.00000,22.85473,0.00000,0.00000,0.00000,0.00000,13.77098,0.00000,0.00000
"1","4954",5.29412,0.00000,10.89752,0.00000,0.00000,0.00000,0.00000,13.77098,0.00000,0.00000
"1","4955",7.48174,0.00000,3.77108,0.00000,0.00000,0.00000,0.00000,13.77098,0.00000,0.00000
"1","4956",10.04966,0.00000,0.00000,0.00000,0.00000,0.00000,0.00000,13.77098,0.00000,0.00000
"1","4957",11.88146,0.00000,10.21607,0.00000,0.00000,0.00000,0.00000,13.77098,0.00000,0.00000
"1","4958",71.65064,0.00000,4.50228,0.00000,0.00000,0.00000,0.00000,13.77098,0.00000,0.00000
"1","4959",95.72463,0.00000,0.00000,0.00000,0.00000,0.00000,0.00000,1.17537,0.00000,0.00000
"1","4960",169.39890,0.00000,0.00000,0.00000,0.00000,0.00000,0.00000,0.00000,0.00000,0.00000
"1","4961",140.73874,0.00000,0.00000,0.00000,0.00000,0.00000,0.00000,0.00000,0.00000,0.00000
"1","4962",106.39715,0.00000,24.85988,0.00000,0.00000,0.00000,0.00000,0.00000,0.00000,0.00000
"1","4963",70.71696,0.00000,23.68365,0.00000,0.00000,0.00000,0.00000,0.00000,0.00000,0.00000
"1","4964",40.74113,0.00000,13.01268,0.00000,0.00000,0.00000,0.00000,13.77098,0.00000,0.00000
"1","4965",11.11855,0.00000,11.38044,0.00000,0.00000,0.00000,0.00000,13.77098,0.00000,0.00000
"1","4966",3.92372,0.00000,21.38059,0.00000,0.00000,0.00000,0.00000,13.77098,0.00000,0.00000
"1","4967",0.00000,0.00000,13.31601,0.00000,0.00000,0.00000,0.00000,13.77098,0.00000,0.00000
"1","4968",0.00000,0.00000,0.00000,0.00000,0.00000,0.00000,0.00000,13.77098,0.00000,0.00000
"1","4969",0.00000,0.00000,0.00000,0.00000,0.00000,0.00000,0.00000,13.77098,0.00000,0.00000
"1","4970",0.00000,0.00000,0.00000,0.00000,0.00000,0.00000,0.00000,13.77098,0.00000,0.00000
"1","4971",0.00000,0.00000,0.00000,0.00000,0.00000,0.00000,0.00000,13.77098,0.00000,0.00000
"1","4972",0.00000,0.00000,5.09027,0.00000,0.00000,0.00000,0.00000,13.77098,0.00000,0.00000
"1","4973",0.00000,0.00000,4.73921,0.00000,0.00000,0.00000,0.00000,13.77098,0.00000,0.00000
"1","4974",3.66124,0.00000,13.48168,0.00000,0.00000,0.00000,0.00000,13.77098,0.00000,0.00000
"1","4975",25.71413,0.00000,19.45445,0.00000,0.00000,0.00000,0.00000,13.77098,0.00000,0.00000
"1","4976",73.39174,0.00000,8.70748,0.00000,0.00000,0.00000,0.00000,4.00079,0.00000,0.00000
"1","4977",130.03961,0.00000,0.00000,0.00000,0.00000,0.00000,0.00000,0.00000,0.00000,0.00000
"1","4978",185.11474,0.00000,0.00000,0.00000,0.00000,0.00000,0.00000,0.00000,0.00000,0.00000
"1","4979",237.62007,0.00000,0.00000,0.00000,0.00000,0.00000,0.00000,0.00000,0.00000,0.00000
"1","4980",189.25003,0.00000,0.00000,0.00000,0.00000,0.00000,0.00000,0.00000,0.00000,0.00000
"1","4981",285.23226,20.66946,0.00000,0.00000,0.00000,0.00000,0.00000,0.00000,0.00000,0.00000
"1","4982",231.08381,0.00000,0.00000,0.00000,0.00000,0.00000,0.00000,0.00000,0.00000,0.00000
"1","4983",223.53018,0.00000,0.00000,0.00000,0.00000,0.00000,0.00000,0.00000,0.00000,0.00000
"1","4984",198.78762,0.00000,0.00000,0.00000,0.00000,0.00000,0.00000,0.00000,0.00000,0.00000
"1","4985",166.97326,0.00000,0.00000,0.00000,0.00000,0.00000,0.00000,0.00000,0.00000,0.00000
"1","4986",127.95165,0.00000,3.36097,0.00000,0.00000,0.00000,0.00000,0.00000,0.00000,0.00000
"1","4987",86.28719,0.00000,0.12987,0.00000,0.00000,0.00000,0.00000,7.08294,0.00000,0.00000
"1","4988",59.60857,0.00000,0.00000,0.00000,0.00000,0.00000,0.00000,13.77098,0.00000,0.00000
"1","4989",17.96621,0.00000,24.23931,0.00000,0.00000,0.00000,0.00000,13.77098,0.00000,0.00000
"1","4990",3.89390,0.00000,22.60323,0.00000,0.00000,0.00000,0.00000,13.77098,0.00000,0.00000
"1","4991",0.00000,0.00000,0.86622,0.00000,0.00000,0.00000,0.00000,13.77098,0.00000,0.00000
"1","4992",0.00000,0.00000,0.00000,0.00000,0.00000,0.00000,0.00000,13.77098,0.00000,0.00000
"1","4993",0.00000,0.00000,2.73449,0.00000,0.00000,0.00000,0.00000,13.77098,0.00000,0.00000
"1","4994",0.00000,0.00000,2.73449,0.00000,0.00000,0.00000,0.00000,13.77098,0.00000,0.00000
"1","4995",0.00000,0.00000,0.00000,0.00000,0.00000,0.00000,0.00000,13.77098,0.00000,0.00000
"1","4996",0.00000,0.00000,9.79769,0.00000,0.00000,0.00000,0.00000,13.77098,0.00000,0.00000
"1","4997",0.00000,0.00000,25.66330,0.00000,0.00000,0.00000,0.00000,13.77098,0.00000,0.00000
"1","4998",4.23399,0.00000,27.07478,0.00000,0.00000,0.00000,0.00000,13.77098,0.00000,0.00000
"1","4999",21.59025,0.00000,3.18217,0.00000,0.00000,0.00000,0.00000,13.77098,0.00000,0.00000
"1","5000",47.91011,0.00000,0.00000,0.00000,0.00000,0.00000,0.00000,13.77098,0.00000,0.00000
"1","5001",156.23156,0.00000,0.00000,0.00000,0.00000,0.00000,0.00000,0.00000,0.00000,0.00000
"1","5002",221.42142,0.00000,0.00000,0.00000,0.00000,0.00000,0.00000,0.00000,0.00000,0.00000
"1","5003",275.52368,0.00000,0.00000,0.00000,0.00000,0.00000,0.00000,0.00000,0.00000,0.00000
"1","5004",282.73226,31.07721,0.00000,0.00000,0.00000,0.00000,0.00000,0.00000,0.00000,0.00000
"1","5005",237.02887,94.21335,0.00000,0.00000,0.00000,0.00000,0.00000,0.00000,0.00000,0.00000
"1","5006",283.63226,53.28801,0.00000,0.00000,0.00000,0.00000,0.00000,0.00000,0.00000,0.00000
"1","5007",283.63226,39.81348,0.00000,0.00000,0.00000,0.00000,0.00000,0.00000,0.00000,0.00000
"1","5008",283.93226,5.45296,0.00000,0.00000,0.00000,0.00000,0.00000,0.00000,0.00000,0.00000
"1","5009",242.30396,0.00000,0.00000,0.00000,0.00000,0.00000,0.00000,0.00000,0.00000,0.00000
"1","5010",182.81779,0.00000,0.00000,0.00000,0.00000,0.00000,0.00000,0.00000,0.00000,0.00000
"1","5011",112.29047,0.00000,0.00000,0.00000,0.00000,0.00000,0.00000,0.00000,0.00000,0.00000
"1","5012",48.29326,0.00000,1.23852,0.00000,0.00000,0.00000,0.00000,13.77098,0.00000,0.00000
"1","5013",18.11367,0.00000,11.02294,0.00000,0.00000,0.00000,0.00000,13.77098,0.00000,0.00000
"1","5014",4.07433,0.00000,14.84161,0.00000,0.00000,0.00000,0.00000,13.77098,0.00000,0.00000
"1","5015",0.00000,0.00000,4.71233,0.00000,0.00000,0.00000,0.00000,13.77098,0.00000,0.00000
"1","5016",0.00000,0.00000,0.00000,0.00000,0.00000,0.00000,0.00000,13.77098,0.00000,0.00000
"1","5017",0.00000,0.00000,0.63542,0.00000,0.00000,0.00000,0.00000,13.77098,0.00000,0.00000
"1","5018",0.00000,0.00000,0.00000,0.00000,0.00000,0.00000,0.00000,13.77098,0.00000,0.00000
"1","5019",0.00000,0.00000,0.00000,0.00000,0.00000,0.00000,0.00000,13.77098,0.00000,0.00000
"1","5020",0.00000,0.00000,0.00000,0.00000,0.00000,0.00000,0.00000,13.77098,0.00000,0.00000
"1","5021",0.00000,0.00000,0.00000,0.00000,0.00000,0.00000,0.00000,13.77098,0.00000,0.00000
"1","5022",2.67378,0.00000,0.00000,0.00000,0.00000,0.00000,0.00000,13.77098,0.00000,0.00000
"1","5023",23.62950,0.00000,2.22995,0.00000,0.00000,0.00000,0.00000,13.77098,0.00000,0.00000
"1","5024",77.19952,0.00000,0.00000,0.00000,0.00000,0.00000,0.00000,1.70048,0.00000,0.00000
"1","5025",144.64085,0.00000,0.00000,0.00000,0.00000,0.00000,0.00000,0.00000,0.00000,0.00000
"1","5026",207.89464,0.00000,0.00000,0.00000,0.00000,0.00000,0.00000,0.00000,0.00000,0.00000
"1","5027",260.84601,0.00000,0.00000,0.00000,0.00000,0.00000,0.00000,0.00000,0.00000,0.00000
"1","5028",281.83226,18.54283,0.00000,0.00000,0.00000,0.00000,0.00000,0.00000,0.00000,0.00000
"1","5029",282.73226,34.32284,0.00000,0.00000,0.00000,0.00000,0.00000,0.00000,0.00000,0.00000
"1","5030",282.53226,40.65998,0.00000,0.00000,0.00000,0.00000,0.00000,0.00000,0.00000,0.00000
"1","5031",282.03226,29.53782,0.00000,0.00000,0.00000,0.00000,0.00000,0.00000,0.00000,0.00000
"1","5032",269.48080,4.48029,0.00000,0.00000,0.00000,0.00000,0.00000,0.00000,0.00000,0.00000
"1","5033",232.25648,0.00000,0.00000,0.00000,0.00000,0.00000,0.00000,0.00000,0.00000,0.00000
"1","5034",178.54946,0.00000,0.00000,0.00000,0.00000,0.00000,0.00000,0.00000,0.00000,0.00000
"1","5035",111.02347,0.00000,0.00000,0.00000,0.00000,0.00000,0.00000,0.00000,0.00000,0.00000
"1","5036",46.19664,0.00000,0.00000,0.00000,0.00000,0.00000,0.00000,13.77098,0.00000,0.00000
"1","5037",16.10688,0.00000,0.00000,0.00000,0.00000,0.00000,0.00000,13.77098,0.00000,0.00000
"1","5038",3.84222,0.00000,0.00000,0.00000,0.00000,0.00000,0.00000,13.77098,0.00000,0.00000
"1","5039",0.00000,0.00000,7.37150,0.00000,0.00000,0.00000,0.00000,13.77098,0.00000,0.00000
"1","5040",0.00000,0.00000,11.95702,0.00000,0.00000,0.00000,0.00000,13.77098,0.00000,0.00000
"1","5041",0.00000,0.00000,0.15956,0.00000,0.00000,0.00000,0.00000,13.77098,0.00000,0.00000
"1","5042",0.00000,0.00000,0.00000,0.00000,0.00000,0.00000,0.00000,13.77098,0.00000,0.00000
"1","5043",0.00000,0.00000,0.00000,0.00000,0.00000,0.00000,0.00000,13.77098,0.00000,0.00000
"1","5044",0.00000,0.00000,0.00000,0.00000,0.00000,0.00000,0.00000,13.77098,0.00000,0.00000
"1","5045",0.00000,0.00000,0.00000,0.00000,0.00000,0.00000,0.00000,13.77098,0.00000,0.00000
"1","5046",2.90105,0.00000,0.00000,0.00000,0.00000,0.00000,0.00000,13.77098,0.00000,0.00000
"1","5047",23.40764,0.00000,0.00000,0.00000,0.00000,0.00000,0.00000,13.77098,0.00000,0.00000
"1","5048",86.37669,0.00000,0.00000,0.00000,0.00000,0.00000,0.00000,0.00000,0.00000,0.00000
"1","5049",165.12670,0.00000,0.00000,0.00000,0.00000,0.00000,0.00000,0.00000,0.00000,0.00000
"1","5050",235.24716,0.00000,0.00000,0.00000,0.00000,0.00000,0.00000,0.00000,0.00000,0.00000
"1","5051",277.53226,11.82152,0.00000,0.00000,0.00000,0.00000,0.00000,0.00000,0.00000,0.00000
"1","5052",278.83226,50.33990,0.00000,0.00000,0.00000,0.00000,0.00000,0.00000,0.00000,0.00000
"1","5053",279.43226,75.30924,0.00000,0.00000,0.00000,0.00000,0.00000,0.00000,0.00000,0.00000
"1","5054",279.13226,79.88821,0.00000,0.00000,0.00000,0.00000,0.00000,0.00000,0.00000,0.00000
"1","5055",227.84399,0.00000,0.00000,0.00000,0.00000,0.00000,0.00000,0.00000,0.00000,0.00000
"1","5056",201.36322,0.00000,0.00000,0.00000,0.00000,0.00000,0.00000,0.00000,0.00000,0.00000
"1","5057",169.16765,0.00000,0.00000,0.00000,0.00000,0.00000,0.00000,0.00000,0.00000,0.00000
"1","5058",129.45570,0.00000,3.97172,0.00000,0.00000,0.00000,0.00000,0.00000,0.00000,0.00000
"1","5059",86.33218,0.00000,39.74612,0.00000,0.00000,0.00000,0.00000,0.00000,0.00000,0.00000
"1","5060",33.86517,0.00000,47.69117,0.00000,0.00000,0.00000,0.00000,0.00000,0.00000,0.00000
"1","5061",22.15041,0.00000,37.08679,0.00000,0.00000,0.00000,0.00000,0.00000,0.00000,0.00000
"1","5062",3.88775,0.00000,99.75404,0.00000,0.00000,0.00000,0.00000,0.00000,0.00000,0.00000
"1","5063",0.00000,0.00000,178.09686,0.00000,0.00000,0.00000,0.00000,0.00000,0.00000,0.00000
"1","5064",0.00000,0.00000,13.65921,0.00000,0.00000,0.00000,0.00000,13.77098,0.00000,0.00000
"1","5065",0.00000,0.00000,0.00000,0.00000,0.00000,0.00000,0.00000,13.77098,0.00000,0.00000
"1","5066",0.00000,0.00000,0.00000,0.00000,0.00000,0.00000,0.00000,13.77098,0.00000,0.00000
"1","5067",0.00000,0.00000,0.00000,0.00000,0.00000,0.00000,0.00000,13.77098,0.00000,0.00000
"1","5068",0.00000,0.00000,0.00000,0.00000,0.00000,0.00000,0.00000,13.77098,0.00000,0.00000
"1","5069",0.00000,0.00000,10.19449,0.00000,0.00000,0.00000,0.00000,8.60363,0.00000,0.00000
"1","5070",0.00000,0.00000,32.60862,0.00000,0.00000,0.00000,0.00000,13.77098,0.00000,0.00000
"1","5071",7.96024,0.00000,4.94620,0.00000,0.00000,0.00000,0.00000,13.77098,0.00000,0.00000
"1","5072",20.13864,0.00000,0.34996,0.00000,0.00000,0.00000,0.00000,13.77098,0.00000,0.00000
"1","5073",107.53740,0.00000,0.00000,0.00000,0.00000,0.00000,0.00000,0.00000,0.00000,0.00000
"1","5074",158.62818,0.00000,0.00000,0.00000,0.00000,0.00000,0.00000,0.00000,0.00000,0.00000
"1","5075",208.16894,0.00000,0.00000,0.00000,0.00000,0.00000,0.00000,0.00000,0.00000,0.00000
"1","5076",244.93327,0.00000,0.34076,0.00000,0.00000,0.00000,0.00000,0.00000,0.00000,0.00000
"1","5077",267.17134,0.00000,0.00000,0.00000,0.00000,0.00000,0.00000,0.00000,0.00000,0.00000
"1","5078",273.23785,0.00000,0.00000,0.00000,0.00000,0.00000,0.00000,0.00000,0.00000,0.00000
"1","5079",236.90554,0.00000,0.00000,0.00000,0.00000,0.00000,0.00000,0.00000,0.00000,0.00000
"1","5080",213.77200,0.00000,0.00000,0.00000,0.00000,0.00000,0.00000,0.00000,0.00000,0.00000
"1","5081",179.24174,0.00000,0.00000,0.00000,0.00000,0.00000,0.00000,0.00000,0.00000,0.00000
"1","5082",185.55401,0.00000,0.00000,0.00000,0.00000,0.00000,0.00000,0.00000,0.00000,0.00000
"1","5083",65.02150,0.00000,36.28832,0.00000,0.00000,0.00000,0.00000,0.00000,0.00000,0.00000
"1","5084",36.14616,0.00000,39.00854,0.00000,0.00000,0.00000,0.00000,13.77098,0.00000,0.00000
"1","5085",14.91259,0.00000,49.22433,0.00000,0.00000,0.00000,0.00000,13.77098,0.00000,0.00000
"1","5086",2.35848,0.00000,15.54884,0.00000,0.00000,0.00000,0.00000,13.77098,0.00000,0.00000
"1","5087",0.00000,0.00000,22.09072,0.00000,0.00000,0.00000,0.00000,13.77098,0.00000,0.00000
"1","5088",0.00000,0.00000,20.53720,0.00000,0.00000,0.00000,0.00000,13.77098,0.00000,0.00000
"1","5089",0.00000,0.00000,0.10785,0.00000,0.00000,0.00000,0.00000,22.97909,0.00000,0.00000
"1","5090",0.00000,0.00000,0.00000,0.00000,0.00000,0.00000,0.00000,22.97909,0.00000,0.00000
"1","5091",0.00000,0.00000,0.00000,0.00000,0.00000,0.00000,0.00000,22.97909,0.00000,0.00000
"1","5092",0.00000,0.00000,0.00000,0.00000,0.00000,0.00000,0.00000,22.97909,0.00000,0.00000
"1","5093",0.00000,0.00000,0.00000,0.00000,0.00000,0.00000,0.00000,22.97909,0.00000,0.00000
"1","5094",1.91542,0.00000,0.00000,0.00000,0.00000,0.00000,0.00000,22.97909,0.00000,0.00000
"1","5095",15.05642,0.00000,3.43299,0.00000,0.00000,0.00000,0.00000,22.97909,0.00000,0.00000
"1","5096",49.18906,0.00000,0.00000,0.00000,0.00000,0.00000,0.00000,22.97909,0.00000,0.00000
"1","5097",91.44614,0.00000,0.00000,0.00000,0.00000,0.00000,0.00000,0.00000,0.00000,0.00000
"1","5098",136.98224,0.00000,0.00000,0.00000,0.00000,0.00000,0.00000,0.00000,0.00000,0.00000
"1","5099",185.57239,0.00000,0.00000,0.00000,0.00000,0.00000,0.00000,0.00000,0.00000,0.00000
"1","5100",214.81501,0.00000,0.00000,0.00000,0.00000,0.00000,0.00000,0.00000,0.00000,0.00000
"1","5101",70.99223,0.00000,0.00000,0.00000,0.00000,0.00000,0.00000,22.97909,0.00000,0.00000
"1","5102",54.71956,0.00000,0.00000,0.00000,0.00000,0.00000,0.00000,22.97909,0.00000,0.00000
"1","5103",53.03603,0.00000,0.00000,0.00000,0.00000,0.00000,0.00000,22.97909,0.00000,0.00000
"1","5104",46.54491,0.00000,0.00000,0.00000,0.00000,0.00000,0.00000,22.97909,0.00000,0.00000
"1","5105",38.00873,0.00000,0.00000,0.00000,0.00000,0.00000,0.00000,22.97909,0.00000,0.00000
"1","5106",27.86068,0.00000,0.00000,0.00000,0.00000,0.00000,0.00000,22.97909,0.00000,0.00000
"1","5107",18.27181,0.00000,0.00000,0.00000,0.00000,0.00000,0.00000,22.97909,0.00000,0.00000
"1","5108",25.00598,0.00000,0.00000,0.00000,0.00000,0.00000,0.00000,22.97909,0.00000,0.00000
"1","5109",11.74572,0.00000,0.00000,0.00000,0.00000,0.00000,0.00000,22.97909,0.00000,0.00000
"1","5110",1.63468,0.00000,22.95176,0.00000,0.00000,0.00000,0.00000,22.97909,0.00000,0.00000
"1","5111",0.00000,0.00000,22.92692,0.00000,0.00000,0.00000,0.00000,22.97909,0.00000,0.00000
"1","5112",0.00000,0.00000,19.25581,0.00000,0.00000,0.00000,0.00000,22.97909,0.00000,0.00000
"1","5113",0.00000,0.00000,9.51304,0.00000,0.00000,0.00000,0.00000,22.97909,0.00000,0.00000
"1","5114",0.00000,0.00000,12.21935,0.00000,0.00000,0.00000,0.00000,22.97909,0.00000,0.00000
"1","5115",0.00000,0.00000,0.00000,0.00000,0.00000,0.00000,0.00000,22.97909,0.00000,0.00000
"1","5116",0.00000,0.00000,0.00000,0.00000,0.00000,0.00000,0.00000,22.97909,0.00000,0.00000
"1","5117",0.00000,0.00000,0.00000,0.00000,0.00000,0.00000,0.00000,22.97909,0.00000,0.00000
"1","5118",2.15155,0.00000,10.26930,0.00000,0.00000,0.00000,0.00000,22.97909,0.00000,0.00000
"1","5119",9.91275,0.00000,26.16713,0.00000,0.00000,0.00000,0.00000,22.97909,0.00000,0.00000
"1","5120",25.46145,0.00000,10.15508,0.00000,0.00000,0.00000,0.00000,22.97909,0.00000,0.00000
"1","5121",59.87222,0.00000,0.00000,0.00000,0.00000,0.00000,0.00000,22.97909,0.00000,0.00000
"1","5122",90.54826,0.00000,0.00000,0.00000,0.00000,0.00000,0.00000,5.25174,0.00000,0.00000
"1","5123",124.88598,0.00000,0.00000,0.00000,0.00000,0.00000,0.00000,0.00000,0.00000,0.00000
"1","5124",151.74602,0.00000,0.00000,0.00000,0.00000,0.00000,0.00000,0.00000,0.00000,0.00000
"1","5125",169.52710,0.00000,0.00000,0.00000,0.00000,0.00000,0.00000,0.00000,0.00000,0.00000
"1","5126",59.80643,0.00000,0.00000,0.00000,0.00000,0.00000,0.00000,22.97909,0.00000,0.00000
"1","5127",58.30576,0.00000,0.00000,0.00000,0.00000,0.00000,0.00000,22.97909,0.00000,0.00000
"1","5128",104.14470,0.00000,0.22494,0.00000,0.00000,0.00000,0.00000,0.00000,0.00000,0.00000
"1","5129",87.00317,0.00000,4.05588,0.00000,0.00000,0.00000,0.00000,11.64095,0.00000,0.00000
"1","5130",65.86423,0.00000,0.00000,0.00000,0.00000,0.00000,0.00000,22.97909,0.00000,0.00000
"1","5131",44.08139,0.00000,36.85313,0.00000,0.00000,0.00000,0.00000,18.66548,0.00000,0.00000
"1","5132",23.92276,0.00000,7.04576,0.00000,0.00000,0.00000,0.00000,22.97909,0.00000,0.00000
"1","5133",12.84906,0.00000,8.35293,0.00000,0.00000,0.00000,0.00000,22.97909,0.00000,0.00000
"1","5134",1.13976,0.00000,0.00000,0.00000,0.00000,0.00000,0.00000,22.97909,0.00000,0.00000
"1","5135",0.00000,0.00000,5.86252,0.00000,0.00000,0.00000,0.00000,22.97909,0.00000,0.00000
"1","5136",0.00000,0.00000,20.45800,0.00000,0.00000,0.00000,0.00000,22.97909,0.00000,0.00000
"1","5137",0.00000,0.00000,5.17807,0.00000,0.00000,0.00000,0.00000,22.97909,0.00000,0.00000
"1","5138",0.00000,0.00000,0.00000,0.00000,0.00000,0.00000,0.00000,22.97909,0.00000,0.00000
"1","5139",0.00000,0.00000,0.00000,0.00000,0.00000,0.00000,0.00000,22.97909,0.00000,0.00000
"1","5140",0.00000,0.00000,36.37956,0.00000,0.00000,0.00000,0.00000,22.97909,0.00000,0.00000
"1","5141",0.00000,0.00000,3.76630,0.00000,0.00000,0.00000,0.00000,22.97909,0.00000,0.00000
"1","5142",0.52173,0.00000,0.00000,0.00000,0.00000,0.00000,0.00000,22.97909,0.00000,0.00000
"1","5143",11.50591,0.00000,1.51280,0.00000,0.00000,0.00000,0.00000,22.97909,0.00000,0.00000
"1","5144",30.42211,0.00000,4.75237,0.00000,0.00000,0.00000,0.00000,22.97909,0.00000,0.00000
"1","5145",53.28275,0.00000,14.29388,0.00000,0.00000,0.00000,0.00000,22.97909,0.00000,0.00000
"1","5146",81.13646,0.00000,0.00000,0.00000,0.00000,0.00000,0.00000,13.16354,0.00000,0.00000
"1","5147",108.53881,0.00000,4.06118,0.00000,0.00000,0.00000,0.00000,0.00000,0.00000,0.00000
"1","5148",136.51395,0.00000,35.36283,0.00000,0.00000,0.00000,0.00000,0.00000,0.00000,0.00000
"1","5149",82.22447,0.00000,24.25575,0.00000,0.00000,0.00000,0.00000,0.00000,0.00000,0.00000
"1","5150",172.48343,0.00000,3.54395,0.00000,0.00000,0.00000,0.00000,0.00000,0.00000,0.00000
"1","5151",155.87454,0.00000,2.58308,0.00000,0.00000,0.00000,0.00000,0.00000,0.00000,0.00000
"1","5152",139.98744,0.00000,33.41129,0.00000,0.00000,0.00000,0.00000,0.00000,0.00000,0.00000
"1","5153",112.64798,0.00000,118.06849,0.00000,0.00000,0.00000,0.00000,0.00000,0.00000,0.00000
"1","5154",84.81652,0.00000,99.48415,0.00000,0.00000,0.00000,0.00000,0.00000,0.00000,0.00000
"1","5155",56.39922,0.00000,0.00000,0.00000,0.00000,0.00000,0.00000,22.97909,0.00000,0.00000
"1","5156",46.09809,0.00000,0.00000,0.00000,0.00000,0.00000,0.00000,22.97909,0.00000,0.00000
"1","5157",16.82674,0.00000,0.00000,0.00000,0.00000,0.00000,0.00000,22.97909,0.00000,0.00000
"1","5158",2.38954,0.00000,0.00000,0.00000,0.00000,0.00000,0.00000,22.97909,0.00000,0.00000
"1","5159",0.00000,0.00000,7.03407,0.00000,0.00000,0.00000,0.00000,22.97909,0.00000,0.00000
"1","5160",0.00000,0.00000,19.82585,0.00000,0.00000,0.00000,0.00000,22.97909,0.00000,0.00000
"1","5161",0.00000,0.00000,24.83896,0.00000,0.00000,0.00000,0.00000,22.97909,0.00000,0.00000
"1","5162",0.00000,0.00000,18.97676,0.00000,0.00000,0.00000,0.00000,22.97909,0.00000,0.00000
"1","5163",0.00000,0.00000,22.48930,0.00000,0.00000,0.00000,0.00000,22.97909,0.00000,0.00000
"1","5164",0.00000,0.00000,0.48488,0.00000,0.00000,0.00000,0.00000,22.97909,0.00000,0.00000
"1","5165",0.00000,0.00000,0.00000,0.00000,0.00000,0.00000,0.00000,22.97909,0.00000,0.00000
"1","5166",0.43967,0.00000,0.00000,0.00000,0.00000,0.00000,0.00000,22.97909,0.00000,0.00000
"1","5167",16.15395,0.00000,6.95824,0.00000,0.00000,0.00000,0.00000,22.97909,0.00000,0.00000
"1","5168",42.54647,0.00000,9.65041,0.00000,0.00000,0.00000,0.00000,22.97909,0.00000,0.00000
"1","5169",168.63018,0.00000,0.00000,0.00000,0.00000,0.00000,0.00000,0.00000,0.00000,0.00000
"1","5170",237.57605,0.00000,0.00000,0.00000,0.00000,0.00000,0.00000,0.00000,0.00000,0.00000
"1","5171",284.43226,7.23444,0.00000,0.00000,0.00000,0.00000,0.00000,0.00000,0.00000,0.00000
"1","5172",286.03226,43.20473,0.00000,0.00000,0.00000,0.00000,0.00000,0.00000,0.00000,0.00000
"1","5173",285.13226,62.80642,0.00000,0.00000,0.00000,0.00000,0.00000,0.00000,0.00000,0.00000
"1","5174",189.97086,0.00000,0.00000,0.00000,0.00000,0.00000,0.00000,0.00000,0.00000,0.00000
"1","5175",284.73226,45.75044,0.00000,0.00000,0.00000,0.00000,0.00000,0.00000,0.00000,0.00000
"1","5176",284.03226,12.02661,0.00000,0.00000,0.00000,0.00000,0.00000,0.00000,0.00000,0.00000
"1","5177",249.50976,0.00000,0.00000,0.00000,0.00000,0.00000,0.00000,0.00000,0.00000,0.00000
"1","5178",188.85044,0.00000,0.00000,0.00000,0.00000,0.00000,0.00000,0.00000,0.00000,0.00000
"1","5179",107.92152,0.00000,6.75970,0.00000,0.00000,0.00000,0.00000,0.00000,0.00000,0.00000
"1","5180",33.32228,0.00000,35.52477,0.00000,0.00000,0.00000,0.00000,19.25295,0.00000,0.00000
"1","5181",16.84294,0.00000,61.50699,0.00000,0.00000,0.00000,0.00000,7.45007,0.00000,0.00000
"1","5182",0.00000,0.00000,12.94180,0.00000,0.00000,0.00000,0.00000,22.97909,0.00000,0.00000
"1","5183",0.00000,0.00000,0.00000,0.00000,0.00000,0.00000,0.00000,22.97909,0.00000,0.00000
"1","5184",0.00000,0.00000,0.00000,0.00000,0.00000,0.00000,0.00000,22.97909,0.00000,0.00000
"1","5185",0.00000,0.00000,0.00000,0.00000,0.00000,0.00000,0.00000,22.97909,0.00000,0.00000
"1","5186",0.00000,0.00000,0.00000,0.00000,0.00000,0.00000,0.00000,22.97909,0.00000,0.00000
"1","5187",0.00000,0.00000,0.00000,0.00000,0.00000,0.00000,0.00000,22.97909,0.00000,0.00000
"1","5188",0.00000,0.00000,0.00000,0.00000,0.00000,0.00000,0.00000,22.97909,0.00000,0.00000
"1","5189",0.00000,0.00000,0.00000,0.00000,0.00000,0.00000,0.00000,22.97909,0.00000,0.00000
"1","5190",1.02948,0.00000,0.00000,0.00000,0.00000,0.00000,0.00000,22.97909,0.00000,0.00000
"1","5191",17.37393,0.00000,0.00000,0.00000,0.00000,0.00000,0.00000,22.97909,0.00000,0.00000
"1","5192",84.71686,0.00000,6.10254,0.00000,0.00000,0.00000,0.00000,0.00000,0.00000,0.00000
"1","5193",161.61455,7.16173,25.36997,0.00000,0.00000,0.00000,0.00000,0.00000,0.00000,0.00000
"1","5194",238.67421,0.00000,12.30807,0.00000,0.00000,0.00000,0.00000,0.00000,0.00000,0.00000
"1","5195",276.59619,15.44833,1.33607,0.00000,0.00000,0.00000,0.00000,0.00000,0.00000,0.00000
"1","5196",278.73226,51.10799,0.00000,0.00000,0.00000,0.00000,0.00000,0.00000,0.00000,0.00000
"1","5197",278.59685,72.30543,0.33541,0.00000,0.00000,0.00000,0.00000,0.00000,0.00000,0.00000
"1","5198",272.03540,82.54839,6.69686,0.00000,0.00000,0.00000,0.00000,0.00000,0.00000,0.00000
"1","5199",176.73720,162.47761,17.84732,0.00000,0.00000,0.00000,0.00000,0.00000,0.00000,0.00000
"1","5200",280.43226,25.47720,0.00000,17.00010,0.00000,0.00000,0.00000,0.00000,0.00000,0.00000
"1","5201",222.73803,34.12943,14.74084,0.00000,0.00000,0.00000,0.00000,0.00000,0.00000,0.00000
"1","5202",191.43475,0.00000,0.00000,0.00000,0.00000,0.00000,0.00000,0.00000,0.00000,0.00000
"1","5203",108.52188,0.00000,0.00000,0.00000,0.00000,0.00000,0.00000,0.00000,0.00000,0.00000
"1","5204",10.92161,0.00000,0.00000,0.00000,0.00000,0.00000,0.00000,0.00000,0.00000,0.00000
"1","5205",3.06151,0.00000,0.00000,0.00000,0.00000,0.00000,0.00000,0.59075,0.00000,0.00000
"1","5206",0.00000,0.00000,0.00000,0.00000,0.00000,0.00000,0.00000,0.95226,0.00000,0.00000
"1","5207",0.00000,0.00000,67.02271,0.00000,0.00000,0.00000,0.00000,13.07729,0.00000,0.00000
"1","5208",0.00000,0.00000,59.52351,0.00000,0.00000,0.00000,0.00000,15.27649,0.00000,0.00000
"1","5209",0.00000,0.00000,16.80875,0.00000,0.00000,0.00000,0.00000,22.97909,0.00000,0.00000
"1","5210",0.00000,0.00000,24.68860,0.00000,0.00000,0.00000,0.00000,0.00000,0.00000,0.00000
"1","5211",0.00000,0.00000,9.68235,0.00000,0.00000,0.00000,0.00000,22.97909,0.00000,0.00000
"1","5212",0.00000,0.00000,24.20569,0.00000,0.00000,0.00000,0.00000,22.97909,0.00000,0.00000
"1","5213",0.00000,0.00000,14.23281,0.00000,0.00000,0.00000,0.00000,0.00000,0.00000,0.00000
"1","5214",0.00000,0.00000,50.52262,0.00000,0.00000,0.00000,0.00000,0.00000,0.00000,0.00000
"1","5215",11.49517,0.00000,54.00050,0.00000,0.00000,0.00000,0.00000,4.12893,0.00000,0.00000
"1","5216",32.27622,0.00000,71.37229,0.00000,0.00000,0.00000,0.00000,0.00000,0.00000,0.00000
"1","5217",21.47308,0.00000,45.36952,0.00000,0.00000,0.00000,0.00000,0.00000,0.00000,0.00000
"1","5218",33.48260,0.00000,57.17815,0.00000,0.00000,0.00000,0.00000,0.00000,0.00000,0.00000
"1","5219",47.42794,0.00000,75.69264,0.00000,0.00000,0.00000,0.00000,0.00000,0.00000,0.00000
"1","5220",59.64195,0.00000,77.22729,0.00000,0.00000,0.00000,0.00000,0.00000,0.00000,0.00000
"1","5221",68.28261,0.00000,39.07289,0.00000,0.00000,0.00000,0.00000,0.00000,0.00000,0.00000
"1","5222",166.69025,0.00000,69.50097,0.00000,0.00000,0.00000,0.00000,0.00000,0.00000,0.00000
"1","5223",156.40959,0.00000,124.72267,155.81783,0.00000,0.00000,0.00000,0.00000,0.00000,0.00000
"1","5224",138.88250,0.00000,143.34976,109.29741,0.00000,0.00000,0.00000,0.00000,0.00000,0.00000
"1","5225",113.03983,0.00000,97.60423,0.00000,0.00000,0.00000,0.00000,0.00000,0.00000,0.00000
"1","5226",80.54045,0.00000,58.02247,0.00000,0.00000,0.00000,0.00000,0.00000,0.00000,0.00000
"1","5227",52.17394,0.00000,87.04114,0.00000,0.00000,0.00000,0.00000,0.00000,0.00000,0.00000
"1","5228",29.10262,0.00000,2.70788,0.00000,0.00000,0.00000,0.00000,22.97909,0.00000,0.00000
"1","5229",8.69717,0.00000,39.06075,0.00000,0.00000,0.00000,0.00000,22.97909,0.00000,0.00000
"1","5230",0.00000,0.00000,37.13955,0.00000,0.00000,0.00000,0.00000,22.97909,0.00000,0.00000
"1","5231",0.00000,0.00000,14.44032,0.00000,0.00000,0.00000,0.00000,22.97909,0.00000,0.00000
"1","5232",0.00000,0.00000,16.55305,0.00000,0.00000,0.00000,0.00000,22.97909,0.00000,0.00000
"1","5233",0.00000,0.00000,0.00000,0.00000,0.00000,0.00000,0.00000,22.97909,0.00000,0.00000
"1","5234",0.00000,0.00000,0.00000,0.00000,0.00000,0.00000,0.00000,22.97909,0.00000,0.00000
"1","5235",0.00000,0.00000,0.00000,0.00000,0.00000,0.00000,0.00000,22.97909,0.00000,0.00000
"1","5236",0.00000,0.00000,0.00000,0.00000,0.00000,0.00000,0.00000,22.97909,0.00000,0.00000
"1","5237",0.00000,0.00000,0.00000,0.00000,0.00000,0.00000,0.00000,22.97909,0.00000,0.00000
"1","5238",0.00000,0.00000,0.00000,0.00000,0.00000,0.00000,0.00000,22.97909,0.00000,0.00000
"1","5239",13.94727,0.00000,0.00000,0.00000,0.00000,0.00000,0.00000,22.97909,0.00000,0.00000
"1","5240",36.45137,0.00000,0.00000,0.00000,0.00000,0.00000,0.00000,22.97909,0.00000,0.00000
"1","5241",166.53496,0.00000,0.00000,0.00000,0.00000,0.00000,0.00000,0.00000,0.00000,0.00000
"1","5242",237.00761,0.00000,0.00000,0.00000,0.00000,0.00000,0.00000,0.00000,0.00000,0.00000
"1","5243",284.83226,6.63319,0.00000,0.00000,0.00000,0.00000,0.00000,0.00000,0.00000,0.00000
"1","5244",286.03226,43.32567,0.00000,0.00000,0.00000,0.00000,0.00000,0.00000,0.00000,0.00000
"1","5245",287.93226,60.59614,0.00000,0.00000,0.00000,0.00000,0.00000,0.00000,0.00000,0.00000
"1","5246",288.53226,62.63657,0.00000,0.00000,0.00000,0.00000,0.00000,0.00000,0.00000,0.00000
"1","5247",287.13226,48.88142,0.00000,0.00000,0.00000,0.00000,0.00000,0.00000,0.00000,0.00000
"1","5248",23.15270,0.00000,0.00000,0.00000,0.00000,0.00000,0.00000,0.00000,0.00000,0.00000
"1","5249",201.87215,0.00000,0.00000,0.00000,0.00000,0.00000,0.00000,0.00000,0.00000,0.00000
"1","5250",148.35090,0.00000,78.76055,0.00000,0.00000,0.00000,0.00000,0.00000,0.00000,0.00000
"1","5251",94.06868,0.00000,19.61498,0.00000,0.00000,0.00000,0.00000,0.00000,0.00000,0.00000
"1","5252",38.41162,0.00000,1.28599,0.00000,0.00000,0.00000,0.00000,22.97909,0.00000,0.00000
"1","5253",10.38317,0.00000,1.20718,0.00000,0.00000,0.00000,0.00000,22.97909,0.00000,0.00000
"1","5254",0.00000,0.00000,0.00000,0.00000,0.00000,0.00000,0.00000,22.97909,0.00000,0.00000
"1","5255",0.00000,0.00000,0.00000,0.00000,0.00000,0.00000,0.00000,22.97909,0.00000,0.00000
"1","5256",0.00000,0.00000,0.00000,0.00000,0.00000,0.00000,0.00000,22.97909,0.00000,0.00000
"1","5257",0.00000,0.00000,0.00000,0.00000,0.00000,0.00000,0.00000,22.97909,0.00000,0.00000
"1","5258",0.00000,0.00000,0.00000,0.00000,0.00000,0.00000,0.00000,22.97909,0.00000,0.00000
"1","5259",0.00000,0.00000,1.11059,0.00000,0.00000,0.00000,0.00000,22.97909,0.00000,0.00000
"1","5260",0.00000,0.00000,0.00000,0.00000,0.00000,0.00000,0.00000,22.97909,0.00000,0.00000
"1","5261",0.00000,0.00000,0.00000,0.00000,0.00000,0.00000,0.00000,22.97909,0.00000,0.00000
"1","5262",0.00000,0.00000,0.00000,0.00000,0.00000,0.00000,0.00000,22.97909,0.00000,0.00000
"1","5263",7.62716,0.00000,36.95875,0.00000,0.00000,0.00000,0.00000,22.97909,0.00000,0.00000
"1","5264",22.86766,0.00000,19.92373,0.00000,0.00000,0.00000,0.00000,22.97909,0.00000,0.00000
"1","5265",44.08497,0.00000,0.00000,0.00000,0.00000,0.00000,0.00000,22.97909,0.00000,0.00000
"1","5266",68.68463,0.00000,0.00000,0.00000,0.00000,0.00000,0.00000,22.97909,0.00000,0.00000
"1","5267",93.15144,0.00000,0.00000,0.00000,0.00000,0.00000,0.00000,3.24856,0.00000,0.00000
"1","5268",113.30397,0.00000,6.53328,0.00000,0.00000,0.00000,0.00000,0.00000,0.00000,0.00000
"1","5269",133.78305,0.00000,0.00000,0.00000,0.00000,0.00000,0.00000,0.00000,0.00000,0.00000
"1","5270",138.74511,0.00000,0.00000,0.00000,0.00000,0.00000,0.00000,0.00000,0.00000,0.00000
"1","5271",205.06167,0.00000,0.00000,0.00000,0.00000,0.00000,0.00000,0.00000,0.00000,0.00000
"1","5272",184.13946,0.00000,0.00000,0.00000,0.00000,0.00000,0.00000,0.00000,0.00000,0.00000
"1","5273",152.10837,0.00000,0.00000,0.00000,0.00000,0.00000,0.00000,0.00000,0.00000,0.00000
"1","5274",113.73695,0.00000,0.00000,0.00000,0.00000,0.00000,0.00000,0.00000,0.00000,0.00000
"1","5275",72.26406,0.00000,0.00000,0.00000,0.00000,0.00000,0.00000,22.23594,0.00000,0.00000
"1","5276",29.19487,0.00000,0.00000,0.00000,0.00000,0.00000,0.00000,22.97909,0.00000,0.00000
"1","5277",6.06593,0.00000,14.94816,0.00000,0.00000,0.00000,0.00000,22.97909,0.00000,0.00000
"1","5278",0.00000,0.00000,2.97581,0.00000,0.00000,0.00000,0.00000,22.97909,0.00000,0.00000
"1","5279",0.00000,0.00000,0.00000,0.00000,0.00000,0.00000,0.00000,22.97909,0.00000,0.00000
"1","5280",0.00000,0.00000,0.00000,0.00000,0.00000,0.00000,0.00000,22.97909,0.00000,0.00000
"1","5281",0.00000,0.00000,0.00000,0.00000,0.00000,0.00000,0.00000,22.97909,0.00000,0.00000
"1","5282",0.00000,0.00000,0.00000,0.00000,0.00000,0.00000,0.00000,22.97909,0.00000,0.00000
"1","5283",0.00000,0.00000,0.00000,0.00000,0.00000,0.00000,0.00000,22.97909,0.00000,0.00000
"1","5284",0.00000,0.00000,0.00000,0.00000,0.00000,0.00000,0.00000,22.97909,0.00000,0.00000
"1","5285",0.00000,0.00000,7.93632,0.00000,0.00000,0.00000,0.00000,22.97909,0.00000,0.00000
"1","5286",0.00000,0.00000,36.63647,0.00000,0.00000,0.00000,0.00000,22.97909,0.00000,0.00000
"1","5287",16.18158,0.00000,29.32330,0.00000,0.00000,0.00000,0.00000,22.97909,0.00000,0.00000
"1","5288",45.15919,0.00000,35.93540,0.00000,0.00000,0.00000,0.00000,6.70541,0.00000,0.00000
"1","5289",105.15482,0.00000,8.49242,0.00000,0.00000,0.00000,0.00000,0.00000,0.00000,0.00000
"1","5290",162.70977,0.00000,0.57494,0.00000,0.00000,0.00000,0.00000,0.00000,0.00000,0.00000
"1","5291",212.54757,0.00000,0.00000,0.00000,0.00000,0.00000,0.00000,0.00000,0.00000,0.00000
"1","5292",253.49363,0.00000,3.31151,0.00000,0.00000,0.00000,0.00000,0.00000,0.00000,0.00000
"1","5293",274.23926,0.00000,4.32937,0.00000,0.00000,0.00000,0.00000,0.00000,0.00000,0.00000
"1","5294",277.06088,1.46944,9.27138,0.00000,0.00000,0.00000,0.00000,0.00000,0.00000,0.00000
"1","5295",285.73226,55.15301,0.00000,2.95467,0.00000,0.00000,0.00000,0.00000,0.00000,0.00000
"1","5296",142.48177,0.00000,13.90240,0.00000,0.00000,0.00000,0.00000,0.00000,0.00000,0.00000
"1","5297",113.51828,0.00000,86.77628,0.00000,0.00000,0.00000,0.00000,0.00000,0.00000,0.00000
"1","5298",84.49530,0.00000,110.36673,0.00000,0.00000,0.00000,0.00000,0.00000,0.00000,0.00000
"1","5299",54.32722,0.00000,80.33303,0.00000,0.00000,0.00000,0.00000,0.00000,0.00000,0.00000
"1","5300",27.50322,0.00000,20.89908,0.00000,0.00000,0.00000,0.00000,22.97909,0.00000,0.00000
"1","5301",6.51579,0.00000,6.34104,0.00000,0.00000,0.00000,0.00000,22.97909,0.00000,0.00000
"1","5302",0.00000,0.00000,0.00000,0.00000,0.00000,0.00000,0.00000,22.97909,0.00000,0.00000
"1","5303",0.00000,0.00000,0.00000,0.00000,0.00000,0.00000,0.00000,22.97909,0.00000,0.00000
"1","5304",0.00000,0.00000,21.11042,0.00000,0.00000,0.00000,0.00000,22.97909,0.00000,0.00000
"1","5305",0.00000,0.00000,14.60020,0.00000,0.00000,0.00000,0.00000,22.97909,0.00000,0.00000
"1","5306",0.00000,0.00000,0.00000,0.00000,0.00000,0.00000,0.00000,22.97909,0.00000,0.00000
"1","5307",0.00000,0.00000,0.00000,0.00000,0.00000,0.00000,0.00000,22.97909,0.00000,0.00000
"1","5308",0.00000,0.00000,0.00000,0.00000,0.00000,0.00000,0.00000,22.97909,0.00000,0.00000
"1","5309",0.00000,0.00000,0.00000,0.00000,0.00000,0.00000,0.00000,22.97909,0.00000,0.00000
"1","5310",0.00000,0.00000,0.00000,0.00000,0.00000,0.00000,0.00000,22.97909,0.00000,0.00000
"1","5311",16.37765,0.00000,18.03317,0.00000,0.00000,0.00000,0.00000,22.97909,0.00000,0.00000
"1","5312",49.55141,0.00000,0.00000,0.00000,0.00000,0.00000,0.00000,22.97909,0.00000,0.00000
"1","5313",47.62735,0.00000,0.00000,0.00000,0.00000,0.00000,0.00000,22.97909,0.00000,0.00000
"1","5314",77.26047,0.00000,0.00000,0.00000,0.00000,0.00000,0.00000,17.33953,0.00000,0.00000
"1","5315",107.07685,0.00000,0.00000,0.00000,0.00000,0.00000,0.00000,0.00000,0.00000,0.00000
"1","5316",132.69795,0.00000,0.00000,0.00000,0.00000,0.00000,0.00000,0.00000,0.00000,0.00000
"1","5317",71.25830,0.00000,0.00000,0.00000,0.00000,0.00000,0.00000,22.97909,0.00000,0.00000
"1","5318",73.93792,0.00000,0.40839,0.00000,0.00000,0.00000,0.00000,22.97909,0.00000,0.00000
"1","5319",81.37835,0.00000,31.33545,0.00000,0.00000,0.00000,0.00000,0.00000,0.00000,0.00000
"1","5320",73.06423,0.00000,3.11665,0.00000,0.00000,0.00000,0.00000,20.91912,0.00000,0.00000
"1","5321",179.35204,0.00000,0.00000,0.00000,0.00000,0.00000,0.00000,0.00000,0.00000,0.00000
"1","5322",132.68730,0.00000,4.45610,0.00000,0.00000,0.00000,0.00000,0.00000,0.00000,0.00000
"1","5323",84.11989,0.00000,14.22590,0.00000,0.00000,0.00000,0.00000,0.00000,0.00000,0.00000
"1","5324",19.37211,0.00000,23.16908,0.00000,0.00000,0.00000,0.00000,22.97909,0.00000,0.00000
"1","5325",3.84368,0.00000,34.06016,0.00000,0.00000,0.00000,0.00000,22.97909,0.00000,0.00000
"1","5326",0.00000,0.00000,35.73275,0.00000,0.00000,0.00000,0.00000,22.97909,0.00000,0.00000
"1","5327",0.00000,0.00000,48.08994,0.00000,0.00000,0.00000,0.00000,22.97909,0.00000,0.00000
"1","5328",0.00000,0.00000,47.85422,0.00000,0.00000,0.00000,0.00000,22.97909,0.00000,0.00000
"1","5329",0.00000,0.00000,31.94145,0.00000,0.00000,0.00000,0.00000,22.97909,0.00000,0.00000
"1","5330",0.00000,0.00000,54.94224,0.00000,0.00000,0.00000,0.00000,10.55776,0.00000,0.00000
"1","5331",0.00000,0.00000,48.10441,0.00000,0.00000,0.00000,0.00000,16.49559,0.00000,0.00000
"1","5332",0.00000,0.00000,33.56660,0.00000,0.00000,0.00000,0.00000,22.97909,0.00000,0.00000
"1","5333",0.00000,0.00000,23.70699,0.00000,0.00000,0.00000,0.00000,22.97909,0.00000,0.00000
"1","5334",0.00000,0.00000,23.78245,0.00000,0.00000,0.00000,0.00000,22.97909,0.00000,0.00000
"1","5335",7.97180,0.00000,28.24372,0.00000,0.00000,0.00000,0.00000,22.97909,0.00000,0.00000
"1","5336",26.60809,0.00000,17.74581,0.00000,0.00000,0.00000,0.00000,22.97909,0.00000,0.00000
"1","5337",12.40732,0.00000,0.00000,0.00000,0.00000,0.00000,0.00000,22.97909,0.00000,0.00000
"1","5338",19.73397,0.00000,0.00000,0.00000,0.00000,0.00000,0.00000,22.97909,0.00000,0.00000
"1","5339",26.59426,0.00000,0.00000,0.00000,0.00000,0.00000,0.00000,22.97909,0.00000,0.00000
"1","5340",32.32532,0.00000,0.00000,0.00000,0.00000,0.00000,0.00000,22.97909,0.00000,0.00000
"1","5341",36.25380,0.00000,0.00000,0.00000,0.00000,0.00000,0.00000,22.97909,0.00000,0.00000
"1","5342",77.31272,0.00000,0.00000,0.00000,0.00000,0.00000,0.00000,19.78728,0.00000,0.00000
"1","5343",139.88584,0.00000,0.00000,0.00000,0.00000,0.00000,0.00000,0.00000,0.00000,0.00000
"1","5344",57.70976,0.00000,0.00000,0.00000,0.00000,0.00000,0.00000,22.97909,0.00000,0.00000
"1","5345",47.29741,0.00000,0.00000,0.00000,0.00000,0.00000,0.00000,22.97909,0.00000,0.00000
"1","5346",34.97296,0.00000,0.00000,0.00000,0.00000,0.00000,0.00000,22.97909,0.00000,0.00000
"1","5347",22.24015,0.00000,0.00000,0.00000,0.00000,0.00000,0.00000,22.97909,0.00000,0.00000
"1","5348",10.98368,0.00000,0.00000,0.00000,0.00000,0.00000,0.00000,22.97909,0.00000,0.00000
"1","5349",6.33573,0.00000,0.99103,0.00000,0.00000,0.00000,0.00000,22.97909,0.00000,0.00000
"1","5350",0.00000,0.00000,3.01759,0.00000,0.00000,0.00000,0.00000,22.97909,0.00000,0.00000
"1","5351",0.00000,0.00000,0.00000,0.00000,0.00000,0.00000,0.00000,22.97909,0.00000,0.00000
"1","5352",0.00000,0.00000,0.00000,0.00000,0.00000,0.00000,0.00000,22.97909,0.00000,0.00000
"1","5353",0.00000,0.00000,1.56121,0.00000,0.00000,0.00000,0.00000,22.97909,0.00000,0.00000
"1","5354",0.00000,0.00000,3.07375,0.00000,0.00000,0.00000,0.00000,22.97909,0.00000,0.00000
"1","5355",0.00000,0.00000,0.00000,0.00000,0.00000,0.00000,0.00000,22.97909,0.00000,0.00000
"1","5356",0.00000,0.00000,0.00000,0.00000,0.00000,0.00000,0.00000,22.97909,0.00000,0.00000
"1","5357",0.00000,0.00000,0.00000,0.00000,0.00000,0.00000,0.00000,22.97909,0.00000,0.00000
"1","5358",0.00000,0.00000,0.00000,0.00000,0.00000,0.00000,0.00000,22.97909,0.00000,0.00000
"1","5359",11.08817,0.00000,0.00000,0.00000,0.00000,0.00000,0.00000,22.97909,0.00000,0.00000
"1","5360",36.63545,0.00000,4.24380,0.00000,0.00000,0.00000,0.00000,22.97909,0.00000,0.00000
"1","5361",40.35735,0.00000,0.00000,0.00000,0.00000,0.00000,0.00000,22.97909,0.00000,0.00000
"1","5362",63.86722,0.00000,0.00000,0.00000,0.00000,0.00000,0.00000,22.97909,0.00000,0.00000
"1","5363",87.32101,0.00000,0.00000,0.00000,0.00000,0.00000,0.00000,3.87899,0.00000,0.00000
"1","5364",281.03226,36.56805,0.00000,0.00000,0.00000,0.00000,0.00000,0.00000,0.00000,0.00000
"1","5365",113.47426,0.00000,0.00000,0.00000,0.00000,0.00000,0.00000,0.00000,0.00000,0.00000
"1","5366",6.82371,0.00000,0.00000,0.00000,0.00000,0.00000,0.00000,22.97909,0.00000,0.00000
"1","5367",6.52726,0.00000,0.00000,0.00000,0.00000,0.00000,0.00000,22.97909,0.00000,0.00000
"1","5368",5.54515,0.00000,0.00000,0.00000,0.00000,0.00000,0.00000,22.97909,0.00000,0.00000
"1","5369",4.10788,0.00000,0.00000,0.00000,0.00000,0.00000,0.00000,22.97909,0.00000,0.00000
"1","5370",2.67129,0.00000,0.00000,0.00000,0.00000,0.00000,0.00000,22.97909,0.00000,0.00000
"1","5371",1.21801,0.00000,0.00000,0.00000,0.00000,0.00000,0.00000,22.97909,0.00000,0.00000
"1","5372",28.38692,0.00000,0.00000,0.00000,0.00000,0.00000,0.00000,22.97909,0.00000,0.00000
"1","5373",7.07020,0.00000,0.00000,0.00000,0.00000,0.00000,0.00000,22.97909,0.00000,0.00000
"1","5374",0.00000,0.00000,0.00000,0.00000,0.00000,0.00000,0.00000,22.97909,0.00000,0.00000
"1","5375",0.00000,0.00000,5.24575,0.00000,0.00000,0.00000,0.00000,22.97909,0.00000,0.00000
"1","5376",0.00000,0.00000,3.86256,0.00000,0.00000,0.00000,0.00000,22.97909,0.00000,0.00000
"1","5377",0.00000,0.00000,0.00000,0.00000,0.00000,0.00000,0.00000,22.97909,0.00000,0.00000
"1","5378",0.00000,0.00000,1.95904,0.00000,0.00000,0.00000,0.00000,22.97909,0.00000,0.00000
"1","5379",0.00000,0.00000,6.07540,0.00000,0.00000,0.00000,0.00000,22.97909,0.00000,0.00000
"1","5380",0.00000,0.00000,3.01003,0.00000,0.00000,0.00000,0.00000,22.97909,0.00000,0.00000
"1","5381",0.00000,0.00000,0.00000,0.00000,0.00000,0.00000,0.00000,22.97909,0.00000,0.00000
"1","5382",0.00000,0.00000,0.00000,0.00000,0.00000,0.00000,0.00000,22.97909,0.00000,0.00000
"1","5383",11.05992,0.00000,0.00000,0.00000,0.00000,0.00000,0.00000,22.97909,0.00000,0.00000
"1","5384",37.53154,0.00000,1.98629,0.00000,0.00000,0.00000,0.00000,22.97909,0.00000,0.00000
"1","5385",155.98436,0.00000,0.00000,0.00000,0.00000,0.00000,0.00000,0.00000,0.00000,0.00000
"1","5386",227.62145,0.00000,0.00000,0.00000,0.00000,0.00000,0.00000,0.00000,0.00000,0.00000
"1","5387",275.23226,6.40921,0.00000,0.00000,0.00000,0.00000,0.00000,0.00000,0.00000,0.00000
"1","5388",276.03226,42.90375,0.00000,0.00000,0.00000,0.00000,0.00000,0.00000,0.00000,0.00000
"1","5389",276.43226,61.60843,0.00000,0.00000,0.00000,0.00000,0.00000,0.00000,0.00000,0.00000
"1","5390",278.83226,59.00137,0.00000,0.00000,0.00000,0.00000,0.00000,0.00000,0.00000,0.00000
"1","5391",217.71983,104.70370,0.00000,0.00000,0.00000,0.00000,0.00000,0.00000,0.00000,0.00000
"1","5392",280.13226,7.14130,0.00000,0.00000,0.00000,0.00000,0.00000,0.00000,0.00000,0.00000
"1","5393",237.80439,0.00000,0.00000,0.00000,0.00000,0.00000,0.00000,0.00000,0.00000,0.00000
"1","5394",172.66146,0.00000,0.00000,0.00000,0.00000,0.00000,0.00000,0.00000,0.00000,0.00000
"1","5395",93.28690,0.00000,0.00000,0.00000,0.00000,0.00000,0.00000,0.00000,0.00000,0.00000
"1","5396",26.36983,0.00000,19.67298,0.00000,0.00000,0.00000,0.00000,0.00000,0.00000,0.00000
"1","5397",6.88781,0.00000,35.14430,0.00000,0.00000,0.00000,0.00000,0.00000,0.00000,0.00000
"1","5398",0.00000,0.00000,6.72059,0.00000,0.00000,0.00000,0.00000,0.00000,0.00000,0.00000
"1","5399",0.00000,0.00000,6.39816,0.00000,0.00000,0.00000,0.00000,0.00000,0.00000,0.00000
"1","5400",0.00000,0.00000,5.18581,0.00000,0.00000,0.00000,0.00000,0.00000,0.00000,0.00000
"1","5401",0.00000,0.00000,14.11252,0.00000,0.00000,0.00000,0.00000,0.00000,0.00000,0.00000
"1","5402",0.00000,0.00000,3.45904,0.00000,0.00000,0.00000,0.00000,0.00000,0.00000,0.00000
"1","5403",0.00000,0.00000,3.96827,0.00000,0.00000,0.00000,0.00000,0.00000,0.00000,0.00000
"1","5404",0.00000,0.00000,0.00000,0.00000,0.00000,0.00000,0.00000,0.00000,0.00000,0.00000
"1","5405",0.00000,0.00000,0.00000,0.00000,0.00000,0.00000,0.00000,0.00000,0.00000,0.00000
"1","5406",0.00000,0.00000,0.00000,0.00000,0.00000,0.00000,0.00000,0.00000,0.00000,0.00000
"1","5407",6.44990,0.00000,0.00000,0.00000,0.00000,0.00000,0.00000,0.00000,0.00000,0.00000
"1","5408",23.39603,0.00000,0.00000,0.00000,0.00000,0.00000,0.00000,0.00000,0.00000,0.00000
"1","5409",158.27841,0.00000,0.00000,0.00000,0.00000,0.00000,0.00000,0.00000,0.00000,0.00000
"1","5410",232.36678,0.00000,0.00000,0.00000,0.00000,0.00000,0.00000,0.00000,0.00000,0.00000
"1","5411",286.53226,1.78383,0.00000,0.00000,0.00000,0.00000,0.00000,0.00000,0.00000,0.00000
"1","5412",287.43226,40.99924,0.00000,0.00000,0.00000,0.00000,0.00000,0.00000,0.00000,0.00000
"1","5413",287.13226,62.12228,0.00000,0.00000,0.00000,0.00000,0.00000,0.00000,0.00000,0.00000
"1","5414",286.33226,65.51918,0.00000,0.00000,0.00000,0.00000,0.00000,0.00000,0.00000,0.00000
"1","5415",225.28028,108.83507,0.00000,0.00000,0.00000,0.00000,0.00000,0.00000,0.00000,0.00000
"1","5416",286.63226,12.01722,0.00000,0.00000,0.00000,0.00000,0.00000,0.00000,0.00000,0.00000
"1","5417",246.11028,0.00000,0.00000,0.00000,0.00000,0.00000,0.00000,0.00000,0.00000,0.00000
"1","5418",176.66903,0.00000,1.81314,0.00000,0.00000,0.00000,0.00000,0.00000,0.00000,0.00000
"1","5419",92.00248,0.00000,13.31508,0.00000,0.00000,0.00000,0.00000,0.00000,0.00000,0.00000
"1","5420",21.69910,0.00000,0.00000,0.00000,0.00000,0.00000,0.00000,0.00000,0.00000,0.00000
"1","5421",5.41777,0.00000,0.00000,0.00000,0.00000,0.00000,0.00000,0.00000,0.00000,0.00000
"1","5422",0.00000,0.00000,0.00000,0.00000,0.00000,0.00000,0.00000,0.00000,0.00000,0.00000
"1","5423",0.00000,0.00000,0.00000,0.00000,0.00000,0.00000,0.00000,0.00000,0.00000,0.00000
"1","5424",0.00000,0.00000,0.00000,0.00000,0.00000,0.00000,0.00000,0.00000,0.00000,0.00000
"1","5425",0.00000,0.00000,0.00000,0.00000,0.00000,0.00000,0.00000,0.00000,0.00000,0.00000
"1","5426",0.00000,0.00000,0.00000,0.00000,0.00000,0.00000,0.00000,0.00000,0.00000,0.00000
"1","5427",0.00000,0.00000,0.00000,0.00000,0.00000,0.00000,0.00000,0.00000,0.00000,0.00000
"1","5428",0.00000,0.00000,0.00000,0.00000,0.00000,0.00000,0.00000,0.00000,0.00000,0.00000
"1","5429",0.00000,0.00000,0.00000,0.00000,0.00000,0.00000,0.00000,0.00000,0.00000,0.00000
"1","5430",0.00000,0.00000,0.00000,0.00000,0.00000,0.00000,0.00000,0.00000,0.00000,0.00000
"1","5431",10.07844,0.00000,67.63899,0.00000,0.00000,0.00000,0.00000,0.00000,0.00000,0.00000
"1","5432",69.80747,0.00000,124.27705,132.91721,0.00000,0.00000,0.00000,0.00000,0.00000,0.00000
"1","5433",0.00000,155.06615,196.68452,75.03262,0.00000,0.00000,0.00000,0.00000,0.00000,0.00000
"1","5434",0.00000,229.42350,198.68452,62.01089,0.00000,0.00000,0.00000,0.00000,0.00000,0.00000
"1","5435",200.38452,86.02357,0.00000,111.46965,0.00000,0.00000,0.00000,0.00000,0.00000,0.00000
"1","5436",129.65804,195.49058,72.02648,0.00000,0.00000,0.00000,0.00000,0.00000,0.00000,0.00000
"1","5437",151.44986,194.64129,58.61129,0.00000,0.00000,0.00000,0.00000,0.00000,0.00000,0.00000
"1","5438",171.98881,174.87928,29.09571,0.00000,0.00000,0.00000,0.00000,0.00000,0.00000,0.00000
"1","5439",190.20044,140.22227,10.88408,0.00000,0.00000,0.00000,0.00000,0.00000,0.00000,0.00000
"1","5440",187.86180,105.90979,13.22271,0.00000,0.00000,0.00000,0.00000,0.00000,0.00000,0.00000
"1","5441",201.68452,41.30591,0.00000,18.38823,0.00000,0.00000,0.00000,0.00000,0.00000,0.00000
"1","5442",168.37387,5.82695,32.01065,0.00000,0.00000,0.00000,0.00000,0.00000,0.00000,0.00000
"1","5443",90.11964,0.00000,12.64286,0.00000,0.00000,0.00000,0.00000,0.00000,0.00000,0.00000
"1","5444",20.70447,0.00000,64.91540,0.00000,0.00000,0.00000,0.00000,0.00000,0.00000,0.00000
"1","5445",4.87358,0.00000,188.31094,31.20473,0.00000,0.00000,0.00000,0.00000,0.00000,0.00000
"1","5446",0.00000,0.00000,187.88452,41.16520,0.00000,0.00000,0.00000,0.00000,0.00000,0.00000
"1","5447",0.00000,0.00000,180.58452,95.05774,0.00000,0.00000,0.00000,0.00000,0.00000,0.00000
"1","5448",0.00000,0.00000,174.58452,104.65507,0.00000,0.00000,0.00000,0.00000,0.00000,0.00000
"1","5449",0.00000,0.00000,171.68452,108.85598,0.00000,0.00000,0.00000,0.00000,0.00000,0.00000
"1","5450",0.00000,0.00000,170.48452,110.05598,0.00000,0.00000,0.00000,0.00000,0.00000,0.00000
"1","5451",0.00000,0.00000,66.12133,0.00000,0.00000,0.00000,0.00000,0.00000,0.00000,0.00000
"1","5452",0.00000,0.00000,171.18452,23.56261,0.00000,0.00000,0.00000,0.00000,0.00000,0.00000
"1","5453",0.00000,0.00000,175.58452,103.27778,0.00000,0.00000,0.00000,0.00000,0.00000,0.00000
"1","5454",0.00000,0.00000,183.58452,92.81512,0.00000,0.00000,0.00000,0.00000,0.00000,0.00000
"1","5455",9.02275,0.00000,80.69257,0.00000,0.00000,0.00000,0.00000,0.00000,0.00000,0.00000
"1","5456",70.70535,0.00000,123.87917,55.00963,0.00000,0.00000,0.00000,0.00000,0.00000,0.00000
"1","5457",0.00000,157.33070,197.48452,16.63329,0.00000,0.00000,0.00000,0.00000,0.00000,0.00000
"1","5458",0.00000,233.75618,199.98452,45.41662,0.00000,0.00000,0.00000,0.00000,0.00000,0.00000
"1","5459",0.00000,290.23812,201.78452,40.52733,0.00000,0.00000,0.00000,0.00000,0.00000,0.00000
"1","5460",201.68452,127.30236,0.00000,112.33630,0.00000,0.00000,0.00000,0.00000,0.00000,0.00000
"1","5461",137.13948,209.56848,64.14503,0.00000,0.00000,0.00000,0.00000,0.00000,0.00000,0.00000
"1","5462",166.69908,180.15256,50.52981,0.00000,0.00000,0.00000,0.00000,0.00000,0.00000,0.00000
"1","5463",200.28452,128.01105,0.00000,63.02325,0.00000,0.00000,0.00000,0.00000,0.00000,0.00000
"1","5464",199.98452,91.77603,0.00000,74.26015,0.00000,0.00000,0.00000,0.00000,0.00000,0.00000
"1","5465",199.68452,41.09749,0.00000,69.11453,0.00000,0.00000,0.00000,0.00000,0.00000,0.00000
"1","5466",172.06497,0.00000,26.11955,140.93130,0.00000,0.00000,0.00000,0.00000,0.00000,0.00000
"1","5467",0.00000,87.51355,198.08452,17.01760,0.00000,0.00000,0.00000,0.00000,0.00000,0.00000
"1","5468",0.00000,18.70774,196.98452,64.66532,0.00000,0.00000,0.00000,0.00000,0.00000,0.00000
"1","5469",0.00000,4.30298,194.38452,80.03342,0.00000,0.00000,0.00000,0.00000,0.00000,0.00000
"1","5470",0.00000,0.00000,190.38452,90.15598,0.00000,0.00000,0.00000,0.00000,0.00000,0.00000
"1","5471",0.00000,0.00000,182.08452,98.45598,0.00000,0.00000,0.00000,0.00000,0.00000,0.00000
"1","5472",0.00000,0.00000,175.58452,104.95598,0.00000,0.00000,0.00000,0.00000,0.00000,0.00000
"1","5473",0.00000,0.00000,257.03226,23.50824,0.00000,0.00000,0.00000,0.00000,0.00000,0.00000
"1","5474",0.00000,0.00000,170.78452,109.75598,0.00000,0.00000,0.00000,0.00000,0.00000,0.00000
"1","5475",0.00000,0.00000,169.58452,110.95598,0.00000,0.00000,0.00000,0.00000,0.00000,0.00000
"1","5476",0.00000,0.00000,255.63226,24.90824,0.00000,0.00000,0.00000,0.00000,0.00000,0.00000
"1","5477",0.00000,0.00000,175.28452,103.55724,0.00000,0.00000,0.00000,0.00000,0.00000,0.00000
"1","5478",0.00000,0.00000,182.98452,97.55598,0.00000,0.00000,0.00000,0.00000,0.00000,0.00000
"1","5479",8.47594,0.00000,181.70858,97.15093,0.00000,0.00000,0.00000,0.00000,0.00000,0.00000
"1","5480",0.00000,67.98461,195.48452,83.15365,0.00000,0.00000,0.00000,0.00000,0.00000,0.00000
"1","5481",0.00000,152.44265,197.78452,51.91530,0.00000,0.00000,0.00000,0.00000,0.00000,0.00000
"1","5482",77.21926,148.43904,121.16526,0.00000,0.00000,0.00000,0.00000,0.00000,0.00000,0.00000
"1","5483",198.98452,80.78330,0.00000,7.86321,0.00000,0.00000,0.00000,0.00000,0.00000,0.00000
"1","5484",283.53226,32.95876,0.00000,0.00000,0.00000,0.00000,0.00000,0.00000,0.00000,0.00000
"1","5485",284.83226,50.86890,0.00000,0.00000,0.00000,0.00000,0.00000,0.00000,0.00000,0.00000
"1","5486",200.48452,136.89485,0.00000,0.00000,0.00000,0.00000,0.00000,0.00000,0.00000,0.00000
"1","5487",285.53226,37.39149,0.00000,0.00000,0.00000,0.00000,0.00000,0.00000,0.00000,0.00000
"1","5488",285.03226,5.89765,0.00000,0.00000,0.00000,0.00000,0.00000,0.00000,0.00000,0.00000
"1","5489",199.38452,40.29836,0.00000,0.00000,0.00000,0.00000,0.00000,0.00000,0.00000,0.00000
"1","5490",170.33596,0.00000,0.00000,0.00000,0.00000,0.00000,0.00000,0.00000,0.00000,0.00000
"1","5491",86.42361,0.00000,0.00000,0.00000,0.00000,0.00000,0.00000,7.27639,0.00000,0.00000
"1","5492",19.25469,0.00000,39.36024,0.00000,0.00000,0.00000,0.00000,22.97909,0.00000,0.00000
"1","5493",3.11160,0.00000,0.00000,0.00000,0.00000,0.00000,0.00000,22.97909,0.00000,0.00000
"1","5494",0.00000,0.00000,0.00000,0.00000,0.00000,0.00000,0.00000,22.97909,0.00000,0.00000
"1","5495",0.00000,0.00000,0.00000,0.00000,0.00000,0.00000,0.00000,22.97909,0.00000,0.00000
"1","5496",0.00000,0.00000,6.12334,0.00000,0.00000,0.00000,0.00000,22.97909,0.00000,0.00000
"1","5497",0.00000,0.00000,15.94892,0.00000,0.00000,0.00000,0.00000,22.97909,0.00000,0.00000
"1","5498",0.00000,0.00000,16.98058,0.00000,0.00000,0.00000,0.00000,22.97909,0.00000,0.00000
"1","5499",0.00000,0.00000,14.95311,0.00000,0.00000,0.00000,0.00000,22.97909,0.00000,0.00000
"1","5500",0.00000,0.00000,41.48147,0.00000,0.00000,0.00000,0.00000,22.97909,0.00000,0.00000
"1","5501",0.00000,0.00000,19.82193,0.00000,0.00000,0.00000,0.00000,22.97909,0.00000,0.00000
"1","5502",0.00000,0.00000,51.95380,0.00000,0.00000,0.00000,0.00000,22.97909,0.00000,0.00000
"1","5503",8.54038,0.00000,65.98012,0.00000,0.00000,0.00000,0.00000,11.27950,0.00000,0.00000
"1","5504",32.66614,0.00000,56.35689,0.00000,0.00000,0.00000,0.00000,2.77697,0.00000,0.00000
"1","5505",5.00279,0.00000,40.43309,0.00000,0.00000,0.00000,0.00000,22.97909,0.00000,0.00000
"1","5506",8.40347,0.00000,12.34206,0.00000,0.00000,0.00000,0.00000,22.97909,0.00000,0.00000
"1","5507",11.80203,0.00000,0.00000,0.00000,0.00000,0.00000,0.00000,22.97909,0.00000,0.00000
"1","5508",14.82411,0.00000,0.00000,0.00000,0.00000,0.00000,0.00000,22.97909,0.00000,0.00000
"1","5509",16.69384,0.00000,0.00000,0.00000,0.00000,0.00000,0.00000,22.97909,0.00000,0.00000
"1","5510",34.63509,0.00000,0.20837,0.00000,0.00000,0.00000,0.00000,22.97909,0.00000,0.00000
"1","5511",33.46282,0.00000,0.00000,0.00000,0.00000,0.00000,0.00000,22.97909,0.00000,0.00000
"1","5512",27.23912,0.00000,0.00000,0.00000,0.00000,0.00000,0.00000,22.97909,0.00000,0.00000
"1","5513",22.31016,0.00000,0.00000,0.00000,0.00000,0.00000,0.00000,22.97909,0.00000,0.00000
"1","5514",15.78938,0.00000,5.58706,0.00000,0.00000,0.00000,0.00000,22.97909,0.00000,0.00000
"1","5515",9.56874,0.00000,0.00000,0.00000,0.00000,0.00000,0.00000,22.97909,0.00000,0.00000
"1","5516",22.72983,0.00000,0.00000,0.00000,0.00000,0.00000,0.00000,22.97909,0.00000,0.00000
"1","5517",4.43334,0.00000,0.00000,0.00000,0.00000,0.00000,0.00000,22.97909,0.00000,0.00000
"1","5518",0.00000,0.00000,22.77469,0.00000,0.00000,0.00000,0.00000,22.97909,0.00000,0.00000
"1","5519",0.00000,0.00000,12.06348,0.00000,0.00000,0.00000,0.00000,22.97909,0.00000,0.00000
"1","5520",0.00000,0.00000,4.89402,0.00000,0.00000,0.00000,0.00000,22.97909,0.00000,0.00000
"1","5521",0.00000,0.00000,7.27342,0.00000,0.00000,0.00000,0.00000,22.97909,0.00000,0.00000
"1","5522",0.00000,0.00000,0.98314,0.00000,0.00000,0.00000,0.00000,22.97909,0.00000,0.00000
"1","5523",0.00000,0.00000,0.37034,0.00000,0.00000,0.00000,0.00000,22.97909,0.00000,0.00000
"1","5524",0.00000,0.00000,0.00000,0.00000,0.00000,0.00000,0.00000,22.97909,0.00000,0.00000
"1","5525",0.00000,0.00000,0.00000,0.00000,0.00000,0.00000,0.00000,22.97909,0.00000,0.00000
"1","5526",0.00000,0.00000,0.00000,0.00000,0.00000,0.00000,0.00000,22.97909,0.00000,0.00000
"1","5527",11.72675,0.00000,4.54030,0.00000,0.00000,0.00000,0.00000,22.97909,0.00000,0.00000
"1","5528",55.32427,0.00000,7.15717,0.00000,0.00000,0.00000,0.00000,19.71856,0.00000,0.00000
"1","5529",24.17520,0.00000,0.00000,0.00000,0.00000,0.00000,0.00000,22.97909,0.00000,0.00000
"1","5530",40.50263,0.00000,0.00000,0.00000,0.00000,0.00000,0.00000,22.97909,0.00000,0.00000
"1","5531",56.38906,0.00000,0.00000,0.00000,0.00000,0.00000,0.00000,22.97909,0.00000,0.00000
"1","5532",69.77215,0.00000,0.00000,0.00000,0.00000,0.00000,0.00000,22.97909,0.00000,0.00000
"1","5533",113.00016,0.00000,1.91648,0.00000,0.00000,0.00000,0.00000,0.00000,0.00000,0.00000
"1","5534",117.51425,0.00000,0.00000,0.00000,0.00000,0.00000,0.00000,0.00000,0.00000,0.00000
"1","5535",127.76249,0.00000,0.00000,0.00000,0.00000,0.00000,0.00000,0.00000,0.00000,0.00000
"1","5536",113.31171,0.00000,0.00000,0.00000,0.00000,0.00000,0.00000,0.00000,0.00000,0.00000
"1","5537",91.04268,0.00000,0.00000,0.00000,0.00000,0.00000,0.00000,0.55732,0.00000,0.00000
"1","5538",65.18985,0.00000,0.00000,0.00000,0.00000,0.00000,0.00000,22.97909,0.00000,0.00000
"1","5539",39.09471,0.00000,0.53442,0.00000,0.00000,0.00000,0.00000,22.97909,0.00000,0.00000
"1","5540",20.28900,0.00000,0.00000,0.00000,0.00000,0.00000,0.00000,22.97909,0.00000,0.00000
"1","5541",2.87476,0.00000,0.00000,0.00000,0.00000,0.00000,0.00000,22.97909,0.00000,0.00000
"1","5542",0.00000,0.00000,0.00000,0.00000,0.00000,0.00000,0.00000,22.97909,0.00000,0.00000
"1","5543",0.00000,0.00000,0.00000,0.00000,0.00000,0.00000,0.00000,22.97909,0.00000,0.00000
"1","5544",0.00000,0.00000,0.00000,0.00000,0.00000,0.00000,0.00000,22.97909,0.00000,0.00000
"1","5545",0.00000,0.00000,16.96461,0.00000,0.00000,0.00000,0.00000,22.97909,0.00000,0.00000
"1","5546",0.00000,0.00000,22.53992,0.00000,0.00000,0.00000,0.00000,22.97909,0.00000,0.00000
"1","5547",0.00000,0.00000,31.73814,0.00000,0.00000,0.00000,0.00000,22.97909,0.00000,0.00000
"1","5548",0.00000,0.00000,25.48567,0.00000,0.00000,0.00000,0.00000,22.97909,0.00000,0.00000
"1","5549",0.00000,0.00000,6.88303,0.00000,0.00000,0.00000,0.00000,22.97909,0.00000,0.00000
"1","5550",0.00000,0.00000,17.25244,0.00000,0.00000,0.00000,0.00000,22.97909,0.00000,0.00000
"1","5551",6.35344,0.00000,56.72979,0.00000,0.00000,0.00000,0.00000,9.31677,0.00000,0.00000
"1","5552",62.43041,0.00000,38.76274,0.00000,0.00000,0.00000,0.00000,0.00000,0.00000,0.00000
"1","5553",146.81154,0.00000,20.59902,0.00000,0.00000,0.00000,0.00000,0.00000,0.00000,0.00000
"1","5554",221.82440,0.00000,0.00000,0.00000,0.00000,0.00000,0.00000,0.00000,0.00000,0.00000
"1","5555",278.52065,0.00000,0.00000,0.00000,0.00000,0.00000,0.00000,0.00000,0.00000,0.00000
"1","5556",280.53226,37.35106,0.00000,0.00000,0.00000,0.00000,0.00000,0.00000,0.00000,0.00000
"1","5557",266.40778,70.91015,1.94058,0.00000,0.00000,0.00000,0.00000,0.00000,0.00000,0.00000
"1","5558",279.63226,59.12828,0.00000,7.32784,0.00000,0.00000,0.00000,0.00000,0.00000,0.00000
"1","5559",280.23226,41.22082,0.00000,0.00000,0.00000,0.00000,0.00000,0.00000,0.00000,0.00000
"1","5560",281.53226,4.31658,0.00000,0.00000,0.00000,0.00000,0.00000,0.00000,0.00000,0.00000
"1","5561",198.28452,35.49536,0.00000,0.00000,0.00000,0.00000,0.00000,0.00000,0.00000,0.00000
"1","5562",162.90957,0.00000,0.00000,0.00000,0.00000,0.00000,0.00000,0.00000,0.00000,0.00000
"1","5563",78.67502,0.00000,0.00000,0.00000,0.00000,0.00000,0.00000,0.00000,0.00000,0.00000
"1","5564",18.97072,0.00000,0.00000,0.00000,0.00000,0.00000,0.00000,0.00000,0.00000,0.00000
"1","5565",2.34439,0.00000,0.00000,0.00000,0.00000,0.00000,0.00000,3.80787,0.00000,0.00000
"1","5566",0.00000,0.00000,8.08937,0.00000,0.00000,0.00000,0.00000,0.00000,0.00000,0.00000
"1","5567",0.00000,0.00000,12.76315,0.00000,0.00000,0.00000,0.00000,0.00000,0.00000,0.00000
"1","5568",0.00000,0.00000,14.17192,0.00000,0.00000,0.00000,0.00000,0.00000,0.00000,0.00000
"1","5569",0.00000,0.00000,219.36625,0.00000,0.00000,0.00000,0.00000,0.00000,0.00000,0.00000
"1","5570",0.00000,0.00000,254.73226,15.05453,0.00000,0.00000,0.00000,0.00000,0.00000,0.00000
"1","5571",0.00000,0.00000,63.13410,0.00000,0.00000,0.00000,0.00000,0.00000,0.00000,0.00000
"1","5572",0.00000,0.00000,93.60066,0.00000,0.00000,0.00000,0.00000,0.00000,0.00000,0.00000
"1","5573",0.00000,0.00000,41.86381,0.00000,0.00000,0.00000,0.00000,0.00000,0.00000,0.00000
"1","5574",0.00000,0.00000,6.40122,0.00000,0.00000,0.00000,0.00000,0.00000,0.00000,0.00000
"1","5575",5.75627,0.00000,73.62408,0.00000,0.00000,0.00000,70.91316,0.00000,0.00000,0.00000
"1","5576",61.68298,0.00000,155.14940,0.00000,0.00000,0.00000,0.00000,0.00000,0.00000,0.00000
"1","5577",147.59525,0.00000,135.93701,144.60349,0.00000,0.00000,0.00000,0.00000,0.00000,0.00000
"1","5578",13.54803,209.89991,271.98423,0.00000,0.00000,0.00000,0.00000,0.00000,0.00000,0.00000
"1","5579",83.91386,196.33289,117.67066,0.00000,0.00000,0.00000,0.00000,0.00000,0.00000,0.00000
"1","5580",238.86342,80.50896,47.16884,0.00000,0.00000,0.00000,0.00000,0.00000,0.00000,0.00000
"1","5581",249.57726,88.04302,36.35500,0.00000,0.00000,0.00000,0.00000,0.00000,0.00000,0.00000
"1","5582",200.88452,137.04974,0.00000,18.12655,0.00000,0.00000,0.00000,0.00000,0.00000,0.00000
"1","5583",284.83226,34.63880,0.00000,5.85692,0.00000,0.00000,0.00000,0.00000,0.00000,0.00000
"1","5584",235.96813,46.77199,6.10203,0.00000,0.00000,0.00000,0.00000,0.00000,0.00000,0.00000
"1","5585",231.08139,0.00000,6.26173,0.00000,0.00000,0.00000,0.00000,0.00000,0.00000,0.00000
"1","5586",160.56859,0.00000,0.00000,0.00000,0.00000,0.00000,0.00000,0.00000,0.00000,0.00000
"1","5587",76.72203,0.00000,0.00000,0.00000,0.00000,0.00000,0.00000,17.47797,0.00000,0.00000
"1","5588",7.04378,0.00000,0.00000,0.00000,0.00000,0.00000,0.00000,22.97909,0.00000,0.00000
"1","5589",0.37289,0.00000,4.84429,0.00000,0.00000,0.00000,0.00000,22.97909,0.00000,0.00000
"1","5590",0.00000,0.00000,2.49966,0.00000,0.00000,0.00000,0.00000,22.97909,0.00000,0.00000
"1","5591",0.00000,0.00000,3.22649,0.00000,0.00000,0.00000,0.00000,22.97909,0.00000,0.00000
"1","5592",0.00000,0.00000,7.08565,0.00000,0.00000,0.00000,0.00000,22.97909,0.00000,0.00000
"1","5593",0.00000,0.00000,6.83602,0.00000,0.00000,0.00000,0.00000,22.97909,0.00000,0.00000
"1","5594",0.00000,0.00000,14.70545,0.00000,0.00000,0.00000,0.00000,22.97909,0.00000,0.00000
"1","5595",0.00000,0.00000,27.60933,0.00000,0.00000,0.00000,0.00000,22.97909,0.00000,0.00000
"1","5596",0.00000,0.00000,35.89384,0.00000,0.00000,0.00000,0.00000,22.97909,0.00000,0.00000
"1","5597",0.00000,0.00000,10.80684,0.00000,0.00000,0.00000,0.00000,22.97909,0.00000,0.00000
"1","5598",0.00000,0.00000,10.66564,0.00000,0.00000,0.00000,0.00000,22.97909,0.00000,0.00000
"1","5599",8.30885,0.00000,11.65444,0.00000,0.00000,0.00000,0.00000,22.97909,0.00000,0.00000
"1","5600",43.63941,0.00000,6.55256,0.00000,0.00000,0.00000,0.00000,22.97909,0.00000,0.00000
"1","5601",59.02562,0.00000,9.86623,0.00000,0.00000,0.00000,0.00000,22.97909,0.00000,0.00000
"1","5602",100.87585,0.00000,3.96103,0.00000,0.00000,0.00000,0.00000,0.00000,0.00000,0.00000
"1","5603",140.44122,0.00000,5.06704,0.00000,0.00000,0.00000,0.00000,0.00000,0.00000,0.00000
"1","5604",173.34116,0.00000,1.90871,0.00000,0.00000,0.00000,0.00000,0.00000,0.00000,0.00000
"1","5605",197.86893,0.00000,0.00000,0.00000,0.00000,0.00000,0.00000,0.00000,0.00000,0.00000
"1","5606",284.43226,8.09168,0.00000,0.00000,0.00000,0.00000,0.00000,0.00000,0.00000,0.00000
"1","5607",278.22071,0.00000,0.00000,0.00000,0.00000,0.00000,0.00000,0.00000,0.00000,0.00000
"1","5608",245.37108,0.00000,0.00000,0.00000,0.00000,0.00000,0.00000,0.00000,0.00000,0.00000
"1","5609",194.36013,0.00000,0.00000,0.00000,0.00000,0.00000,0.00000,0.00000,0.00000,0.00000
"1","5610",133.95769,0.00000,0.00000,0.00000,0.00000,0.00000,0.00000,0.00000,0.00000,0.00000
"1","5611",72.13151,0.00000,0.00000,0.00000,0.00000,0.00000,0.00000,22.97909,0.00000,0.00000
"1","5612",7.80079,0.00000,0.00000,0.00000,0.00000,0.00000,0.00000,22.97909,0.00000,0.00000
"1","5613",0.39021,0.00000,19.97929,0.00000,0.00000,0.00000,0.00000,22.97909,0.00000,0.00000
"1","5614",0.00000,0.00000,15.23935,0.00000,0.00000,0.00000,0.00000,22.97909,0.00000,0.00000
"1","5615",0.00000,0.00000,14.15287,0.00000,0.00000,0.00000,0.00000,22.97909,0.00000,0.00000
"1","5616",0.00000,0.00000,8.37473,0.00000,0.00000,0.00000,0.00000,22.97909,0.00000,0.00000
"1","5617",0.00000,0.00000,39.41375,0.00000,0.00000,0.00000,0.00000,22.97909,0.00000,0.00000
"1","5618",0.00000,0.00000,0.00000,0.00000,0.00000,0.00000,0.00000,22.97909,0.00000,0.00000
"1","5619",0.00000,0.00000,0.00000,0.00000,0.00000,0.00000,0.00000,22.97909,0.00000,0.00000
"1","5620",0.00000,0.00000,4.31326,0.00000,0.00000,0.00000,0.00000,22.97909,0.00000,0.00000
"1","5621",0.00000,0.00000,20.78636,0.00000,0.00000,0.00000,0.00000,22.97909,0.00000,0.00000
"1","5622",0.00000,0.00000,39.58587,0.00000,0.00000,0.00000,0.00000,22.97909,0.00000,0.00000
"1","5623",3.53847,0.00000,34.17418,0.00000,0.00000,0.00000,0.00000,22.97909,0.00000,0.00000
"1","5624",25.48235,0.00000,34.87647,0.00000,0.00000,0.00000,0.00000,22.97909,0.00000,0.00000
"1","5625",2.31638,0.00000,18.57398,0.00000,0.00000,0.00000,0.00000,22.97909,0.00000,0.00000
"1","5626",4.51061,0.00000,0.00000,0.00000,0.00000,0.00000,0.00000,22.97909,0.00000,0.00000
"1","5627",6.71216,0.00000,0.00000,0.00000,0.00000,0.00000,0.00000,22.97909,0.00000,0.00000
"1","5628",8.93321,0.00000,0.00000,0.00000,0.00000,0.00000,0.00000,22.97909,0.00000,0.00000
"1","5629",10.04250,0.00000,0.00000,0.00000,0.00000,0.00000,0.00000,22.97909,0.00000,0.00000
"1","5630",42.54314,0.00000,0.00000,0.00000,0.00000,0.00000,0.00000,22.97909,0.00000,0.00000
"1","5631",41.06003,0.00000,5.40870,0.00000,0.00000,0.00000,0.00000,22.97909,0.00000,0.00000
"1","5632",51.13093,0.00000,10.45776,0.00000,0.00000,0.00000,0.00000,22.97909,0.00000,0.00000
"1","5633",39.65104,0.00000,15.32938,0.00000,0.00000,0.00000,0.00000,22.97909,0.00000,0.00000
"1","5634",27.19641,0.00000,2.02725,0.00000,0.00000,0.00000,0.00000,22.97909,0.00000,0.00000
"1","5635",16.99693,0.00000,1.15202,0.00000,0.00000,0.00000,0.00000,22.97909,0.00000,0.00000
"1","5636",6.39064,0.00000,0.00000,0.00000,0.00000,0.00000,0.00000,22.97909,0.00000,0.00000
"1","5637",0.16985,0.00000,26.77715,0.00000,0.00000,0.00000,0.00000,22.97909,0.00000,0.00000
"1","5638",0.00000,0.00000,65.45883,0.00000,0.00000,0.00000,0.00000,21.54117,0.00000,0.00000
"1","5639",0.00000,0.00000,44.10990,0.00000,0.00000,0.00000,0.00000,22.97909,0.00000,0.00000
"1","5640",0.00000,0.00000,38.16235,0.00000,0.00000,0.00000,0.00000,22.97909,0.00000,0.00000
"1","5641",0.00000,0.00000,58.47093,0.00000,0.00000,0.00000,0.00000,10.52907,0.00000,0.00000
"1","5642",0.00000,0.00000,34.17316,0.00000,0.00000,0.00000,0.00000,22.97909,0.00000,0.00000
"1","5643",0.00000,0.00000,47.39998,0.00000,0.00000,0.00000,0.00000,19.10002,0.00000,0.00000
"1","5644",0.00000,0.00000,0.00000,0.00000,0.00000,0.00000,0.00000,22.97909,0.00000,0.00000
"1","5645",0.00000,0.00000,6.72732,0.00000,0.00000,0.00000,0.00000,22.97909,0.00000,0.00000
"1","5646",0.00000,0.00000,5.06130,0.00000,0.00000,0.00000,0.00000,22.97909,0.00000,0.00000
"1","5647",2.47023,0.00000,17.36796,0.00000,0.00000,0.00000,0.00000,22.97909,0.00000,0.00000
"1","5648",20.78719,0.00000,0.00000,0.00000,0.00000,0.00000,0.00000,22.97909,0.00000,0.00000
"1","5649",29.67482,0.00000,0.00000,0.00000,0.00000,0.00000,0.00000,22.97909,0.00000,0.00000
"1","5650",51.21365,0.00000,0.00000,0.00000,0.00000,0.00000,0.00000,22.97909,0.00000,0.00000
"1","5651",72.76961,0.00000,0.00000,0.00000,0.00000,0.00000,0.00000,22.97909,0.00000,0.00000
"1","5652",91.56128,0.00000,0.00000,0.00000,0.00000,0.00000,0.00000,10.03872,0.00000,0.00000
"1","5653",174.20615,0.00000,0.00000,0.00000,0.00000,0.00000,0.00000,0.00000,0.00000,0.00000
"1","5654",179.34672,0.00000,0.00000,0.00000,0.00000,0.00000,0.00000,0.00000,0.00000,0.00000
"1","5655",84.58431,0.00000,7.33714,0.00000,0.00000,0.00000,0.00000,8.77855,0.00000,0.00000
"1","5656",72.81798,0.00000,1.39072,0.00000,0.00000,0.00000,0.00000,22.97909,0.00000,0.00000
"1","5657",56.80510,0.00000,8.25861,0.00000,0.00000,0.00000,0.00000,22.97909,0.00000,0.00000
"1","5658",38.95432,0.00000,0.00000,0.00000,0.00000,0.00000,0.00000,22.97909,0.00000,0.00000
"1","5659",22.47270,0.00000,0.88981,0.00000,0.00000,0.00000,0.00000,22.97909,0.00000,0.00000
"1","5660",11.06234,0.00000,11.43591,0.00000,0.00000,0.00000,0.00000,22.97909,0.00000,0.00000
"1","5661",0.00000,0.00000,1.68934,0.00000,0.00000,0.00000,0.00000,22.97909,0.00000,0.00000
"1","5662",0.00000,0.00000,4.12730,0.00000,0.00000,0.00000,0.00000,22.97909,0.00000,0.00000
"1","5663",0.00000,0.00000,10.56058,0.00000,0.00000,0.00000,0.00000,22.97909,0.00000,0.00000
"1","5664",0.00000,0.00000,2.19055,0.00000,0.00000,0.00000,0.00000,22.97909,0.00000,0.00000
"1","5665",0.00000,0.00000,4.74067,0.00000,0.00000,0.00000,0.00000,22.97909,0.00000,0.00000
"1","5666",0.00000,0.00000,17.12505,0.00000,0.00000,0.00000,0.00000,22.97909,0.00000,0.00000
"1","5667",0.00000,0.00000,0.00000,0.00000,0.00000,0.00000,0.00000,22.97909,0.00000,0.00000
"1","5668",0.00000,0.00000,2.69149,0.00000,0.00000,0.00000,0.00000,22.97909,0.00000,0.00000
"1","5669",0.00000,0.00000,1.37632,0.00000,0.00000,0.00000,0.00000,22.97909,0.00000,0.00000
"1","5670",0.00000,0.00000,2.53921,0.00000,0.00000,0.00000,0.00000,22.97909,0.00000,0.00000
"1","5671",1.41658,0.00000,3.41668,0.00000,0.00000,0.00000,0.00000,22.97909,0.00000,0.00000
"1","5672",16.11786,0.00000,6.03636,0.00000,0.00000,0.00000,0.00000,22.97909,0.00000,0.00000
"1","5673",43.27494,0.00000,0.00000,0.00000,0.00000,0.00000,0.00000,22.97909,0.00000,0.00000
"1","5674",76.04330,0.00000,0.00000,0.00000,0.00000,0.00000,0.00000,22.97909,0.00000,0.00000
"1","5675",108.85955,0.00000,0.00000,0.00000,0.00000,0.00000,0.00000,0.00000,0.00000,0.00000
"1","5676",137.66339,0.00000,0.00000,0.00000,0.00000,0.00000,0.00000,0.00000,0.00000,0.00000
"1","5677",156.17787,0.00000,0.00000,0.00000,0.00000,0.00000,0.00000,0.00000,0.00000,0.00000
"1","5678",162.28211,0.00000,0.00000,0.00000,0.00000,0.00000,0.00000,0.00000,0.00000,0.00000
"1","5679",101.00937,0.00000,0.00000,0.00000,0.00000,0.00000,0.00000,0.00000,0.00000,0.00000
"1","5680",88.94069,0.00000,0.00000,0.00000,0.00000,0.00000,0.00000,8.75931,0.00000,0.00000
"1","5681",70.63665,0.00000,0.00000,0.00000,0.00000,0.00000,0.00000,22.97909,0.00000,0.00000
"1","5682",48.93508,0.00000,0.00000,0.00000,0.00000,0.00000,0.00000,22.97909,0.00000,0.00000
"1","5683",54.63103,0.00000,6.07014,0.00000,0.00000,0.00000,0.00000,22.97909,0.00000,0.00000
"1","5684",19.13109,0.00000,13.30975,0.00000,0.00000,0.00000,0.00000,22.97909,0.00000,0.00000
"1","5685",0.00000,0.00000,26.49670,0.00000,0.00000,0.00000,0.00000,22.97909,0.00000,0.00000
"1","5686",0.00000,0.00000,22.38909,0.00000,0.00000,0.00000,0.00000,22.97909,0.00000,0.00000
"1","5687",0.00000,0.00000,34.54045,0.00000,0.00000,0.00000,0.00000,22.97909,0.00000,0.00000
"1","5688",0.00000,0.00000,30.67024,0.00000,0.00000,0.00000,0.00000,22.97909,0.00000,0.00000
"1","5689",0.00000,0.00000,25.56860,0.00000,0.00000,0.00000,0.00000,22.97909,0.00000,0.00000
"1","5690",0.00000,0.00000,9.64696,0.00000,0.00000,0.00000,0.00000,22.97909,0.00000,0.00000
"1","5691",0.00000,0.00000,20.42924,0.00000,0.00000,0.00000,0.00000,22.97909,0.00000,0.00000
"1","5692",0.00000,0.00000,41.43795,0.00000,0.00000,0.00000,0.00000,22.97909,0.00000,0.00000
"1","5693",0.00000,0.00000,24.19476,0.00000,0.00000,0.00000,0.00000,22.97909,0.00000,0.00000
"1","5694",0.00000,0.00000,22.41552,0.00000,0.00000,0.00000,0.00000,22.97909,0.00000,0.00000
"1","5695",3.77857,0.00000,13.90314,0.00000,0.00000,0.00000,0.00000,22.97909,0.00000,0.00000
"1","5696",31.24544,0.00000,4.41933,0.00000,0.00000,0.00000,0.00000,22.97909,0.00000,0.00000
"1","5697",58.48524,0.00000,0.00000,0.00000,0.00000,0.00000,0.00000,22.97909,0.00000,0.00000
"1","5698",102.82545,0.00000,0.14097,0.00000,0.00000,0.00000,0.00000,0.00000,0.00000,0.00000
"1","5699",145.84254,0.00000,0.00000,0.00000,0.00000,0.00000,0.00000,0.00000,0.00000,0.00000
"1","5700",184.95800,0.00000,0.00000,0.00000,0.00000,0.00000,0.00000,0.00000,0.00000,0.00000
"1","5701",286.73226,10.12629,0.00000,0.00000,0.00000,0.00000,0.00000,0.00000,0.00000,0.00000
"1","5702",287.03226,13.68293,0.00000,0.00000,0.00000,0.00000,0.00000,0.00000,0.00000,0.00000
"1","5703",275.28163,9.64079,11.25063,0.00000,0.00000,0.00000,0.00000,0.00000,0.00000,0.00000
"1","5704",241.70408,0.00000,16.26224,0.00000,0.00000,0.00000,0.00000,0.00000,0.00000,0.00000
"1","5705",190.85422,0.00000,0.00000,0.00000,0.00000,0.00000,0.00000,0.00000,0.00000,0.00000
"1","5706",129.35943,0.00000,10.10643,0.00000,0.00000,0.00000,0.00000,0.00000,0.00000,0.00000
"1","5707",65.54010,0.00000,45.10579,0.00000,0.00000,0.00000,0.00000,0.00000,0.00000,0.00000
"1","5708",18.55047,0.00000,66.32398,0.00000,0.00000,0.00000,0.00000,0.00000,0.00000,0.00000
"1","5709",0.00000,0.00000,40.77452,0.00000,0.00000,0.00000,0.00000,0.00000,0.00000,0.00000
"1","5710",0.00000,0.00000,3.59034,0.00000,0.00000,0.00000,0.00000,22.97909,0.00000,0.00000
"1","5711",0.00000,0.00000,8.48958,0.00000,0.00000,0.00000,0.00000,22.97909,0.00000,0.00000
"1","5712",0.00000,0.00000,18.96743,0.00000,0.00000,0.00000,0.00000,22.97909,0.00000,0.00000
"1","5713",0.00000,0.00000,13.57974,0.00000,0.00000,0.00000,0.00000,0.00000,0.00000,0.00000
"1","5714",0.00000,0.00000,9.09318,0.00000,0.00000,0.00000,0.00000,0.00000,0.00000,0.00000
"1","5715",0.00000,0.00000,25.24212,0.00000,0.00000,0.00000,0.00000,0.00000,0.00000,0.00000
"1","5716",0.00000,0.00000,12.62045,0.00000,0.00000,0.00000,0.00000,8.88630,0.00000,0.00000
"1","5717",0.00000,0.00000,29.56200,0.00000,0.00000,0.00000,0.00000,0.00000,0.00000,0.00000
"1","5718",0.00000,0.00000,16.59806,0.00000,0.00000,0.00000,0.00000,0.00000,0.00000,0.00000
"1","5719",3.68939,0.00000,13.79033,0.00000,0.00000,0.00000,0.00000,0.00000,0.00000,0.00000
"1","5720",37.24321,0.00000,7.29021,0.00000,0.00000,0.00000,0.00000,0.00000,0.00000,0.00000
"1","5721",116.44511,0.00000,12.27557,0.00000,0.00000,0.00000,0.00000,0.00000,0.00000,0.00000
"1","5722",193.67414,0.00000,0.00000,0.00000,0.00000,0.00000,0.00000,0.00000,0.00000,0.00000
"1","5723",253.72826,0.00000,0.00000,0.00000,0.00000,0.00000,0.00000,0.00000,0.00000,0.00000
"1","5724",285.13226,9.17681,0.00000,0.00000,0.00000,0.00000,0.00000,0.00000,0.00000,0.00000
"1","5725",285.83226,30.47106,0.00000,0.00000,0.00000,0.00000,0.00000,0.00000,0.00000,0.00000
"1","5726",285.33226,49.04385,0.00000,0.00000,0.00000,0.00000,0.00000,0.00000,0.00000,0.00000
"1","5727",141.92350,0.00000,0.00000,0.00000,0.00000,0.00000,0.00000,0.00000,0.00000,0.00000
"1","5728",124.05244,0.00000,0.00000,0.00000,0.00000,0.00000,0.00000,0.00000,0.00000,0.00000
"1","5729",94.34975,0.00000,0.00000,0.00000,0.00000,0.00000,0.00000,3.55025,0.00000,0.00000
"1","5730",64.77429,0.00000,22.66889,0.00000,0.00000,0.00000,0.00000,9.85682,0.00000,0.00000
"1","5731",35.97355,0.00000,34.50142,0.00000,0.00000,0.00000,0.00000,22.97909,0.00000,0.00000
"1","5732",9.18143,0.00000,26.00239,0.00000,0.00000,0.00000,0.00000,22.97909,0.00000,0.00000
"1","5733",0.00000,0.00000,3.86986,0.00000,0.00000,0.00000,0.00000,22.97909,0.00000,0.00000
"1","5734",0.00000,0.00000,0.00000,0.00000,0.00000,0.00000,0.00000,22.97909,0.00000,0.00000
"1","5735",0.00000,0.00000,6.21729,0.00000,0.00000,0.00000,0.00000,22.97909,0.00000,0.00000
"1","5736",0.00000,0.00000,0.25178,0.00000,0.00000,0.00000,0.00000,22.97909,0.00000,0.00000
"1","5737",0.00000,0.00000,0.00000,0.00000,0.00000,0.00000,0.00000,22.97909,0.00000,0.00000
"1","5738",0.00000,0.00000,0.00000,0.00000,0.00000,0.00000,0.00000,22.97909,0.00000,0.00000
"1","5739",0.00000,0.00000,0.00000,0.00000,0.00000,0.00000,0.00000,22.97909,0.00000,0.00000
"1","5740",0.00000,0.00000,0.00000,0.00000,0.00000,0.00000,0.00000,22.97909,0.00000,0.00000
"1","5741",0.00000,0.00000,0.00000,0.00000,0.00000,0.00000,0.00000,22.97909,0.00000,0.00000
"1","5742",0.00000,0.00000,0.00000,0.00000,0.00000,0.00000,0.00000,22.97909,0.00000,0.00000
"1","5743",2.88867,0.00000,0.00000,0.00000,0.00000,0.00000,0.00000,22.97909,0.00000,0.00000
"1","5744",38.36339,0.00000,0.00000,0.00000,0.00000,0.00000,0.00000,22.97909,0.00000,0.00000
"1","5745",102.49310,0.00000,0.00000,0.00000,0.00000,0.00000,0.00000,0.00000,0.00000,0.00000
"1","5746",217.46609,0.00000,0.00000,0.00000,0.00000,0.00000,0.00000,0.00000,0.00000,0.00000
"1","5747",275.25422,0.00000,0.00000,0.00000,0.00000,0.00000,0.00000,0.00000,0.00000,0.00000
"1","5748",291.43226,23.98527,0.00000,0.00000,0.00000,0.00000,0.00000,0.00000,0.00000,0.00000
"1","5749",290.53226,45.50657,0.00000,0.00000,0.00000,0.00000,0.00000,0.00000,0.00000,0.00000
"1","5750",289.77866,44.92157,0.25360,0.00000,0.00000,0.00000,0.00000,0.00000,0.00000,0.00000
"1","5751",290.43226,24.77773,0.00000,3.46357,0.00000,0.00000,0.00000,0.00000,0.00000,0.00000
"1","5752",277.42878,0.00000,0.00000,0.00000,0.00000,0.00000,0.00000,0.00000,0.00000,0.00000
"1","5753",222.35026,0.00000,0.00000,0.00000,0.00000,0.00000,0.00000,0.00000,0.00000,0.00000
"1","5754",148.40605,0.00000,0.00000,0.00000,0.00000,0.00000,0.00000,0.00000,0.00000,0.00000
"1","5755",63.10721,0.00000,0.00000,0.00000,0.00000,0.00000,0.00000,0.00000,0.00000,0.00000
"1","5756",8.07030,0.00000,36.51450,0.00000,0.00000,0.00000,0.00000,0.00000,0.00000,0.00000
"1","5757",0.00000,0.00000,0.00000,0.00000,0.00000,0.00000,0.00000,0.00000,0.00000,0.00000
"1","5758",0.00000,0.00000,2.07076,0.00000,0.00000,0.00000,0.00000,0.00000,0.00000,0.00000
"1","5759",0.00000,0.00000,12.80013,0.00000,0.00000,0.00000,0.00000,0.00000,0.00000,0.00000
"1","5760",0.00000,0.00000,20.75134,0.00000,0.00000,0.00000,0.00000,0.00000,0.00000,0.00000
"1","5761",0.00000,0.00000,33.90083,0.00000,0.00000,0.00000,0.00000,0.00000,0.00000,0.00000
"1","5762",0.00000,0.00000,30.80556,0.00000,0.00000,0.00000,0.00000,0.00000,0.00000,0.00000
"1","5763",0.00000,0.00000,41.79517,0.00000,0.00000,0.00000,0.00000,0.00000,0.00000,0.00000
"1","5764",0.00000,0.00000,42.03069,0.00000,0.00000,0.00000,0.00000,0.00000,0.00000,0.00000
"1","5765",0.00000,0.00000,34.84994,0.00000,0.00000,0.00000,0.00000,0.00000,0.00000,0.00000
"1","5766",0.00000,0.00000,61.24308,0.00000,0.00000,0.00000,0.00000,0.00000,0.00000,0.00000
"1","5767",1.64776,0.00000,64.30706,0.00000,0.00000,0.00000,0.00000,0.00000,0.00000,0.00000
"1","5768",50.14500,0.00000,42.31693,0.00000,0.00000,0.00000,0.00000,0.00000,0.00000,0.00000
"1","5769",74.14739,0.00000,53.32801,0.00000,0.00000,0.00000,0.00000,0.00000,0.00000,0.00000
"1","5770",131.97954,0.00000,56.30562,0.00000,0.00000,0.00000,0.00000,0.00000,0.00000,0.00000
"1","5771",181.97651,0.00000,10.19552,0.00000,0.00000,0.00000,0.00000,0.00000,0.00000,0.00000
"1","5772",220.24295,0.00000,1.60924,0.00000,0.00000,0.00000,0.00000,0.00000,0.00000,0.00000
"1","5773",243.00011,0.00000,0.00000,0.00000,0.00000,0.00000,0.00000,0.00000,0.00000,0.00000
"1","5774",167.23885,0.00000,0.00000,0.00000,0.00000,0.00000,0.00000,0.00000,0.00000,0.00000
"1","5775",182.15744,0.00000,0.00000,0.00000,0.00000,0.00000,0.00000,0.00000,0.00000,0.00000
"1","5776",158.22761,0.00000,11.16770,0.00000,0.00000,0.00000,0.00000,0.00000,0.00000,0.00000
"1","5777",121.23446,0.00000,0.00000,0.00000,0.00000,0.00000,0.00000,0.00000,0.00000,0.00000
"1","5778",82.03579,0.00000,11.24231,0.00000,0.00000,0.00000,0.00000,0.00000,0.00000,0.00000
"1","5779",43.02144,0.00000,1.82934,0.00000,0.00000,0.00000,0.00000,22.97909,0.00000,0.00000
"1","5780",8.95648,0.00000,23.55356,0.00000,0.00000,0.00000,0.00000,0.00000,0.00000,0.00000
"1","5781",0.00000,0.00000,87.55823,0.00000,0.00000,0.00000,0.00000,8.44177,0.00000,0.00000
"1","5782",0.00000,0.00000,62.70788,0.00000,0.00000,0.00000,0.00000,3.14870,0.00000,0.00000
"1","5783",0.00000,0.00000,15.63700,0.00000,0.00000,0.00000,0.00000,22.97909,0.00000,0.00000
"1","5784",0.00000,0.00000,14.78903,0.00000,0.00000,0.00000,0.00000,22.97909,0.00000,0.00000
"1","5785",0.00000,0.00000,2.04392,0.00000,0.00000,0.00000,0.00000,22.97909,0.00000,0.00000
"1","5786",0.00000,0.00000,14.14017,0.00000,0.00000,0.00000,0.00000,22.97909,0.00000,0.00000
"1","5787",0.00000,0.00000,6.75431,0.00000,0.00000,0.00000,0.00000,22.97909,0.00000,0.00000
"1","5788",0.00000,0.00000,3.80640,0.00000,0.00000,0.00000,0.00000,0.00000,0.00000,0.00000
"1","5789",0.00000,0.00000,0.00000,0.00000,0.00000,0.00000,0.00000,0.00000,0.00000,0.00000
"1","5790",0.00000,0.00000,17.47956,0.00000,0.00000,0.00000,0.00000,16.20174,0.00000,0.00000
"1","5791",0.13893,0.00000,9.81123,0.00000,0.00000,0.00000,0.00000,22.97909,0.00000,0.00000
"1","5792",17.56531,0.00000,0.00000,0.00000,0.00000,0.00000,0.00000,0.00000,0.00000,0.00000
"1","5793",45.39391,0.00000,0.00000,0.00000,0.00000,0.00000,0.00000,0.00000,0.00000,0.00000
"1","5794",77.29143,0.00000,0.00000,0.00000,0.00000,0.00000,0.00000,21.10857,0.00000,0.00000
"1","5795",114.79448,0.00000,0.00000,0.00000,0.00000,0.00000,0.00000,0.00000,0.00000,0.00000
"1","5796",145.26782,0.00000,0.00000,0.00000,0.00000,0.00000,0.00000,0.00000,0.00000,0.00000
"1","5797",172.16511,0.00000,0.00000,0.00000,0.00000,0.00000,0.00000,0.00000,0.00000,0.00000
"1","5798",177.22779,0.00000,0.00000,0.00000,0.00000,0.00000,0.00000,0.00000,0.00000,0.00000
"1","5799",118.80157,0.00000,0.00000,0.00000,0.00000,0.00000,0.00000,0.00000,0.00000,0.00000
"1","5800",97.41010,0.00000,0.00000,0.00000,0.00000,0.00000,0.00000,0.00000,0.00000,0.00000
"1","5801",74.60794,0.00000,31.62355,0.00000,0.00000,0.00000,0.00000,0.00000,0.00000,0.00000
"1","5802",49.54609,0.00000,139.19768,0.00000,0.00000,0.00000,0.00000,0.00000,0.00000,0.00000
"1","5803",10.58579,14.27264,190.69873,0.00000,0.00000,0.00000,0.00000,0.00000,0.00000,0.00000
"1","5804",0.00000,4.83257,200.08452,80.45598,0.00000,0.00000,0.00000,0.00000,0.00000,0.00000
"1","5805",0.00000,0.00000,198.98452,64.29495,0.00000,0.00000,0.00000,0.00000,0.00000,0.00000
"1","5806",0.00000,0.00000,191.58452,88.95598,0.00000,0.00000,0.00000,0.00000,0.00000,0.00000
"1","5807",0.00000,0.00000,183.88452,96.06203,0.00000,0.00000,0.00000,0.00000,0.00000,0.00000
"1","5808",0.00000,0.00000,104.83999,0.00000,0.00000,0.00000,0.00000,0.00000,0.00000,0.00000
"1","5809",0.00000,0.00000,174.88452,90.50834,0.00000,0.00000,0.00000,0.00000,0.00000,0.00000
"1","5810",0.00000,0.00000,173.58452,37.09658,0.00000,0.00000,0.00000,0.00000,0.00000,0.00000
"1","5811",0.00000,0.00000,172.58452,99.93202,0.00000,0.00000,0.00000,0.00000,0.00000,0.00000
"1","5812",0.00000,0.00000,173.48452,72.79448,0.00000,0.00000,0.00000,0.00000,0.00000,0.00000
"1","5813",0.00000,0.00000,178.58452,80.05073,0.00000,0.00000,0.00000,0.00000,0.00000,0.00000
"1","5814",0.00000,0.00000,188.38452,72.40614,0.00000,0.00000,0.00000,0.00000,0.00000,0.00000
"1","5815",0.00000,0.00000,196.68452,79.97288,0.00000,0.00000,0.00000,0.00000,0.00000,0.00000
"1","5816",14.17213,0.00000,188.81239,91.72811,0.00000,0.00000,0.00000,0.00000,0.00000,0.00000
"1","5817",0.00000,9.40459,205.68452,73.96972,0.00000,0.00000,0.00000,0.00000,0.00000,0.00000
"1","5818",0.00000,16.49835,208.28452,72.25598,0.00000,0.00000,0.00000,0.00000,0.00000,0.00000
"1","5819",0.00000,24.75393,208.98452,71.55598,0.00000,0.00000,0.00000,0.00000,0.00000,0.00000
"1","5820",12.89176,18.88467,280.54050,0.00000,0.00000,0.00000,0.00000,0.00000,0.00000,0.00000
"1","5821",13.47273,24.22349,277.55953,0.00000,0.00000,0.00000,0.00000,0.00000,0.00000,0.00000
"1","5822",8.63167,9.07955,278.90059,0.00000,0.00000,0.00000,0.00000,0.00000,0.00000,0.00000
"1","5823",0.00000,16.95740,200.98452,78.69120,0.00000,0.00000,0.00000,0.00000,0.00000,0.00000
"1","5824",17.42153,0.00000,184.16299,88.05098,0.00000,0.00000,0.00000,0.00000,0.00000,0.00000
"1","5825",13.15737,0.00000,105.77294,0.00000,0.00000,0.00000,0.00000,0.00000,0.00000,0.00000
"1","5826",29.60079,38.03309,257.43147,0.00000,0.00000,0.00000,0.00000,0.00000,0.00000,0.00000
"1","5827",35.05825,0.00000,167.02627,93.32640,0.00000,0.00000,0.00000,0.00000,0.00000,0.00000
"1","5828",6.96860,0.00000,248.40265,0.00000,0.00000,0.00000,0.00000,0.00000,0.00000,0.00000
"1","5829",0.00000,0.00000,252.89465,0.00000,0.00000,0.00000,0.00000,0.00000,0.00000,0.00000
"1","5830",0.00000,0.00000,164.73388,0.00000,0.00000,0.00000,0.00000,0.00000,0.00000,0.00000
"1","5831",0.00000,0.00000,257.62750,1.46349,0.00000,0.00000,0.00000,0.00000,0.00000,0.00000
"1","5832",0.00000,0.00000,170.61269,0.00000,0.00000,0.00000,0.00000,0.00000,0.00000,0.00000
"1","5833",0.00000,0.00000,143.11720,0.00000,0.00000,0.00000,0.00000,0.00000,0.00000,0.00000
"1","5834",0.00000,0.00000,100.51049,0.00000,0.00000,0.00000,0.00000,0.00000,0.00000,0.00000
"1","5835",0.00000,0.00000,102.34838,0.00000,0.00000,0.00000,0.00000,0.00000,0.00000,0.00000
"1","5836",0.00000,0.00000,59.02155,0.00000,0.00000,0.00000,0.00000,0.00000,0.00000,0.00000
"1","5837",0.00000,0.00000,62.41987,0.00000,0.00000,0.00000,0.00000,0.00000,0.00000,0.00000
"1","5838",0.00000,0.00000,50.92073,0.00000,0.00000,0.00000,0.00000,0.00000,0.00000,0.00000
"1","5839",0.00000,0.00000,18.24665,0.00000,0.00000,0.00000,0.00000,0.00000,0.00000,0.00000
"1","5840",15.86340,0.00000,0.00000,0.00000,0.00000,0.00000,0.00000,0.00000,0.00000,0.00000
"1","5841",42.31804,0.00000,7.95099,0.00000,0.00000,0.00000,0.00000,0.00000,0.00000,0.00000
"1","5842",18.10685,0.00000,0.00000,0.00000,0.00000,0.00000,0.00000,0.00000,0.00000,0.00000
"1","5843",27.04687,0.00000,0.00000,0.00000,0.00000,0.00000,0.00000,0.00000,0.00000,0.00000
"1","5844",35.37120,0.00000,0.00000,0.00000,0.00000,0.00000,0.00000,0.00000,0.00000,0.00000
"1","5845",40.97266,0.00000,0.54111,0.00000,0.00000,0.00000,0.00000,0.00000,0.00000,0.00000
"1","5846",42.95289,0.00000,0.00000,0.00000,0.00000,0.00000,0.00000,0.00000,0.00000,0.00000
"1","5847",150.16215,0.00000,0.00000,0.00000,0.00000,0.00000,0.00000,0.00000,0.00000,0.00000
"1","5848",129.89980,0.00000,1.42845,0.00000,0.00000,0.00000,0.00000,0.00000,0.00000,0.00000
"1","5849",97.01873,0.00000,0.00000,0.00000,0.00000,0.00000,0.00000,0.00000,0.00000,0.00000
"1","5850",64.97603,0.00000,0.00000,0.00000,0.00000,0.00000,0.00000,0.00000,0.00000,0.00000
"1","5851",41.07300,0.00000,0.00000,0.00000,0.00000,0.00000,0.00000,0.00000,0.00000,0.00000
"1","5852",7.59040,0.00000,0.00000,0.00000,0.00000,0.00000,0.00000,0.00000,0.00000,0.00000
"1","5853",0.00000,0.00000,19.50385,0.00000,0.00000,0.00000,0.00000,0.00000,0.00000,0.00000
"1","5854",0.00000,0.00000,8.58604,0.00000,0.00000,0.00000,0.00000,0.00000,0.00000,0.00000
"1","5855",0.00000,0.00000,11.42601,0.00000,0.00000,0.00000,0.00000,0.00000,0.00000,0.00000
"1","5856",0.00000,0.00000,19.82856,0.00000,0.00000,0.00000,0.00000,0.00000,0.00000,0.00000
"1","5857",0.00000,0.00000,32.11067,0.00000,0.00000,0.00000,0.00000,0.00000,0.00000,0.00000
"1","5858",0.00000,0.00000,30.17491,0.00000,0.00000,0.00000,0.00000,0.00000,0.00000,0.00000
"1","5859",0.00000,0.00000,57.78648,0.00000,0.00000,0.00000,0.00000,0.00000,0.00000,0.00000
"1","5860",0.00000,0.00000,82.66830,0.00000,0.00000,0.00000,0.00000,0.00000,0.00000,0.00000
"1","5861",0.00000,0.00000,106.18012,0.00000,0.00000,0.00000,0.00000,0.00000,0.00000,0.00000
"1","5862",0.00000,0.00000,119.33578,0.00000,0.00000,0.00000,0.00000,0.00000,0.00000,0.00000
"1","5863",0.00000,0.00000,56.74650,0.00000,0.00000,0.00000,0.00000,0.00000,0.00000,0.00000
"1","5864",19.47147,0.00000,62.09571,0.00000,0.00000,0.00000,0.00000,0.00000,0.00000,0.00000
"1","5865",56.94104,0.00000,153.65051,0.00000,0.00000,0.00000,0.00000,0.00000,0.00000,0.00000
"1","5866",70.36816,0.00000,112.64168,0.00000,0.00000,0.00000,0.00000,0.00000,0.00000,0.00000
"1","5867",107.55143,0.00000,112.97881,0.00000,0.00000,0.00000,0.00000,0.00000,0.00000,0.00000
"1","5868",136.62812,0.00000,71.78161,0.00000,0.00000,0.00000,0.00000,0.00000,0.00000,0.00000
"1","5869",97.79276,0.00000,34.37908,0.00000,0.00000,0.00000,0.00000,0.00000,0.00000,0.00000
"1","5870",121.72017,0.00000,16.10665,0.00000,0.00000,0.00000,0.00000,0.00000,0.00000,0.00000
"1","5871",114.86414,0.00000,54.43616,0.00000,0.00000,0.00000,0.00000,0.00000,0.00000,0.00000
"1","5872",94.85239,0.00000,44.86112,0.00000,0.00000,0.00000,0.00000,0.00000,0.00000,0.00000
"1","5873",72.65689,0.00000,54.61537,0.00000,0.00000,0.00000,0.00000,0.00000,0.00000,0.00000
"1","5874",48.02627,0.00000,85.36434,0.00000,0.00000,0.00000,0.00000,0.00000,0.00000,0.00000
"1","5875",25.15576,0.00000,93.70059,0.00000,0.00000,0.00000,0.00000,0.00000,0.00000,0.00000
"1","5876",7.25277,0.00000,0.00000,0.00000,0.00000,0.00000,0.00000,0.00000,0.00000,0.00000
"1","5877",0.00000,0.00000,75.46552,0.00000,0.00000,0.00000,0.00000,0.00000,0.00000,0.00000
"1","5878",0.00000,0.00000,81.78821,0.00000,0.00000,0.00000,0.00000,0.00000,0.00000,0.00000
"1","5879",0.00000,0.00000,132.41206,0.00000,0.00000,0.00000,0.00000,0.00000,0.00000,0.00000
"1","5880",0.00000,0.00000,142.07125,0.00000,0.00000,0.00000,0.00000,0.00000,0.00000,0.00000
"1","5881",0.00000,0.00000,156.39147,0.00000,0.00000,0.00000,0.00000,0.00000,0.00000,0.00000
"1","5882",0.00000,0.00000,124.92322,0.00000,0.00000,0.00000,0.00000,0.00000,0.00000,0.00000
"1","5883",0.00000,0.00000,57.28900,0.00000,0.00000,0.00000,0.00000,0.00000,0.00000,0.00000
"1","5884",0.00000,0.00000,41.55525,0.00000,0.00000,0.00000,0.00000,0.00000,0.00000,0.00000
"1","5885",0.00000,0.00000,68.04037,0.00000,0.00000,0.00000,0.00000,0.00000,0.00000,0.00000
"1","5886",0.00000,0.00000,30.43285,0.00000,0.00000,0.00000,0.00000,0.00000,0.00000,0.00000
"1","5887",0.00000,0.00000,7.68870,0.00000,0.00000,0.00000,0.00000,0.00000,0.00000,0.00000
"1","5888",20.09143,0.00000,12.20039,0.00000,0.00000,0.00000,0.00000,0.00000,0.00000,0.00000
"1","5889",49.52867,0.00000,23.79413,0.00000,0.00000,0.00000,0.00000,0.00000,0.00000,0.00000
"1","5890",92.30242,0.00000,23.68262,0.00000,0.00000,0.00000,0.00000,0.00000,0.00000,0.00000
"1","5891",139.14809,0.00000,29.51418,0.00000,0.00000,0.00000,0.00000,0.00000,0.00000,0.00000
"1","5892",173.91879,0.00000,40.75425,0.00000,0.00000,0.00000,0.00000,0.00000,0.00000,0.00000
"1","5893",197.07264,0.00000,7.47585,0.00000,0.00000,0.00000,0.00000,0.00000,0.00000,0.00000
"1","5894",168.96350,0.00000,1.21784,0.00000,0.00000,0.00000,0.00000,0.00000,0.00000,0.00000
"1","5895",154.47111,0.00000,12.96076,0.00000,0.00000,0.00000,0.00000,0.00000,0.00000,0.00000
"1","5896",271.05184,2.22761,11.28042,0.00000,0.00000,0.00000,0.00000,0.00000,0.00000,0.00000
"1","5897",215.31911,0.00000,6.89810,0.00000,0.00000,0.00000,0.00000,0.00000,0.00000,0.00000
"1","5898",134.58321,0.00000,0.50862,0.00000,0.00000,0.00000,0.00000,0.00000,0.00000,0.00000
"1","5899",56.95507,0.00000,0.00000,0.00000,0.00000,0.00000,0.00000,0.00000,0.00000,0.00000
"1","5900",8.54788,0.00000,20.95941,0.00000,0.00000,0.00000,0.00000,0.00000,0.00000,0.00000
"1","5901",0.00000,0.00000,0.00000,0.00000,0.00000,0.00000,0.00000,0.00000,0.00000,0.00000
"1","5902",0.00000,0.00000,197.53291,0.00000,0.00000,0.00000,0.00000,0.00000,0.00000,0.00000
"1","5903",0.00000,0.00000,82.74628,0.00000,0.00000,0.00000,0.00000,0.00000,0.00000,0.00000
"1","5904",0.00000,0.00000,63.33536,0.00000,0.00000,0.00000,0.00000,0.00000,0.00000,0.00000
"1","5905",0.00000,0.00000,8.13506,0.00000,0.00000,0.00000,0.00000,0.00000,0.00000,0.00000
"1","5906",0.00000,0.00000,2.78445,0.00000,0.00000,0.00000,0.00000,0.00000,0.00000,0.00000
"1","5907",0.00000,0.00000,10.89519,0.00000,0.00000,0.00000,0.00000,0.00000,0.00000,0.00000
"1","5908",0.00000,0.00000,5.95072,0.00000,0.00000,0.00000,0.00000,0.00000,0.00000,0.00000
"1","5909",0.00000,0.00000,17.51103,0.00000,0.00000,0.00000,0.00000,0.00000,0.00000,0.00000
"1","5910",0.00000,0.00000,26.66667,0.00000,0.00000,0.00000,0.00000,0.00000,0.00000,0.00000
"1","5911",0.00000,0.00000,24.18374,0.00000,0.00000,0.00000,0.00000,0.00000,0.00000,0.00000
"1","5912",38.30843,0.00000,20.24975,0.00000,0.00000,0.00000,0.00000,0.00000,0.00000,0.00000
"1","5913",83.17169,0.00000,23.00761,0.00000,0.00000,0.00000,0.00000,0.00000,0.00000,0.00000
"1","5914",119.03959,0.00000,0.00000,0.00000,0.00000,0.00000,0.00000,0.00000,0.00000,0.00000
"1","5915",172.81288,0.00000,0.00000,0.00000,0.00000,0.00000,0.00000,0.00000,0.00000,0.00000
"1","5916",210.25884,0.00000,0.00000,0.00000,0.00000,0.00000,0.00000,0.00000,0.00000,0.00000
"1","5917",239.92476,0.00000,0.00000,0.00000,0.00000,0.00000,0.00000,0.00000,0.00000,0.00000
"1","5918",281.83226,44.10346,0.00000,0.00000,0.00000,0.00000,0.00000,0.00000,0.00000,0.00000
"1","5919",280.43226,26.67599,0.00000,0.29228,0.00000,0.00000,0.00000,0.00000,0.00000,0.00000
"1","5920",268.35610,0.00000,0.00000,0.00000,0.00000,0.00000,0.00000,0.00000,0.00000,0.00000
"1","5921",213.26984,0.00000,0.00000,0.00000,0.00000,0.00000,0.00000,0.00000,0.00000,0.00000
"1","5922",132.54701,0.00000,0.00000,0.00000,0.00000,0.00000,0.00000,0.00000,0.00000,0.00000
"1","5923",48.07455,0.00000,0.00000,0.00000,0.00000,0.00000,0.00000,0.00000,0.00000,0.00000
"1","5924",5.28227,0.00000,0.00000,0.00000,0.00000,0.00000,0.00000,0.00000,0.00000,0.00000
"1","5925",0.00000,0.00000,3.52289,0.00000,0.00000,0.00000,0.00000,0.00000,0.00000,0.00000
"1","5926",0.00000,0.00000,0.00000,0.00000,0.00000,0.00000,0.00000,0.00000,0.00000,0.00000
"1","5927",0.00000,0.00000,0.00000,0.00000,0.00000,0.00000,0.00000,0.00000,0.00000,0.00000
"1","5928",0.00000,0.00000,0.00000,0.00000,0.00000,0.00000,0.00000,0.00000,0.00000,0.00000
"1","5929",0.00000,0.00000,0.00000,0.00000,0.00000,0.00000,0.00000,0.00000,0.00000,0.00000
"1","5930",0.00000,0.00000,0.00000,0.00000,0.00000,0.00000,0.00000,0.00000,0.00000,0.00000
"1","5931",0.00000,0.00000,0.00000,0.00000,0.00000,0.00000,0.00000,0.00000,0.00000,0.00000
"1","5932",0.00000,0.00000,0.00000,0.00000,0.00000,0.00000,0.00000,0.00000,0.00000,0.00000
"1","5933",0.00000,0.00000,0.00000,0.00000,0.00000,0.00000,0.00000,0.00000,0.00000,0.00000
"1","5934",0.00000,0.00000,0.00000,0.00000,0.00000,0.00000,0.00000,0.00000,0.00000,0.00000
"1","5935",0.00000,0.00000,0.00000,0.00000,0.00000,0.00000,0.00000,0.00000,0.00000,0.00000
"1","5936",39.19194,0.00000,0.00000,0.00000,0.00000,0.00000,0.00000,0.00000,0.00000,0.00000
"1","5937",125.58842,0.00000,0.00000,0.00000,0.00000,0.00000,0.00000,0.00000,0.00000,0.00000
"1","5938",207.13125,0.00000,0.00000,0.00000,0.00000,0.00000,0.00000,0.00000,0.00000,0.00000
"1","5939",266.54679,0.00000,0.00000,0.00000,0.00000,0.00000,0.00000,0.00000,0.00000,0.00000
"1","5940",288.63226,16.64974,0.00000,0.00000,0.00000,0.00000,0.00000,0.00000,0.00000,0.00000
"1","5941",287.23226,38.08568,0.00000,0.00000,0.00000,0.00000,0.00000,0.00000,0.00000,0.00000
"1","5942",286.63226,38.44573,0.00000,0.00000,0.00000,0.00000,0.00000,0.00000,0.00000,0.00000
"1","5943",285.93226,20.17796,0.00000,0.00000,0.00000,0.00000,0.00000,0.00000,0.00000,0.00000
"1","5944",266.97589,0.00000,0.00000,0.00000,0.00000,0.00000,0.00000,0.00000,0.00000,0.00000
"1","5945",210.64296,0.00000,0.00000,0.00000,0.00000,0.00000,0.00000,0.00000,0.00000,0.00000
"1","5946",130.16878,0.00000,0.00000,0.00000,0.00000,0.00000,0.00000,0.00000,0.00000,0.00000
"1","5947",45.63106,0.00000,1.69719,0.00000,0.00000,0.00000,0.00000,0.00000,0.00000,0.00000
"1","5948",9.64503,0.00000,10.91013,0.00000,0.00000,0.00000,0.00000,0.00000,0.00000,0.00000
"1","5949",0.00000,0.00000,3.40055,0.00000,0.00000,0.00000,0.00000,0.00000,0.00000,0.00000
"1","5950",0.00000,0.00000,1.97910,0.00000,0.00000,0.00000,0.00000,0.00000,0.00000,0.00000
"1","5951",0.00000,0.00000,17.17343,0.00000,0.00000,0.00000,0.00000,0.00000,0.00000,0.00000
"1","5952",0.00000,0.00000,16.35198,0.00000,0.00000,0.00000,0.00000,0.00000,0.00000,0.00000
"1","5953",0.00000,0.00000,5.15475,0.00000,0.00000,0.00000,0.00000,0.00000,0.00000,0.00000
"1","5954",0.00000,0.00000,8.34770,0.00000,0.00000,0.00000,0.00000,0.00000,0.00000,0.00000
"1","5955",0.00000,0.00000,24.66367,0.00000,0.00000,0.00000,0.00000,0.00000,0.00000,0.00000
"1","5956",0.00000,0.00000,0.00000,0.00000,0.00000,0.00000,0.00000,0.00000,0.00000,0.00000
"1","5957",0.00000,0.00000,0.00000,0.00000,0.00000,0.00000,0.00000,0.00000,0.00000,0.00000
"1","5958",0.00000,0.00000,0.47885,0.00000,0.00000,0.00000,0.00000,0.00000,0.00000,0.00000
"1","5959",0.00000,0.00000,3.82988,0.00000,0.00000,0.00000,0.00000,0.00000,0.00000,0.00000
"1","5960",37.89887,0.00000,38.07428,0.00000,0.00000,0.00000,0.00000,0.00000,0.00000,0.00000
"1","5961",123.10231,0.00000,33.64551,0.00000,0.00000,0.00000,0.00000,0.00000,0.00000,0.00000
"1","5962",148.33252,0.00000,23.90227,0.00000,0.00000,0.00000,0.00000,0.00000,0.00000,0.00000
"1","5963",232.98359,0.00000,6.89558,0.00000,0.00000,0.00000,0.00000,0.00000,0.00000,0.00000
"1","5964",277.20527,0.00000,1.22673,0.00000,0.00000,0.00000,0.00000,0.00000,0.00000,0.00000
"1","5965",288.73226,12.29931,0.00000,0.00000,0.00000,0.00000,0.00000,0.00000,0.00000,0.00000
"1","5966",135.73411,0.00000,0.00000,0.00000,0.00000,0.00000,0.00000,0.00000,0.00000,0.00000
"1","5967",216.06460,0.00000,0.00000,0.00000,0.00000,0.00000,0.00000,0.00000,0.00000,0.00000
"1","5968",184.92123,0.00000,0.00000,0.00000,0.00000,0.00000,0.00000,0.00000,0.00000,0.00000
"1","5969",140.00050,0.00000,0.00000,0.00000,0.00000,0.00000,0.00000,0.00000,0.00000,0.00000
"1","5970",89.28949,0.00000,0.00000,0.00000,0.00000,0.00000,0.00000,0.00000,0.00000,0.00000
"1","5971",17.83908,0.00000,0.00000,0.00000,0.00000,0.00000,0.00000,0.00000,0.00000,0.00000
"1","5972",3.45824,0.00000,0.00000,0.00000,0.00000,0.00000,0.00000,0.00000,0.00000,0.00000
"1","5973",0.00000,0.00000,0.00000,0.00000,0.00000,0.00000,0.00000,0.00000,0.00000,0.00000
"1","5974",0.00000,0.00000,50.44763,0.00000,0.00000,0.00000,0.00000,0.00000,0.00000,0.00000
"1","5975",0.00000,0.00000,0.00000,0.00000,0.00000,0.00000,0.00000,0.00000,0.00000,0.00000
"1","5976",0.00000,0.00000,57.19197,0.00000,0.00000,0.00000,0.00000,0.00000,0.00000,0.00000
"1","5977",0.00000,0.00000,18.06707,0.00000,0.00000,0.00000,0.00000,0.00000,0.00000,0.00000
"1","5978",0.00000,0.00000,254.73226,25.80824,0.00000,0.00000,0.00000,0.00000,0.00000,0.00000
"1","5979",0.00000,0.00000,186.44510,94.09540,0.00000,0.00000,0.00000,0.00000,0.00000,0.00000
"1","5980",0.00000,0.00000,173.68452,106.85598,0.00000,0.00000,0.00000,0.00000,0.00000,0.00000
"1","5981",0.00000,0.00000,178.78452,101.75598,0.00000,0.00000,0.00000,0.00000,0.00000,0.00000
"1","5982",0.00000,0.00000,188.68452,91.85598,0.00000,0.00000,0.00000,0.00000,0.00000,0.00000
"1","5983",0.00000,0.00000,255.17147,0.00000,0.00000,0.00000,0.00000,0.00000,0.00000,0.00000
"1","5984",33.90876,0.00000,165.77576,108.21352,0.00000,0.00000,0.00000,0.00000,0.00000,0.00000
"1","5985",0.00000,117.13497,202.88452,71.16640,0.00000,0.00000,0.00000,0.00000,0.00000,0.00000
"1","5986",21.69015,0.00000,267.14211,10.80032,0.00000,0.00000,0.00000,0.00000,0.00000,0.00000
"1","5987",32.78897,0.00000,256.44329,17.46381,0.00000,0.00000,0.00000,0.00000,0.00000,0.00000
"1","5988",0.00000,43.29710,203.98452,70.36711,0.00000,0.00000,0.00000,0.00000,0.00000,0.00000
"1","5989",50.73907,0.00000,152.84545,108.68485,0.00000,0.00000,0.00000,0.00000,0.00000,0.00000
"1","5990",0.00000,22.22051,202.78452,75.24662,0.00000,0.00000,0.00000,0.00000,0.00000,0.00000
"1","5991",17.19252,0.00000,186.39200,92.11355,0.00000,0.00000,0.00000,0.00000,0.00000,0.00000
"1","5992",10.58482,4.36671,278.74743,0.00000,0.00000,0.00000,0.00000,0.00000,0.00000,0.00000
"1","5993",11.14627,0.00000,275.17065,0.00000,0.00000,0.00000,0.00000,0.00000,0.00000,0.00000
"1","5994",0.00000,6.90446,201.98452,77.65851,0.00000,0.00000,0.00000,0.00000,0.00000,0.00000
"1","5995",2.96956,0.00000,197.91496,56.43469,0.00000,0.00000,0.00000,0.00000,0.00000,0.00000
"1","5996",5.98722,0.00000,194.79730,36.76364,0.00000,0.00000,0.00000,0.00000,0.00000,0.00000
"1","5997",0.00000,0.00000,227.34444,0.00000,0.00000,0.00000,0.00000,0.00000,0.00000,0.00000
"1","5998",0.00000,0.00000,94.70919,0.00000,0.00000,0.00000,0.00000,0.00000,0.00000,0.00000
"1","5999",0.00000,0.00000,184.08452,48.48969,0.00000,0.00000,0.00000,0.00000,0.00000,0.00000
"1","6000",0.00000,0.00000,178.28452,69.76139,0.00000,0.00000,0.00000,0.00000,0.00000,0.00000
"1","6001",0.00000,0.00000,175.58452,72.07476,0.00000,0.00000,0.00000,0.00000,0.00000,0.00000
"1","6002",0.00000,0.00000,164.38367,0.00000,0.00000,0.00000,0.00000,0.00000,0.00000,0.00000
"1","6003",0.00000,0.00000,123.99494,0.00000,0.00000,0.00000,0.00000,0.00000,0.00000,0.00000
"1","6004",0.00000,0.00000,64.08882,0.00000,0.00000,0.00000,0.00000,0.00000,0.00000,0.00000
"1","6005",0.00000,0.00000,58.17059,0.00000,0.00000,0.00000,0.00000,0.00000,0.00000,0.00000
"1","6006",0.00000,0.00000,87.67655,0.00000,0.00000,0.00000,0.00000,0.00000,0.00000,0.00000
"1","6007",0.00000,0.00000,115.66280,0.00000,0.00000,0.00000,0.00000,0.00000,0.00000,0.00000
"1","6008",8.36250,0.00000,155.72654,0.00000,0.00000,0.00000,0.00000,0.00000,0.00000,0.00000
"1","6009",32.30345,0.00000,152.93889,0.00000,0.00000,0.00000,0.00000,0.00000,0.00000,0.00000
"1","6010",96.50107,11.02182,107.98345,0.00000,0.00000,0.00000,0.00000,0.00000,0.00000,0.00000
"1","6011",92.19069,63.88461,112.89383,0.00000,0.00000,0.00000,0.00000,0.00000,0.00000,0.00000
"1","6012",197.03007,0.00000,7.05445,119.09310,0.00000,0.00000,0.00000,0.00000,0.00000,0.00000
"1","6013",142.77208,77.90336,87.11902,0.00000,0.00000,0.00000,0.00000,0.00000,0.00000,0.00000
"1","6014",139.22985,0.00000,62.35467,20.36817,0.00000,0.00000,0.00000,0.00000,0.00000,0.00000
"1","6015",70.00116,60.53771,130.78336,0.00000,0.00000,0.00000,0.00000,0.00000,0.00000,0.00000
"1","6016",56.39559,82.51159,144.68893,0.00000,0.00000,0.00000,0.00000,0.00000,0.00000,0.00000
"1","6017",121.59342,0.00000,56.55524,0.00000,0.00000,0.00000,0.00000,0.00000,0.00000,0.00000
"1","6018",75.68289,0.00000,74.18899,0.00000,0.00000,0.00000,0.00000,0.00000,0.00000,0.00000
"1","6019",39.24424,0.00000,47.79399,0.00000,0.00000,0.00000,0.00000,0.00000,0.00000,0.00000
"1","6020",4.74688,0.00000,177.83818,0.00000,0.00000,0.00000,0.00000,0.00000,0.00000,0.00000
"1","6021",0.00000,0.00000,173.53950,0.00000,0.00000,0.00000,0.00000,0.00000,0.00000,0.00000
"1","6022",0.00000,0.00000,131.34276,0.00000,0.00000,0.00000,0.00000,0.00000,0.00000,0.00000
"1","6023",0.00000,0.00000,73.29171,0.00000,0.00000,0.00000,0.00000,0.00000,0.00000,0.00000
"1","6024",0.00000,0.00000,118.41497,0.00000,0.00000,0.00000,0.00000,0.00000,0.00000,0.00000
"1","6025",0.00000,0.00000,94.63541,0.00000,0.00000,0.00000,0.00000,0.00000,0.00000,0.00000
"1","6026",0.00000,0.00000,100.22379,0.00000,0.00000,0.00000,0.00000,0.00000,0.00000,0.00000
"1","6027",0.00000,0.00000,67.93568,0.00000,0.00000,0.00000,0.00000,0.00000,0.00000,0.00000
"1","6028",0.00000,0.00000,69.72986,0.00000,0.00000,0.00000,0.00000,0.00000,0.00000,0.00000
"1","6029",0.00000,0.00000,134.61603,0.00000,0.00000,0.00000,0.00000,0.00000,0.00000,0.00000
"1","6030",0.00000,0.00000,37.50685,0.00000,0.00000,0.00000,0.00000,0.00000,0.00000,0.00000
"1","6031",0.00000,0.00000,21.91393,0.00000,0.00000,0.00000,0.00000,0.00000,0.00000,0.00000
"1","6032",11.13476,0.00000,35.94801,0.00000,0.00000,0.00000,0.00000,0.00000,0.00000,0.00000
"1","6033",44.19788,0.00000,40.12528,0.00000,0.00000,0.00000,0.00000,0.00000,0.00000,0.00000
"1","6034",37.19396,0.00000,0.00000,0.00000,0.00000,0.00000,0.00000,0.00000,0.00000,0.00000
"1","6035",56.65465,0.00000,0.00000,0.00000,0.00000,0.00000,0.00000,0.00000,0.00000,0.00000
"1","6036",73.61234,0.00000,0.00000,0.00000,0.00000,0.00000,0.00000,0.00000,0.00000,0.00000
"1","6037",74.53344,0.00000,32.00122,0.00000,0.00000,0.00000,0.00000,0.00000,0.00000,0.00000
"1","6038",77.50768,0.00000,29.24942,0.00000,0.00000,0.00000,0.00000,0.00000,0.00000,0.00000
"1","6039",245.57620,0.00000,24.21811,0.00000,0.00000,0.00000,0.00000,0.00000,0.00000,0.00000
"1","6040",209.04312,0.00000,35.20211,0.00000,0.00000,0.00000,0.00000,0.00000,0.00000,0.00000
"1","6041",157.26490,0.00000,44.97963,0.00000,0.00000,0.00000,0.00000,0.00000,0.00000,0.00000
"1","6042",94.28347,0.00000,38.40086,0.00000,0.00000,0.00000,0.00000,0.00000,0.00000,0.00000
"1","6043",40.68250,0.00000,48.12281,0.00000,0.00000,0.00000,0.00000,0.00000,0.00000,0.00000
"1","6044",3.73361,0.00000,83.16905,0.00000,0.00000,0.00000,0.00000,0.00000,0.00000,0.00000
"1","6045",0.00000,0.00000,57.66349,0.00000,0.00000,0.00000,0.00000,0.00000,0.00000,0.00000
"1","6046",0.00000,0.00000,15.28969,0.00000,0.00000,0.00000,0.00000,0.00000,0.00000,0.00000
"1","6047",0.00000,0.00000,0.00000,0.00000,0.00000,0.00000,0.00000,0.00000,0.00000,0.00000
"1","6048",0.00000,0.00000,9.43020,0.00000,0.00000,0.00000,0.00000,0.00000,0.00000,0.00000
"1","6049",0.00000,0.00000,17.37571,0.00000,0.00000,0.00000,0.00000,0.00000,0.00000,0.00000
"1","6050",0.00000,0.00000,20.16682,0.00000,0.00000,0.00000,0.00000,0.00000,0.00000,0.00000
"1","6051",0.00000,0.00000,47.38476,0.00000,0.00000,0.00000,0.00000,0.00000,0.00000,0.00000
"1","6052",0.00000,0.00000,85.97473,0.00000,0.00000,0.00000,0.00000,0.00000,0.00000,0.00000
"1","6053",0.00000,0.00000,99.66159,0.00000,0.00000,0.00000,0.00000,0.00000,0.00000,0.00000
"1","6054",0.00000,0.00000,38.75172,0.00000,0.00000,0.00000,0.00000,0.00000,0.00000,0.00000
"1","6055",0.00000,0.00000,17.66531,0.00000,0.00000,0.00000,0.00000,0.00000,0.00000,0.00000
"1","6056",32.02959,0.00000,40.60044,0.00000,0.00000,0.00000,0.00000,0.00000,0.00000,0.00000
"1","6057",118.62741,0.00000,40.74977,0.00000,0.00000,0.00000,0.00000,0.00000,0.00000,0.00000
"1","6058",205.02345,0.00000,7.22071,0.00000,0.00000,0.00000,0.00000,0.00000,0.00000,0.00000
"1","6059",268.53703,0.00000,3.85639,0.00000,0.00000,0.00000,0.00000,0.00000,0.00000,0.00000
"1","6060",280.33226,31.03996,0.00000,0.00000,0.00000,0.00000,0.00000,0.00000,0.00000,0.00000
"1","6061",282.13226,50.01946,0.00000,0.00000,0.00000,0.00000,0.00000,0.00000,0.00000,0.00000
"1","6062",282.63226,49.38545,0.00000,5.12386,0.00000,0.00000,0.00000,0.00000,0.00000,0.00000
"1","6063",273.89556,35.38579,9.23670,0.00000,0.00000,0.00000,0.00000,0.00000,0.00000,0.00000
"1","6064",257.45791,9.05453,11.34812,0.00000,0.00000,0.00000,0.00000,0.00000,0.00000,0.00000
"1","6065",204.84300,0.00000,18.89131,0.00000,0.00000,0.00000,0.00000,0.00000,0.00000,0.00000
"1","6066",119.46337,0.00000,19.17755,0.00000,0.00000,0.00000,0.00000,0.00000,0.00000,0.00000
"1","6067",34.98007,0.00000,40.80244,0.00000,0.00000,0.00000,0.00000,0.00000,0.00000,0.00000
"1","6068",3.26719,0.00000,34.57669,0.00000,0.00000,0.00000,0.00000,0.00000,0.00000,0.00000
"1","6069",0.00000,0.00000,63.92314,0.00000,0.00000,0.00000,0.00000,0.00000,0.00000,0.00000
"1","6070",0.00000,0.00000,55.88275,0.00000,0.00000,0.00000,0.00000,0.00000,0.00000,0.00000
"1","6071",0.00000,0.00000,14.49439,0.00000,0.00000,0.00000,0.00000,0.00000,0.00000,0.00000
"1","6072",0.00000,0.00000,0.00000,0.00000,0.00000,0.00000,0.00000,0.00000,0.00000,0.00000
"1","6073",0.00000,0.00000,30.57807,0.00000,0.00000,0.00000,0.00000,0.00000,0.00000,0.00000
"1","6074",0.00000,0.00000,0.00000,0.00000,0.00000,0.00000,0.00000,0.00000,0.00000,0.00000
"1","6075",0.00000,0.00000,0.00000,0.00000,0.00000,0.00000,0.00000,0.00000,0.00000,0.00000
"1","6076",0.00000,0.00000,4.63969,0.00000,0.00000,0.00000,0.00000,0.00000,0.00000,0.00000
"1","6077",0.00000,0.00000,0.00000,0.00000,0.00000,0.00000,0.00000,0.00000,0.00000,0.00000
"1","6078",0.00000,0.00000,0.00000,0.00000,0.00000,0.00000,0.00000,0.00000,0.00000,0.00000
"1","6079",0.00000,0.00000,4.49886,0.00000,0.00000,0.00000,0.00000,0.00000,0.00000,0.00000
"1","6080",31.07007,0.00000,10.51444,0.00000,0.00000,0.00000,0.00000,0.00000,0.00000,0.00000
"1","6081",116.90566,0.00000,1.69884,0.00000,0.00000,0.00000,0.00000,0.00000,0.00000,0.00000
"1","6082",203.09513,0.00000,0.00000,0.00000,0.00000,0.00000,0.00000,0.00000,0.00000,0.00000
"1","6083",264.49704,0.00000,0.00000,0.00000,0.00000,0.00000,0.00000,0.00000,0.00000,0.00000
"1","6084",290.53226,13.91910,0.00000,0.00000,0.00000,0.00000,0.00000,0.00000,0.00000,0.00000
"1","6085",289.13226,33.73005,0.00000,0.00000,0.00000,0.00000,0.00000,0.00000,0.00000,0.00000
"1","6086",287.93226,34.99439,0.00000,0.00000,0.00000,0.00000,0.00000,0.00000,0.00000,0.00000
"1","6087",283.77810,18.27859,2.85416,0.00000,0.00000,0.00000,0.00000,0.00000,0.00000,0.00000
"1","6088",258.82432,0.00000,3.44783,0.00000,0.00000,0.00000,0.00000,0.00000,0.00000,0.00000
"1","6089",198.60717,0.00000,1.66863,0.00000,0.00000,0.00000,0.00000,0.00000,0.00000,0.00000
"1","6090",115.19359,0.00000,2.36707,0.00000,0.00000,0.00000,0.00000,0.00000,0.00000,0.00000
"1","6091",31.79346,0.00000,0.00000,0.00000,0.00000,0.00000,0.00000,0.00000,0.00000,0.00000
"1","6092",2.71416,0.00000,3.07344,0.00000,0.00000,0.00000,0.00000,0.00000,0.00000,0.00000
"1","6093",0.00000,0.00000,19.58753,0.00000,0.00000,0.00000,0.00000,0.00000,0.00000,0.00000
"1","6094",0.00000,0.00000,6.47905,0.00000,0.00000,0.00000,0.00000,0.00000,0.00000,0.00000
"1","6095",0.00000,0.00000,0.00000,0.00000,0.00000,0.00000,0.00000,0.00000,0.00000,0.00000
"1","6096",0.00000,0.00000,0.00000,0.00000,0.00000,0.00000,0.00000,0.00000,0.00000,0.00000
"1","6097",0.00000,0.00000,0.00000,0.00000,0.00000,0.00000,0.00000,0.00000,0.00000,0.00000
"1","6098",0.00000,0.00000,0.00000,0.00000,0.00000,0.00000,0.00000,20.01902,0.00000,0.00000
"1","6099",0.00000,0.00000,0.00000,0.00000,0.00000,0.00000,0.00000,0.00000,0.00000,0.00000
"1","6100",0.00000,0.00000,0.00000,0.00000,0.00000,0.00000,0.00000,0.00000,0.00000,0.00000
"1","6101",0.00000,0.00000,0.00000,0.00000,0.00000,0.00000,0.00000,0.00000,0.00000,0.00000
"1","6102",0.00000,0.00000,3.66116,0.00000,0.00000,0.00000,0.00000,20.01902,0.00000,0.00000
"1","6103",0.00000,0.00000,5.28906,0.00000,0.00000,0.00000,0.00000,6.82657,0.00000,0.00000
"1","6104",28.26042,0.00000,0.00000,0.00000,0.00000,0.00000,0.00000,0.00000,0.00000,0.00000
"1","6105",111.76993,0.00000,0.00000,0.00000,0.00000,0.00000,0.00000,0.00000,0.00000,0.00000
"1","6106",196.92122,0.00000,0.00000,0.00000,0.00000,0.00000,0.00000,0.00000,0.00000,0.00000
"1","6107",253.57538,0.00000,0.00000,0.00000,0.00000,0.00000,0.00000,0.00000,0.00000,0.00000
"1","6108",288.53226,4.54851,0.00000,0.00000,0.00000,0.00000,0.00000,0.00000,0.00000,0.00000
"1","6109",289.03226,23.51988,0.00000,0.00000,0.00000,0.00000,0.00000,0.00000,0.00000,0.00000
"1","6110",288.53226,24.39287,0.00000,0.00000,0.00000,0.00000,0.00000,0.00000,0.00000,0.00000
"1","6111",287.83226,5.37187,0.00000,0.00000,0.00000,0.00000,0.00000,0.00000,0.00000,0.00000
"1","6112",253.52991,0.00000,0.00000,0.00000,0.00000,0.00000,0.00000,0.00000,0.00000,0.00000
"1","6113",192.70853,0.00000,0.00000,0.00000,0.00000,0.00000,0.00000,0.00000,0.00000,0.00000
"1","6114",109.71873,0.00000,0.00000,0.00000,0.00000,0.00000,0.00000,0.00000,0.00000,0.00000
"1","6115",29.12574,0.00000,0.00000,0.00000,0.00000,0.00000,0.00000,20.01902,0.00000,0.00000
"1","6116",0.00000,0.00000,0.00000,0.00000,0.00000,0.00000,0.00000,20.01902,0.00000,0.00000
"1","6117",0.00000,0.00000,0.00000,0.00000,0.00000,0.00000,0.00000,20.01902,0.00000,0.00000
"1","6118",0.00000,0.00000,0.00000,0.00000,0.00000,0.00000,0.00000,20.01902,0.00000,0.00000
"1","6119",0.00000,0.00000,0.00000,0.00000,0.00000,0.00000,0.00000,20.01902,0.00000,0.00000
"1","6120",0.00000,0.00000,0.00000,0.00000,0.00000,0.00000,0.00000,20.01902,0.00000,0.00000
"1","6121",0.00000,0.00000,0.00000,0.00000,0.00000,0.00000,0.00000,20.01902,0.00000,0.00000
"1","6122",0.00000,0.00000,0.00000,0.00000,0.00000,0.00000,0.00000,20.01902,0.00000,0.00000
"1","6123",0.00000,0.00000,0.00000,0.00000,0.00000,0.00000,0.00000,20.01902,0.00000,0.00000
"1","6124",0.00000,0.00000,0.00000,0.00000,0.00000,0.00000,0.00000,20.01902,0.00000,0.00000
"1","6125",0.00000,0.00000,0.00000,0.00000,0.00000,0.00000,0.00000,20.01902,0.00000,0.00000
"1","6126",0.00000,0.00000,0.00000,0.00000,0.00000,0.00000,0.00000,20.01902,0.00000,0.00000
"1","6127",0.00000,0.00000,0.00000,0.00000,0.00000,0.00000,0.00000,20.01902,0.00000,0.00000
"1","6128",26.45159,0.00000,0.00000,0.00000,0.00000,0.00000,0.00000,20.01902,0.00000,0.00000
"1","6129",109.78453,0.00000,0.00000,0.00000,0.00000,0.00000,0.00000,0.00000,0.00000,0.00000
"1","6130",194.89373,0.00000,0.01697,0.00000,0.00000,0.00000,0.00000,0.00000,0.00000,0.00000
"1","6131",254.79981,0.00000,0.00000,0.00000,0.00000,0.00000,0.00000,0.00000,0.00000,0.00000
"1","6132",283.64766,10.04411,3.48460,0.00000,0.00000,0.00000,0.00000,0.00000,0.00000,0.00000
"1","6133",284.70293,27.94887,2.72933,0.00000,0.00000,0.00000,0.00000,0.00000,0.00000,0.00000
"1","6134",285.45238,26.19656,2.07988,0.00000,0.00000,0.00000,0.00000,0.00000,0.00000,0.00000
"1","6135",286.73226,2.28094,0.00000,0.00000,0.00000,0.00000,0.00000,0.00000,0.00000,0.00000
"1","6136",249.85275,0.00000,0.00000,0.00000,0.00000,0.00000,0.00000,0.00000,0.00000,0.00000
"1","6137",191.16336,0.00000,0.00000,0.00000,0.00000,0.00000,0.00000,0.00000,0.00000,0.00000
"1","6138",107.77977,0.00000,0.00000,0.00000,0.00000,0.00000,0.00000,0.00000,0.00000,0.00000
"1","6139",27.72445,0.00000,0.00000,0.00000,0.00000,0.00000,0.00000,20.01902,0.00000,0.00000
"1","6140",0.00000,0.00000,0.00000,0.00000,0.00000,0.00000,0.00000,20.01902,0.00000,0.00000
"1","6141",0.00000,0.00000,0.00000,0.00000,0.00000,0.00000,0.00000,20.01902,0.00000,0.00000
"1","6142",0.00000,0.00000,0.00000,0.00000,0.00000,0.00000,0.00000,20.01902,0.00000,0.00000
"1","6143",0.00000,0.00000,0.00000,0.00000,0.00000,0.00000,0.00000,20.01902,0.00000,0.00000
"1","6144",0.00000,0.00000,0.00000,0.00000,0.00000,0.00000,0.00000,20.01902,0.00000,0.00000
"1","6145",0.00000,0.00000,0.00000,0.00000,0.00000,0.00000,0.00000,20.01902,0.00000,0.00000
"1","6146",0.00000,0.00000,0.00000,0.00000,0.00000,0.00000,0.00000,20.01902,0.00000,0.00000
"1","6147",0.00000,0.00000,0.00000,0.00000,0.00000,0.00000,0.00000,20.01902,0.00000,0.00000
"1","6148",0.00000,0.00000,0.00000,0.00000,0.00000,0.00000,0.00000,20.01902,0.00000,0.00000
"1","6149",0.00000,0.00000,0.00000,0.00000,0.00000,0.00000,0.00000,20.01902,0.00000,0.00000
"1","6150",0.00000,0.00000,0.00000,0.00000,0.00000,0.00000,0.00000,20.01902,0.00000,0.00000
"1","6151",0.00000,0.00000,0.00000,0.00000,0.00000,0.00000,0.00000,20.01902,0.00000,0.00000
"1","6152",5.62618,0.00000,0.00000,0.00000,0.00000,0.00000,0.00000,20.01902,0.00000,0.00000
"1","6153",31.11937,0.00000,0.00000,0.00000,0.00000,0.00000,0.00000,20.01902,0.00000,0.00000
"1","6154",80.61689,0.00000,0.00000,0.00000,0.00000,0.00000,0.00000,18.18311,0.00000,0.00000
"1","6155",127.44272,0.00000,0.00000,0.00000,0.00000,0.00000,0.00000,0.00000,0.00000,0.00000
"1","6156",163.48767,0.00000,0.00000,0.00000,0.00000,0.00000,0.00000,0.00000,0.00000,0.00000
"1","6157",183.42831,0.00000,0.00000,0.00000,0.00000,0.00000,0.00000,0.00000,0.00000,0.00000
"1","6158",287.03226,19.66333,0.00000,0.00000,0.00000,0.00000,0.00000,0.00000,0.00000,0.00000
"1","6159",286.09363,0.00000,0.00000,0.00000,0.00000,0.00000,0.00000,0.00000,0.00000,0.00000
"1","6160",246.88093,0.00000,0.00000,0.00000,0.00000,0.00000,0.00000,0.00000,0.00000,0.00000
"1","6161",185.74220,0.00000,0.00000,0.00000,0.00000,0.00000,0.00000,0.00000,0.00000,0.00000
"1","6162",103.87766,0.00000,0.00000,0.00000,0.00000,0.00000,0.00000,0.00000,0.00000,0.00000
"1","6163",26.13844,0.00000,0.00000,0.00000,0.00000,0.00000,0.00000,20.01902,0.00000,0.00000
"1","6164",0.00000,0.00000,0.00000,0.00000,0.00000,0.00000,0.00000,20.01902,0.00000,0.00000
"1","6165",0.00000,0.00000,0.00000,0.00000,0.00000,0.00000,0.00000,20.01902,0.00000,0.00000
"1","6166",0.00000,0.00000,0.00000,0.00000,0.00000,0.00000,0.00000,20.01902,0.00000,0.00000
"1","6167",0.00000,0.00000,0.00000,0.00000,0.00000,0.00000,0.00000,20.01902,0.00000,0.00000
"1","6168",0.00000,0.00000,0.00000,0.00000,0.00000,0.00000,0.00000,20.01902,0.00000,0.00000
"1","6169",0.00000,0.00000,0.00000,0.00000,0.00000,0.00000,0.00000,20.01902,0.00000,0.00000
"1","6170",0.00000,0.00000,0.00000,0.00000,0.00000,0.00000,0.00000,20.01902,0.00000,0.00000
"1","6171",0.00000,0.00000,0.00000,0.00000,0.00000,0.00000,0.00000,20.01902,0.00000,0.00000
"1","6172",0.00000,0.00000,0.00000,0.00000,0.00000,0.00000,0.00000,20.01902,0.00000,0.00000
"1","6173",0.00000,0.00000,0.00000,0.00000,0.00000,0.00000,0.00000,20.01902,0.00000,0.00000
"1","6174",0.00000,0.00000,0.00000,0.00000,0.00000,0.00000,0.00000,20.01902,0.00000,0.00000
"1","6175",0.00000,0.00000,0.00000,0.00000,0.00000,0.00000,0.00000,20.01902,0.00000,0.00000
"1","6176",6.73784,0.00000,0.00000,0.00000,0.00000,0.00000,0.00000,20.01902,0.00000,0.00000
"1","6177",34.91970,0.00000,4.57683,0.00000,0.00000,0.00000,0.00000,20.01902,0.00000,0.00000
"1","6178",6.65899,0.00000,0.00000,0.00000,0.00000,0.00000,0.00000,20.01902,0.00000,0.00000
"1","6179",10.52840,0.00000,0.00000,0.00000,0.00000,0.00000,0.00000,20.01902,0.00000,0.00000
"1","6180",14.01132,0.00000,0.00000,0.00000,0.00000,0.00000,0.00000,20.01902,0.00000,0.00000
"1","6181",16.73472,0.00000,0.00000,0.00000,0.00000,0.00000,0.00000,20.01902,0.00000,0.00000
"1","6182",17.52690,0.00000,0.00000,0.00000,0.00000,0.00000,0.00000,20.01902,0.00000,0.00000
"1","6183",42.88855,0.00000,0.00000,0.00000,0.00000,0.00000,0.00000,20.01902,0.00000,0.00000
"1","6184",35.91022,0.00000,12.73270,0.00000,0.00000,0.00000,0.00000,20.01902,0.00000,0.00000
"1","6185",25.98567,0.00000,31.23048,0.00000,0.00000,0.00000,0.00000,20.01902,0.00000,0.00000
"1","6186",14.85463,0.00000,7.78399,0.00000,0.00000,0.00000,0.00000,20.01902,0.00000,0.00000
"1","6187",10.92258,0.00000,25.90284,0.00000,0.00000,0.00000,0.00000,20.01902,0.00000,0.00000
"1","6188",0.00000,0.00000,30.39652,0.00000,0.00000,0.00000,0.00000,20.01902,0.00000,0.00000
"1","6189",0.00000,0.00000,38.37733,0.00000,0.00000,0.00000,0.00000,20.01902,0.00000,0.00000
"1","6190",0.00000,0.00000,29.39222,0.00000,0.00000,0.00000,0.00000,20.01902,0.00000,0.00000
"1","6191",0.00000,0.00000,35.75759,0.00000,0.00000,0.00000,0.00000,20.01902,0.00000,0.00000
"1","6192",0.00000,0.00000,26.56319,0.00000,0.00000,0.00000,0.00000,20.01902,0.00000,0.00000
"1","6193",0.00000,0.00000,51.53177,0.00000,0.00000,0.00000,0.00000,19.26823,0.00000,0.00000
"1","6194",0.00000,0.00000,57.44963,0.00000,0.00000,0.00000,0.00000,11.75037,0.00000,0.00000
"1","6195",0.00000,0.00000,30.09497,0.00000,0.00000,0.00000,0.00000,20.01902,0.00000,0.00000
"1","6196",0.00000,0.00000,11.77080,0.00000,0.00000,0.00000,0.00000,20.01902,0.00000,0.00000
"1","6197",0.00000,0.00000,39.77900,0.00000,0.00000,0.00000,0.00000,20.01902,0.00000,0.00000
"1","6198",0.00000,0.00000,40.60287,0.00000,0.00000,0.00000,0.00000,20.01902,0.00000,0.00000
"1","6199",0.00000,0.00000,37.54663,0.00000,0.00000,0.00000,0.00000,20.01902,0.00000,0.00000
"1","6200",4.75894,0.00000,66.67307,0.00000,0.00000,0.00000,0.00000,14.96799,0.00000,0.00000
"1","6201",26.42305,0.00000,59.09392,0.00000,0.00000,0.00000,0.00000,5.78303,0.00000,0.00000
"1","6202",22.01825,0.00000,41.36801,0.00000,0.00000,0.00000,0.00000,20.01902,0.00000,0.00000
"1","6203",34.54763,0.00000,96.59470,0.00000,0.00000,0.00000,0.00000,0.00000,0.00000,0.00000
"1","6204",46.22832,0.00000,93.54930,0.00000,0.00000,0.00000,0.00000,0.00000,0.00000,0.00000
"1","6205",54.69972,0.00000,49.09667,0.00000,0.00000,0.00000,0.00000,0.00000,0.00000,0.00000
"1","6206",75.05785,0.00000,25.22064,0.00000,0.00000,0.00000,0.00000,0.00000,0.00000,0.00000
"1","6207",41.64738,0.00000,21.62732,0.00000,0.00000,0.00000,0.00000,20.01902,0.00000,0.00000
"1","6208",34.30835,0.00000,27.75745,0.00000,0.00000,0.00000,0.00000,6.87408,0.00000,0.00000
"1","6209",24.30166,0.00000,48.34180,0.00000,0.00000,0.00000,0.00000,20.01902,0.00000,0.00000
"1","6210",14.30599,0.00000,24.58830,0.00000,0.00000,0.00000,0.00000,20.01902,0.00000,0.00000
"1","6211",5.16800,0.00000,148.60379,0.00000,0.00000,0.00000,0.00000,0.00000,0.00000,0.00000
"1","6212",0.00000,0.00000,200.59980,0.00000,0.00000,0.00000,0.00000,0.00000,0.00000,0.00000
"1","6213",0.00000,0.00000,190.98356,0.00000,0.00000,0.00000,0.00000,0.00000,0.00000,0.00000
"1","6214",0.00000,0.00000,226.54597,0.00000,0.00000,0.00000,0.00000,0.00000,0.00000,0.00000
"1","6215",0.00000,0.00000,204.67995,0.00000,0.00000,0.00000,0.00000,0.00000,0.00000,0.00000
"1","6216",0.00000,0.00000,235.27221,0.00000,0.00000,0.00000,0.00000,0.00000,0.00000,0.00000
"1","6217",0.00000,0.00000,259.03226,3.41885,0.00000,0.00000,0.00000,0.00000,0.00000,0.00000
"1","6218",0.00000,0.00000,210.13945,0.00000,0.00000,0.00000,0.00000,0.00000,0.00000,0.00000
"1","6219",0.00000,0.00000,97.75739,0.00000,0.00000,0.00000,0.00000,0.00000,0.00000,0.00000
"1","6220",0.00000,0.00000,1.01257,0.00000,0.00000,0.00000,0.00000,0.00000,0.00000,0.00000
"1","6221",0.00000,0.00000,53.65291,0.00000,0.00000,0.00000,0.00000,0.00000,0.00000,0.00000
"1","6222",0.00000,0.00000,6.67542,0.00000,0.00000,0.00000,18.32316,0.00000,0.00000,0.00000
"1","6223",0.00000,0.00000,68.78290,0.00000,0.00000,0.00000,0.00000,0.00000,0.00000,0.00000
"1","6224",5.14047,0.00000,70.72576,0.00000,0.00000,0.00000,18.26501,0.00000,0.00000,0.00000
"1","6225",0.00000,34.03372,192.38452,88.15598,0.00000,0.00000,0.00000,0.00000,0.00000,0.00000
"1","6226",9.45844,0.00000,271.17382,9.36668,0.00000,0.00000,0.00000,0.00000,0.00000,0.00000
"1","6227",14.95811,0.00000,183.52641,97.01409,0.00000,0.00000,0.00000,0.00000,0.00000,0.00000
"1","6228",0.00000,19.99080,238.56809,41.97241,0.00000,0.00000,0.00000,0.00000,0.00000,0.00000
"1","6229",23.81474,0.00000,177.56978,102.97072,0.00000,0.00000,0.00000,0.00000,0.00000,0.00000
"1","6230",24.91189,0.00000,146.22891,0.00000,0.00000,0.00000,30.04372,0.00000,0.00000,0.00000
"1","6231",7.61023,0.00000,193.77429,86.76621,0.00000,0.00000,0.00000,0.00000,0.00000,0.00000
"1","6232",6.10696,0.00000,195.87756,84.66293,0.00000,0.00000,0.00000,0.00000,0.00000,0.00000
"1","6233",0.00000,4.22997,202.58452,60.39611,0.00000,0.00000,0.00000,0.00000,0.00000,0.00000
"1","6234",1.58324,0.00000,189.49869,0.00000,0.00000,0.00000,11.30259,0.00000,0.00000,0.00000
"1","6235",9.06939,0.00000,129.99983,0.00000,0.00000,0.00000,63.31530,0.00000,0.00000,0.00000
"1","6236",0.00000,0.00000,203.18452,77.35598,0.00000,0.00000,0.00000,0.00000,0.00000,0.00000
"1","6237",0.00000,0.00000,197.88452,82.65598,0.00000,0.00000,0.00000,0.00000,0.00000,0.00000
"1","6238",0.00000,0.00000,274.33226,6.20824,0.00000,0.00000,0.00000,0.00000,0.00000,0.00000
"1","6239",0.00000,0.00000,181.78452,98.75598,0.00000,0.00000,0.00000,0.00000,0.00000,0.00000
"1","6240",0.00000,0.00000,176.58452,103.95598,0.00000,0.00000,0.00000,0.00000,0.00000,0.00000
"1","6241",0.00000,0.00000,230.08957,50.45093,0.00000,0.00000,0.00000,0.00000,0.00000,0.00000
"1","6242",0.00000,0.00000,172.38452,108.15598,0.00000,0.00000,0.00000,0.00000,0.00000,0.00000
"1","6243",0.00000,0.00000,171.98452,104.49917,0.00000,0.00000,0.00000,0.00000,0.00000,0.00000
"1","6244",0.00000,0.00000,173.28452,95.45632,0.00000,0.00000,0.00000,0.00000,0.00000,0.00000
"1","6245",0.00000,0.00000,178.18452,102.35598,0.00000,0.00000,0.00000,0.00000,0.00000,0.00000
"1","6246",0.00000,0.00000,187.38452,93.15598,0.00000,0.00000,0.00000,0.00000,0.00000,0.00000
"1","6247",0.00000,0.00000,196.48452,84.05598,0.00000,0.00000,0.00000,0.00000,0.00000,0.00000
"1","6248",2.86365,0.00000,280.54050,0.00000,0.00000,0.00000,0.00000,0.00000,0.00000,0.00000
"1","6249",18.33378,0.00000,269.49848,11.04202,0.00000,0.00000,0.00000,0.00000,0.00000,0.00000
"1","6250",0.00000,16.84725,280.54050,0.00000,0.00000,0.00000,0.00000,0.00000,0.00000,0.00000
"1","6251",26.74326,0.00000,177.94126,95.64552,0.00000,0.00000,0.00000,0.00000,0.00000,0.00000
"1","6252",35.71696,0.00000,168.96756,97.34237,0.00000,0.00000,0.00000,0.00000,0.00000,0.00000
"1","6253",30.69810,0.00000,173.98642,50.38266,0.00000,0.00000,0.00000,0.00000,0.00000,0.00000
"1","6254",17.94793,264.97506,270.58433,0.00000,0.00000,0.00000,0.00000,0.00000,0.00000,0.00000
"1","6255",0.00000,261.79372,203.08452,62.37744,0.00000,0.00000,0.00000,0.00000,0.00000,0.00000
"1","6256",0.00000,218.69487,221.44975,0.00000,0.00000,0.00000,0.00000,0.00000,0.00000,0.00000
"1","6257",70.06133,86.94379,132.52319,0.00000,0.00000,0.00000,0.00000,0.00000,0.00000,0.00000
"1","6258",71.77909,11.47533,130.00543,0.00000,0.00000,0.00000,0.00000,0.00000,0.00000,0.00000
"1","6259",0.00000,17.14027,200.78452,19.53149,0.00000,0.00000,0.00000,0.00000,0.00000,0.00000
"1","6260",0.00000,0.00000,202.48452,25.32126,0.00000,0.00000,0.00000,0.00000,0.00000,0.00000
"1","6261",0.00000,0.00000,235.52622,0.00000,0.00000,0.00000,0.00000,0.00000,0.00000,0.00000
"1","6262",0.00000,0.00000,134.55533,0.00000,0.00000,0.00000,0.00000,0.00000,0.00000,0.00000
"1","6263",0.00000,0.00000,109.11532,0.00000,0.00000,0.00000,0.00000,0.00000,0.00000,0.00000
"1","6264",0.00000,0.00000,120.02966,0.00000,0.00000,0.00000,0.00000,0.00000,0.00000,0.00000
"1","6265",0.00000,0.00000,79.41212,0.00000,0.00000,0.00000,0.00000,0.00000,0.00000,0.00000
"1","6266",0.00000,0.00000,82.77038,0.00000,0.00000,0.00000,0.00000,0.00000,0.00000,0.00000
"1","6267",0.00000,0.00000,53.18793,0.00000,0.00000,0.00000,0.00000,0.00000,0.00000,0.00000
"1","6268",0.00000,0.00000,53.78814,0.00000,0.00000,0.00000,0.00000,0.00000,0.00000,0.00000
"1","6269",0.00000,0.00000,40.66124,0.00000,0.00000,0.00000,0.00000,0.00000,0.00000,0.00000
"1","6270",0.00000,0.00000,69.19559,0.00000,0.00000,0.00000,0.00000,0.00000,0.00000,0.00000
"1","6271",0.00000,0.00000,70.22949,0.00000,0.00000,0.00000,0.00000,0.00000,0.00000,0.00000
"1","6272",4.29547,0.00000,77.46721,0.00000,0.00000,0.00000,0.00000,0.00000,0.00000,0.00000
"1","6273",37.82185,0.00000,74.18357,0.00000,0.00000,0.00000,0.00000,0.00000,0.00000,0.00000
"1","6274",83.39520,0.00000,41.39658,0.00000,0.00000,0.00000,0.00000,0.00000,0.00000,0.00000
"1","6275",129.93077,0.00000,9.34783,0.00000,0.00000,0.00000,0.00000,0.00000,0.00000,0.00000
"1","6276",168.40184,0.00000,0.00000,0.00000,0.00000,0.00000,0.00000,0.00000,0.00000,0.00000
"1","6277",189.79331,0.00000,0.00000,0.00000,0.00000,0.00000,0.00000,0.00000,0.00000,0.00000
"1","6278",29.54488,0.00000,1.68741,0.00000,0.00000,0.00000,0.00000,20.01902,0.00000,0.00000
"1","6279",27.62416,0.00000,0.00000,0.00000,0.00000,0.00000,0.00000,20.01902,0.00000,0.00000
"1","6280",69.27919,0.00000,14.34590,0.00000,0.00000,0.00000,8.24410,20.01902,0.00000,0.00000
"1","6281",49.24518,0.00000,22.05943,0.00000,0.00000,0.00000,0.00000,20.01902,0.00000,0.00000
"1","6282",27.15751,0.00000,9.11005,0.00000,0.00000,0.00000,0.00000,20.01902,0.00000,0.00000
"1","6283",10.16368,0.00000,53.92486,0.00000,0.00000,0.00000,0.00000,20.01902,0.00000,0.00000
"1","6284",0.00000,0.00000,37.35071,0.00000,0.00000,0.00000,0.00000,20.01902,0.00000,0.00000
"1","6285",0.00000,0.00000,0.00000,0.00000,0.00000,0.00000,0.00000,20.01902,0.00000,0.00000
"1","6286",0.00000,0.00000,2.04166,0.00000,0.00000,0.00000,0.00000,20.01902,0.00000,0.00000
"1","6287",0.00000,0.00000,24.45662,0.00000,0.00000,0.00000,0.00000,20.01902,0.00000,0.00000
"1","6288",0.00000,0.00000,56.06262,0.00000,0.00000,0.00000,2.98164,20.01902,0.00000,0.00000
"1","6289",0.00000,0.00000,25.48997,0.00000,0.00000,0.00000,0.00000,20.01902,0.00000,0.00000
"1","6290",0.00000,0.00000,34.36292,0.00000,0.00000,0.00000,0.00000,20.01902,0.00000,0.00000
"1","6291",0.00000,0.00000,33.47862,0.00000,0.00000,0.00000,0.00000,20.01902,0.00000,0.00000
"1","6292",0.00000,0.00000,26.05086,0.00000,0.00000,0.00000,0.00000,20.01902,0.00000,0.00000
"1","6293",0.00000,0.00000,21.37956,0.00000,0.00000,0.00000,0.00000,20.01902,0.00000,0.00000
"1","6294",0.00000,0.00000,48.62608,0.00000,0.00000,0.00000,0.00000,20.01902,0.00000,0.00000
"1","6295",0.00000,0.00000,44.65024,0.00000,0.00000,0.00000,0.00000,20.01902,0.00000,0.00000
"1","6296",1.05832,0.00000,41.33130,0.00000,0.00000,0.00000,0.00000,20.01902,0.00000,0.00000
"1","6297",15.51823,0.00000,33.75076,0.00000,0.00000,0.00000,0.00000,20.01902,0.00000,0.00000
"1","6298",30.85122,0.00000,18.81007,0.00000,0.00000,0.00000,0.00000,20.01902,0.00000,0.00000
"1","6299",51.58809,0.00000,0.00000,0.00000,0.00000,0.00000,0.00000,20.01902,0.00000,0.00000
"1","6300",69.47028,0.00000,0.00000,0.00000,0.00000,0.00000,0.00000,20.01902,0.00000,0.00000
"1","6301",92.10698,0.00000,0.00000,0.00000,0.00000,0.00000,8.72600,20.01902,0.00000,0.00000
"1","6302",92.75330,0.00000,0.00000,0.00000,0.00000,0.00000,10.37232,20.01902,0.00000,0.00000
"1","6303",93.38269,0.00000,0.00000,0.00000,0.00000,0.00000,11.40171,20.01902,0.00000,0.00000
"1","6304",76.84443,0.00000,0.00000,0.00000,0.00000,0.00000,0.00000,20.01902,0.00000,0.00000
"1","6305",54.63054,0.00000,0.00000,0.00000,0.00000,0.00000,0.00000,20.01902,0.00000,0.00000
"1","6306",29.56249,0.00000,0.00000,0.00000,0.00000,0.00000,0.00000,20.01902,0.00000,0.00000
"1","6307",5.88950,0.00000,0.00000,0.00000,0.00000,0.00000,0.00000,20.01902,0.00000,0.00000
"1","6308",0.00000,0.00000,8.01644,0.00000,0.00000,0.00000,0.00000,20.01902,0.00000,0.00000
"1","6309",0.00000,0.00000,15.09815,0.00000,0.00000,0.00000,0.00000,20.01902,0.00000,0.00000
"1","6310",0.00000,0.00000,33.48516,0.00000,0.00000,0.00000,0.00000,20.01902,0.00000,0.00000
"1","6311",0.00000,0.00000,26.83869,0.00000,0.00000,0.00000,0.00000,20.01902,0.00000,0.00000
"1","6312",0.00000,0.00000,33.90541,0.00000,0.00000,0.00000,0.00000,20.01902,0.00000,0.00000
"1","6313",0.00000,0.00000,41.28190,0.00000,0.00000,0.00000,0.00000,20.01902,0.00000,0.00000
"1","6314",0.00000,0.00000,20.31820,0.00000,0.00000,0.00000,0.00000,20.01902,0.00000,0.00000
"1","6315",0.00000,0.00000,23.36239,0.00000,0.00000,0.00000,0.00000,20.01902,0.00000,0.00000
"1","6316",0.00000,0.00000,55.71288,0.00000,0.00000,0.00000,4.53190,20.01902,0.00000,0.00000
"1","6317",0.00000,0.00000,48.61515,0.00000,0.00000,0.00000,0.00000,20.01902,0.00000,0.00000
"1","6318",0.00000,0.00000,4.29449,0.00000,0.00000,0.00000,0.00000,20.01902,0.00000,0.00000
"1","6319",0.00000,0.00000,36.44325,0.00000,0.00000,0.00000,0.00000,20.01902,0.00000,0.00000
"1","6320",3.53011,0.00000,18.45892,0.00000,0.00000,0.00000,0.00000,20.01902,0.00000,0.00000
"1","6321",55.45779,0.00000,7.77677,0.00000,0.00000,0.00000,0.00000,20.01902,0.00000,0.00000
"1","6322",51.70613,0.00000,53.68784,0.00000,0.00000,0.00000,0.00000,20.01902,0.00000,0.00000
"1","6323",85.52041,0.00000,11.89230,0.00000,0.00000,0.00000,17.53173,20.01902,0.00000,0.00000
"1","6324",119.98923,0.00000,0.00000,0.00000,0.00000,0.00000,0.00000,20.01902,0.00000,0.00000
"1","6325",138.75720,0.00000,0.00000,0.00000,0.00000,0.00000,0.00000,20.01902,0.00000,0.00000
"1","6326",178.43481,0.00000,0.00000,0.00000,0.00000,0.00000,0.00000,2.21293,0.00000,0.00000
"1","6327",155.53396,0.00000,0.00000,0.00000,0.00000,0.00000,0.00000,20.01902,0.00000,0.00000
"1","6328",129.55294,0.00000,0.00000,0.00000,0.00000,0.00000,0.00000,20.01902,0.00000,0.00000
"1","6329",92.97051,0.00000,0.00000,0.00000,0.00000,0.00000,16.88953,20.01902,0.00000,0.00000
"1","6330",49.88812,0.00000,4.68489,0.00000,0.00000,0.00000,0.00000,20.01902,0.00000,0.00000
"1","6331",9.08743,0.00000,22.65385,0.00000,0.00000,0.00000,0.00000,20.01902,0.00000,0.00000
"1","6332",0.00000,0.00000,6.93852,0.00000,0.00000,0.00000,0.00000,20.01902,0.00000,0.00000
"1","6333",0.00000,0.00000,3.43657,0.00000,0.00000,0.00000,0.00000,20.01902,0.00000,0.00000
"1","6334",0.00000,0.00000,7.55136,0.00000,0.00000,0.00000,0.00000,20.01902,0.00000,0.00000
"1","6335",0.00000,0.00000,30.90801,0.00000,0.00000,0.00000,0.00000,20.01902,0.00000,0.00000
"1","6336",0.00000,0.00000,19.20715,0.00000,0.00000,0.00000,0.00000,20.01902,0.00000,0.00000
"1","6337",0.00000,0.00000,4.66917,0.00000,0.00000,0.00000,0.00000,20.01902,0.00000,0.00000
"1","6338",0.00000,0.00000,17.84798,0.00000,0.00000,0.00000,0.00000,20.01902,0.00000,0.00000
"1","6339",0.00000,0.00000,6.33297,0.00000,0.00000,0.00000,0.00000,20.01902,0.00000,0.00000
"1","6340",0.00000,0.00000,26.44422,0.00000,0.00000,0.00000,0.00000,20.01902,0.00000,0.00000
"1","6341",0.00000,0.00000,152.30852,0.00000,0.00000,0.00000,0.00000,0.00000,0.00000,0.00000
"1","6342",0.00000,0.00000,127.12719,0.00000,0.00000,0.00000,0.00000,0.00000,0.00000,0.00000
"1","6343",0.00000,0.00000,267.33441,0.00000,0.00000,0.00000,0.00000,0.00000,0.00000,0.00000
"1","6344",0.27064,0.00000,134.42832,0.00000,0.00000,0.00000,59.37240,0.00000,0.00000,0.00000
"1","6345",18.56111,0.00000,267.31853,0.00000,0.00000,0.00000,0.00000,0.00000,0.00000,0.00000
"1","6346",30.93931,0.00000,253.68565,0.00000,0.00000,0.00000,0.00000,0.00000,0.00000,0.00000
"1","6347",32.05378,0.00000,254.57848,19.40987,0.00000,0.00000,0.00000,0.00000,0.00000,0.00000
"1","6348",43.78871,0.00000,241.24355,38.95794,0.00000,0.00000,0.00000,0.00000,0.00000,0.00000
"1","6349",51.63695,0.00000,24.36903,0.00000,0.00000,0.00000,34.21087,0.00000,0.00000,0.00000
"1","6350",31.13577,0.00000,31.84526,0.00000,0.00000,0.00000,52.52877,0.00000,0.00000,0.00000
"1","6351",70.08709,0.00000,15.25168,0.00000,0.00000,0.00000,75.28650,0.00000,0.00000,0.00000
"1","6352",56.85541,0.00000,176.78195,0.00000,0.00000,0.00000,0.00000,0.00000,0.00000,0.00000
"1","6353",39.28575,0.00000,243.64651,36.89399,0.00000,0.00000,0.00000,0.00000,0.00000,0.00000
"1","6354",0.69176,20.97082,280.54050,0.00000,0.00000,0.00000,0.00000,0.00000,0.00000,0.00000
"1","6355",0.89176,8.96947,280.54050,0.00000,0.00000,0.00000,0.00000,0.00000,0.00000,0.00000
"1","6356",0.00000,0.00000,280.54050,0.00000,0.00000,0.00000,0.00000,0.00000,0.00000,0.00000
"1","6357",0.00000,0.00000,278.25621,0.00000,0.00000,0.00000,0.00000,0.00000,0.00000,0.00000
"1","6358",0.00000,0.00000,119.21904,0.00000,0.00000,0.00000,0.00000,0.00000,0.00000,0.00000
"1","6359",0.00000,0.00000,70.70185,0.00000,0.00000,0.00000,0.00000,8.59815,0.00000,0.00000
"1","6360",0.00000,0.00000,52.23733,0.00000,0.00000,0.00000,0.00000,0.00000,0.00000,0.00000
"1","6361",0.00000,0.00000,43.32497,0.00000,0.00000,0.00000,0.00000,20.01902,0.00000,0.00000
"1","6362",0.00000,0.00000,33.63169,0.00000,0.00000,0.00000,0.00000,3.51162,0.00000,0.00000
"1","6363",0.00000,0.00000,23.81803,0.00000,0.00000,0.00000,0.00000,0.00000,0.00000,0.00000
"1","6364",0.00000,0.00000,57.03078,0.00000,0.00000,0.00000,0.00000,0.00000,0.00000,0.00000
"1","6365",0.00000,0.00000,77.52147,0.00000,0.00000,0.00000,0.00000,0.00000,0.00000,0.00000
"1","6366",0.00000,0.00000,112.52774,0.00000,0.00000,0.00000,0.00000,0.00000,0.00000,0.00000
"1","6367",0.00000,0.00000,91.89184,0.00000,0.00000,0.00000,0.00000,0.00000,0.00000,0.00000
"1","6368",0.17038,0.00000,35.20930,0.00000,0.00000,0.00000,0.00000,0.00000,0.00000,0.00000
"1","6369",20.87277,0.00000,26.78957,0.00000,0.00000,0.00000,0.00000,0.00000,0.00000,0.00000
"1","6370",17.27771,0.00000,23.98585,0.00000,0.00000,0.00000,0.00000,0.00000,0.00000,0.00000
"1","6371",28.16115,0.00000,111.08302,0.00000,0.00000,0.00000,0.00000,0.00000,0.00000,0.00000
"1","6372",38.51205,0.00000,113.56623,0.00000,0.00000,0.00000,0.00000,0.00000,0.00000,0.00000
"1","6373",46.14666,0.00000,60.50820,0.00000,0.00000,0.00000,0.00000,0.00000,0.00000,0.00000
"1","6374",155.11405,0.00000,12.77790,0.00000,0.00000,0.00000,0.00000,0.00000,0.00000,0.00000
"1","6375",143.52333,0.00000,0.61853,0.00000,0.00000,0.00000,0.00000,0.00000,0.00000,0.00000
"1","6376",116.59605,0.00000,0.00000,0.00000,0.00000,0.00000,0.00000,0.00000,0.00000,0.00000
"1","6377",78.67889,0.00000,0.00000,0.00000,0.00000,0.00000,0.00000,14.82111,0.00000,0.00000
"1","6378",42.07968,0.00000,18.78074,0.00000,0.00000,0.00000,0.00000,20.01902,0.00000,0.00000
"1","6379",7.91036,0.00000,22.12163,0.00000,0.00000,0.00000,0.00000,20.01902,0.00000,0.00000
"1","6380",0.00000,0.00000,17.57883,0.00000,0.00000,0.00000,0.00000,20.01902,0.00000,0.00000
"1","6381",0.00000,0.00000,14.21469,0.00000,0.00000,0.00000,0.00000,20.01902,0.00000,0.00000
"1","6382",0.00000,0.00000,0.00000,0.00000,0.00000,0.00000,0.00000,20.01902,0.00000,0.00000
"1","6383",0.00000,0.00000,0.00000,0.00000,0.00000,0.00000,0.00000,20.01902,0.00000,0.00000
"1","6384",0.00000,0.00000,0.00000,0.00000,0.00000,0.00000,0.00000,20.01902,0.00000,0.00000
"1","6385",0.00000,0.00000,0.00000,0.00000,0.00000,0.00000,0.00000,20.01902,0.00000,0.00000
"1","6386",0.00000,0.00000,0.00000,0.00000,0.00000,0.00000,0.00000,20.01902,0.00000,0.00000
"1","6387",0.00000,0.00000,0.54050,0.00000,0.00000,0.00000,0.00000,20.01902,0.00000,0.00000
"1","6388",0.00000,0.00000,1.67466,0.00000,0.00000,0.00000,0.00000,20.01902,0.00000,0.00000
"1","6389",0.00000,0.00000,19.03990,0.00000,0.00000,0.00000,0.00000,20.01902,0.00000,0.00000
"1","6390",0.00000,0.00000,24.97437,0.00000,0.00000,0.00000,0.00000,20.01902,0.00000,0.00000
"1","6391",0.00000,0.00000,16.70238,0.00000,0.00000,0.00000,0.00000,20.01902,0.00000,0.00000
"1","6392",0.00000,0.00000,0.00000,0.00000,0.00000,0.00000,0.00000,20.01902,0.00000,0.00000
"1","6393",20.24493,0.00000,0.00000,0.00000,0.00000,0.00000,0.00000,20.01902,0.00000,0.00000
"1","6394",58.21917,0.00000,0.00000,0.00000,0.00000,0.00000,0.00000,20.01902,0.00000,0.00000
"1","6395",98.24993,0.00000,0.00000,0.00000,0.00000,0.00000,0.00000,20.01902,0.00000,0.00000
"1","6396",135.58607,0.00000,0.00000,0.00000,0.00000,0.00000,0.00000,20.01902,0.00000,0.00000
"1","6397",156.01145,0.00000,0.00000,0.00000,0.00000,0.00000,0.00000,20.01902,0.00000,0.00000
"1","6398",133.11786,0.00000,0.00000,0.00000,0.00000,0.00000,0.00000,20.01902,0.00000,0.00000
"1","6399",122.58806,0.00000,0.00000,0.00000,0.00000,0.00000,0.00000,20.01902,0.00000,0.00000
"1","6400",101.87145,0.00000,0.00000,0.00000,0.00000,0.00000,0.00000,20.01902,0.00000,0.00000
"1","6401",47.98408,0.00000,0.00000,0.00000,0.00000,0.00000,0.00000,20.01902,0.00000,0.00000
"1","6402",25.56609,0.00000,0.00000,0.00000,0.00000,0.00000,0.00000,20.01902,0.00000,0.00000
"1","6403",6.88583,0.00000,0.00000,0.00000,0.00000,0.00000,0.00000,20.01902,0.00000,0.00000
"1","6404",0.00000,0.00000,8.78860,0.00000,0.00000,0.00000,0.00000,20.01902,0.00000,0.00000
"1","6405",0.00000,0.00000,12.89044,0.00000,0.00000,0.00000,0.00000,20.01902,0.00000,0.00000
"1","6406",0.00000,0.00000,5.59382,0.00000,0.00000,0.00000,0.00000,20.01902,0.00000,0.00000
"1","6407",0.00000,0.00000,0.00000,0.00000,0.00000,0.00000,0.00000,20.01902,0.00000,0.00000
"1","6408",0.00000,0.00000,0.00000,0.00000,0.00000,0.00000,0.00000,20.01902,0.00000,0.00000
"1","6409",0.00000,0.00000,0.00000,0.00000,0.00000,0.00000,0.00000,20.01902,0.00000,0.00000
"1","6410",0.00000,0.00000,0.00000,0.00000,0.00000,0.00000,0.00000,20.01902,0.00000,0.00000
"1","6411",0.00000,0.00000,0.00000,0.00000,0.00000,0.00000,0.00000,20.01902,0.00000,0.00000
"1","6412",0.00000,0.00000,0.00000,0.00000,0.00000,0.00000,0.00000,20.01902,0.00000,0.00000
"1","6413",0.00000,0.00000,0.00000,0.00000,0.00000,0.00000,0.00000,20.01902,0.00000,0.00000
"1","6414",0.00000,0.00000,0.00000,0.00000,0.00000,0.00000,0.00000,20.01902,0.00000,0.00000
"1","6415",0.00000,0.00000,0.00000,0.00000,0.00000,0.00000,0.00000,20.01902,0.00000,0.00000
"1","6416",0.00000,0.00000,0.00000,0.00000,0.00000,0.00000,0.00000,20.01902,0.00000,0.00000
"1","6417",23.01385,0.00000,0.00000,0.00000,0.00000,0.00000,0.00000,20.01902,0.00000,0.00000
"1","6418",46.09422,0.00000,0.00000,0.00000,0.00000,0.00000,0.00000,20.01902,0.00000,0.00000
"1","6419",79.07268,0.00000,0.00000,0.00000,0.00000,0.00000,0.00000,20.01902,0.00000,0.00000
"1","6420",112.59331,0.00000,0.00000,0.00000,0.00000,0.00000,0.00000,20.01902,0.00000,0.00000
"1","6421",179.63408,0.00000,0.00000,0.00000,0.00000,0.00000,0.00000,2.61366,0.00000,0.00000
"1","6422",183.95998,0.00000,0.00000,0.00000,0.00000,0.00000,0.00000,0.00000,0.00000,0.00000
"1","6423",177.87943,0.00000,0.00000,0.00000,0.00000,0.00000,0.00000,3.76831,0.00000,0.00000
"1","6424",146.50966,0.00000,0.00000,0.00000,0.00000,0.00000,0.00000,20.01902,0.00000,0.00000
"1","6425",99.68383,0.00000,0.00000,0.00000,0.00000,0.00000,0.00000,20.01902,0.00000,0.00000
"1","6426",52.81397,0.00000,0.00000,0.00000,0.00000,0.00000,0.00000,20.01902,0.00000,0.00000
"1","6427",8.47193,0.00000,0.00000,0.00000,0.00000,0.00000,0.00000,20.01902,0.00000,0.00000
"1","6428",0.00000,0.00000,0.00000,0.00000,0.00000,0.00000,0.00000,20.01902,0.00000,0.00000
"1","6429",0.00000,0.00000,0.00000,0.00000,0.00000,0.00000,0.00000,20.01902,0.00000,0.00000
"1","6430",0.00000,0.00000,0.00000,0.00000,0.00000,0.00000,0.00000,20.01902,0.00000,0.00000
"1","6431",0.00000,0.00000,0.00000,0.00000,0.00000,0.00000,0.00000,20.01902,0.00000,0.00000
"1","6432",0.00000,0.00000,0.48405,0.00000,0.00000,0.00000,0.00000,20.01902,0.00000,0.00000
"1","6433",0.00000,0.00000,4.58916,0.00000,0.00000,0.00000,0.00000,20.01902,0.00000,0.00000
"1","6434",0.00000,0.00000,2.49293,0.00000,0.00000,0.00000,0.00000,20.01902,0.00000,0.00000
"1","6435",0.00000,0.00000,3.38167,0.00000,0.00000,0.00000,0.00000,20.01902,0.00000,0.00000
"1","6436",0.00000,0.00000,4.09748,0.00000,0.00000,0.00000,0.00000,20.01902,0.00000,0.00000
"1","6437",0.00000,0.00000,0.00000,0.00000,0.00000,0.00000,0.00000,20.01902,0.00000,0.00000
"1","6438",0.00000,0.00000,0.00000,0.00000,0.00000,0.00000,0.00000,20.01902,0.00000,0.00000
"1","6439",0.00000,0.00000,0.00000,0.00000,0.00000,0.00000,0.00000,20.01902,0.00000,0.00000
"1","6440",0.00000,0.00000,0.00000,0.00000,0.00000,0.00000,0.00000,20.01902,0.00000,0.00000
"1","6441",10.92572,0.00000,0.00000,0.00000,0.00000,0.00000,0.00000,20.01902,0.00000,0.00000
"1","6442",40.79734,0.00000,0.00000,0.00000,0.00000,0.00000,0.00000,20.01902,0.00000,0.00000
"1","6443",73.57751,0.00000,0.00000,0.00000,0.00000,0.00000,0.00000,20.01902,0.00000,0.00000
"1","6444",100.68379,0.00000,0.00000,0.00000,0.00000,0.00000,0.00000,20.01902,0.00000,0.00000
"1","6445",118.90268,0.00000,0.00000,0.00000,0.00000,0.00000,0.00000,20.01902,0.00000,0.00000
"1","6446",123.24502,0.00000,0.00000,0.00000,0.00000,0.00000,0.00000,20.01902,0.00000,0.00000
"1","6447",82.24430,0.00000,0.00000,0.00000,0.00000,0.00000,5.36332,20.01902,0.00000,0.00000
"1","6448",27.67055,0.00000,0.00000,0.00000,0.00000,0.00000,0.00000,20.01902,0.00000,0.00000
"1","6449",19.00163,0.00000,0.00000,0.00000,0.00000,0.00000,0.00000,20.01902,0.00000,0.00000
"1","6450",9.79664,0.00000,12.94535,0.00000,0.00000,0.00000,0.00000,20.01902,0.00000,0.00000
"1","6451",5.68109,0.00000,61.89362,0.00000,0.00000,0.00000,0.00000,20.01902,0.00000,0.00000
"1","6452",0.00000,0.00000,220.04519,0.00000,0.00000,0.00000,0.00000,0.00000,0.00000,0.00000
"1","6453",0.00000,0.00000,246.60772,0.00000,0.00000,0.00000,0.00000,0.00000,0.00000,0.00000
"1","6454",0.00000,0.00000,223.68828,0.00000,0.00000,0.00000,0.00000,0.00000,0.00000,0.00000
"1","6455",0.00000,0.00000,135.11753,0.00000,0.00000,0.00000,0.00000,0.00000,0.00000,0.00000
"1","6456",0.00000,0.00000,48.76205,0.00000,0.00000,0.00000,0.00000,0.00000,0.00000,0.00000
"1","6457",0.00000,0.00000,105.36763,0.00000,0.00000,0.00000,0.00000,0.00000,0.00000,0.00000
"1","6458",0.00000,0.00000,0.00000,0.00000,0.00000,0.00000,0.00000,0.00000,0.00000,0.00000
"1","6459",0.00000,0.00000,18.87067,0.00000,0.00000,0.00000,0.00000,10.08562,0.00000,0.00000
"1","6460",0.00000,0.00000,7.89939,0.00000,0.00000,0.00000,0.00000,0.00000,0.00000,0.00000
"1","6461",0.00000,0.00000,17.17418,0.00000,0.00000,0.00000,0.00000,20.01902,0.00000,0.00000
"1","6462",0.00000,0.00000,46.01493,0.00000,0.00000,0.00000,0.00000,0.00000,0.00000,0.00000
"1","6463",0.00000,0.00000,143.26195,0.00000,0.00000,0.00000,0.00000,0.00000,0.00000,0.00000
"1","6464",0.00000,0.00000,235.81666,0.00000,0.00000,0.00000,0.00000,0.00000,0.00000,0.00000
"1","6465",11.76744,0.00000,93.43069,0.00000,0.00000,0.00000,0.00000,0.00000,0.00000,0.00000
"1","6466",24.75969,0.00000,111.40428,0.00000,0.00000,0.00000,25.69732,0.00000,0.00000,0.00000
"1","6467",9.79176,33.34806,280.54050,0.00000,0.00000,0.00000,0.00000,0.00000,0.00000,0.00000
"1","6468",0.00000,60.07637,278.10679,0.00000,0.00000,0.00000,0.00000,0.00000,0.00000,0.00000
"1","6469",0.00000,221.99662,210.21397,70.32653,0.00000,0.00000,0.00000,0.00000,0.00000,0.00000
"1","6470",221.30967,0.00000,65.32259,215.21790,0.00000,0.00000,0.00000,0.00000,0.00000,0.00000
"1","6471",5.29176,184.24805,280.54050,0.00000,0.00000,0.00000,0.00000,0.00000,0.00000,0.00000
"1","6472",152.73630,0.00000,132.89596,147.64454,0.00000,0.00000,0.00000,0.00000,0.00000,0.00000
"1","6473",13.30358,36.63921,272.52868,0.00000,0.00000,0.00000,0.00000,0.00000,0.00000,0.00000
"1","6474",25.10486,0.00000,194.72005,0.00000,0.00000,0.00000,0.00000,0.00000,0.00000,0.00000
"1","6475",3.99547,0.00000,198.68905,39.66498,0.00000,0.00000,0.00000,0.00000,0.00000,0.00000
"1","6476",0.00000,0.00000,42.96505,0.00000,0.00000,0.00000,0.00000,20.01902,0.00000,0.00000
"1","6477",0.00000,0.00000,1.69376,0.00000,0.00000,0.00000,0.00000,20.01902,0.00000,0.00000
"1","6478",0.00000,0.00000,20.84827,0.00000,0.00000,0.00000,0.00000,20.01902,0.00000,0.00000
"1","6479",0.00000,0.00000,15.91352,0.00000,0.00000,0.00000,0.00000,20.01902,0.00000,0.00000
"1","6480",0.00000,0.00000,6.43108,0.00000,0.00000,0.00000,0.00000,20.01902,0.00000,0.00000
"1","6481",0.00000,0.00000,3.42507,0.00000,0.00000,0.00000,0.00000,20.01902,0.00000,0.00000
"1","6482",0.00000,0.00000,8.50874,0.00000,0.00000,0.00000,0.00000,20.01902,0.00000,0.00000
"1","6483",0.00000,0.00000,0.00000,0.00000,0.00000,0.00000,0.00000,20.01902,0.00000,0.00000
"1","6484",0.00000,0.00000,5.72956,0.00000,0.00000,0.00000,0.00000,20.01902,0.00000,0.00000
"1","6485",0.00000,0.00000,24.16731,0.00000,0.00000,0.00000,0.00000,20.01902,0.00000,0.00000
"1","6486",0.00000,0.00000,80.61964,0.00000,0.00000,0.00000,11.23866,20.01902,0.00000,0.00000
"1","6487",0.00000,0.00000,64.11954,0.00000,0.00000,0.00000,0.00000,20.01902,0.00000,0.00000
"1","6488",0.00000,0.00000,85.97482,0.00000,0.00000,0.00000,4.39384,20.01902,0.00000,0.00000
"1","6489",9.87095,0.00000,28.80247,0.00000,0.00000,0.00000,0.00000,20.01902,0.00000,0.00000
"1","6490",25.70784,0.00000,6.45726,0.00000,0.00000,0.00000,0.00000,20.01902,0.00000,0.00000
"1","6491",44.98527,0.00000,0.00000,0.00000,0.00000,0.00000,0.00000,20.01902,0.00000,0.00000
"1","6492",62.24948,0.00000,2.78924,0.00000,0.00000,0.00000,0.00000,20.01902,0.00000,0.00000
"1","6493",77.63201,0.00000,11.01445,0.00000,0.00000,0.00000,9.96547,20.01902,0.00000,0.00000
"1","6494",42.87534,0.00000,4.27713,0.00000,0.00000,0.00000,0.00000,20.01902,0.00000,0.00000
"1","6495",17.72346,0.00000,10.13529,0.00000,0.00000,0.00000,0.00000,20.01902,0.00000,0.00000
"1","6496",109.34671,0.00000,22.91767,0.00000,0.00000,0.00000,0.00000,20.01902,0.00000,0.00000
"1","6497",73.76521,0.00000,57.05020,0.00000,0.00000,0.00000,0.00000,20.01902,0.00000,0.00000
"1","6498",35.88347,0.00000,80.86609,0.00000,0.00000,0.00000,0.00000,20.01902,0.00000,0.00000
"1","6499",4.83649,0.00000,97.38664,0.00000,0.00000,0.00000,0.00000,20.01902,0.00000,0.00000
"1","6500",0.00000,0.00000,101.29215,0.00000,0.00000,0.00000,19.01117,20.01902,0.00000,0.00000
"1","6501",0.00000,0.00000,13.28659,0.00000,0.00000,0.00000,0.00000,20.01902,0.00000,0.00000
"1","6502",0.00000,0.00000,22.45540,0.00000,0.00000,0.00000,0.00000,20.01902,0.00000,0.00000
"1","6503",0.00000,0.00000,46.27717,0.00000,0.00000,0.00000,0.00000,20.01902,0.00000,0.00000
"1","6504",0.00000,0.00000,39.89676,0.00000,0.00000,0.00000,0.00000,20.01902,0.00000,0.00000
"1","6505",0.00000,0.00000,63.39765,0.00000,0.00000,0.00000,10.21666,20.01902,0.00000,0.00000
"1","6506",0.00000,0.00000,48.43473,0.00000,0.00000,0.00000,0.00000,20.01902,0.00000,0.00000
"1","6507",0.00000,0.00000,1.55904,0.00000,0.00000,0.00000,0.00000,20.01902,0.00000,0.00000
"1","6508",0.00000,0.00000,21.86061,0.00000,0.00000,0.00000,0.00000,20.01902,0.00000,0.00000
"1","6509",0.00000,0.00000,8.68516,0.00000,0.00000,0.00000,0.00000,20.01902,0.00000,0.00000
"1","6510",0.00000,0.00000,38.25788,0.00000,0.00000,0.00000,0.00000,20.01902,0.00000,0.00000
"1","6511",0.00000,0.00000,10.76267,0.00000,0.00000,0.00000,0.00000,20.01902,0.00000,0.00000
"1","6512",0.00000,0.00000,0.00000,0.00000,0.00000,0.00000,0.00000,20.01902,0.00000,0.00000
"1","6513",25.51404,0.00000,0.00000,0.00000,0.00000,0.00000,0.00000,20.01902,0.00000,0.00000
"1","6514",119.46144,0.00000,0.00000,0.00000,0.00000,0.00000,0.00000,0.00000,0.00000,0.00000
"1","6515",188.76965,0.00000,0.00000,0.00000,0.00000,0.00000,0.00000,0.00000,0.00000,0.00000
"1","6516",128.03873,0.00000,0.00000,0.00000,0.00000,0.00000,0.00000,0.00000,0.00000,0.00000
"1","6517",147.98952,0.00000,0.10981,0.00000,0.00000,0.00000,0.00000,0.00000,0.00000,0.00000
"1","6518",132.14257,0.00000,1.94167,0.00000,0.00000,0.00000,0.00000,0.00000,0.00000,0.00000
"1","6519",121.63261,0.00000,0.00000,0.00000,0.00000,0.00000,0.00000,0.00000,0.00000,0.00000
"1","6520",97.89919,0.00000,1.03847,0.00000,0.00000,0.00000,0.00000,0.00000,0.00000,0.00000
"1","6521",65.76506,0.00000,9.45644,0.00000,0.00000,0.00000,0.00000,0.00000,0.00000,0.00000
"1","6522",30.38268,0.00000,40.83933,0.00000,0.00000,0.00000,0.00000,0.00000,0.00000,0.00000
"1","6523",2.74818,0.00000,16.82995,0.00000,0.00000,0.00000,0.00000,0.00000,0.00000,0.00000
"1","6524",0.00000,0.00000,22.86136,0.00000,0.00000,0.00000,0.00000,16.77346,0.00000,0.00000
"1","6525",0.00000,0.00000,79.48749,0.00000,0.00000,0.00000,0.00000,0.00000,0.00000,0.00000
"1","6526",0.00000,0.00000,79.06079,0.00000,0.00000,0.00000,0.00000,0.00000,0.00000,0.00000
"1","6527",0.00000,0.00000,185.98452,94.55598,0.00000,0.00000,0.00000,0.00000,0.00000,0.00000
"1","6528",0.00000,0.00000,180.88452,99.65598,0.00000,0.00000,0.00000,0.00000,0.00000,0.00000
"1","6529",0.00000,0.00000,177.88452,102.65598,0.00000,0.00000,0.00000,0.00000,0.00000,0.00000
"1","6530",0.00000,0.00000,175.88452,104.65598,0.00000,0.00000,0.00000,0.00000,0.00000,0.00000
"1","6531",0.00000,0.00000,175.38452,105.15598,0.00000,0.00000,0.00000,0.00000,0.00000,0.00000
"1","6532",0.00000,0.00000,175.88452,104.65598,0.00000,0.00000,0.00000,0.00000,0.00000,0.00000
"1","6533",0.00000,0.00000,178.18452,102.35598,0.00000,0.00000,0.00000,0.00000,0.00000,0.00000
"1","6534",0.00000,0.00000,182.78452,97.75598,0.00000,0.00000,0.00000,0.00000,0.00000,0.00000
"1","6535",0.00000,0.00000,189.58452,90.72064,0.00000,0.00000,0.00000,0.00000,0.00000,0.00000
"1","6536",0.00000,0.00000,143.64765,0.00000,0.00000,0.00000,0.00000,0.00000,0.00000,0.00000
"1","6537",3.07593,0.00000,195.40859,85.13191,0.00000,0.00000,0.00000,0.00000,0.00000,0.00000
"1","6538",30.82659,0.00000,171.85793,104.46047,0.00000,0.00000,0.00000,0.00000,0.00000,0.00000
"1","6539",0.00000,55.06836,203.88452,76.65598,0.00000,0.00000,0.00000,0.00000,0.00000,0.00000
"1","6540",76.43854,0.00000,127.44598,153.09452,0.00000,0.00000,0.00000,0.00000,0.00000,0.00000
"1","6541",95.82381,0.00000,103.29347,0.00000,0.00000,0.00000,0.00000,0.00000,0.00000,0.00000
"1","6542",201.98452,73.34613,0.00000,280.54050,0.00000,0.00000,0.00000,0.00000,0.00000,0.00000
"1","6543",0.00000,114.63483,201.98452,78.55598,0.00000,0.00000,0.00000,0.00000,0.00000,0.00000
"1","6544",0.00000,91.97636,202.38452,60.39625,0.00000,0.00000,0.00000,0.00000,0.00000,0.00000
"1","6545",61.31435,0.00000,140.87017,139.67033,0.00000,0.00000,0.00000,0.00000,0.00000,0.00000
"1","6546",0.00000,24.08643,201.38452,72.51044,0.00000,0.00000,0.00000,0.00000,0.00000,0.00000
"1","6547",0.00000,0.00000,203.58452,57.05112,0.00000,0.00000,0.00000,0.00000,0.00000,0.00000
"1","6548",0.00000,0.00000,203.58452,75.12463,0.00000,0.00000,0.00000,0.00000,0.00000,0.00000
"1","6549",0.00000,0.00000,198.88452,76.90530,0.00000,0.00000,0.00000,0.00000,0.00000,0.00000
"1","6550",0.00000,0.00000,192.18452,42.67584,0.00000,0.00000,0.00000,0.00000,0.00000,0.00000
"1","6551",0.00000,0.00000,102.23818,0.00000,0.00000,0.00000,0.00000,0.00000,0.00000,0.00000
"1","6552",0.00000,0.00000,84.42775,0.00000,0.00000,0.00000,0.00000,0.00000,0.00000,0.00000
"1","6553",0.00000,0.00000,177.18452,84.70159,0.00000,0.00000,0.00000,0.00000,0.00000,0.00000
"1","6554",0.00000,0.00000,175.18452,103.30049,0.00000,0.00000,0.00000,0.00000,0.00000,0.00000
"1","6555",0.00000,0.00000,60.78575,0.00000,0.00000,0.00000,0.00000,0.00000,0.00000,0.00000
"1","6556",0.00000,0.00000,174.78452,91.92325,0.00000,0.00000,0.00000,0.00000,0.00000,0.00000
"1","6557",0.00000,0.00000,176.68452,90.17827,0.00000,0.00000,0.00000,0.00000,0.00000,0.00000
"1","6558",0.00000,0.00000,146.60153,0.00000,0.00000,0.00000,0.00000,0.00000,0.00000,0.00000
"1","6559",0.00000,0.00000,119.05188,0.00000,0.00000,0.00000,0.00000,0.00000,0.00000,0.00000
"1","6560",0.00000,0.00000,7.68702,0.00000,0.00000,0.00000,0.00000,0.00000,0.00000,0.00000
"1","6561",60.41018,0.00000,97.56688,0.00000,0.00000,0.00000,0.00000,0.00000,0.00000,0.00000
"1","6562",63.36409,0.00000,28.49083,0.00000,0.00000,0.00000,0.00000,0.00000,0.00000,0.00000
"1","6563",117.48958,0.00000,36.80662,0.00000,0.00000,0.00000,0.00000,0.00000,0.00000,0.00000
"1","6564",161.82301,0.00000,41.96151,23.04653,0.00000,0.00000,0.00000,0.00000,0.00000,0.00000
"1","6565",106.86438,79.47818,96.32014,0.00000,0.00000,0.00000,0.00000,0.00000,0.00000,0.00000
"1","6566",188.38166,0.00000,0.15710,0.00000,0.00000,0.00000,0.00000,0.00000,0.00000,0.00000
"1","6567",86.94263,54.25810,116.14189,0.00000,0.00000,0.00000,0.00000,0.00000,0.00000,0.00000
"1","6568",111.65721,0.00000,70.58026,0.00000,0.00000,0.00000,0.00000,0.00000,0.00000,0.00000
"1","6569",72.18134,0.00000,121.73960,0.00000,0.00000,0.00000,0.00000,0.00000,0.00000,0.00000
"1","6570",34.25175,0.00000,101.11471,0.00000,0.00000,0.00000,0.00000,0.00000,0.00000,0.00000
"1","6571",0.00000,0.00000,178.51991,0.00000,0.00000,0.00000,0.00000,0.00000,0.00000,0.00000
"1","6572",0.00000,0.00000,51.94903,0.00000,0.00000,0.00000,0.00000,0.00000,0.00000,0.00000
"1","6573",0.00000,0.00000,75.52995,0.00000,0.00000,0.00000,0.00000,0.00000,0.00000,0.00000
"1","6574",0.00000,0.00000,105.20234,0.00000,0.00000,0.00000,0.00000,0.00000,0.00000,0.00000
"1","6575",0.00000,0.00000,31.39895,0.00000,0.00000,0.00000,0.00000,0.00000,0.00000,0.00000
"1","6576",0.00000,0.00000,133.65133,0.00000,0.00000,0.00000,0.00000,0.00000,0.00000,0.00000
"1","6577",0.00000,0.00000,151.15236,0.00000,0.00000,0.00000,0.00000,0.00000,0.00000,0.00000
"1","6578",0.00000,0.00000,174.38452,101.76764,0.00000,0.00000,0.00000,0.00000,0.00000,0.00000
"1","6579",0.00000,0.00000,174.38452,61.00256,0.00000,0.00000,0.00000,0.00000,0.00000,0.00000
"1","6580",0.00000,0.00000,9.20810,0.00000,0.00000,0.00000,0.00000,0.00000,0.00000,0.00000
"1","6581",0.00000,0.00000,181.18452,99.35598,0.00000,0.00000,0.00000,0.00000,0.00000,0.00000
"1","6582",0.00000,0.00000,275.53226,5.00824,0.00000,0.00000,0.00000,0.00000,0.00000,0.00000
"1","6583",0.00000,0.00000,199.98452,80.55598,0.00000,0.00000,0.00000,0.00000,0.00000,0.00000
"1","6584",0.00000,0.00000,204.68452,75.85598,0.00000,0.00000,0.00000,0.00000,0.00000,0.00000
"1","6585",57.06489,0.00000,149.31963,131.22087,0.00000,0.00000,0.00000,0.00000,0.00000,0.00000
"1","6586",26.32271,0.00000,180.66181,50.90194,0.00000,0.00000,0.00000,0.00000,0.00000,0.00000
"1","6587",49.82522,0.00000,0.00000,0.00000,0.00000,0.00000,0.00000,0.00000,0.00000,0.00000
"1","6588",0.00000,71.06576,208.58452,71.95598,0.00000,0.00000,0.00000,0.00000,0.00000,0.00000
"1","6589",0.00000,85.44252,207.58452,72.95598,0.00000,0.00000,0.00000,0.00000,0.00000,0.00000
"1","6590",0.00000,103.16603,207.38452,73.15598,0.00000,0.00000,0.00000,0.00000,0.00000,0.00000
"1","6591",0.00000,62.45025,207.08452,73.45598,0.00000,0.00000,0.00000,0.00000,0.00000,0.00000
"1","6592",48.48372,0.00000,159.70080,118.15851,0.00000,0.00000,0.00000,0.00000,0.00000,0.00000
"1","6593",30.75195,0.00000,56.96438,0.00000,0.00000,0.00000,0.00000,0.00000,0.00000,0.00000
"1","6594",12.36325,0.00000,27.31086,0.00000,0.00000,0.00000,0.00000,0.00000,0.00000,0.00000
"1","6595",0.00000,0.00000,279.34232,0.00000,0.00000,0.00000,0.00000,0.00000,0.00000,0.00000
"1","6596",0.00000,0.00000,280.54050,0.00000,0.00000,0.00000,0.00000,0.00000,0.00000,0.00000
"1","6597",0.00000,0.00000,107.31666,0.00000,0.00000,0.00000,0.00000,0.00000,0.00000,0.00000
"1","6598",0.00000,0.00000,194.38452,83.27587,0.00000,0.00000,0.00000,0.00000,0.00000,0.00000
"1","6599",0.00000,0.00000,97.56314,0.00000,0.00000,0.00000,0.00000,0.00000,0.00000,0.00000
"1","6600",0.00000,0.00000,266.13226,10.90429,0.00000,0.00000,0.00000,0.00000,0.00000,0.00000
"1","6601",0.00000,0.00000,179.38452,38.49125,0.00000,0.00000,0.00000,0.00000,0.00000,0.00000
"1","6602",0.00000,0.00000,178.18452,102.35598,0.00000,0.00000,0.00000,0.00000,0.00000,0.00000
"1","6603",0.00000,0.00000,164.19876,0.00000,0.00000,0.00000,0.00000,0.00000,0.00000,0.00000
"1","6604",0.00000,0.00000,180.38452,100.15598,0.00000,0.00000,0.00000,0.00000,0.00000,0.00000
"1","6605",0.00000,0.00000,247.14658,0.00000,0.00000,0.00000,0.00000,0.00000,0.00000,0.00000
"1","6606",0.00000,0.00000,208.26232,65.68587,0.00000,0.00000,0.00000,0.00000,0.00000,0.00000
"1","6607",0.00000,0.00000,280.54050,0.00000,0.00000,0.00000,0.00000,0.00000,0.00000,0.00000
"1","6608",0.00000,0.00000,276.71343,0.00000,0.00000,0.00000,0.00000,0.00000,0.00000,0.00000
"1","6609",0.00000,8.88023,207.98452,72.55598,0.00000,0.00000,0.00000,0.00000,0.00000,0.00000
"1","6610",13.20565,0.00000,194.37887,86.16162,0.00000,0.00000,0.00000,0.00000,0.00000,0.00000
"1","6611",23.36822,0.00000,24.93543,0.00000,0.00000,0.00000,0.00000,0.00000,0.00000,0.00000
"1","6612",32.89627,0.00000,69.38124,0.00000,0.00000,0.00000,0.00000,0.00000,0.00000,0.00000
"1","6613",39.71955,0.00000,0.00000,0.00000,0.00000,0.00000,0.00000,0.00000,0.00000,0.00000
"1","6614",41.11455,0.00000,0.00000,0.00000,0.00000,0.00000,0.00000,0.00000,0.00000,0.00000
"1","6615",130.87219,0.00000,2.71765,0.00000,0.00000,0.00000,0.00000,0.00000,0.00000,0.00000
"1","6616",100.84634,0.00000,59.62829,0.00000,0.00000,0.00000,0.00000,0.00000,0.00000,0.00000
"1","6617",65.51446,0.00000,218.32403,0.00000,0.00000,0.00000,0.00000,0.00000,0.00000,0.00000
"1","6618",38.04260,0.00000,30.56415,0.00000,0.00000,0.00000,0.00000,0.00000,0.00000,0.00000
"1","6619",0.00000,0.00000,17.30959,0.00000,0.00000,0.00000,0.00000,0.00000,0.00000,0.00000
"1","6620",0.00000,0.00000,17.16736,0.00000,0.00000,0.00000,0.00000,0.00000,0.00000,0.00000
"1","6621",0.00000,0.00000,82.66961,0.00000,0.00000,0.00000,0.00000,0.00000,0.00000,0.00000
"1","6622",0.00000,0.00000,99.68867,0.00000,0.00000,0.00000,0.00000,0.00000,0.00000,0.00000
"1","6623",0.00000,0.00000,49.32911,0.00000,0.00000,0.00000,0.00000,0.00000,0.00000,0.00000
"1","6624",0.00000,0.00000,48.38420,0.00000,0.00000,0.00000,0.00000,0.00000,0.00000,0.00000
"1","6625",0.00000,0.00000,17.58285,0.00000,0.00000,0.00000,0.00000,0.00000,0.00000,0.00000
"1","6626",0.00000,0.00000,23.16786,0.00000,0.00000,0.00000,0.00000,0.00000,0.00000,0.00000
"1","6627",0.00000,0.00000,21.72622,0.00000,0.00000,0.00000,0.00000,0.00000,0.00000,0.00000
"1","6628",0.00000,0.00000,11.34551,0.00000,0.00000,0.00000,0.00000,0.00000,0.00000,0.00000
"1","6629",0.00000,0.00000,27.82366,0.00000,0.00000,0.00000,0.00000,0.00000,0.00000,0.00000
"1","6630",0.00000,0.00000,33.19958,0.00000,0.00000,0.00000,0.00000,0.00000,0.00000,0.00000
"1","6631",0.00000,0.00000,28.49634,0.00000,0.00000,0.00000,0.00000,0.00000,0.00000,0.00000
"1","6632",0.00000,0.00000,45.56648,0.00000,0.00000,0.00000,0.00000,0.00000,0.00000,0.00000
"1","6633",54.44139,0.00000,27.79181,0.00000,0.00000,0.00000,0.00000,0.00000,0.00000,0.00000
"1","6634",31.40393,0.00000,259.52898,0.00000,0.00000,0.00000,0.00000,0.00000,0.00000,0.00000
"1","6635",58.76970,0.00000,41.32075,0.00000,0.00000,0.00000,0.00000,0.00000,0.00000,0.00000
"1","6636",87.08348,0.00000,193.95799,0.00000,0.00000,0.00000,0.00000,0.00000,0.00000,0.00000
"1","6637",4.27098,0.00000,126.99552,0.00000,0.00000,0.00000,0.00000,0.00000,0.00000,0.00000
"1","6638",133.86384,0.00000,82.18576,0.00000,0.00000,0.00000,0.00000,0.00000,0.00000,0.00000
"1","6639",122.39552,0.00000,74.73849,0.00000,0.00000,0.00000,0.00000,0.00000,0.00000,0.00000
"1","6640",97.45122,0.00000,21.38787,0.00000,0.00000,0.00000,0.00000,0.00000,0.00000,0.00000
"1","6641",59.21284,0.00000,81.42754,0.00000,0.00000,0.00000,0.00000,0.00000,0.00000,0.00000
"1","6642",23.10601,0.00000,243.71081,0.00000,0.00000,0.00000,0.00000,0.00000,0.00000,0.00000
"1","6643",0.00000,0.00000,215.43365,0.00000,0.00000,0.00000,0.00000,0.00000,0.00000,0.00000
"1","6644",0.00000,0.00000,227.79178,0.00000,0.00000,0.00000,0.00000,0.00000,0.00000,0.00000
"1","6645",0.00000,0.00000,272.11777,0.00000,0.00000,0.00000,0.00000,0.00000,0.00000,0.00000
"1","6646",0.00000,0.00000,73.70355,0.00000,0.00000,0.00000,0.00000,0.00000,0.00000,0.00000
"1","6647",0.00000,0.00000,11.15593,0.00000,0.00000,0.00000,0.00000,0.00000,0.00000,0.00000
"1","6648",0.00000,0.00000,50.97975,0.00000,0.00000,0.00000,0.00000,0.00000,0.00000,0.00000
"1","6649",0.00000,0.00000,48.81790,0.00000,0.00000,0.00000,0.00000,0.00000,0.00000,0.00000
"1","6650",0.00000,0.00000,6.79466,0.00000,0.00000,0.00000,0.00000,0.00000,0.00000,0.00000
"1","6651",0.00000,0.00000,29.77997,0.00000,0.00000,0.00000,0.00000,0.00000,0.00000,0.00000
"1","6652",0.00000,0.00000,20.16467,0.00000,0.00000,0.00000,0.00000,0.00000,0.00000,0.00000
"1","6653",0.00000,0.00000,4.74751,0.00000,0.00000,0.00000,0.00000,0.00000,0.00000,0.00000
"1","6654",0.00000,0.00000,32.35152,0.00000,0.00000,0.00000,0.00000,0.00000,0.00000,0.00000
"1","6655",0.00000,0.00000,24.60334,0.00000,0.00000,0.00000,0.00000,0.00000,0.00000,0.00000
"1","6656",0.00000,0.00000,13.11961,0.00000,0.00000,0.00000,0.00000,0.00000,0.00000,0.00000
"1","6657",50.71246,0.00000,15.67622,0.00000,0.00000,0.00000,0.00000,0.00000,0.00000,0.00000
"1","6658",137.71419,0.00000,10.31300,0.00000,0.00000,0.00000,0.00000,0.00000,0.00000,0.00000
"1","6659",205.55221,0.00000,0.00000,0.00000,0.00000,0.00000,0.00000,0.00000,0.00000,0.00000
"1","6660",248.82135,0.00000,0.00000,0.00000,0.00000,0.00000,0.00000,0.00000,0.00000,0.00000
"1","6661",269.12723,0.00000,0.62596,0.00000,0.00000,0.00000,0.00000,0.00000,0.00000,0.00000
"1","6662",267.31163,0.00000,15.46610,0.00000,0.00000,0.00000,0.00000,0.00000,0.00000,0.00000
"1","6663",242.71517,0.00000,4.75273,0.00000,0.00000,0.00000,0.00000,0.00000,0.00000,0.00000
"1","6664",196.91396,0.00000,1.69656,0.00000,0.00000,0.00000,0.00000,0.00000,0.00000,0.00000
"1","6665",124.71279,0.00000,5.15697,0.00000,0.00000,0.00000,0.00000,0.00000,0.00000,0.00000
"1","6666",35.15965,0.00000,15.30855,0.00000,0.00000,0.00000,0.00000,0.00000,0.00000,0.00000
"1","6667",0.00000,0.00000,57.28293,0.00000,0.00000,0.00000,0.00000,0.00000,0.00000,0.00000
"1","6668",0.00000,0.00000,70.58913,0.00000,0.00000,0.00000,0.00000,0.00000,0.00000,0.00000
"1","6669",0.00000,0.00000,17.09582,0.00000,0.00000,0.00000,0.00000,0.00000,0.00000,0.00000
"1","6670",0.00000,0.00000,13.95750,0.00000,0.00000,0.00000,0.00000,0.00000,0.00000,0.00000
"1","6671",0.00000,0.00000,33.22386,0.00000,0.00000,0.00000,0.00000,0.00000,0.00000,0.00000
"1","6672",0.00000,0.00000,11.70309,0.00000,0.00000,0.00000,0.00000,0.00000,0.00000,0.00000
"1","6673",0.00000,0.00000,0.00000,0.00000,0.00000,0.00000,0.00000,0.00000,0.00000,0.00000
"1","6674",0.00000,0.00000,14.61916,0.00000,0.00000,0.00000,0.00000,0.00000,0.00000,0.00000
"1","6675",0.00000,0.00000,43.67069,0.00000,0.00000,0.00000,0.00000,0.00000,0.00000,0.00000
"1","6676",0.00000,0.00000,57.67759,0.00000,0.00000,0.00000,0.00000,0.00000,0.00000,0.00000
"1","6677",0.00000,0.00000,53.16692,0.00000,0.00000,0.00000,0.00000,0.00000,0.00000,0.00000
"1","6678",0.00000,0.00000,58.77238,0.00000,0.00000,0.00000,0.00000,0.00000,0.00000,0.00000
"1","6679",0.00000,0.00000,49.26757,0.00000,0.00000,0.00000,0.00000,0.00000,0.00000,0.00000
"1","6680",0.00000,0.00000,29.19087,0.00000,0.00000,0.00000,0.00000,0.00000,0.00000,0.00000
"1","6681",48.78463,0.00000,14.41491,0.00000,0.00000,0.00000,0.00000,0.00000,0.00000,0.00000
"1","6682",21.81013,0.00000,8.30675,0.00000,0.00000,0.00000,0.00000,0.00000,0.00000,0.00000
"1","6683",42.97621,0.00000,0.00000,0.00000,0.00000,0.00000,0.00000,0.00000,0.00000,0.00000
"1","6684",62.73567,0.00000,5.56768,0.00000,0.00000,0.00000,0.00000,0.00000,0.00000,0.00000
"1","6685",82.47264,0.00000,0.00000,0.00000,0.00000,0.00000,0.00000,0.00000,0.00000,0.00000
"1","6686",159.10518,0.00000,0.00000,0.00000,0.00000,0.00000,0.00000,0.00000,0.00000,0.00000
"1","6687",63.53148,0.00000,0.00000,0.00000,0.00000,0.00000,0.00000,0.00000,0.00000,0.00000
"1","6688",49.08408,0.00000,0.00000,0.00000,0.00000,0.00000,0.00000,0.00000,0.00000,0.00000
"1","6689",29.58881,0.00000,0.00000,0.00000,0.00000,0.00000,0.00000,0.00000,0.00000,0.00000
"1","6690",7.54434,0.00000,0.00000,0.00000,0.00000,0.00000,0.00000,0.00000,0.00000,0.00000
"1","6691",0.00000,0.00000,0.00000,0.00000,0.00000,0.00000,0.00000,0.00000,0.00000,0.00000
"1","6692",0.00000,0.00000,1.21582,0.00000,0.00000,0.00000,0.00000,43.99281,0.00000,0.00000
"1","6693",0.00000,0.00000,15.95872,0.00000,0.00000,0.00000,0.00000,0.00000,0.00000,0.00000
"1","6694",0.00000,0.00000,27.55115,0.00000,0.00000,0.00000,0.00000,0.00000,0.00000,0.00000
"1","6695",0.00000,0.00000,26.45934,0.00000,0.00000,0.00000,0.00000,0.00000,0.00000,0.00000
"1","6696",0.00000,0.00000,26.99119,0.00000,0.00000,0.00000,0.00000,0.00000,0.00000,0.00000
"1","6697",0.00000,0.00000,21.96940,0.00000,0.00000,0.00000,0.00000,0.00000,0.00000,0.00000
"1","6698",0.00000,0.00000,56.81132,0.00000,0.00000,0.00000,0.00000,0.00000,0.00000,0.00000
"1","6699",0.00000,0.00000,44.93480,0.00000,0.00000,0.00000,0.00000,27.06520,0.00000,0.00000
"1","6700",0.00000,0.00000,71.93206,0.00000,0.00000,0.00000,0.00000,0.00000,0.00000,0.00000
"1","6701",0.00000,0.00000,77.63904,0.00000,0.00000,0.00000,0.00000,0.00000,0.00000,0.00000
"1","6702",0.00000,0.00000,66.92568,0.00000,0.00000,0.00000,0.00000,12.77432,0.00000,0.00000
"1","6703",0.00000,0.00000,97.72004,0.00000,0.00000,0.00000,0.00000,0.00000,0.00000,0.00000
"1","6704",0.00000,0.00000,72.88958,0.00000,0.00000,0.00000,0.00000,18.41042,0.00000,0.00000
"1","6705",3.41806,0.00000,76.51978,0.00000,0.00000,0.00000,0.00000,12.82425,0.00000,0.00000
"1","6706",30.27819,0.00000,59.00184,0.00000,0.00000,0.00000,0.00000,0.00000,0.00000,0.00000
"1","6707",62.96643,0.00000,94.95293,0.00000,0.00000,0.00000,0.00000,0.00000,0.00000,0.00000
"1","6708",90.51972,0.00000,45.08469,0.00000,0.00000,0.00000,0.00000,0.00000,0.00000,0.00000
"1","6709",107.44597,0.00000,16.01718,0.00000,0.00000,0.00000,0.00000,0.00000,0.00000,0.00000
"1","6710",75.18363,0.00000,21.12228,0.00000,0.00000,0.00000,0.00000,0.00000,0.00000,0.00000
"1","6711",3.20520,0.00000,21.93989,0.00000,0.00000,0.00000,0.00000,51.47538,0.00000,0.00000
"1","6712",2.05562,0.00000,15.21096,0.00000,0.00000,0.00000,0.00000,2.57178,0.00000,0.00000
"1","6713",1.26078,0.00000,19.91607,0.00000,0.00000,0.00000,0.00000,51.47538,0.00000,0.00000
"1","6714",0.00000,0.00000,53.64890,0.00000,0.00000,0.00000,0.00000,0.00000,0.00000,0.00000
"1","6715",0.00000,0.00000,27.23036,0.00000,0.00000,0.00000,0.00000,0.00000,0.00000,0.00000
"1","6716",0.00000,0.00000,32.70929,0.00000,0.00000,0.00000,0.00000,0.00000,0.00000,0.00000
"1","6717",0.00000,0.00000,15.87962,0.00000,0.00000,0.00000,0.00000,0.00000,0.00000,0.00000
"1","6718",0.00000,0.00000,16.44957,0.00000,0.00000,0.00000,0.00000,0.00000,0.00000,0.00000
"1","6719",0.00000,0.00000,34.59200,0.00000,0.00000,0.00000,0.00000,47.60800,0.00000,0.00000
"1","6720",0.00000,0.00000,66.50039,0.00000,0.00000,0.00000,0.00000,10.79961,0.00000,0.00000
"1","6721",0.00000,0.00000,99.25254,0.00000,0.00000,0.00000,0.00000,0.00000,0.00000,0.00000
"1","6722",0.00000,0.00000,112.10843,0.00000,0.00000,0.00000,0.00000,0.00000,0.00000,0.00000
"1","6723",0.00000,0.00000,179.58641,0.00000,0.00000,0.00000,0.00000,0.00000,0.00000,0.00000
"1","6724",0.00000,0.00000,161.75291,0.00000,0.00000,0.00000,4.16661,0.00000,0.00000,0.00000
"1","6725",0.00000,0.00000,196.02562,0.00000,0.00000,0.00000,0.00000,0.00000,0.00000,0.00000
"1","6726",0.00000,0.00000,231.49090,0.00000,0.00000,0.00000,0.00000,0.00000,0.00000,0.00000
"1","6727",0.00000,0.00000,269.19284,0.00000,0.00000,0.00000,0.00000,0.00000,0.00000,0.00000
"1","6728",0.00000,0.00000,210.24124,0.00000,0.00000,0.00000,0.00000,0.00000,0.00000,0.00000
"1","6729",3.40884,0.00000,264.21803,0.00000,0.00000,0.00000,0.00000,0.00000,0.00000,0.00000
"1","6730",29.43671,3.95882,254.19555,0.00000,0.00000,0.00000,0.00000,0.00000,0.00000,0.00000
"1","6731",58.86869,48.26814,226.76357,0.00000,0.00000,0.00000,0.00000,0.00000,0.00000,0.00000
"1","6732",153.47890,0.00000,49.50562,182.06092,0.00000,0.00000,0.00000,0.00000,0.00000,0.00000
"1","6733",177.29407,0.00000,111.03819,105.08654,0.00000,0.00000,0.00000,0.00000,0.00000,0.00000
"1","6734",164.92439,100.46860,50.59303,0.00000,0.00000,0.00000,0.00000,0.00000,0.00000,0.00000
"1","6735",143.78844,0.00000,74.19590,0.00000,0.00000,0.00000,0.00000,0.00000,0.00000,0.00000
"1","6736",111.49853,0.00000,0.10897,0.00000,0.00000,0.00000,84.54774,0.00000,0.00000,0.00000
"1","6737",69.63428,0.00000,0.00000,0.00000,0.00000,0.00000,52.28202,0.00000,0.00000,0.00000
"1","6738",16.65746,0.00000,75.22476,0.00000,0.00000,0.00000,74.52996,0.00000,0.00000,0.00000
"1","6739",0.00000,0.00000,157.63634,0.00000,0.00000,0.00000,50.44818,0.00000,0.00000,0.00000
"1","6740",0.00000,0.00000,153.30497,0.00000,0.00000,0.00000,52.77955,0.00000,0.00000,0.00000
"1","6741",0.00000,0.00000,217.37177,23.25721,0.00000,0.00000,0.00000,0.00000,0.00000,0.00000
"1","6742",0.00000,0.00000,121.54068,0.00000,0.00000,0.00000,71.34384,0.00000,0.00000,0.00000
"1","6743",0.00000,0.00000,154.61895,0.00000,0.00000,0.00000,31.56557,0.00000,0.00000,0.00000
"1","6744",0.00000,0.00000,181.28452,25.00358,0.00000,0.00000,0.00000,0.00000,0.00000,0.00000
"1","6745",0.00000,0.00000,178.68452,12.89953,0.00000,0.00000,0.00000,0.00000,0.00000,0.00000
"1","6746",0.00000,0.00000,261.53226,0.03073,0.00000,0.00000,0.00000,0.00000,0.00000,0.00000
"1","6747",0.00000,0.00000,261.43226,11.11884,0.00000,0.00000,0.00000,0.00000,0.00000,0.00000
"1","6748",0.00000,0.00000,178.78452,78.18188,0.00000,0.00000,0.00000,0.00000,0.00000,0.00000
"1","6749",0.00000,0.00000,209.03926,55.59622,0.00000,0.00000,0.00000,0.00000,0.00000,0.00000
"1","6750",0.00000,0.00000,275.62919,0.00000,0.00000,0.00000,0.00000,0.00000,0.00000,0.00000
"1","6751",0.00000,0.00000,199.78452,74.43730,0.00000,0.00000,0.00000,0.00000,0.00000,0.00000
"1","6752",0.00000,0.00000,274.22182,0.00000,0.00000,0.00000,0.00000,0.00000,0.00000,0.00000
"1","6753",0.00000,3.74626,280.54050,0.00000,0.00000,0.00000,0.00000,0.00000,0.00000,0.00000
"1","6754",48.42277,0.00000,183.15666,0.00000,0.00000,0.00000,0.00000,0.00000,0.00000,0.00000
"1","6755",29.77145,72.38881,265.76081,0.00000,0.00000,0.00000,0.00000,0.00000,0.00000,0.00000
"1","6756",145.37376,0.00000,66.01075,25.60960,0.00000,0.00000,0.00000,0.00000,0.00000,0.00000
"1","6757",164.29509,0.00000,35.03373,0.00000,0.00000,0.00000,0.00000,0.00000,0.00000,0.00000
"1","6758",88.08489,0.00000,21.64824,0.00000,0.00000,0.00000,0.00000,0.00000,0.00000,0.00000
"1","6759",106.87705,0.00000,63.05248,0.00000,0.00000,0.00000,0.00000,0.00000,0.00000,0.00000
"1","6760",81.90711,0.00000,103.16553,0.00000,0.00000,0.00000,0.00000,0.00000,0.00000,0.00000
"1","6761",50.14548,0.00000,51.54195,0.00000,0.00000,0.00000,0.00000,4.51256,0.00000,0.00000
"1","6762",11.72864,0.00000,27.26482,0.00000,0.00000,0.00000,0.00000,51.47538,0.00000,0.00000
"1","6763",0.00000,0.00000,85.27282,0.00000,0.00000,0.00000,0.00000,24.32718,0.00000,0.00000
"1","6764",0.00000,0.00000,45.17182,0.00000,0.00000,0.00000,0.00000,51.47538,0.00000,0.00000
"1","6765",0.00000,0.00000,24.63500,0.00000,0.00000,0.00000,0.00000,51.47538,0.00000,0.00000
"1","6766",0.00000,0.00000,15.54342,0.00000,0.00000,0.00000,0.00000,51.47538,0.00000,0.00000
"1","6767",0.00000,0.00000,0.00000,0.00000,0.00000,0.00000,0.00000,51.47538,0.00000,0.00000
"1","6768",0.00000,0.00000,1.22847,0.00000,0.00000,0.00000,0.00000,51.47538,0.00000,0.00000
"1","6769",0.00000,0.00000,8.22746,0.00000,0.00000,0.00000,0.00000,51.47538,0.00000,0.00000
"1","6770",0.00000,0.00000,6.95478,0.00000,0.00000,0.00000,0.00000,51.47538,0.00000,0.00000
"1","6771",0.00000,0.00000,0.00000,0.00000,0.00000,0.00000,0.00000,51.47538,0.00000,0.00000
"1","6772",0.00000,0.00000,0.00000,0.00000,0.00000,0.00000,0.00000,51.47538,0.00000,0.00000
"1","6773",0.00000,0.00000,0.00000,0.00000,0.00000,0.00000,0.00000,51.47538,0.00000,0.00000
"1","6774",0.00000,0.00000,0.00000,0.00000,0.00000,0.00000,0.00000,32.16140,0.00000,0.00000
"1","6775",0.00000,0.00000,0.00000,0.00000,0.00000,0.00000,0.00000,51.47538,0.00000,0.00000
"1","6776",0.00000,0.00000,0.00000,0.00000,0.00000,0.00000,0.00000,18.95226,0.00000,0.00000
"1","6777",37.63961,0.00000,0.00000,0.00000,0.00000,0.00000,0.00000,51.47538,0.00000,0.00000
"1","6778",124.79600,0.00000,0.00000,0.00000,0.00000,0.00000,0.00000,0.00000,0.00000,0.00000
"1","6779",195.70840,0.00000,0.00000,0.00000,0.00000,0.00000,0.00000,0.00000,0.00000,0.00000
"1","6780",239.27796,0.00000,0.00000,0.00000,0.00000,0.00000,0.00000,0.00000,0.00000,0.00000
"1","6781",259.23359,0.00000,0.00000,0.00000,0.00000,0.00000,0.00000,0.00000,0.00000,0.00000
"1","6782",255.23521,0.00000,0.00000,0.00000,0.00000,0.00000,0.00000,0.00000,0.00000,0.00000
"1","6783",229.03020,0.00000,0.00000,0.00000,0.00000,0.00000,0.00000,0.00000,0.00000,0.00000
"1","6784",179.60263,0.00000,0.00000,0.00000,0.00000,0.00000,0.00000,0.00000,0.00000,0.00000
"1","6785",106.53599,0.00000,0.00000,0.00000,0.00000,0.00000,0.00000,0.00000,0.00000,0.00000
"1","6786",19.87634,0.00000,0.00000,0.00000,0.00000,0.00000,0.00000,51.47538,0.00000,0.00000
"1","6787",0.00000,0.00000,13.76334,0.00000,0.00000,0.00000,0.00000,51.47538,0.00000,0.00000
"1","6788",0.00000,0.00000,28.46038,0.00000,0.00000,0.00000,0.00000,51.47538,0.00000,0.00000
"1","6789",0.00000,0.00000,39.57326,0.00000,0.00000,0.00000,0.00000,51.47538,0.00000,0.00000
"1","6790",0.00000,0.00000,31.28268,0.00000,0.00000,0.00000,0.00000,51.47538,0.00000,0.00000
"1","6791",0.00000,0.00000,29.87158,0.00000,0.00000,0.00000,0.00000,51.47538,0.00000,0.00000
"1","6792",0.00000,0.00000,30.40072,0.00000,0.00000,0.00000,0.00000,48.69928,0.00000,0.00000
"1","6793",0.00000,0.00000,21.72678,0.00000,0.00000,0.00000,0.00000,51.47538,0.00000,0.00000
"1","6794",0.00000,0.00000,11.34588,0.00000,0.00000,0.00000,0.00000,51.47538,0.00000,0.00000
"1","6795",0.00000,0.00000,18.59826,0.00000,0.00000,0.00000,0.00000,51.47538,0.00000,0.00000
"1","6796",0.00000,0.00000,30.45320,0.00000,0.00000,0.00000,0.00000,46.34680,0.00000,0.00000
"1","6797",0.00000,0.00000,25.01051,0.00000,0.00000,0.00000,0.00000,51.47538,0.00000,0.00000
"1","6798",0.00000,0.00000,21.07558,0.00000,0.00000,0.00000,0.00000,51.47538,0.00000,0.00000
"1","6799",0.00000,0.00000,17.23273,0.00000,0.00000,0.00000,0.00000,51.47538,0.00000,0.00000
"1","6800",0.00000,0.00000,25.18711,0.00000,0.00000,0.00000,0.00000,51.47538,0.00000,0.00000
"1","6801",3.96208,0.00000,31.78932,0.00000,0.00000,0.00000,0.00000,51.47538,0.00000,0.00000
"1","6802",21.75774,0.00000,20.29242,0.00000,0.00000,0.00000,0.00000,51.47538,0.00000,0.00000
"1","6803",47.80692,0.00000,4.65573,0.00000,0.00000,0.00000,0.00000,51.47538,0.00000,0.00000
"1","6804",72.17360,0.00000,0.00000,0.00000,0.00000,0.00000,0.00000,33.92640,0.00000,0.00000
"1","6805",257.68891,0.00000,0.00000,0.00000,0.00000,0.00000,0.00000,0.00000,0.00000,0.00000
"1","6806",254.97204,0.00000,0.00000,0.00000,0.00000,0.00000,0.00000,0.00000,0.00000,0.00000
"1","6807",116.42866,0.00000,0.00000,0.00000,0.00000,0.00000,0.00000,0.00000,0.00000,0.00000
"1","6808",89.68086,0.00000,0.00000,0.00000,0.00000,0.00000,0.00000,15.31914,0.00000,0.00000
"1","6809",50.72311,0.00000,5.17118,0.00000,0.00000,0.00000,0.00000,50.00571,0.00000,0.00000
"1","6810",8.95169,0.00000,32.54380,0.00000,0.00000,0.00000,0.00000,51.47538,0.00000,0.00000
"1","6811",0.00000,0.00000,28.68442,0.00000,0.00000,0.00000,0.00000,51.47538,0.00000,0.00000
"1","6812",0.00000,0.00000,44.71692,0.00000,0.00000,0.00000,0.00000,51.47538,0.00000,0.00000
"1","6813",0.00000,0.00000,74.30255,0.00000,0.00000,0.00000,0.00000,25.99745,0.00000,0.00000
"1","6814",0.00000,0.00000,61.15081,0.00000,0.00000,0.00000,0.00000,30.64919,0.00000,0.00000
"1","6815",0.00000,0.00000,76.18125,0.00000,0.00000,0.00000,0.00000,8.61875,0.00000,0.00000
"1","6816",0.00000,0.00000,76.69890,0.00000,0.00000,0.00000,0.00000,3.40110,0.00000,0.00000
"1","6817",0.00000,0.00000,73.33392,0.00000,0.00000,0.00000,0.00000,3.46608,0.00000,0.00000
"1","6818",0.00000,0.00000,68.20800,0.00000,0.00000,0.00000,0.00000,7.39200,0.00000,0.00000
"1","6819",0.00000,0.00000,59.59290,0.00000,0.00000,0.00000,0.00000,15.90710,0.00000,0.00000
"1","6820",0.00000,0.00000,52.71762,0.00000,0.00000,0.00000,0.00000,24.58238,0.00000,0.00000
"1","6821",0.00000,0.00000,36.58772,0.00000,0.00000,0.00000,0.00000,46.01228,0.00000,0.00000
"1","6822",0.00000,0.00000,26.00632,0.00000,0.00000,0.00000,0.00000,51.47538,0.00000,0.00000
"1","6823",0.00000,0.00000,29.75232,0.00000,0.00000,0.00000,0.00000,51.47538,0.00000,0.00000
"1","6824",0.00000,0.00000,37.37013,0.00000,0.00000,0.00000,0.00000,51.47538,0.00000,0.00000
"1","6825",1.43205,0.00000,50.03130,0.00000,0.00000,0.00000,0.00000,51.47538,0.00000,0.00000
"1","6826",15.70516,0.00000,64.60927,0.00000,0.00000,0.00000,0.00000,26.08557,0.00000,0.00000
"1","6827",35.71715,0.00000,34.97527,0.00000,0.00000,0.00000,0.00000,36.00758,0.00000,0.00000
"1","6828",54.48686,0.00000,14.94237,0.00000,0.00000,0.00000,0.00000,36.57077,0.00000,0.00000
"1","6829",66.91305,0.00000,2.88604,0.00000,0.00000,0.00000,0.00000,36.00091,0.00000,0.00000
"1","6830",69.38465,0.00000,0.00000,0.00000,0.00000,0.00000,0.00000,35.71535,0.00000,0.00000
"1","6831",23.33832,0.00000,0.00000,0.00000,0.00000,0.00000,0.00000,51.47538,0.00000,0.00000
"1","6832",97.86436,0.00000,0.92166,0.00000,0.00000,0.00000,0.00000,6.91398,0.00000,0.00000
"1","6833",57.68847,0.00000,19.50422,0.00000,0.00000,0.00000,0.00000,29.40731,0.00000,0.00000
"1","6834",9.70003,0.00000,74.78873,0.00000,0.00000,0.00000,0.00000,23.41124,0.00000,0.00000
"1","6835",0.00000,0.00000,90.03676,0.00000,0.00000,0.00000,0.00000,19.26324,0.00000,0.00000
"1","6836",0.00000,0.00000,72.74062,0.00000,0.00000,0.00000,0.00000,33.05938,0.00000,0.00000
"1","6837",0.00000,0.00000,48.28418,0.00000,0.00000,0.00000,0.00000,50.81582,0.00000,0.00000
"1","6838",0.00000,0.00000,53.63227,0.00000,0.00000,0.00000,0.00000,37.46773,0.00000,0.00000
"1","6839",0.00000,0.00000,43.22214,0.00000,0.00000,0.00000,0.00000,40.87786,0.00000,0.00000
"1","6840",0.00000,0.00000,44.02108,0.00000,0.00000,0.00000,0.00000,35.57892,0.00000,0.00000
"1","6841",0.00000,0.00000,2.45340,0.00000,0.00000,0.00000,0.00000,51.47538,0.00000,0.00000
"1","6842",0.00000,0.00000,5.98501,0.00000,0.00000,0.00000,0.00000,51.47538,0.00000,0.00000
"1","6843",0.00000,0.00000,9.95691,0.00000,0.00000,0.00000,0.00000,51.47538,0.00000,0.00000
"1","6844",0.00000,0.00000,12.15005,0.00000,0.00000,0.00000,0.00000,51.47538,0.00000,0.00000
"1","6845",0.00000,0.00000,7.77822,0.00000,0.00000,0.00000,0.00000,51.47538,0.00000,0.00000
"1","6846",0.00000,0.00000,0.19315,0.00000,0.00000,0.00000,0.00000,51.47538,0.00000,0.00000
"1","6847",0.00000,0.00000,6.67767,0.00000,0.00000,0.00000,0.00000,51.47538,0.00000,0.00000
"1","6848",0.00000,0.00000,3.49204,0.00000,0.00000,0.00000,0.00000,51.47538,0.00000,0.00000
"1","6849",10.97313,0.00000,0.00000,0.00000,0.00000,0.00000,0.00000,51.47538,0.00000,0.00000
"1","6850",117.13013,0.00000,1.54527,0.00000,0.00000,0.00000,0.00000,0.00000,0.00000,0.00000
"1","6851",192.26539,0.00000,0.00000,0.00000,0.00000,0.00000,0.00000,0.00000,0.00000,0.00000
"1","6852",235.53162,0.00000,0.00000,0.00000,0.00000,0.00000,0.00000,0.00000,0.00000,0.00000
"1","6853",254.65517,0.00000,0.00000,0.00000,0.00000,0.00000,0.00000,0.00000,0.00000,0.00000
"1","6854",254.59228,0.00000,0.00000,0.00000,0.00000,0.00000,0.00000,0.00000,0.00000,0.00000
"1","6855",227.78351,0.00000,0.00000,0.00000,0.00000,0.00000,0.00000,0.00000,0.00000,0.00000
"1","6856",175.82340,0.00000,0.00000,0.00000,0.00000,0.00000,0.00000,0.00000,0.00000,0.00000
"1","6857",99.65190,0.00000,9.94141,0.00000,0.00000,0.00000,0.00000,0.00000,0.00000,0.00000
"1","6858",16.46115,0.00000,21.83511,0.00000,0.00000,0.00000,0.00000,51.47538,0.00000,0.00000
"1","6859",0.00000,0.00000,7.72590,0.00000,0.00000,0.00000,0.00000,51.47538,0.00000,0.00000
"1","6860",0.00000,0.00000,0.00000,0.00000,0.00000,0.00000,0.00000,51.47538,0.00000,0.00000
"1","6861",0.00000,0.00000,0.00000,0.00000,0.00000,0.00000,0.00000,51.47538,0.00000,0.00000
"1","6862",0.00000,0.00000,11.85952,0.00000,0.00000,0.00000,0.00000,51.47538,0.00000,0.00000
"1","6863",0.00000,0.00000,27.93096,0.00000,0.00000,0.00000,0.00000,51.47538,0.00000,0.00000
"1","6864",0.00000,0.00000,13.67752,0.00000,0.00000,0.00000,0.00000,51.47538,0.00000,0.00000
"1","6865",0.00000,0.00000,8.35457,0.00000,0.00000,0.00000,0.00000,51.47538,0.00000,0.00000
"1","6866",0.00000,0.00000,5.78215,0.00000,0.00000,0.00000,0.00000,51.47538,0.00000,0.00000
"1","6867",0.00000,0.00000,0.82686,0.00000,0.00000,0.00000,0.00000,51.47538,0.00000,0.00000
"1","6868",0.00000,0.00000,0.00000,0.00000,0.00000,0.00000,0.00000,51.47538,0.00000,0.00000
"1","6869",0.00000,0.00000,0.00000,0.00000,0.00000,0.00000,0.00000,51.47538,0.00000,0.00000
"1","6870",0.00000,0.00000,0.00000,0.00000,0.00000,0.00000,0.00000,51.47538,0.00000,0.00000
"1","6871",0.00000,0.00000,0.00000,0.00000,0.00000,0.00000,0.00000,51.47538,0.00000,0.00000
"1","6872",0.00000,0.00000,0.00000,0.00000,0.00000,0.00000,0.00000,51.47538,0.00000,0.00000
"1","6873",0.29518,0.00000,0.00000,0.00000,0.00000,0.00000,0.00000,51.47538,0.00000,0.00000
"1","6874",11.63155,0.00000,0.00000,0.00000,0.00000,0.00000,0.00000,51.47538,0.00000,0.00000
"1","6875",27.40607,0.00000,0.00000,0.00000,0.00000,0.00000,0.00000,51.47538,0.00000,0.00000
"1","6876",42.38098,0.00000,0.00000,0.00000,0.00000,0.00000,0.00000,51.47538,0.00000,0.00000
"1","6877",52.20297,0.00000,0.00000,0.00000,0.00000,0.00000,0.00000,48.19703,0.00000,0.00000
"1","6878",51.07820,0.00000,0.00000,0.00000,0.00000,0.00000,0.00000,49.32180,0.00000,0.00000
"1","6879",2.86032,0.00000,0.00000,0.00000,0.00000,0.00000,0.00000,51.47538,0.00000,0.00000
"1","6880",5.57664,0.00000,0.00000,0.00000,0.00000,0.00000,0.00000,51.47538,0.00000,0.00000
"1","6881",2.72760,0.00000,0.00000,0.00000,0.00000,0.00000,0.00000,51.47538,0.00000,0.00000
"1","6882",0.00000,0.00000,0.00000,0.00000,0.00000,0.00000,0.00000,51.47538,0.00000,0.00000
"1","6883",0.00000,0.00000,0.00000,0.00000,0.00000,0.00000,0.00000,51.47538,0.00000,0.00000
"1","6884",0.00000,0.00000,0.00000,0.00000,0.00000,0.00000,0.00000,51.47538,0.00000,0.00000
"1","6885",0.00000,0.00000,0.00000,0.00000,0.00000,0.00000,0.00000,51.47538,0.00000,0.00000
"1","6886",0.00000,0.00000,0.00000,0.00000,0.00000,0.00000,0.00000,51.47538,0.00000,0.00000
"1","6887",0.00000,0.00000,0.00000,0.00000,0.00000,0.00000,0.00000,51.47538,0.00000,0.00000
"1","6888",0.00000,0.00000,0.00000,0.00000,0.00000,0.00000,0.00000,51.47538,0.00000,0.00000
"1","6889",0.00000,0.00000,0.00000,0.00000,0.00000,0.00000,0.00000,51.47538,0.00000,0.00000
"1","6890",0.00000,0.00000,0.00000,0.00000,0.00000,0.00000,0.00000,51.47538,0.00000,0.00000
"1","6891",0.00000,0.00000,0.00000,0.00000,0.00000,0.00000,0.00000,51.47538,0.00000,0.00000
"1","6892",0.00000,0.00000,0.00000,0.00000,0.00000,0.00000,0.00000,51.47538,0.00000,0.00000
"1","6893",0.00000,0.00000,0.00000,0.00000,0.00000,0.00000,0.00000,51.47538,0.00000,0.00000
"1","6894",0.00000,0.00000,0.00000,0.00000,0.00000,0.00000,0.00000,51.47538,0.00000,0.00000
"1","6895",0.00000,0.00000,0.00000,0.00000,0.00000,0.00000,0.00000,51.47538,0.00000,0.00000
"1","6896",0.00000,0.00000,0.00000,0.00000,0.00000,0.00000,0.00000,51.47538,0.00000,0.00000
"1","6897",19.42440,0.00000,8.45383,0.00000,0.00000,0.00000,0.00000,51.47538,0.00000,0.00000
"1","6898",14.93896,0.00000,19.14589,0.00000,0.00000,0.00000,0.00000,51.47538,0.00000,0.00000
"1","6899",36.73452,0.00000,10.04647,0.00000,0.00000,0.00000,0.00000,51.31900,0.00000,0.00000
"1","6900",89.54830,0.00000,0.00000,0.00000,0.00000,0.00000,0.00000,8.75170,0.00000,0.00000
"1","6901",109.29978,0.00000,2.37775,0.00000,0.00000,0.00000,0.00000,0.00000,0.00000,0.00000
"1","6902",254.22219,0.00000,2.62887,0.00000,0.00000,0.00000,0.00000,0.00000,0.00000,0.00000
"1","6903",226.24173,0.00000,4.58234,0.00000,0.00000,0.00000,0.00000,0.00000,0.00000,0.00000
"1","6904",168.62437,0.00000,5.92239,0.00000,0.00000,0.00000,0.00000,0.00000,0.00000,0.00000
"1","6905",92.13600,0.00000,16.86786,0.00000,0.00000,0.00000,0.00000,0.00000,0.00000,0.00000
"1","6906",13.45213,0.00000,7.09360,0.00000,0.00000,0.00000,0.00000,51.47538,0.00000,0.00000
"1","6907",0.00000,0.00000,3.78716,0.00000,0.00000,0.00000,0.00000,51.47538,0.00000,0.00000
"1","6908",0.00000,0.00000,0.00000,0.00000,0.00000,0.00000,0.00000,51.47538,0.00000,0.00000
"1","6909",0.00000,0.00000,0.00000,0.00000,0.00000,0.00000,0.00000,51.47538,0.00000,0.00000
"1","6910",0.00000,0.00000,0.00000,0.00000,0.00000,0.00000,0.00000,51.47538,0.00000,0.00000
"1","6911",0.00000,0.00000,24.53162,0.00000,0.00000,0.00000,0.00000,51.47538,0.00000,0.00000
"1","6912",0.00000,0.00000,9.05617,0.00000,0.00000,0.00000,0.00000,51.47538,0.00000,0.00000
"1","6913",0.00000,0.00000,48.96657,0.00000,0.00000,0.00000,0.00000,25.83343,0.00000,0.00000
"1","6914",0.00000,0.00000,1.58852,0.00000,0.00000,0.00000,0.00000,51.47538,0.00000,0.00000
"1","6915",0.00000,0.00000,2.86200,0.00000,0.00000,0.00000,0.00000,51.47538,0.00000,0.00000
"1","6916",0.00000,0.00000,0.00000,0.00000,0.00000,0.00000,0.00000,51.47538,0.00000,0.00000
"1","6917",0.00000,0.00000,0.00000,0.00000,0.00000,0.00000,0.00000,51.47538,0.00000,0.00000
"1","6918",0.00000,0.00000,8.23195,0.00000,0.00000,0.00000,0.00000,51.47538,0.00000,0.00000
"1","6919",0.00000,0.00000,6.15497,0.00000,0.00000,0.00000,0.00000,51.47538,0.00000,0.00000
"1","6920",0.00000,0.00000,17.26560,0.00000,0.00000,0.00000,0.00000,51.47538,0.00000,0.00000
"1","6921",13.34241,0.00000,54.79356,0.00000,0.00000,0.00000,0.00000,34.16403,0.00000,0.00000
"1","6922",49.22051,0.00000,115.05764,0.00000,0.00000,0.00000,0.00000,0.00000,0.00000,0.00000
"1","6923",112.00504,0.00000,39.07317,0.00000,0.00000,0.00000,0.00000,0.00000,0.00000,0.00000
"1","6924",159.16565,0.00000,8.78613,0.00000,0.00000,0.00000,0.00000,0.00000,0.00000,0.00000
"1","6925",185.31164,0.00000,16.75486,0.00000,0.00000,0.00000,0.00000,0.00000,0.00000,0.00000
"1","6926",251.88992,0.00000,16.27148,0.00000,0.00000,0.00000,0.00000,0.00000,0.00000,0.00000
"1","6927",127.60430,0.00000,12.00128,0.00000,0.00000,0.00000,0.00000,0.00000,0.00000,0.00000
"1","6928",93.96902,0.00000,24.76247,0.00000,0.00000,0.00000,0.00000,0.00000,0.00000,0.00000
"1","6929",54.82357,0.00000,63.56509,0.00000,0.00000,0.00000,0.00000,0.00000,0.00000,0.00000
"1","6930",5.95142,0.00000,78.07526,0.00000,0.00000,0.00000,0.00000,20.87331,0.00000,0.00000
"1","6931",0.00000,0.00000,58.80367,0.00000,0.00000,0.00000,0.00000,47.79633,0.00000,0.00000
"1","6932",0.00000,0.00000,47.73963,0.00000,0.00000,0.00000,0.00000,51.47538,0.00000,0.00000
"1","6933",0.00000,0.00000,23.74724,0.00000,0.00000,0.00000,0.00000,51.47538,0.00000,0.00000
"1","6934",0.00000,0.00000,30.14670,0.00000,0.00000,0.00000,0.00000,0.00000,0.00000,0.00000
"1","6935",0.00000,0.00000,32.83518,0.00000,0.00000,0.00000,0.00000,49.36482,0.00000,0.00000
"1","6936",0.00000,0.00000,27.29172,0.00000,0.00000,0.00000,0.00000,49.90828,0.00000,0.00000
"1","6937",0.00000,0.00000,5.27399,0.00000,0.00000,0.00000,0.00000,51.47538,0.00000,0.00000
"1","6938",0.00000,0.00000,21.59678,0.00000,0.00000,0.00000,0.00000,51.47538,0.00000,0.00000
"1","6939",0.00000,0.00000,0.00000,0.00000,0.00000,0.00000,0.00000,51.47538,0.00000,0.00000
"1","6940",0.00000,0.00000,1.47368,0.00000,0.00000,0.00000,0.00000,51.47538,0.00000,0.00000
"1","6941",0.00000,0.00000,73.03405,0.00000,0.00000,0.00000,0.00000,7.66595,0.00000,0.00000
"1","6942",0.00000,0.00000,36.16233,0.00000,0.00000,0.00000,0.00000,51.47538,0.00000,0.00000
"1","6943",0.00000,0.00000,20.19698,0.00000,0.00000,0.00000,0.00000,51.47538,0.00000,0.00000
"1","6944",0.00000,0.00000,0.00000,0.00000,0.00000,0.00000,0.00000,31.88213,0.00000,0.00000
"1","6945",0.00000,0.00000,0.00000,0.00000,0.00000,0.00000,0.00000,51.47538,0.00000,0.00000
"1","6946",92.21825,0.00000,3.67103,0.00000,0.00000,0.00000,0.00000,7.31072,0.00000,0.00000
"1","6947",170.02587,0.00000,1.80163,0.00000,0.00000,0.00000,0.00000,0.00000,0.00000,0.00000
"1","6948",217.92374,0.00000,0.00000,0.00000,0.00000,0.00000,0.00000,0.00000,0.00000,0.00000
"1","6949",242.61309,0.00000,0.00000,0.00000,0.00000,0.00000,0.00000,0.00000,0.00000,0.00000
"1","6950",238.70904,0.00000,0.00000,0.00000,0.00000,0.00000,0.00000,0.00000,0.00000,0.00000
"1","6951",209.38176,0.00000,0.00000,0.00000,0.00000,0.00000,0.00000,0.00000,0.00000,0.00000
"1","6952",155.64426,0.00000,0.00000,0.00000,0.00000,0.00000,0.00000,0.00000,0.00000,0.00000
"1","6953",79.79883,0.00000,0.00000,0.00000,0.00000,0.00000,0.00000,21.00117,0.00000,0.00000
"1","6954",10.01255,0.00000,0.00000,0.00000,0.00000,0.00000,0.00000,51.47538,0.00000,0.00000
"1","6955",0.00000,0.00000,0.00000,0.00000,0.00000,0.00000,0.00000,51.47538,0.00000,0.00000
"1","6956",0.00000,0.00000,7.95513,0.00000,0.00000,0.00000,0.00000,51.47538,0.00000,0.00000
"1","6957",0.00000,0.00000,0.31676,0.00000,0.00000,0.00000,0.00000,51.47538,0.00000,0.00000
"1","6958",0.00000,0.00000,4.93530,0.00000,0.00000,0.00000,0.00000,51.47538,0.00000,0.00000
"1","6959",0.00000,0.00000,2.72332,0.00000,0.00000,0.00000,0.00000,51.47538,0.00000,0.00000
"1","6960",0.00000,0.00000,8.03852,0.00000,0.00000,0.00000,0.00000,51.47538,0.00000,0.00000
"1","6961",0.00000,0.00000,4.04233,0.00000,0.00000,0.00000,0.00000,51.47538,0.00000,0.00000
"1","6962",0.00000,0.00000,5.28559,0.00000,0.00000,0.00000,0.00000,51.47538,0.00000,0.00000
"1","6963",0.00000,0.00000,2.65140,0.00000,0.00000,0.00000,0.00000,51.47538,0.00000,0.00000
"1","6964",0.00000,0.00000,0.00000,0.00000,0.00000,0.00000,0.00000,51.47538,0.00000,0.00000
"1","6965",0.00000,0.00000,13.72066,0.00000,0.00000,0.00000,0.00000,51.47538,0.00000,0.00000
"1","6966",0.00000,0.00000,22.51003,0.00000,0.00000,0.00000,0.00000,51.47538,0.00000,0.00000
"1","6967",0.00000,0.00000,7.56996,0.00000,0.00000,0.00000,0.00000,51.47538,0.00000,0.00000
"1","6968",0.00000,0.00000,0.00000,0.00000,0.00000,0.00000,0.00000,51.47538,0.00000,0.00000
"1","6969",0.00000,0.00000,0.00000,0.00000,0.00000,0.00000,0.00000,51.47538,0.00000,0.00000
"1","6970",19.41415,0.00000,0.00000,0.00000,0.00000,0.00000,0.00000,51.47538,0.00000,0.00000
"1","6971",51.87739,0.00000,0.00000,0.00000,0.00000,0.00000,0.65277,51.47538,0.00000,0.00000
"1","6972",82.08466,0.00000,0.00000,0.00000,0.00000,0.00000,18.86180,37.07714,0.00000,0.00000
"1","6973",101.45492,0.00000,0.00000,0.00000,0.00000,0.00000,0.00000,51.47538,0.00000,0.00000
"1","6974",69.26903,0.00000,0.00000,0.00000,0.00000,0.00000,23.24441,51.47538,0.00000,0.00000
"1","6975",54.58362,0.00000,0.00000,0.00000,0.00000,0.00000,0.00000,42.51638,0.00000,0.00000
"1","6976",39.08005,0.00000,0.00000,0.00000,0.00000,0.00000,0.00000,51.47538,0.00000,0.00000
"1","6977",21.26221,0.00000,0.00000,0.00000,0.00000,0.00000,0.00000,51.47538,0.00000,0.00000
"1","6978",2.62126,0.00000,0.00000,0.00000,0.00000,0.00000,0.00000,51.47538,0.00000,0.00000
"1","6979",0.00000,0.00000,0.00000,0.00000,0.00000,0.00000,0.00000,51.47538,0.00000,0.00000
"1","6980",0.00000,0.00000,0.00000,0.00000,0.00000,0.00000,0.00000,51.47538,0.00000,0.00000
"1","6981",0.00000,0.00000,0.00000,0.00000,0.00000,0.00000,0.00000,51.47538,0.00000,0.00000
"1","6982",0.00000,0.00000,0.00000,0.00000,0.00000,0.00000,0.00000,51.47538,0.00000,0.00000
"1","6983",0.00000,0.00000,0.00000,0.00000,0.00000,0.00000,0.00000,51.47538,0.00000,0.00000
"1","6984",0.00000,0.00000,0.00000,0.00000,0.00000,0.00000,0.00000,51.47538,0.00000,0.00000
"1","6985",0.00000,0.00000,0.00000,0.00000,0.00000,0.00000,0.00000,51.47538,0.00000,0.00000
"1","6986",0.00000,0.00000,0.00000,0.00000,0.00000,0.00000,0.00000,51.47538,0.00000,0.00000
"1","6987",0.00000,0.00000,0.00000,0.00000,0.00000,0.00000,0.00000,51.47538,0.00000,0.00000
"1","6988",0.00000,0.00000,0.00000,0.00000,0.00000,0.00000,0.00000,51.47538,0.00000,0.00000
"1","6989",0.00000,0.00000,0.00000,0.00000,0.00000,0.00000,0.00000,51.47538,0.00000,0.00000
"1","6990",0.00000,0.00000,0.00000,0.00000,0.00000,0.00000,0.00000,51.47538,0.00000,0.00000
"1","6991",0.00000,0.00000,0.00000,0.00000,0.00000,0.00000,0.00000,51.47538,0.00000,0.00000
"1","6992",0.00000,0.00000,0.00000,0.00000,0.00000,0.00000,0.00000,51.47538,0.00000,0.00000
"1","6993",0.00000,0.00000,0.00000,0.00000,0.00000,0.00000,0.00000,51.47538,0.00000,0.00000
"1","6994",10.12551,0.00000,0.00000,0.00000,0.00000,0.00000,0.00000,51.47538,0.00000,0.00000
"1","6995",27.48280,0.00000,0.00000,0.00000,0.00000,0.00000,0.00000,51.47538,0.00000,0.00000
"1","6996",45.00293,0.00000,0.00000,0.00000,0.00000,0.00000,0.00000,51.47538,0.00000,0.00000
"1","6997",56.65513,0.00000,0.00000,0.00000,0.00000,0.00000,7.33051,51.47538,0.00000,0.00000
"1","6998",59.10399,0.00000,0.00000,0.00000,0.00000,0.00000,10.87937,51.47538,0.00000,0.00000
"1","6999",54.23675,0.00000,0.00000,0.00000,0.00000,0.00000,7.01213,51.47538,0.00000,0.00000
"1","7000",38.29711,0.00000,0.00000,0.00000,0.00000,0.00000,0.00000,51.47538,0.00000,0.00000
"1","7001",18.78829,0.00000,5.08445,0.00000,0.00000,0.00000,0.00000,51.47538,0.00000,0.00000
"1","7002",1.57635,0.00000,3.05346,0.00000,0.00000,0.00000,0.00000,51.47538,0.00000,0.00000
"1","7003",0.00000,0.00000,0.00000,0.00000,0.00000,0.00000,0.00000,51.47538,0.00000,0.00000
"1","7004",0.00000,0.00000,6.00062,0.00000,0.00000,0.00000,0.00000,51.47538,0.00000,0.00000
"1","7005",0.00000,0.00000,1.29108,0.00000,0.00000,0.00000,0.00000,51.47538,0.00000,0.00000
"1","7006",0.00000,0.00000,6.65981,0.00000,0.00000,0.00000,0.00000,51.47538,0.00000,0.00000
"1","7007",0.00000,0.00000,0.00000,0.00000,0.00000,0.00000,0.00000,51.47538,0.00000,0.00000
"1","7008",0.00000,0.00000,0.00000,0.00000,0.00000,0.00000,0.00000,51.47538,0.00000,0.00000
"1","7009",0.00000,0.00000,0.00000,0.00000,0.00000,0.00000,0.00000,51.47538,0.00000,0.00000
"1","7010",0.00000,0.00000,0.00000,0.00000,0.00000,0.00000,0.00000,51.47538,0.00000,0.00000
"1","7011",0.00000,0.00000,4.72779,0.00000,0.00000,0.00000,0.00000,51.47538,0.00000,0.00000
"1","7012",0.00000,0.00000,15.35328,0.00000,0.00000,0.00000,0.00000,51.47538,0.00000,0.00000
"1","7013",0.00000,0.00000,0.00000,0.00000,0.00000,0.00000,0.00000,51.47538,0.00000,0.00000
"1","7014",0.00000,0.00000,0.00000,0.00000,0.00000,0.00000,0.00000,51.47538,0.00000,0.00000
"1","7015",0.00000,0.00000,3.12144,0.00000,0.00000,0.00000,0.00000,51.47538,0.00000,0.00000
"1","7016",0.00000,0.00000,0.00000,0.00000,0.00000,0.00000,0.00000,51.47538,0.00000,0.00000
"1","7017",0.00000,0.00000,1.53764,0.00000,0.00000,0.00000,0.00000,51.47538,0.00000,0.00000
"1","7018",25.78379,0.00000,0.00000,0.00000,0.00000,0.00000,0.00000,51.47538,0.00000,0.00000
"1","7019",69.99178,0.00000,0.00000,0.00000,0.00000,0.00000,12.56717,51.47538,0.00000,0.00000
"1","7020",113.21496,0.00000,5.78476,0.00000,0.00000,0.00000,0.00000,51.47538,0.00000,0.00000
"1","7021",97.47589,0.00000,40.54077,0.00000,0.00000,0.00000,0.00000,51.13108,0.00000,0.00000
"1","7022",82.26220,0.00000,57.05712,0.00000,0.00000,0.00000,0.00000,48.52843,0.00000,0.00000
"1","7023",72.04346,0.00000,10.76650,0.00000,0.00000,0.00000,31.48535,51.47538,0.00000,0.00000
"1","7024",51.78596,0.00000,18.72051,0.00000,0.00000,0.00000,19.38185,51.47538,0.00000,0.00000
"1","7025",25.45652,0.00000,46.42397,0.00000,0.00000,0.00000,19.25588,51.47538,0.00000,0.00000
"1","7026",0.00000,0.00000,68.27879,0.00000,0.00000,0.00000,13.45417,51.47538,0.00000,0.00000
"1","7027",0.00000,0.00000,175.20368,0.00000,0.00000,0.00000,0.00000,0.00000,0.00000,0.00000
"1","7028",0.00000,0.00000,127.98077,0.00000,0.00000,0.00000,0.00000,51.47538,0.00000,0.00000
"1","7029",0.00000,0.00000,87.33326,0.00000,0.00000,0.00000,4.85670,21.02345,0.00000,0.00000
"1","7030",0.00000,0.00000,29.57498,0.00000,0.00000,0.00000,0.00000,51.47538,0.00000,0.00000
"1","7031",0.00000,0.00000,11.38258,0.00000,0.00000,0.00000,0.00000,51.47538,0.00000,0.00000
"1","7032",0.00000,0.00000,11.57861,0.00000,0.00000,0.00000,0.00000,51.47538,0.00000,0.00000
"1","7033",0.00000,0.00000,4.81121,0.00000,0.00000,0.00000,0.00000,51.47538,0.00000,0.00000
"1","7034",0.00000,0.00000,0.00000,0.00000,0.00000,0.00000,0.00000,51.47538,0.00000,0.00000
"1","7035",0.00000,0.00000,0.00000,0.00000,0.00000,0.00000,0.00000,51.47538,0.00000,0.00000
"1","7036",0.00000,0.00000,6.97865,0.00000,0.00000,0.00000,0.00000,51.47538,0.00000,0.00000
"1","7037",0.00000,0.00000,1.86240,0.00000,0.00000,0.00000,0.00000,51.47538,0.00000,0.00000
"1","7038",0.00000,0.00000,0.00000,0.00000,0.00000,0.00000,0.00000,51.47538,0.00000,0.00000
"1","7039",0.00000,0.00000,0.05163,0.00000,0.00000,0.00000,0.00000,51.47538,0.00000,0.00000
"1","7040",0.00000,0.00000,8.65169,0.00000,0.00000,0.00000,0.00000,51.47538,0.00000,0.00000
"1","7041",0.00000,0.00000,1.13686,0.00000,0.00000,0.00000,0.00000,51.47538,0.00000,0.00000
"1","7042",58.91474,39.60465,152.86978,0.00000,0.00000,0.00000,0.00000,0.00000,0.00000,0.00000
"1","7043",179.71342,0.00000,31.77110,242.21351,0.00000,0.00000,0.00000,0.00000,0.00000,0.00000
"1","7044",209.38452,21.04765,0.00000,280.54050,0.00000,0.00000,0.00000,0.00000,0.00000,0.00000
"1","7045",207.68452,45.38823,0.00000,278.85203,0.00000,0.00000,0.00000,0.00000,0.00000,0.00000
"1","7046",0.00000,248.54898,279.70747,0.00000,0.00000,0.00000,0.00000,0.00000,0.00000,0.00000
"1","7047",206.08452,11.82277,0.00000,277.81261,0.00000,0.00000,0.00000,0.00000,0.00000,0.00000
"1","7048",0.00000,163.31206,207.28452,73.25598,0.00000,0.00000,0.00000,0.00000,0.00000,0.00000
"1","7049",0.00000,75.01480,209.38452,71.15598,0.00000,0.00000,0.00000,0.00000,0.00000,0.00000
"1","7050",0.00000,0.00000,213.08452,67.45598,0.00000,0.00000,0.00000,0.00000,0.00000,0.00000
"1","7051",0.00000,0.00000,216.68452,63.85598,0.00000,0.00000,0.00000,0.00000,0.00000,0.00000
"1","7052",0.00000,0.00000,214.38452,66.15598,0.00000,0.00000,0.00000,0.00000,0.00000,0.00000
"1","7053",0.00000,0.00000,209.98452,70.55598,0.00000,0.00000,0.00000,0.00000,0.00000,0.00000
"1","7054",0.00000,0.00000,203.98452,76.55598,0.00000,0.00000,0.00000,0.00000,0.00000,0.00000
"1","7055",0.00000,0.00000,197.58452,82.95598,0.00000,0.00000,0.00000,0.00000,0.00000,0.00000
"1","7056",0.00000,0.00000,192.48452,88.05598,0.00000,0.00000,0.00000,0.00000,0.00000,0.00000
"1","7057",0.00000,0.00000,189.38452,91.15598,0.00000,0.00000,0.00000,0.00000,0.00000,0.00000
"1","7058",0.00000,0.00000,272.93226,7.60824,0.00000,0.00000,0.00000,0.00000,0.00000,0.00000
"1","7059",0.00000,0.00000,272.23226,8.30824,0.00000,0.00000,0.00000,0.00000,0.00000,0.00000
"1","7060",0.00000,0.00000,272.43226,8.10824,0.00000,0.00000,0.00000,0.00000,0.00000,0.00000
"1","7061",0.00000,0.00000,189.38452,91.15598,0.00000,0.00000,0.00000,0.00000,0.00000,0.00000
"1","7062",0.00000,0.00000,193.38452,87.15598,0.00000,0.00000,0.00000,0.00000,0.00000,0.00000
"1","7063",0.00000,0.00000,280.50221,0.00000,0.00000,0.00000,0.00000,0.00000,0.00000,0.00000
"1","7064",0.00000,0.00000,236.58373,43.95677,0.00000,0.00000,0.00000,0.00000,0.00000,0.00000
"1","7065",0.00000,0.00000,209.98452,70.55598,0.00000,0.00000,0.00000,0.00000,0.00000,0.00000
"1","7066",98.77724,0.00000,112.90728,160.94192,0.00000,0.00000,0.00000,0.00000,0.00000,0.00000
"1","7067",15.55381,166.96597,279.77845,0.00000,0.00000,0.00000,0.00000,0.00000,0.00000,0.00000
"1","7068",0.00000,232.94779,209.88452,70.65598,0.00000,0.00000,0.00000,0.00000,0.00000,0.00000
"1","7069",209.68452,45.37460,0.00000,280.54050,0.00000,0.00000,0.00000,0.00000,0.00000,0.00000
"1","7070",209.08452,40.82725,0.00000,279.12006,0.00000,0.00000,0.00000,0.00000,0.00000,0.00000
"1","7071",0.00000,219.35377,209.38452,31.01753,0.00000,0.00000,0.00000,0.00000,0.00000,0.00000
"1","7072",159.90050,0.00000,50.78402,204.73205,0.00000,0.00000,0.00000,0.00000,0.00000,0.00000
"1","7073",0.00000,68.67157,213.28452,59.92217,0.00000,0.00000,0.00000,0.00000,0.00000,0.00000
"1","7074",0.00000,0.00000,217.68452,10.09792,0.00000,0.00000,0.00000,0.00000,0.00000,0.00000
"1","7075",0.00000,0.00000,220.88452,24.04408,0.00000,0.00000,0.00000,0.00000,0.00000,0.00000
"1","7076",0.00000,0.00000,164.31363,0.00000,0.00000,0.00000,53.37089,0.00000,0.00000,0.00000
"1","7077",0.00000,0.00000,234.91546,0.00000,0.00000,0.00000,0.00000,0.00000,0.00000,0.00000
"1","7078",0.00000,0.00000,242.14286,14.20904,0.00000,0.00000,0.00000,0.00000,0.00000,0.00000
"1","7079",0.00000,0.00000,61.06498,0.00000,0.00000,0.00000,0.00000,31.03502,0.00000,0.00000
"1","7080",0.00000,0.00000,34.06146,0.00000,0.00000,0.00000,0.00000,33.42120,0.00000,0.00000
"1","7081",0.00000,0.00000,13.73010,0.00000,0.00000,0.00000,0.00000,0.00000,0.00000,0.00000
"1","7082",0.00000,0.00000,2.83794,0.00000,0.00000,0.00000,0.00000,0.00000,0.00000,0.00000
"1","7083",0.00000,0.00000,35.98191,0.00000,0.00000,0.00000,0.00000,46.31809,0.00000,0.00000
"1","7084",0.00000,0.00000,44.61868,0.00000,0.00000,0.00000,0.00000,39.28132,0.00000,0.00000
"1","7085",0.00000,0.00000,43.89949,0.00000,0.00000,0.00000,0.00000,45.30051,0.00000,0.00000
"1","7086",0.00000,0.00000,41.02256,0.00000,0.00000,0.00000,0.00000,51.47538,0.00000,0.00000
"1","7087",0.00000,0.00000,60.73215,0.00000,0.00000,0.00000,0.00000,43.86785,0.00000,0.00000
"1","7088",0.00000,0.00000,74.53294,0.00000,0.00000,0.00000,0.00000,36.26706,0.00000,0.00000
"1","7089",0.00000,0.00000,105.75987,0.00000,0.00000,0.00000,0.00000,5.54013,0.00000,0.00000
"1","7090",13.55691,0.00000,124.28818,0.00000,0.00000,0.00000,0.00000,0.00000,0.00000,0.00000
"1","7091",40.04363,0.00000,127.69873,0.00000,0.00000,0.00000,0.00000,0.00000,0.00000,0.00000
"1","7092",70.15627,0.00000,98.78093,0.00000,0.00000,0.00000,0.00000,0.00000,0.00000,0.00000
"1","7093",89.23627,0.00000,81.23479,0.00000,0.00000,0.00000,0.00000,0.00000,0.00000,0.00000
"1","7094",31.45787,0.00000,38.44298,0.00000,0.00000,0.00000,0.00000,35.59915,0.00000,0.00000
"1","7095",15.51339,0.00000,19.42176,0.00000,0.00000,0.00000,0.00000,51.47538,0.00000,0.00000
"1","7096",10.81581,0.00000,28.68853,0.00000,0.00000,0.00000,0.00000,51.47538,0.00000,0.00000
"1","7097",4.02711,0.00000,60.69292,0.00000,0.00000,0.00000,0.00000,42.97996,0.00000,0.00000
"1","7098",0.00000,0.00000,25.56113,0.00000,0.00000,0.00000,0.00000,51.47538,0.00000,0.00000
"1","7099",0.00000,0.00000,2.99988,0.00000,0.00000,0.00000,0.00000,51.47538,0.00000,0.00000
"1","7100",0.00000,0.00000,0.00000,0.00000,0.00000,0.00000,0.00000,51.47538,0.00000,0.00000
"1","7101",0.00000,0.00000,8.14303,0.00000,0.00000,0.00000,0.00000,51.47538,0.00000,0.00000
"1","7102",0.00000,0.00000,34.57099,0.00000,0.00000,0.00000,0.00000,51.47538,0.00000,0.00000
"1","7103",0.00000,0.00000,30.68350,0.00000,0.00000,0.00000,0.00000,51.47538,0.00000,0.00000
"1","7104",0.00000,0.00000,26.52556,0.00000,0.00000,0.00000,0.00000,51.47538,0.00000,0.00000
"1","7105",0.00000,0.00000,1.45898,0.00000,0.00000,0.00000,0.00000,51.47538,0.00000,0.00000
"1","7106",0.00000,0.00000,0.00000,0.00000,0.00000,0.00000,0.00000,51.47538,0.00000,0.00000
"1","7107",0.00000,0.00000,0.00000,0.00000,0.00000,0.00000,0.00000,51.47538,0.00000,0.00000
"1","7108",0.00000,0.00000,0.00000,0.00000,0.00000,0.00000,0.00000,51.47538,0.00000,0.00000
"1","7109",0.00000,0.00000,0.00000,0.00000,0.00000,0.00000,0.00000,51.47538,0.00000,0.00000
"1","7110",0.00000,0.00000,0.00000,0.00000,0.00000,0.00000,0.00000,51.47538,0.00000,0.00000
"1","7111",0.00000,0.00000,0.07199,0.00000,0.00000,0.00000,0.00000,51.47538,0.00000,0.00000
"1","7112",0.00000,0.00000,0.00000,0.00000,0.00000,0.00000,0.00000,51.47538,0.00000,0.00000
"1","7113",0.00000,0.00000,12.77921,0.00000,0.00000,0.00000,0.00000,51.47538,0.00000,0.00000
"1","7114",0.00000,0.00000,1.41309,0.00000,0.00000,0.00000,0.00000,51.47538,0.00000,0.00000
"1","7115",1.35233,0.00000,0.00000,0.00000,0.00000,0.00000,0.00000,51.47538,0.00000,0.00000
"1","7116",2.92086,0.00000,0.00000,0.00000,0.00000,0.00000,0.00000,51.47538,0.00000,0.00000
"1","7117",4.09813,0.00000,0.00000,0.00000,0.00000,0.00000,0.00000,51.47538,0.00000,0.00000
"1","7118",4.88156,0.00000,0.00000,0.00000,0.00000,0.00000,0.00000,51.47538,0.00000,0.00000
"1","7119",7.65508,0.00000,3.83142,0.00000,0.00000,0.00000,0.00000,51.47538,0.00000,0.00000
"1","7120",4.76378,0.00000,114.32548,0.00000,0.00000,0.00000,0.00000,0.00000,0.00000,0.00000
"1","7121",0.98400,0.00000,127.31024,0.00000,0.00000,0.00000,0.00000,0.00000,0.00000,0.00000
"1","7122",0.00000,0.00000,144.39196,0.00000,0.00000,0.00000,0.00000,0.00000,0.00000,0.00000
"1","7123",0.00000,0.00000,199.38014,0.00000,0.00000,0.00000,0.00000,0.00000,0.00000,0.00000
"1","7124",0.00000,0.00000,139.03332,0.00000,0.00000,0.00000,0.00000,0.00000,0.00000,0.00000
"1","7125",0.00000,0.00000,113.77168,0.00000,0.00000,0.00000,0.00000,0.00000,0.00000,0.00000
"1","7126",0.00000,0.00000,53.91879,0.00000,0.00000,0.00000,0.00000,42.38121,0.00000,0.00000
"1","7127",0.00000,0.00000,67.53897,0.00000,0.00000,0.00000,0.00000,21.46103,0.00000,0.00000
"1","7128",0.00000,0.00000,218.09523,0.00000,0.00000,0.00000,0.00000,0.00000,0.00000,0.00000
"1","7129",0.00000,0.00000,221.98580,0.00000,0.00000,0.00000,0.00000,0.00000,0.00000,0.00000
"1","7130",0.00000,0.00000,43.54462,0.00000,0.00000,0.00000,0.00000,36.65538,0.00000,0.00000
"1","7131",0.00000,0.00000,7.59419,0.00000,0.00000,0.00000,0.00000,51.47538,0.00000,0.00000
"1","7132",0.00000,0.00000,60.32086,0.00000,0.00000,0.00000,0.00000,21.37914,0.00000,0.00000
"1","7133",0.00000,0.00000,77.63092,0.00000,0.00000,0.00000,0.00000,10.06908,0.00000,0.00000
"1","7134",0.00000,0.00000,51.49610,0.00000,0.00000,0.00000,0.00000,45.80390,0.00000,0.00000
"1","7135",0.00000,0.00000,0.00000,0.00000,0.00000,0.00000,0.00000,51.47538,0.00000,0.00000
"1","7136",0.00000,0.00000,0.00000,0.00000,0.00000,0.00000,0.00000,51.47538,0.00000,0.00000
"1","7137",0.00000,0.00000,0.00000,0.00000,0.00000,0.00000,0.00000,51.47538,0.00000,0.00000
"1","7138",2.39525,0.00000,0.00000,0.00000,0.00000,0.00000,0.00000,51.47538,0.00000,0.00000
"1","7139",6.09743,0.00000,0.00000,0.00000,0.00000,0.00000,0.00000,51.47538,0.00000,0.00000
"1","7140",9.39327,0.00000,5.37945,0.00000,0.00000,0.00000,0.00000,51.47538,0.00000,0.00000
"1","7141",11.85563,0.00000,7.49925,0.00000,0.00000,0.00000,0.00000,51.47538,0.00000,0.00000
"1","7142",15.94264,0.00000,0.00000,0.00000,0.00000,0.00000,0.00000,51.47538,0.00000,0.00000
"1","7143",19.10956,0.00000,73.81758,0.00000,0.00000,0.00000,0.00000,11.17286,0.00000,0.00000
"1","7144",13.40573,0.00000,172.72234,0.00000,0.00000,0.00000,0.00000,0.00000,0.00000,0.00000
"1","7145",3.89873,0.00000,280.38734,0.00000,0.00000,0.00000,0.00000,0.00000,0.00000,0.00000
"1","7146",0.00000,0.00000,36.67074,0.00000,0.00000,0.00000,0.00000,0.00000,0.00000,0.00000
"1","7147",0.00000,0.00000,197.24528,0.00000,0.00000,0.00000,0.00000,0.00000,0.00000,0.00000
"1","7148",0.00000,0.00000,87.49174,0.00000,0.00000,0.00000,0.00000,23.20826,0.00000,0.00000
"1","7149",0.00000,0.00000,47.13214,0.00000,0.00000,0.00000,0.00000,51.47538,0.00000,0.00000
"1","7150",0.00000,0.00000,85.12359,0.00000,0.00000,0.00000,0.00000,11.57641,0.00000,0.00000
"1","7151",0.00000,0.00000,30.29015,0.00000,0.00000,0.00000,0.00000,51.47538,0.00000,0.00000
"1","7152",0.00000,0.00000,13.49279,0.00000,0.00000,0.00000,0.00000,14.12030,0.00000,0.00000
"1","7153",0.00000,0.00000,21.61518,0.00000,0.00000,0.00000,0.00000,0.00000,0.00000,0.00000
"1","7154",0.00000,0.00000,120.27247,0.00000,0.00000,0.00000,0.00000,0.00000,0.00000,0.00000
"1","7155",0.00000,0.00000,179.91888,0.00000,0.00000,0.00000,0.00000,0.00000,0.00000,0.00000
"1","7156",0.00000,0.00000,116.37629,0.00000,0.00000,0.00000,0.00000,0.00000,0.00000,0.00000
"1","7157",0.00000,0.00000,58.19104,0.00000,0.00000,0.00000,0.00000,0.00000,0.00000,0.00000
"1","7158",0.00000,0.00000,105.41620,0.00000,0.00000,0.00000,0.00000,0.00000,0.00000,0.00000
"1","7159",0.00000,0.00000,30.00895,0.00000,0.00000,0.00000,0.00000,0.00000,0.00000,0.00000
"1","7160",0.00000,0.00000,70.17010,0.00000,0.00000,0.00000,0.00000,11.78912,0.00000,0.00000
"1","7161",0.00000,0.00000,271.87496,0.00000,0.00000,0.00000,0.00000,0.00000,0.00000,0.00000
"1","7162",0.52298,0.00000,280.54050,0.00000,0.00000,0.00000,0.00000,0.00000,0.00000,0.00000
"1","7163",1.35723,0.00000,278.70261,0.00000,0.00000,0.00000,0.00000,0.00000,0.00000,0.00000
"1","7164",2.15296,0.00000,279.02853,0.00000,0.00000,0.00000,0.00000,0.00000,0.00000,0.00000
"1","7165",2.94356,0.00000,263.90611,0.00000,0.00000,0.00000,0.00000,0.00000,0.00000,0.00000
"1","7166",9.79234,0.00000,275.73939,0.00000,0.00000,0.00000,0.00000,0.00000,0.00000,0.00000
"1","7167",8.52214,0.00000,277.88079,0.00000,0.00000,0.00000,0.00000,0.00000,0.00000,0.00000
"1","7168",1.73624,0.00000,239.77634,0.00000,0.00000,0.00000,0.00000,0.00000,0.00000,0.00000
"1","7169",0.00000,0.00000,206.47021,0.00000,0.00000,0.00000,0.00000,0.00000,0.00000,0.00000
"1","7170",0.00000,0.00000,217.42937,0.00000,0.00000,0.00000,0.00000,0.00000,0.00000,0.00000
"1","7171",0.00000,0.00000,138.76342,0.00000,0.00000,0.00000,0.00000,0.00000,0.00000,0.00000
"1","7172",0.00000,0.00000,0.00000,0.00000,0.00000,0.00000,0.00000,51.47538,0.00000,0.00000
"1","7173",0.00000,0.00000,0.00000,0.00000,0.00000,0.00000,0.00000,51.47538,0.00000,0.00000
"1","7174",0.00000,0.00000,2.08235,0.00000,0.00000,0.00000,0.00000,51.47538,0.00000,0.00000
"1","7175",0.00000,0.00000,33.70173,0.00000,0.00000,0.00000,0.00000,51.47538,0.00000,0.00000
"1","7176",0.00000,0.00000,15.81621,0.00000,0.00000,0.00000,0.00000,51.47538,0.00000,0.00000
"1","7177",0.00000,0.00000,17.13944,0.00000,0.00000,0.00000,0.00000,51.47538,0.00000,0.00000
"1","7178",0.00000,0.00000,0.00000,0.00000,0.00000,0.00000,0.00000,51.47538,0.00000,0.00000
"1","7179",0.00000,0.00000,0.00000,0.00000,0.00000,0.00000,0.00000,51.47538,0.00000,0.00000
"1","7180",0.00000,0.00000,0.00000,0.00000,0.00000,0.00000,0.00000,51.47538,0.00000,0.00000
"1","7181",0.00000,0.00000,34.88543,0.00000,0.00000,0.00000,0.00000,51.47538,0.00000,0.00000
"1","7182",0.00000,0.00000,4.98224,0.00000,0.00000,0.00000,0.00000,51.47538,0.00000,0.00000
"1","7183",0.00000,0.00000,0.00000,0.00000,0.00000,0.00000,0.00000,51.47538,0.00000,0.00000
"1","7184",0.00000,0.00000,0.00000,0.00000,0.00000,0.00000,0.00000,51.47538,0.00000,0.00000
"1","7185",0.00000,0.00000,0.00000,0.00000,0.00000,0.00000,0.00000,51.47538,0.00000,0.00000
"1","7186",72.84846,0.00000,11.62390,0.00000,0.00000,0.00000,0.00000,28.12764,0.00000,0.00000
"1","7187",156.47055,0.00000,3.46829,0.00000,0.00000,0.00000,0.00000,0.00000,0.00000,0.00000
"1","7188",209.40934,0.00000,0.00000,0.00000,0.00000,0.00000,0.00000,0.00000,0.00000,0.00000
"1","7189",147.33788,0.00000,0.00000,0.00000,0.00000,0.00000,0.00000,0.00000,0.00000,0.00000
"1","7190",148.96578,0.00000,0.00000,0.00000,0.00000,0.00000,0.00000,0.00000,0.00000,0.00000
"1","7191",84.36081,0.00000,0.00000,0.00000,0.00000,0.00000,0.00000,20.23919,0.00000,0.00000
"1","7192",60.02122,0.00000,2.42346,0.00000,0.00000,0.00000,0.00000,41.85531,0.00000,0.00000
"1","7193",17.04347,0.00000,4.08629,0.00000,0.00000,0.00000,0.00000,51.47538,0.00000,0.00000
"1","7194",0.00000,0.00000,6.94446,0.00000,0.00000,0.00000,0.00000,51.47538,0.00000,0.00000
"1","7195",0.00000,0.00000,8.72946,0.00000,0.00000,0.00000,0.00000,51.47538,0.00000,0.00000
"1","7196",0.00000,0.00000,0.00000,0.00000,0.00000,0.00000,0.00000,51.47538,0.00000,0.00000
"1","7197",0.00000,0.00000,0.00000,0.00000,0.00000,0.00000,0.00000,51.47538,0.00000,0.00000
"1","7198",0.00000,0.00000,0.00000,0.00000,0.00000,0.00000,0.00000,51.47538,0.00000,0.00000
"1","7199",0.00000,0.00000,0.00000,0.00000,0.00000,0.00000,0.00000,51.47538,0.00000,0.00000
"1","7200",0.00000,0.00000,0.00000,0.00000,0.00000,0.00000,0.00000,51.47538,0.00000,0.00000
"1","7201",0.00000,0.00000,0.00000,0.00000,0.00000,0.00000,0.00000,51.47538,0.00000,0.00000
"1","7202",0.00000,0.00000,0.00000,0.00000,0.00000,0.00000,0.00000,51.47538,0.00000,0.00000
"1","7203",0.00000,0.00000,0.00000,0.00000,0.00000,0.00000,0.00000,51.47538,0.00000,0.00000
"1","7204",0.00000,0.00000,0.00000,0.00000,0.00000,0.00000,0.00000,51.47538,0.00000,0.00000
"1","7205",0.00000,0.00000,0.00000,0.00000,0.00000,0.00000,0.00000,51.47538,0.00000,0.00000
"1","7206",0.00000,0.00000,0.00000,0.00000,0.00000,0.00000,0.00000,51.47538,0.00000,0.00000
"1","7207",0.00000,0.00000,3.31738,0.00000,0.00000,0.00000,0.00000,51.47538,0.00000,0.00000
"1","7208",0.00000,0.00000,9.72139,0.00000,0.00000,0.00000,0.00000,51.47538,0.00000,0.00000
"1","7209",0.00000,0.00000,1.89295,0.00000,0.00000,0.00000,0.00000,51.47538,0.00000,0.00000
"1","7210",66.89225,0.00000,0.00000,0.00000,0.00000,0.00000,0.00000,40.60775,0.00000,0.00000
"1","7211",150.74364,0.00000,0.00000,0.00000,0.00000,0.00000,0.00000,0.00000,0.00000,0.00000
"1","7212",204.77576,0.00000,0.00000,0.00000,0.00000,0.00000,0.00000,0.00000,0.00000,0.00000
"1","7213",225.42464,0.00000,0.00000,0.00000,0.00000,0.00000,0.00000,0.00000,0.00000,0.00000
"1","7214",221.30531,0.00000,1.76155,0.00000,0.00000,0.00000,0.00000,0.00000,0.00000,0.00000
"1","7215",189.62060,0.00000,4.60432,0.00000,0.00000,0.00000,0.00000,0.00000,0.00000,0.00000
"1","7216",123.82942,0.00000,0.49354,0.00000,0.00000,0.00000,0.00000,0.00000,0.00000,0.00000
"1","7217",32.91335,0.00000,0.00000,0.00000,0.00000,0.00000,0.00000,51.47538,0.00000,0.00000
"1","7218",0.00000,0.00000,0.00000,0.00000,0.00000,0.00000,0.00000,51.47538,0.00000,0.00000
"1","7219",0.00000,0.00000,0.00000,0.00000,0.00000,0.00000,0.00000,51.47538,0.00000,0.00000
"1","7220",0.00000,0.00000,0.00000,0.00000,0.00000,0.00000,0.00000,51.47538,0.00000,0.00000
"1","7221",0.00000,0.00000,0.00000,0.00000,0.00000,0.00000,0.00000,51.47538,0.00000,0.00000
"1","7222",0.00000,0.00000,0.00000,0.00000,0.00000,0.00000,0.00000,51.47538,0.00000,0.00000
"1","7223",0.00000,0.00000,2.93759,0.00000,0.00000,0.00000,0.00000,51.47538,0.00000,0.00000
"1","7224",0.00000,0.00000,0.00000,0.00000,0.00000,0.00000,0.00000,51.47538,0.00000,0.00000
"1","7225",0.00000,0.00000,1.60960,0.00000,0.00000,0.00000,0.00000,51.47538,0.00000,0.00000
"1","7226",0.00000,0.00000,5.81373,0.00000,0.00000,0.00000,0.00000,51.47538,0.00000,0.00000
"1","7227",0.00000,0.00000,7.17850,0.00000,0.00000,0.00000,0.00000,51.47538,0.00000,0.00000
"1","7228",0.00000,0.00000,7.56022,0.00000,0.00000,0.00000,0.00000,51.47538,0.00000,0.00000
"1","7229",0.00000,0.00000,5.32484,0.00000,0.00000,0.00000,0.00000,51.47538,0.00000,0.00000
"1","7230",0.00000,0.00000,10.40873,0.00000,0.00000,0.00000,0.00000,51.47538,0.00000,0.00000
"1","7231",0.00000,0.00000,11.27752,0.00000,0.00000,0.00000,0.00000,51.47538,0.00000,0.00000
"1","7232",0.00000,0.00000,6.82303,0.00000,0.00000,0.00000,0.00000,51.47538,0.00000,0.00000
"1","7233",0.00000,0.00000,8.36593,0.00000,0.00000,0.00000,0.00000,51.47538,0.00000,0.00000
"1","7234",60.58675,0.00000,6.15247,0.00000,0.00000,0.00000,0.00000,36.16077,0.00000,0.00000
"1","7235",145.59775,0.00000,4.82601,0.00000,0.00000,0.00000,0.00000,0.00000,0.00000,0.00000
"1","7236",201.89924,0.00000,1.60318,0.00000,0.00000,0.00000,0.00000,0.00000,0.00000,0.00000
"1","7237",66.23142,0.00000,3.84125,0.00000,0.00000,0.00000,0.00000,35.62733,0.00000,0.00000
"1","7238",69.51430,0.00000,2.12521,0.00000,0.00000,0.00000,0.00000,33.76049,0.00000,0.00000
"1","7239",58.72181,0.00000,3.17813,0.00000,0.00000,0.00000,0.00000,43.80006,0.00000,0.00000
"1","7240",39.22044,0.00000,7.54302,0.00000,0.00000,0.00000,0.00000,51.47538,0.00000,0.00000
"1","7241",9.89243,0.00000,14.10897,0.00000,0.00000,0.00000,0.00000,51.47538,0.00000,0.00000
"1","7242",0.00000,0.00000,3.14822,0.00000,0.00000,0.00000,0.00000,51.47538,0.00000,0.00000
"1","7243",0.00000,0.00000,0.00000,0.00000,0.00000,0.00000,0.00000,51.47538,0.00000,0.00000
"1","7244",0.00000,0.00000,0.00000,0.00000,0.00000,0.00000,0.00000,51.47538,0.00000,0.00000
"1","7245",0.00000,0.00000,0.00000,0.00000,0.00000,0.00000,0.00000,51.47538,0.00000,0.00000
"1","7246",0.00000,0.00000,0.00000,0.00000,0.00000,0.00000,0.00000,51.47538,0.00000,0.00000
"1","7247",0.00000,0.00000,0.00000,0.00000,0.00000,0.00000,0.00000,51.47538,0.00000,0.00000
"1","7248",0.00000,0.00000,0.00000,0.00000,0.00000,0.00000,0.00000,51.47538,0.00000,0.00000
"1","7249",0.00000,0.00000,0.00000,0.00000,0.00000,0.00000,0.00000,51.47538,0.00000,0.00000
"1","7250",0.00000,0.00000,0.00000,0.00000,0.00000,0.00000,0.00000,51.47538,0.00000,0.00000
"1","7251",0.00000,0.00000,0.00000,0.00000,0.00000,0.00000,0.00000,51.47538,0.00000,0.00000
"1","7252",0.00000,0.00000,2.22849,0.00000,0.00000,0.00000,0.00000,51.47538,0.00000,0.00000
"1","7253",0.00000,0.00000,0.00000,0.00000,0.00000,0.00000,0.00000,51.47538,0.00000,0.00000
"1","7254",0.00000,0.00000,0.00000,0.00000,0.00000,0.00000,0.00000,51.47538,0.00000,0.00000
"1","7255",0.00000,0.00000,0.00000,0.00000,0.00000,0.00000,0.00000,51.47538,0.00000,0.00000
"1","7256",0.00000,0.00000,0.00000,0.00000,0.00000,0.00000,0.00000,51.47538,0.00000,0.00000
"1","7257",0.00000,0.00000,0.00000,0.00000,0.00000,0.00000,0.00000,51.47538,0.00000,0.00000
"1","7258",67.19025,0.00000,0.00000,0.00000,0.00000,0.00000,0.00000,41.70975,0.00000,0.00000
"1","7259",156.87401,0.00000,0.00000,0.00000,0.00000,0.00000,0.00000,0.00000,0.00000,0.00000
"1","7260",213.61332,0.00000,0.00000,0.00000,0.00000,0.00000,0.00000,0.00000,0.00000,0.00000
"1","7261",236.18762,0.00000,0.00000,0.00000,0.00000,0.00000,0.00000,0.00000,0.00000,0.00000
"1","7262",231.24685,0.00000,0.00000,0.00000,0.00000,0.00000,0.00000,0.00000,0.00000,0.00000
"1","7263",199.31735,0.00000,0.00000,0.00000,0.00000,0.00000,0.00000,0.00000,0.00000,0.00000
"1","7264",134.06267,0.00000,0.00000,0.00000,0.00000,0.00000,0.00000,0.00000,0.00000,0.00000
"1","7265",36.01317,0.00000,2.65832,0.00000,0.00000,0.00000,0.00000,51.47538,0.00000,0.00000
"1","7266",0.00000,0.00000,8.36462,0.00000,0.00000,0.00000,0.00000,51.47538,0.00000,0.00000
"1","7267",0.00000,0.00000,22.17150,0.00000,0.00000,0.00000,0.00000,51.47538,0.00000,0.00000
"1","7268",0.00000,0.00000,20.61770,0.00000,0.00000,0.00000,0.00000,51.47538,0.00000,0.00000
"1","7269",0.00000,0.00000,16.15447,0.00000,0.00000,0.00000,0.00000,51.47538,0.00000,0.00000
"1","7270",0.00000,0.00000,14.88354,0.00000,0.00000,0.00000,0.00000,51.47538,0.00000,0.00000
"1","7271",0.00000,0.00000,15.46395,0.00000,0.00000,0.00000,0.00000,22.20144,0.00000,0.00000
"1","7272",0.00000,0.00000,13.31087,0.00000,0.00000,0.00000,0.00000,51.47538,0.00000,0.00000
"1","7273",0.00000,0.00000,24.10978,0.00000,0.00000,0.00000,0.00000,51.47538,0.00000,0.00000
"1","7274",0.00000,0.00000,15.48823,0.00000,0.00000,0.00000,0.00000,0.00000,0.00000,0.00000
"1","7275",0.00000,0.00000,31.31229,0.00000,0.00000,0.00000,0.00000,48.58771,0.00000,0.00000
"1","7276",0.00000,0.00000,31.80641,0.00000,0.00000,0.00000,0.00000,49.69359,0.00000,0.00000
"1","7277",0.00000,0.00000,40.18076,0.00000,0.00000,0.00000,0.00000,46.91924,0.00000,0.00000
"1","7278",0.00000,0.00000,24.90162,0.00000,0.00000,0.00000,0.00000,51.47538,0.00000,0.00000
"1","7279",0.00000,0.00000,52.25245,0.00000,0.00000,0.00000,0.00000,50.94755,0.00000,0.00000
"1","7280",0.00000,0.00000,44.76390,0.00000,0.00000,0.00000,0.00000,51.47538,0.00000,0.00000
"1","7281",0.00000,0.00000,35.54952,0.00000,0.00000,0.00000,0.00000,51.47538,0.00000,0.00000
"1","7282",66.73115,0.00000,86.31448,0.00000,0.00000,0.00000,0.00000,0.00000,0.00000,0.00000
"1","7283",160.09981,0.00000,34.24254,0.00000,0.00000,0.00000,0.00000,0.00000,0.00000,0.00000
"1","7284",218.78921,0.00000,0.00000,0.00000,0.00000,0.00000,0.00000,0.00000,0.00000,0.00000
"1","7285",235.84994,0.00000,0.00000,0.00000,0.00000,0.00000,0.00000,0.00000,0.00000,0.00000
"1","7286",231.18105,0.00000,8.65227,0.00000,0.00000,0.00000,0.00000,0.00000,0.00000,0.00000
"1","7287",196.25603,0.00000,44.43274,0.00000,0.00000,0.00000,0.00000,0.00000,0.00000,0.00000
"1","7288",130.34487,0.00000,59.04293,0.00000,0.00000,0.00000,0.00000,0.00000,0.00000,0.00000
"1","7289",34.48033,0.00000,59.76557,0.00000,0.00000,0.00000,0.00000,0.00000,0.00000,0.00000
"1","7290",0.00000,0.00000,104.90536,0.00000,0.00000,0.00000,0.00000,0.00000,0.00000,0.00000
"1","7291",0.00000,0.00000,107.57721,0.00000,0.00000,0.00000,0.00000,0.00000,0.00000,0.00000
"1","7292",0.00000,0.00000,40.59643,0.00000,0.00000,0.00000,0.00000,0.00000,0.00000,0.00000
"1","7293",0.00000,0.00000,10.79900,0.00000,0.00000,0.00000,0.00000,0.00000,0.00000,0.00000
"1","7294",0.00000,0.00000,7.76574,0.00000,0.00000,0.00000,0.00000,0.00000,0.00000,0.00000
"1","7295",0.00000,0.00000,0.00000,0.00000,0.00000,0.00000,0.00000,0.00000,0.00000,0.00000
"1","7296",0.00000,0.00000,0.00000,0.00000,0.00000,0.00000,0.00000,0.00000,0.00000,0.00000
"1","7297",0.00000,0.00000,0.00000,0.00000,0.00000,0.00000,0.00000,49.95116,0.00000,0.00000
"1","7298",0.00000,0.00000,1.78892,0.00000,0.00000,0.00000,0.00000,42.80533,0.00000,0.00000
"1","7299",0.00000,0.00000,19.53551,0.00000,0.00000,0.00000,0.00000,49.95116,0.00000,0.00000
"1","7300",0.00000,0.00000,0.00000,0.00000,0.00000,0.00000,0.00000,49.95116,0.00000,0.00000
"1","7301",0.00000,0.00000,77.43322,0.00000,0.00000,0.00000,0.00000,8.26678,0.00000,0.00000
"1","7302",0.00000,0.00000,75.78985,0.00000,0.00000,0.00000,0.00000,17.51015,0.00000,0.00000
"1","7303",0.00000,0.00000,157.32349,0.00000,0.00000,0.00000,0.00000,0.00000,0.00000,0.00000
"1","7304",0.00000,0.00000,252.56219,0.00000,0.00000,0.00000,0.00000,0.00000,0.00000,0.00000
"1","7305",0.00000,0.00000,19.35536,0.00000,0.00000,0.00000,0.00000,0.00000,0.00000,0.00000
"1","7306",58.23320,0.00000,5.76049,0.00000,0.00000,0.00000,0.00000,0.00000,0.00000,0.00000
"1","7307",153.77255,0.00000,34.73564,0.00000,0.00000,0.00000,0.00000,0.00000,0.00000,0.00000
"1","7308",214.64714,0.00000,79.98512,36.74138,0.00000,0.00000,0.00000,0.00000,0.00000,0.00000
"1","7309",36.97147,202.35971,256.96079,0.00000,0.00000,0.00000,0.00000,0.00000,0.00000,0.00000
"1","7310",235.62547,0.00000,57.00679,33.28287,0.00000,0.00000,0.00000,0.00000,0.00000,0.00000
"1","7311",200.96847,0.00000,91.16379,2.15904,0.00000,0.00000,0.00000,0.00000,0.00000,0.00000
"1","7312",132.66021,0.00000,43.35793,0.00000,0.00000,0.00000,33.26638,0.00000,0.00000,0.00000
"1","7313",34.61608,0.00000,114.29746,0.00000,0.00000,0.00000,63.47098,0.00000,0.00000,0.00000
"1","7314",0.00000,0.00000,141.93490,0.00000,0.00000,0.00000,75.34962,0.00000,0.00000,0.00000
"1","7315",0.00000,0.00000,155.67424,0.00000,0.00000,0.00000,61.31028,0.00000,0.00000,0.00000
"1","7316",0.00000,0.00000,227.07642,0.00000,0.00000,0.00000,0.00000,0.00000,0.00000,0.00000
"1","7317",0.00000,0.00000,256.78896,0.00000,0.00000,0.00000,0.00000,0.00000,0.00000,0.00000
"1","7318",0.00000,0.00000,273.66803,0.00000,0.00000,0.00000,0.00000,0.00000,0.00000,0.00000
"1","7319",0.00000,0.00000,276.51451,0.00000,0.00000,0.00000,0.00000,0.00000,0.00000,0.00000
"1","7320",0.00000,0.00000,268.06564,0.00000,0.00000,0.00000,0.00000,0.00000,0.00000,0.00000
"1","7321",0.00000,0.00000,191.42903,0.00000,0.00000,0.00000,0.00000,0.00000,0.00000,0.00000
"1","7322",0.00000,0.00000,160.12795,0.00000,0.00000,0.00000,23.65657,0.00000,0.00000,0.00000
"1","7323",0.00000,0.00000,119.49174,0.00000,0.00000,0.00000,64.29278,0.00000,0.00000,0.00000
"1","7324",0.00000,0.00000,169.41078,0.00000,0.00000,0.00000,15.67374,0.00000,0.00000,0.00000
"1","7325",0.00000,0.00000,232.39770,0.00000,0.00000,0.00000,0.00000,0.00000,0.00000,0.00000
"1","7326",0.00000,0.00000,250.89426,0.00000,0.00000,0.00000,0.00000,0.00000,0.00000,0.00000
"1","7327",0.00000,0.00000,232.19132,0.00000,0.00000,0.00000,0.00000,0.00000,0.00000,0.00000
"1","7328",0.00000,0.00000,280.37427,0.00000,0.00000,0.00000,0.00000,0.00000,0.00000,0.00000
"1","7329",0.00000,0.00000,280.54050,0.00000,0.00000,0.00000,0.00000,0.00000,0.00000,0.00000
"1","7330",53.64171,0.00000,0.00000,0.00000,0.00000,0.00000,28.08945,0.00000,0.00000,0.00000
"1","7331",145.85850,0.00000,0.00000,0.00000,0.00000,0.00000,67.62601,0.00000,0.00000,0.00000
"1","7332",207.27928,0.00000,0.00000,0.00000,0.00000,0.00000,4.80524,0.00000,0.00000,0.00000
"1","7333",210.88452,7.10114,0.00000,0.00000,0.00000,0.00000,0.00000,0.00000,0.00000,0.00000
"1","7334",210.68452,3.72993,0.00000,280.54050,0.00000,0.00000,0.00000,0.00000,0.00000,0.00000
"1","7335",181.14780,0.00000,29.53671,251.00378,0.00000,0.00000,0.00000,0.00000,0.00000,0.00000
"1","7336",107.78896,0.00000,103.79556,176.74494,0.00000,0.00000,0.00000,0.00000,0.00000,0.00000
"1","7337",24.63159,0.00000,189.75293,90.78757,0.00000,0.00000,0.00000,0.00000,0.00000,0.00000
"1","7338",0.00000,0.00000,217.38452,63.15598,0.00000,0.00000,0.00000,0.00000,0.00000,0.00000
"1","7339",0.00000,0.00000,273.28046,0.00000,0.00000,0.00000,0.00000,0.00000,0.00000,0.00000
"1","7340",0.00000,0.00000,211.18452,7.93612,0.00000,0.00000,0.00000,0.00000,0.00000,0.00000
"1","7341",0.00000,0.00000,204.98452,28.38910,0.00000,0.00000,0.00000,0.00000,0.00000,0.00000
"1","7342",0.00000,0.00000,116.50330,0.00000,0.00000,0.00000,80.78122,0.00000,0.00000,0.00000
"1","7343",0.00000,0.00000,190.28452,90.25598,0.00000,0.00000,0.00000,0.00000,0.00000,0.00000
"1","7344",0.00000,0.00000,185.58452,71.02700,0.00000,0.00000,0.00000,0.00000,0.00000,0.00000
"1","7345",0.00000,0.00000,182.68452,95.05152,0.00000,0.00000,0.00000,0.00000,0.00000,0.00000
"1","7346",0.00000,0.00000,181.78452,98.75598,0.00000,0.00000,0.00000,0.00000,0.00000,0.00000
"1","7347",0.00000,0.00000,181.68452,98.85598,0.00000,0.00000,0.00000,0.00000,0.00000,0.00000
"1","7348",0.00000,0.00000,182.88452,97.65598,0.00000,0.00000,0.00000,0.00000,0.00000,0.00000
"1","7349",0.00000,0.00000,240.39468,40.14582,0.00000,0.00000,0.00000,0.00000,0.00000,0.00000
"1","7350",0.00000,0.00000,279.63226,0.90824,0.00000,0.00000,0.00000,0.00000,0.00000,0.00000
"1","7351",0.00000,0.00000,202.68452,77.85598,0.00000,0.00000,0.00000,0.00000,0.00000,0.00000
"1","7352",0.00000,0.00000,208.18109,0.00000,0.00000,0.00000,1.10343,0.00000,0.00000,0.00000
"1","7353",0.00000,0.00000,280.54050,0.00000,0.00000,0.00000,0.00000,0.00000,0.00000,0.00000
"1","7354",40.12998,0.00000,130.68997,0.00000,0.00000,0.00000,41.26457,0.00000,0.00000,0.00000
"1","7355",138.34503,0.00000,68.51871,0.00000,0.00000,0.00000,4.82078,0.00000,0.00000,0.00000
"1","7356",15.12049,184.12671,280.21177,0.00000,0.00000,0.00000,0.00000,0.00000,0.00000,0.00000
"1","7357",42.89971,182.59459,167.88481,0.00000,0.00000,0.00000,0.00000,0.00000,0.00000,0.00000
"1","7358",209.98452,11.99420,0.00000,45.07376,0.00000,0.00000,0.00000,0.00000,0.00000,0.00000
"1","7359",186.42673,0.00000,7.19398,0.00000,0.00000,0.00000,0.00000,0.00000,0.00000,0.00000
"1","7360",119.90409,0.00000,0.00000,0.00000,0.00000,0.00000,0.00000,0.00000,0.00000,0.00000
"1","7361",29.79185,0.00000,35.33286,0.00000,0.00000,0.00000,10.13647,0.00000,0.00000,0.00000
"1","7362",0.00000,0.00000,278.94542,0.00000,0.00000,0.00000,0.00000,0.00000,0.00000,0.00000
"1","7363",0.00000,0.00000,136.03367,0.00000,0.00000,0.00000,0.00000,0.00000,0.00000,0.00000
"1","7364",0.00000,0.00000,8.81263,0.00000,0.00000,0.00000,0.00000,0.00000,0.00000,0.00000
"1","7365",0.00000,0.00000,15.63803,0.00000,0.00000,0.00000,0.00000,0.00000,0.00000,0.00000
"1","7366",0.00000,0.00000,82.87264,0.00000,0.00000,0.00000,0.00000,0.00000,0.00000,0.00000
"1","7367",0.00000,0.00000,59.65425,0.00000,0.00000,0.00000,0.00000,0.00000,0.00000,0.00000
"1","7368",0.00000,0.00000,33.11852,0.00000,0.00000,0.00000,0.00000,0.00000,0.00000,0.00000
"1","7369",0.00000,0.00000,25.38948,0.00000,0.00000,0.00000,0.00000,0.00000,0.00000,0.00000
"1","7370",0.00000,0.00000,17.69407,0.00000,0.00000,0.00000,0.00000,0.00000,0.00000,0.00000
"1","7371",0.00000,0.00000,19.31969,0.00000,0.00000,0.00000,0.00000,0.00000,0.00000,0.00000
"1","7372",0.00000,0.00000,33.80623,0.00000,0.00000,0.00000,0.00000,0.00000,0.00000,0.00000
"1","7373",0.00000,0.00000,27.84103,0.00000,0.00000,0.00000,0.00000,0.00000,0.00000,0.00000
"1","7374",0.00000,0.00000,23.16188,0.00000,0.00000,0.00000,0.00000,0.00000,0.00000,0.00000
"1","7375",0.00000,0.00000,39.25415,0.00000,0.00000,0.00000,0.00000,0.00000,0.00000,0.00000
"1","7376",0.00000,0.00000,32.33415,0.00000,0.00000,0.00000,0.00000,0.00000,0.00000,0.00000
"1","7377",0.00000,0.00000,6.86547,0.00000,0.00000,0.00000,0.00000,0.00000,0.00000,0.00000
"1","7378",35.87829,0.00000,4.82157,0.00000,0.00000,0.00000,0.00000,0.00000,0.00000,0.00000
"1","7379",137.73354,0.00000,6.76105,0.00000,0.00000,0.00000,0.00000,0.00000,0.00000,0.00000
"1","7380",203.77677,0.00000,6.96896,0.00000,0.00000,0.00000,0.00000,0.00000,0.00000,0.00000
"1","7381",229.25612,0.00000,0.00000,0.00000,0.00000,0.00000,0.00000,0.00000,0.00000,0.00000
"1","7382",224.85814,0.00000,0.00000,0.00000,0.00000,0.00000,0.00000,0.00000,0.00000,0.00000
"1","7383",189.77928,0.00000,0.00000,0.00000,0.00000,0.00000,0.00000,0.00000,0.00000,0.00000
"1","7384",119.14263,0.00000,0.00000,0.00000,0.00000,0.00000,0.00000,0.00000,0.00000,0.00000
"1","7385",29.18413,0.00000,0.00000,0.00000,0.00000,0.00000,0.00000,0.00000,0.00000,0.00000
"1","7386",0.00000,0.00000,40.88238,0.00000,0.00000,0.00000,0.00000,0.00000,0.00000,0.00000
"1","7387",0.00000,0.00000,21.32157,0.00000,0.00000,0.00000,0.00000,0.00000,0.00000,0.00000
"1","7388",0.00000,0.00000,0.00000,0.00000,0.00000,0.00000,0.00000,0.00000,0.00000,0.00000
"1","7389",0.00000,0.00000,19.20977,0.00000,0.00000,0.00000,0.00000,0.00000,0.00000,0.00000
"1","7390",0.00000,0.00000,104.19000,0.00000,0.00000,0.00000,0.00000,0.00000,0.00000,0.00000
"1","7391",0.00000,0.00000,51.77944,0.00000,0.00000,0.00000,0.00000,4.22363,0.00000,0.00000
"1","7392",0.00000,0.00000,30.04622,0.00000,0.00000,0.00000,0.00000,0.00000,0.00000,0.00000
"1","7393",0.00000,0.00000,21.56746,0.00000,0.00000,0.00000,0.00000,0.00000,0.00000,0.00000
"1","7394",0.00000,0.00000,2.77806,0.00000,0.00000,0.00000,0.00000,0.00000,0.00000,0.00000
"1","7395",0.00000,0.00000,77.46693,0.00000,0.00000,0.00000,0.00000,0.00000,0.00000,0.00000
"1","7396",0.00000,0.00000,230.85306,0.00000,0.00000,0.00000,0.00000,0.00000,0.00000,0.00000
"1","7397",0.00000,0.00000,157.20115,0.00000,0.00000,0.00000,0.00000,0.00000,0.00000,0.00000
"1","7398",0.00000,0.00000,4.63681,0.00000,0.00000,0.00000,0.00000,0.00000,0.00000,0.00000
"1","7399",0.00000,0.00000,0.00000,0.00000,0.00000,0.00000,0.00000,0.00000,0.00000,0.00000
"1","7400",0.00000,0.00000,72.76135,0.00000,0.00000,0.00000,0.00000,21.13865,0.00000,0.00000
"1","7401",0.00000,0.00000,52.03925,0.00000,0.00000,0.00000,0.00000,48.86075,0.00000,0.00000
"1","7402",1.18532,0.00000,38.32232,0.00000,0.00000,0.00000,0.00000,49.95116,0.00000,0.00000
"1","7403",32.85220,0.00000,65.00580,0.00000,0.00000,0.00000,0.00000,7.44200,0.00000,0.00000
"1","7404",70.22690,0.00000,12.00110,0.00000,0.00000,0.00000,0.00000,24.57201,0.00000,0.00000
"1","7405",21.44236,0.00000,0.00000,0.00000,0.00000,0.00000,0.00000,49.95116,0.00000,0.00000
"1","7406",46.70736,0.00000,0.00000,0.00000,0.00000,0.00000,0.00000,49.95116,0.00000,0.00000
"1","7407",38.89263,0.00000,0.00000,0.00000,0.00000,0.00000,0.00000,0.00000,0.00000,0.00000
"1","7408",24.64818,0.00000,0.00000,0.00000,0.00000,0.00000,0.00000,49.95116,0.00000,0.00000
"1","7409",3.88363,0.00000,0.00000,0.00000,0.00000,0.00000,0.00000,49.95116,0.00000,0.00000
"1","7410",0.00000,0.00000,0.00000,0.00000,0.00000,0.00000,0.00000,49.95116,0.00000,0.00000
"1","7411",0.00000,0.00000,6.63611,0.00000,0.00000,0.00000,0.00000,49.95116,0.00000,0.00000
"1","7412",0.00000,0.00000,39.86641,0.00000,0.00000,0.00000,0.00000,49.95116,0.00000,0.00000
"1","7413",0.00000,0.00000,17.63720,0.00000,0.00000,0.00000,0.00000,49.95116,0.00000,0.00000
"1","7414",0.00000,0.00000,9.34979,0.00000,0.00000,0.00000,0.00000,49.95116,0.00000,0.00000
"1","7415",0.00000,0.00000,0.00000,0.00000,0.00000,0.00000,0.00000,49.95116,0.00000,0.00000
"1","7416",0.00000,0.00000,19.79597,0.00000,0.00000,0.00000,0.00000,49.95116,0.00000,0.00000
"1","7417",0.00000,0.00000,55.55496,0.00000,0.00000,0.00000,0.00000,28.04504,0.00000,0.00000
"1","7418",0.00000,0.00000,57.78293,0.00000,0.00000,0.00000,0.00000,24.01707,0.00000,0.00000
"1","7419",0.00000,0.00000,39.16179,0.00000,0.00000,0.00000,0.00000,41.23821,0.00000,0.00000
"1","7420",0.00000,0.00000,0.00000,0.00000,0.00000,0.00000,0.00000,49.95116,0.00000,0.00000
"1","7421",0.00000,0.00000,0.00000,0.00000,0.00000,0.00000,0.00000,49.95116,0.00000,0.00000
"1","7422",0.00000,0.00000,0.00000,0.00000,0.00000,0.00000,0.00000,49.95116,0.00000,0.00000
"1","7423",0.00000,0.00000,4.12005,0.00000,0.00000,0.00000,0.00000,49.95116,0.00000,0.00000
"1","7424",0.00000,0.00000,22.47557,0.00000,0.00000,0.00000,0.00000,49.95116,0.00000,0.00000
"1","7425",0.00000,0.00000,38.56196,0.00000,0.00000,0.00000,0.00000,49.95116,0.00000,0.00000
"1","7426",0.00000,0.00000,58.08374,0.00000,0.00000,0.00000,0.00000,49.95116,0.00000,0.00000
"1","7427",2.16438,0.00000,48.83798,0.00000,0.00000,0.00000,0.00000,49.95116,0.00000,0.00000
"1","7428",5.06191,0.00000,41.05450,0.00000,0.00000,0.00000,0.00000,49.95116,0.00000,0.00000
"1","7429",6.71786,0.00000,40.05524,0.00000,0.00000,0.00000,0.00000,49.95116,0.00000,0.00000
"1","7430",14.17455,0.00000,16.55865,0.00000,0.00000,0.00000,0.00000,49.95116,0.00000,0.00000
"1","7431",11.49048,0.00000,17.66559,0.00000,0.00000,0.00000,0.00000,49.95116,0.00000,0.00000
"1","7432",4.79145,0.00000,40.51583,0.00000,0.00000,0.00000,0.00000,49.95116,0.00000,0.00000
"1","7433",0.29588,0.00000,71.97194,0.00000,0.00000,0.00000,0.00000,42.53218,0.00000,0.00000
"1","7434",0.00000,0.00000,73.01845,0.00000,0.00000,0.00000,0.00000,48.18155,0.00000,0.00000
"1","7435",0.00000,0.00000,57.78116,0.00000,0.00000,0.00000,0.00000,49.95116,0.00000,0.00000
"1","7436",0.00000,0.00000,46.31957,0.00000,0.00000,0.00000,0.00000,49.95116,0.00000,0.00000
"1","7437",0.00000,0.00000,47.03894,0.00000,0.00000,0.00000,0.00000,49.95116,0.00000,0.00000
"1","7438",0.00000,0.00000,42.00352,0.00000,0.00000,0.00000,0.00000,49.95116,0.00000,0.00000
"1","7439",0.00000,0.00000,71.62192,0.00000,0.00000,0.00000,0.00000,24.57808,0.00000,0.00000
"1","7440",0.00000,0.00000,49.67652,0.00000,0.00000,0.00000,0.00000,39.72348,0.00000,0.00000
"1","7441",0.00000,0.00000,80.59311,0.00000,0.00000,0.00000,0.00000,4.30689,0.00000,0.00000
"1","7442",0.00000,0.00000,93.36411,0.00000,0.00000,0.00000,0.00000,0.00000,0.00000,0.00000
"1","7443",0.00000,0.00000,112.47545,0.00000,0.00000,0.00000,0.00000,0.00000,0.00000,0.00000
"1","7444",0.00000,0.00000,94.63447,0.00000,0.00000,0.00000,0.00000,0.00000,0.00000,0.00000
"1","7445",0.00000,0.00000,121.73867,0.00000,0.00000,0.00000,0.00000,0.00000,0.00000,0.00000
"1","7446",0.00000,0.00000,81.56706,0.00000,0.00000,0.00000,0.00000,7.93294,0.00000,0.00000
"1","7447",0.00000,0.00000,67.95053,0.00000,0.00000,0.00000,0.00000,30.54947,0.00000,0.00000
"1","7448",0.00000,0.00000,78.68668,0.00000,0.00000,0.00000,0.00000,26.91332,0.00000,0.00000
"1","7449",0.00000,0.00000,69.98453,0.00000,0.00000,0.00000,0.00000,39.91547,0.00000,0.00000
"1","7450",0.00000,0.00000,79.33293,0.00000,0.00000,0.00000,0.00000,30.36707,0.00000,0.00000
"1","7451",10.40862,0.00000,86.03898,0.00000,0.00000,0.00000,0.00000,13.45240,0.00000,0.00000
"1","7452",21.97451,0.00000,40.75425,0.00000,0.00000,0.00000,0.00000,45.87123,0.00000,0.00000
"1","7453",29.53671,0.00000,21.62480,0.00000,0.00000,0.00000,0.00000,49.95116,0.00000,0.00000
"1","7454",12.41681,0.00000,3.08164,0.00000,0.00000,0.00000,0.00000,49.95116,0.00000,0.00000
"1","7455",10.17142,0.00000,0.00000,0.00000,0.00000,0.00000,0.00000,49.95116,0.00000,0.00000
"1","7456",5.65593,0.00000,0.00000,0.00000,0.00000,0.00000,0.00000,49.95116,0.00000,0.00000
"1","7457",0.79520,0.00000,0.00000,0.00000,0.00000,0.00000,0.00000,49.95116,0.00000,0.00000
"1","7458",0.00000,0.00000,0.00000,0.00000,0.00000,0.00000,0.00000,49.95116,0.00000,0.00000
"1","7459",0.00000,0.00000,0.00000,0.00000,0.00000,0.00000,0.00000,49.95116,0.00000,0.00000
"1","7460",0.00000,0.00000,30.63195,0.00000,0.00000,0.00000,0.00000,49.95116,0.00000,0.00000
"1","7461",0.00000,0.00000,204.23075,0.00000,0.00000,0.00000,0.00000,0.00000,0.00000,0.00000
"1","7462",0.00000,0.00000,264.40947,0.00000,0.00000,0.00000,0.00000,0.00000,0.00000,0.00000
"1","7463",0.00000,0.00000,280.00445,0.00000,0.00000,0.00000,0.00000,0.00000,0.00000,0.00000
"1","7464",0.00000,0.00000,280.33226,0.20824,0.00000,0.00000,0.00000,0.00000,0.00000,0.00000
"1","7465",0.00000,0.00000,0.00000,0.00000,0.00000,0.00000,0.00000,49.95116,0.00000,0.00000
"1","7466",0.00000,0.00000,0.00000,0.00000,0.00000,0.00000,0.00000,0.45226,0.00000,0.00000
"1","7467",0.00000,0.00000,4.45830,0.00000,0.00000,0.00000,0.00000,49.95116,0.00000,0.00000
"1","7468",0.00000,0.00000,0.00000,0.00000,0.00000,0.00000,0.00000,49.95116,0.00000,0.00000
"1","7469",0.00000,0.00000,0.00000,0.00000,0.00000,0.00000,0.00000,49.95116,0.00000,0.00000
"1","7470",0.00000,0.00000,0.00000,0.00000,0.00000,0.00000,0.00000,22.42247,0.00000,0.00000
"1","7471",0.00000,0.00000,202.18452,78.35598,0.00000,0.00000,0.00000,0.00000,0.00000,0.00000
"1","7472",0.00000,0.00000,280.54050,0.00000,0.00000,0.00000,0.00000,0.00000,0.00000,0.00000
"1","7473",0.00000,0.00000,268.72216,0.00000,0.00000,0.00000,0.00000,0.00000,0.00000,0.00000
"1","7474",0.00000,0.00000,229.35181,51.18869,0.00000,0.00000,0.00000,0.00000,0.00000,0.00000
"1","7475",0.53458,0.00000,257.90775,0.00000,0.00000,0.00000,0.00000,0.00000,0.00000,0.00000
"1","7476",0.95764,0.00000,214.02688,66.51362,0.00000,0.00000,0.00000,0.00000,0.00000,0.00000
"1","7477",1.35014,0.00000,280.54050,0.00000,0.00000,0.00000,0.00000,0.00000,0.00000,0.00000
"1","7478",4.45710,0.00000,277.37369,0.00000,0.00000,0.00000,0.00000,0.00000,0.00000,0.00000
"1","7479",37.93094,0.00000,261.80132,18.73918,0.00000,0.00000,0.00000,0.00000,0.00000,0.00000
"1","7480",0.00000,21.72261,280.54050,0.00000,0.00000,0.00000,0.00000,0.00000,0.00000,0.00000
"1","7481",2.60900,0.00000,218.47552,62.06498,0.00000,0.00000,0.00000,0.00000,0.00000,0.00000
"1","7482",0.00000,0.00000,280.54050,0.00000,0.00000,0.00000,0.00000,0.00000,0.00000,0.00000
"1","7483",0.00000,0.00000,222.38452,42.75245,0.00000,0.00000,0.00000,0.00000,0.00000,0.00000
"1","7484",0.00000,0.00000,219.38452,28.15149,0.00000,0.00000,0.00000,0.00000,0.00000,0.00000
"1","7485",0.00000,0.00000,38.39507,0.00000,0.00000,0.00000,0.00000,0.00000,0.00000,0.00000
"1","7486",0.00000,0.00000,85.80514,0.00000,0.00000,0.00000,26.66704,0.00000,0.00000,0.00000
"1","7487",0.00000,0.00000,6.31829,0.00000,0.00000,0.00000,0.00000,2.73397,0.00000,0.00000
"1","7488",0.00000,0.00000,79.54669,0.00000,0.00000,0.00000,79.79443,0.00000,0.00000,0.00000
"1","7489",0.00000,0.00000,268.43226,12.10824,0.00000,0.00000,0.00000,0.00000,0.00000,0.00000
"1","7490",0.00000,0.00000,267.63226,12.90824,0.00000,0.00000,0.00000,0.00000,0.00000,0.00000
"1","7491",0.00000,0.00000,266.63226,10.87404,0.00000,0.00000,0.00000,0.00000,0.00000,0.00000
"1","7492",0.00000,0.00000,266.73226,9.45819,0.00000,0.00000,0.00000,0.00000,0.00000,0.00000
"1","7493",0.00000,0.00000,117.87238,0.00000,0.00000,0.00000,0.00000,0.00000,0.00000,0.00000
"1","7494",0.00000,0.00000,70.37677,0.00000,0.00000,0.00000,0.00000,0.00000,0.00000,0.00000
"1","7495",0.00000,0.00000,31.87346,0.00000,0.00000,0.00000,0.00000,0.00000,0.00000,0.00000
"1","7496",0.00000,0.00000,10.89846,0.00000,0.00000,0.00000,0.00000,4.55380,0.00000,0.00000
"1","7497",0.00000,0.00000,98.20472,0.00000,0.00000,0.00000,0.00000,0.00000,0.00000,0.00000
"1","7498",0.00000,0.00000,5.81256,0.00000,0.00000,0.00000,0.00000,17.63970,0.00000,0.00000
"1","7499",111.12216,0.00000,25.47736,0.00000,0.00000,0.00000,0.00000,0.00000,0.00000,0.00000
"1","7500",169.57886,0.00000,0.00000,0.00000,0.00000,0.00000,0.00000,0.00000,0.00000,0.00000
"1","7501",184.14526,0.00000,0.00000,0.00000,0.00000,0.00000,0.00000,0.00000,0.00000,0.00000
"1","7502",180.03755,0.00000,0.00000,0.00000,0.00000,0.00000,0.00000,0.00000,0.00000,0.00000
"1","7503",144.94369,0.00000,7.80461,0.00000,0.00000,0.00000,0.00000,0.00000,0.00000,0.00000
"1","7504",72.55336,0.00000,7.44720,0.00000,0.00000,0.00000,0.00000,23.19944,0.00000,0.00000
"1","7505",3.45378,0.00000,29.60944,0.00000,0.00000,0.00000,0.00000,0.00000,0.00000,0.00000
"1","7506",0.00000,0.00000,45.21870,0.00000,0.00000,0.00000,0.00000,19.07636,0.00000,0.00000
"1","7507",0.00000,0.00000,61.82825,0.00000,0.00000,0.00000,0.00000,0.00000,0.00000,0.00000
"1","7508",0.00000,0.00000,39.24939,0.00000,0.00000,0.00000,0.00000,0.00000,0.00000,0.00000
"1","7509",0.00000,0.00000,60.29555,0.00000,0.00000,0.00000,0.00000,47.30445,0.00000,0.00000
"1","7510",0.00000,0.00000,43.46561,0.00000,0.00000,0.00000,0.00000,49.95116,0.00000,0.00000
"1","7511",0.00000,0.00000,35.23172,0.00000,0.00000,0.00000,0.00000,49.95116,0.00000,0.00000
"1","7512",0.00000,0.00000,45.80285,0.00000,0.00000,0.00000,0.00000,42.79715,0.00000,0.00000
"1","7513",0.00000,0.00000,36.45380,0.00000,0.00000,0.00000,0.00000,47.54620,0.00000,0.00000
"1","7514",0.00000,0.00000,55.09222,0.00000,0.00000,0.00000,0.00000,26.70778,0.00000,0.00000
"1","7515",0.00000,0.00000,49.97088,0.00000,0.00000,0.00000,0.00000,30.82912,0.00000,0.00000
"1","7516",0.00000,0.00000,44.85589,0.00000,0.00000,0.00000,0.00000,35.44411,0.00000,0.00000
"1","7517",0.00000,0.00000,52.17560,0.00000,0.00000,0.00000,0.00000,29.22440,0.00000,0.00000
"1","7518",0.00000,0.00000,54.22109,0.00000,0.00000,0.00000,0.00000,30.47891,0.00000,0.00000
"1","7519",0.00000,0.00000,44.61186,0.00000,0.00000,0.00000,0.00000,45.68814,0.00000,0.00000
"1","7520",0.00000,0.00000,30.09721,0.00000,0.00000,0.00000,0.00000,49.95116,0.00000,0.00000
"1","7521",0.00000,0.00000,20.26179,0.00000,0.00000,0.00000,0.00000,49.95116,0.00000,0.00000
"1","7522",0.00000,0.00000,22.37770,0.00000,0.00000,0.00000,0.00000,49.95116,0.00000,0.00000
"1","7523",16.49733,0.00000,11.08542,0.00000,0.00000,0.00000,0.00000,49.95116,0.00000,0.00000
"1","7524",45.54001,0.00000,3.05916,0.00000,0.00000,0.00000,0.00000,49.95116,0.00000,0.00000
"1","7525",64.13281,0.00000,0.00000,0.00000,0.00000,0.00000,0.00000,42.66719,0.00000,0.00000
"1","7526",121.45216,0.00000,0.00000,0.00000,0.00000,0.00000,0.00000,0.00000,0.00000,0.00000
"1","7527",74.86193,0.00000,0.00000,0.00000,0.00000,0.00000,0.00000,33.53807,0.00000,0.00000
"1","7528",36.79175,0.00000,4.92957,0.00000,0.00000,0.00000,0.00000,49.95116,0.00000,0.00000
"1","7529",0.00000,0.00000,34.76832,0.00000,0.00000,0.00000,0.00000,49.95116,0.00000,0.00000
"1","7530",0.00000,0.00000,218.42209,0.00000,0.00000,0.00000,0.00000,0.00000,0.00000,0.00000
"1","7531",0.00000,0.00000,32.21638,0.00000,0.00000,0.00000,0.00000,49.95116,0.00000,0.00000
"1","7532",0.00000,0.00000,224.56987,0.00000,0.00000,0.00000,0.00000,0.00000,0.00000,0.00000
"1","7533",0.00000,0.00000,280.54050,0.00000,0.00000,0.00000,0.00000,0.00000,0.00000,0.00000
"1","7534",0.00000,0.00000,280.54050,0.00000,0.00000,0.00000,0.00000,0.00000,0.00000,0.00000
"1","7535",0.00000,0.00000,280.54050,0.00000,0.00000,0.00000,0.00000,0.00000,0.00000,0.00000
"1","7536",0.00000,0.00000,0.00000,0.00000,0.00000,0.00000,0.00000,6.35226,0.00000,0.00000
"1","7537",0.00000,0.00000,0.00000,0.00000,0.00000,0.00000,0.00000,2.45226,0.00000,0.00000
"1","7538",0.00000,0.00000,0.00000,0.00000,0.00000,0.00000,0.00000,0.00000,0.00000,0.00000
"1","7539",0.00000,0.00000,0.00000,0.00000,0.00000,0.00000,0.00000,0.00000,0.00000,0.00000
"1","7540",0.00000,0.00000,270.03226,10.50824,0.00000,0.00000,0.00000,0.00000,0.00000,0.00000
"1","7541",0.00000,0.00000,271.03226,9.50824,0.00000,0.00000,0.00000,0.00000,0.00000,0.00000
"1","7542",0.00000,0.00000,273.33226,7.20824,0.00000,0.00000,0.00000,0.00000,0.00000,0.00000
"1","7543",0.00000,0.00000,277.33226,3.20824,0.00000,0.00000,0.00000,0.00000,0.00000,0.00000
"1","7544",0.00000,0.00000,280.54050,0.00000,0.00000,0.00000,0.00000,0.00000,0.00000,0.00000
"1","7545",0.00000,0.00000,72.92189,0.00000,0.00000,0.00000,15.27815,0.00000,0.00000,0.00000
"1","7546",0.00000,0.00000,152.31318,0.00000,0.00000,0.00000,0.00000,0.00000,0.00000,0.00000
"1","7547",0.00000,0.00000,81.03699,0.00000,0.00000,0.00000,0.00000,0.00000,0.00000,0.00000
"1","7548",0.00000,0.00000,103.32149,0.00000,0.00000,0.00000,79.46923,0.00000,0.00000,0.00000
"1","7549",0.21382,0.00000,74.98634,0.00000,0.00000,0.00000,0.00000,0.00000,0.00000,0.00000
"1","7550",1.33861,0.00000,17.10852,0.00000,0.00000,0.00000,0.00000,5.50512,0.00000,0.00000
"1","7551",0.92033,0.00000,73.83280,0.00000,0.00000,0.00000,0.00000,0.00000,0.00000,0.00000
"1","7552",0.00000,0.00000,167.37864,0.00000,0.00000,0.00000,45.30587,0.00000,0.00000,0.00000
"1","7553",0.00000,0.00000,225.82127,0.00000,0.00000,0.00000,0.00000,0.00000,0.00000,0.00000
"1","7554",0.00000,0.00000,232.38837,0.00000,0.00000,0.00000,0.00000,0.00000,0.00000,0.00000
"1","7555",0.00000,0.00000,196.84744,0.00000,0.00000,0.00000,23.13708,0.00000,0.00000,0.00000
"1","7556",0.00000,0.00000,280.54050,0.00000,0.00000,0.00000,0.00000,0.00000,0.00000,0.00000
"1","7557",0.00000,0.00000,280.54050,0.00000,0.00000,0.00000,0.00000,0.00000,0.00000,0.00000
"1","7558",0.00000,0.00000,177.12842,0.00000,0.00000,0.00000,31.25610,0.00000,0.00000,0.00000
"1","7559",0.00000,0.00000,257.02523,0.00000,0.00000,0.00000,0.00000,0.00000,0.00000,0.00000
"1","7560",0.00000,0.00000,197.67260,59.97273,0.00000,0.00000,0.00000,0.00000,0.00000,0.00000
"1","7561",0.00000,0.00000,172.27314,0.00000,0.00000,0.00000,20.41137,0.00000,0.00000,0.00000
"1","7562",0.00000,0.00000,274.83226,4.68563,0.00000,0.00000,0.00000,0.00000,0.00000,0.00000
"1","7563",0.00000,0.00000,188.88452,90.75384,0.00000,0.00000,0.00000,0.00000,0.00000,0.00000
"1","7564",0.00000,0.00000,273.23226,7.30824,0.00000,0.00000,0.00000,0.00000,0.00000,0.00000
"1","7565",0.00000,0.00000,274.13226,6.40824,0.00000,0.00000,0.00000,0.00000,0.00000,0.00000
"1","7566",0.00000,0.00000,272.18875,0.00000,0.00000,0.00000,0.00000,0.00000,0.00000,0.00000
"1","7567",0.00000,0.00000,259.21239,0.00000,0.00000,0.00000,0.00000,0.00000,0.00000,0.00000
"1","7568",0.00000,0.00000,99.15542,0.00000,0.00000,0.00000,0.00000,0.00000,0.00000,0.00000
"1","7569",0.00000,0.00000,124.48896,0.00000,0.00000,0.00000,0.00000,0.00000,0.00000,0.00000
"1","7570",0.00000,0.00000,113.63813,0.00000,0.00000,0.00000,0.00000,0.00000,0.00000,0.00000
"1","7571",9.15976,0.00000,80.86338,0.00000,0.00000,0.00000,0.00000,18.67686,0.00000,0.00000
"1","7572",24.45709,0.00000,44.77977,0.00000,0.00000,0.00000,0.00000,40.16313,0.00000,0.00000
"1","7573",35.86117,0.00000,11.87456,0.00000,0.00000,0.00000,0.00000,49.95116,0.00000,0.00000
"1","7574",38.43668,0.00000,1.06767,0.00000,0.00000,0.00000,0.00000,49.95116,0.00000,0.00000
"1","7575",33.33186,0.00000,0.00000,0.00000,0.00000,0.00000,0.00000,49.95116,0.00000,0.00000
"1","7576",13.16032,0.00000,0.00000,0.00000,0.00000,0.00000,0.00000,49.95116,0.00000,0.00000
"1","7577",0.00000,0.00000,5.73824,0.00000,0.00000,0.00000,0.00000,49.95116,0.00000,0.00000
"1","7578",0.00000,0.00000,8.21176,0.00000,0.00000,0.00000,0.00000,49.95116,0.00000,0.00000
"1","7579",0.00000,0.00000,12.02790,0.00000,0.00000,0.00000,0.00000,49.95116,0.00000,0.00000
"1","7580",0.00000,0.00000,2.49747,0.00000,0.00000,0.00000,0.00000,49.95116,0.00000,0.00000
"1","7581",0.00000,0.00000,66.23956,0.00000,0.00000,0.00000,0.89072,49.95116,0.00000,0.00000
"1","7582",0.00000,0.00000,86.61183,0.00000,0.00000,0.00000,27.76299,49.95116,0.00000,0.00000
"1","7583",0.00000,0.00000,51.43923,0.00000,0.00000,0.00000,0.69039,49.95116,0.00000,0.00000
"1","7584",0.00000,0.00000,4.51118,0.00000,0.00000,0.00000,0.00000,49.95116,0.00000,0.00000
"1","7585",0.00000,0.00000,7.35736,0.00000,0.00000,0.00000,0.00000,49.95116,0.00000,0.00000
"1","7586",0.00000,0.00000,0.00000,0.00000,0.00000,0.00000,0.00000,49.95116,0.00000,0.00000
"1","7587",0.00000,0.00000,0.00000,0.00000,0.00000,0.00000,0.00000,49.95116,0.00000,0.00000
"1","7588",0.00000,0.00000,0.00000,0.00000,0.00000,0.00000,0.00000,49.95116,0.00000,0.00000
"1","7589",0.00000,0.00000,0.00000,0.00000,0.00000,0.00000,0.00000,49.95116,0.00000,0.00000
"1","7590",0.00000,0.00000,0.00000,0.00000,0.00000,0.00000,0.00000,49.95116,0.00000,0.00000
"1","7591",0.00000,0.00000,0.00000,0.00000,0.00000,0.00000,0.00000,49.95116,0.00000,0.00000
"1","7592",0.00000,0.00000,0.00000,0.00000,0.00000,0.00000,0.00000,49.95116,0.00000,0.00000
"1","7593",0.00000,0.00000,0.00000,0.00000,0.00000,0.00000,0.00000,49.95116,0.00000,0.00000
"1","7594",0.00000,0.00000,0.00000,0.00000,0.00000,0.00000,0.00000,49.95116,0.00000,0.00000
"1","7595",0.17243,0.00000,0.00000,0.00000,0.00000,0.00000,0.00000,49.95116,0.00000,0.00000
"1","7596",1.78551,0.00000,0.00000,0.00000,0.00000,0.00000,0.00000,49.95116,0.00000,0.00000
"1","7597",2.58700,0.00000,0.00000,0.00000,0.00000,0.00000,0.00000,49.95116,0.00000,0.00000
"1","7598",64.90830,0.00000,0.00000,0.00000,0.00000,0.00000,11.75946,49.95116,0.00000,0.00000
"1","7599",54.36350,0.00000,0.00000,0.00000,0.00000,0.00000,1.11466,49.95116,0.00000,0.00000
"1","7600",19.74311,0.00000,0.00000,0.00000,0.00000,0.00000,0.00000,49.95116,0.00000,0.00000
"1","7601",0.00000,0.00000,0.00000,0.00000,0.00000,0.00000,0.00000,49.95116,0.00000,0.00000
"1","7602",0.00000,0.00000,0.00000,0.00000,0.00000,0.00000,0.00000,49.95116,0.00000,0.00000
"1","7603",0.00000,0.00000,0.00000,0.00000,0.00000,0.00000,0.00000,49.95116,0.00000,0.00000
"1","7604",0.00000,0.00000,0.00000,0.00000,0.00000,0.00000,0.00000,49.95116,0.00000,0.00000
"1","7605",0.00000,0.00000,0.00000,0.00000,0.00000,0.00000,0.00000,49.95116,0.00000,0.00000
"1","7606",0.00000,0.00000,0.00000,0.00000,0.00000,0.00000,0.00000,49.95116,0.00000,0.00000
"1","7607",0.00000,0.00000,0.00000,0.00000,0.00000,0.00000,0.00000,49.95116,0.00000,0.00000
"1","7608",0.00000,0.00000,0.00000,0.00000,0.00000,0.00000,0.00000,49.95116,0.00000,0.00000
"1","7609",0.00000,0.00000,0.00000,0.00000,0.00000,0.00000,0.00000,49.95116,0.00000,0.00000
"1","7610",0.00000,0.00000,0.00000,0.00000,0.00000,0.00000,0.00000,49.95116,0.00000,0.00000
"1","7611",0.00000,0.00000,0.00000,0.00000,0.00000,0.00000,0.00000,49.95116,0.00000,0.00000
"1","7612",0.00000,0.00000,0.00000,0.00000,0.00000,0.00000,0.00000,49.95116,0.00000,0.00000
"1","7613",0.00000,0.00000,0.00000,0.00000,0.00000,0.00000,0.00000,49.95116,0.00000,0.00000
"1","7614",0.00000,0.00000,0.00000,0.00000,0.00000,0.00000,0.00000,49.95116,0.00000,0.00000
"1","7615",0.00000,0.00000,0.00000,0.00000,0.00000,0.00000,0.00000,49.95116,0.00000,0.00000
"1","7616",0.00000,0.00000,0.00000,0.00000,0.00000,0.00000,0.00000,49.95116,0.00000,0.00000
"1","7617",0.00000,0.00000,0.00000,0.00000,0.00000,0.00000,0.00000,49.95116,0.00000,0.00000
"1","7618",0.00000,0.00000,0.00000,0.00000,0.00000,0.00000,0.00000,49.95116,0.00000,0.00000
"1","7619",80.56271,0.00000,0.00000,0.00000,0.00000,0.00000,17.31387,49.95116,0.00000,0.00000
"1","7620",141.30378,0.00000,0.00000,0.00000,0.00000,0.00000,0.00000,49.95116,0.00000,0.00000
"1","7621",32.36073,0.00000,0.00000,0.00000,0.00000,0.00000,0.00000,49.95116,0.00000,0.00000
"1","7622",35.45610,0.00000,0.00000,0.00000,0.00000,0.00000,0.00000,49.95116,0.00000,0.00000
"1","7623",11.84392,0.00000,0.00000,0.00000,0.00000,0.00000,0.00000,49.95116,0.00000,0.00000
"1","7624",3.77597,0.00000,0.00000,0.00000,0.00000,0.00000,0.00000,49.95116,0.00000,0.00000
"1","7625",0.00000,0.00000,2.18841,0.00000,0.00000,0.00000,0.00000,49.95116,0.00000,0.00000
"1","7626",0.00000,0.00000,1.57960,0.00000,0.00000,0.00000,0.00000,49.95116,0.00000,0.00000
"1","7627",0.00000,0.00000,2.20374,0.00000,0.00000,0.00000,0.00000,49.95116,0.00000,0.00000
"1","7628",0.00000,0.00000,0.50965,0.00000,0.00000,0.00000,0.00000,49.95116,0.00000,0.00000
"1","7629",0.00000,0.00000,0.00000,0.00000,0.00000,0.00000,0.00000,49.95116,0.00000,0.00000
"1","7630",0.00000,0.00000,6.61843,0.00000,0.00000,0.00000,0.00000,49.95116,0.00000,0.00000
"1","7631",0.00000,0.00000,21.24760,0.00000,0.00000,0.00000,0.00000,49.95116,0.00000,0.00000
"1","7632",0.00000,0.00000,9.66675,0.00000,0.00000,0.00000,0.00000,49.95116,0.00000,0.00000
"1","7633",0.00000,0.00000,16.50019,0.00000,0.00000,0.00000,0.00000,49.95116,0.00000,0.00000
"1","7634",0.00000,0.00000,28.83058,0.00000,0.00000,0.00000,0.00000,49.95116,0.00000,0.00000
"1","7635",0.00000,0.00000,38.83633,0.00000,0.00000,0.00000,3.18750,49.95116,0.00000,0.00000
"1","7636",0.00000,0.00000,15.54566,0.00000,0.00000,0.00000,0.00000,49.95116,0.00000,0.00000
"1","7637",0.00000,0.00000,5.86425,0.00000,0.00000,0.00000,0.00000,49.95116,0.00000,0.00000
"1","7638",0.00000,0.00000,7.38444,0.00000,0.00000,0.00000,0.00000,49.95116,0.00000,0.00000
"1","7639",0.00000,0.00000,8.63637,0.00000,0.00000,0.00000,0.00000,49.95116,0.00000,0.00000
"1","7640",0.00000,0.00000,4.86926,0.00000,0.00000,0.00000,0.00000,49.95116,0.00000,0.00000
"1","7641",0.00000,0.00000,9.26039,0.00000,0.00000,0.00000,0.00000,49.95116,0.00000,0.00000
"1","7642",0.00000,0.00000,9.40527,0.00000,0.00000,0.00000,0.00000,49.95116,0.00000,0.00000
"1","7643",87.70368,0.00000,13.02595,0.00000,0.00000,0.00000,0.00000,11.97038,0.00000,0.00000
"1","7644",153.08946,0.00000,38.27843,0.00000,0.00000,0.00000,0.00000,0.00000,0.00000,0.00000
"1","7645",180.72112,0.00000,103.42141,0.00000,0.00000,0.00000,0.00000,0.00000,0.00000,0.00000
"1","7646",164.06617,14.01984,135.16609,0.00000,0.00000,0.00000,0.00000,0.00000,0.00000,0.00000
"1","7647",142.83492,0.00000,155.39734,33.24031,0.00000,0.00000,0.00000,0.00000,0.00000,0.00000
"1","7648",56.79010,0.00000,182.18448,0.00000,0.00000,0.00000,0.00000,0.00000,0.00000,0.00000
"1","7649",0.00000,0.00000,222.13873,50.02387,0.00000,0.00000,0.00000,0.00000,0.00000,0.00000
"1","7650",0.00000,0.00000,221.78452,58.75598,0.00000,0.00000,0.00000,0.00000,0.00000,0.00000
"1","7651",0.00000,0.00000,280.54050,0.00000,0.00000,0.00000,0.00000,0.00000,0.00000,0.00000
"1","7652",0.00000,0.00000,280.54050,0.00000,0.00000,0.00000,0.00000,0.00000,0.00000,0.00000
"1","7653",0.00000,0.00000,270.74963,0.00000,0.00000,0.00000,0.00000,0.00000,0.00000,0.00000
"1","7654",0.00000,0.00000,207.78452,70.07479,0.00000,0.00000,0.00000,0.00000,0.00000,0.00000
"1","7655",0.00000,0.00000,280.54050,0.00000,0.00000,0.00000,0.00000,0.00000,0.00000,0.00000
"1","7656",0.00000,0.00000,137.45785,0.00000,0.00000,0.00000,0.00000,0.00000,0.00000,0.00000
"1","7657",0.00000,0.00000,66.28121,0.00000,0.00000,0.00000,0.00000,0.00000,0.00000,0.00000
"1","7658",0.00000,0.00000,95.09208,0.00000,0.00000,0.00000,0.00000,0.00000,0.00000,0.00000
"1","7659",0.00000,0.00000,76.60738,0.00000,0.00000,0.00000,47.85417,0.00000,0.00000,0.00000
"1","7660",0.00000,0.00000,268.43226,7.81049,0.00000,0.00000,0.00000,0.00000,0.00000,0.00000
"1","7661",0.00000,0.00000,181.94167,0.00000,0.00000,0.00000,0.00000,0.00000,0.00000,0.00000
"1","7662",0.00000,0.00000,66.71892,0.00000,0.00000,0.00000,0.00000,0.00000,0.00000,0.00000
"1","7663",0.00000,0.00000,40.17851,0.00000,0.00000,0.00000,0.00000,0.00000,0.00000,0.00000
"1","7664",0.00000,0.00000,13.52203,0.00000,0.00000,0.00000,0.00000,0.00000,0.00000,0.00000
"1","7665",0.00000,0.00000,22.79066,0.00000,0.00000,0.00000,0.00000,0.00000,0.00000,0.00000
"1","7666",0.00000,0.00000,13.43144,0.00000,0.00000,0.00000,0.00000,0.00000,0.00000,0.00000
"1","7667",83.75222,0.00000,18.03148,0.00000,0.00000,0.00000,0.00000,0.00000,0.00000,0.00000
"1","7668",152.90466,0.00000,145.12760,11.90638,0.00000,0.00000,0.00000,0.00000,0.00000,0.00000
"1","7669",181.78735,0.00000,116.04491,61.17504,0.00000,0.00000,0.00000,0.00000,0.00000,0.00000
"1","7670",173.55644,0.00000,81.99497,0.00000,0.00000,0.00000,0.00000,0.00000,0.00000,0.00000
"1","7671",135.67218,0.00000,0.00000,0.00000,0.00000,0.00000,0.00000,0.00000,0.00000,0.00000
"1","7672",50.27030,0.00000,10.38090,0.00000,0.00000,0.00000,0.00000,0.00000,0.00000,0.00000
"1","7673",0.00000,0.00000,100.81494,0.00000,0.00000,0.00000,0.00000,0.00000,0.00000,0.00000
"1","7674",0.00000,0.00000,136.34839,0.00000,0.00000,0.00000,0.00000,0.00000,0.00000,0.00000
"1","7675",0.00000,0.00000,105.72531,0.00000,0.00000,0.00000,0.00000,0.00000,0.00000,0.00000
"1","7676",0.00000,0.00000,144.66092,0.00000,0.00000,0.00000,0.00000,0.00000,0.00000,0.00000
"1","7677",0.00000,0.00000,38.25919,0.00000,0.00000,0.00000,0.00000,0.00000,0.00000,0.00000
"1","7678",0.00000,0.00000,0.00000,0.00000,0.00000,0.00000,0.00000,0.00000,0.00000,0.00000
"1","7679",0.00000,0.00000,15.07629,0.00000,0.00000,0.00000,0.00000,0.00000,0.00000,0.00000
"1","7680",0.00000,0.00000,9.43011,0.00000,0.00000,0.00000,0.00000,0.00000,0.00000,0.00000
"1","7681",0.00000,0.00000,11.83393,0.00000,0.00000,0.00000,0.00000,0.00000,0.00000,0.00000
"1","7682",0.00000,0.00000,10.67311,0.00000,0.00000,0.00000,0.00000,0.00000,0.00000,0.00000
"1","7683",0.00000,0.00000,23.76321,0.00000,0.00000,0.00000,0.00000,17.60965,0.00000,0.00000
"1","7684",0.00000,0.00000,22.43625,0.00000,0.00000,0.00000,0.00000,49.95116,0.00000,0.00000
"1","7685",0.00000,0.00000,37.73154,0.00000,0.00000,0.00000,0.00000,0.00000,0.00000,0.00000
"1","7686",0.00000,0.00000,39.17113,0.00000,0.00000,0.00000,0.00000,36.10265,0.00000,0.00000
"1","7687",0.00000,0.00000,28.08982,0.00000,0.00000,0.00000,0.00000,0.00000,0.00000,0.00000
"1","7688",0.00000,0.00000,5.94708,0.00000,0.00000,0.00000,0.00000,15.80518,0.00000,0.00000
"1","7689",0.00000,0.00000,3.94923,0.00000,0.00000,0.00000,0.00000,24.40303,0.00000,0.00000
"1","7690",0.00000,0.00000,11.56030,0.00000,0.00000,0.00000,0.00000,17.19196,0.00000,0.00000
"1","7691",64.75349,0.00000,52.85210,0.00000,0.00000,0.00000,0.00000,0.00000,0.00000,0.00000
"1","7692",132.60651,0.00000,88.61744,0.00000,0.00000,0.00000,0.00000,0.00000,0.00000,0.00000
"1","7693",165.66659,0.00000,61.69760,0.00000,0.00000,0.00000,0.00000,0.00000,0.00000,0.00000
"1","7694",167.01922,0.00000,32.93688,0.00000,0.00000,0.00000,0.00000,0.00000,0.00000,0.00000
"1","7695",130.93701,0.00000,38.14936,0.00000,0.00000,0.00000,0.00000,0.00000,0.00000,0.00000
"1","7696",48.57177,0.00000,14.80911,0.00000,0.00000,0.00000,0.00000,31.63872,0.00000,0.00000
"1","7697",0.00000,0.00000,8.00807,0.00000,0.00000,0.00000,0.00000,27.84419,0.00000,0.00000
"1","7698",0.00000,0.00000,10.80591,0.00000,0.00000,0.00000,0.00000,29.54635,0.00000,0.00000
"1","7699",0.00000,0.00000,35.72471,0.00000,0.00000,0.00000,0.00000,2.72754,0.00000,0.00000
"1","7700",0.00000,0.00000,49.04044,0.00000,0.00000,0.00000,0.00000,49.95116,0.00000,0.00000
"1","7701",0.00000,0.00000,44.73579,0.00000,0.00000,0.00000,0.00000,49.95116,0.00000,0.00000
"1","7702",0.00000,0.00000,49.83677,0.00000,0.00000,0.00000,0.00000,0.00000,0.00000,0.00000
"1","7703",0.00000,0.00000,53.70138,0.00000,0.00000,0.00000,0.00000,49.95116,0.00000,0.00000
"1","7704",0.00000,0.00000,44.80872,0.00000,0.00000,0.00000,0.00000,49.95116,0.00000,0.00000
"1","7705",0.00000,0.00000,40.49445,0.00000,0.00000,0.00000,0.00000,49.95116,0.00000,0.00000
"1","7706",0.00000,0.00000,41.87875,0.00000,0.00000,0.00000,0.00000,47.62125,0.00000,0.00000
"1","7707",0.00000,0.00000,49.51944,0.00000,0.00000,0.00000,0.00000,37.98056,0.00000,0.00000
"1","7708",0.00000,0.00000,38.56345,0.00000,0.00000,0.00000,0.00000,48.33655,0.00000,0.00000
"1","7709",0.00000,0.00000,57.87641,0.00000,0.00000,0.00000,0.00000,29.82359,0.00000,0.00000
"1","7710",0.00000,0.00000,39.46979,0.00000,0.00000,0.00000,0.00000,49.95116,0.00000,0.00000
"1","7711",0.00000,0.00000,64.64597,0.00000,0.00000,0.00000,0.00000,30.35403,0.00000,0.00000
"1","7712",0.00000,0.00000,119.18542,0.00000,0.00000,0.00000,0.00000,0.00000,0.00000,0.00000
"1","7713",0.00000,0.00000,77.05761,0.00000,0.00000,0.00000,0.00000,17.39479,0.00000,0.00000
"1","7714",0.00000,0.00000,143.09292,0.00000,0.00000,0.00000,0.00000,0.00000,0.00000,0.00000
"1","7715",37.39185,41.25124,182.49267,0.00000,0.00000,0.00000,0.00000,0.00000,0.00000,0.00000
"1","7716",150.19166,0.00000,148.85353,74.81887,0.00000,0.00000,0.00000,0.00000,0.00000,0.00000
"1","7717",182.53817,0.00000,38.04635,107.00306,0.00000,0.00000,0.00000,0.00000,0.00000,0.00000
"1","7718",179.13386,0.00000,40.65066,179.44962,0.00000,0.00000,0.00000,0.00000,0.00000,0.00000
"1","7719",139.98308,0.00000,51.18129,0.00000,0.00000,0.00000,0.00000,0.00000,0.00000,0.00000
"1","7720",53.08489,0.00000,138.17788,0.00000,0.00000,0.00000,0.00000,0.00000,0.00000,0.00000
"1","7721",0.00000,0.00000,0.00000,0.00000,0.00000,0.00000,0.00000,0.00000,0.00000,0.00000
"1","7722",0.00000,0.00000,0.00000,0.00000,0.00000,0.00000,0.00000,0.00000,0.00000,0.00000
"1","7723",0.00000,0.00000,78.88018,0.00000,0.00000,0.00000,0.00000,0.00000,0.00000,0.00000
"1","7724",0.00000,0.00000,194.42307,0.00000,0.00000,0.00000,0.00000,0.00000,0.00000,0.00000
"1","7725",0.00000,0.00000,226.88452,48.76428,0.00000,0.00000,0.00000,0.00000,0.00000,0.00000
"1","7726",0.00000,0.00000,221.98452,42.94139,0.00000,0.00000,0.00000,0.00000,0.00000,0.00000
"1","7727",0.00000,0.00000,216.58452,60.21576,0.00000,0.00000,0.00000,0.00000,0.00000,0.00000
"1","7728",0.00000,0.00000,211.08452,61.91111,0.00000,0.00000,0.00000,0.00000,0.00000,0.00000
"1","7729",0.00000,0.00000,205.88452,69.57750,0.00000,0.00000,0.00000,0.00000,0.00000,0.00000
"1","7730",0.00000,0.00000,203.48452,70.86151,0.00000,0.00000,0.00000,0.00000,0.00000,0.00000
"1","7731",0.00000,0.00000,201.98452,69.51502,0.00000,0.00000,0.00000,0.00000,0.00000,0.00000
"1","7732",0.00000,0.00000,201.18452,36.73246,0.00000,0.00000,0.00000,0.00000,0.00000,0.00000
"1","7733",0.00000,0.00000,142.33274,0.00000,0.00000,0.00000,0.00000,0.00000,0.00000,0.00000
"1","7734",0.00000,0.00000,165.27086,0.00000,0.00000,0.00000,0.00000,0.00000,0.00000,0.00000
"1","7735",0.00000,0.00000,120.57785,0.00000,0.00000,0.00000,0.00000,0.00000,0.00000,0.00000
"1","7736",0.00000,0.00000,129.90457,0.00000,0.00000,0.00000,0.00000,0.00000,0.00000,0.00000
"1","7737",0.00000,0.00000,152.59709,0.00000,0.00000,0.00000,0.00000,0.00000,0.00000,0.00000
"1","7738",0.00000,0.00000,123.80909,0.00000,0.00000,0.00000,0.00000,0.00000,0.00000,0.00000
"1","7739",2.66358,0.00000,122.78462,0.00000,0.00000,0.00000,0.00000,0.00000,0.00000,0.00000
"1","7740",11.74552,0.00000,136.87884,0.00000,0.00000,0.00000,0.00000,0.00000,0.00000,0.00000
"1","7741",36.10417,0.00000,126.80407,0.00000,0.00000,0.00000,0.00000,0.00000,0.00000,0.00000
"1","7742",39.92921,0.00000,126.37915,0.00000,0.00000,0.00000,0.00000,0.00000,0.00000,0.00000
"1","7743",32.01537,0.00000,120.14733,0.00000,0.00000,0.00000,0.00000,0.00000,0.00000,0.00000
"1","7744",9.43686,0.00000,123.90529,0.00000,0.00000,0.00000,0.00000,0.00000,0.00000,0.00000
"1","7745",0.00000,0.00000,156.12438,0.00000,0.00000,0.00000,0.00000,0.00000,0.00000,0.00000
"1","7746",0.00000,0.00000,181.69886,0.00000,0.00000,0.00000,0.00000,0.00000,0.00000,0.00000
"1","7747",0.00000,0.00000,162.07323,0.00000,0.00000,0.00000,0.00000,0.00000,0.00000,0.00000
"1","7748",0.00000,0.00000,177.23208,0.00000,0.00000,0.00000,0.00000,0.00000,0.00000,0.00000
"1","7749",0.00000,0.00000,199.29422,0.00000,0.00000,0.00000,0.00000,0.00000,0.00000,0.00000
"1","7750",0.00000,0.00000,188.51997,0.00000,0.00000,0.00000,0.00000,0.00000,0.00000,0.00000
"1","7751",0.00000,0.00000,204.76306,0.00000,0.00000,0.00000,0.00000,0.00000,0.00000,0.00000
"1","7752",0.00000,0.00000,200.14219,0.00000,0.00000,0.00000,0.00000,0.00000,0.00000,0.00000
"1","7753",0.00000,0.00000,208.58452,17.52906,0.00000,0.00000,0.00000,0.00000,0.00000,0.00000
"1","7754",0.00000,0.00000,205.98452,57.54243,0.00000,0.00000,0.00000,0.00000,0.00000,0.00000
"1","7755",0.00000,0.00000,204.58452,58.78554,0.00000,0.00000,0.00000,0.00000,0.00000,0.00000
"1","7756",0.00000,0.00000,204.38452,54.10971,0.00000,0.00000,0.00000,0.00000,0.00000,0.00000
"1","7757",0.00000,0.00000,205.88452,64.09185,0.00000,0.00000,0.00000,0.00000,0.00000,0.00000
"1","7758",0.00000,0.00000,210.58452,68.68029,0.00000,0.00000,0.00000,0.00000,0.00000,0.00000
"1","7759",0.00000,0.00000,218.28452,60.83834,0.00000,0.00000,0.00000,0.00000,0.00000,0.00000
"1","7760",0.00000,0.00000,226.28452,52.80472,0.00000,0.00000,0.00000,0.00000,0.00000,0.00000
"1","7761",0.00000,0.00000,232.98452,47.49434,0.00000,0.00000,0.00000,0.00000,0.00000,0.00000
"1","7762",0.00000,0.00000,233.68452,46.85598,0.00000,0.00000,0.00000,0.00000,0.00000,0.00000
"1","7763",20.18920,0.00000,212.49532,68.04518,0.00000,0.00000,0.00000,0.00000,0.00000,0.00000
"1","7764",0.00000,92.04747,227.88452,52.65598,0.00000,0.00000,0.00000,0.00000,0.00000,0.00000
"1","7765",126.81043,0.00000,101.47409,179.06641,0.00000,0.00000,0.00000,0.00000,0.00000,0.00000
"1","7766",127.19455,0.00000,84.68997,195.85052,0.00000,0.00000,0.00000,0.00000,0.00000,0.00000
"1","7767",58.69472,0.00000,162.98980,117.55070,0.00000,0.00000,0.00000,0.00000,0.00000,0.00000
"1","7768",10.82137,0.00000,208.66315,71.87735,0.00000,0.00000,0.00000,0.00000,0.00000,0.00000
"1","7769",0.00000,0.00000,227.58452,52.95598,0.00000,0.00000,0.00000,0.00000,0.00000,0.00000
"1","7770",0.00000,0.00000,228.18452,52.35598,0.00000,0.00000,0.00000,0.00000,0.00000,0.00000
"1","7771",0.00000,0.00000,209.98452,70.55598,0.00000,0.00000,0.00000,0.00000,0.00000,0.00000
"1","7772",0.00000,0.00000,207.38452,73.15598,0.00000,0.00000,0.00000,0.00000,0.00000,0.00000
"1","7773",0.00000,0.00000,223.68452,56.85598,0.00000,0.00000,0.00000,0.00000,0.00000,0.00000
"1","7774",0.00000,0.00000,220.48452,60.05598,0.00000,0.00000,0.00000,0.00000,0.00000,0.00000
"1","7775",0.00000,0.00000,213.58452,66.95598,0.00000,0.00000,0.00000,0.00000,0.00000,0.00000
"1","7776",0.00000,0.00000,207.08452,73.45598,0.00000,0.00000,0.00000,0.00000,0.00000,0.00000
"1","7777",0.00000,0.00000,201.68452,78.85598,0.00000,0.00000,0.00000,0.00000,0.00000,0.00000
"1","7778",0.00000,0.00000,198.58452,81.95598,0.00000,0.00000,0.00000,0.00000,0.00000,0.00000
"1","7779",0.00000,0.00000,197.68452,82.85598,0.00000,0.00000,0.00000,0.00000,0.00000,0.00000
"1","7780",0.00000,0.00000,197.28452,83.25598,0.00000,0.00000,0.00000,0.00000,0.00000,0.00000
"1","7781",0.00000,0.00000,198.78452,81.75598,0.00000,0.00000,0.00000,0.00000,0.00000,0.00000
"1","7782",0.00000,0.00000,202.48452,78.05598,0.00000,0.00000,0.00000,0.00000,0.00000,0.00000
"1","7783",0.00000,0.00000,208.68452,71.85598,0.00000,0.00000,0.00000,0.00000,0.00000,0.00000
"1","7784",0.00000,0.00000,215.48452,65.05598,0.00000,0.00000,0.00000,0.00000,0.00000,0.00000
"1","7785",0.00000,0.00000,222.38452,58.15598,0.00000,0.00000,0.00000,0.00000,0.00000,0.00000
"1","7786",0.00000,0.00000,233.93527,46.60523,0.00000,0.00000,0.00000,0.00000,0.00000,0.00000
"1","7787",0.00000,3.62145,224.98452,55.55598,0.00000,0.00000,0.00000,0.00000,0.00000,0.00000
"1","7788",25.26494,0.00000,199.91957,80.62092,0.00000,0.00000,0.00000,0.00000,0.00000,0.00000
"1","7789",0.00000,9.91807,224.68452,55.85598,0.00000,0.00000,0.00000,0.00000,0.00000,0.00000
"1","7790",0.00000,51.68678,224.48452,56.05598,0.00000,0.00000,0.00000,0.00000,0.00000,0.00000
"1","7791",42.13880,0.00000,181.84572,98.69478,0.00000,0.00000,0.00000,0.00000,0.00000,0.00000
"1","7792",8.68348,0.00000,124.11634,0.00000,0.00000,0.00000,0.00000,0.00000,0.00000,0.00000
"1","7793",0.00000,0.00000,0.00000,0.00000,0.00000,0.00000,0.00000,0.00000,0.00000,0.00000
"1","7794",0.00000,0.00000,43.72542,0.00000,0.00000,0.00000,0.00000,0.00000,0.00000,0.00000
"1","7795",0.00000,0.00000,93.22701,0.00000,0.00000,0.00000,0.00000,0.00000,0.00000,0.00000
"1","7796",0.00000,0.00000,158.62066,0.00000,0.00000,0.00000,0.00000,0.00000,0.00000,0.00000
"1","7797",0.00000,0.00000,54.28571,0.00000,0.00000,0.00000,0.00000,0.00000,0.00000,0.00000
"1","7798",0.00000,0.00000,53.09921,0.00000,0.00000,0.00000,0.00000,0.00000,0.00000,0.00000
"1","7799",0.00000,0.00000,29.59534,0.00000,0.00000,0.00000,0.00000,0.00000,0.00000,0.00000
"1","7800",0.00000,0.00000,56.58485,0.00000,0.00000,0.00000,0.00000,0.00000,0.00000,0.00000
"1","7801",0.00000,0.00000,197.48452,27.40847,0.00000,0.00000,0.00000,0.00000,0.00000,0.00000
"1","7802",0.00000,0.00000,143.80361,0.00000,0.00000,0.00000,0.00000,0.00000,0.00000,0.00000
"1","7803",0.00000,0.00000,96.54334,0.00000,0.00000,0.00000,0.00000,0.00000,0.00000,0.00000
"1","7804",0.00000,0.00000,117.41944,0.00000,0.00000,0.00000,0.00000,0.00000,0.00000,0.00000
"1","7805",0.00000,0.00000,105.99240,0.00000,0.00000,0.00000,0.00000,0.00000,0.00000,0.00000
"1","7806",0.00000,0.00000,86.82830,0.00000,0.00000,0.00000,0.00000,0.00000,0.00000,0.00000
"1","7807",0.00000,0.00000,68.35322,0.00000,0.00000,0.00000,0.00000,0.00000,0.00000,0.00000
"1","7808",0.00000,0.00000,58.01650,0.00000,0.00000,0.00000,0.00000,0.00000,0.00000,0.00000
"1","7809",0.00000,0.00000,53.96595,0.00000,0.00000,0.00000,0.00000,0.00000,0.00000,0.00000
"1","7810",0.00000,0.00000,54.96913,0.00000,0.00000,0.00000,0.00000,0.00000,0.00000,0.00000
"1","7811",0.76863,0.00000,50.67895,0.00000,0.00000,0.00000,0.00000,0.00000,0.00000,0.00000
"1","7812",8.40410,0.00000,93.33404,0.00000,0.00000,0.00000,0.00000,0.00000,0.00000,0.00000
"1","7813",13.92831,0.00000,77.58226,0.00000,0.00000,0.00000,0.00000,0.00000,0.00000,0.00000
"1","7814",26.56368,0.00000,71.80291,0.00000,0.00000,0.00000,0.00000,0.00000,0.00000,0.00000
"1","7815",20.62276,0.00000,98.45967,0.00000,0.00000,0.00000,0.00000,0.00000,0.00000,0.00000
"1","7816",4.58535,0.00000,140.11476,0.00000,0.00000,0.00000,0.00000,0.00000,0.00000,0.00000
"1","7817",0.00000,0.00000,115.64319,0.00000,0.00000,0.00000,0.00000,0.00000,0.00000,0.00000
"1","7818",0.00000,0.00000,219.28127,0.00000,0.00000,0.00000,0.00000,0.00000,0.00000,0.00000
"1","7819",0.00000,0.00000,249.29919,0.00000,0.00000,0.00000,0.00000,0.00000,0.00000,0.00000
"1","7820",0.00000,0.00000,227.28452,48.59962,0.00000,0.00000,0.00000,0.00000,0.00000,0.00000
"1","7821",0.00000,0.00000,220.28452,54.91788,0.00000,0.00000,0.00000,0.00000,0.00000,0.00000
"1","7822",0.00000,0.00000,215.48452,65.05598,0.00000,0.00000,0.00000,0.00000,0.00000,0.00000
"1","7823",0.00000,0.00000,272.75358,7.78692,0.00000,0.00000,0.00000,0.00000,0.00000,0.00000
"1","7824",0.00000,0.00000,203.98452,76.55598,0.00000,0.00000,0.00000,0.00000,0.00000,0.00000
"1","7825",0.00000,0.00000,194.78452,85.75598,0.00000,0.00000,0.00000,0.00000,0.00000,0.00000
"1","7826",0.00000,0.00000,191.78452,88.75598,0.00000,0.00000,0.00000,0.00000,0.00000,0.00000
"1","7827",0.00000,0.00000,274.43226,6.10824,0.00000,0.00000,0.00000,0.00000,0.00000,0.00000
"1","7828",0.00000,0.00000,188.48452,92.05598,0.00000,0.00000,0.00000,0.00000,0.00000,0.00000
"1","7829",0.00000,0.00000,188.88452,91.65598,0.00000,0.00000,0.00000,0.00000,0.00000,0.00000
"1","7830",0.00000,0.00000,275.53226,5.00824,0.00000,0.00000,0.00000,0.00000,0.00000,0.00000
"1","7831",0.00000,0.00000,276.64245,0.00000,0.00000,0.00000,0.00000,0.00000,0.00000,0.00000
"1","7832",0.00000,0.00000,280.54050,0.00000,0.00000,0.00000,0.00000,0.00000,0.00000,0.00000
"1","7833",0.00000,0.00000,263.85848,0.00000,0.00000,0.00000,0.00000,0.00000,0.00000,0.00000
"1","7834",0.00000,0.00000,271.34825,0.00000,0.00000,0.00000,0.00000,0.00000,0.00000,0.00000
"1","7835",1.03461,0.00000,165.08128,0.00000,0.00000,0.00000,0.00000,0.00000,0.00000,0.00000
"1","7836",8.41257,0.00000,212.64320,0.00000,0.00000,0.00000,0.00000,0.00000,0.00000,0.00000
"1","7837",13.04155,0.00000,6.37175,0.00000,0.00000,0.00000,0.00000,0.00000,0.00000,0.00000
"1","7838",16.59777,0.00000,35.32585,0.00000,0.00000,0.00000,0.00000,0.00000,0.00000,0.00000
"1","7839",38.65346,0.00000,74.52070,0.00000,0.00000,0.00000,0.00000,0.00000,0.00000,0.00000
"1","7840",7.59282,0.00000,65.70108,0.00000,0.00000,0.00000,0.00000,0.00000,0.00000,0.00000
"1","7841",0.00000,0.00000,65.27980,0.00000,0.00000,0.00000,0.00000,0.00000,0.00000,0.00000
"1","7842",0.00000,0.00000,64.86926,0.00000,0.00000,0.00000,0.00000,0.00000,0.00000,0.00000
"1","7843",0.00000,0.00000,32.98843,0.00000,0.00000,0.00000,0.00000,33.49835,0.00000,0.00000
"1","7844",0.00000,0.00000,32.10058,0.00000,0.00000,0.00000,0.00000,49.95116,0.00000,0.00000
"1","7845",0.00000,0.00000,76.72281,0.00000,0.00000,0.00000,0.00000,27.47719,0.00000,0.00000
"1","7846",0.00000,0.00000,55.75696,0.00000,0.00000,0.00000,0.00000,0.00000,0.00000,0.00000
"1","7847",0.00000,0.00000,52.40953,0.00000,0.00000,0.00000,0.00000,43.99047,0.00000,0.00000
"1","7848",0.00000,0.00000,81.04904,0.00000,0.00000,0.00000,0.00000,9.95096,0.00000,0.00000
"1","7849",0.00000,0.00000,50.01822,0.00000,0.00000,0.00000,0.00000,37.18178,0.00000,0.00000
"1","7850",0.00000,0.00000,0.00000,0.00000,0.00000,0.00000,0.00000,49.95116,0.00000,0.00000
"1","7851",0.00000,0.00000,13.04677,0.00000,0.00000,0.00000,0.00000,0.00000,0.00000,0.00000
"1","7852",0.00000,0.00000,0.00000,0.00000,0.00000,0.00000,0.00000,0.00000,0.00000,0.00000
"1","7853",0.00000,0.00000,0.45445,0.00000,0.00000,0.00000,0.00000,49.95116,0.00000,0.00000
"1","7854",0.00000,0.00000,0.00000,0.00000,0.00000,0.00000,0.00000,49.95116,0.00000,0.00000
"1","7855",0.00000,0.00000,0.00000,0.00000,0.00000,0.00000,0.00000,49.95116,0.00000,0.00000
"1","7856",0.00000,0.00000,0.00000,0.00000,0.00000,0.00000,0.00000,49.95116,0.00000,0.00000
"1","7857",0.00000,0.00000,0.00000,0.00000,0.00000,0.00000,0.00000,49.95116,0.00000,0.00000
"1","7858",0.00000,0.00000,0.00000,0.00000,0.00000,0.00000,0.00000,49.95116,0.00000,0.00000
"1","7859",1.34510,0.00000,0.00000,0.00000,0.00000,0.00000,0.00000,49.95116,0.00000,0.00000
"1","7860",13.31875,0.00000,0.00000,0.00000,0.00000,0.00000,0.00000,49.95116,0.00000,0.00000
"1","7861",22.00499,0.00000,0.00000,0.00000,0.00000,0.00000,0.00000,49.95116,0.00000,0.00000
"1","7862",62.82275,0.00000,0.00000,0.00000,0.00000,0.00000,0.00000,46.17725,0.00000,0.00000
"1","7863",50.70618,0.00000,3.40599,0.00000,0.00000,0.00000,0.00000,49.95116,0.00000,0.00000
"1","7864",8.04558,0.00000,7.66649,0.00000,0.00000,0.00000,0.00000,49.95116,0.00000,0.00000
"1","7865",0.00000,0.00000,15.08124,0.00000,0.00000,0.00000,0.00000,49.95116,0.00000,0.00000
"1","7866",0.00000,0.00000,22.57027,0.00000,0.00000,0.00000,0.00000,49.95116,0.00000,0.00000
"1","7867",0.00000,0.00000,14.64951,0.00000,0.00000,0.00000,0.00000,49.95116,0.00000,0.00000
"1","7868",0.00000,0.00000,25.48166,0.00000,0.00000,0.00000,0.00000,49.95116,0.00000,0.00000
"1","7869",0.00000,0.00000,15.60758,0.00000,0.00000,0.00000,0.00000,49.95116,0.00000,0.00000
"1","7870",0.00000,0.00000,0.15999,0.00000,0.00000,0.00000,0.00000,49.95116,0.00000,0.00000
"1","7871",0.00000,0.00000,0.00000,0.00000,0.00000,0.00000,0.00000,22.00895,0.00000,0.00000
"1","7872",0.00000,0.00000,5.84565,0.00000,0.00000,0.00000,0.00000,49.95116,0.00000,0.00000
"1","7873",0.00000,0.00000,33.27728,0.00000,0.00000,0.00000,0.00000,49.95116,0.00000,0.00000
"1","7874",0.00000,0.00000,38.00863,0.00000,0.00000,0.00000,0.00000,45.29137,0.00000,0.00000
"1","7875",0.00000,0.00000,16.76672,0.00000,0.00000,0.00000,0.00000,49.95116,0.00000,0.00000
"1","7876",0.00000,0.00000,2.31796,0.00000,0.00000,0.00000,0.00000,49.95116,0.00000,0.00000
"1","7877",0.00000,0.00000,2.66947,0.00000,0.00000,0.00000,0.00000,49.95116,0.00000,0.00000
"1","7878",0.00000,0.00000,0.00000,0.00000,0.00000,0.00000,0.00000,49.95116,0.00000,0.00000
"1","7879",0.00000,0.00000,272.88823,0.00000,0.00000,0.00000,0.00000,0.00000,0.00000,0.00000
"1","7880",0.00000,0.00000,279.13226,1.40824,0.00000,0.00000,0.00000,0.00000,0.00000,0.00000
"1","7881",0.00000,0.00000,200.88452,77.84797,0.00000,0.00000,0.00000,0.00000,0.00000,0.00000
"1","7882",0.00000,0.00000,206.68452,73.85598,0.00000,0.00000,0.00000,0.00000,0.00000,0.00000
"1","7883",0.98654,0.00000,280.54050,0.00000,0.00000,0.00000,0.00000,0.00000,0.00000,0.00000
"1","7884",18.41782,0.00000,191.16670,87.71428,0.00000,0.00000,0.00000,0.00000,0.00000,0.00000
"1","7885",0.00000,34.38276,254.94859,25.59191,0.00000,0.00000,0.00000,0.00000,0.00000,0.00000
"1","7886",24.11042,0.00000,185.47410,95.06640,0.00000,0.00000,0.00000,0.00000,0.00000,0.00000
"1","7887",18.48985,0.00000,191.39467,89.14583,0.00000,0.00000,0.00000,0.00000,0.00000,0.00000
"1","7888",4.45669,0.00000,208.02783,72.51266,0.00000,0.00000,0.00000,0.00000,0.00000,0.00000
"1","7889",0.00000,0.00000,275.55448,0.00000,0.00000,0.00000,0.00000,0.00000,0.00000,0.00000
"1","7890",0.00000,0.00000,279.10511,0.00000,0.00000,0.00000,0.00000,0.00000,0.00000,0.00000
"1","7891",0.00000,0.00000,274.01076,0.00000,0.00000,0.00000,0.00000,0.00000,0.00000,0.00000
"1","7892",0.00000,0.00000,280.54050,0.00000,0.00000,0.00000,0.00000,0.00000,0.00000,0.00000
"1","7893",0.00000,0.00000,122.03378,0.00000,0.00000,0.00000,0.00000,0.00000,0.00000,0.00000
"1","7894",0.00000,0.00000,143.18538,0.00000,0.00000,0.00000,0.00000,0.00000,0.00000,0.00000
"1","7895",0.00000,0.00000,95.37598,0.00000,0.00000,0.00000,0.00000,0.00000,0.00000,0.00000
"1","7896",0.00000,0.00000,41.46541,0.00000,0.00000,0.00000,0.00000,0.00000,0.00000,0.00000
"1","7897",0.00000,0.00000,17.17147,0.00000,0.00000,0.00000,0.00000,0.00000,0.00000,0.00000
"1","7898",0.00000,0.00000,69.36182,0.00000,0.00000,0.00000,0.00000,0.00000,0.00000,0.00000
"1","7899",0.00000,0.00000,78.97460,0.00000,0.00000,0.00000,0.00000,0.00000,0.00000,0.00000
"1","7900",0.00000,0.00000,78.19517,0.00000,0.00000,0.00000,0.00000,0.00000,0.00000,0.00000
"1","7901",0.00000,0.00000,36.04933,0.00000,0.00000,0.00000,0.00000,0.00000,0.00000,0.00000
"1","7902",0.00000,0.00000,72.42058,0.00000,0.00000,0.00000,0.00000,0.00000,0.00000,0.00000
"1","7903",0.00000,0.00000,66.84359,0.00000,0.00000,0.00000,0.00000,0.00000,0.00000,0.00000
"1","7904",0.00000,0.00000,67.10387,0.00000,0.00000,0.00000,0.00000,0.00000,0.00000,0.00000
"1","7905",0.00000,0.00000,70.29795,0.00000,0.00000,0.00000,0.00000,0.00000,0.00000,0.00000
"1","7906",0.00000,0.00000,83.57754,0.00000,0.00000,0.00000,0.00000,0.00000,0.00000,0.00000
"1","7907",32.29320,0.00000,35.02962,0.00000,0.00000,0.00000,0.00000,0.00000,0.00000,0.00000
"1","7908",111.76412,0.00000,39.36211,0.00000,0.00000,0.00000,0.00000,0.00000,0.00000,0.00000
"1","7909",146.71672,0.00000,84.99434,0.00000,0.00000,0.00000,0.00000,0.00000,0.00000,0.00000
"1","7910",145.79078,0.00000,78.74150,0.00000,0.00000,0.00000,0.00000,0.00000,0.00000,0.00000
"1","7911",99.85170,0.00000,114.91476,0.00000,0.00000,0.00000,0.00000,0.00000,0.00000,0.00000
"1","7912",36.12908,0.00000,138.74848,0.00000,0.00000,0.00000,0.00000,0.00000,0.00000,0.00000
"1","7913",0.00000,0.00000,129.29288,0.00000,0.00000,0.00000,0.00000,0.00000,0.00000,0.00000
"1","7914",0.00000,0.00000,205.53445,0.00000,0.00000,0.00000,0.00000,0.00000,0.00000,0.00000
"1","7915",0.00000,0.00000,261.63116,0.00000,0.00000,0.00000,0.00000,0.00000,0.00000,0.00000
"1","7916",0.00000,0.00000,254.43276,0.00000,0.00000,0.00000,0.00000,0.00000,0.00000,0.00000
"1","7917",0.00000,0.00000,199.10371,0.00000,0.00000,0.00000,0.00000,0.00000,0.00000,0.00000
"1","7918",0.00000,0.00000,280.54050,0.00000,0.00000,0.00000,0.00000,0.00000,0.00000,0.00000
"1","7919",0.00000,0.00000,280.54050,0.00000,0.00000,0.00000,0.00000,0.00000,0.00000,0.00000
"1","7920",0.00000,0.00000,34.75375,0.00000,0.00000,0.00000,0.00000,49.95116,0.00000,0.00000
"1","7921",0.00000,0.00000,0.00000,0.00000,0.00000,0.00000,0.00000,49.95116,0.00000,0.00000
"1","7922",0.00000,0.00000,0.00000,0.00000,0.00000,0.00000,0.00000,49.95116,0.00000,0.00000
"1","7923",0.00000,0.00000,0.00000,0.00000,0.00000,0.00000,0.00000,44.51043,0.00000,0.00000
"1","7924",0.00000,0.00000,0.00000,0.00000,0.00000,0.00000,0.00000,49.95116,0.00000,0.00000
"1","7925",0.00000,0.00000,270.63226,8.25246,0.00000,0.00000,0.00000,0.00000,0.00000,0.00000
"1","7926",0.00000,0.00000,236.84394,0.00000,0.00000,0.00000,0.00000,0.00000,0.00000,0.00000
"1","7927",0.00000,0.00000,31.88289,0.00000,0.00000,0.00000,0.00000,49.95116,0.00000,0.00000
"1","7928",0.00000,0.00000,0.00000,0.00000,0.00000,0.00000,0.00000,49.95116,0.00000,0.00000
"1","7929",0.00000,0.00000,6.44035,0.00000,0.00000,0.00000,0.00000,49.95116,0.00000,0.00000
"1","7930",0.00000,0.00000,0.00000,0.00000,0.00000,0.00000,0.00000,49.95116,0.00000,0.00000
"1","7931",0.00000,0.00000,0.00000,0.00000,0.00000,0.00000,0.00000,49.95116,0.00000,0.00000
"1","7932",8.56491,0.00000,0.00000,0.00000,0.00000,0.00000,0.00000,49.95116,0.00000,0.00000
"1","7933",17.31897,0.00000,0.00000,0.00000,0.00000,0.00000,0.00000,49.95116,0.00000,0.00000
"1","7934",20.24091,0.00000,11.26043,0.00000,0.00000,0.00000,0.00000,49.95116,0.00000,0.00000
"1","7935",82.22930,0.00000,31.59675,0.00000,0.00000,0.00000,0.00000,0.37395,0.00000,0.00000
"1","7936",25.02465,0.00000,44.00782,0.00000,0.00000,0.00000,0.00000,47.16752,0.00000,0.00000
"1","7937",0.00000,0.00000,25.17908,0.00000,0.00000,0.00000,0.00000,49.95116,0.00000,0.00000
"1","7938",0.00000,0.00000,15.42818,0.00000,0.00000,0.00000,0.00000,49.95116,0.00000,0.00000
"1","7939",0.00000,0.00000,0.00000,0.00000,0.00000,0.00000,0.00000,49.95116,0.00000,0.00000
"1","7940",0.00000,0.00000,0.00000,0.00000,0.00000,0.00000,0.00000,49.95116,0.00000,0.00000
"1","7941",0.00000,0.00000,0.00000,0.00000,0.00000,0.00000,0.00000,49.95116,0.00000,0.00000
"1","7942",0.00000,0.00000,45.39595,0.00000,0.00000,0.00000,0.00000,49.95116,0.00000,0.00000
"1","7943",0.00000,0.00000,106.10074,0.00000,0.00000,0.00000,0.00000,0.00000,0.00000,0.00000
"1","7944",0.00000,0.00000,91.83618,0.00000,0.00000,0.00000,0.00000,0.00000,0.00000,0.00000
"1","7945",0.00000,0.00000,80.77476,0.00000,0.00000,0.00000,0.00000,6.02524,0.00000,0.00000
"1","7946",0.00000,0.00000,114.37217,0.00000,0.00000,0.00000,0.00000,0.00000,0.00000,0.00000
"1","7947",0.00000,0.00000,76.86793,0.00000,0.00000,0.00000,0.00000,5.13207,0.00000,0.00000
"1","7948",0.00000,0.00000,23.25051,0.00000,0.00000,0.00000,0.00000,49.95116,0.00000,0.00000
"1","7949",0.00000,0.00000,23.22548,0.00000,0.00000,0.00000,0.00000,49.95116,0.00000,0.00000
"1","7950",0.00000,0.00000,8.59307,0.00000,0.00000,0.00000,0.00000,49.95116,0.00000,0.00000
"1","7951",0.00000,0.00000,273.82585,0.00000,0.00000,0.00000,0.00000,0.00000,0.00000,0.00000
"1","7952",0.00000,0.00000,273.81278,0.00000,0.00000,0.00000,0.00000,0.00000,0.00000,0.00000
"1","7953",0.00000,0.00000,279.75043,0.00000,0.00000,0.00000,0.00000,0.00000,0.00000,0.00000
"1","7954",0.00000,0.00000,280.54050,0.00000,0.00000,0.00000,0.00000,0.00000,0.00000,0.00000
"1","7955",0.00000,0.00000,279.55992,0.00000,0.00000,0.00000,0.00000,0.00000,0.00000,0.00000
"1","7956",7.63316,0.00000,275.74499,0.00000,0.00000,0.00000,0.00000,0.00000,0.00000,0.00000
"1","7957",13.29805,0.00000,271.04474,0.00000,0.00000,0.00000,0.00000,0.00000,0.00000,0.00000
"1","7958",15.26439,0.00000,267.83217,0.00000,0.00000,0.00000,0.00000,0.00000,0.00000,0.00000
"1","7959",80.92602,0.00000,10.67862,0.00000,0.00000,0.00000,0.00000,22.49536,0.00000,0.00000
"1","7960",29.52563,0.00000,0.00000,0.00000,0.00000,0.00000,0.00000,49.95116,0.00000,0.00000
"1","7961",0.00000,0.00000,13.84235,0.00000,0.00000,0.00000,0.00000,49.95116,0.00000,0.00000
"1","7962",0.00000,0.00000,5.18133,0.00000,0.00000,0.00000,0.00000,49.95116,0.00000,0.00000
"1","7963",0.00000,0.00000,49.33014,0.00000,0.00000,0.00000,0.00000,49.95116,0.00000,0.00000
"1","7964",0.00000,0.00000,41.83056,0.00000,0.00000,0.00000,0.00000,49.95116,0.00000,0.00000
"1","7965",0.00000,0.00000,25.49053,0.00000,0.00000,0.00000,0.00000,49.95116,0.00000,0.00000
"1","7966",0.00000,0.00000,4.14749,0.00000,0.00000,0.00000,0.00000,49.95116,0.00000,0.00000
"1","7967",0.00000,0.00000,77.78735,0.00000,0.00000,0.00000,0.00000,20.11265,0.00000,0.00000
"1","7968",0.00000,0.00000,58.28293,0.00000,0.00000,0.00000,0.00000,32.21707,0.00000,0.00000
"1","7969",0.00000,0.00000,26.42657,0.00000,0.00000,0.00000,0.00000,49.95116,0.00000,0.00000
"1","7970",0.00000,0.00000,5.20883,0.00000,0.00000,0.00000,0.00000,49.95116,0.00000,0.00000
"1","7971",0.00000,0.00000,0.00000,0.00000,0.00000,0.00000,0.00000,49.95116,0.00000,0.00000
"1","7972",0.00000,0.00000,0.00000,0.00000,0.00000,0.00000,0.00000,49.95116,0.00000,0.00000
"1","7973",0.00000,0.00000,27.94815,0.00000,0.00000,0.00000,0.00000,49.95116,0.00000,0.00000
"1","7974",0.00000,0.00000,8.10591,0.00000,0.00000,0.00000,0.00000,49.95116,0.00000,0.00000
"1","7975",0.00000,0.00000,0.00000,0.00000,0.00000,0.00000,0.00000,49.95116,0.00000,0.00000
"1","7976",0.00000,0.00000,2.80417,0.00000,0.00000,0.00000,0.00000,49.95116,0.00000,0.00000
"1","7977",0.00000,0.00000,0.00000,0.00000,0.00000,0.00000,0.00000,49.95116,0.00000,0.00000
"1","7978",0.00000,0.00000,0.00000,0.00000,0.00000,0.00000,0.00000,49.95116,0.00000,0.00000
"1","7979",0.00000,0.00000,0.00000,0.00000,0.00000,0.00000,0.00000,49.95116,0.00000,0.00000
"1","7980",16.60357,0.00000,0.00000,0.00000,0.00000,0.00000,0.00000,49.95116,0.00000,0.00000
"1","7981",34.54255,0.00000,0.00000,0.00000,0.00000,0.00000,0.00000,49.95116,0.00000,0.00000
"1","7982",41.11596,0.00000,0.00000,0.00000,0.00000,0.00000,0.00000,49.95116,0.00000,0.00000
"1","7983",11.31656,0.00000,0.00000,0.00000,0.00000,0.00000,0.00000,49.95116,0.00000,0.00000
"1","7984",2.41343,0.00000,0.00000,0.00000,0.00000,0.00000,0.00000,49.95116,0.00000,0.00000
"1","7985",0.00000,0.00000,0.00000,0.00000,0.00000,0.00000,0.00000,49.95116,0.00000,0.00000
"1","7986",0.00000,0.00000,0.00000,0.00000,0.00000,0.00000,0.00000,49.95116,0.00000,0.00000
"1","7987",0.00000,0.00000,0.00000,0.00000,0.00000,0.00000,0.00000,49.95116,0.00000,0.00000
"1","7988",0.00000,0.00000,0.00000,0.00000,0.00000,0.00000,0.00000,49.95116,0.00000,0.00000
"1","7989",0.00000,0.00000,0.00000,0.00000,0.00000,0.00000,0.00000,49.95116,0.00000,0.00000
"1","7990",0.00000,0.00000,0.00000,0.00000,0.00000,0.00000,0.00000,49.95116,0.00000,0.00000
"1","7991",0.00000,0.00000,6.00591,0.00000,0.00000,0.00000,0.00000,49.95116,0.00000,0.00000
"1","7992",0.00000,0.00000,73.73120,0.00000,0.00000,0.00000,0.00000,18.26880,0.00000,0.00000
"1","7993",0.00000,0.00000,111.64615,0.00000,0.00000,0.00000,0.00000,0.00000,0.00000,0.00000
"1","7994",0.00000,0.00000,118.36080,0.00000,0.00000,0.00000,0.00000,0.00000,0.00000,0.00000
"1","7995",0.00000,0.00000,90.22289,0.00000,0.00000,0.00000,0.00000,0.00000,0.00000,0.00000
"1","7996",0.00000,0.00000,47.37038,0.00000,0.00000,0.00000,0.00000,34.62962,0.00000,0.00000
"1","7997",0.00000,0.00000,85.30943,0.00000,0.00000,0.00000,0.00000,0.00000,0.00000,0.00000
"1","7998",0.00000,0.00000,23.46857,0.00000,0.00000,0.00000,0.00000,49.95116,0.00000,0.00000
"1","7999",0.00000,0.00000,27.57207,0.00000,0.00000,0.00000,0.00000,49.95116,0.00000,0.00000
"1","8000",0.00000,0.00000,26.74623,0.00000,0.00000,0.00000,0.00000,49.95116,0.00000,0.00000
"1","8001",0.00000,0.00000,32.50673,0.00000,0.00000,0.00000,0.00000,49.95116,0.00000,0.00000
"1","8002",0.00000,0.00000,26.79059,0.00000,0.00000,0.00000,0.00000,49.95116,0.00000,0.00000
"1","8003",0.00000,0.00000,54.37920,0.00000,0.00000,0.00000,0.00000,49.95116,0.00000,0.00000
"1","8004",8.04045,0.00000,27.48363,0.00000,0.00000,0.00000,0.00000,49.95116,0.00000,0.00000
"1","8005",16.72838,0.00000,70.83372,0.00000,0.00000,0.00000,0.00000,24.73790,0.00000,0.00000
"1","8006",18.97169,0.00000,23.02731,0.00000,0.00000,0.00000,0.00000,49.95116,0.00000,0.00000
"1","8007",17.26653,0.00000,32.56556,0.00000,0.00000,0.00000,0.00000,49.95116,0.00000,0.00000
"1","8008",3.47047,0.00000,73.56776,0.00000,0.00000,0.00000,0.00000,39.56177,0.00000,0.00000
"1","8009",0.00000,0.00000,0.00000,0.00000,0.00000,0.00000,0.00000,49.95116,0.00000,0.00000
"1","8010",0.00000,0.00000,40.13182,0.00000,0.00000,0.00000,0.00000,49.95116,0.00000,0.00000
"1","8011",0.00000,0.00000,115.59276,0.00000,0.00000,0.00000,0.00000,7.10724,0.00000,0.00000
"1","8012",0.00000,0.00000,280.54050,0.00000,0.00000,0.00000,0.00000,0.00000,0.00000,0.00000
"1","8013",0.00000,0.00000,0.00000,0.00000,0.00000,0.00000,0.00000,49.95116,0.00000,0.00000
"1","8014",0.00000,0.00000,280.54050,0.00000,0.00000,0.00000,0.00000,0.00000,0.00000,0.00000
"1","8015",0.00000,0.00000,15.92501,0.00000,0.00000,0.00000,0.00000,49.95116,0.00000,0.00000
"1","8016",0.00000,0.00000,0.00000,0.00000,0.00000,0.00000,0.00000,49.95116,0.00000,0.00000
"1","8017",0.00000,0.00000,277.73226,2.80824,0.00000,0.00000,0.00000,0.00000,0.00000,0.00000
"1","8018",0.00000,0.00000,274.34696,0.00000,0.00000,0.00000,0.00000,0.00000,0.00000,0.00000
"1","8019",0.00000,0.00000,273.53226,7.00824,0.00000,0.00000,0.00000,0.00000,0.00000,0.00000
"1","8020",0.00000,0.00000,273.33226,7.20824,0.00000,0.00000,0.00000,0.00000,0.00000,0.00000
"1","8021",0.00000,0.00000,259.02468,0.00000,0.00000,0.00000,0.00000,0.00000,0.00000,0.00000
"1","8022",0.00000,0.00000,241.88132,0.00000,0.00000,0.00000,0.00000,0.00000,0.00000,0.00000
"1","8023",0.00000,0.00000,124.81396,0.00000,0.00000,0.00000,0.00000,0.00000,0.00000,0.00000
"1","8024",0.00000,0.00000,128.87823,0.00000,0.00000,0.00000,0.00000,0.00000,0.00000,0.00000
"1","8025",0.00000,0.00000,106.49484,0.00000,0.00000,0.00000,0.00000,0.00000,0.00000,0.00000
"1","8026",0.00000,0.00000,62.02175,0.00000,0.00000,0.00000,0.00000,0.00000,0.00000,0.00000
"1","8027",0.00000,0.00000,0.00000,0.00000,0.00000,0.00000,0.00000,33.05226,0.00000,0.00000
"1","8028",8.88159,0.00000,0.00000,0.00000,0.00000,0.00000,0.00000,23.87067,0.00000,0.00000
"1","8029",19.78278,0.00000,0.00000,0.00000,0.00000,0.00000,0.00000,61.04219,0.00000,0.00000
"1","8030",32.65298,0.00000,54.22324,0.00000,0.00000,0.00000,0.00000,29.02378,0.00000,0.00000
"1","8031",4.83821,0.00000,13.46067,0.00000,0.00000,0.00000,0.00000,13.45338,0.00000,0.00000
"1","8032",3.08092,0.00000,68.03010,0.00000,0.00000,0.00000,0.00000,0.00000,0.00000,0.00000
"1","8033",0.00000,0.00000,280.54050,0.00000,0.00000,0.00000,0.00000,0.00000,0.00000,0.00000
"1","8034",0.00000,0.00000,280.54050,0.00000,0.00000,0.00000,0.00000,0.00000,0.00000,0.00000
"1","8035",0.00000,0.00000,280.54050,0.00000,0.00000,0.00000,0.00000,0.00000,0.00000,0.00000
"1","8036",0.00000,0.00000,32.40297,0.00000,0.00000,0.00000,0.00000,76.97902,0.00000,0.00000
"1","8037",0.00000,0.00000,55.15012,0.00000,0.00000,0.00000,0.00000,63.74988,0.00000,0.00000
"1","8038",0.00000,0.00000,70.95335,0.00000,0.00000,0.00000,0.00000,43.74665,0.00000,0.00000
"1","8039",0.00000,0.00000,72.31010,0.00000,0.00000,0.00000,0.00000,36.08990,0.00000,0.00000
"1","8040",0.00000,0.00000,83.21939,0.00000,0.00000,0.00000,0.00000,18.18061,0.00000,0.00000
"1","8041",0.00000,0.00000,280.54050,0.00000,0.00000,0.00000,0.00000,0.00000,0.00000,0.00000
"1","8042",0.00000,0.00000,152.75678,0.00000,0.00000,0.00000,0.00000,0.00000,0.00000,0.00000
"1","8043",0.00000,0.00000,183.22203,0.00000,0.00000,0.00000,0.00000,0.00000,0.00000,0.00000
"1","8044",0.00000,0.00000,88.78526,0.00000,0.00000,0.00000,0.00000,2.11474,0.00000,0.00000
"1","8045",0.00000,0.00000,97.19706,0.00000,0.00000,0.00000,0.00000,0.00000,0.00000,0.00000
"1","8046",0.00000,0.00000,51.53458,0.00000,0.00000,0.00000,0.00000,42.36542,0.00000,0.00000
"1","8047",0.00000,0.00000,5.62411,0.00000,0.00000,0.00000,0.00000,76.97902,0.00000,0.00000
"1","8048",0.00000,0.00000,40.51929,0.00000,0.00000,0.00000,0.00000,62.58071,0.00000,0.00000
"1","8049",0.00000,0.00000,24.22399,0.00000,0.00000,0.00000,0.00000,76.97902,0.00000,0.00000
"1","8050",0.00000,0.00000,21.44353,0.00000,0.00000,0.00000,0.00000,76.97902,0.00000,0.00000
"1","8051",0.00000,0.00000,7.57428,0.00000,0.00000,0.00000,0.00000,76.97902,0.00000,0.00000
"1","8052",6.24449,0.00000,0.00000,0.00000,0.00000,0.00000,0.00000,76.97902,0.00000,0.00000
"1","8053",8.52418,0.00000,0.00000,0.00000,0.00000,0.00000,0.00000,76.97902,0.00000,0.00000
"1","8054",112.59476,0.00000,41.22269,0.00000,0.00000,0.00000,0.00000,0.00000,0.00000,0.00000
"1","8055",58.39671,0.00000,46.24747,0.00000,0.00000,0.00000,0.00000,13.55582,0.00000,0.00000
"1","8056",24.15865,0.00000,11.70468,0.00000,0.00000,0.00000,0.00000,76.97902,0.00000,0.00000
"1","8057",0.00000,0.00000,28.63381,0.00000,0.00000,0.00000,0.00000,76.97902,0.00000,0.00000
"1","8058",0.00000,0.00000,6.87388,0.00000,0.00000,0.00000,0.00000,76.97902,0.00000,0.00000
"1","8059",0.00000,0.00000,40.51341,0.00000,0.00000,0.00000,0.00000,76.97902,0.00000,0.00000
"1","8060",0.00000,0.00000,49.67838,0.00000,0.00000,0.00000,0.00000,72.82162,0.00000,0.00000
"1","8061",0.00000,0.00000,12.34636,0.00000,0.00000,0.00000,0.00000,76.97902,0.00000,0.00000
"1","8062",0.00000,0.00000,0.00000,0.00000,0.00000,0.00000,0.00000,76.97902,0.00000,0.00000
"1","8063",0.00000,0.00000,1.02474,0.00000,0.00000,0.00000,0.00000,76.97902,0.00000,0.00000
"1","8064",0.00000,0.00000,15.31313,0.00000,0.00000,0.00000,0.00000,76.97902,0.00000,0.00000
"1","8065",0.00000,0.00000,19.53411,0.00000,0.00000,0.00000,0.00000,76.97902,0.00000,0.00000
"1","8066",0.00000,0.00000,33.44725,0.00000,0.00000,0.00000,0.00000,60.15275,0.00000,0.00000
"1","8067",0.00000,0.00000,0.00000,0.00000,0.00000,0.00000,0.00000,76.97902,0.00000,0.00000
"1","8068",0.00000,0.00000,0.00000,0.00000,0.00000,0.00000,0.00000,76.97902,0.00000,0.00000
"1","8069",0.00000,0.00000,0.88637,0.00000,0.00000,0.00000,0.00000,76.97902,0.00000,0.00000
"1","8070",0.00000,0.00000,0.00000,0.00000,0.00000,0.00000,0.00000,76.97902,0.00000,0.00000
"1","8071",0.00000,0.00000,0.00000,0.00000,0.00000,0.00000,0.00000,76.97902,0.00000,0.00000
"1","8072",0.00000,0.00000,0.00000,0.00000,0.00000,0.00000,0.00000,76.97902,0.00000,0.00000
"1","8073",0.00000,0.00000,0.00000,0.00000,0.00000,0.00000,0.00000,76.97902,0.00000,0.00000
"1","8074",0.00000,0.00000,3.83679,0.00000,0.00000,0.00000,0.00000,76.97902,0.00000,0.00000
"1","8075",0.00000,0.00000,5.90162,0.00000,0.00000,0.00000,0.00000,76.97902,0.00000,0.00000
"1","8076",5.72502,0.00000,22.44120,0.00000,0.00000,0.00000,0.00000,76.97902,0.00000,0.00000
"1","8077",14.02927,0.00000,43.02127,0.00000,0.00000,0.00000,0.00000,61.14946,0.00000,0.00000
"1","8078",16.81783,0.00000,35.37329,0.00000,0.00000,0.00000,0.00000,66.30887,0.00000,0.00000
"1","8079",8.74004,0.00000,4.30933,0.00000,0.00000,0.00000,0.00000,76.97902,0.00000,0.00000
"1","8080",1.95145,0.00000,69.37209,0.00000,0.00000,0.00000,0.00000,51.07646,0.00000,0.00000
"1","8081",0.00000,0.00000,83.99582,0.00000,0.00000,0.00000,0.00000,45.20418,0.00000,0.00000
"1","8082",0.00000,0.00000,69.21081,0.00000,0.00000,0.00000,0.00000,62.88919,0.00000,0.00000
"1","8083",0.00000,0.00000,54.66347,0.00000,0.00000,0.00000,0.00000,75.93653,0.00000,0.00000
"1","8084",0.00000,0.00000,99.54392,0.00000,0.00000,0.00000,0.00000,27.75608,0.00000,0.00000
"1","8085",0.00000,0.00000,111.10730,0.00000,0.00000,0.00000,0.00000,12.39270,0.00000,0.00000
"1","8086",0.00000,0.00000,76.74195,0.00000,0.00000,0.00000,0.00000,40.05805,0.00000,0.00000
"1","8087",0.00000,0.00000,78.88504,0.00000,0.00000,0.00000,0.00000,29.11496,0.00000,0.00000
"1","8088",0.00000,0.00000,68.17821,0.00000,0.00000,0.00000,0.00000,32.12179,0.00000,0.00000
"1","8089",0.00000,0.00000,20.70464,0.00000,0.00000,0.00000,0.00000,74.79536,0.00000,0.00000
"1","8090",0.00000,0.00000,16.91502,0.00000,0.00000,0.00000,0.00000,75.98498,0.00000,0.00000
"1","8091",0.00000,0.00000,23.34483,0.00000,0.00000,0.00000,0.00000,67.95517,0.00000,0.00000
"1","8092",0.00000,0.00000,24.97446,0.00000,0.00000,0.00000,0.00000,65.92554,0.00000,0.00000
"1","8093",0.00000,0.00000,21.18811,0.00000,0.00000,0.00000,0.00000,71.11189,0.00000,0.00000
"1","8094",0.00000,0.00000,29.70161,0.00000,0.00000,0.00000,0.00000,67.79839,0.00000,0.00000
"1","8095",0.00000,0.00000,13.31629,0.00000,0.00000,0.00000,0.00000,76.97902,0.00000,0.00000
"1","8096",0.00000,0.00000,25.37127,0.00000,0.00000,0.00000,0.00000,76.97902,0.00000,0.00000
"1","8097",0.00000,0.00000,21.45679,0.00000,0.00000,0.00000,0.00000,76.97902,0.00000,0.00000
"1","8098",0.00000,0.00000,47.26354,0.00000,0.00000,0.00000,0.00000,75.73646,0.00000,0.00000
"1","8099",0.00000,0.00000,17.78382,0.00000,0.00000,0.00000,0.00000,76.97902,0.00000,0.00000
"1","8100",5.32353,0.00000,15.19228,0.00000,0.00000,0.00000,0.00000,76.97902,0.00000,0.00000
"1","8101",13.69058,0.00000,14.21637,0.00000,0.00000,0.00000,0.00000,76.97902,0.00000,0.00000
"1","8102",16.48451,0.00000,19.54391,0.00000,0.00000,0.00000,0.00000,76.97902,0.00000,0.00000
"1","8103",8.48286,0.00000,22.74388,0.00000,0.00000,0.00000,0.00000,76.97902,0.00000,0.00000
"1","8104",1.73602,0.00000,9.47204,0.00000,0.00000,0.00000,0.00000,76.97902,0.00000,0.00000
"1","8105",0.00000,0.00000,20.05157,0.00000,0.00000,0.00000,0.00000,76.97902,0.00000,0.00000
"1","8106",0.00000,0.00000,34.49815,0.00000,0.00000,0.00000,0.00000,76.97902,0.00000,0.00000
"1","8107",0.00000,0.00000,7.90659,0.00000,0.00000,0.00000,0.00000,76.97902,0.00000,0.00000
"1","8108",0.00000,0.00000,4.76171,0.00000,0.00000,0.00000,0.00000,76.97902,0.00000,0.00000
"1","8109",0.00000,0.00000,16.76906,0.00000,0.00000,0.00000,0.00000,76.97902,0.00000,0.00000
"1","8110",0.00000,0.00000,22.71390,0.00000,0.00000,0.00000,0.00000,76.97902,0.00000,0.00000
"1","8111",0.00000,0.00000,38.76190,0.00000,0.00000,0.00000,0.00000,67.33810,0.00000,0.00000
"1","8112",0.00000,0.00000,42.44384,0.00000,0.00000,0.00000,0.00000,55.95616,0.00000,0.00000
"1","8113",0.00000,0.00000,41.52957,0.00000,0.00000,0.00000,0.00000,52.47043,0.00000,0.00000
"1","8114",0.00000,0.00000,17.04819,0.00000,0.00000,0.00000,0.00000,74.25181,0.00000,0.00000
"1","8115",0.00000,0.00000,14.16295,0.00000,0.00000,0.00000,0.00000,75.53705,0.00000,0.00000
"1","8116",0.00000,0.00000,47.24897,0.00000,0.00000,0.00000,0.00000,42.05103,0.00000,0.00000
"1","8117",0.00000,0.00000,46.04762,0.00000,0.00000,0.00000,0.00000,44.25238,0.00000,0.00000
"1","8118",0.00000,0.00000,39.65414,0.00000,0.00000,0.00000,0.00000,55.74586,0.00000,0.00000
"1","8119",0.00000,0.00000,36.10126,0.00000,0.00000,0.00000,0.00000,67.59874,0.00000,0.00000
"1","8120",0.00000,0.00000,21.57596,0.00000,0.00000,0.00000,0.00000,76.97902,0.00000,0.00000
"1","8121",0.00000,0.00000,23.56299,0.00000,0.00000,0.00000,0.00000,76.97902,0.00000,0.00000
"1","8122",0.00000,0.00000,26.41741,0.00000,0.00000,0.00000,0.00000,76.97902,0.00000,0.00000
"1","8123",0.00000,0.00000,30.74588,0.00000,0.00000,0.00000,0.00000,76.97902,0.00000,0.00000
"1","8124",89.85066,0.00000,46.87420,0.00000,0.00000,0.00000,0.00000,0.00000,0.00000,0.00000
"1","8125",139.41707,0.00000,50.01327,0.00000,0.00000,0.00000,0.00000,0.00000,0.00000,0.00000
"1","8126",139.22985,0.00000,34.02803,0.00000,0.00000,0.00000,0.00000,0.00000,0.00000,0.00000
"1","8127",77.91308,0.00000,41.21429,0.00000,0.00000,0.00000,0.00000,0.00000,0.00000,0.00000
"1","8128",36.77221,0.00000,48.20013,0.00000,0.00000,0.00000,0.00000,36.32766,0.00000,0.00000
"1","8129",0.00000,0.00000,62.20778,0.00000,0.00000,0.00000,0.00000,65.09222,0.00000,0.00000
"1","8130",0.00000,0.00000,55.70261,0.00000,0.00000,0.00000,0.00000,73.39739,0.00000,0.00000
"1","8131",0.00000,0.00000,54.01610,0.00000,0.00000,0.00000,0.00000,73.58390,0.00000,0.00000
"1","8132",0.00000,0.00000,67.52711,0.00000,0.00000,0.00000,0.00000,18.62125,0.00000,0.00000
"1","8133",0.00000,0.00000,19.79784,0.00000,0.00000,0.00000,0.00000,16.45442,0.00000,0.00000
"1","8134",0.00000,0.00000,37.92999,0.00000,0.00000,0.00000,0.00000,76.37001,0.00000,0.00000
"1","8135",0.00000,0.00000,43.22737,0.00000,0.00000,0.00000,0.00000,62.67263,0.00000,0.00000
"1","8136",0.00000,0.00000,35.06296,0.00000,0.00000,0.00000,0.00000,63.23704,0.00000,0.00000
"1","8137",0.00000,0.00000,44.90193,0.00000,0.00000,0.00000,0.00000,47.69807,0.00000,0.00000
"1","8138",0.00000,0.00000,75.69927,0.00000,0.00000,0.00000,0.00000,14.10073,0.00000,0.00000
"1","8139",0.00000,0.00000,66.58407,0.00000,0.00000,0.00000,0.00000,22.01593,0.00000,0.00000
"1","8140",0.00000,0.00000,45.71039,0.00000,0.00000,0.00000,0.00000,42.68961,0.00000,0.00000
"1","8141",0.00000,0.00000,91.65734,0.00000,0.00000,0.00000,0.00000,0.00000,0.00000,0.00000
"1","8142",0.00000,0.00000,72.70915,0.00000,0.00000,0.00000,0.00000,21.15211,0.00000,0.00000
"1","8143",0.00000,0.00000,28.63521,0.00000,0.00000,0.00000,0.00000,75.16479,0.00000,0.00000
"1","8144",0.00000,0.00000,87.11304,0.00000,0.00000,0.00000,0.00000,23.78696,0.00000,0.00000
"1","8145",0.00000,0.00000,62.58993,0.00000,0.00000,0.00000,0.00000,54.31007,0.00000,0.00000
"1","8146",0.00000,0.00000,130.88142,0.00000,0.00000,0.00000,0.00000,0.00000,0.00000,0.00000
"1","8147",0.00000,0.00000,89.06982,0.00000,0.00000,0.00000,0.00000,22.80598,0.00000,0.00000
"1","8148",7.02104,0.00000,88.88351,0.00000,0.00000,0.00000,0.00000,23.99545,0.00000,0.00000
"1","8149",20.34778,0.00000,261.19223,0.00000,0.00000,0.00000,0.00000,0.00000,0.00000,0.00000
"1","8150",24.69429,0.00000,214.93589,0.00000,0.00000,0.00000,0.00000,0.00000,0.00000,0.00000
"1","8151",12.42218,0.00000,280.54050,0.00000,0.00000,0.00000,0.00000,0.00000,0.00000,0.00000
"1","8152",1.88929,0.00000,280.54050,0.00000,0.00000,0.00000,0.00000,0.00000,0.00000,0.00000
"1","8153",0.00000,0.00000,122.30274,0.00000,0.00000,0.00000,0.00000,0.00000,0.00000,0.00000
"1","8154",0.00000,0.00000,51.95744,0.00000,0.00000,0.00000,0.00000,0.00000,0.00000,0.00000
"1","8155",0.00000,0.00000,54.32017,0.00000,0.00000,0.00000,0.00000,0.00000,0.00000,0.00000
"1","8156",0.00000,0.00000,125.84777,0.00000,0.00000,0.00000,0.00000,0.00000,0.00000,0.00000
"1","8157",0.00000,0.00000,279.27415,0.00000,0.00000,0.00000,0.00000,0.00000,0.00000,0.00000
"1","8158",0.00000,0.00000,279.60754,0.00000,0.00000,0.00000,0.00000,0.00000,0.00000,0.00000
"1","8159",0.00000,0.00000,233.51370,0.00000,0.00000,0.00000,0.00000,0.00000,0.00000,0.00000
"1","8160",0.00000,0.00000,0.36847,0.00000,0.00000,0.00000,0.00000,16.38379,0.00000,0.00000
"1","8161",0.00000,0.00000,0.00000,0.00000,0.00000,0.00000,0.00000,12.45226,0.00000,0.00000
"1","8162",0.00000,0.00000,198.68452,81.85598,0.00000,0.00000,0.00000,0.00000,0.00000,0.00000
"1","8163",0.00000,0.00000,280.54050,0.00000,0.00000,0.00000,0.00000,0.00000,0.00000,0.00000
"1","8164",0.00000,0.00000,280.54050,0.00000,0.00000,0.00000,0.00000,0.00000,0.00000,0.00000
"1","8165",0.00000,0.00000,280.54050,0.00000,0.00000,0.00000,0.00000,0.00000,0.00000,0.00000
"1","8166",0.00000,0.00000,280.54050,0.00000,0.00000,0.00000,0.00000,0.00000,0.00000,0.00000
"1","8167",0.00000,0.00000,278.17870,0.00000,0.00000,0.00000,0.00000,0.00000,0.00000,0.00000
"1","8168",0.00000,0.00000,276.61817,0.00000,0.00000,0.00000,0.00000,0.00000,0.00000,0.00000
"1","8169",0.00000,0.00000,275.89908,0.00000,0.00000,0.00000,0.00000,0.00000,0.00000,0.00000
"1","8170",0.00000,0.00000,261.32858,0.00000,0.00000,0.00000,0.00000,0.00000,0.00000,0.00000
"1","8171",0.00000,0.00000,230.28452,24.75900,0.00000,0.00000,0.00000,0.00000,0.00000,0.00000
"1","8172",5.25760,0.00000,225.12692,49.40681,0.00000,0.00000,0.00000,0.00000,0.00000,0.00000
"1","8173",16.16479,0.00000,219.84018,39.38436,0.00000,0.00000,0.00000,0.00000,0.00000,0.00000
"1","8174",11.38700,0.00000,156.46991,0.00000,0.00000,0.00000,0.00000,0.00000,0.00000,0.00000
"1","8175",6.36355,0.00000,66.34957,0.00000,0.00000,0.00000,0.00000,52.48688,0.00000,0.00000
"1","8176",1.31681,0.00000,2.52403,0.00000,0.00000,0.00000,0.00000,39.81142,0.00000,0.00000
"1","8177",0.00000,0.00000,0.00000,0.00000,0.00000,0.00000,0.00000,76.97902,0.00000,0.00000
"1","8178",0.00000,0.00000,15.27035,0.00000,0.00000,0.00000,0.00000,53.70606,0.00000,0.00000
"1","8179",0.00000,0.00000,62.62131,0.00000,0.00000,0.00000,0.00000,68.97869,0.00000,0.00000
"1","8180",0.00000,0.00000,47.34862,0.00000,0.00000,0.00000,0.00000,76.97902,0.00000,0.00000
"1","8181",0.00000,0.00000,10.36418,0.00000,0.00000,0.00000,0.00000,30.38808,0.00000,0.00000
"1","8182",0.00000,0.00000,0.00000,0.00000,0.00000,0.00000,0.00000,76.97902,0.00000,0.00000
"1","8183",0.00000,0.00000,0.00000,0.00000,0.00000,0.00000,0.00000,25.85226,0.00000,0.00000
"1","8184",0.00000,0.00000,0.93093,0.00000,0.00000,0.00000,0.00000,76.97902,0.00000,0.00000
"1","8185",0.00000,0.00000,123.21514,0.00000,0.00000,0.00000,0.00000,0.00000,0.00000,0.00000
"1","8186",0.00000,0.00000,122.09448,0.00000,0.00000,0.00000,0.00000,0.00000,0.00000,0.00000
"1","8187",0.00000,0.00000,229.60258,0.00000,0.00000,0.00000,0.00000,0.00000,0.00000,0.00000
"1","8188",0.00000,0.00000,265.51146,0.00000,0.00000,0.00000,0.00000,0.00000,0.00000,0.00000
"1","8189",0.00000,0.00000,201.45991,0.00000,0.00000,0.00000,0.00000,0.00000,0.00000,0.00000
"1","8190",0.00000,0.00000,223.52298,0.00000,0.00000,0.00000,0.00000,0.00000,0.00000,0.00000
"1","8191",0.00000,0.00000,265.00436,0.00000,0.00000,0.00000,0.00000,0.00000,0.00000,0.00000
"1","8192",0.00000,0.00000,175.09068,0.00000,0.00000,0.00000,0.00000,0.00000,0.00000,0.00000
"1","8193",0.00000,0.00000,85.45801,0.00000,0.00000,0.00000,0.00000,35.34199,0.00000,0.00000
"1","8194",0.00000,0.00000,8.20005,0.00000,0.00000,0.00000,0.00000,76.97902,0.00000,0.00000
"1","8195",0.00000,0.00000,86.25732,0.00000,0.00000,0.00000,0.00000,37.44268,0.00000,0.00000
"1","8196",4.17121,0.00000,54.55579,0.00000,0.00000,0.00000,0.00000,64.67300,0.00000,0.00000
"1","8197",14.04722,0.00000,63.20060,0.00000,0.00000,0.00000,0.00000,44.85219,0.00000,0.00000
"1","8198",33.09844,0.00000,7.15794,0.00000,0.00000,0.00000,0.00000,76.97902,0.00000,0.00000
"1","8199",17.56159,0.00000,0.00000,0.00000,0.00000,0.00000,0.00000,76.97902,0.00000,0.00000
"1","8200",3.02621,0.00000,0.00000,0.00000,0.00000,0.00000,0.00000,76.97902,0.00000,0.00000
"1","8201",0.00000,0.00000,10.58934,0.00000,0.00000,0.00000,0.00000,76.97902,0.00000,0.00000
"1","8202",0.00000,0.00000,0.00000,0.00000,0.00000,0.00000,0.00000,76.97902,0.00000,0.00000
"1","8203",0.00000,0.00000,33.05978,0.00000,0.00000,0.00000,0.00000,76.97902,0.00000,0.00000
"1","8204",0.00000,0.00000,9.29553,0.00000,0.00000,0.00000,0.00000,76.97902,0.00000,0.00000
"1","8205",0.00000,0.00000,0.00000,0.00000,0.00000,0.00000,0.00000,76.97902,0.00000,0.00000
"1","8206",0.00000,0.00000,11.98942,0.00000,0.00000,0.00000,0.00000,76.97902,0.00000,0.00000
"1","8207",0.00000,0.00000,47.85730,0.00000,0.00000,0.00000,0.00000,65.44270,0.00000,0.00000
"1","8208",0.00000,0.00000,98.19819,0.00000,0.00000,0.00000,0.00000,8.60181,0.00000,0.00000
"1","8209",0.00000,0.00000,166.04786,0.00000,0.00000,0.00000,0.00000,0.00000,0.00000,0.00000
"1","8210",0.00000,0.00000,223.21947,0.00000,0.00000,0.00000,0.00000,0.00000,0.00000,0.00000
"1","8211",0.00000,0.00000,162.11246,0.00000,0.00000,0.00000,0.00000,0.00000,0.00000,0.00000
"1","8212",0.00000,0.00000,179.62097,0.00000,0.00000,0.00000,0.00000,0.00000,0.00000,0.00000
"1","8213",0.00000,0.00000,125.76279,0.00000,0.00000,0.00000,0.00000,0.00000,0.00000,0.00000
"1","8214",0.00000,0.00000,127.74636,0.00000,0.00000,0.00000,0.00000,0.00000,0.00000,0.00000
"1","8215",0.00000,0.00000,87.84250,0.00000,0.00000,0.00000,0.00000,12.25750,0.00000,0.00000
"1","8216",0.00000,0.00000,54.02936,0.00000,0.00000,0.00000,0.00000,55.17064,0.00000,0.00000
"1","8217",0.00000,0.00000,84.24583,0.00000,0.00000,0.00000,0.00000,25.35417,0.00000,0.00000
"1","8218",0.00000,0.00000,7.85618,0.00000,0.00000,0.00000,0.00000,76.97902,0.00000,0.00000
"1","8219",0.00000,0.00000,4.48835,0.00000,0.00000,0.00000,0.00000,76.97902,0.00000,0.00000
"1","8220",46.49145,0.00000,0.00000,0.00000,0.00000,0.00000,0.00000,72.80855,0.00000,0.00000
"1","8221",96.84699,0.00000,0.00000,0.00000,0.00000,0.00000,0.00000,29.85301,0.00000,0.00000
"1","8222",8.03145,0.00000,0.00000,0.00000,0.00000,0.00000,0.00000,76.97902,0.00000,0.00000
"1","8223",3.96062,0.00000,0.00000,0.00000,0.00000,0.00000,0.00000,76.97902,0.00000,0.00000
"1","8224",0.55363,0.00000,0.00000,0.00000,0.00000,0.00000,0.00000,76.97902,0.00000,0.00000
"1","8225",0.00000,0.00000,5.65896,0.00000,0.00000,0.00000,0.00000,76.97902,0.00000,0.00000
"1","8226",0.00000,0.00000,1.39079,0.00000,0.00000,0.00000,0.00000,76.97902,0.00000,0.00000
"1","8227",0.00000,0.00000,0.00000,0.00000,0.00000,0.00000,0.00000,76.97902,0.00000,0.00000
"1","8228",0.00000,0.00000,0.00000,0.00000,0.00000,0.00000,0.00000,76.97902,0.00000,0.00000
"1","8229",0.00000,0.00000,0.69542,0.00000,0.00000,0.00000,0.00000,76.97902,0.00000,0.00000
"1","8230",0.00000,0.00000,0.00000,0.00000,0.00000,0.00000,0.00000,76.97902,0.00000,0.00000
"1","8231",0.00000,0.00000,0.00000,0.00000,0.00000,0.00000,0.00000,76.97902,0.00000,0.00000
"1","8232",0.00000,0.00000,0.00000,0.00000,0.00000,0.00000,0.00000,76.97902,0.00000,0.00000
"1","8233",0.00000,0.00000,0.10773,0.00000,0.00000,0.00000,0.00000,76.97902,0.00000,0.00000
"1","8234",0.00000,0.00000,0.00000,0.00000,0.00000,0.00000,0.00000,76.97902,0.00000,0.00000
"1","8235",0.00000,0.00000,5.59363,0.00000,0.00000,0.00000,0.00000,76.97902,0.00000,0.00000
"1","8236",0.00000,0.00000,20.05111,0.00000,0.00000,0.00000,0.00000,76.97902,0.00000,0.00000
"1","8237",0.00000,0.00000,36.53262,0.00000,0.00000,0.00000,0.00000,76.97902,0.00000,0.00000
"1","8238",0.00000,0.00000,42.91312,0.00000,0.00000,0.00000,0.00000,67.28688,0.00000,0.00000
"1","8239",0.00000,0.00000,50.25216,0.00000,0.00000,0.00000,0.00000,56.84784,0.00000,0.00000
"1","8240",0.00000,0.00000,63.43939,0.00000,0.00000,0.00000,0.00000,41.76061,0.00000,0.00000
"1","8241",0.00000,0.00000,68.94484,0.00000,0.00000,0.00000,0.00000,43.15516,0.00000,0.00000
"1","8242",0.00000,0.00000,73.70383,0.00000,0.00000,0.00000,0.00000,44.39617,0.00000,0.00000
"1","8243",0.00000,0.00000,71.50444,0.00000,0.00000,0.00000,0.00000,48.19556,0.00000,0.00000
"1","8244",4.12894,0.00000,59.29387,0.00000,0.00000,0.00000,0.00000,58.07719,0.00000,0.00000
"1","8245",20.04441,0.00000,33.09601,0.00000,0.00000,0.00000,0.00000,69.85958,0.00000,0.00000
"1","8246",15.54488,0.00000,18.91588,0.00000,0.00000,0.00000,0.00000,76.97902,0.00000,0.00000
"1","8247",8.07910,0.00000,12.50642,0.00000,0.00000,0.00000,0.00000,76.97902,0.00000,0.00000
"1","8248",1.09032,0.00000,7.04324,0.00000,0.00000,0.00000,0.00000,76.97902,0.00000,0.00000
"1","8249",0.00000,0.00000,0.00000,0.00000,0.00000,0.00000,0.00000,76.97902,0.00000,0.00000
"1","8250",0.00000,0.00000,0.00000,0.00000,0.00000,0.00000,0.00000,76.97902,0.00000,0.00000
"1","8251",0.00000,0.00000,0.00000,0.00000,0.00000,0.00000,0.00000,76.97902,0.00000,0.00000
"1","8252",0.00000,0.00000,0.00000,0.00000,0.00000,0.00000,0.00000,76.97902,0.00000,0.00000
"1","8253",0.00000,0.00000,0.00000,0.00000,0.00000,0.00000,0.00000,76.97902,0.00000,0.00000
"1","8254",0.00000,0.00000,0.00000,0.00000,0.00000,0.00000,0.00000,76.97902,0.00000,0.00000
"1","8255",0.00000,0.00000,0.00000,0.00000,0.00000,0.00000,0.00000,76.97902,0.00000,0.00000
"1","8256",0.00000,0.00000,21.92999,0.00000,0.00000,0.00000,0.00000,76.97902,0.00000,0.00000
"1","8257",0.00000,0.00000,73.14481,0.00000,0.00000,0.00000,0.00000,23.15519,0.00000,0.00000
"1","8258",0.00000,0.00000,19.13282,0.00000,0.00000,0.00000,0.00000,73.36718,0.00000,0.00000
"1","8259",0.00000,0.00000,0.00000,0.00000,0.00000,0.00000,0.00000,76.97902,0.00000,0.00000
"1","8260",0.00000,0.00000,2.43585,0.00000,0.00000,0.00000,0.00000,76.97902,0.00000,0.00000
"1","8261",0.00000,0.00000,15.20778,0.00000,0.00000,0.00000,0.00000,75.89222,0.00000,0.00000
"1","8262",0.00000,0.00000,90.05171,0.00000,0.00000,0.00000,0.00000,5.84829,0.00000,0.00000
"1","8263",0.00000,0.00000,61.54332,0.00000,0.00000,0.00000,0.00000,41.85668,0.00000,0.00000
"1","8264",0.00000,0.00000,18.15252,0.00000,0.00000,0.00000,0.00000,76.97902,0.00000,0.00000
"1","8265",0.00000,0.00000,0.00000,0.00000,0.00000,0.00000,0.00000,76.97902,0.00000,0.00000
"1","8266",0.00000,0.00000,0.00000,0.00000,0.00000,0.00000,0.00000,76.97902,0.00000,0.00000
"1","8267",0.00000,0.00000,0.00000,0.00000,0.00000,0.00000,0.00000,76.97902,0.00000,0.00000
"1","8268",54.83808,0.00000,23.45681,0.00000,0.00000,0.00000,0.00000,40.70511,0.00000,0.00000
"1","8269",109.75889,0.00000,45.09524,0.00000,0.00000,0.00000,0.00000,0.00000,0.00000,0.00000
"1","8270",110.40134,0.00000,31.12028,0.00000,0.00000,0.00000,0.00000,0.00000,0.00000,0.00000
"1","8271",61.20066,0.00000,24.22325,0.00000,0.00000,0.00000,0.00000,33.67609,0.00000,0.00000
"1","8272",25.75834,0.00000,35.59939,0.00000,0.00000,0.00000,0.00000,60.14227,0.00000,0.00000
"1","8273",0.00000,0.00000,34.22162,0.00000,0.00000,0.00000,0.00000,76.97902,0.00000,0.00000
"1","8274",0.00000,0.00000,35.40439,0.00000,0.00000,0.00000,0.00000,76.97902,0.00000,0.00000
"1","8275",0.00000,0.00000,39.42010,0.00000,0.00000,0.00000,0.00000,76.97902,0.00000,0.00000
"1","8276",0.00000,0.00000,31.03305,0.00000,0.00000,0.00000,0.00000,76.97902,0.00000,0.00000
"1","8277",0.00000,0.00000,51.91308,0.00000,0.00000,0.00000,0.00000,68.68692,0.00000,0.00000
"1","8278",0.00000,0.00000,31.03726,0.00000,0.00000,0.00000,0.00000,76.97902,0.00000,0.00000
"1","8279",0.00000,0.00000,6.71297,0.00000,0.00000,0.00000,0.00000,76.97902,0.00000,0.00000
"1","8280",0.00000,0.00000,23.00154,0.00000,0.00000,0.00000,0.00000,76.19846,0.00000,0.00000
"1","8281",0.00000,0.00000,24.33569,0.00000,0.00000,0.00000,0.00000,69.96431,0.00000,0.00000
"1","8282",0.00000,0.00000,16.13065,0.00000,0.00000,0.00000,0.00000,75.26935,0.00000,0.00000
"1","8283",0.00000,0.00000,18.81987,0.00000,0.00000,0.00000,0.00000,71.18013,0.00000,0.00000
"1","8284",0.00000,0.00000,21.79467,0.00000,0.00000,0.00000,0.00000,67.90533,0.00000,0.00000
"1","8285",0.00000,0.00000,32.57117,0.00000,0.00000,0.00000,0.00000,58.62883,0.00000,0.00000
"1","8286",0.00000,0.00000,30.65119,0.00000,0.00000,0.00000,0.00000,65.84881,0.00000,0.00000
"1","8287",0.00000,0.00000,9.24126,0.00000,0.00000,0.00000,0.00000,76.97902,0.00000,0.00000
"1","8288",0.00000,0.00000,35.78943,0.00000,0.00000,0.00000,0.00000,76.61057,0.00000,0.00000
"1","8289",0.00000,0.00000,18.76925,0.00000,0.00000,0.00000,0.00000,76.97902,0.00000,0.00000
"1","8290",0.00000,0.00000,0.64631,0.00000,0.00000,0.00000,0.00000,76.97902,0.00000,0.00000
"1","8291",0.00000,0.00000,9.69430,0.00000,0.00000,0.00000,0.00000,76.97902,0.00000,0.00000
"1","8292",5.48420,0.00000,43.09962,0.00000,0.00000,0.00000,0.00000,73.51619,0.00000,0.00000
"1","8293",41.74598,0.00000,15.07265,0.00000,0.00000,0.00000,0.00000,64.88137,0.00000,0.00000
"1","8294",50.68441,0.00000,4.23496,0.00000,0.00000,0.00000,0.00000,66.18063,0.00000,0.00000
"1","8295",11.14231,0.00000,37.90880,0.00000,0.00000,0.00000,0.00000,72.04890,0.00000,0.00000
"1","8296",1.90422,0.00000,16.44995,0.00000,0.00000,0.00000,0.00000,76.97902,0.00000,0.00000
"1","8297",0.00000,0.00000,37.65254,0.00000,0.00000,0.00000,0.00000,76.97902,0.00000,0.00000
"1","8298",0.00000,0.00000,236.54790,0.00000,0.00000,0.00000,0.00000,0.00000,0.00000,0.00000
"1","8299",0.00000,0.00000,223.66867,0.00000,0.00000,0.00000,0.00000,0.00000,0.00000,0.00000
"1","8300",0.00000,0.00000,223.14009,0.00000,0.00000,0.00000,0.00000,0.00000,0.00000,0.00000
"1","8301",0.00000,0.00000,51.40878,0.00000,0.00000,0.00000,0.00000,0.00000,0.00000,0.00000
"1","8302",0.00000,0.00000,75.83207,0.00000,0.00000,0.00000,0.00000,27.11979,0.00000,0.00000
"1","8303",0.00000,0.00000,78.17631,0.00000,0.00000,0.00000,0.00000,0.00000,0.00000,0.00000
"1","8304",0.00000,0.00000,31.14606,0.00000,0.00000,0.00000,0.00000,0.00000,0.00000,0.00000
"1","8305",0.00000,0.00000,69.32026,0.00000,0.00000,0.00000,0.00000,0.00000,0.00000,0.00000
"1","8306",0.00000,0.00000,130.77029,0.00000,0.00000,0.00000,0.00000,0.00000,0.00000,0.00000
"1","8307",0.00000,0.00000,120.95981,0.00000,0.00000,0.00000,0.00000,0.00000,0.00000,0.00000
"1","8308",0.00000,0.00000,195.78452,84.74851,0.00000,0.00000,0.00000,0.00000,0.00000,0.00000
"1","8309",0.00000,0.00000,197.38452,83.15598,0.00000,0.00000,0.00000,0.00000,0.00000,0.00000
"1","8310",0.00000,0.00000,202.38452,69.76501,0.00000,0.00000,0.00000,0.00000,0.00000,0.00000
"1","8311",0.00000,0.00000,279.58793,0.00000,0.00000,0.00000,0.00000,0.00000,0.00000,0.00000
"1","8312",0.00000,0.00000,217.98452,43.84276,0.00000,0.00000,0.00000,0.00000,0.00000,0.00000
"1","8313",0.00000,0.00000,224.28452,49.30693,0.00000,0.00000,0.00000,0.00000,0.00000,0.00000
"1","8314",0.00000,0.00000,227.78452,50.67715,0.00000,0.00000,0.00000,0.00000,0.00000,0.00000
"1","8315",0.00000,0.00000,227.78452,52.75598,0.00000,0.00000,0.00000,0.00000,0.00000,0.00000
"1","8316",0.00000,2.09924,228.28452,52.25598,0.00000,0.00000,0.00000,0.00000,0.00000,0.00000
"1","8317",7.98404,0.00000,219.80048,60.38048,0.00000,0.00000,0.00000,0.00000,0.00000,0.00000
"1","8318",0.00000,10.91697,228.08452,52.03946,0.00000,0.00000,0.00000,0.00000,0.00000,0.00000
"1","8319",0.00000,6.15340,228.48452,45.12094,0.00000,0.00000,0.00000,0.00000,0.00000,0.00000
"1","8320",1.06131,0.00000,229.72321,45.70986,0.00000,0.00000,0.00000,0.00000,0.00000,0.00000
"1","8321",0.00000,0.00000,244.54890,31.33057,0.00000,0.00000,0.00000,0.00000,0.00000,0.00000
"1","8322",0.00000,0.00000,279.17049,0.00000,0.00000,0.00000,0.00000,0.00000,0.00000,0.00000
"1","8323",0.00000,0.00000,237.08452,41.76658,0.00000,0.00000,0.00000,0.00000,0.00000,0.00000
"1","8324",0.00000,0.00000,234.38452,46.15598,0.00000,0.00000,0.00000,0.00000,0.00000,0.00000
"1","8325",0.00000,0.00000,230.58452,49.95598,0.00000,0.00000,0.00000,0.00000,0.00000,0.00000
"1","8326",0.00000,0.00000,224.38452,56.15598,0.00000,0.00000,0.00000,0.00000,0.00000,0.00000
"1","8327",0.00000,0.00000,280.54050,0.00000,0.00000,0.00000,0.00000,0.00000,0.00000,0.00000
"1","8328",0.00000,0.00000,280.54050,0.00000,0.00000,0.00000,0.00000,0.00000,0.00000,0.00000
"1","8329",0.00000,0.00000,203.08452,77.45598,0.00000,0.00000,0.00000,0.00000,0.00000,0.00000
"1","8330",0.00000,0.00000,200.18452,80.35598,0.00000,0.00000,0.00000,0.00000,0.00000,0.00000
"1","8331",0.00000,0.00000,199.28452,81.25598,0.00000,0.00000,0.00000,0.00000,0.00000,0.00000
"1","8332",0.00000,0.00000,280.54050,0.00000,0.00000,0.00000,0.00000,0.00000,0.00000,0.00000
"1","8333",0.00000,0.00000,200.98452,79.55598,0.00000,0.00000,0.00000,0.00000,0.00000,0.00000
"1","8334",0.00000,0.00000,280.54050,0.00000,0.00000,0.00000,0.00000,0.00000,0.00000,0.00000
"1","8335",0.00000,0.00000,280.54050,0.00000,0.00000,0.00000,0.00000,0.00000,0.00000,0.00000
"1","8336",0.00000,0.00000,270.38168,0.00000,0.00000,0.00000,0.00000,0.00000,0.00000,0.00000
"1","8337",0.00000,0.00000,83.14309,0.00000,0.00000,0.00000,0.00000,42.65691,0.00000,0.00000
"1","8338",0.00000,0.00000,11.36521,0.00000,0.00000,0.00000,0.00000,76.97902,0.00000,0.00000
"1","8339",0.00000,0.00000,32.76728,0.00000,0.00000,0.00000,0.00000,76.97902,0.00000,0.00000
"1","8340",3.54081,0.00000,0.00000,0.00000,0.00000,0.00000,0.00000,76.97902,0.00000,0.00000
"1","8341",15.91545,0.00000,10.41760,0.00000,0.00000,0.00000,0.00000,76.97902,0.00000,0.00000
"1","8342",20.43742,0.00000,56.74734,0.00000,0.00000,0.00000,0.00000,50.31523,0.00000,0.00000
"1","8343",7.58962,0.00000,44.57740,0.00000,0.00000,0.00000,0.00000,75.33298,0.00000,0.00000
"1","8344",1.04771,0.00000,64.07060,0.00000,0.00000,0.00000,0.00000,65.08168,0.00000,0.00000
"1","8345",0.00000,0.00000,60.26707,0.00000,0.00000,0.00000,0.00000,76.23293,0.00000,0.00000
"1","8346",0.00000,0.00000,26.68843,0.00000,0.00000,0.00000,0.00000,76.97902,0.00000,0.00000
"1","8347",0.00000,0.00000,0.00000,0.00000,0.00000,0.00000,0.00000,76.97902,0.00000,0.00000
"1","8348",0.00000,0.00000,0.00000,0.00000,0.00000,0.00000,0.00000,76.97902,0.00000,0.00000
"1","8349",0.00000,0.00000,0.00000,0.00000,0.00000,0.00000,0.00000,76.97902,0.00000,0.00000
"1","8350",0.00000,0.00000,0.00000,0.00000,0.00000,0.00000,0.00000,76.97902,0.00000,0.00000
"1","8351",0.00000,0.00000,0.00000,0.00000,0.00000,0.00000,0.00000,76.97902,0.00000,0.00000
"1","8352",0.00000,0.00000,24.86529,0.00000,0.00000,0.00000,0.00000,76.97902,0.00000,0.00000
"1","8353",0.00000,0.00000,38.54449,0.00000,0.00000,0.00000,0.00000,67.65551,0.00000,0.00000
"1","8354",0.00000,0.00000,13.34580,0.00000,0.00000,0.00000,0.00000,76.97902,0.00000,0.00000
"1","8355",0.00000,0.00000,16.82546,0.00000,0.00000,0.00000,0.00000,76.97902,0.00000,0.00000
"1","8356",0.00000,0.00000,32.43370,0.00000,0.00000,0.00000,0.00000,69.06630,0.00000,0.00000
"1","8357",0.00000,0.00000,0.76152,0.00000,0.00000,0.00000,0.00000,76.97902,0.00000,0.00000
"1","8358",0.00000,0.00000,3.86011,0.00000,0.00000,0.00000,0.00000,76.97902,0.00000,0.00000
"1","8359",0.00000,0.00000,8.12212,0.00000,0.00000,0.00000,0.00000,76.97902,0.00000,0.00000
"1","8360",0.00000,0.00000,4.12519,0.00000,0.00000,0.00000,0.00000,76.97902,0.00000,0.00000
"1","8361",0.00000,0.00000,8.29985,0.00000,0.00000,0.00000,0.00000,76.97902,0.00000,0.00000
"1","8362",0.00000,0.00000,3.42879,0.00000,0.00000,0.00000,0.00000,76.97902,0.00000,0.00000
"1","8363",0.00000,0.00000,0.00000,0.00000,0.00000,0.00000,0.00000,76.97902,0.00000,0.00000
"1","8364",1.81278,0.00000,0.00000,0.00000,0.00000,0.00000,0.00000,76.97902,0.00000,0.00000
"1","8365",7.37304,0.00000,0.00000,0.00000,0.00000,0.00000,0.00000,76.97902,0.00000,0.00000
"1","8366",25.85868,0.00000,11.66714,0.00000,0.00000,0.00000,0.00000,76.97902,0.00000,0.00000
"1","8367",17.12813,0.00000,32.62636,0.00000,0.00000,0.00000,0.00000,76.97902,0.00000,0.00000
"1","8368",2.41156,0.00000,26.15051,0.00000,0.00000,0.00000,0.00000,76.97902,0.00000,0.00000
"1","8369",0.00000,0.00000,15.53100,0.00000,0.00000,0.00000,0.00000,76.97902,0.00000,0.00000
"1","8370",0.00000,0.00000,5.70546,0.00000,0.00000,0.00000,0.00000,76.97902,0.00000,0.00000
"1","8371",0.00000,0.00000,0.00000,0.00000,0.00000,0.00000,0.00000,76.97902,0.00000,0.00000
"1","8372",0.00000,0.00000,0.00000,0.00000,0.00000,0.00000,0.00000,76.97902,0.00000,0.00000
"1","8373",0.00000,0.00000,0.00000,0.00000,0.00000,0.00000,0.00000,76.97902,0.00000,0.00000
"1","8374",0.00000,0.00000,0.00000,0.00000,0.00000,0.00000,0.00000,76.97902,0.00000,0.00000
"1","8375",0.00000,0.00000,0.00000,0.00000,0.00000,0.00000,0.00000,76.97902,0.00000,0.00000
"1","8376",0.00000,0.00000,0.00000,0.00000,0.00000,0.00000,0.00000,76.97902,0.00000,0.00000
"1","8377",0.00000,0.00000,0.00000,0.00000,0.00000,0.00000,0.00000,76.97902,0.00000,0.00000
"1","8378",0.00000,0.00000,0.00000,0.00000,0.00000,0.00000,0.00000,76.97902,0.00000,0.00000
"1","8379",0.00000,0.00000,0.00000,0.00000,0.00000,0.00000,0.00000,76.97902,0.00000,0.00000
"1","8380",0.00000,0.00000,0.00000,0.00000,0.00000,0.00000,0.00000,76.97902,0.00000,0.00000
"1","8381",0.00000,0.00000,0.00000,0.00000,0.00000,0.00000,0.00000,76.97902,0.00000,0.00000
"1","8382",0.00000,0.00000,0.00000,0.00000,0.00000,0.00000,0.00000,76.97902,0.00000,0.00000
"1","8383",0.00000,0.00000,0.00000,0.00000,0.00000,0.00000,0.00000,76.97902,0.00000,0.00000
"1","8384",0.00000,0.00000,0.00000,0.00000,0.00000,0.00000,0.00000,76.97902,0.00000,0.00000
"1","8385",0.00000,0.00000,0.00000,0.00000,0.00000,0.00000,0.00000,76.97902,0.00000,0.00000
"1","8386",0.00000,0.00000,0.00000,0.00000,0.00000,0.00000,0.00000,76.97902,0.00000,0.00000
"1","8387",0.00000,0.00000,0.00000,0.00000,0.00000,0.00000,0.00000,76.97902,0.00000,0.00000
"1","8388",1.06919,0.00000,0.00000,0.00000,0.00000,0.00000,0.00000,76.97902,0.00000,0.00000
"1","8389",5.46015,0.00000,0.00000,0.00000,0.00000,0.00000,0.00000,76.97902,0.00000,0.00000
"1","8390",6.86745,0.00000,0.00000,0.00000,0.00000,0.00000,0.00000,76.97902,0.00000,0.00000
"1","8391",4.11717,0.00000,0.00000,0.00000,0.00000,0.00000,0.00000,76.97902,0.00000,0.00000
"1","8392",25.82438,0.00000,0.00000,0.00000,0.00000,0.00000,0.00000,76.97902,0.00000,0.00000
"1","8393",0.00000,0.00000,0.00000,0.00000,0.00000,0.00000,0.00000,76.97902,0.00000,0.00000
"1","8394",0.00000,0.00000,0.00000,0.00000,0.00000,0.00000,0.00000,76.97902,0.00000,0.00000
"1","8395",0.00000,0.00000,0.00000,0.00000,0.00000,0.00000,0.00000,76.97902,0.00000,0.00000
"1","8396",0.00000,0.00000,0.00000,0.00000,0.00000,0.00000,0.00000,76.97902,0.00000,0.00000
"1","8397",0.00000,0.00000,13.50185,0.00000,0.00000,0.00000,0.00000,76.97902,0.00000,0.00000
"1","8398",0.00000,0.00000,79.68173,0.00000,0.00000,0.00000,0.00000,35.31827,0.00000,0.00000
"1","8399",0.00000,0.00000,220.58310,0.00000,0.00000,0.00000,0.00000,0.00000,0.00000,0.00000
"1","8400",0.00000,0.00000,274.15178,0.00000,0.00000,0.00000,0.00000,0.00000,0.00000,0.00000
"1","8401",0.00000,0.00000,277.63237,0.00000,0.00000,0.00000,0.00000,0.00000,0.00000,0.00000
"1","8402",0.00000,0.00000,261.36127,0.00000,0.00000,0.00000,0.00000,0.00000,0.00000,0.00000
"1","8403",0.00000,0.00000,70.71521,0.00000,0.00000,0.00000,0.00000,21.38479,0.00000,0.00000
"1","8404",0.00000,0.00000,85.85118,0.00000,0.00000,0.00000,0.00000,4.54882,0.00000,0.00000
"1","8405",0.00000,0.00000,94.53642,0.00000,0.00000,0.00000,0.00000,0.00000,0.00000,0.00000
"1","8406",0.00000,0.00000,88.05450,0.00000,0.00000,0.00000,0.00000,3.54550,0.00000,0.00000
"1","8407",0.00000,0.00000,197.08838,0.00000,0.00000,0.00000,0.00000,0.00000,0.00000,0.00000
"1","8408",0.00000,0.00000,112.42128,0.00000,0.00000,0.00000,0.00000,0.00000,0.00000,0.00000
"1","8409",0.00000,0.00000,91.91126,0.00000,0.00000,0.00000,0.00000,14.98874,0.00000,0.00000
"1","8410",0.00000,0.00000,50.46967,0.00000,0.00000,0.00000,0.00000,62.53033,0.00000,0.00000
"1","8411",0.00000,0.00000,41.63538,0.00000,0.00000,0.00000,0.00000,73.76462,0.00000,0.00000
"1","8412",3.00090,0.00000,45.45563,0.00000,0.00000,0.00000,0.00000,66.44348,0.00000,0.00000
"1","8413",13.99081,0.00000,31.72385,0.00000,0.00000,0.00000,0.00000,70.08534,0.00000,0.00000
"1","8414",47.62183,0.00000,26.20038,0.00000,0.00000,0.00000,0.00000,42.27779,0.00000,0.00000
"1","8415",13.94001,0.00000,23.17141,0.00000,0.00000,0.00000,0.00000,76.97902,0.00000,0.00000
"1","8416",1.91690,0.00000,35.42363,0.00000,0.00000,0.00000,0.00000,76.97902,0.00000,0.00000
"1","8417",0.00000,0.00000,24.70859,0.00000,0.00000,0.00000,0.00000,76.97902,0.00000,0.00000
"1","8418",0.00000,0.00000,22.32297,0.00000,0.00000,0.00000,0.00000,76.97902,0.00000,0.00000
"1","8419",0.00000,0.00000,23.56738,0.00000,0.00000,0.00000,0.00000,76.97902,0.00000,0.00000
"1","8420",0.00000,0.00000,32.13280,0.00000,0.00000,0.00000,0.00000,76.97902,0.00000,0.00000
"1","8421",0.00000,0.00000,60.66416,0.00000,0.00000,0.00000,0.00000,58.43584,0.00000,0.00000
"1","8422",0.00000,0.00000,23.80001,0.00000,0.00000,0.00000,0.00000,76.97902,0.00000,0.00000
"1","8423",0.00000,0.00000,24.75902,0.00000,0.00000,0.00000,0.00000,76.97902,0.00000,0.00000
"1","8424",0.00000,0.00000,31.15950,0.00000,0.00000,0.00000,0.00000,67.24050,0.00000,0.00000
"1","8425",0.00000,0.00000,35.07090,0.00000,0.00000,0.00000,0.00000,57.42910,0.00000,0.00000
"1","8426",0.00000,0.00000,66.80932,0.00000,0.00000,0.00000,0.00000,22.89068,0.00000,0.00000
"1","8427",0.00000,0.00000,35.71921,0.00000,0.00000,0.00000,0.00000,52.68079,0.00000,0.00000
"1","8428",0.00000,0.00000,25.44935,0.00000,0.00000,0.00000,0.00000,62.95065,0.00000,0.00000
"1","8429",0.00000,0.00000,36.11443,0.00000,0.00000,0.00000,0.00000,54.08557,0.00000,0.00000
"1","8430",0.00000,0.00000,43.24325,0.00000,0.00000,0.00000,0.00000,51.95675,0.00000,0.00000
"1","8431",0.00000,0.00000,44.90837,0.00000,0.00000,0.00000,0.00000,58.69163,0.00000,0.00000
"1","8432",0.00000,0.00000,53.12732,0.00000,0.00000,0.00000,0.00000,58.67268,0.00000,0.00000
"1","8433",0.00000,0.00000,52.41420,0.00000,0.00000,0.00000,0.00000,65.78580,0.00000,0.00000
"1","8434",0.00000,0.00000,60.84683,0.00000,0.00000,0.00000,0.00000,62.15317,0.00000,0.00000
"1","8435",0.00000,0.00000,0.00000,0.00000,0.00000,0.00000,0.00000,76.97902,0.00000,0.00000
"1","8436",3.83314,0.00000,46.53838,0.00000,0.00000,0.00000,0.00000,71.82848,0.00000,0.00000
"1","8437",6.56615,0.00000,90.44291,0.00000,0.00000,0.00000,0.00000,24.59094,0.00000,0.00000
"1","8438",9.68001,0.00000,93.16967,0.00000,0.00000,0.00000,0.00000,17.95032,0.00000,0.00000
"1","8439",5.91886,0.00000,84.08940,0.00000,0.00000,0.00000,0.00000,30.69174,0.00000,0.00000
"1","8440",1.12408,0.00000,75.24820,0.00000,0.00000,0.00000,0.00000,46.82772,0.00000,0.00000
"1","8441",0.00000,0.00000,67.12694,0.00000,0.00000,0.00000,0.00000,61.27306,0.00000,0.00000
"1","8442",0.00000,0.00000,21.71996,0.00000,0.00000,0.00000,0.00000,76.97902,0.00000,0.00000
"1","8443",0.00000,0.00000,7.58774,0.00000,0.00000,0.00000,0.00000,76.97902,0.00000,0.00000
"1","8444",0.00000,0.00000,7.58774,0.00000,0.00000,0.00000,0.00000,76.97902,0.00000,0.00000
"1","8445",0.00000,0.00000,15.43789,0.00000,0.00000,0.00000,0.00000,76.97902,0.00000,0.00000
"1","8446",0.00000,0.00000,21.86696,0.00000,0.00000,0.00000,0.00000,76.97902,0.00000,0.00000
"1","8447",0.00000,0.00000,40.02069,0.00000,0.00000,0.00000,0.00000,68.27931,0.00000,0.00000
"1","8448",0.00000,0.00000,56.13649,0.00000,0.00000,0.00000,0.00000,44.86351,0.00000,0.00000
"1","8449",0.00000,0.00000,59.81759,0.00000,0.00000,0.00000,0.00000,35.28241,0.00000,0.00000
"1","8450",0.00000,0.00000,47.21628,0.00000,0.00000,0.00000,0.00000,45.18372,0.00000,0.00000
"1","8451",0.00000,0.00000,21.85099,0.00000,0.00000,0.00000,0.00000,69.34901,0.00000,0.00000
"1","8452",0.00000,0.00000,0.00000,0.00000,0.00000,0.00000,0.00000,76.97902,0.00000,0.00000
"1","8453",0.00000,0.00000,0.00000,0.00000,0.00000,0.00000,0.00000,76.97902,0.00000,0.00000
"1","8454",0.00000,0.00000,7.64584,0.00000,0.00000,0.00000,0.00000,76.97902,0.00000,0.00000
"1","8455",0.00000,0.00000,19.76394,0.00000,0.00000,0.00000,0.00000,76.97902,0.00000,0.00000
"1","8456",0.00000,0.00000,11.60270,0.00000,0.00000,0.00000,0.00000,76.97902,0.00000,0.00000
"1","8457",0.00000,0.00000,2.80183,0.00000,0.00000,0.00000,0.00000,76.97902,0.00000,0.00000
"1","8458",0.00000,0.00000,1.13234,0.00000,0.00000,0.00000,0.00000,76.97902,0.00000,0.00000
"1","8459",0.00000,0.00000,12.89707,0.00000,0.00000,0.00000,0.00000,76.97902,0.00000,0.00000
"1","8460",2.72573,0.00000,57.87511,0.00000,0.00000,0.00000,0.00000,60.69916,0.00000,0.00000
"1","8461",13.81143,0.00000,32.23982,0.00000,0.00000,0.00000,0.00000,75.04875,0.00000,0.00000
"1","8462",8.54435,0.00000,47.63905,0.00000,0.00000,0.00000,0.00000,65.11660,0.00000,0.00000
"1","8463",10.18178,0.00000,69.56438,0.00000,0.00000,0.00000,0.00000,42.25384,0.00000,0.00000
"1","8464",1.67295,0.00000,74.50604,0.00000,0.00000,0.00000,0.00000,49.32100,0.00000,0.00000
"1","8465",0.00000,0.00000,74.14967,0.00000,0.00000,0.00000,0.00000,55.05033,0.00000,0.00000
"1","8466",0.00000,0.00000,60.71562,0.00000,0.00000,0.00000,0.00000,69.58438,0.00000,0.00000
"1","8467",0.00000,0.00000,35.04214,0.00000,0.00000,0.00000,0.00000,76.97902,0.00000,0.00000
"1","8468",0.00000,0.00000,17.99329,0.00000,0.00000,0.00000,0.00000,76.97902,0.00000,0.00000
"1","8469",0.00000,0.00000,14.02119,0.00000,0.00000,0.00000,0.00000,76.97902,0.00000,0.00000
"1","8470",0.00000,0.00000,17.62917,0.00000,0.00000,0.00000,0.00000,76.97902,0.00000,0.00000
"1","8471",0.00000,0.00000,15.02091,0.00000,0.00000,0.00000,0.00000,76.97902,0.00000,0.00000
"1","8472",0.00000,0.00000,32.25691,0.00000,0.00000,0.00000,0.00000,67.94309,0.00000,0.00000
"1","8473",0.00000,0.00000,36.70315,0.00000,0.00000,0.00000,0.00000,57.99685,0.00000,0.00000
"1","8474",0.00000,0.00000,57.24044,0.00000,0.00000,0.00000,0.00000,34.75956,0.00000,0.00000
"1","8475",0.00000,0.00000,49.09844,0.00000,0.00000,0.00000,0.00000,41.30156,0.00000,0.00000
"1","8476",0.00000,0.00000,20.96370,0.00000,0.00000,0.00000,0.00000,68.93630,0.00000,0.00000
"1","8477",0.00000,0.00000,7.04089,0.00000,0.00000,0.00000,0.00000,76.97902,0.00000,0.00000
"1","8478",0.00000,0.00000,23.88023,0.00000,0.00000,0.00000,0.00000,73.01977,0.00000,0.00000
"1","8479",0.00000,0.00000,28.85897,0.00000,0.00000,0.00000,0.00000,76.84103,0.00000,0.00000
"1","8480",0.00000,0.00000,65.64402,0.00000,0.00000,0.00000,0.00000,47.45598,0.00000,0.00000
"1","8481",0.00000,0.00000,92.74457,0.00000,0.00000,0.00000,0.00000,26.75543,0.00000,0.00000
"1","8482",0.00000,0.00000,140.28846,0.00000,0.00000,0.00000,0.00000,0.00000,0.00000,0.00000
"1","8483",0.00000,0.00000,129.26766,0.00000,0.00000,0.00000,0.00000,0.00000,0.00000,0.00000
"1","8484",1.65077,0.00000,108.35047,0.00000,0.00000,0.00000,0.00000,11.09876,0.00000,0.00000
"1","8485",7.54154,0.00000,98.07024,0.00000,0.00000,0.00000,0.00000,14.88822,0.00000,0.00000
"1","8486",9.67164,0.00000,132.89021,0.00000,0.00000,0.00000,0.00000,0.00000,0.00000,0.00000
"1","8487",17.31530,0.00000,161.85564,0.00000,0.00000,0.00000,0.00000,0.00000,0.00000,0.00000
"1","8488",2.55339,0.00000,117.24947,0.00000,0.00000,0.00000,0.00000,3.09713,0.00000,0.00000
"1","8489",0.00000,0.00000,0.00000,0.00000,0.00000,0.00000,0.00000,76.97902,0.00000,0.00000
"1","8490",0.00000,0.00000,0.00000,0.00000,0.00000,0.00000,0.00000,76.97902,0.00000,0.00000
"1","8491",0.00000,0.00000,0.00000,0.00000,0.00000,0.00000,0.00000,76.97902,0.00000,0.00000
"1","8492",0.00000,0.00000,10.87175,0.00000,0.00000,0.00000,0.00000,76.97902,0.00000,0.00000
"1","8493",0.00000,0.00000,130.50039,0.00000,0.00000,0.00000,0.00000,0.00000,0.00000,0.00000
"1","8494",0.00000,0.00000,224.30931,0.00000,0.00000,0.00000,0.00000,0.00000,0.00000,0.00000
"1","8495",0.00000,0.00000,274.72518,0.00000,0.00000,0.00000,0.00000,0.00000,0.00000,0.00000
"1","8496",0.00000,0.00000,262.14013,0.00000,0.00000,0.00000,0.00000,0.00000,0.00000,0.00000
"1","8497",0.00000,0.00000,121.93011,0.00000,0.00000,0.00000,0.00000,0.00000,0.00000,0.00000
"1","8498",0.00000,0.00000,66.75945,0.00000,0.00000,0.00000,0.00000,28.04055,0.00000,0.00000
"1","8499",0.00000,0.00000,67.28420,0.00000,0.00000,0.00000,0.00000,25.91580,0.00000,0.00000
"1","8500",0.00000,0.00000,45.32974,0.00000,0.00000,0.00000,0.00000,47.47026,0.00000,0.00000
"1","8501",0.00000,0.00000,82.70650,0.00000,0.00000,0.00000,0.00000,11.99350,0.00000,0.00000
"1","8502",0.00000,0.00000,27.88044,0.00000,0.00000,0.00000,0.00000,71.81956,0.00000,0.00000
"1","8503",0.00000,0.00000,25.38948,0.00000,0.00000,0.00000,0.00000,76.97902,0.00000,0.00000
"1","8504",0.00000,0.00000,33.95892,0.00000,0.00000,0.00000,0.00000,76.97902,0.00000,0.00000
"1","8505",0.00000,0.00000,51.79578,0.00000,0.00000,0.00000,0.00000,71.50422,0.00000,0.00000
"1","8506",0.00000,0.00000,75.49792,0.00000,0.00000,0.00000,0.00000,51.40208,0.00000,0.00000
"1","8507",0.00000,0.00000,49.14588,0.00000,0.00000,0.00000,0.00000,76.97902,0.00000,0.00000
"1","8508",2.39917,0.00000,40.51826,0.00000,0.00000,0.00000,0.00000,76.97902,0.00000,0.00000
"1","8509",16.00988,0.00000,28.58749,0.00000,0.00000,0.00000,0.00000,76.97902,0.00000,0.00000
"1","8510",21.32781,0.00000,33.72321,0.00000,0.00000,0.00000,0.00000,69.34898,0.00000,0.00000
"1","8511",4.89312,0.00000,0.00000,0.00000,0.00000,0.00000,0.00000,76.97902,0.00000,0.00000
"1","8512",0.80771,0.00000,0.00000,0.00000,0.00000,0.00000,0.00000,76.97902,0.00000,0.00000
"1","8513",0.00000,0.00000,73.12417,0.00000,0.00000,0.00000,0.00000,58.57583,0.00000,0.00000
"1","8514",0.00000,0.00000,122.86960,0.00000,0.00000,0.00000,0.00000,10.83040,0.00000,0.00000
"1","8515",0.00000,0.00000,115.18278,0.00000,0.00000,0.00000,0.00000,17.61722,0.00000,0.00000
"1","8516",0.00000,0.00000,12.71814,0.00000,0.00000,0.00000,0.00000,76.97902,0.00000,0.00000
"1","8517",0.00000,0.00000,30.41510,0.00000,0.00000,0.00000,0.00000,72.22786,0.00000,0.00000
"1","8518",0.00000,0.00000,280.54050,0.00000,0.00000,0.00000,0.00000,0.00000,0.00000,0.00000
"1","8519",0.00000,0.00000,101.23519,0.00000,0.00000,0.00000,0.00000,14.46481,0.00000,0.00000
"1","8520",0.00000,0.00000,13.26885,0.00000,0.00000,0.00000,0.00000,76.97902,0.00000,0.00000
"1","8521",0.00000,0.00000,92.21860,0.00000,0.00000,0.00000,0.00000,10.58140,0.00000,0.00000
"1","8522",0.00000,0.00000,280.54050,0.00000,0.00000,0.00000,0.00000,0.00000,0.00000,0.00000
"1","8523",0.00000,0.00000,34.07986,0.00000,0.00000,0.00000,0.00000,63.62014,0.00000,0.00000
"1","8524",0.00000,0.00000,280.54050,0.00000,0.00000,0.00000,0.00000,0.00000,0.00000,0.00000
"1","8525",0.00000,0.00000,280.54050,0.00000,0.00000,0.00000,0.00000,0.00000,0.00000,0.00000
"1","8526",0.00000,0.00000,280.54050,0.00000,0.00000,0.00000,0.00000,0.00000,0.00000,0.00000
"1","8527",0.00000,0.00000,0.00000,0.00000,0.00000,0.00000,0.00000,76.97902,0.00000,0.00000
"1","8528",0.00000,0.00000,280.54050,0.00000,0.00000,0.00000,0.00000,0.00000,0.00000,0.00000
"1","8529",0.00000,0.00000,0.00000,0.00000,0.00000,0.00000,0.00000,76.97902,0.00000,0.00000
"1","8530",0.00000,0.00000,0.00000,0.00000,0.00000,0.00000,0.00000,76.97902,0.00000,0.00000
"1","8531",0.00000,0.00000,0.00000,0.00000,0.00000,0.00000,0.00000,76.97902,0.00000,0.00000
"1","8532",2.01094,0.00000,0.00000,0.00000,0.00000,0.00000,0.00000,76.97902,0.00000,0.00000
"1","8533",10.04579,0.00000,0.00000,0.00000,0.00000,0.00000,0.00000,76.97902,0.00000,0.00000
"1","8534",13.05727,0.00000,280.54050,0.00000,0.00000,0.00000,0.00000,0.00000,0.00000,0.00000
"1","8535",3.90358,0.00000,280.54050,0.00000,0.00000,0.00000,0.00000,0.00000,0.00000,0.00000
"1","8536",0.76111,0.00000,0.00000,0.00000,0.00000,0.00000,0.00000,76.97902,0.00000,0.00000
"1","8537",0.00000,0.00000,0.00000,0.00000,0.00000,0.00000,0.00000,76.97902,0.00000,0.00000
"1","8538",0.00000,0.00000,0.00000,0.00000,0.00000,0.00000,0.00000,76.97902,0.00000,0.00000
"1","8539",0.00000,0.00000,0.00000,0.00000,0.00000,0.00000,0.00000,76.97902,0.00000,0.00000
"1","8540",0.00000,0.00000,0.00000,0.00000,0.00000,0.00000,0.00000,76.97902,0.00000,0.00000
"1","8541",0.00000,0.00000,0.00000,0.00000,0.00000,0.00000,0.00000,76.97902,0.00000,0.00000
"1","8542",0.00000,0.00000,0.00000,0.00000,0.00000,0.00000,0.00000,76.97902,0.00000,0.00000
"1","8543",0.00000,0.00000,0.00000,0.00000,0.00000,0.00000,0.00000,76.97902,0.00000,0.00000
"1","8544",0.00000,0.00000,128.30109,0.00000,0.00000,0.00000,0.00000,0.00000,0.00000,0.00000
"1","8545",0.00000,0.00000,280.54050,0.00000,0.00000,0.00000,0.00000,0.00000,0.00000,0.00000
"1","8546",0.00000,0.00000,200.18452,47.37390,0.00000,0.00000,0.00000,0.00000,0.00000,0.00000
"1","8547",0.00000,0.00000,280.54050,0.00000,0.00000,0.00000,0.00000,0.00000,0.00000,0.00000
"1","8548",0.00000,0.00000,237.08770,42.13975,0.00000,0.00000,0.00000,0.00000,0.00000,0.00000
"1","8549",0.00000,0.00000,280.13226,0.40824,0.00000,0.00000,0.00000,0.00000,0.00000,0.00000
"1","8550",0.00000,0.00000,280.54050,0.00000,0.00000,0.00000,0.00000,0.00000,0.00000,0.00000
"1","8551",0.00000,0.00000,280.54050,0.00000,0.00000,0.00000,0.00000,0.00000,0.00000,0.00000
"1","8552",0.00000,0.00000,280.54050,0.00000,0.00000,0.00000,0.00000,0.00000,0.00000,0.00000
"1","8553",0.00000,0.00000,210.28452,70.25598,0.00000,0.00000,0.00000,0.00000,0.00000,0.00000
"1","8554",0.00000,0.00000,216.98452,63.55598,0.00000,0.00000,0.00000,0.00000,0.00000,0.00000
"1","8555",0.00000,0.00000,218.78452,61.75598,0.00000,0.00000,0.00000,0.00000,0.00000,0.00000
"1","8556",1.53908,0.00000,219.94544,53.31541,0.00000,0.00000,0.00000,0.00000,0.00000,0.00000
"1","8557",0.00000,10.04583,222.78452,26.49692,0.00000,0.00000,0.00000,0.00000,0.00000,0.00000
"1","8558",8.27373,0.00000,214.91079,45.62772,0.00000,0.00000,0.00000,0.00000,0.00000,0.00000
"1","8559",5.20027,0.00000,130.00543,0.00000,0.00000,0.00000,0.00000,0.00000,0.00000,0.00000
"1","8560",1.04983,0.00000,63.22292,0.00000,0.00000,0.00000,0.00000,0.00000,0.00000,0.00000
"1","8561",0.00000,0.00000,35.89524,0.00000,0.00000,0.00000,0.00000,6.75702,0.00000,0.00000
"1","8562",0.00000,0.00000,41.14677,0.00000,0.00000,0.00000,0.00000,1.70549,0.00000,0.00000
"1","8563",0.00000,0.00000,48.99907,0.00000,0.00000,0.00000,0.00000,0.00000,0.00000,0.00000
"1","8564",0.00000,0.00000,117.96016,0.00000,0.00000,0.00000,0.00000,0.00000,0.00000,0.00000
"1","8565",0.00000,0.00000,147.37106,0.00000,0.00000,0.00000,0.00000,0.00000,0.00000,0.00000
"1","8566",0.00000,0.00000,123.75306,0.00000,0.00000,0.00000,0.00000,0.00000,0.00000,0.00000
"1","8567",0.00000,0.00000,122.04872,0.00000,0.00000,0.00000,0.00000,0.00000,0.00000,0.00000
"1","8568",0.00000,0.00000,98.19725,0.00000,0.00000,0.00000,0.00000,0.00000,0.00000,0.00000
"1","8569",0.00000,0.00000,60.30461,0.00000,0.00000,0.00000,0.00000,0.00000,0.00000,0.00000
"1","8570",0.00000,0.00000,79.68780,0.00000,0.00000,0.00000,0.00000,0.00000,0.00000,0.00000
"1","8571",0.00000,0.00000,119.32364,0.00000,0.00000,0.00000,0.00000,0.00000,0.00000,0.00000
"1","8572",0.00000,0.00000,111.95154,0.00000,0.00000,0.00000,0.00000,0.00000,0.00000,0.00000
"1","8573",0.00000,0.00000,128.57752,0.00000,0.00000,0.00000,0.00000,0.00000,0.00000,0.00000
"1","8574",0.00000,0.00000,166.70344,0.00000,0.00000,0.00000,0.00000,0.00000,0.00000,0.00000
"1","8575",0.00000,0.00000,183.88416,0.00000,0.00000,0.00000,0.00000,0.00000,0.00000,0.00000
"1","8576",0.00000,0.00000,133.00601,0.00000,0.00000,0.00000,0.00000,0.00000,0.00000,0.00000
"1","8577",0.00000,0.00000,47.67790,0.00000,0.00000,0.00000,0.00000,21.68382,0.00000,0.00000
"1","8578",0.00000,0.00000,16.39728,0.00000,0.00000,0.00000,0.00000,76.97902,0.00000,0.00000
"1","8579",0.00000,0.00000,20.56269,0.00000,0.00000,0.00000,0.00000,12.48957,0.00000,0.00000
"1","8580",2.33981,0.00000,72.00145,0.00000,0.00000,0.00000,0.00000,0.00000,0.00000,0.00000
"1","8581",11.44655,0.00000,104.55795,0.00000,0.00000,0.00000,0.00000,4.49549,0.00000,0.00000
"1","8582",35.52137,0.00000,77.87737,0.00000,0.00000,0.00000,0.00000,7.10126,0.00000,0.00000
"1","8583",20.47990,0.00000,62.62205,0.00000,0.00000,0.00000,0.00000,37.49805,0.00000,0.00000
"1","8584",3.82954,0.00000,57.54302,0.00000,0.00000,0.00000,0.00000,0.00000,0.00000,0.00000
"1","8585",0.00000,0.00000,36.48779,0.00000,0.00000,0.00000,0.00000,76.97902,0.00000,0.00000
"1","8586",0.00000,0.00000,33.99450,0.00000,0.00000,0.00000,0.00000,6.85776,0.00000,0.00000
"1","8587",0.00000,0.00000,68.01600,0.00000,0.00000,0.00000,0.00000,54.88400,0.00000,0.00000
"1","8588",0.00000,0.00000,31.14503,0.00000,0.00000,0.00000,0.00000,76.97902,0.00000,0.00000
"1","8589",0.00000,0.00000,178.95884,0.00000,0.00000,0.00000,0.00000,0.00000,0.00000,0.00000
"1","8590",0.00000,0.00000,265.25557,0.00000,0.00000,0.00000,0.00000,0.00000,0.00000,0.00000
"1","8591",0.00000,0.00000,41.18375,0.00000,0.00000,0.00000,0.00000,67.41625,0.00000,0.00000
"1","8592",0.00000,0.00000,23.74883,0.00000,0.00000,0.00000,0.00000,76.97902,0.00000,0.00000
"1","8593",0.00000,0.00000,0.00000,0.00000,0.00000,0.00000,0.00000,13.95226,0.00000,0.00000
"1","8594",0.00000,0.00000,58.00193,0.00000,0.00000,0.00000,0.00000,36.49807,0.00000,0.00000
"1","8595",0.00000,0.00000,5.54242,0.00000,0.00000,0.00000,0.00000,76.97902,0.00000,0.00000
"1","8596",0.00000,0.00000,0.00000,0.00000,0.00000,0.00000,0.00000,76.97902,0.00000,0.00000
"1","8597",0.00000,0.00000,11.72457,0.00000,0.00000,0.00000,0.00000,76.97902,0.00000,0.00000
"1","8598",0.00000,0.00000,77.70582,0.00000,0.00000,0.00000,0.00000,16.29418,0.00000,0.00000
"1","8599",0.00000,0.00000,94.54015,0.00000,0.00000,0.00000,0.00000,3.15985,0.00000,0.00000
"1","8600",0.00000,0.00000,116.01861,0.00000,0.00000,0.00000,0.00000,0.00000,0.00000,0.00000
"1","8601",0.00000,0.00000,86.03254,0.00000,0.00000,0.00000,0.00000,23.66746,0.00000,0.00000
"1","8602",0.00000,0.00000,151.33727,0.00000,0.00000,0.00000,0.00000,0.00000,0.00000,0.00000
"1","8603",0.00000,0.00000,276.37443,0.00000,0.00000,0.00000,0.00000,0.00000,0.00000,0.00000
"1","8604",2.63921,0.00000,280.54050,0.00000,0.00000,0.00000,0.00000,0.00000,0.00000,0.00000
"1","8605",15.82233,0.00000,279.10978,0.00000,0.00000,0.00000,0.00000,0.00000,0.00000,0.00000
"1","8606",21.33618,0.00000,190.54837,0.00000,0.00000,0.00000,0.00000,0.00000,0.00000,0.00000
"1","8607",16.74256,0.00000,33.51589,0.00000,0.00000,0.00000,0.00000,71.04156,0.00000,0.00000
"1","8608",3.07559,0.00000,31.60814,0.00000,0.00000,0.00000,0.00000,76.97902,0.00000,0.00000
"1","8609",0.00000,0.00000,51.16214,0.00000,0.00000,0.00000,0.00000,75.23786,0.00000,0.00000
"1","8610",0.00000,0.00000,53.23864,0.00000,0.00000,0.00000,0.00000,72.56136,0.00000,0.00000
"1","8611",0.00000,0.00000,67.99881,0.00000,0.00000,0.00000,0.00000,54.90119,0.00000,0.00000
"1","8612",0.00000,0.00000,96.90195,0.00000,0.00000,0.00000,0.00000,23.59805,0.00000,0.00000
"1","8613",0.00000,0.00000,38.53301,0.00000,0.00000,0.00000,0.00000,0.00000,0.00000,0.00000
"1","8614",0.00000,0.00000,34.54316,0.00000,0.00000,0.00000,0.00000,0.00000,0.00000,0.00000
"1","8615",0.00000,0.00000,45.82143,0.00000,0.00000,0.00000,0.00000,63.57857,0.00000,0.00000
"1","8616",0.00000,0.00000,27.01435,0.00000,0.00000,0.00000,0.00000,76.38565,0.00000,0.00000
"1","8617",0.00000,0.00000,14.49598,0.00000,0.00000,0.00000,0.00000,76.97902,0.00000,0.00000
"1","8618",0.00000,0.00000,158.02577,0.00000,0.00000,0.00000,0.00000,0.00000,0.00000,0.00000
"1","8619",0.00000,0.00000,162.58594,0.00000,0.00000,0.00000,0.00000,0.00000,0.00000,0.00000
"1","8620",0.00000,0.00000,127.61188,0.00000,0.00000,0.00000,0.00000,0.00000,0.00000,0.00000
"1","8621",0.00000,0.00000,37.33735,0.00000,0.00000,0.00000,0.00000,58.06265,0.00000,0.00000
"1","8622",0.00000,0.00000,34.21182,0.00000,0.00000,0.00000,0.00000,65.28818,0.00000,0.00000
"1","8623",0.00000,0.00000,17.17399,0.00000,0.00000,0.00000,0.00000,76.97902,0.00000,0.00000
"1","8624",0.00000,0.00000,256.49198,0.00000,0.00000,0.00000,0.00000,0.00000,0.00000,0.00000
"1","8625",0.00000,0.00000,200.51668,0.00000,0.00000,0.00000,0.00000,0.00000,0.00000,0.00000
"1","8626",0.00000,0.00000,38.88135,0.00000,0.00000,0.00000,0.00000,76.97902,0.00000,0.00000
"1","8627",0.00000,0.00000,63.56752,0.00000,0.00000,0.00000,0.00000,64.63248,0.00000,0.00000
"1","8628",1.82615,0.00000,56.00332,0.00000,0.00000,0.00000,0.00000,71.37054,0.00000,0.00000
"1","8629",9.05976,0.00000,39.27554,0.00000,0.00000,0.00000,0.00000,76.97902,0.00000,0.00000
"1","8630",14.22379,0.00000,10.50977,0.00000,0.00000,0.00000,0.00000,76.97902,0.00000,0.00000
"1","8631",6.54753,0.00000,3.79031,0.00000,0.00000,0.00000,0.00000,76.97902,0.00000,0.00000
"1","8632",1.60879,0.00000,72.78265,0.00000,0.00000,0.00000,0.00000,59.20856,0.00000,0.00000
"1","8633",0.00000,0.00000,110.82247,0.00000,0.00000,0.00000,0.00000,27.57753,0.00000,0.00000
"1","8634",0.00000,0.00000,130.70958,0.00000,0.00000,0.00000,0.00000,8.49042,0.00000,0.00000
"1","8635",0.00000,0.00000,96.28185,0.00000,0.00000,0.00000,0.00000,40.91815,0.00000,0.00000
"1","8636",0.00000,0.00000,51.51478,0.00000,0.00000,0.00000,0.00000,76.97902,0.00000,0.00000
"1","8637",0.00000,0.00000,29.73159,0.00000,0.00000,0.00000,0.00000,76.97902,0.00000,0.00000
"1","8638",0.00000,0.00000,37.14021,0.00000,0.00000,0.00000,0.00000,76.97902,0.00000,0.00000
"1","8639",0.00000,0.00000,56.68730,0.00000,0.00000,0.00000,0.00000,59.01270,0.00000,0.00000
"1","8640",0.00000,0.00000,33.43006,0.00000,0.00000,0.00000,0.00000,75.16994,0.00000,0.00000
"1","8641",0.00000,0.00000,18.19277,0.00000,0.00000,0.00000,0.00000,76.97902,0.00000,0.00000
"1","8642",0.00000,0.00000,17.36291,0.00000,0.00000,0.00000,0.00000,76.97902,0.00000,0.00000
"1","8643",0.00000,0.00000,4.41826,0.00000,0.00000,0.00000,0.00000,15.25164,0.00000,0.00000
"1","8644",0.00000,0.00000,8.76294,0.00000,0.00000,0.00000,0.00000,4.28932,0.00000,0.00000
"1","8645",0.00000,0.00000,22.02039,0.00000,0.00000,0.00000,0.00000,76.77961,0.00000,0.00000
"1","8646",0.00000,0.00000,0.00000,0.00000,0.00000,0.00000,0.00000,76.97902,0.00000,0.00000
"1","8647",0.00000,0.00000,0.00000,0.00000,0.00000,0.00000,0.00000,76.97902,0.00000,0.00000
"1","8648",0.00000,0.00000,20.24750,0.00000,0.00000,0.00000,0.00000,76.97902,0.00000,0.00000
"1","8649",0.00000,0.00000,21.68634,0.00000,0.00000,0.00000,0.00000,76.97902,0.00000,0.00000
"1","8650",0.00000,0.00000,7.23625,0.00000,0.00000,0.00000,0.00000,76.97902,0.00000,0.00000
"1","8651",0.00000,0.00000,139.09962,0.00000,0.00000,0.00000,0.00000,0.00000,0.00000,0.00000
"1","8652",2.60884,0.00000,237.56303,0.00000,0.00000,0.00000,0.00000,0.00000,0.00000,0.00000
"1","8653",14.96987,0.00000,239.72218,0.00000,0.00000,0.00000,0.00000,0.00000,0.00000,0.00000
"1","8654",35.03604,0.00000,218.71346,0.00000,0.00000,0.00000,0.00000,0.00000,0.00000,0.00000
"1","8655",17.92171,0.00000,199.15694,0.00000,0.00000,0.00000,0.00000,0.00000,0.00000,0.00000
"1","8656",3.32368,0.00000,92.47019,0.00000,0.00000,0.00000,0.00000,0.00000,0.00000,0.00000
"1","8657",0.00000,0.00000,188.43686,0.00000,0.00000,0.00000,0.00000,0.00000,0.00000,0.00000
"1","8658",0.00000,0.00000,261.10165,0.00000,0.00000,0.00000,0.00000,0.00000,0.00000,0.00000
"1","8659",0.00000,0.00000,113.18894,0.00000,0.00000,0.00000,0.00000,0.00000,0.00000,0.00000
"1","8660",0.00000,0.00000,141.94891,0.00000,0.00000,0.00000,0.00000,0.00000,0.00000,0.00000
"1","8661",0.00000,0.00000,55.28852,0.00000,0.00000,0.00000,0.00000,0.00000,0.00000,0.00000
"1","8662",0.00000,0.00000,59.61382,0.00000,0.00000,0.00000,0.00000,0.00000,0.00000,0.00000
"1","8663",0.00000,0.00000,93.61093,0.00000,0.00000,0.00000,0.00000,0.00000,0.00000,0.00000
"1","8664",0.00000,0.00000,260.33679,0.00000,0.00000,0.00000,0.00000,0.00000,0.00000,0.00000
"1","8665",0.00000,0.00000,130.02411,0.00000,0.00000,0.00000,0.00000,0.00000,0.00000,0.00000
"1","8666",0.00000,0.00000,209.11964,0.00000,0.00000,0.00000,0.00000,0.00000,0.00000,0.00000
"1","8667",0.00000,0.00000,257.04858,0.00000,0.00000,0.00000,0.00000,0.00000,0.00000,0.00000
"1","8668",0.00000,0.00000,280.54050,0.00000,0.00000,0.00000,0.00000,0.00000,0.00000,0.00000
"1","8669",0.00000,0.00000,280.54050,0.00000,0.00000,0.00000,0.00000,0.00000,0.00000,0.00000
"1","8670",0.00000,0.00000,280.54050,0.00000,0.00000,0.00000,0.00000,0.00000,0.00000,0.00000
"1","8671",0.00000,0.00000,280.54050,0.00000,0.00000,0.00000,0.00000,0.00000,0.00000,0.00000
"1","8672",0.00000,0.00000,280.25193,0.00000,0.00000,0.00000,0.00000,0.00000,0.00000,0.00000
"1","8673",0.00000,0.00000,212.09968,0.00000,0.00000,0.00000,0.00000,0.00000,0.00000,0.00000
"1","8674",0.00000,0.00000,101.38834,0.00000,0.00000,0.00000,0.00000,30.91166,0.00000,0.00000
"1","8675",0.00000,0.00000,36.68737,0.00000,0.00000,0.00000,0.00000,12.46489,0.00000,0.00000
"1","8676",1.99254,0.00000,30.79267,0.00000,0.00000,0.00000,0.00000,17.26705,0.00000,0.00000
"1","8677",11.25836,0.00000,34.65467,0.00000,0.00000,0.00000,0.00000,33.30387,0.00000,0.00000
"1","8678",15.32491,0.00000,228.67150,0.00000,0.00000,0.00000,0.00000,0.00000,0.00000,0.00000
"1","8679",5.79144,0.00000,224.40924,0.00000,0.00000,0.00000,0.00000,0.00000,0.00000,0.00000
"1","8680",1.80157,0.00000,280.54050,0.00000,0.00000,0.00000,0.00000,0.00000,0.00000,0.00000
"1","8681",0.00000,0.00000,151.31393,0.00000,0.00000,0.00000,0.00000,0.00000,0.00000,0.00000
"1","8682",0.00000,0.00000,32.34442,0.00000,0.00000,0.00000,0.00000,76.97902,0.00000,0.00000
"1","8683",0.00000,0.00000,0.00000,0.00000,0.00000,0.00000,0.00000,76.97902,0.00000,0.00000
"1","8684",0.00000,0.00000,0.00000,0.00000,0.00000,0.00000,0.00000,54.85226,0.00000,0.00000
"1","8685",0.00000,0.00000,0.00000,0.00000,0.00000,0.00000,0.00000,76.97902,0.00000,0.00000
"1","8686",0.00000,0.00000,15.52773,0.00000,0.00000,0.00000,0.00000,76.97902,0.00000,0.00000
"1","8687",0.00000,0.00000,3.57334,0.00000,0.00000,0.00000,0.00000,35.67892,0.00000,0.00000
"1","8688",0.00000,0.00000,66.17092,0.00000,0.00000,0.00000,0.00000,50.62908,0.00000,0.00000
"1","8689",0.00000,0.00000,84.99471,0.00000,0.00000,0.00000,0.00000,26.20529,0.00000,0.00000
"1","8690",0.00000,0.00000,40.62118,0.00000,0.00000,0.00000,0.00000,67.77882,0.00000,0.00000
"1","8691",0.00000,0.00000,0.00000,0.00000,0.00000,0.00000,0.00000,76.97902,0.00000,0.00000
"1","8692",0.00000,0.00000,3.08291,0.00000,0.00000,0.00000,0.00000,76.97902,0.00000,0.00000
"1","8693",0.00000,0.00000,16.17240,0.00000,0.00000,0.00000,0.00000,66.02273,0.00000,0.00000
"1","8694",0.00000,0.00000,131.56222,0.00000,0.00000,0.00000,0.00000,0.00000,0.00000,0.00000
"1","8695",0.00000,0.00000,243.80139,0.00000,0.00000,0.00000,0.00000,0.00000,0.00000,0.00000
"1","8696",0.00000,0.00000,272.03372,0.00000,0.00000,0.00000,0.00000,0.00000,0.00000,0.00000
"1","8697",0.00000,0.00000,275.05765,0.00000,0.00000,0.00000,0.00000,0.00000,0.00000,0.00000
"1","8698",0.00000,0.00000,280.54050,0.00000,0.00000,0.00000,0.00000,0.00000,0.00000,0.00000
"1","8699",0.00000,0.00000,280.54050,0.00000,0.00000,0.00000,0.00000,0.00000,0.00000,0.00000
"1","8700",1.85990,0.00000,280.54050,0.00000,0.00000,0.00000,0.00000,0.00000,0.00000,0.00000
"1","8701",9.33140,0.00000,153.01920,0.00000,0.00000,0.00000,0.00000,0.00000,0.00000,0.00000
"1","8702",42.73452,0.00000,240.51411,0.00000,0.00000,0.00000,0.00000,0.00000,0.00000,0.00000
"1","8703",24.88780,0.00000,280.54050,0.00000,0.00000,0.00000,0.00000,0.00000,0.00000,0.00000
"1","8704",4.38211,0.00000,264.29031,0.00000,0.00000,0.00000,0.00000,0.00000,0.00000,0.00000
"1","8705",0.00000,0.00000,13.64519,0.00000,0.00000,0.00000,0.00000,46.10707,0.00000,0.00000
"1","8706",0.00000,0.00000,17.05156,0.00000,0.00000,0.00000,0.00000,76.97902,0.00000,0.00000
"1","8707",0.00000,0.00000,32.93577,0.00000,0.00000,0.00000,0.00000,76.97902,0.00000,0.00000
"1","8708",0.00000,0.00000,34.72445,0.00000,0.00000,0.00000,0.00000,76.97902,0.00000,0.00000
"1","8709",0.00000,0.00000,98.26091,0.00000,0.00000,0.00000,0.00000,40.73909,0.00000,0.00000
"1","8710",0.00000,0.00000,280.54050,0.00000,0.00000,0.00000,0.00000,0.00000,0.00000,0.00000
"1","8711",0.00000,0.00000,79.22970,0.00000,0.00000,0.00000,0.00000,48.37030,0.00000,0.00000
"1","8712",0.00000,0.00000,6.77076,0.00000,0.00000,0.00000,0.00000,76.97902,0.00000,0.00000
"1","8713",0.00000,0.00000,0.00000,0.00000,0.00000,0.00000,0.00000,76.97902,0.00000,0.00000
"1","8714",0.00000,0.00000,0.00000,0.00000,0.00000,0.00000,0.00000,76.97902,0.00000,0.00000
"1","8715",0.00000,0.00000,0.00000,0.00000,0.00000,0.00000,0.00000,25.95226,0.00000,0.00000
"1","8716",0.00000,0.00000,91.37002,0.00000,0.00000,0.00000,0.00000,14.42998,0.00000,0.00000
"1","8717",0.00000,0.00000,234.37525,0.00000,0.00000,0.00000,0.00000,0.00000,0.00000,0.00000
"1","8718",0.00000,0.00000,239.00797,0.00000,0.00000,0.00000,0.00000,0.00000,0.00000,0.00000
"1","8719",0.00000,0.00000,18.29294,0.00000,0.00000,0.00000,0.00000,76.97902,0.00000,0.00000
"1","8720",0.00000,0.00000,7.02655,0.00000,0.00000,0.00000,0.00000,76.97902,0.00000,0.00000
"1","8721",0.00000,0.00000,62.62632,0.00000,0.00000,0.00000,0.00000,60.47368,0.00000,0.00000
"1","8722",0.00000,0.00000,1.15321,0.00000,0.00000,0.00000,0.00000,76.97902,0.00000,0.00000
"1","8723",0.00000,0.00000,51.41385,0.00000,0.00000,0.00000,0.00000,71.28615,0.00000,0.00000
"1","8724",37.45926,0.00000,26.29160,0.00000,0.00000,0.00000,0.00000,61.34914,0.00000,0.00000
"1","8725",36.39176,55.21064,280.54050,0.00000,0.00000,0.00000,0.00000,0.00000,0.00000,0.00000
"1","8726",102.04126,0.00000,40.51907,0.00000,0.00000,0.00000,0.00000,0.00000,0.00000,0.00000
"1","8727",59.90512,0.00000,21.11442,0.00000,0.00000,0.00000,0.00000,45.58046,0.00000,0.00000
"1","8728",29.31349,0.00000,95.72638,0.00000,0.00000,0.00000,0.00000,0.00000,0.00000,0.00000
"1","8729",0.00000,0.00000,100.35308,0.00000,0.00000,0.00000,0.00000,21.34692,0.00000,0.00000
"1","8730",0.00000,0.00000,94.80108,0.00000,0.00000,0.00000,0.00000,22.19892,0.00000,0.00000
"1","8731",0.00000,0.00000,128.22106,0.00000,0.00000,0.00000,0.00000,0.00000,0.00000,0.00000
"1","8732",0.00000,0.00000,132.55834,0.00000,0.00000,0.00000,0.00000,0.00000,0.00000,0.00000
"1","8733",0.00000,0.00000,143.48015,0.00000,0.00000,0.00000,0.00000,0.00000,0.00000,0.00000
"1","8734",0.00000,0.00000,87.28592,0.00000,0.00000,0.00000,0.00000,7.91408,0.00000,0.00000
"1","8735",0.00000,0.00000,32.01238,0.00000,0.00000,0.00000,0.00000,61.18762,0.00000,0.00000
"1","8736",0.00000,0.00000,0.00000,0.00000,0.00000,0.00000,0.00000,7.75226,0.00000,0.00000
"1","8737",0.00000,0.00000,12.96721,0.00000,0.00000,0.00000,0.00000,76.97902,0.00000,0.00000
"1","8738",0.00000,0.00000,5.76554,0.00000,0.00000,0.00000,0.00000,76.97902,0.00000,0.00000
"1","8739",0.00000,0.00000,23.60182,0.00000,0.00000,0.00000,0.00000,75.39818,0.00000,0.00000
"1","8740",0.00000,0.00000,7.84483,0.00000,0.00000,0.00000,0.00000,76.97902,0.00000,0.00000
"1","8741",0.00000,0.00000,29.96238,0.00000,0.00000,0.00000,0.00000,74.83762,0.00000,0.00000
"1","8742",0.00000,0.00000,29.96238,0.00000,0.00000,0.00000,0.00000,75.93762,0.00000,0.00000
"1","8743",0.00000,0.00000,19.36719,0.00000,0.00000,0.00000,0.00000,76.97902,0.00000,0.00000
"1","8744",0.00000,0.00000,0.00000,0.00000,0.00000,0.00000,0.00000,76.97902,0.00000,0.00000
"1","8745",0.00000,0.00000,0.00000,0.00000,0.00000,0.00000,0.00000,76.97902,0.00000,0.00000
"1","8746",0.00000,0.00000,0.00000,0.00000,0.00000,0.00000,0.00000,76.97902,0.00000,0.00000
"1","8747",0.00000,0.00000,0.00000,0.00000,0.00000,0.00000,0.00000,76.87487,0.00000,0.00000
"1","8748",46.27075,0.00000,0.00000,0.00000,0.00000,0.00000,0.00000,76.97902,0.00000,0.00000
"1","8749",103.83992,0.00000,34.43382,0.00000,0.00000,0.00000,0.00000,0.00000,0.00000,0.00000
"1","8750",114.04753,0.00000,32.04053,0.00000,0.00000,0.00000,0.00000,0.00000,0.00000,0.00000
"1","8751",66.35381,0.00000,19.46398,0.00000,0.00000,0.00000,0.00000,43.58220,0.00000,0.00000
"1","8752",2.54984,0.00000,81.78705,0.00000,0.00000,0.00000,0.00000,46.26311,0.00000,0.00000
"1","8753",0.00000,0.00000,49.05389,0.00000,0.00000,0.00000,0.00000,63.99358,0.00000,0.00000
"1","8754",0.00000,0.00000,230.44389,0.00000,0.00000,0.00000,0.00000,0.00000,0.00000,0.00000
"1","8755",0.00000,0.00000,157.22878,0.00000,0.00000,0.00000,0.00000,0.00000,0.00000,0.00000
"1","8756",0.00000,0.00000,266.93039,0.00000,0.00000,0.00000,0.00000,0.00000,0.00000,0.00000
"1","8757",0.00000,0.00000,220.61235,0.00000,0.00000,0.00000,0.00000,0.00000,0.00000,0.00000
"1","8758",0.00000,0.00000,220.51143,0.00000,0.00000,0.00000,0.00000,0.00000,0.00000,0.00000
"1","8759",0.00000,0.00000,127.35908,0.00000,0.00000,0.00000,0.00000,0.00000,0.00000,0.00000
"1","8760",0.00000,0.00000,280.54050,0.00000,0.00000,0.00000,0.00000,0.00000,0.00000,0.00000
